date,query,clicks,impressions,avg_position
2025-05-30,agent lovart,2,3,1
2025-05-30,ai design lov,1,1,1
2025-05-30,ai设计提效新范式：lovart在文创ip商业化设计中的落地案例解析,0,1,7
2025-05-30,código do lovart,0,1,3
2025-05-30,design agent,5,16,4
2025-05-30,https:// lovart.ai,1,1,1
2025-05-30,https://www.lovart.ai,8,14,2
2025-05-30,https://www.lovart.ai/,37,47,1
2025-05-30,https://www.lovart.ai/api/www/lovart/login/loginbyemail?email=79874397@qq.com&token=7bpmuinx0xopraclwbka1bhgemo5stxv&redirecturl=ahr0chm6ly93d3cubg92yxj0lmfplw==,0,1,1
2025-05-30,https://www.lovart.ai/home,18,27,1
2025-05-30,hyundai lovart,0,1,6
2025-05-30,lo v a r t,4721,8146,1
2025-05-30,lovart agent介绍,0,1,2
2025-05-30,lovart ai,260,402,1
2025-05-30,lovart ai job,0,2,1
2025-05-30,lovart ai pricing,1,1,1
2025-05-30,lovart api,1,2,2
2025-05-30,lovart app,7,9,1
2025-05-30,lovart code,0,5,4
2025-05-30,lovart founder,0,4,5
2025-05-30,lovart liblib,0,2,4
2025-05-30,lovart 大厂,0,1,1
2025-05-30,lovart 生成html,0,1,10
2025-05-30,lovart 融资轮次,0,1,2
2025-05-30,lovart.ai,388,593,1
2025-05-30,lovartlogo,0,2,1
2025-05-30,lovart公测,0,1,2
2025-05-30,lovart官网,164,212,1
2025-05-30,love art ai,1,1,1
2025-05-30,loveart,11,22,2
2025-05-30,loveart ia,1,1,3
2025-05-30,lowvart,0,1,1
2025-05-30,serie lovart,0,1,6
2025-05-30,site:www.lovart.ai,0,16,2
2025-05-30,www.lovart.ai,9,14,2
2025-05-30,​lovart ai​,1,1,1
2025-05-30,新晋顶流agent颠覆设计师！lovart一手实测来了：是该刷屏爆火,0,1,7
2025-06-06,ai设计提效新范式：lovart在文创ip商业化设计中的落地案例解析,0,1,7
2025-06-06,curatifyai,0,1,6
2025-06-06,design agent,4,3,1
2025-06-06,design week ai agent,0,2,4
2025-06-06,"https://www.lovart.ai,",4,7,2
2025-06-06,"https://www.lovart.ai, sign up and use code【ffaeepa】to unlock your exclusive access.",1,1,1
2025-06-06,https://www.lovart.ai/,15,18,1
2025-06-06,jazz lovart,0,1,1
2025-06-06,lo v a r t,3052,4950,1
2025-06-06,lovart agent,1,2,1
2025-06-06,lovart ai,154,330,2
2025-06-06,lovart ai 智能体平台,0,1,1
2025-06-06,lovart app,1,1,1
2025-06-06,lovart beta,3,4,1
2025-06-06,lovart design,1,1,1
2025-06-06,lovart invitation code,1,6,4
2025-06-06,lovart ki,1,1,1
2025-06-06,lovart login,1,1,1
2025-06-06,lovart.ai,457,714,1
2025-06-06,lovart.ai + have a code,0,1,2
2025-06-06,lovart.ia,2,1,1
2025-06-06,lovart_ai,1,2,1
2025-06-06,lovart。ai,2,3,1
2025-06-06,lovart下载,0,1,3
2025-06-06,lovart官网,758,1073,1
2025-06-06,loveart ai design agend,1,1,1
2025-06-06,lovert ai design,1,1,1
2025-06-06,o que é o lovart?,0,2,6
2025-06-06,site:www.lovart.ai,0,12,2
2025-06-06,thedesignagent,0,5,9
2025-06-06,www.lovart.ai,1,1,1
2025-06-13,@lovart_ai,0,1,1
2025-06-13,aivart design,0,1,1
2025-06-13,design agent lovart,1,3,1
2025-06-13,https://discord.gg/lovart,0,4,4
2025-06-13,https://www.lovart.ai/,6,11,2
2025-06-13,lo v a r t,3045,5131,1
2025-06-13,lovart ai,142,273,1
2025-06-13,lovart ai beta,1,1,1
2025-06-13,lovart code,0,3,1
2025-06-13,lovart github,0,2,4
2025-06-13,lovart spam?,0,1,6
2025-06-13,lovart アフィリエイトコラボレーション,0,1,2
2025-06-13,lovart.ai,533,784,1
2025-06-13,lovart.ai code,0,1,2
2025-06-13,lovart.ai company,0,3,1
2025-06-13,lovart.ia,1,1,1
2025-06-13,lovart[,1,1,1
2025-06-13,lovart_ai,5,9,1
2025-06-13,lovartart,1,1,1
2025-06-13,lovart　会社,1,2,2
2025-06-13,lovart官网,513,856,1
2025-06-13,lovdart,1,1,1
2025-06-13,love art ai,1,2,1
2025-06-13,loveart,136,220,2
2025-06-13,loveart.ai nova  talk tab tune,0,1,2
2025-06-13,lovely design ai,0,1,5
2025-06-13,lovert design ai,1,1,1
2025-06-13,site:www.lovart.ai,0,6,2
2025-06-13,thedesignagent,0,1,4
2025-06-13,www.lovart,1,3,1
2025-06-13,www.lovart.ai,11,14,1
2025-06-20,ai artist agent,0,1,5
2025-06-20,"create ""i am on vacation "" logo",0,1,5
2025-06-20,create a logo for “the groceries club”,1,2,2
2025-06-20,design agent,1,3,1
2025-06-20,herr lovart,0,1,5
2025-06-20,"https://www.lovart.ai,",1,13,5
2025-06-20,lo v a r t,1997,3530,1
2025-06-20,logo generator,0,14,5
2025-06-20,lovart & skywork,0,1,5
2025-06-20,lovart ai,92,212,1
2025-06-20,lovart ai code,1,2,1
2025-06-20,lovart ai codes,1,1,1
2025-06-20,lovart ai+,0,2,1
2025-06-20,lovart ai官网,5,9,2
2025-06-20,lovart al,2,4,4
2025-06-20,lovart blog,1,1,2
2025-06-20,lovart ia,1,1,1
2025-06-20,lovart 官网申请流程,0,2,2
2025-06-20,lovart 遅い,0,1,6
2025-06-20,lovart.ai,359,492,1
2025-06-20,lovarts login,0,1,4
2025-06-20,lovartアフィリエイトプロモーションブランド提携,0,1,5
2025-06-20,lovart功能,0,1,3
2025-06-20,lovart官网,419,778,1
2025-06-20,lovart最大输入字数,0,1,9
2025-06-20,lovart要连哪个国家的代理才能登陆,0,1,3
2025-06-20,love art ai,18,27,1
2025-06-20,loveart,206,338,1
2025-06-20,loveart design,0,1,1
2025-06-20,loveart design ai,1,1,1
2025-06-27,agent ia design,0,1,3
2025-06-27,ai agent for design of a logo,0,1,5
2025-06-27,design revolutionary tools,0,1,8
2025-06-27,https://assets- persist.lovart.ai/sd- images/f15216c6a96b6b7e12 a72da6006f6c6b83f24577a4f aca360bc1b2969b962e48.pn g,0,1,1
2025-06-27,https://www.lovart.ai/,6,21,3
2025-06-27,https://www.lovart.ai/home,5,27,1
2025-06-27,lo v a r t,1769,2893,1
2025-06-27,locart,1,3,5
2025-06-27,lovabrt,1,1,1
2025-06-27,lovard,0,1,10
2025-06-27,lovart ai,67,162,1
2025-06-27,lovart ai codeing language,1,1,2
2025-06-27,lovart ai codes,0,2,6
2025-06-27,lovart ai graphic,1,1,1
2025-06-27,lovart ai 最新公告 2025,0,1,3
2025-06-27,lovart ai 邀请码,0,4,2
2025-06-27,lovart bata,2,1,1
2025-06-27,lovart invitation code,0,2,6
2025-06-27,lovart.ai,289,420,1
2025-06-27,lovart.ia,0,1,1
2025-06-27,lovarts login,0,2,8
2025-06-27,lovart、,1,2,1
2025-06-27,lovart。ai,1,3,1
2025-06-27,lovart官网,331,543,1
2025-06-27,lovart融资,1,1,3
2025-06-27,lovart邀请码,0,3,1
2025-06-27,love art ai,11,10,1
2025-06-27,love art.ia,1,1,1
2025-06-27,loveart,196,282,1
2025-06-27,loveart.i,0,3,2
2025-06-27,lovert,2,11,2
2025-06-27,lovertr,0,1,2
2025-07-04,agent lovart,3,6,1
2025-07-04,ai agent art,0,2,3
2025-07-04,ai design agent for website designs,0,1,2
2025-07-04,angent lovart网站,1,1,1
2025-07-04,how to get a code for lovart,0,1,9
2025-07-04,"https://www.lovart.ai,",10,14,1
2025-07-04,https://www.lovart.ai/,12,26,2
2025-07-04,link de download gratuito do lovart ai,0,1,2
2025-07-04,lo v a r t,1528,2745,1
2025-07-04,loavrt.ai,1,1,1
2025-07-04,logo editor print ready ai,0,1,1
2025-07-04,lovaart ia,2,2,1
2025-07-04,lovard,0,1,2
2025-07-04,lovart ai,110,199,1
2025-07-04,lovart ai官网,2,12,2
2025-07-04,lovart code,0,5,3
2025-07-04,lovart ia,1,1,1
2025-07-04,lovart veo3,1,1,5
2025-07-04,lovart 网站,2,2,1
2025-07-04,"lovart, the first design agent. visit https://www.lovart.ai, sign up and use code【umkluzv】to unlock your exclusive access.",0,1,1
2025-07-04,lovart.ai,191,294,1
2025-07-04,lovart.ia,1,1,1
2025-07-04,lovart。ai,4,11,3
2025-07-04,lovart中国官网入口,0,1,1
2025-07-04,lovart官网,356,635,2
2025-07-04,love art ai,56,102,2
2025-07-04,lovearrt,1,1,1
2025-07-04,loveart,198,308,1
2025-07-04,loveart ai design,1,1,1
2025-07-04,loveert,0,1,2
2025-07-04,lovert,10,20,1
2025-07-04,opiniones lovart ai,0,1,6
2025-07-04,thedesignagent,0,1,4
2025-07-04,what ai startup helps you design... like a creative director agent,0,1,1
2025-07-11,. (site:lovart.ai),0,28,4
2025-07-11,ai agnets for design,0,1,2
2025-07-11,btwlov,0,1,2
2025-07-11,design agent,0,3,1
2025-07-11,generate together,0,1,10
2025-07-11,head ai　lovart,0,2,4
2025-07-11,"https://www.lovart.ai,",9,17,3
2025-07-11,https://www.lovart.ai/,9,48,2
2025-07-11,if lovart ai creates an app for you who supports the app,0,1,1
2025-07-11,lo v a r t,1666,3674,2
2025-07-11,looveart,0,1,2
2025-07-11,lovart ai,243,536,2
2025-07-11,lovart ai官网,11,22,1
2025-07-11,lovart al,15,36,4
2025-07-11,lovart chile,0,1,5
2025-07-11,"lovart, the first design agent. visit https://www.lovart.ai, sign up and use code【chk6qpy】to unlock your exclusive access.",0,4,2
2025-07-11,"lovart, the first design agent. visit https://www.lovart.ai, sign up and use code【wrjngw9】to unlock your exclusive access.",0,2,5
2025-07-11,lovart.ai,227,453,2
2025-07-11,lovart.ai chat,1,2,5
2025-07-11,lovart.i,1,1,1
2025-07-11,lovart.ia,1,7,4
2025-07-11,lovartlogo,1,2,1
2025-07-11,lovart　flux.1,0,1,3
2025-07-11,lovart。ai,20,53,3
2025-07-11,lovart官网,279,596,1
2025-07-11,love art ai,105,204,2
2025-07-11,loveart,248,411,1
2025-07-11,loveart code,0,2,2
2025-07-11,loveart.ai,0,1,1
2025-07-11,lovert,1,7,1
2025-07-11,"lovert, vivianushca",0,1,6
2025-07-11,site:lovart.ai lovart,1,18,5
2025-07-11,www.lovart.ai,6,7,2
2025-07-18,ai art,3,165,8
2025-07-18,ai art generator,1,13,9
2025-07-18,ai art images,0,3,9
2025-07-18,ai art with text,0,1,8
2025-07-18,ai bot image generator free,1,570,7
2025-07-18,ai free image generator,0,2,10
2025-07-18,ai generated image,0,23,6
2025-07-18,ai generated images,3,412,8
2025-07-18,ai generator image,1,8,10
2025-07-18,ai imag ecreation,0,3,7
2025-07-18,ai image,0,12,9
2025-07-18,ai image creator,1,92,8
2025-07-18,ai image generator,14,619,9
2025-07-18,ai image maker,0,14,9
2025-07-18,ai photo generator,0,59,9
2025-07-18,ai picture,1,25,9
2025-07-18,ai picture generator,2,236,9
2025-07-18,ai picture image,0,1,8
2025-07-18,ai-generated album covers explained,0,1,9
2025-07-18,codigo lovart,0,1,1
2025-07-18,create image,0,108,8
2025-07-18,create image ai,0,30,8
2025-07-18,custom images,0,2,8
2025-07-18,design ai,0,17,7
2025-07-18,drawing by ai,0,15,4
2025-07-18,"generate a professional logo that says ""sample saturday""",1,1,1
2025-07-18,"generate a simple logo that says ""sample saturday""",0,1,2
2025-07-18,generating image,0,1,8
2025-07-18,"https://www.lovart.ai,",9,31,3
2025-07-18,https://www.lovart.ai/,2,51,3
2025-07-18,https://www.lovart.ai/canvas?invitecode=mvtxjwe&projectid=0589c654e37942aa93980e576c6bf186,5,11,3
2025-07-18,https://www.lovart.ai/home,0,12,2
2025-07-18,image,0,43,9
2025-07-18,image ai,2,73,8
2025-07-18,image ai creator,0,3,6
2025-07-18,image ai generator,0,15,9
2025-07-18,image art,0,13,9
2025-07-18,image creator,3,376,8
2025-07-18,image creator ai,1,46,9
2025-07-18,image creatot,0,1,10
2025-07-18,image generator,0,48,9
2025-07-18,image generator ai,4,97,9
2025-07-18,image maker,6,122,6
2025-07-18,lo v a r t,1625,3021,1
2025-07-18,lovable ai alternative for image generation from text to speech,0,1,6
2025-07-18,lovart ai,258,520,2
2025-07-18,lovart ai官网,9,35,3
2025-07-18,lovart al,10,29,4
2025-07-18,lovart.ai,335,572,1
2025-07-18,lovart.ai code,0,2,3
2025-07-18,lovartlogo,2,3,1
2025-07-18,lovart。ai,45,81,2
2025-07-18,lovart官网,290,523,1
2025-07-18,love art ai,130,227,1
2025-07-18,loveart,285,402,1
2025-07-18,que peut on designer avec lovart,0,1,2
2025-07-18,text to image,0,25,9
2025-07-25,+lovart 成本,0,1,46
2025-07-25,. (site:lovart.ai),0,35,4
2025-07-25,0909：www.lovart.ai,4,12,4
2025-07-25,agent lovart,9,14,1
2025-07-25,ai bot image generator free,0,815,7
2025-07-25,ai company logos,0,2,8
2025-07-25,ai generated art,0,11,8
2025-07-25,ai generated image,0,8,6
2025-07-25,ai generated images,1,208,8
2025-07-25,ai image create whatzver u want,0,2,3
2025-07-25,ai image generator,7,317,9
2025-07-25,ai photo generator,0,23,9
2025-07-25,ai picture,0,11,8
2025-07-25,ai picture generator,3,117,9
2025-07-25,artist ai,1,3,5
2025-07-25,creat ai,0,1,8
2025-07-25,create ai imidge,0,12,10
2025-07-25,create an image with example words,0,1,8
2025-07-25,create image,0,17,10
2025-07-25,"custom story layouts instaga,",0,1,8
2025-07-25,design ai,1,102,6
2025-07-25,gogo ai art,0,1,8
2025-07-25,headers twitter lleida,0,1,7
2025-07-25,https://www.lovart.ai/,16,71,2
2025-07-25,https://www.lovart.ai/home,0,22,4
2025-07-25,ideas into images,0,17,2
2025-07-25,image ai,1,23,10
2025-07-25,image ai generator,0,11,6
2025-07-25,image creator,0,121,8
2025-07-25,image generator,0,36,9
2025-07-25,image generator ai,3,136,5
2025-07-25,image maker,3,70,5
2025-07-25,image maker ai,0,2,6
2025-07-25,lo v a r t,2790,4827,1
2025-07-25,lovart agent,0,2,1
2025-07-25,lovart ai,509,864,2
2025-07-25,lovart ai code,4,12,2
2025-07-25,lovart ai官网,13,33,2
2025-07-25,lovart al,85,159,3
2025-07-25,lovart beta,6,12,1
2025-07-25,lovart design,5,11,2
2025-07-25,lovart ia,68,111,2
2025-07-25,lovart pricing,2,2,2
2025-07-25,lovart.ai,487,805,1
2025-07-25,lovart.comai,2,1,1
2025-07-25,lovart.ia,37,60,1
2025-07-25,lovart.qi,0,2,4
2025-07-25,lovartart,5,1,1
2025-07-25,lovarters,1,2,4
2025-07-25,lovart。ai,119,167,1
2025-07-25,lovart官网,435,793,1
2025-07-25,love art ai,210,344,1
2025-07-25,love.art ai,1,1,1
2025-07-25,loveart,412,622,1
2025-07-25,loveart.ai,1,2,2
2025-07-25,lovearts ai,1,2,1
2025-07-25,most innovative id card design for school,0,1,7
2025-07-25,ovart,1,1,1
2025-07-25,price lists made,0,1,9
2025-07-25,que es loveart ia,0,1,5
2025-07-25,text to image,0,15,10
2025-07-25,transforming ideas into visual experience,0,1,4
2025-07-25,using ai to generate price list,0,1,4
2025-07-25,www.lovart.ai,2,15,4
2025-07-25,xnxx visual customized,0,1,7
2025-08-01,. (site:lovart.ai),0,34,4
2025-08-01,agent lovart,10,41,2
2025-08-01,ai business cards,0,1,8
2025-08-01,be art ai,0,1,3
2025-08-01,coaching students id card ai generator,0,1,10
2025-08-01,concert poster design,0,2,8
2025-08-01,design ai,0,148,5
2025-08-01,design bots,0,1,1
2025-08-01,design ia sliver tools,0,1,9
2025-08-01,https://www.lovart.ai login,1,3,5
2025-08-01,https://www.lovart.ai/,9,29,2
2025-08-01,https://www.lovart.ai?referralcode=k37x32l,4,14,4
2025-08-01,lavart,23,37,1
2025-08-01,lo v a r t,3207,6705,2
2025-08-01,loavrt,0,1,1
2025-08-01,logo für startup,0,1,14
2025-08-01,lovart ai,757,1506,2
2025-08-01,lovart ai code,8,23,2
2025-08-01,lovart ai porfile,1,1,1
2025-08-01,lovart ai website,9,20,4
2025-08-01,lovart ai官网,69,176,1
2025-08-01,lovart al,207,483,4
2025-08-01,lovart beta,2,16,6
2025-08-01,lovart ia,68,120,2
2025-08-01,lovart register,4,15,4
2025-08-01,lovart クリエイター提携,0,1,4
2025-08-01,lovart's ai design agent,1,4,2
2025-08-01,"lovart,ai",0,13,5
2025-08-01,lovart.ai,506,1165,3
2025-08-01,lovart.ia,6,14,4
2025-08-01,lovartai/canvas,0,1,1
2025-08-01,lovart官网,434,942,1
2025-08-01,love art ai,182,321,1
2025-08-01,loveart,537,816,1
2025-08-01,loveart simon,0,2,1
2025-08-01,loveart.ai,1,3,1
2025-08-01,lovert,9,13,1
2025-08-01,site:www.lovart.ai,0,52,5
2025-08-01,www.lovart.ai,2,11,5
2025-08-01,www.lovart.ai reddit,0,1,1
2025-08-08,. (site:lovart.ai),0,14,4
2025-08-08,ai art,0,12,7
2025-08-08,ai art drawing generator free,0,1,9
2025-08-08,ai content creation tools uk,0,92,19
2025-08-08,ai drawing tools,1,1,10
2025-08-08,ai generated art tools,0,102,17
2025-08-08,ai illustrator,0,18,7
2025-08-08,ai image generator style art (no card),0,1,2
2025-08-08,ai story illustration generator free,0,1,7
2025-08-08,art ai,0,7,7
2025-08-08,artlove,0,1,2
2025-08-08,bot now before more,0,1,10
2025-08-08,create ai drawing free,0,1,10
2025-08-08,create ai illustrations free,0,6,5
2025-08-08,design ai,0,145,4
2025-08-08,digital art tools ppt,0,1,2
2025-08-08,draw ai,0,16,8
2025-08-08,drawing by ai,0,32,4
2025-08-08,e lovart al,0,2,1
2025-08-08,eisting album cover with people in sheets,0,1,2
2025-08-08,free ai drawing creator,0,2,8
2025-08-08,free ai drawing engine,0,1,7
2025-08-08,free ai illustration creator,0,13,5
2025-08-08,free ai lip sync music generate,1,2,2
2025-08-08,free drawing ai generator,0,3,9
2025-08-08,free online ai drawing,0,6,9
2025-08-08,generator set for start-up,0,1,8
2025-08-08,horizon real estate banner design,0,1,3
2025-08-08,https://www.lovart.ai/,26,86,2
2025-08-08,https://www.lovart.ai?referralcode=9fiw6gq,3,14,4
2025-08-08,i want to sext online for free,0,1,9
2025-08-08,illustrator online beta characters,0,1,10
2025-08-08,lavart,23,44,1
2025-08-08,lavart.ia,2,2,1
2025-08-08,lo v a r t,2414,6558,3
2025-08-08,lov oficial art,0,1,2
2025-08-08,lov video ai,1,1,2
2025-08-08,lovar,7,14,1
2025-08-08,lovard,0,8,5
2025-08-08,lovart ai,567,1378,3
2025-08-08,lovart ai code,27,89,3
2025-08-08,lovart ai mockup generator,1,2,4
2025-08-08,lovart ai website,3,11,5
2025-08-08,lovart ai官网,60,125,2
2025-08-08,lovart al,61,123,2
2025-08-08,lovart au,1,2,2
2025-08-08,lovart beta,7,22,4
2025-08-08,lovart ia,92,167,2
2025-08-08,lovart.ai,437,1081,3
2025-08-08,lovart.ia,7,19,3
2025-08-08,lovarts,1,1,1
2025-08-08,lovart　ai,2,2,1
2025-08-08,lovart官网,274,654,2
2025-08-08,lovar|the world's first design agent,10,21,5
2025-08-08,love art ai,238,467,2
2025-08-08,"love, arty",0,1,2
2025-08-08,loveaart,1,1,1
2025-08-08,loveart,396,572,1
2025-08-08,loveert,0,1,3
2025-08-08,lovert,9,15,1
2025-08-08,site:www.lovart.ai,0,40,6
2025-08-08,text to image ai,0,20,4
2025-08-08,thailandia lovart,0,1,6
2025-08-08,tiktok cover video,0,1,8
2025-08-08,www.lovart.ai,8,16,3
2025-08-15,5546. clean sea / technologycfmintcatalogid=?g07_chinjo.asp?= site:ai,0,1,2
2025-08-15,aget ai lovart,5,11,4
2025-08-15,ai art,1,102,9
2025-08-15,ai art drawing generator free,0,14,8
2025-08-15,ai art maker,0,4,6
2025-08-15,ai bot lorenzo del rosso,0,1,9
2025-08-15,ai cartoon drawing generator free,0,12,9
2025-08-15,ai character painting generator free,1,1,2
2025-08-15,ai class poster,0,1,3
2025-08-15,ai create image illustration free,0,26,7
2025-08-15,ai designer,0,13,6
2025-08-15,ai digital drawing generator,0,19,8
2025-08-15,ai drafting tool free,0,8,8
2025-08-15,ai draw generator free,0,2,8
2025-08-15,ai drawing,0,14,8
2025-08-15,ai drawing free generator,0,14,8
2025-08-15,ai drawing free online,0,18,9
2025-08-15,ai drawing generator,0,53,9
2025-08-15,ai drawing generator for free,0,19,8
2025-08-15,ai drawing generator free,0,37,8
2025-08-15,ai drawing generator free download,0,2,6
2025-08-15,ai drawing generator free tool,0,8,8
2025-08-15,ai drawing maker,0,13,9
2025-08-15,ai drawing maker free,0,2,7
2025-08-15,ai drawing online free,0,16,9
2025-08-15,ai drawing tool free online,0,43,7
2025-08-15,ai drawings,0,2,9
2025-08-15,ai generate drawing free,0,13,8
2025-08-15,ai generate illustration free,0,25,5
2025-08-15,ai generated art tools,0,184,15
2025-08-15,ai illustration generator free,0,11,3
2025-08-15,ai illustration generator free online,0,62,2
2025-08-15,ai illustration maker free,0,3,3
2025-08-15,ai illustrator online,0,3,7
2025-08-15,ai image illustration generator free,0,28,7
2025-08-15,ai simple drawing generator,0,12,8
2025-08-15,ai to create illustrations free,0,5,6
2025-08-15,ai tool for drawing free,0,41,5
2025-08-15,ai tool for illustration free,0,39,5
2025-08-15,art ai generator,1,1,6
2025-08-15,art lov,0,1,2
2025-08-15,art maker,1,2,6
2025-08-15,arting ai generator,0,84,3
2025-08-15,artistic ai,1,2,6
2025-08-15,create ai illustrations free,0,36,6
2025-08-15,design ai,1,162,5
2025-08-15,digiatal coupons for resturnat,0,1,5
2025-08-15,digital art creator free ai,0,7,5
2025-08-15,digital drawing ai maker,0,24,6
2025-08-15,digital drawing generator,0,38,8
2025-08-15,draw ai,0,14,8
2025-08-15,draw ai generator,0,24,9
2025-08-15,draw things ai art generator,0,11,6
2025-08-15,drawing ai generator,0,1,8
2025-08-15,drawing by ai,0,48,5
2025-08-15,drawing generator ai free,0,26,8
2025-08-15,free ai drawing generator online,0,31,7
2025-08-15,free ai drawing online,0,11,7
2025-08-15,free ai generated illustrations,0,18,5
2025-08-15,free ai illustration creator,0,18,4
2025-08-15,free ai illustration generator,0,29,5
2025-08-15,free ai illustration image generator,0,26,7
2025-08-15,free ai tool for drawing,0,31,6
2025-08-15,free drawing generator,0,3,8
2025-08-15,free illustration ai generator,0,15,6
2025-08-15,free illustration generator ai,0,2,6
2025-08-15,free online ai drawing,0,23,8
2025-08-15,generate ai illustrations free,1,7,4
2025-08-15,https://www.lovart.ai/,43,107,4
2025-08-15,https://www.lovart.ai/home,5,30,4
2025-08-15,illustrate ai art generator,0,52,6
2025-08-15,illustrator ai generator,0,2,4
2025-08-15,illustrator ai generator free,0,14,4
2025-08-15,image to lip sync,0,3,3
2025-08-15,lavart,17,21,1
2025-08-15,lo v a r t,2319,5150,3
2025-08-15,lolvart,1,2,6
2025-08-15,lovaart,5,6,1
2025-08-15,lovart ai,481,1178,3
2025-08-15,lovart ai code,92,242,3
2025-08-15,lovart ai官网,27,71,2
2025-08-15,lovart al,7,9,2
2025-08-15,lovart company,0,2,4
2025-08-15,lovart ia,69,112,2
2025-08-15,lovart.ai,389,855,3
2025-08-15,lovart.ai code,1,1,2
2025-08-15,lovart.ia,11,43,4
2025-08-15,lovartlogo,1,14,4
2025-08-15,lovart公司,1,2,1
2025-08-15,lovart官网,240,589,3
2025-08-15,love art ai,207,376,2
2025-08-15,loveart,428,644,1
2025-08-15,loveart.ai,2,3,2
2025-08-15,lovert,3,4,1
2025-08-15,site:www.lovart.ai,0,21,4
2025-08-22,-yurie- video cover,0,1,75
2025-08-22,. (site:lovart.ai),0,14,4
2025-08-22,ai,0,1,2
2025-08-22,ai  print event program maker,0,1,2
2025-08-22,ai actors for video,0,1,5
2025-08-22,ai audio sybc,0,1,8
2025-08-22,ai company logo,0,3,7
2025-08-22,ai绘画,0,7,5
2025-08-22,astronaut ai genrrsted drawibg,0,1,6
2025-08-22,cover tik tok,0,1,4
2025-08-22,https://wob.lovart.ai/#/,2,13,4
2025-08-22,https://www.lovart.ai/,12,73,4
2025-08-22,https://www.lovart.ai/zh,1,13,3
2025-08-22,httpswww.lovart.aihome,11,32,4
2025-08-22,icollecting concert designer,0,1,2
2025-08-22,inbody:@lovart.ai,0,30,6
2025-08-22,lavart,17,39,1
2025-08-22,lo v a r t,2391,5509,3
2025-08-22,loavart,0,1,1
2025-08-22,lolvart,1,2,3
2025-08-22,lovaart,8,11,1
2025-08-22,lovart ai,540,1217,3
2025-08-22,lovart ai code,114,353,3
2025-08-22,lovart ai free,4,5,3
2025-08-22,lovart ai官网,20,58,3
2025-08-22,lovart al,2,4,3
2025-08-22,lovart gratuit,0,2,1
2025-08-22,lovart gratuit en français,1,2,1
2025-08-22,lovart ia,59,119,3
2025-08-22,lovart si,1,1,1
2025-08-22,lovart | the world's first design agent,1,1,1
2025-08-22,lovart.ai,464,907,3
2025-08-22,lovart.ai/home,4,11,5
2025-08-22,lovart.ia,10,23,4
2025-08-22,lovartlogo,15,25,3
2025-08-22,lovart官网,216,692,4
2025-08-22,lovata,0,2,2
2025-08-22,love art ai,256,453,1
2025-08-22,loveart,401,607,1
2025-08-22,lovert,18,31,1
2025-08-22,lovert ia,8,13,1
2025-08-22,lovort,2,6,4
2025-08-22,lovsrt,1,1,1
2025-08-22,luvart,2,5,2
2025-08-22,mouth sync,0,1,1
2025-08-22,online shop graphic desgin,0,12,10
2025-08-22,ovart,0,3,2
2025-08-22,pizzahutwww.,0,1,10
2025-08-22,project visibility lovart,0,2,4
2025-08-22,site:lovart.ai,5,20,6
2025-08-22,stories audio podcast with children voices,0,1,2
2025-08-22,top resume design,0,1,6
2025-08-22,twitter header,0,1,3
2025-08-22,www.lovart.ai/?,1,2,4
2025-08-22,デザイン地図ai,0,3,11
2025-08-29,. (site:lovart.ai),0,21,4
2025-08-29,ai post generator,1,4,2
2025-08-29,arting ai generator,0,6,4
2025-08-29,banana ai,0,27,7
2025-08-29,building the future of it linkedin banner,1,2,10
2025-08-29,"create images from text, find writing inspiration, and get help with your questions.",0,15,6
2025-08-29,design agent,0,4,3
2025-08-29,designer ai,0,4,6
2025-08-29,drawing by ai,0,30,7
2025-08-29,expedoa,0,1,7
2025-08-29,generate baby voice ai,0,1,5
2025-08-29,https://www.lovart.ai/home,2,16,3
2025-08-29,https://www.lovart.ai/zh,6,30,4
2025-08-29,lip sync importer,0,2,1
2025-08-29,lo v a r t,2386,5947,4
2025-08-29,locvart,0,4,4
2025-08-29,lovaart,4,6,1
2025-08-29,lovar,5,6,1
2025-08-29,lovart ai,593,1331,3
2025-08-29,lovart ai code,209,681,2
2025-08-29,lovart ai free,1,6,3
2025-08-29,lovart ail,1,1,1
2025-08-29,lovart ai官网,49,104,3
2025-08-29,lovart al,1,4,4
2025-08-29,lovart app,0,1,1
2025-08-29,lovart ia,71,128,3
2025-08-29,lovart ia flyer,1,2,1
2025-08-29,lovart ia flyer gratis,1,2,1
2025-08-29,lovart.ai,476,1017,3
2025-08-29,lovart.de ki,1,2,6
2025-08-29,lovart.ia,14,34,5
2025-08-29,lovart.io,0,3,1
2025-08-29,lovartlogo,3,11,3
2025-08-29,lovart’s,2,3,3
2025-08-29,lovart官网,195,648,3
2025-08-29,love art ai,239,430,1
2025-08-29,loveart,392,553,1
2025-08-29,lovert,5,11,1
2025-08-29,luxury real estate signs,0,1,10
2025-08-29,nano banana free,0,28,8
2025-08-29,nano bannan ai fre,2,2,10
2025-08-29,new pizza design ai,4,21,1
2025-08-29,new pizza designs ai,2,17,1
2025-08-29,ovart,0,2,1
2025-08-29,realistic lip sinc,0,1,6
2025-08-29,site:lovart.ai lovart,0,20,6
2025-08-29,site:www.lovart.ai,0,31,4
2025-08-29,social media content generator,0,6,5
2025-08-29,top resume design,0,7,7
2025-08-29,www.lysxfj.cn blog,0,1,10
2025-08-29,あなたが作る未来のデザイン,0,1,8
2025-08-29,リアルタイムデザインんが,0,1,7
2025-08-29,ロゴをでーた,0,1,9
2025-08-29,洛瓦特,1,1,1
2025-09-05,. (site:lovart.ai),0,21,4
2025-09-05,ai banana,0,37,9
2025-09-05,ai nano banana,0,2,8
2025-09-05,ai tools for digital artists,0,20,18
2025-09-05,banana ai,3,477,8
2025-09-05,banana google,0,77,7
2025-09-05,banana image generator google,0,1,10
2025-09-05,explicit image generator like google banana model,0,1,5
2025-09-05,free nano banana,1,12,7
2025-09-05,free online ai mockup generator,0,1,8
2025-09-05,google banana,1,189,6
2025-09-05,google banana ai,1,90,7
2025-09-05,google nano banana free,4,19,2
2025-09-05,google nano banana free to use,0,1,1
2025-09-05,https //www.lovart.ai,1,12,5
2025-09-05,https://www.lovart.ai,11,22,4
2025-09-05,https://www.lovart.ai/,25,142,3
2025-09-05,https://www.lovart.ai/home,5,48,3
2025-09-05,https://www.lovart.ai/zh,3,12,4
2025-09-05,hugging face nano banana,0,3,5
2025-09-05,imarena ai,0,66,9
2025-09-05,imarena.ai,0,71,7
2025-09-05,is nana banana a good ai generater,1,1,3
2025-09-05,is nano banana free,1,40,4
2025-09-05,is nano banana free?,0,20,4
2025-09-05,lavart,107,135,1
2025-09-05,lo v a r t,4033,9699,3
2025-09-05,lovaet,2,2,2
2025-09-05,lovart ai,522,1216,3
2025-09-05,lovart ai code,227,932,3
2025-09-05,lovart ai官网,97,246,3
2025-09-05,lovart al,2,3,1
2025-09-05,lovart ia,64,145,4
2025-09-05,lovart nano banana,11,12,5
2025-09-05,lovart.ai,653,1642,3
2025-09-05,lovart.ai free,3,10,4
2025-09-05,lovart.ia,4,13,3
2025-09-05,lovartlogo,13,52,3
2025-09-05,lovarts,4,52,4
2025-09-05,lovart官网,692,1952,3
2025-09-05,lovart是哪家公司的,1,12,3
2025-09-05,lovat ai,2,2,1
2025-09-05,love art ai,269,456,1
2025-09-05,love art ai podcat creator,2,2,1
2025-09-05,loveart,599,909,1
2025-09-05,loveart.ai,1,6,2
2025-09-05,loveart官网,3,12,5
2025-09-05,lovert,83,110,1
2025-09-05,lovort,3,4,4
2025-09-05,nana banana ai,1,113,7
2025-09-05,nana banana creator company,1,1,2
2025-09-05,nano bana,2,127,4
2025-09-05,nano banan,0,46,9
2025-09-05,nano banana,1,557,9
2025-09-05,nano banana ai,1,30,11
2025-09-05,nano banana ai free,0,16,8
2025-09-05,nano banana free,10,250,7
2025-09-05,nano banana huggingface,0,24,5
2025-09-05,nano banana ia,0,1,7
2025-09-05,nano banana kostenlos,0,4,3
2025-09-05,nano banana kostenlos nutzen,0,1,1
2025-09-05,nano banana model huggingface,0,1,4
2025-09-05,nano banana pro for free,0,1,9
2025-09-05,nano banana pro gor free,0,1,4
2025-09-05,nano banana without restriction,0,1,4
2025-09-05,nano banna free online,1,2,6
2025-09-05,nanonbanada free api,0,1,3
2025-09-05,neno banana,0,14,6
2025-09-05,neo banana,3,32,4
2025-09-05,nona banana,12,58,4
2025-09-05,podcast editing tool ai swap voice,0,2,4
2025-09-05,scarica gratis nano banana,1,1,8
2025-09-05,site:www.lovart.ai,0,45,4
2025-09-05,top resume design,0,6,7
2025-09-05,where can i creat price list from,0,2,6
2025-09-05,www.lovart.ai,27,79,3
2025-09-05,：https://www.lovart.ai,1,15,1
2025-09-12,+bnanan google,1,2,5
2025-09-12,. (site:lovart.ai),0,42,4
2025-09-12,ai banana,2,128,8
2025-09-12,ai tools for digital artists,0,64,17
2025-09-12,app for pricing concert posters,0,1,7
2025-09-12,arting ai generator,0,3,4
2025-09-12,banana ai,1,191,9
2025-09-12,banana google,23,243,6
2025-09-12,banana model,2,16,4
2025-09-12,bnanan google,0,1,6
2025-09-12,brand development for eco-friendly startups us,0,17,7
2025-09-12,canvas,0,13,7
2025-09-12,free ai mockup online,1,1,6
2025-09-12,free nano banana,1,11,8
2025-09-12,get nano banana free,1,1,1
2025-09-12,github nanabanana,0,1,4
2025-09-12,google ai banana,0,12,6
2025-09-12,google banana,1,236,5
2025-09-12,google banana ai,2,469,6
2025-09-12,google image generator,0,36,7
2025-09-12,google nano banana,0,128,7
2025-09-12,google nano banana ai,0,39,7
2025-09-12,google nano banana ai free,2,25,2
2025-09-12,google nano banana tool download,0,1,4
2025-09-12,https www lovart ai,7,23,3
2025-09-12,https://nanobananaai.ai/zh?gad_source=1&gad_campaignid=22947250489&gbraid=0aaaabbpusswpysjwg9kaej_7xaefozltw&gclid=eaiaiqobchmi3rrg3anijwmvdlwpah1wfgmyeaayasaaeglzpvd_bwe,0,19,4
2025-09-12,https://share.google/images/qedwmnr3rqqjjbnkh,0,1,8
2025-09-12,https://www.lovart.ai,2,15,3
2025-09-12,https://www.lovart.ai/,40,138,3
2025-09-12,https://www.lovart.ai/home,9,36,3
2025-09-12,https://www.lovart.ai/zh,4,21,3
2025-09-12,https://www.lovart.ai/zh/home,20,130,3
2025-09-12,https://wwww.lovart.ai/,5,12,2
2025-09-12,imarena ai free,0,3,4
2025-09-12,is nano banana free,0,9,3
2025-09-12,lavart,124,166,1
2025-09-12,lo v a r t,7173,15410,3
2025-09-12,loart,7,11,1
2025-09-12,locart,7,13,1
2025-09-12,lovar,20,29,1
2025-09-12,lovart ai,627,1546,3
2025-09-12,lovart ai code,214,702,3
2025-09-12,lovart ai官网,198,535,3
2025-09-12,lovart design,0,6,4
2025-09-12,lovart ia,43,87,3
2025-09-12,lovart 网站,6,11,3
2025-09-12,lovart.ai,954,2514,4
2025-09-12,lovart.ia,14,47,4
2025-09-12,lovarte,2,4,5
2025-09-12,lovartlogo,13,75,4
2025-09-12,lovart官网,2310,5818,3
2025-09-12,lovat ai,2,8,2
2025-09-12,love art ai,327,592,1
2025-09-12,love art k.i. design,1,1,2
2025-09-12,loveart,724,1048,1
2025-09-12,loveart.ai,8,18,2
2025-09-12,lovert,137,170,1
2025-09-12,luvart,0,1,4
2025-09-12,nana banana ai,0,36,7
2025-09-12,nanabanana google,0,3,8
2025-09-12,nano bana,6,260,5
2025-09-12,nano banan,0,37,8
2025-09-12,nano banana,1,721,9
2025-09-12,nano banana ai,0,70,9
2025-09-12,nano banana ai free,0,34,7
2025-09-12,nano banana ai model,1,83,7
2025-09-12,nano banana ai model free download,0,5,7
2025-09-12,nano banana ai model free download github,0,1,5
2025-09-12,nano banana ai model free download github download,0,1,7
2025-09-12,nano banana free,11,243,7
2025-09-12,nano banana google,1,54,8
2025-09-12,nano banana google app download,0,1,3
2025-09-12,nano banana google free,0,2,3
2025-09-12,nano banana gratis testen,0,1,1
2025-09-12,nano banana huggingface,1,6,4
2025-09-12,nano banana image model,0,1,8
2025-09-12,nano banana is free,0,1,2
2025-09-12,nano banana togliere restrizioni,0,1,4
2025-09-12,nano banna,0,20,8
2025-09-12,nano bannana,0,12,7
2025-09-12,nano bnana,0,27,8
2025-09-12,nanobamama,0,1,3
2025-09-12,neno banana,0,11,6
2025-09-12,neo banana,24,124,2
2025-09-12,nona banana,62,350,4
2025-09-12,open lovart,0,21,106
2025-09-12,price list design,0,2,10
2025-09-12,site:www.lovart.ai,0,31,4
2025-09-12,site:www.lovart.ai -domain:www.www.lovart.ai,0,42,4
2025-09-12,top resume design,0,8,7
2025-09-12,try nano banana,0,17,8
2025-09-12,www.lovart.ai,27,105,3
2025-09-19,. (site:lovart.ai),0,63,4
2025-09-19,banana ai,0,177,9
2025-09-19,banana ai image,0,11,8
2025-09-19,banana ai without restriction,0,1,3
2025-09-19,banana google,1,38,5
2025-09-19,canvas,0,12,7
2025-09-19,design agent,1,14,4
2025-09-19,dttps：//www.lovart.ai/zh,1,28,4
2025-09-19,free nano banana,1,12,8
2025-09-19,google ai image generator,0,1,10
2025-09-19,google ai image generator free,1,4,4
2025-09-19,google banana,0,24,7
2025-09-19,google nano banana ai,0,23,8
2025-09-19,google nano banana gratuit,0,2,9
2025-09-19,https www lovart ai home,4,28,4
2025-09-19,https//www.lovart.ai/zh/home,2,12,2
2025-09-19,https://www.lovart.ai,5,26,3
2025-09-19,https://www.lovart.ai/,48,158,5
2025-09-19,https://www.lovart.ai/home,8,79,4
2025-09-19,https://www.lovart.ai/zh,14,60,4
2025-09-19,https://www.lovart.ai/zh/home,12,182,3
2025-09-19,ia genera immagini nano banana,0,1,3
2025-09-19,imarena ai,0,11,5
2025-09-19,insta highlights cover ai,0,3,4
2025-09-19,lavart,115,175,1
2025-09-19,lavart ai,8,12,2
2025-09-19,lo v a r t,9449,24640,4
2025-09-19,loart,14,20,1
2025-09-19,lorvart,1,12,3
2025-09-19,louvart ia,45,74,2
2025-09-19,lovaart,31,48,2
2025-09-19,lovar,16,23,1
2025-09-19,lovar ai,0,2,1
2025-09-19,lovarrt,6,16,4
2025-09-19,lovart ai,1446,3721,3
2025-09-19,lovart ai code,36,125,3
2025-09-19,lovart ai free,7,32,3
2025-09-19,lovart ai login,1,25,4
2025-09-19,lovart ai官网,205,662,3
2025-09-19,lovart i,9,13,1
2025-09-19,lovart ia,759,1863,4
2025-09-19,lovart login,5,12,2
2025-09-19,lovart the world’s first design agent,4,14,4
2025-09-19,lovart 無限,8,12,5
2025-09-19,"lovart,ai",3,11,4
2025-09-19,"lovart,ia",6,18,3
2025-09-19,lovart.,3,3,1
2025-09-19,lovart.ai,2355,5973,4
2025-09-19,lovart.ai code,17,50,2
2025-09-19,lovart.ai image creator,0,4,5
2025-09-19,lovart.ai/home,3,11,5
2025-09-19,lovart.ia,601,1545,3
2025-09-19,lovartai.,2,2,1
2025-09-19,lovartlogo,45,121,4
2025-09-19,lovart官网,1696,4193,3
2025-09-19,lovart：https://www.lovart.ai?referralcode=7emep2b,2,11,3
2025-09-19,love art ai,552,1058,1
2025-09-19,love art.ia,25,52,2
2025-09-19,loveart,1238,1850,2
2025-09-19,loveart ia,34,64,1
2025-09-19,loveart si,0,1,3
2025-09-19,loveart.ai,7,36,2
2025-09-19,loveart官网,5,22,5
2025-09-19,lovert,95,140,1
2025-09-19,lovertai,27,37,1
2025-09-19,nano bana,0,62,7
2025-09-19,nano banana,2,285,8
2025-09-19,nano banana ai,0,175,9
2025-09-19,nano banana ai free,0,43,8
2025-09-19,nano banana ai free tool,0,19,9
2025-09-19,nano banana free,28,482,8
2025-09-19,nano banana free access,1,21,2
2025-09-19,nano banana google,0,11,7
2025-09-19,nano banana google free,1,6,3
2025-09-19,nano banana google gratis download,0,2,1
2025-09-19,nano banana ia,0,3,8
2025-09-19,neo banana,4,121,4
2025-09-19,nona banana,4,99,6
2025-09-19,nsno bana ds,0,1,4
2025-09-19,price list business design,0,1,10
2025-09-19,site:www.lovart.ai,0,21,4
2025-09-19,top resume design,0,5,7
2025-09-19,www.lovart,1,11,4
2025-09-19,www.lovart.ai,30,95,4
2025-09-26,banana ai,0,43,9
2025-09-26,google banana,0,12,8
2025-09-26,google nano banana free,2,3,2
2025-09-26,https www lovart ai,1,11,3
2025-09-26,https www lovart ai home,1,14,4
2025-09-26,https://www.lovart.ai,13,15,3
2025-09-26,https://www.lovart.ai/,43,152,3
2025-09-26,https://www.lovart.ai/home,3,41,4
2025-09-26,https://www.lovart.ai/zh,11,50,4
2025-09-26,https://www.lovart.ai/zh/home,21,257,3
2025-09-26,https://www.lovart.ai/zh/home https://jimeng.jianying.com/ai-tool/home,4,11,3
2025-09-26,https://www.lovart.ai?referralcode=kggxqzi,9,21,2
2025-09-26,https：//www.lovart.ai/zh,4,20,4
2025-09-26,ia lovart,1,14,5
2025-09-26,illistration generator,0,1,6
2025-09-26,imarena,1,93,7
2025-09-26,imarena ai,1,26,8
2025-09-26,infographics agent,0,1,3
2025-09-26,lavart,122,163,1
2025-09-26,liovaret,0,2,6
2025-09-26,lo v a r t,7502,20593,4
2025-09-26,loart,6,11,1
2025-09-26,locart,1,3,2
2025-09-26,lorent ai,1,12,1
2025-09-26,louvart ia,94,181,3
2025-09-26,lovaart,21,34,2
2025-09-26,lovar,39,66,1
2025-09-26,lovar.ia,1,1,1
2025-09-26,lovart ai,1413,3454,3
2025-09-26,lovart ai agent,8,32,4
2025-09-26,lovart ai code,10,17,1
2025-09-26,lovart ai free,20,53,4
2025-09-26,lovart ai https://www.lovart.ai/,3,1,1
2025-09-26,lovart ai login,3,14,3
2025-09-26,lovart ai官网,240,842,4
2025-09-26,lovart al,225,315,1
2025-09-26,lovart i,10,20,2
2025-09-26,lovart ia,541,1123,3
2025-09-26,lovart nano banana,11,40,4
2025-09-26,lovart qi,1,1,1
2025-09-26,lovart | 全球首个设计智能体,7,14,4
2025-09-26,"lovart, the first design agent. visit https://www.lovart.ai, sign up and use code【rux7fvx】to unlock your exclusive access.",2,15,3
2025-09-26,lovart.ai,1830,4570,3
2025-09-26,lovart.com,1,11,5
2025-09-26,lovart.ia,254,647,3
2025-09-26,lovarte,30,40,1
2025-09-26,lovartlogo,28,85,4
2025-09-26,lovarts,8,20,4
2025-09-26,lovart官网,664,1749,3
2025-09-26,lovart：https://www.lovart.ai,0,13,3
2025-09-26,love art ai,542,1080,1
2025-09-26,love.art ai,1,1,1
2025-09-26,loveart,987,1752,2
2025-09-26,loveart ia,31,55,1
2025-09-26,loveart.ai,5,14,2
2025-09-26,loveart官网,10,27,4
2025-09-26,lovert,133,164,1
2025-09-26,luvart ai,0,5,5
2025-09-26,nano bana,0,8,8
2025-09-26,nano banana,0,83,8
2025-09-26,nano banana free,5,224,8
2025-09-26,nano banana free download,0,2,6
2025-09-26,nano banana free trial,0,3,9
2025-09-26,nano banana free.trial,0,1,5
2025-09-26,nano banana ia google,0,1,6
2025-09-26,neo bamana,0,1,4
2025-09-26,nona banana,2,97,6
2025-09-26,site:www.lovart.ai,0,14,4
2025-09-26,top resume design,0,3,9
2025-09-26,www.//lovart.ai/zh,1,13,3
2025-09-26,www.lovart.ai,29,97,3
2025-09-26,مخرشقف,1,5,5
2025-10-03,. (site:lovart.ai),0,14,4
2025-10-03,ai actor,0,19,6
2025-10-03,ai actors,0,27,6
2025-10-03,ai art generator free lovart,10,76,5
2025-10-03,ai illustrator,0,13,5
2025-10-03,ai illustrator free online,0,1,4
2025-10-03,can i create an actor with ai,0,1,2
2025-10-03,comment utiliser lovart,0,1,4
2025-10-03,custom design packaging,0,2,85
2025-10-03,google banana,0,26,8
2025-10-03,https://wob.lovart.ai/,0,20,3
2025-10-03,https://www.lovart.ai/,24,124,3
2025-10-03,https://www.lovart.ai/home,3,15,3
2025-10-03,https://www.lovart.ai/zh,17,117,4
2025-10-03,https://www.lovart.ai/zh/home,16,111,3
2025-10-03,lavart,84,117,1
2025-10-03,lavart ai,7,20,4
2025-10-03,lip sync ai free no limit,1,1,5
2025-10-03,lo v a r t,5795,17502,4
2025-10-03,louvart ia,109,178,3
2025-10-03,lovar,15,27,1
2025-10-03,lovar ai,1,3,1
2025-10-03,lovart ai,1144,3287,3
2025-10-03,lovart ai agent,38,118,3
2025-10-03,lovart ai code,2,13,3
2025-10-03,lovart ai free,26,94,4
2025-10-03,lovart ai login,3,12,3
2025-10-03,lovart ai官网,347,1142,4
2025-10-03,lovart al,176,251,1
2025-10-03,lovart design,0,12,4
2025-10-03,lovart ia,417,965,3
2025-10-03,lovart login,11,40,3
2025-10-03,lovart nano banana,5,7,3
2025-10-03,lovart.ai,1624,4680,4
2025-10-03,lovart.ai code,14,74,2
2025-10-03,lovart.ai/canvas,1,12,2
2025-10-03,lovart.ia,162,461,3
2025-10-03,lovarte,17,23,1
2025-10-03,lovartlogo,21,88,4
2025-10-03,lovartt .ai,4,12,6
2025-10-03,lovart中文版,6,24,5
2025-10-03,lovart官网,489,1263,3
2025-10-03,love art ai,572,1110,1
2025-10-03,loveai,2,3,3
2025-10-03,loveart,850,1435,1
2025-10-03,loveart ia,8,21,1
2025-10-03,loveart.ai,5,25,2
2025-10-03,loveart_ig,0,1,3
2025-10-03,loveart官网,20,23,1
2025-10-03,lovert,66,87,1
2025-10-03,lovertai,14,19,1
2025-10-03,nano banana,0,102,7
2025-10-03,nano banana free,4,54,8
2025-10-03,nano banana google,1,11,7
2025-10-03,nano banana model data,0,1,1
2025-10-03,neo banana,1,22,4
2025-10-03,nona banana,0,49,6
2025-10-03,site:www.lovart.ai,0,66,4
2025-10-03,top resume design,0,5,9
2025-10-03,www.lovart.ai,12,44,3
2025-10-10,ai art generator free lovart,4,30,4
2025-10-10,ai banana,1,11,86
2025-10-10,ai illustrator,0,56,5
2025-10-10,ai lovoro,0,1,2
2025-10-10,ai mockup generator,0,12,6
2025-10-10,banana google,0,11,7
2025-10-10,banana unleazhed.com free,0,16,3
2025-10-10,change org verbot fat(0ljtljykishfat(0von privaten feuerwek,0,2,4
2025-10-10,environmentally conscious home services,0,15,11
2025-10-10,getbaba xyz login,0,2,4
2025-10-10,google banana,0,36,8
2025-10-10,google banana ai,0,82,9
2025-10-10,google nano banana gratuit,0,1,10
2025-10-10,google veo 3.1,0,3,7
2025-10-10,https www lovart ai zh home,0,12,5
2025-10-10,https://www.lovart.ai/,11,60,3
2025-10-10,https://www.lovart.ai/home,2,12,4
2025-10-10,https://www.lovart.ai/zh,3,31,4
2025-10-10,https://www.lovart.ai/zh/home,13,95,4
2025-10-10,https://www.lovart.ai?referralcode=urrzjsd,5,21,5
2025-10-10,lavart,58,92,1
2025-10-10,lhttps://www.lovart.ai/zh/home,0,14,4
2025-10-10,lo v a r t,3887,13024,3
2025-10-10,louvart ia,37,111,4
2025-10-10,lovar,18,28,1
2025-10-10,lovard,20,29,1
2025-10-10,lovart ai,577,2566,3
2025-10-10,lovart ai agent,107,440,3
2025-10-10,lovart ai login,6,82,4
2025-10-10,lovart ai官网,215,721,4
2025-10-10,lovart ia,151,556,3
2025-10-10,lovart.@web81.ir,2,4,4
2025-10-10,lovart.ai,1078,3564,3
2025-10-10,lovart.ai code,71,295,2
2025-10-10,lovart.ai login,7,31,2
2025-10-10,lovart.ai/home,0,14,3
2025-10-10,lovart.ia,121,378,3
2025-10-10,lovart_ai,19,63,3
2025-10-10,lovartlogo,28,90,4
2025-10-10,lovart官网,549,1497,3
2025-10-10,lovart客服,2,17,4
2025-10-10,love art ai,351,1186,1
2025-10-10,loveart,529,1236,1
2025-10-10,loveart ia,10,26,2
2025-10-10,loveart官网,16,30,3
2025-10-10,lovert,73,81,1
2025-10-10,lovertai,5,11,1
2025-10-10,mockup ai,0,11,7
2025-10-10,nano banana,0,6,22
2025-10-10,nano banana free,3,76,9
2025-10-10,nano banana free francais,0,1,6
2025-10-10,nano banana google ai studio free downl,0,2,6
2025-10-10,nano banana gratis,0,1,7
2025-10-10,nano banana ia,1,3,6
2025-10-10,nanobananw,0,1,9
2025-10-10,nona banana,0,6,6
2025-10-10,site:www.lovart.ai,0,42,4
2025-10-10,top resume design,0,3,9
2025-10-10,veo 3.1,2,16,6
2025-10-10,www.lovart.ai,13,41,3
2025-10-10,www.lovart.com,7,16,3
2025-10-10,：https://www.lovart.ai,0,11,5
2025-10-17,(https://www.lovart.ai/home,1,12,4
2025-10-17,. (site:lovart.ai),0,21,4
2025-10-17,ai drawing generator,0,20,8
2025-10-17,ai poster maker lovart,1,14,4
2025-10-17,arting ai generator,1,2,4
2025-10-17,drawing by ai,0,165,8
2025-10-17,elegant gift card restaurant pinterest,0,1,6
2025-10-17,food festival poster analysis,0,1,1
2025-10-17,food festival poster analysis title,0,2,2
2025-10-17,gemini veo3,0,37,6
2025-10-17,h'wo love rt,0,1,3
2025-10-17,https www lovart ai,15,92,4
2025-10-17,https://www.lovart.ai/,26,149,3
2025-10-17,https://www.lovart.ai/home,2,18,4
2025-10-17,https://www.lovart.ai/projects,1,11,4
2025-10-17,https://www.lovart.ai/zh,2,44,4
2025-10-17,https://www.lovart.ai/zh-tw/home,2,20,4
2025-10-17,https://www.lovart.ai/zh/home,21,155,3
2025-10-17,https://www.lovart.ai/zh/home?referralcode=,1,18,3
2025-10-17,https://www.lovart.ai?referralcode=urrzjsd,42,71,3
2025-10-17,is sora the current best video generation ai?,0,1,2
2025-10-17,jiangyaojx com tv,0,1,1
2025-10-17,lavart,118,165,1
2025-10-17,lavart ai,12,26,4
2025-10-17,lo v a r t,5283,19026,3
2025-10-17,loart,13,16,2
2025-10-17,loart ai,4,17,4
2025-10-17,louvart ia,62,149,4
2025-10-17,lovaart,9,13,1
2025-10-17,lovaart ai,5,13,4
2025-10-17,lovairt,5,14,5
2025-10-17,lovar,17,24,1
2025-10-17,lovart ai,452,2589,3
2025-10-17,lovart ai agent,111,526,3
2025-10-17,lovart ai code,2,12,5
2025-10-17,lovart ai free,2,40,3
2025-10-17,lovart ai login,6,50,3
2025-10-17,lovart ai website,1,13,5
2025-10-17,lovart ai中文版,2,11,4
2025-10-17,lovart ai官网,369,1383,4
2025-10-17,lovart ia,133,511,3
2025-10-17,lovart login,6,58,5
2025-10-17,lovart nano banana,1,14,3
2025-10-17,lovart veo3.1,3,11,3
2025-10-17,lovart 网站,1,11,4
2025-10-17,lovart.ai,1244,4726,3
2025-10-17,lovart.ai code,30,307,2
2025-10-17,lovart.ai/home,0,17,4
2025-10-17,lovart.ai/zh/home,0,18,3
2025-10-17,lovart.ia,110,413,3
2025-10-17,lovart_ai,106,375,4
2025-10-17,lovarthttps://www.pinterest.com/,0,16,4
2025-10-17,lovartlogo,27,115,3
2025-10-17,lovart中国官网入口,5,27,3
2025-10-17,lovart官网,912,2196,3
2025-10-17,love art ai,274,1197,1
2025-10-17,loveai,2,11,3
2025-10-17,loveart,582,1527,1
2025-10-17,loveart ia,31,88,2
2025-10-17,loveart官网,41,85,4
2025-10-17,loveiart ai,3,12,4
2025-10-17,lovert,114,148,1
2025-10-17,lovertai,14,42,3
2025-10-17,lovret. ai,1,1,1
2025-10-17,lovrt,5,11,1
2025-10-17,momondo ch,0,2,4
2025-10-17,nano banana free,5,57,9
2025-10-17,ovart,0,3,1
2025-10-17,picture generator ai sovart ai,1,11,3
2025-10-17,site:www.lovart.ai,0,41,5
2025-10-17,sophie rain sora 2,0,2,5
2025-10-17,ttps://www.lovart.ai,5,15,3
2025-10-17,v art gratis,0,1,1
2025-10-17,veo,0,19,7
2025-10-17,veo 3.1,7,100,6
2025-10-17,veo 3.1 free,1,12,7
2025-10-17,veo3,0,167,9
2025-10-17,www.lovart,4,11,4
2025-10-17,"www.lovart,ai",1,12,3
2025-10-17,www.lovart.ai,29,102,3
2025-10-17,エージェント アート,0,1,4
2025-10-17,：https://www.lovart.ai,0,11,5
2025-10-24,. (site:lovart.ai),0,42,4
2025-10-24,0aaaaa,0,1,2
2025-10-24,ai actors,0,1,7
2025-10-24,ai generator free 3 videos everyday,1,1,2
2025-10-24,ai illustrator,1,60,6
2025-10-24,ai menu design event,0,1,6
2025-10-24,art an lov,0,1,3
2025-10-24,arting ai generator,0,2,6
2025-10-24,drawing by ai,0,1496,7
2025-10-24,free illustration maker,0,1,7
2025-10-24,gemini ai video generator,1,27,6
2025-10-24,gemini veo3,0,63,6
2025-10-24,goart with nano banana available on win11?,0,1,10
2025-10-24,google veo3,0,14,8
2025-10-24,https www lovart ai,6,29,3
2025-10-24,https www lovart ai zh,0,11,5
2025-10-24,https www lovart ai zh home,0,12,5
2025-10-24,https://www.lovart.ai/,15,83,3
2025-10-24,https://www.lovart.ai/zh,13,65,4
2025-10-24,https://www.lovart.ai/zh/home,14,151,4
2025-10-24,image to video,1,38,8
2025-10-24,lavart,78,125,2
2025-10-24,lo v a r t,4583,15652,3
2025-10-24,loart,13,21,1
2025-10-24,locart,0,5,1
2025-10-24,louvart ia,28,49,4
2025-10-24,lovaart,9,13,2
2025-10-24,lovar,41,77,2
2025-10-24,lovart ai,470,2065,3
2025-10-24,lovart ai agent,83,375,3
2025-10-24,lovart ai login,9,49,4
2025-10-24,lovart ai veo3.1,0,1,1
2025-10-24,lovart ai veo3.1 free,0,1,1
2025-10-24,lovart ai クレジット,0,1,4
2025-10-24,lovart ai プラン,0,1,1
2025-10-24,lovart ai 月間クレジット,0,1,4
2025-10-24,lovart ai官网,343,1152,4
2025-10-24,lovart i,3,12,3
2025-10-24,lovart ia,80,459,3
2025-10-24,lovart 网站,4,12,3
2025-10-24,"lovart,ai",3,11,5
2025-10-24,lovart.ai,1119,3953,3
2025-10-24,lovart.ai code,32,311,2
2025-10-24,lovart.ia,48,244,2
2025-10-24,lovart_ai,91,355,3
2025-10-24,lovartlogo,8,40,4
2025-10-24,lovart官网,1006,2507,3
2025-10-24,lovat ai,1,13,4
2025-10-24,love art ai,216,993,2
2025-10-24,loveaet ai,1,1,1
2025-10-24,loveart,524,1290,1
2025-10-24,loveart ia,21,56,2
2025-10-24,loveart官网,9,26,4
2025-10-24,lovert,118,217,3
2025-10-24,lovertai,7,11,2
2025-10-24,lovrt,9,15,3
2025-10-24,lowart ai,8,22,5
2025-10-24,mockup ai,0,15,8
2025-10-24,mouth sync,0,2,8
2025-10-24,nano anana,0,1,8
2025-10-24,nano banana free,0,13,9
2025-10-24,nano banana ia,0,18,8
2025-10-24,nano banena free,0,1,8
2025-10-24,site:www.lovart.ai,0,93,4
2025-10-24,text to visual generator,0,1,7
2025-10-24,veo,0,11,7
2025-10-24,veo 3 ai video generator free,2,73,7
2025-10-24,veo 3.0,1,5,3
2025-10-24,veo 3.1,0,24,7
2025-10-24,veo 3.1 consommation,0,1,3
2025-10-24,veo3,0,99,9
2025-10-24,veo3 free,0,19,7
2025-10-24,veo3 gemini,0,42,6
2025-10-24,www.lovart.ai,31,73,2
2025-10-31,. (site:lovart.ai),0,42,4
2025-10-31,1.https://www.lovart.ai,2,14,2
2025-10-31,adblock design agents xyz login,0,29,2
2025-10-31,adg design agents xyz login,0,15,2
2025-10-31,ai background,0,25,8
2025-10-31,ai background remover,0,77,10
2025-10-31,ai enhancer,1,41,9
2025-10-31,ai face swap,1,21,7
2025-10-31,ai illustration market.com free,0,70,3
2025-10-31,ai image upscaler,2,95,9
2025-10-31,ai logo,1,55,7
2025-10-31,ai logo generator,2,30,8
2025-10-31,ai logo maker,2,67,8
2025-10-31,ai remove background,0,36,9
2025-10-31,ai remover,0,43,8
2025-10-31,ai upscale,1,48,8
2025-10-31,ai upscaler,1,137,9
2025-10-31,anime fan art and how to create it,0,30,6
2025-10-31,background remover,0,39,9
2025-10-31,background remover ai,0,63,9
2025-10-31,design agents xyz login,0,27,2
2025-10-31,draw ai,0,15,8
2025-10-31,drawing by ai,0,888,5
2025-10-31,gemini ai video generator,1,53,6
2025-10-31,gemini veo3,1,190,6
2025-10-31,gemini video generator,0,17,7
2025-10-31,google veo3,0,13,8
2025-10-31,https www lovart ai,3,21,2
2025-10-31,https://www.lovart.ai,48,128,3
2025-10-31,https://www.lovart.ai/,24,94,3
2025-10-31,https://www.lovart.ai/canvas?,4,12,2
2025-10-31,https://www.lovart.ai/home,8,74,3
2025-10-31,https://www.lovart.ai/zh,6,36,3
2025-10-31,https://www.lovart.ai/zh-tw/home,0,16,3
2025-10-31,https://www.lovart.ai/zh/home,7,107,4
2025-10-31,https：//www.lovart.ai/,0,12,4
2025-10-31,image extender ai,0,33,8
2025-10-31,image upscaler,1,42,10
2025-10-31,image upscaler ai,2,28,10
2025-10-31,img upscaler,0,17,9
2025-10-31,lavart,104,154,1
2025-10-31,lavart ai,10,17,3
2025-10-31,lavort,21,31,4
2025-10-31,lo v a r t,6385,16735,3
2025-10-31,loart,22,37,1
2025-10-31,logo maker ai,1,135,8
2025-10-31,louvart ia,39,72,4
2025-10-31,lovait官网,4,12,3
2025-10-31,lovar,48,63,1
2025-10-31,lovart ai,782,1962,3
2025-10-31,lovart ai agent,175,446,4
2025-10-31,lovart ai free,5,34,3
2025-10-31,lovart ai login,27,124,3
2025-10-31,lovart ai官网,374,1563,4
2025-10-31,lovart al,4,7,2
2025-10-31,lovart ia,260,555,3
2025-10-31,lovart login,9,52,3
2025-10-31,lovart.ai,1621,4017,3
2025-10-31,lovart.ai code,71,246,2
2025-10-31,lovart.ai login,4,17,3
2025-10-31,lovart.com,3,12,5
2025-10-31,lovart.ia,84,205,3
2025-10-31,lovart_ai,195,403,3
2025-10-31,lovartlogo,16,62,4
2025-10-31,lovart官网,742,1765,3
2025-10-31,love art ai,576,1067,2
2025-10-31,loveai,6,190,3
2025-10-31,loveai 官网,1,19,4
2025-10-31,loveart,968,1353,1
2025-10-31,loveart ia,20,35,3
2025-10-31,loveart.con,1,1,1
2025-10-31,loveart官网,23,61,4
2025-10-31,lovert,111,215,4
2025-10-31,lovertai,35,68,3
2025-10-31,lovrat ai,4,12,6
2025-10-31,nano banana gratis,1,3,5
2025-10-31,object remover,0,30,10
2025-10-31,ovart,1,3,1
2025-10-31,real estate listing customized sales,1,1,1
2025-10-31,removal ai,0,64,6
2025-10-31,remove ai,0,31,8
2025-10-31,remove background ai,0,44,9
2025-10-31,remove object,0,22,9
2025-10-31,remove object from photo,1,39,9
2025-10-31,remove unwanted objects from photos,0,12,8
2025-10-31,scale up image,0,15,9
2025-10-31,site:www.lovart.ai,0,48,5
2025-10-31,super resolution ai,0,11,8
2025-10-31,upscale ai,0,46,10
2025-10-31,upscale image,1,61,10
2025-10-31,upscale image ai,0,13,10
2025-10-31,upscaler,0,53,9
2025-10-31,upscaler ai,1,28,9
2025-10-31,veo 3 ai video generator free,4,95,7
2025-10-31,veo 3 gemini free,0,24,6
2025-10-31,veo3,0,35,9
2025-10-31,veo3 gemini,1,116,6
2025-10-31,www.lovart,4,15,5
2025-10-31,www.lovart.ai,31,97,3
2025-10-31,洛瓦特,11,11,1
2025-11-07,ai anime generator,1,11,8
2025-11-07,ai background,0,100,8
2025-11-07,ai background remover,3,524,9
2025-11-07,ai enhancer,1,48,8
2025-11-07,ai face swap,7,266,8
2025-11-07,ai illustration market.com free,0,208,3
2025-11-07,ai image upscaler,0,36,9
2025-11-07,ai logo,1,128,7
2025-11-07,ai logo generator,0,23,8
2025-11-07,ai logo maker,2,71,8
2025-11-07,ai remove background,2,144,8
2025-11-07,ai remover,0,100,8
2025-11-07,ai upscale,0,56,9
2025-11-07,ai upscaler,1,69,9
2025-11-07,animaker,0,86,4
2025-11-07,anime art,0,23,8
2025-11-07,anime fan art,0,33,8
2025-11-07,anime fan art and how to create it,0,707,6
2025-11-07,anime generator,1,24,8
2025-11-07,anime maker,0,34,7
2025-11-07,background removal,0,28,9
2025-11-07,background remover,2,1406,9
2025-11-07,background remover ai,2,331,9
2025-11-07,bg remove,0,100,9
2025-11-07,bg remover ai,0,23,9
2025-11-07,deepai,4,3044,4
2025-11-07,deepai chat,0,42,8
2025-11-07,deevid ai,1,53,8
2025-11-07,deevid.ai,0,36,6
2025-11-07,designing ig highlights that match brand style,1,1,6
2025-11-07,food photography layouts,1,1,1
2025-11-07,hailuo ai,0,54,7
2025-11-07,how to create anime-inspired art,0,162,8
2025-11-07,https www lovart ai,4,63,3
2025-11-07,https://www.lovart.ai,25,70,4
2025-11-07,https://www.lovart.ai/,25,111,3
2025-11-07,https://www.lovart.ai/zh,4,55,3
2025-11-07,https://www.lovart.ai/zh/home,37,222,3
2025-11-07,image upscaler,1,114,10
2025-11-07,img upscaler,0,41,9
2025-11-07,introducing lovart: the first ai design agent,1,1,1
2025-11-07,lavart,77,134,2
2025-11-07,lavort,34,50,2
2025-11-07,lo v a r t,6230,17336,4
2025-11-07,loart,24,34,1
2025-11-07,logo ai generator,1,4,7
2025-11-07,logo design ai,1,28,7
2025-11-07,logo maker ai,0,106,9
2025-11-07,lorvart,26,58,5
2025-11-07,lorvat.ia,1,1,1
2025-11-07,louvart ia,21,59,5
2025-11-07,lovaard ai,6,12,4
2025-11-07,lovar,24,44,2
2025-11-07,lovart ai,859,2109,3
2025-11-07,lovart ai agent,24,92,4
2025-11-07,lovart ai free,12,59,4
2025-11-07,lovart ai login,202,1069,4
2025-11-07,lovart ai官网,636,2426,3
2025-11-07,lovart ia,209,464,3
2025-11-07,lovart login,24,74,3
2025-11-07,lovart nano banana,8,71,4
2025-11-07,lovart.ai,1555,3932,4
2025-11-07,lovart.ai code,106,300,2
2025-11-07,lovart.ai dev,5,14,5
2025-11-07,lovart.ia,92,195,4
2025-11-07,lovart_ai,32,61,3
2025-11-07,lovartai（https://www.lovart.ai/）,6,16,3
2025-11-07,lovartlogo,23,94,4
2025-11-07,lovart中国官网入口,4,12,4
2025-11-07,lovart官网,889,2355,3
2025-11-07,love art ai,616,1184,3
2025-11-07,loveai,11,139,5
2025-11-07,loveart,961,1475,2
2025-11-07,loveart ia,28,62,2
2025-11-07,loveart.ai,5,22,2
2025-11-07,loveart官网,52,169,5
2025-11-07,loverart,4,2,1
2025-11-07,lovert,141,312,4
2025-11-07,lovertai,23,44,3
2025-11-07,lovrt,6,4,1
2025-11-07,object remover,1,137,9
2025-11-07,object remover from image,0,23,9
2025-11-07,pixel background remover,0,23,9
2025-11-07,removal ai,0,114,7
2025-11-07,remove ai,0,120,7
2025-11-07,remove background,1,65,9
2025-11-07,remove background ai,5,229,8
2025-11-07,remove bg ai,0,130,8
2025-11-07,remove object,1,51,9
2025-11-07,remove object from photo,0,62,10
2025-11-07,site:www.lovart.ai,0,55,5
2025-11-07,smart coffee cafe menu,0,103,3
2025-11-07,super resolution,1,56,8
2025-11-07,upscale ai,0,53,9
2025-11-07,upscale image,3,471,10
2025-11-07,upscaler ai,0,31,9
2025-11-07,www tyndall removals online,0,480,2
2025-11-07,www.lovart,8,15,4
2025-11-07,www.lovart.ai,24,74,3
2025-11-07,www.lovart.ai/,1,2,3
2025-11-14,. (site:lovart.ai),0,21,4
2025-11-14,ai background remover,0,85,9
2025-11-14,ai chat deep,0,18,8
2025-11-14,ai deep chat,0,15,9
2025-11-14,ai face swap,3,121,8
2025-11-14,ai illustration market.com free,0,46,3
2025-11-14,ai logo,0,13,7
2025-11-14,ai logo maker,0,11,8
2025-11-14,ai removal,0,14,9
2025-11-14,ai remove background,0,12,10
2025-11-14,ai remover,0,31,9
2025-11-14,anime fan art and how to create it,0,67,7
2025-11-14,background remove,0,46,10
2025-11-14,background remover ai,0,66,8
2025-11-14,bg remove,0,80,10
2025-11-14,deep+ai,0,13,4
2025-11-14,deepai,19,14899,5
2025-11-14,deepai chat,0,323,8
2025-11-14,deepai],0,13,2
2025-11-14,design agents xyz login,0,17,3
2025-11-14,drawing by ai,0,71,7
2025-11-14,dreamina,0,204,7
2025-11-14,dreamina ai,1,97,7
2025-11-14,dremina ai,0,12,7
2025-11-14,hailuo,0,24,4
2025-11-14,hailuo ai,0,145,6
2025-11-14,how to create anime-inspired art,0,27,7
2025-11-14,https //www.lovart.ai/,4,19,3
2025-11-14,https www lovart ai,6,85,2
2025-11-14,https www lovart ai zh home,2,14,3
2025-11-14,https://www.lovart.ai,6,23,3
2025-11-14,https://www.lovart.ai/,42,193,3
2025-11-14,https://www.lovart.ai/home,5,38,3
2025-11-14,https://www.lovart.ai/zh,8,139,4
2025-11-14,https://www.lovart.ai/zh/home,30,198,3
2025-11-14,htttp://www.lovart.ai/,2,12,2
2025-11-14,laovart,7,14,4
2025-11-14,lavart,112,181,1
2025-11-14,lavart ai,3,8,3
2025-11-14,lavort,15,29,3
2025-11-14,lipsync a video for free,1,1,6
2025-11-14,lo v a r t,6527,17280,3
2025-11-14,loart,29,42,1
2025-11-14,lorvat,2,2,1
2025-11-14,louvart,9,11,1
2025-11-14,louvart ia,5,12,4
2025-11-14,lovaart,5,12,2
2025-11-14,lovar,47,69,1
2025-11-14,lovard,15,28,3
2025-11-14,lovart ai,789,2076,3
2025-11-14,lovart ai agent,16,40,4
2025-11-14,lovart ai free,12,67,3
2025-11-14,lovart ai login,258,1138,3
2025-11-14,lovart ai官网,470,2082,3
2025-11-14,lovart ia,221,475,3
2025-11-14,lovart login,40,155,3
2025-11-14,lovart nano banana,10,23,3
2025-11-14,lovart.ai,1552,4087,4
2025-11-14,lovart.ai code,91,303,2
2025-11-14,lovart.ai login,15,59,4
2025-11-14,lovart.ia,98,210,3
2025-11-14,lovart_ai,26,49,5
2025-11-14,lovartlogo,13,55,5
2025-11-14,lovarts,3,18,5
2025-11-14,lovart。ai,1,12,5
2025-11-14,lovart中国官网入口,23,62,4
2025-11-14,lovart官网,1504,3926,3
2025-11-14,lovart官网入口,9,30,2
2025-11-14,lovart是哪家公司的,1,24,2
2025-11-14,love art ai,601,1149,2
2025-11-14,loveai,2,57,4
2025-11-14,loveart,1010,1537,2
2025-11-14,loveart ia,32,60,2
2025-11-14,loveart.ai,4,18,3
2025-11-14,loveart官网,34,90,3
2025-11-14,lovert,120,259,4
2025-11-14,lovertai,4,17,4
2025-11-14,lovort,2,12,4
2025-11-14,media io,0,24,7
2025-11-14,media.io,0,79,5
2025-11-14,nano banana free,1,2,3
2025-11-14,ovart,3,4,1
2025-11-14,pixai,0,755,5
2025-11-14,pixai art,0,39,7
2025-11-14,removal ai,0,23,5
2025-11-14,remove ai,0,27,8
2025-11-14,remove background ai,0,25,9
2025-11-14,remove object ai,0,11,8
2025-11-14,remove unwanted objects from photos,2,16,10
2025-11-14,site:www.lovart.ai,0,38,4
2025-11-14,smart coffee cafe menu,0,4118,3
2025-11-14,sora2,1,68,8
2025-11-14,steve ai,2,145,3
2025-11-14,steve.ai,0,15,4
2025-11-14,super resolution,0,53,8
2025-11-14,swap face ai,0,14,9
2025-11-14,upscale image,2,172,10
2025-11-14,www design agents xyz online,0,12,3
2025-11-14,www.lovart.ai,71,178,3
2025-11-14,洛瓦特ai,5,14,6
2025-11-21,. (site:lovart.ai),0,42,4
2025-11-21,ai logarit,0,2,2
2025-11-21,art lov,2,2,1
2025-11-21,baby voice genorater,0,3,8
2025-11-21,clipfly,0,13,5
2025-11-21,clipfly ai,0,36,5
2025-11-21,clipfly ai bewertungen,0,1,5
2025-11-21,coffe shop menü,0,1,8
2025-11-21,convertir photo en vidéo sexe,0,2,8
2025-11-21,deepai,0,1850,6
2025-11-21,deepai chat,0,11,8
2025-11-21,designing ig highlights that match brand style,0,3,7
2025-11-21,drawing by ai,0,35,8
2025-11-21,dreamina,2,342,7
2025-11-21,dreamina ai,2,146,7
2025-11-21,dreamina capcut,0,13,9
2025-11-21,goenhance ai,0,23,4
2025-11-21,hey gen,4,2403,5
2025-11-21,hey gen ai,0,464,7
2025-11-21,higgsfield,1,394,6
2025-11-21,higgsfield ai,1,1091,6
2025-11-21,higgsfield.ai,0,32,5
2025-11-21,https www lovart ai,6,45,2
2025-11-21,https www lovart ai zh home,8,39,3
2025-11-21,https//www.lovart.ai/zh,0,14,5
2025-11-21,https://www.lovart.ai,7,27,3
2025-11-21,https://www.lovart.ai/,28,89,2
2025-11-21,https://www.lovart.ai/home,8,72,3
2025-11-21,https://www.lovart.ai/zh,20,140,3
2025-11-21,https://www.lovart.ai/zh/home,63,427,3
2025-11-21,https://www.lovart.ai/zh/profile,2,16,2
2025-11-21,https：//www.lovart.ai/home,2,15,6
2025-11-21,hygen ai avaatar,0,1,3
2025-11-21,intelligente artificiale elimina sfondo foto,1,1,4
2025-11-21,laovart,5,14,5
2025-11-21,lavart,115,171,1
2025-11-21,lavort,11,29,4
2025-11-21,lo v a r t,7782,17328,3
2025-11-21,loart,50,68,1
2025-11-21,lorvart,6,12,5
2025-11-21,lorvat ia,4,12,2
2025-11-21,louvart ia,24,56,5
2025-11-21,lovar,25,43,1
2025-11-21,lovart (free ai illustration generator),0,1,1
2025-11-21,lovart ai,745,1812,3
2025-11-21,lovart ai app,1,1,1
2025-11-21,lovart ai free,5,28,3
2025-11-21,lovart ai login,221,1080,3
2025-11-21,lovart ai官网,424,1337,3
2025-11-21,lovart all,1,3,4
2025-11-21,lovart ia,196,373,3
2025-11-21,lovart login,41,141,3
2025-11-21,lovart nano banana,6,30,4
2025-11-21,lovart the design agent,7,11,1
2025-11-21,lovart.ai,1581,3585,3
2025-11-21,lovart.ai code,72,239,2
2025-11-21,lovart.ai login,4,11,2
2025-11-21,lovart.ai/home,3,11,3
2025-11-21,lovart.ia,93,234,3
2025-11-21,lovart_ai,10,26,5
2025-11-21,lovarte,10,28,4
2025-11-21,lovartlogo,36,138,4
2025-11-21,lovarts,3,16,6
2025-11-21,lovart中国官网入口,50,130,3
2025-11-21,lovart官网,2350,5695,4
2025-11-21,lovart官网入口,12,45,4
2025-11-21,lovart官网登入,8,12,2
2025-11-21,lovart是哪家公司的,0,19,3
2025-11-21,lovart（www.lovart.ai）,1,11,4
2025-11-21,lovart：https://www.lovart.ai/,5,15,3
2025-11-21,love art ai,519,1035,2
2025-11-21,loveai,10,160,4
2025-11-21,loveart,1153,1688,2
2025-11-21,loveart ia,31,52,2
2025-11-21,loveart官网,62,131,3
2025-11-21,lovert,134,294,4
2025-11-21,lovertai,15,27,4
2025-11-21,lovrt,9,11,1
2025-11-21,lovwrt,6,5,1
2025-11-21,lvart,8,13,4
2025-11-21,nano banana 2 free,0,1,6
2025-11-21,pix art ai,0,1,4
2025-11-21,pixai,2,406,6
2025-11-21,seaart,4,510,5
2025-11-21,seaart ai,2,409,5
2025-11-21,seaart ai kiss,0,1,2
2025-11-21,seaart.ai,0,94,4
2025-11-21,seaart/ai,0,30,3
2025-11-21,seart ai,0,42,4
2025-11-21,shutterstock ai,0,11,3
2025-11-21,site:www.lovart.ai,0,14,4
2025-11-21,sora2,0,63,7
2025-11-21,steve ai,1,101,4
2025-11-21,veed,0,12,4
2025-11-21,veed.io,0,97,3
2025-11-21,veed.io ai,0,171,5
2025-11-21,www lovart ai,2,25,4
2025-11-21,www.lovart.ai,78,272,3
2025-11-21,ロバートai,0,1,3
2025-11-21,画像アップスケール 無料,0,1,7
2025-11-28,: https://www.lovart.ai,2,16,3
2025-11-28,ai design,2,16,8
2025-11-28,aloveart,5,1,1
2025-11-28,chat text and image,1,1,1
2025-11-28,ehttps://www.lovart.ai,3,11,4
2025-11-28,hey gen,10,7071,6
2025-11-28,hey gen ai,0,1132,8
2025-11-28,higgsfield,1,1387,7
2025-11-28,higgsfield ai,7,3765,6
2025-11-28,https www lovart ai,75,311,2
2025-11-28,https www lovart ai zh home,2,14,4
2025-11-28,https www.lovart.ai,10,44,3
2025-11-28,https%3a%2f%2fwww.lovart.ai%2fzh%2fhome,15,55,4
2025-11-28,https:// lovart.ai,25,95,3
2025-11-28,https://www.lovart ai/zh/home,1,12,3
2025-11-28,https://www.lovart.ai,51,342,3
2025-11-28,https://www.lovart.ai/,127,657,3
2025-11-28,https://www.lovart.ai/canvas?agent=1&newproject=true&chatinputform=localstorage,6,22,5
2025-11-28,https://www.lovart.ai/home,10,65,4
2025-11-28,https://www.lovart.ai/zh,57,165,3
2025-11-28,https://www.lovart.ai/zh/home,139,412,3
2025-11-28,https://www.lovart.ai/zh/projects,9,39,5
2025-11-28,https：//lovart.ai,18,158,3
2025-11-28,https：//www.lovart.ai/,19,77,3
2025-11-28,iloveart,5,11,2
2025-11-28,l0vart,21,27,3
2025-11-28,lavart,316,429,1
2025-11-28,lavart ai,4,11,4
2025-11-28,lavort,80,160,3
2025-11-28,lo v a r t,17688,36292,4
2025-11-28,lo'var't,5,11,5
2025-11-28,loart,114,134,1
2025-11-28,lobart,12,18,1
2025-11-28,louvart,19,27,1
2025-11-28,louvart ia,22,65,4
2025-11-28,lovaart,34,47,2
2025-11-28,lovairt.ia,1,1,1
2025-11-28,lovar,84,107,1
2025-11-28,lovard,8,13,3
2025-11-28,lovart a,3,11,4
2025-11-28,lovart ai,1347,3089,3
2025-11-28,lovart ai free,24,109,3
2025-11-28,lovart ai free nano banana pro banana-on-us,1,15,5
2025-11-28,lovart ai login,623,2778,3
2025-11-28,lovart ai nano banana,2,13,5
2025-11-28,lovart ai sign in,3,11,3
2025-11-28,lovart ai website,6,31,3
2025-11-28,lovart ai官网,3439,9315,3
2025-11-28,lovart al,18,26,2
2025-11-28,lovart app,2,11,4
2025-11-28,lovart ia,181,428,3
2025-11-28,lovart login,35,106,3
2025-11-28,lovart nano banana,39,141,3
2025-11-28,lovart sign in,3,15,2
2025-11-28,lovart.,9,16,4
2025-11-28,lovart.ai,2942,6155,3
2025-11-28,lovart.ai code,52,180,1
2025-11-28,lovart.ai login,10,32,3
2025-11-28,lovart.ai/canvas,1,12,2
2025-11-28,lovart.ia,79,174,3
2025-11-28,lovart.the design,5,11,5
2025-11-28,lovarte,4,13,4
2025-11-28,lovarthttps://www.lovart.ai/zh/home,1,14,4
2025-11-28,lovartlogo,31,97,3
2025-11-28,lovart【也有banana pro免费额度】 https://www.lovart.ai/zh,3,17,5
2025-11-28,lovart中国官网入口,129,264,4
2025-11-28,lovart中文版,1,15,4
2025-11-28,lovart官网,2205,4724,4
2025-11-28,lovart官网入口,64,81,2
2025-11-28,lovart官网登入,3,11,3
2025-11-28,lovart是什么,2,19,2
2025-11-28,lovart是哪家公司的,8,134,3
2025-11-28,love adt ai,1,2,1
2025-11-28,love art ai,821,1533,2
2025-11-28,loveai,6,76,5
2025-11-28,loveart,2272,3235,1
2025-11-28,loveart ia,15,33,2
2025-11-28,loveart.ai,6,29,2
2025-11-28,loveart官网,79,179,4
2025-11-28,lover ai,9,14,2
2025-11-28,loverart,19,25,1
2025-11-28,lovert,345,703,4
2025-11-28,lovertai,63,115,3
2025-11-28,lovort,10,13,4
2025-11-28,lovrt,29,30,1
2025-11-28,lovrt ia,1,1,1
2025-11-28,lvart,7,20,5
2025-11-28,seaart,0,735,5
2025-11-28,seaart ai,4,611,5
2025-11-28,seaart.ai,2,147,4
2025-11-28,support@lovart.ai,8,75,3
2025-11-28,www lovart ai,5,12,4
2025-11-28,www.lovart,24,45,4
2025-11-28,www.lovart.ai,111,358,3
2025-11-28,www.lovart.com,13,36,4
2025-11-28,www،lovart،ai,2,12,4
2025-11-28,مخرشقف,13,30,4
2025-11-28,موقع lovart,5,12,4
2025-11-28,ロバートai,1,1,3
2025-11-28,洛瓦特,12,12,1
2025-12-05,ai enhancer,5,214,8
2025-12-05,ai face swap,39,1341,5
2025-12-05,ai face swap free,4,67,7
2025-12-05,ai face swapper,5,48,6
2025-12-05,ai image enhancer,4,274,8
2025-12-05,ai photo enhancer,3,282,8
2025-12-05,civitai,14,4425,5
2025-12-05,craiyon,10,1337,4
2025-12-05,deepfake ai face swap,4,4,10
2025-12-05,ehttps://www.lovart.a,5,12,5
2025-12-05,ehttps://www.lovart.ai,10,70,3
2025-12-05,face swap,28,1836,7
2025-12-05,face swap ai,12,805,7
2025-12-05,face swap ai free,3,111,7
2025-12-05,face swap free,4,153,7
2025-12-05,face swap online,5,63,6
2025-12-05,face swap online free,3,61,7
2025-12-05,fotor,12,686,5
2025-12-05,fotor ai image generator,3,24,5
2025-12-05,free face swap,3,51,7
2025-12-05,https www lovart ai,85,293,2
2025-12-05,https www lovart ai home,3,12,4
2025-12-05,https www lovart ai zh home,12,40,2
2025-12-05,https www.lovart.ai,41,116,2
2025-12-05,https:// lovart.ai,12,57,3
2025-12-05,https://www.lovart.ai,68,416,3
2025-12-05,https://www.lovart.ai/,138,801,3
2025-12-05,https://www.lovart.ai/home,14,65,4
2025-12-05,https://www.lovart.ai/zh,133,214,2
2025-12-05,https://www.lovart.ai/zh/home,223,500,2
2025-12-05,https：//www.lovart.ai/,18,64,2
2025-12-05,image enhancer,6,508,9
2025-12-05,image upscaler,4,742,9
2025-12-05,image upscaler free,3,72,10
2025-12-05,iovart,4,12,5
2025-12-05,kling 01,15,206,3
2025-12-05,kling o1,7,159,5
2025-12-05,l0vart,13,19,4
2025-12-05,lavart,393,465,1
2025-12-05,lavart ai,9,25,3
2025-12-05,lavort,95,170,3
2025-12-05,lavortai,4,12,3
2025-12-05,lavort官网,8,18,5
2025-12-05,lo v a r t,18495,39990,4
2025-12-05,loart,120,157,1
2025-12-05,locart,6,11,1
2025-12-05,loovart,8,22,5
2025-12-05,louvart ia,19,63,4
2025-12-05,lovaart,53,63,1
2025-12-05,lovar,95,122,1
2025-12-05,lovard,47,52,1
2025-12-05,lovari ai,4,13,4
2025-12-05,lovart ai,1286,2905,3
2025-12-05,lovart ai free,18,128,4
2025-12-05,lovart ai login,789,3876,4
2025-12-05,lovart ai login image to video,4,12,3
2025-12-05,lovart ai sign in,8,24,2
2025-12-05,lovart ai官网,5105,11208,3
2025-12-05,lovart al,13,32,3
2025-12-05,lovart ia,123,340,3
2025-12-05,lovart login,40,137,3
2025-12-05,lovart nano banana,24,86,4
2025-12-05,"lovart,ai",4,11,4
2025-12-05,lovart.ai,2680,5967,4
2025-12-05,lovart.ai code,45,201,2
2025-12-05,lovart.ai dev,15,25,2
2025-12-05,lovart.ai login,4,12,3
2025-12-05,lovart.com,9,14,3
2025-12-05,lovart.ia,62,286,4
2025-12-05,lovarte,21,50,4
2025-12-05,lovartlogo,42,195,5
2025-12-05,lovart中国官网入口,162,254,2
2025-12-05,lovart中文官网下载,4,16,3
2025-12-05,lovart官网,2300,4890,5
2025-12-05,lovart官网入口,60,125,2
2025-12-05,lovart是哪家公司的,11,131,3
2025-12-05,lovart：https://lovart.ai,35,120,3
2025-12-05,love art ai,857,1685,2
2025-12-05,loveart,2272,3828,3
2025-12-05,loveart ia,30,47,1
2025-12-05,loveart.ai,4,11,3
2025-12-05,loveart官网,141,298,5
2025-12-05,lover ai,30,42,1
2025-12-05,loverart,7,14,1
2025-12-05,lovert,344,725,5
2025-12-05,lovertai,48,85,3
2025-12-05,lovrart,12,24,3
2025-12-05,lovrt,34,42,1
2025-12-05,lowart,13,14,2
2025-12-05,support@lovart.ai,12,74,3
2025-12-05,swap face ai,5,212,7
2025-12-05,upscale,3,131,8
2025-12-05,upscale image,11,1084,9
2025-12-05,upscaler,4,178,8
2025-12-05,www lovart ai,12,54,2
2025-12-05,www.lovart,16,41,5
2025-12-05,www.lovart.ai,140,316,2
2025-12-05,www.lovart.com,5,16,5
2025-12-05,مخرشقف,19,52,3
2025-12-05,洛瓦特,11,14,1
2025-12-12,ai face swap,52,2034,6
2025-12-12,ai face swap free,3,75,8
2025-12-12,ai image enhancer,5,475,8
2025-12-12,ai image upscaler,3,336,9
2025-12-12,ai upscale,5,115,8
2025-12-12,ai upscaler,3,374,9
2025-12-12,civitai,15,6886,5
2025-12-12,craiyon,13,1916,4
2025-12-12,ehttps://www.lovart.ai,31,113,3
2025-12-12,face swap,40,1565,7
2025-12-12,face swap ai,32,878,7
2025-12-12,face swap online,8,81,7
2025-12-12,fotor,13,771,5
2025-12-12,freepik,9,3444,5
2025-12-12,https www lovart ai,46,125,2
2025-12-12,https www lovart ai zh home,6,24,3
2025-12-12,https www.lovart.ai,11,58,3
2025-12-12,https:// lovart.ai,13,74,3
2025-12-12,https://www.loovart.ai,11,13,1
2025-12-12,https://www.lovart.ai,51,251,3
2025-12-12,https://www.lovart.ai/,112,436,3
2025-12-12,https://www.lovart.ai/home,103,275,3
2025-12-12,https://www.lovart.ai/zh,135,254,3
2025-12-12,https://www.lovart.ai/zh/home,225,564,3
2025-12-12,https://www.lovart.ai/zh/pricing,3,19,4
2025-12-12,https：//www.lovart.ai/,11,49,3
2025-12-12,https：//www.lovart.ai/zh/home,4,13,3
2025-12-12,image enhancer ai,4,144,8
2025-12-12,image upscaler,10,2150,10
2025-12-12,image upscaler ai,3,91,9
2025-12-12,kling 01,9,281,5
2025-12-12,lavart,303,402,1
2025-12-12,lavart ai,11,28,3
2025-12-12,lavort,137,224,3
2025-12-12,lavort官网,4,25,5
2025-12-12,lo v a r t,18792,38776,4
2025-12-12,loart,121,164,1
2025-12-12,logo maker ai,3,79,9
2025-12-12,loovart,8,16,5
2025-12-12,lorvart,17,33,3
2025-12-12,louvart,12,14,2
2025-12-12,louvart ia,20,69,3
2025-12-12,lovar,90,126,1
2025-12-12,lovard,33,47,1
2025-12-12,lovari ai,4,21,4
2025-12-12,lovart ai,1322,3005,3
2025-12-12,lovart ai free,23,130,4
2025-12-12,lovart ai login,328,2031,4
2025-12-12,lovart ai sign in,12,35,3
2025-12-12,lovart ai官网,5617,10856,3
2025-12-12,lovart entrar,4,21,5
2025-12-12,lovart ia,153,368,3
2025-12-12,lovart login,76,294,3
2025-12-12,lovart nano banana,48,166,5
2025-12-12,lovart.a,13,26,4
2025-12-12,lovart.ai,2646,5665,3
2025-12-12,lovart.ai code,40,109,2
2025-12-12,lovart.ai dev,6,14,4
2025-12-12,lovart.ai login,11,42,4
2025-12-12,lovart.ia,80,146,3
2025-12-12,lovarte,10,16,4
2025-12-12,lovartlogo,42,171,5
2025-12-12,lovart、,7,11,2
2025-12-12,lovart中国官网入口,206,302,2
2025-12-12,lovart中文版,9,40,4
2025-12-12,lovart官网,2164,4522,4
2025-12-12,lovart官网入口,77,85,2
2025-12-12,lovart官网登入,4,13,3
2025-12-12,lovart是哪家公司的,16,133,3
2025-12-12,lovato ai,4,11,3
2025-12-12,love art ai,728,1448,2
2025-12-12,loveai,7,55,6
2025-12-12,loveart,2175,4394,4
2025-12-12,loveart ia,6,11,2
2025-12-12,loveart.ai,8,16,2
2025-12-12,loveart官网,102,270,4
2025-12-12,lovert,370,805,4
2025-12-12,lovertai,51,147,4
2025-12-12,lovort,3,13,5
2025-12-12,lovrat,9,13,1
2025-12-12,lovrt,42,50,1
2025-12-12,lowart,8,13,1
2025-12-12,luvart,7,12,1
2025-12-12,photo enhancer,6,176,8
2025-12-12,photo enhancer ai,3,55,8
2025-12-12,support@lovart.ai,3,14,2
2025-12-12,swap face ai,4,164,8
2025-12-12,ttps://www.lovart.ai/,16,35,3
2025-12-12,upscale,5,1071,8
2025-12-12,upscale ai,5,347,9
2025-12-12,upscale image,18,3053,10
2025-12-12,upscale image ai,5,152,9
2025-12-12,upscaler,4,686,8
2025-12-12,www lovart ai,50,117,3
2025-12-12,www.lovart,17,44,4
2025-12-12,www.lovart.ai,105,232,2
2025-12-12,www.lovart.com,16,66,5
2025-12-12,لوفارت,19,23,1
2025-12-12,مخرشقف,3,15,5
2025-12-12,洛瓦特,7,12,1
2025-12-19,ai face swap,12,243,7
2025-12-19,artlist,6,542,4
2025-12-19,canva,14,189610,9
2025-12-19,canva ai,21,4703,5
2025-12-19,canva ai image generator,10,1075,3
2025-12-19,civitai,2,275,6
2025-12-19,drawing by ai,2,646,6
2025-12-19,ehttps://www.lovart.ai,29,184,4
2025-12-19,freepik,45,28401,5
2025-12-19,https //www.lovart.ai/,3,15,3
2025-12-19,https www lovart ai,48,156,2
2025-12-19,https www lovart ai home,4,29,3
2025-12-19,https www lovart ai zh,6,15,2
2025-12-19,https www lovart ai zh home,9,34,3
2025-12-19,https www.lovart.ai,13,38,3
2025-12-19,https:// lovart.ai,9,26,2
2025-12-19,https://www.lovart.ai,62,226,3
2025-12-19,https://www.lovart.ai/,124,518,2
2025-12-19,https://www.lovart.ai/canvas?ls=1&newproject=true,7,12,5
2025-12-19,https://www.lovart.ai/zh,261,852,3
2025-12-19,https://www.lovart.ai/zh/home,366,958,3
2025-12-19,https：//www.lovart.ai/,3,13,2
2025-12-19,https：//www.lovart.ai/zh/home,3,12,3
2025-12-19,image upscaler,4,337,10
2025-12-19,lavart,367,628,3
2025-12-19,lavart ai,17,40,3
2025-12-19,lavort,135,219,3
2025-12-19,leonardo ai,3,1646,7
2025-12-19,lo,14,314,2
2025-12-19,lo v a r t,20858,46701,4
2025-12-19,loart,137,255,3
2025-12-19,loart官网,7,11,3
2025-12-19,locart,15,31,3
2025-12-19,lorvart,17,40,5
2025-12-19,louvart,8,12,3
2025-12-19,louvart ia,12,23,4
2025-12-19,lov,3,12,1
2025-12-19,lovaart,59,95,3
2025-12-19,lovaet,10,12,1
2025-12-19,lovar,124,208,3
2025-12-19,lovar ai,7,15,5
2025-12-19,lovard,33,50,2
2025-12-19,lovarrt,6,16,4
2025-12-19,lovart ai,1426,3292,3
2025-12-19,lovart ai free,17,106,4
2025-12-19,lovart ai login,115,658,4
2025-12-19,lovart ai sign in,23,127,4
2025-12-19,lovart ai website,17,43,3
2025-12-19,lovart ai官网,6414,13832,3
2025-12-19,lovart entrar,5,13,4
2025-12-19,lovart ia,141,303,3
2025-12-19,lovart login,79,318,4
2025-12-19,lovart nano banana,68,187,3
2025-12-19,lovart touch edit,27,35,1
2025-12-19,lovart | the world’s first design agent for all design purposes,8,15,4
2025-12-19,"lovart,ai/canvas?projectld=96427a560052471fa1290bcf4cfa6d2d&agent=1",5,12,2
2025-12-19,lovart-mockup,3,11,4
2025-12-19,lovart.ai,2644,5780,3
2025-12-19,lovart.ai code,40,138,2
2025-12-19,lovart.ai login,7,35,4
2025-12-19,lovart.ia,15,38,4
2025-12-19,lovarte,24,46,4
2025-12-19,lovartlogo,25,127,4
2025-12-19,lovart中国官网入口,253,388,3
2025-12-19,lovart中文版,20,47,4
2025-12-19,lovart官网,2693,5585,5
2025-12-19,lovart官网入口,58,113,3
2025-12-19,lovart官网登入,4,12,4
2025-12-19,lovart是哪家公司的,12,111,3
2025-12-19,lovat,68,124,3
2025-12-19,lovatr,7,27,4
2025-12-19,love art ai,756,1529,2
2025-12-19,loveai,6,91,6
2025-12-19,loveart,2424,4961,4
2025-12-19,loveart ia,22,54,3
2025-12-19,loveart.ai,7,22,4
2025-12-19,loveart官网,100,228,5
2025-12-19,lover ai,58,105,2
2025-12-19,loverart,59,92,3
2025-12-19,lovert,444,968,4
2025-12-19,lovert.ai,6,14,3
2025-12-19,lovertai,34,108,4
2025-12-19,lovrart,11,15,5
2025-12-19,lovrat,48,72,3
2025-12-19,lovrt,58,132,3
2025-12-19,lowart,29,37,1
2025-12-19,luvart,15,30,3
2025-12-19,lvart,22,60,4
2025-12-19,nano banana+lovart,9,15,9
2025-12-19,openart,2,1218,4
2025-12-19,see dream 4.5 free,3,12,70
2025-12-19,support@lovart.ai,4,16,2
2025-12-19,www lovart ai,15,76,3
2025-12-19,www.lovart,13,36,3
2025-12-19,www.lovart.ai,142,313,2
2025-12-19,www.lovartai/zh/hom,19,34,5
2025-12-19,www.love art,4,11,3
2025-12-19,لوفارت,6,11,3
2025-12-19,洛瓦特,25,46,2
2025-12-19,洛瓦特ai,11,29,4
2025-12-26,.lovart,9,15,1
2025-12-26,adobe firefly,7,2830,5
2025-12-26,canva ai,6,2328,6
2025-12-26,canva ai image generator,6,454,3
2025-12-26,craiyon,5,324,3
2025-12-26,ehttps://www.lovart.ai,126,185,2
2025-12-26,https www lovart ai,88,219,3
2025-12-26,https www lovart ai home,12,42,5
2025-12-26,https www lovart ai zh,13,26,4
2025-12-26,https www lovart ai zh home,19,24,2
2025-12-26,https www.lovart.ai,27,43,2
2025-12-26,https:// lovart.ai,41,93,3
2025-12-26,https://lovart.ai/zh,7,19,3
2025-12-26,https://www.lovart.ai,102,181,2
2025-12-26,https://www.lovart.ai/,274,547,2
2025-12-26,https://www.lovart.ai/home,5,22,4
2025-12-26,https://www.lovart.ai/zh,963,1567,3
2025-12-26,https://www.lovart.ai/zh/home,534,909,3
2025-12-26,https://www.lovart.ai/zh/projects,13,23,3
2025-12-26,https://www.lovart.ai/zh）,11,11,1
2025-12-26,https：//www.lovart.ai/,8,13,4
2025-12-26,lavart,349,542,3
2025-12-26,lavart ai,19,28,3
2025-12-26,lavart官方网站入口,14,26,5
2025-12-26,lavort,163,284,4
2025-12-26,lavort官网,44,59,5
2025-12-26,lo,8,290,2
2025-12-26,lo ai,13,12,5
2025-12-26,lo v a r t,25239,39592,3
2025-12-26,loart,157,233,3
2025-12-26,lobart,27,41,2
2025-12-26,locart,32,43,2
2025-12-26,loovart,17,21,5
2025-12-26,lorvart,6,11,4
2025-12-26,lov,69,193,1
2025-12-26,lovaart,30,66,3
2025-12-26,lovaet,8,15,5
2025-12-26,lovant,6,11,1
2025-12-26,lovar,180,254,2
2025-12-26,lovard,13,19,2
2025-12-26,lovart ai,1441,2457,3
2025-12-26,lovart ai login,104,355,5
2025-12-26,lovart ai website,16,43,2
2025-12-26,lovart ai官网,6913,10892,2
2025-12-26,lovart ai官网下载,27,26,1
2025-12-26,lovart al,6,12,6
2025-12-26,lovart ia,111,172,2
2025-12-26,lovart login,98,340,4
2025-12-26,lovart nano banana,69,186,2
2025-12-26,lovart 中文,8,13,3
2025-12-26,lovart 网站,25,25,2
2025-12-26,"lovart,ai/canvas?projectld=96427a560052471fa1290bcf4cfa6d2d&agent=1",13,14,3
2025-12-26,lovart.,8,12,2
2025-12-26,lovart.a,33,44,2
2025-12-26,lovart.ai,2648,5164,3
2025-12-26,lovart.ai code,12,40,4
2025-12-26,lovart.ai dev,7,17,5
2025-12-26,lovart.ai login,19,52,5
2025-12-26,lovart.ia,7,20,3
2025-12-26,lovarte,13,36,4
2025-12-26,lovartlogo,31,68,4
2025-12-26,lovart中国官网入口,539,683,3
2025-12-26,lovart中文版,71,111,4
2025-12-26,lovart官网,3907,5206,3
2025-12-26,lovart官网入口,144,446,5
2025-12-26,lovart官网登入,19,68,6
2025-12-26,lovart无法访问,11,34,7
2025-12-26,lovart是哪家公司的,23,180,2
2025-12-26,lovart进不去,8,18,2
2025-12-26,lovat,190,292,3
2025-12-26,lovatr,28,63,5
2025-12-26,love art ai,654,1077,2
2025-12-26,loveart,2266,3725,3
2025-12-26,loveart ia,8,12,1
2025-12-26,loveart.ai,7,27,4
2025-12-26,lovearts ai,7,11,1
2025-12-26,loveart官网,248,298,2
2025-12-26,lover ai,106,168,2
2025-12-26,lover art ai,9,14,3
2025-12-26,loverart,12,25,4
2025-12-26,lovert,492,808,3
2025-12-26,lovertai,68,204,5
2025-12-26,loviart,5,21,4
2025-12-26,lovrat,39,48,3
2025-12-26,lovrat ai,26,24,1
2025-12-26,lovrt,98,242,3
2025-12-26,lowart,44,54,1
2025-12-26,luvart,14,23,2
2025-12-26,lvart,23,50,3
2025-12-26,openart ai,6,1698,5
2025-12-26,ovart,6,16,3
2025-12-26,support@lovart.ai,9,25,3
2025-12-26,www lovart ai,45,153,3
2025-12-26,www.lovart,10,17,2
2025-12-26,www.lovart.a,30,21,1
2025-12-26,www.lovart.ai,220,472,2
2025-12-26,www.lovart.com,24,22,2
2025-12-26,مخرشقف,16,70,5
2025-12-26,洛瓦特,118,152,3
2025-12-26,洛瓦特ai,6,11,2
2026-01-02,ai,2,197,8
2026-01-02,aiease.ai,2,47,7
2026-01-02,capcut,2,8819,8
2026-01-02,capcut ai video generator,2,79,6
2026-01-02,craiyon,4,440,3
2026-01-02,craiyon ai,6,161,2
2026-01-02,dream machine,3,121,4
2026-01-02,ehttps://www.lovart.ai,149,257,2
2026-01-02,haiper,2,66,5
2026-01-02,haiper ai,4,60,4
2026-01-02,http://lovart.ai/,6,14,5
2026-01-02,https www lovart ai,92,204,3
2026-01-02,https www lovart ai home,3,14,4
2026-01-02,https www lovart ai zh home,23,37,3
2026-01-02,https www.lovart.ai,81,135,1
2026-01-02,https:// lovart.ai,108,79,1
2026-01-02,https://www.lovart.,4,12,4
2026-01-02,https://www.lovart.ai,140,230,2
2026-01-02,https://www.lovart.ai/,288,506,2
2026-01-02,https://www.lovart.ai/canvas?utm_source=index&utm_campaign=1&projectid=d60a03297c9b431790ae9dcd195dcbe5&agent=1,16,11,3
2026-01-02,https://www.lovart.ai/zh,658,778,2
2026-01-02,https://www.lovart.ai/zh/home,400,471,2
2026-01-02,https://www.lovart.ai/zh/projects,33,20,3
2026-01-02,lavart,321,363,2
2026-01-02,lavort,150,155,2
2026-01-02,lavort官网,55,78,5
2026-01-02,lo v a r t,26058,30457,2
2026-01-02,loart,205,209,2
2026-01-02,lobart,9,12,5
2026-01-02,locart,34,26,1
2026-01-02,lov,17,65,3
2026-01-02,lovaart,38,58,3
2026-01-02,lovaet,14,26,5
2026-01-02,lovar,167,189,2
2026-01-02,lovard,6,12,4
2026-01-02,lovart ai,1857,2750,2
2026-01-02,lovart ai free,2,24,2
2026-01-02,lovart ai login,61,216,5
2026-01-02,lovart ai sign in,9,45,5
2026-01-02,lovart ai website,29,47,3
2026-01-02,lovart ai官网,7417,8757,2
2026-01-02,lovart ai官网下载,39,41,2
2026-01-02,lovart al,7,11,4
2026-01-02,lovart ia,198,297,2
2026-01-02,lovart login,74,277,6
2026-01-02,lovart nano banana,45,147,3
2026-01-02,lovart 中文,38,77,3
2026-01-02,lovart 官方网站,22,22,5
2026-01-02,lovart 网站,73,80,2
2026-01-02,lovart.,16,22,4
2026-01-02,lovart.ai,3463,4936,2
2026-01-02,lovart.ai code,7,13,2
2026-01-02,lovart.ai login,15,41,5
2026-01-02,lovart.ai/home,6,17,4
2026-01-02,lovart.ia,49,75,1
2026-01-02,lovarti.ia,4,24,5
2026-01-02,lovartlogo,27,74,4
2026-01-02,lovartr,17,22,4
2026-01-02,lovart中国官网入口,758,804,2
2026-01-02,lovart中文版,95,170,3
2026-01-02,lovart官网,3924,5074,4
2026-01-02,lovart官网入口,255,341,4
2026-01-02,lovart官网登入,26,90,6
2026-01-02,lovart客服,5,14,8
2026-01-02,lovart打不开,23,87,6
2026-01-02,lovart是哪家公司的,31,138,2
2026-01-02,lovart登录,30,78,5
2026-01-02,lovart进不去,3,35,4
2026-01-02,lovat,187,233,3
2026-01-02,lovatr,27,63,5
2026-01-02,love art ai,338,829,4
2026-01-02,loveart,1778,2534,2
2026-01-02,loveart.ai,8,27,6
2026-01-02,loveart官网,279,271,1
2026-01-02,lover ai,48,59,3
2026-01-02,lovert,469,578,3
2026-01-02,lovertai,47,98,4
2026-01-02,lovrat,27,24,1
2026-01-02,lovrt,87,144,3
2026-01-02,lowart,11,32,4
2026-01-02,luma dream machine,3,441,5
2026-01-02,open ai sora,3,116,3
2026-01-02,ovart,5,11,3
2026-01-02,pixai,4,1468,5
2026-01-02,pixverse,6,2283,6
2026-01-02,pixverse ai,7,2155,6
2026-01-02,seaart,2,310,4
2026-01-02,sora,29,4328,6
2026-01-02,sora ai,45,3427,2
2026-01-02,sora open ai,2,333,3
2026-01-02,starry ai,4,112,4
2026-01-02,ttps://www.lovart.ai/zh,10,34,4
2026-01-02,veo3,3,103,6
2026-01-02,wan 2.1,3,305,6
2026-01-02,www lovart ai,47,101,3
2026-01-02,www.lovart,30,61,3
2026-01-02,www.lovart.ai,455,722,2
2026-01-02,www.lovart.com,11,32,4
2026-01-02,مخرشقف,5,29,5
2026-01-02,洛瓦特,54,52,2
2026-01-09,art list ai,3,411,4
2026-01-09,capcut,18,39965,9
2026-01-09,capcut ai,8,1000,4
2026-01-09,craiyon,5,645,3
2026-01-09,craiyon ai,3,114,3
2026-01-09,deepai,8,3322,7
2026-01-09,ehttps://www.lovart.ai,63,83,1
2026-01-09,haiper,5,129,7
2026-01-09,haiper ai,3,174,4
2026-01-09,http://lovart.ai/,10,15,4
2026-01-09,https www lovart ai,90,179,3
2026-01-09,https www lovart ai zh,26,37,2
2026-01-09,https www lovart ai zh home,26,33,3
2026-01-09,https www.lovart.ai,86,187,3
2026-01-09,https:// lovart.ai,17,24,2
2026-01-09,https://www.lovart.ai,98,215,3
2026-01-09,https://www.lovart.ai/,245,452,3
2026-01-09,https://www.lovart.ai/home,12,13,4
2026-01-09,https://www.lovart.ai/zh,412,669,8
2026-01-09,https://www.lovart.ai/zh/home,263,527,4
2026-01-09,https://www.lovart.ai/zh/projects,5,30,5
2026-01-09,httpswww.lovart.aizh,7,16,5
2026-01-09,https：//www.lovart.ai/,5,11,1
2026-01-09,lavart,405,471,2
2026-01-09,lavart官方网站入口,9,11,5
2026-01-09,lavort,152,216,2
2026-01-09,lavort官网,47,74,5
2026-01-09,lo v a r t,29129,44202,3
2026-01-09,loart,206,232,2
2026-01-09,lobart,5,17,5
2026-01-09,locart,14,32,3
2026-01-09,lorvart,8,16,5
2026-01-09,louvart,8,11,1
2026-01-09,louvart ai,5,12,4
2026-01-09,lovaart,64,90,3
2026-01-09,lovar,167,217,2
2026-01-09,lovard,14,30,4
2026-01-09,lovart ai,2358,3873,4
2026-01-09,lovart ai free,13,40,2
2026-01-09,lovart ai login,74,268,5
2026-01-09,lovart ai sign in,5,28,5
2026-01-09,lovart ai website,66,158,3
2026-01-09,lovart ai官网,7326,14328,3
2026-01-09,lovart al,16,11,3
2026-01-09,lovart app,5,11,13
2026-01-09,lovart ia,220,340,2
2026-01-09,lovart login,60,307,6
2026-01-09,lovart nano banana,18,88,4
2026-01-09,lovart | the world’s first design agent for all design purposes,8,12,4
2026-01-09,lovart 中文,34,80,3
2026-01-09,lovart 网站,56,108,3
2026-01-09,lovart.,12,14,3
2026-01-09,lovart.ai,3881,6942,4
2026-01-09,lovart.ai code,5,15,5
2026-01-09,lovart.ai dev,8,22,5
2026-01-09,lovart.ai login,23,50,5
2026-01-09,lovart.ia,90,137,2
2026-01-09,lovarti.ia,7,13,5
2026-01-09,lovartlogo,23,122,4
2026-01-09,lovart中国官网,3,30,5
2026-01-09,lovart中国官网入口,415,559,2
2026-01-09,lovart中文版,79,137,2
2026-01-09,lovart官网,3324,5354,3
2026-01-09,lovart官网入口,295,367,2
2026-01-09,lovart官网入口网页版,24,27,3
2026-01-09,lovart官网登入,36,90,4
2026-01-09,lovart是哪家公司的,29,289,4
2026-01-09,lovat,113,213,4
2026-01-09,lovat ai,6,12,2
2026-01-09,lovat nano banana,4,15,2
2026-01-09,lovatr,39,68,4
2026-01-09,love art ai,363,1094,5
2026-01-09,loveart,2027,3278,3
2026-01-09,loveart ia,11,28,2
2026-01-09,lovearts ai,8,13,1
2026-01-09,loveart官网,253,287,2
2026-01-09,lovert,504,685,2
2026-01-09,lovertai,83,188,4
2026-01-09,lovort,31,40,2
2026-01-09,lovrat,20,30,1
2026-01-09,lovrat ai,26,108,4
2026-01-09,lovrt,158,212,3
2026-01-09,lvart,10,18,3
2026-01-09,open ai sora,8,573,4
2026-01-09,openart,9,1143,3
2026-01-09,pixai,4,1650,5
2026-01-09,pollo,4,93,4
2026-01-09,seaart,3,751,4
2026-01-09,sora,481,36238,6
2026-01-09,sora ai,108,12647,5
2026-01-09,sora open ai,6,1012,4
2026-01-09,touch edit,5,11,4
2026-01-09,visit lovart.ai to learn more,3,29,23
2026-01-09,wan 2.1,5,149,6
2026-01-09,www lovart ai,106,179,2
2026-01-09,www.lovart,25,44,4
2026-01-09,www.lovart.a,10,12,5
2026-01-09,www.lovart.ai,302,515,3
2026-01-09,مخرشقف,10,61,4
2026-01-09,洛瓦特,4,16,5
2026-01-16,art list ai,4,647,3
2026-01-16,canva ai generator,3,27,3
2026-01-16,canva ai image generator,4,253,5
2026-01-16,capcut,6,4999,8
2026-01-16,craiyon,8,522,4
2026-01-16,craiyon ai,3,144,3
2026-01-16,deepai,4,5681,6
2026-01-16,ehttps://www.lovart.ai,19,37,2
2026-01-16,http://lovart.ai/,10,32,4
2026-01-16,https //www.lovart.ai/,8,34,4
2026-01-16,https www lovart ai,38,112,2
2026-01-16,https www lovart ai zh,32,81,3
2026-01-16,https www lovart ai zh home,11,13,3
2026-01-16,https www.lovart.ai,64,164,3
2026-01-16,https://www.lovart.ai,46,150,3
2026-01-16,https://www.lovart.ai/,202,542,3
2026-01-16,https://www.lovart.ai/zh,275,536,4
2026-01-16,https://www.lovart.ai/zh/home,140,493,4
2026-01-16,lavart,379,604,3
2026-01-16,lavert,36,70,4
2026-01-16,lavort,172,260,3
2026-01-16,lavort官网,65,104,4
2026-01-16,lo v a r t,27185,49655,3
2026-01-16,loart,192,250,2
2026-01-16,loart官网,7,12,4
2026-01-16,lobart,18,47,4
2026-01-16,locart,31,60,3
2026-01-16,louvart,10,18,3
2026-01-16,louvart ia,20,34,2
2026-01-16,lovaart,61,85,3
2026-01-16,lovaet,5,13,3
2026-01-16,lovalt,23,31,5
2026-01-16,lovar,145,222,2
2026-01-16,lovar.ai,3,12,5
2026-01-16,lovard,43,81,3
2026-01-16,lovart ai,1772,3063,2
2026-01-16,lovart ai free,5,29,2
2026-01-16,lovart ai login,54,204,6
2026-01-16,lovart ai website,159,399,3
2026-01-16,lovart ai官网,5850,13605,3
2026-01-16,lovart ai官网下载,6,11,3
2026-01-16,lovart ai官网打不开,17,55,7
2026-01-16,lovart al,8,15,3
2026-01-16,lovart app,12,43,2
2026-01-16,lovart ia,190,280,2
2026-01-16,lovart login,61,285,5
2026-01-16,lovart the world's first design agent,5,13,5
2026-01-16,lovart 中文,6,11,2
2026-01-16,lovart 网站,50,89,3
2026-01-16,lovart.,24,58,3
2026-01-16,lovart.a,7,11,5
2026-01-16,lovart.ai,3665,6972,3
2026-01-16,lovart.ai code,19,83,4
2026-01-16,lovart.ai home,3,11,4
2026-01-16,lovart.ai login,20,86,5
2026-01-16,lovart.ai官网,3,12,4
2026-01-16,lovart.ia,70,113,2
2026-01-16,lovarte,25,59,4
2026-01-16,lovartlogo,30,131,4
2026-01-16,lovart中国官网入口,223,385,2
2026-01-16,lovart中文版,69,136,2
2026-01-16,lovart官网,3093,5262,3
2026-01-16,lovart官网入口,202,438,2
2026-01-16,lovart官网入口网页版,8,13,3
2026-01-16,lovart官网登入,18,65,5
2026-01-16,lovart是哪家公司的,38,392,4
2026-01-16,lovat,195,288,3
2026-01-16,lovat nano banana,19,51,2
2026-01-16,lovatr,27,33,4
2026-01-16,love art ai,374,1115,4
2026-01-16,loveart,2273,4084,3
2026-01-16,loveart agent,10,11,2
2026-01-16,loveart ia,46,68,3
2026-01-16,loveart.ai,17,43,5
2026-01-16,lovearts ai,6,14,3
2026-01-16,loveart官网,147,296,2
2026-01-16,lover ai,8,15,3
2026-01-16,loverart,40,46,2
2026-01-16,lovert,615,904,3
2026-01-16,lovertai,71,193,5
2026-01-16,lovort,26,28,2
2026-01-16,lovrat,12,26,3
2026-01-16,lovrat ai,19,65,3
2026-01-16,lovrt,88,168,4
2026-01-16,lovrt官网,4,11,2
2026-01-16,lowart,18,25,2
2026-01-16,luvart,5,11,2
2026-01-16,open ai sora,3,121,6
2026-01-16,ovart,9,11,1
2026-01-16,seaart,4,717,4
2026-01-16,seaart ai,4,566,5
2026-01-16,sora,90,7815,7
2026-01-16,sora ai,56,4949,5
2026-01-16,sora open ai,4,262,6
2026-01-16,support@lovart.ai,7,39,5
2026-01-16,voart,9,13,2
2026-01-16,www lovart ai,71,190,2
2026-01-16,www.lovart,12,29,3
2026-01-16,www.lovart.ai,291,565,2
2026-01-16,洛瓦特,29,41,5
2026-01-23,canva ai image generator,4,622,3
2026-01-23,deepai,5,3026,6
2026-01-23,http//www.lovart.ai,12,29,5
2026-01-23,http://www.lovart.ai/zh/home,4,16,5
2026-01-23,https www lovart ai,25,63,3
2026-01-23,https www lovart ai home,4,28,5
2026-01-23,https www lovart ai zh,9,28,4
2026-01-23,https www.lovart.ai,64,198,4
2026-01-23,https://www.lovart.ai,42,140,4
2026-01-23,https://www.lovart.ai/,199,524,4
2026-01-23,https://www.lovart.ai/home,14,49,5
2026-01-23,https://www.lovart.ai/zh,192,621,5
2026-01-23,https://www.lovart.ai/zh/home,195,726,5
2026-01-23,https://www.lovart.ai/zh/projects,8,28,4
2026-01-23,lavart,362,465,2
2026-01-23,lavart ai,15,31,3
2026-01-23,lavart官方网站入口,7,14,3
2026-01-23,lavert,27,60,4
2026-01-23,lavort,129,215,3
2026-01-23,lavort官网,69,79,3
2026-01-23,lo v a r t,22479,43051,3
2026-01-23,loaqrt,3,12,6
2026-01-23,loart,156,201,1
2026-01-23,loart官网,17,18,4
2026-01-23,loavrt,28,27,2
2026-01-23,lobart,21,40,2
2026-01-23,locart,16,22,3
2026-01-23,loovart,4,15,6
2026-01-23,louvart ia,27,47,2
2026-01-23,lov ai,3,3,1
2026-01-23,lovaart,50,68,2
2026-01-23,lovaet,7,12,1
2026-01-23,lovar,104,156,1
2026-01-23,lovard,32,58,4
2026-01-23,lovard.ia,9,14,5
2026-01-23,lovarrt,6,11,5
2026-01-23,lovart ai,1711,3681,3
2026-01-23,lovart ai free,24,73,3
2026-01-23,lovart ai login,79,316,5
2026-01-23,lovart ai website,147,531,5
2026-01-23,lovart ai/zh,3,12,2
2026-01-23,lovart ai官网,4470,11307,4
2026-01-23,lovart al,9,16,2
2026-01-23,lovart ia,276,425,2
2026-01-23,lovart login,93,377,5
2026-01-23,lovart 网站,31,60,3
2026-01-23,lovart-ai,8,11,3
2026-01-23,lovart.ai,2998,6860,4
2026-01-23,lovart.ai code,52,147,3
2026-01-23,lovart.ai home,3,24,4
2026-01-23,lovart.ai login,16,68,5
2026-01-23,lovart.ai/home,6,17,6
2026-01-23,lovart.ia,53,100,2
2026-01-23,lovartai官网入口,4,24,2
2026-01-23,lovartbanana,5,11,5
2026-01-23,lovartlogo,29,111,3
2026-01-23,lovart下载,9,40,3
2026-01-23,lovart中国官网入口,153,292,2
2026-01-23,lovart中文版,18,57,1
2026-01-23,lovart官网,2175,3901,2
2026-01-23,lovart官网入口,181,395,3
2026-01-23,lovart官网入口网页版,13,40,4
2026-01-23,lovart官网登入,20,41,4
2026-01-23,lovart官网首页入口,4,15,6
2026-01-23,lovart是哪家公司的,8,223,6
2026-01-23,lovart登录,8,15,5
2026-01-23,lovat,195,378,4
2026-01-23,lovat nano banana,54,130,3
2026-01-23,lovato ai,4,17,4
2026-01-23,lovatr,20,34,5
2026-01-23,love art ai,594,1422,3
2026-01-23,loveai,5,73,5
2026-01-23,loveart,2484,4300,3
2026-01-23,loveart agent,6,11,5
2026-01-23,loveart ia,25,55,3
2026-01-23,loveart.ai,3,18,4
2026-01-23,lovearts ai,4,22,4
2026-01-23,loveart官网,145,245,3
2026-01-23,lover ai,87,150,2
2026-01-23,loverart,19,32,2
2026-01-23,lovert,483,704,3
2026-01-23,lovertai,61,241,5
2026-01-23,lovort,14,27,3
2026-01-23,lovrat,9,11,2
2026-01-23,lovrt,142,251,4
2026-01-23,lovrt官网,5,22,6
2026-01-23,lovyart,11,22,2
2026-01-23,lowart,35,48,2
2026-01-23,lowart ai,10,22,2
2026-01-23,luvart,12,14,1
2026-01-23,nano banana,3,293,10
2026-01-23,openart ai,4,2098,5
2026-01-23,pixai,3,154,4
2026-01-23,seaart,3,577,4
2026-01-23,welcome to lovart!,8,18,4
2026-01-23,www lovart ai,46,150,4
2026-01-23,www.lovart,8,21,5
2026-01-23,www.lovart.ai,204,504,3
2026-01-23,لوفارت,9,12,1
2026-01-23,洛瓦特,14,18,2
2026-01-30,aiease.ai,1,61,6
2026-01-30,canva ai generator,2,66,4
2026-01-30,canva ai image generator,2,340,3
2026-01-30,craiyon,1,217,4
2026-01-30,deepai,2,2255,4
2026-01-30,design ai,1,57,6
2026-01-30,google lovart,3,17,4
2026-01-30,http//www.lovart.ai,5,22,3
2026-01-30,https www lovart ai,29,70,3
2026-01-30,https www lovart ai zh,3,15,4
2026-01-30,https www lovart ai zh home,56,51,4
2026-01-30,https www.lovart.ai,45,133,3
2026-01-30,https://www.lovart.ai,40,166,4
2026-01-30,https://www.lovart.ai/,166,506,4
2026-01-30,https://www.lovart.ai/zh,143,377,4
2026-01-30,https://www.lovart.ai/zh/home,100,253,3
2026-01-30,https://www.lovart.ai?referralcode=sal3ziw,2,16,2
2026-01-30,imagefx ai,5,170,7
2026-01-30,lavart,312,419,2
2026-01-30,lavart ai,11,23,5
2026-01-30,lavart官方网站入口,10,13,5
2026-01-30,laver ai,5,13,4
2026-01-30,lavort,104,131,2
2026-01-30,lavort官网,46,67,2
2026-01-30,lo v a r t,20926,40882,3
2026-01-30,loart,126,161,1
2026-01-30,loart官网,11,14,4
2026-01-30,loavrt,6,11,3
2026-01-30,lobart,20,43,3
2026-01-30,locart,11,22,2
2026-01-30,louvart,44,75,2
2026-01-30,lov ai,3,12,4
2026-01-30,lovaart,35,43,1
2026-01-30,lovaet,7,10,2
2026-01-30,lovant,3,3,2
2026-01-30,lovar,92,137,2
2026-01-30,lovar ai,8,11,3
2026-01-30,lovard,31,50,4
2026-01-30,lovart ai,2185,4779,3
2026-01-30,lovart ai free,3,11,1
2026-01-30,lovart ai login,190,800,5
2026-01-30,lovart ai sign in,4,16,5
2026-01-30,lovart ai website,27,80,4
2026-01-30,lovart ai官网,2898,7340,3
2026-01-30,lovart ia,691,1046,2
2026-01-30,lovart login,24,134,4
2026-01-30,lovart site oficial,3,12,5
2026-01-30,lovart website,4,11,5
2026-01-30,lovart.ai,1938,4406,4
2026-01-30,lovart.ai login,4,16,5
2026-01-30,lovart.ai/home,9,11,2
2026-01-30,lovart.ia,69,98,2
2026-01-30,lovarte,13,28,4
2026-01-30,lovartlogo,4,26,4
2026-01-30,lovart中国官网入口,58,136,1
2026-01-30,lovart中文版,15,42,2
2026-01-30,lovart官网,1045,2205,3
2026-01-30,lovart官网入口,57,125,3
2026-01-30,lovart官网入口网页版,12,36,6
2026-01-30,lovart官网登入,8,17,6
2026-01-30,lovart是哪家公司的,10,124,5
2026-01-30,lovat,189,303,2
2026-01-30,lovatr,42,116,6
2026-01-30,love art ai,693,1509,3
2026-01-30,loveai,1,71,6
2026-01-30,loveart,2315,4520,4
2026-01-30,loveart ia,5,11,1
2026-01-30,loveart.ai,6,43,4
2026-01-30,loveart官网,143,199,2
2026-01-30,lover ai,79,145,2
2026-01-30,loverart,11,26,4
2026-01-30,lovert,395,513,2
2026-01-30,lovertai,84,320,5
2026-01-30,lovevart,8,12,5
2026-01-30,lovort,7,11,2
2026-01-30,lovrat,4,5,1
2026-01-30,lovrat ai,3,34,4
2026-01-30,lovrt,95,141,3
2026-01-30,lovrt官网,8,11,5
2026-01-30,lovsrt,4,34,6
2026-01-30,lowart,17,31,2
2026-01-30,luma dream machine,1,1173,5
2026-01-30,luvart,7,15,4
2026-01-30,mockup ai,2,12,8
2026-01-30,openart,2,1402,5
2026-01-30,openart ai,1,2233,4
2026-01-30,openart.ai,2,61,5
2026-01-30,seaart,1,152,5
2026-01-30,seaart ai,1,348,6
2026-01-30,siliconflow,1,49,9
2026-01-30,starry ai,2,128,4
2026-01-30,"ww'w,lovart.ai",2,14,5
2026-01-30,www lovart ai,27,74,2
2026-01-30,www.lovart,8,14,4
2026-01-30,www.lovart.ai,173,397,3
2026-01-30,لوفارت,49,65,2
2026-01-30,مخرشقف,20,79,6
2026-01-30,ロバートデザインaiエージェント,2,2,1
2026-01-30,洛瓦特,12,14,1
2026-01-30,洛瓦特官网,2,11,3
2026-02-06,ai website same like lovart,1,16,18
2026-02-06,art list ai,1,348,4
2026-02-06,canva ai generator,3,155,4
2026-02-06,canva ai image generator,2,648,4
2026-02-06,dream machine,1,32,6
2026-02-06,flora ai,1,167,7
2026-02-06,https www lovart ai,23,61,3
2026-02-06,https www lovart ai home,2,13,4
2026-02-06,https www lovart ai zh home,13,42,4
2026-02-06,https www.lovart.ai,45,122,2
2026-02-06,https://lovart.ai/zh,4,11,4
2026-02-06,https://www.lovart.ai,20,47,3
2026-02-06,https://www.lovart.ai/,118,365,3
2026-02-06,https://www.lovart.ai/canvas?utm_source=index&utm_campaign=1&projectid=8e7a64418d944ceea5280c00edd9e9c4&agent=1,3,12,6
2026-02-06,https://www.lovart.ai/zh,101,302,4
2026-02-06,https://www.lovart.ai/zh/home,101,367,4
2026-02-06,htttps://www.lovart.ai,2,14,4
2026-02-06,image to image,2,3,9
2026-02-06,lavart,350,493,3
2026-02-06,lavart ai,20,44,4
2026-02-06,lavert,19,42,3
2026-02-06,lavert ai,14,12,1
2026-02-06,lavort,113,157,2
2026-02-06,lavort官网,106,151,4
2026-02-06,lo v a r t,20381,40128,3
2026-02-06,loart,157,181,1
2026-02-06,loart官网,37,61,4
2026-02-06,loavrt,13,19,3
2026-02-06,locart,8,13,1
2026-02-06,loeart,9,36,5
2026-02-06,lorart,7,16,4
2026-02-06,louvart,9,13,2
2026-02-06,louvart ia,8,11,1
2026-02-06,lovaart,55,65,2
2026-02-06,lovar,85,142,2
2026-02-06,lovard,46,55,2
2026-02-06,lovard.ia,8,16,4
2026-02-06,lovart ai,2350,4324,3
2026-02-06,lovart ai download,11,12,2
2026-02-06,lovart ai free,21,45,3
2026-02-06,lovart ai login,232,836,5
2026-02-06,lovart ai website,27,79,4
2026-02-06,lovart ai官网,2470,5411,3
2026-02-06,lovart ai官网打不开,3,25,7
2026-02-06,lovart app,9,24,5
2026-02-06,lovart ia,611,972,3
2026-02-06,lovart login,21,113,5
2026-02-06,lovart skills,3,11,2
2026-02-06,"lovart,ai",1,12,5
2026-02-06,lovart.ai,1801,3519,3
2026-02-06,lovart.ai login,6,31,5
2026-02-06,lovart.ai官网,3,17,4
2026-02-06,lovart.com,5,22,4
2026-02-06,lovart.ia,50,79,3
2026-02-06,lovart.iai,2,4,4
2026-02-06,lovarte,7,14,2
2026-02-06,lovarts,5,12,4
2026-02-06,lovart中国官网入口,48,110,1
2026-02-06,lovart中文版,2,11,2
2026-02-06,lovart官网,940,1796,3
2026-02-06,lovart官网入口,59,95,3
2026-02-06,lovart官网入口网页版,3,16,6
2026-02-06,lovart是哪家公司的,15,139,2
2026-02-06,lovat,211,320,2
2026-02-06,lovat nano banana,20,94,9
2026-02-06,lovatr,27,77,5
2026-02-06,love art ai,689,1380,3
2026-02-06,loveai,7,52,6
2026-02-06,loveart,2181,4466,4
2026-02-06,loveart ia,34,55,2
2026-02-06,loveart.ai,2,24,4
2026-02-06,loveart官网,103,195,2
2026-02-06,lover ai,42,133,2
2026-02-06,loverart,15,37,3
2026-02-06,lovert,391,536,2
2026-02-06,lovertai,68,209,5
2026-02-06,lovet  ai,1,14,5
2026-02-06,loviart,4,17,5
2026-02-06,lovort,15,20,2
2026-02-06,lovrat,20,34,2
2026-02-06,lovrat ai,4,26,5
2026-02-06,lovrt,60,97,3
2026-02-06,lovsrt,3,13,6
2026-02-06,lowart,37,72,3
2026-02-06,luma dream machine,3,838,5
2026-02-06,luvart,6,12,2
2026-02-06,medeo ai,1,48,7
2026-02-06,openart,3,1515,5
2026-02-06,openart.ai,1,125,4
2026-02-06,seaart,1,222,4
2026-02-06,see dream 4.5 free,1,12,5
2026-02-06,starry ai,2,87,4
2026-02-06,www lovart ai,27,57,2
2026-02-06,www.lovart,6,11,4
2026-02-06,www.lovart.ai,127,332,3
2026-02-06,لوفارت,55,82,2
2026-02-06,مخرشقف,3,14,6
2026-02-06,洛瓦特,23,27,1
2026-02-06,香蕉的登录网址：https://www.lovart.ai/zh/home,3,12,4
2026-02-06,：https://www.lovart.ai/zh/home,8,11,4
2026-02-13,+ki bild izu video genieren free kostenlos,1,1,5
2026-02-13,art list ai,1,546,3
2026-02-13,canva ai generator,3,224,4
2026-02-13,canva ai image generator,6,1159,3
2026-02-13,create video by ai,1,151,6
2026-02-13,create video with ai,0,304,7
2026-02-13,deepai,6,4538,7
2026-02-13,designing ig highlights that match brand style,1,58,13
2026-02-13,dream machine,2,232,6
2026-02-13,dreamina,0,470,8
2026-02-13,dreamina ai,1,302,9
2026-02-13,googletestad.,0,871,6
2026-02-13,how to design a viral youtube thumbnail,5,107,6
2026-02-13,http://www.lovart.ai/,7,14,6
2026-02-13,https www lovart ai,9,11,2
2026-02-13,https www lovart ai zh home,15,44,4
2026-02-13,https www.lovart.ai,36,76,2
2026-02-13,https://www.lovart.ai,21,59,4
2026-02-13,https://www.lovart.ai/,104,261,3
2026-02-13,https://www.lovart.ai/canvas?projectid=34e074cb5fe34417bebbd1488b080854,7,12,4
2026-02-13,https://www.lovart.ai/zh,113,284,4
2026-02-13,https://www.lovart.ai/zh/home,53,155,4
2026-02-13,imagefx,0,1011,9
2026-02-13,lavart,244,352,3
2026-02-13,lavart ai,16,36,3
2026-02-13,lavert,10,44,4
2026-02-13,lavort,68,80,1
2026-02-13,lavortai,5,15,5
2026-02-13,lavort官网,46,77,5
2026-02-13,lo v a r t,16518,31924,3
2026-02-13,loart,113,137,1
2026-02-13,loart官网,18,26,4
2026-02-13,locart,6,11,1
2026-02-13,loeart,3,17,5
2026-02-13,lovaart,37,52,3
2026-02-13,lovar,77,123,2
2026-02-13,lovare.ai,3,11,2
2026-02-13,lovart ai,2110,4368,3
2026-02-13,lovart ai free,9,15,1
2026-02-13,lovart ai gratis,1,11,5
2026-02-13,lovart ai login,201,737,5
2026-02-13,lovart ai sign in,5,11,5
2026-02-13,lovart ai website,25,80,4
2026-02-13,lovart ai官网,1872,4081,3
2026-02-13,lovart ai官网打不开,1,11,5
2026-02-13,lovart al,6,14,5
2026-02-13,lovart ia,518,1008,3
2026-02-13,lovart io,1,2,4
2026-02-13,lovart login,11,30,5
2026-02-13,lovart sign in,11,24,6
2026-02-13,lovart skills,28,77,3
2026-02-13,lovart.ai,1402,2828,3
2026-02-13,lovart.ai/zh/home,1,14,5
2026-02-13,lovart.com,5,43,5
2026-02-13,lovart.ia,44,122,3
2026-02-13,lovart_jp,1,1,1
2026-02-13,lovarte,10,14,4
2026-02-13,lovart中国官网入口,33,62,2
2026-02-13,lovart中文版,7,26,2
2026-02-13,lovart官网,633,1435,4
2026-02-13,lovart官网入口,11,26,3
2026-02-13,lovart是哪家公司的,4,103,3
2026-02-13,lovat,128,199,2
2026-02-13,lovat nano banana,4,23,4
2026-02-13,lovatr,8,22,5
2026-02-13,love art ai,653,1354,3
2026-02-13,loveai,6,90,7
2026-02-13,lovearr,1,1,1
2026-02-13,loveart,1906,4267,4
2026-02-13,loveart ia,16,15,2
2026-02-13,loveart.ai,12,45,4
2026-02-13,loveart官网,78,154,3
2026-02-13,loveatr,2,12,5
2026-02-13,lover ai,89,161,2
2026-02-13,loverart,19,34,3
2026-02-13,lovert,294,429,2
2026-02-13,lovertai,32,119,4
2026-02-13,lovrat ai,2,24,6
2026-02-13,lovrt,66,163,5
2026-02-13,lovsrt,3,11,5
2026-02-13,luma,2,633,6
2026-02-13,luma ai dream machine,1,94,5
2026-02-13,luma dream machine,2,1373,5
2026-02-13,luvart,8,13,2
2026-02-13,openart,0,520,7
2026-02-13,openart ai,2,2103,5
2026-02-13,pinterest idea pins,1,41,19
2026-02-13,rovalt ai,1,1,1
2026-02-13,rovart,2,6,1
2026-02-13,seaart,1,103,4
2026-02-13,seaart ai,1,388,6
2026-02-13,see dream 4.5 free,3,18,4
2026-02-13,support@lovart.ai,4,15,5
2026-02-13,text to video,4,44,8
2026-02-13,www lovart ai,17,55,2
2026-02-13,www.lovart.ai,92,189,2
2026-02-13,لوفارت,70,79,2
2026-02-13,مخرشقف,12,54,6
2026-02-13,ラブアート ai,11,11,2
2026-02-13,灵感ai,1,165,4
2026-02-20,aiease.ai,0,20,7
2026-02-20,ai影片生成,0,20,8
2026-02-20,art list ai,0,220,4
2026-02-20,canva ai generator,5,153,3
2026-02-20,canva ai image generator,5,1018,3
2026-02-20,canva image generator,0,15,5
2026-02-20,carousel,0,90,9
2026-02-20,craiyon ai,0,28,5
2026-02-20,create video by ai,1,144,5
2026-02-20,create video with ai,0,52,7
2026-02-20,deepai,0,2919,7
2026-02-20,design ai,0,37,8
2026-02-20,dream machine,0,19,7
2026-02-20,dreamina,0,166,9
2026-02-20,dreamina ai video,0,32,9
2026-02-20,flora ai,0,158,7
2026-02-20,flora fauna ai,0,24,7
2026-02-20,generate expand photo canvas,1,2,3
2026-02-20,google image fx,0,68,8
2026-02-20,how to design a viral youtube thumbnail,0,20,6
2026-02-20,https://www.lovart.ai/,14,61,3
2026-02-20,https://www.lovart.ai/canvas,10,39,6
2026-02-20,https://www.lovart.ai/home,12,57,5
2026-02-20,https://www.lovart.ai/zh,43,156,5
2026-02-20,https://www.lovart.ai/zh/home,22,42,6
2026-02-20,image fx google,0,52,9
2026-02-20,image vers video en ia,3,9,4
2026-02-20,imagefx,0,299,9
2026-02-20,imagefx ai,0,13,8
2026-02-20,instagram aesthetic feed presets,0,14,20
2026-02-20,laart,8,11,4
2026-02-20,lavart,109,188,4
2026-02-20,lavortai,3,11,6
2026-02-20,lavort官网,5,14,5
2026-02-20,lo v a r t,8172,20908,4
2026-02-20,loart,38,61,3
2026-02-20,lobart ia,4,3,1
2026-02-20,locart,2,4,1
2026-02-20,lovaart,8,13,2
2026-02-20,lovar,9,12,2
2026-02-20,lovard ai,8,18,5
2026-02-20,lovart ai,1779,4212,4
2026-02-20,lovart ai free,14,49,3
2026-02-20,lovart ai login,169,582,5
2026-02-20,lovart ai website,16,39,4
2026-02-20,lovart ai官网,756,2244,4
2026-02-20,lovart al,13,51,4
2026-02-20,lovart google,0,13,4
2026-02-20,lovart ia,438,922,3
2026-02-20,lovart login,22,58,5
2026-02-20,lovart sign in,2,3,4
2026-02-20,lovart skills,4,17,4
2026-02-20,lovart | the world's first design agent for all design purposes https://www.lovart.ai/canvas?agent=1&projectid=0f10814ef799402daff05a3c2f9f13b8,3,12,5
2026-02-20,lovart.ai,938,2258,4
2026-02-20,lovart.ai的upscale,2,12,6
2026-02-20,lovart.ia,34,64,3
2026-02-20,lovart_ai,5,16,4
2026-02-20,lovarte,8,9,2
2026-02-20,lovart官网,270,655,4
2026-02-20,lovary,2,2,2
2026-02-20,lovat,37,86,2
2026-02-20,love art ai,593,1126,2
2026-02-20,love arte,2,2,1
2026-02-20,loveai,10,123,6
2026-02-20,loveart,1244,2572,4
2026-02-20,loveart ia,9,12,2
2026-02-20,loveart.ai,7,95,4
2026-02-20,loveart官网,4,12,4
2026-02-20,lover ai,50,126,2
2026-02-20,loverart,8,26,4
2026-02-20,lovert,144,187,2
2026-02-20,lovertai,71,211,5
2026-02-20,lovort,6,12,5
2026-02-20,lovrat,6,11,3
2026-02-20,lovrt,10,44,5
2026-02-20,lovrt  .ai,1,49,6
2026-02-20,luma,0,15,6
2026-02-20,luma ai dream machine,0,31,5
2026-02-20,luma dream machine,0,857,5
2026-02-20,mockup ai,1,45,6
2026-02-20,mockup generator,0,17,8
2026-02-20,nano banana pro,1,25,57
2026-02-20,openart,0,456,8
2026-02-20,openart ai,1,1097,6
2026-02-20,removedor de fundo pixel cut,0,77,7
2026-02-20,seaart,1,301,4
2026-02-20,seaart ai,2,444,6
2026-02-20,seaart.ai,0,31,5
2026-02-20,seaart/ai,0,36,6
2026-02-20,see dream 4.5 free,2,12,5
2026-02-20,site:www.lovart.ai,0,14,4
2026-02-20,sora 2 al,4,10,3
2026-02-20,sora ai,0,24,10
2026-02-20,text to video,2,26,8
2026-02-20,w*lovart,1,1,1
2026-02-20,what prompt to give ai to create posters,1,1,2
2026-02-20,www.lovart.ai,71,205,4
2026-02-20,لوفارت,68,89,3
2026-02-20,مخرشقف,5,30,6
2026-02-20,洛瓦特ai,18,11,1
2026-02-27,ai video generator,2,25,8
2026-02-27,art list ai,2,391,3
2026-02-27,canva ai generator,2,164,4
2026-02-27,canva ai image generator,1,1096,4
2026-02-27,ehttps://www.lovart.ai,10,35,5
2026-02-27,google labs imagefx,1,32,5
2026-02-27,https www lovart ai,26,53,1
2026-02-27,https www lovart ai home,5,13,4
2026-02-27,https www lovart ai zh,1,14,3
2026-02-27,https www lovart ai zh home,4,28,5
2026-02-27,https www.lovart.ai,30,84,3
2026-02-27,https://www.lovart.ai,30,89,3
2026-02-27,https://www.lovart.ai/,129,371,3
2026-02-27,https://www.lovart.ai/canvas?projectld=447c309ed1c940d08a80017df250d078&agent=1,3,12,5
2026-02-27,https://www.lovart.ai/home,5,37,6
2026-02-27,https://www.lovart.ai/zh,109,365,4
2026-02-27,https://www.lovart.ai/zh/home,74,169,4
2026-02-27,imagefx,1,1268,9
2026-02-27,instagram story link stickers,1,29,32
2026-02-27,laart,3,17,5
2026-02-27,lavart,306,382,2
2026-02-27,lavart ai,24,35,3
2026-02-27,lavert,68,123,4
2026-02-27,lavort,123,139,1
2026-02-27,lo v a r t,17347,39413,4
2026-02-27,loart,99,122,2
2026-02-27,louvart,7,12,1
2026-02-27,lov,3,22,5
2026-02-27,lov ai,3,14,3
2026-02-27,lovaart,26,40,2
2026-02-27,lovant,14,15,4
2026-02-27,lovar,86,166,3
2026-02-27,lovare,14,28,5
2026-02-27,lovart ai,2266,5195,3
2026-02-27,lovart ai code,2,6,3
2026-02-27,lovart ai login,177,620,5
2026-02-27,lovart ai website,15,67,5
2026-02-27,lovart ai官网,1990,6195,4
2026-02-27,lovart ai官网下载,22,23,1
2026-02-27,lovart ai官网打不开,4,26,6
2026-02-27,lovart app,3,15,5
2026-02-27,lovart ia,495,949,3
2026-02-27,lovart login,16,45,5
2026-02-27,lovart skills,12,51,4
2026-02-27,lovart 网站,5,25,7
2026-02-27,lovart.ai,1403,3248,4
2026-02-27,lovart.ai.zh,2,14,5
2026-02-27,lovart.com,8,30,8
2026-02-27,lovart.ia,34,88,3
2026-02-27,lovart_ai,5,14,2
2026-02-27,lovartai官网入口,20,25,2
2026-02-27,lovarte,9,17,3
2026-02-27,lovartlogo,6,26,4
2026-02-27,lovart中国官网入口,41,94,1
2026-02-27,lovart中文版,2,14,2
2026-02-27,lovart官网,747,1840,4
2026-02-27,lovart官网入口,38,79,3
2026-02-27,lovart官网登入,8,24,6
2026-02-27,lovart是哪家公司的,17,119,3
2026-02-27,lovat,156,244,2
2026-02-27,lovat ai,7,11,3
2026-02-27,lovat.ai,2,36,6
2026-02-27,lovatr,2,11,4
2026-02-27,love art ai,611,1371,3
2026-02-27,loveai,7,127,5
2026-02-27,lovearrt,1,11,7
2026-02-27,loveart,1956,4154,4
2026-02-27,loveart ia,1,12,2
2026-02-27,loveart.ai,19,198,4
2026-02-27,loveart官网,91,163,2
2026-02-27,loveiart,2,2,1
2026-02-27,lover ai,62,117,2
2026-02-27,loverart,6,12,4
2026-02-27,lovert,273,342,2
2026-02-27,lovertai,61,185,5
2026-02-27,lovort,7,11,3
2026-02-27,lovrat,12,15,2
2026-02-27,lovrat ai,15,14,4
2026-02-27,lovrt,61,88,4
2026-02-27,lowart,29,29,2
2026-02-27,luma ai dream machine,1,32,6
2026-02-27,luma dream machine,2,1065,5
2026-02-27,lvart,18,11,3
2026-02-27,openart ai,1,1252,6
2026-02-27,remove background from video free,1,80,8
2026-02-27,seaart,2,200,4
2026-02-27,seaart ai,1,436,6
2026-02-27,seedance2.0,8,169,11
2026-02-27,seedream 4.5 free unlimited,2,6,7
2026-02-27,sora ai video generator,2,57,8
2026-02-27,support@lovart.ai,4,45,6
2026-02-27,top instagram story sticker ideas,2,19,25
2026-02-27,twitter poll ideas,1,16,24
2026-02-27,video background remover,1,11,8
2026-02-27,www.lovaet.ai.zh,1,12,6
2026-02-27,www.lovart.ai,224,366,3
2026-02-27,لوفارت,14,22,1
2026-02-27,مخرشقف,5,25,6
2026-02-27,ラバート,1,1,1
2026-02-27,ラブアート ai,7,12,4
2026-03-06,ai video generator,7,131,8
2026-03-06,background remover,5,67,18
2026-03-06,canva ai image generator,8,862,3
2026-03-06,https //www.lovart.ai,6,11,4
2026-03-06,https //www.lovart.ai/,7,29,3
2026-03-06,https www lovart ai,103,240,3
2026-03-06,https www lovart ai zh,19,59,5
2026-03-06,https www lovart ai zh home,8,31,5
2026-03-06,https www.lovart.ai,61,193,3
2026-03-06,https://www.lovart.ai,112,318,3
2026-03-06,https://www.lovart.ai/,261,636,3
2026-03-06,https://www.lovart.ai/canvas,13,11,1
2026-03-06,https://www.lovart.ai/canvas?utm_source=index&utm_campaign=1&projectid=09cdd5fa0836467cb9f9ad47aa7b65fd&agent=1,15,24,2
2026-03-06,https://www.lovart.ai/zh,181,615,4
2026-03-06,https://www.lovart.ai/zh/home,115,378,3
2026-03-06,https://www.lovart.ai/zh/home?ls=1,4,12,4
2026-03-06,https://www.lovart.ai/zh/projects,5,28,5
2026-03-06,https://www.lovart.aizh,17,35,5
2026-03-06,https://www.lovat.ai/,7,12,3
2026-03-06,https://x.com/lovart_ai/status/2018329102713798694?s=20,4,12,4
2026-03-06,iovart,9,13,1
2026-03-06,l0vart,9,11,5
2026-03-06,laart,8,20,5
2026-03-06,laart平台,23,24,3
2026-03-06,lavart,466,533,2
2026-03-06,lavart ai,11,26,4
2026-03-06,lavert,23,51,3
2026-03-06,lavort,174,208,1
2026-03-06,livart,5,15,4
2026-03-06,lo v a r t,29520,62085,4
2026-03-06,loart,234,294,2
2026-03-06,loart官网,8,20,5
2026-03-06,lobart,14,14,1
2026-03-06,locart,20,25,1
2026-03-06,loovart,13,39,6
2026-03-06,louvart,8,17,3
2026-03-06,lovaart,63,67,1
2026-03-06,lovaet,7,11,1
2026-03-06,lovar,157,223,2
2026-03-06,lovar ai,6,34,5
2026-03-06,lovard,17,25,1
2026-03-06,lovart agent,4,12,4
2026-03-06,lovart ai,2541,5458,3
2026-03-06,lovart ai login,138,389,4
2026-03-06,lovart ai website,21,76,5
2026-03-06,lovart ai官网,4531,12660,4
2026-03-06,lovart ai官网下载,49,119,2
2026-03-06,lovart ai官网打不开,16,134,6
2026-03-06,lovart ia,518,963,3
2026-03-06,lovart login,12,74,5
2026-03-06,lovart skills,19,77,5
2026-03-06,lovart.,35,87,4
2026-03-06,lovart.a,8,16,5
2026-03-06,lovart.ai,1699,3968,4
2026-03-06,lovart.ai login,5,11,4
2026-03-06,lovart.ai.com,12,24,3
2026-03-06,lovart.ai/zh,47,49,4
2026-03-06,lovart.ai/zh/home,17,78,5
2026-03-06,lovart.ai官网,4,13,5
2026-03-06,lovart.ia,31,87,3
2026-03-06,lovart_ai,12,23,3
2026-03-06,lovartai官网入口,78,232,5
2026-03-06,lovart| the world's first desi,20,30,3
2026-03-06,lovart·ai/zh/home,7,26,6
2026-03-06,lovart中国官网,20,39,1
2026-03-06,lovart中国官网入口,119,233,1
2026-03-06,lovart中文版,31,78,2
2026-03-06,lovart官网,1529,3369,4
2026-03-06,lovart官网入口,99,190,3
2026-03-06,lovart官网入口网页版,50,137,5
2026-03-06,lovart官网登入,4,11,5
2026-03-06,lovart是哪家公司的,30,232,4
2026-03-06,lovart电脑版官方下载官网,6,12,4
2026-03-06,lovart网页版,9,22,4
2026-03-06,lovart：https://www.lovart.ai/,6,14,2
2026-03-06,lovat,310,427,2
2026-03-06,lovatr,8,14,4
2026-03-06,love art ai,577,1389,3
2026-03-06,loveai,5,50,6
2026-03-06,loveart,2533,5139,4
2026-03-06,loveart.ai,11,86,4
2026-03-06,loveart官网,124,256,3
2026-03-06,lover ai,90,149,3
2026-03-06,loverart,15,25,3
2026-03-06,lovert,512,684,2
2026-03-06,lovertai,57,171,4
2026-03-06,lovort,21,33,3
2026-03-06,lovrat,51,62,2
2026-03-06,lovrt,96,260,5
2026-03-06,lovsrt,9,11,5
2026-03-06,lowart,23,38,1
2026-03-06,lvart,18,23,3
2026-03-06,remove video background,4,162,8
2026-03-06,video background remover,5,163,8
2026-03-06,www lovart ai,11,24,4
2026-03-06,www.lovart,21,41,4
2026-03-06,www.lovart ai,39,96,2
2026-03-06,www.lovart.ai,250,739,3
2026-03-06,www.lovart.ai/zh/home,5,14,4
2026-03-06,لوفارت,51,60,2
2026-03-13,ai设计,3,60,7
2026-03-13,art list ai,3,730,2
2026-03-13,canva ai generator,5,165,3
2026-03-13,canva ai image generator,19,1501,2
2026-03-13,https www lovart ai,91,280,3
2026-03-13,https www lovart ai zh,12,56,3
2026-03-13,https www lovart ai zh home,4,23,5
2026-03-13,https:// lovart.ai,6,24,3
2026-03-13,https://www.lovart.ai,143,315,3
2026-03-13,https://www.lovart.ai.zh,9,21,5
2026-03-13,https://www.lovart.ai/,224,505,2
2026-03-13,https://www.lovart.ai/home,7,11,2
2026-03-13,https://www.lovart.ai/zh,271,689,4
2026-03-13,https://www.lovart.ai/zh/home,152,389,4
2026-03-13,https://www.lovart.ai/zh/projects,8,31,5
2026-03-13,httpswww.lovart.aizhhome,5,16,4
2026-03-13,http：//www.lovart.ai.zh,13,18,6
2026-03-13,l0vart,14,14,3
2026-03-13,laart,8,25,6
2026-03-13,laart平台,22,27,3
2026-03-13,laovart,8,11,6
2026-03-13,lavart,491,701,2
2026-03-13,lavart ai,10,39,5
2026-03-13,lavert,36,74,3
2026-03-13,lavort,186,257,2
2026-03-13,lo v a r t,34345,73784,4
2026-03-13,lo-vart,7,17,4
2026-03-13,loart,304,378,2
2026-03-13,loart ai,5,16,2
2026-03-13,loavrt,49,54,2
2026-03-13,locart,33,44,1
2026-03-13,lov ai,7,13,1
2026-03-13,lovaart,32,42,2
2026-03-13,lovaet,16,23,2
2026-03-13,lovalt,8,14,3
2026-03-13,lovar,176,319,3
2026-03-13,lovarrt,6,11,4
2026-03-13,lovart ai,2535,5338,3
2026-03-13,lovart ai agent,14,36,2
2026-03-13,lovart ai login,128,334,4
2026-03-13,lovart ai website,34,84,3
2026-03-13,lovart ai下载,7,14,4
2026-03-13,lovart ai官网,5229,11456,3
2026-03-13,lovart ai官网下载,64,95,3
2026-03-13,lovart ai官网打不开,23,193,6
2026-03-13,lovart ai官网登录不了了,5,30,6
2026-03-13,lovart ia,274,818,2
2026-03-13,lovart login,11,52,4
2026-03-13,lovart skills,9,38,4
2026-03-13,lovart website,21,66,5
2026-03-13,lovart 官方网站,26,65,4
2026-03-13,lovart 网站,4,12,6
2026-03-13,lovart-ai,6,16,4
2026-03-13,lovart.,20,45,4
2026-03-13,lovart.ai,1688,3676,3
2026-03-13,lovart.ai login,8,26,5
2026-03-13,lovart.ai/zh,59,270,5
2026-03-13,lovart.ai官网,22,27,4
2026-03-13,lovart.ia,12,32,2
2026-03-13,lovart_ai,15,38,3
2026-03-13,lovartai官网入口,126,344,4
2026-03-13,lovarte,11,15,1
2026-03-13,lovart下载,6,12,3
2026-03-13,lovart中国官网,157,306,2
2026-03-13,lovart中国官网入口,125,250,1
2026-03-13,lovart中文版,8,31,2
2026-03-13,lovart官网,1988,3874,3
2026-03-13,lovart官网入口,146,261,2
2026-03-13,lovart官网入口网页版,109,214,4
2026-03-13,lovart是哪家公司的,6,80,4
2026-03-13,lovart登录,11,49,5
2026-03-13,lovat,364,489,2
2026-03-13,lovat ai,4,11,3
2026-03-13,lovatr,30,76,4
2026-03-13,love art ai,521,1258,3
2026-03-13,loveart,2725,5789,4
2026-03-13,loveart ia,14,11,1
2026-03-13,loveart.ai,9,68,4
2026-03-13,lovearts ai,4,11,2
2026-03-13,loveart官网,158,253,2
2026-03-13,lover ai,141,217,2
2026-03-13,loverart,18,26,2
2026-03-13,lovert,561,767,2
2026-03-13,lovertai,73,157,4
2026-03-13,lovrat,52,57,2
2026-03-13,lovrt,117,228,5
2026-03-13,lowart,40,62,2
2026-03-13,lvart,15,28,3
2026-03-13,lvoart,7,14,4
2026-03-13,ovart.ai,11,20,2
2026-03-13,short video,3,630,9
2026-03-13,site:lovart.ai lovart官网,5,30,6
2026-03-13,www.lovart,19,56,4
2026-03-13,www.lovart ai,63,138,2
2026-03-13,www.lovart.ai,258,569,3
2026-03-13,www.lovart.ai zh,11,26,4
2026-03-13,www.lovart.ai.zh,8,17,3
2026-03-13,www.lovart.ai/zh,5,16,6
2026-03-13,لوفارت,31,40,2
2026-03-13,洛瓦特,12,12,2
2026-03-20,\https://www.lovart.ai/zh,4,11,2
2026-03-20,ai art generator free lovart,2,24,4
2026-03-20,ai设计,6,210,8
2026-03-20,canva ai generator,5,177,3
2026-03-20,canva ai image generator,17,1598,2
2026-03-20,design agent,8,35,4
2026-03-20,http://lovart.ai/,9,21,3
2026-03-20,http://www.lovart.ai/,4,11,1
2026-03-20,https //www.lovart.ai/,4,13,2
2026-03-20,https www lovart ai,120,342,2
2026-03-20,https www lovart ai zh,30,33,3
2026-03-20,https www lovart ai zh home,3,11,4
2026-03-20,https:// lovart.ai,12,29,3
2026-03-20,https://lovart.ai.zh/,3,11,5
2026-03-20,https://www.lovart.ai,92,252,4
2026-03-20,https://www.lovart.ai/,260,704,3
2026-03-20,https://www.lovart.ai/canvas?projectid=f73eb25e67c34c8cb780ca348211baab,8,11,3
2026-03-20,https://www.lovart.ai/home,16,29,4
2026-03-20,https://www.lovart.ai/zh,203,498,2
2026-03-20,https://www.lovart.ai/zh/home,198,453,3
2026-03-20,https://www.lovart.ai/zh/projects,13,74,5
2026-03-20,https：//www.lovart.ai/,25,49,3
2026-03-20,http：//www.lovart.ai/,7,14,2
2026-03-20,laart官网,8,25,5
2026-03-20,laart平台,22,34,4
2026-03-20,lavarat ai,4,12,3
2026-03-20,lavard,10,14,5
2026-03-20,lavart,496,783,3
2026-03-20,lavart ai,15,28,4
2026-03-20,lavert,44,94,3
2026-03-20,lavort,242,304,2
2026-03-20,livart,4,11,2
2026-03-20,llovart,4,11,3
2026-03-20,lo v a r t,38544,76499,3
2026-03-20,lo-vart,12,13,4
2026-03-20,loart,528,582,1
2026-03-20,loavrt,79,101,2
2026-03-20,locart,32,44,1
2026-03-20,loeart,3,13,5
2026-03-20,loovart,8,13,4
2026-03-20,lorart,16,39,4
2026-03-20,lorvart,9,24,5
2026-03-20,lovaart,46,62,1
2026-03-20,lovaet,19,18,1
2026-03-20,lovant,5,7,2
2026-03-20,lovar,201,396,3
2026-03-20,lovard,19,30,4
2026-03-20,lovare,17,15,2
2026-03-20,lovart ai,2375,4649,2
2026-03-20,lovart ai agent,2,11,3
2026-03-20,lovart ai login,95,287,4
2026-03-20,lovart ai website,11,25,3
2026-03-20,lovart ai官网,5765,13853,3
2026-03-20,lovart ai官网打不开,17,206,6
2026-03-20,lovart ia,281,797,2
2026-03-20,lovart nano banana,3,7,3
2026-03-20,lovart skills,23,90,4
2026-03-20,lovart website,66,164,5
2026-03-20,lovart 官方网站,45,121,4
2026-03-20,lovart.ai,1731,3324,3
2026-03-20,lovart.ai/home,3,4,1
2026-03-20,lovart.ai/zh,29,202,5
2026-03-20,lovart.ai/zh/home,2,16,5
2026-03-20,lovart0,3,11,5
2026-03-20,lovartai官网入口,110,284,4
2026-03-20,lovart中国官网,286,549,2
2026-03-20,lovart中国官网入口,189,362,1
2026-03-20,lovart中文版,9,38,2
2026-03-20,lovart官方网站进入,4,26,5
2026-03-20,lovart官网,1937,3720,3
2026-03-20,lovart官网入口,138,263,3
2026-03-20,lovart官网入口网页版,8,37,5
2026-03-20,lovart怎么使用,4,89,6
2026-03-20,lovart是哪家公司的,5,95,4
2026-03-20,lovart登录,36,173,6
2026-03-20,lovat,468,565,2
2026-03-20,lovatr,47,123,4
2026-03-20,love art ai,523,1692,4
2026-03-20,loveai,6,87,6
2026-03-20,loveart,2633,5494,4
2026-03-20,loveart.ai,22,140,4
2026-03-20,loveart官网,159,269,3
2026-03-20,lover ai,128,231,3
2026-03-20,loverart,43,68,3
2026-03-20,lovert,635,785,1
2026-03-20,lovertai,39,108,4
2026-03-20,lovort,38,41,2
2026-03-20,lovrat,66,102,3
2026-03-20,lovrt,185,355,5
2026-03-20,lowart,45,69,2
2026-03-20,luvart,19,55,4
2026-03-20,lvart,27,56,4
2026-03-20,lvoart,9,23,4
2026-03-20,ovart,6,11,4
2026-03-20,www.lovart,25,70,4
2026-03-20,www.lovart.ai,311,611,3
2026-03-20,www.lovart.ai zh home,2,26,5
2026-03-20,洛瓦特,52,76,4
2026-03-20,罗瓦特ai,6,12,6
2026-03-20,设计ai,4,39,8
2026-03-27,<br/>www.lovart.ai,11,12,2
2026-03-27,canva ai image generator,6,1254,3
2026-03-27,http://lovart.ai/,6,14,4
2026-03-27,http://www.lovart.ai,4,18,3
2026-03-27,https //www.lovart.ai/,18,15,2
2026-03-27,https www lovart ai,150,315,2
2026-03-27,https www lovart ai zh,25,59,5
2026-03-27,https www lovart ai zh home,9,44,5
2026-03-27,https:// lovart.ai,14,32,3
2026-03-27,https://www.lovart.ai,90,179,2
2026-03-27,https://www.lovart.ai/,343,659,3
2026-03-27,https://www.lovart.ai/canvas?ls=1&projectid=b295b08b44c840519724e290accc01e0,10,24,6
2026-03-27,https://www.lovart.ai/zh,283,622,3
2026-03-27,https://www.lovart.ai/zh/home,166,346,3
2026-03-27,https://www.lovart.ai/zh/projects,4,18,4
2026-03-27,httpswww.lovart.aizh,4,13,6
2026-03-27,https：//www.lovart.ai/,22,44,2
2026-03-27,l0vart,7,26,5
2026-03-27,laart,6,32,6
2026-03-27,laart平台,15,35,6
2026-03-27,lavart,514,884,4
2026-03-27,lavart ai,17,43,4
2026-03-27,lavert,24,30,2
2026-03-27,lavort,156,222,2
2026-03-27,lo v a r t,43085,87323,5
2026-03-27,lo'var't,7,11,4
2026-03-27,lo-vart,10,22,5
2026-03-27,loart,447,498,2
2026-03-27,loavrt,50,63,2
2026-03-27,locart,23,30,1
2026-03-27,loovart,8,14,4
2026-03-27,lorart,16,35,4
2026-03-27,louvart,15,26,2
2026-03-27,lov,7,142,5
2026-03-27,lovaart,38,54,2
2026-03-27,lovaet,38,50,1
2026-03-27,lovant,8,16,2
2026-03-27,lovar,192,316,3
2026-03-27,lovard,17,21,4
2026-03-27,lovarrt,5,11,5
2026-03-27,lovart ai,2399,4970,3
2026-03-27,lovart ai agent,5,17,3
2026-03-27,lovart ai login,74,203,4
2026-03-27,lovart ai website,22,60,4
2026-03-27,lovart ai官网,7076,10457,2
2026-03-27,lovart ai官网打不开,25,321,7
2026-03-27,lovart ia,279,795,3
2026-03-27,lovart login,4,37,5
2026-03-27,lovart skills,15,50,5
2026-03-27,lovart website,26,65,5
2026-03-27,lovart 官方网站,25,62,4
2026-03-27,lovart 网站,8,15,5
2026-03-27,lovart-ai,40,77,2
2026-03-27,lovart.,20,45,5
2026-03-27,lovart..ai,5,20,5
2026-03-27,lovart.ai,1721,3292,3
2026-03-27,lovart.ai/zh,64,129,4
2026-03-27,lovart.ai/zh/home,7,19,4
2026-03-27,lovart.ai官网,17,22,3
2026-03-27,lovartai官网入口,162,263,3
2026-03-27,lovarthttps://www.lovart.ai/zh/home,4,20,5
2026-03-27,lovart下载,20,37,2
2026-03-27,lovart中国官网,197,361,3
2026-03-27,lovart中国官网入口,279,367,1
2026-03-27,lovart中文官网,7,12,5
2026-03-27,lovart中文版,21,68,3
2026-03-27,lovart官方网站进入,22,113,6
2026-03-27,lovart官网,2069,3076,3
2026-03-27,lovart官网入口,113,152,2
2026-03-27,lovart官网入口网页版,61,158,4
2026-03-27,lovart是哪家公司的,4,72,4
2026-03-27,lovart登录,70,476,6
2026-03-27,lovat,382,551,2
2026-03-27,lovat.ai/zh/home,16,12,2
2026-03-27,lovatr,23,55,4
2026-03-27,love art ai,451,2033,4
2026-03-27,loveai,7,92,6
2026-03-27,loveart,2398,5640,4
2026-03-27,loveart.ai,11,71,5
2026-03-27,loveart官网,199,277,4
2026-03-27,lover ai,154,275,3
2026-03-27,lovert,559,690,2
2026-03-27,lovertai,38,106,5
2026-03-27,lovort,39,64,3
2026-03-27,lovrat,14,22,3
2026-03-27,lovrt,166,299,5
2026-03-27,lowart,19,30,1
2026-03-27,lowart ai,5,11,5
2026-03-27,luvart,4,15,4
2026-03-27,lvart,16,40,5
2026-03-27,ovart,5,11,3
2026-03-27,support@lovart.ai,4,35,4
2026-03-27,www.lovart,31,53,4
2026-03-27,www.lovart.a,21,38,3
2026-03-27,www.lovart.ai,306,645,4
2026-03-27,www.lovart.ai/zh/home,23,57,3
2026-03-27,لوفارت,16,25,3
2026-03-27,洛瓦特,72,78,1
2026-03-27,洛瓦特ai,7,11,1
2026-03-27,罗瓦特ai,7,19,5
2026-04-03,.lovart,18,46,5
2026-04-03,ai设计,5,105,9
2026-04-03,canva ai image generator,6,1030,3
2026-04-03,https //www.lovart.ai/,18,14,2
2026-04-03,https www lovart ai,104,274,2
2026-04-03,https www lovart ai zh,4,14,4
2026-04-03,https www lovart ai zh home,9,26,4
2026-04-03,https:// lovart.ai,4,16,4
2026-04-03,https://www.lovart.ai,77,175,2
2026-04-03,https://www.lovart.ai/,293,775,3
2026-04-03,https://www.lovart.ai/canvas?projectid=17f04b02c73849dfaed345debb64a588,4,13,5
2026-04-03,https://www.lovart.ai/zh,224,708,4
2026-04-03,https://www.lovart.ai/zh/home,217,476,4
2026-04-03,https：//www.lovart.ai/,20,30,1
2026-04-03,lavard,10,14,3
2026-04-03,lavart,426,809,4
2026-04-03,lavart ai,10,18,4
2026-04-03,lavert,45,79,3
2026-04-03,lavort,157,227,2
2026-04-03,levart,12,11,2
2026-04-03,livart,11,33,3
2026-04-03,lo v a r t,38921,88233,5
2026-04-03,lo'var't,21,36,4
2026-04-03,loart,450,555,2
2026-04-03,loavrt,62,79,3
2026-04-03,lobart,8,14,2
2026-04-03,locart,17,22,2
2026-04-03,loovart,15,24,3
2026-04-03,lorart,11,14,3
2026-04-03,lov,9,267,4
2026-04-03,lovaart,35,45,2
2026-04-03,lovaer,7,25,2
2026-04-03,lovaet,10,12,1
2026-04-03,lovant,18,13,3
2026-04-03,lovar,165,282,3
2026-04-03,lovar ai,8,16,4
2026-04-03,lovard,7,11,2
2026-04-03,lovarrt,10,28,4
2026-04-03,lovart ai,2324,4794,3
2026-04-03,lovart ai agent,5,12,4
2026-04-03,lovart ai free,4,26,2
2026-04-03,lovart ai login,100,286,4
2026-04-03,lovart ai website,11,28,5
2026-04-03,lovart ai中文版,12,28,2
2026-04-03,lovart ai官网,6578,12632,4
2026-04-03,lovart ai官网下载,14,53,3
2026-04-03,lovart ai官网打不开,29,361,7
2026-04-03,lovart ia,200,653,2
2026-04-03,lovart skills,19,66,6
2026-04-03,lovart skills官网,6,14,4
2026-04-03,lovart 中文,9,12,3
2026-04-03,lovart-ai,10,26,3
2026-04-03,lovart.,9,27,5
2026-04-03,lovart.ai,1603,3414,4
2026-04-03,lovart.ai/zh,11,21,5
2026-04-03,lovart.ai官网,18,34,3
2026-04-03,lovart.ia,14,58,1
2026-04-03,lovart.ti,7,14,4
2026-04-03,lovart_ai,17,56,4
2026-04-03,lovartai官网入口,161,361,4
2026-04-03,lovarte,5,9,1
2026-04-03,lovart、,4,13,4
2026-04-03,lovart下载,11,22,3
2026-04-03,lovart中国官网入口,68,159,3
2026-04-03,lovart官方网站进入,28,156,6
2026-04-03,lovart官网,1996,3619,4
2026-04-03,lovart官网入口,211,387,4
2026-04-03,lovart官网入口网页版,86,267,5
2026-04-03,lovart官网首页入口,7,11,6
2026-04-03,lovart登录,79,461,6
2026-04-03,lovat,298,569,3
2026-04-03,lovat.ai/zh,8,14,5
2026-04-03,lovatr,41,80,4
2026-04-03,lovatrt,5,13,6
2026-04-03,love art ai,497,2015,4
2026-04-03,loveai,4,65,6
2026-04-03,loveart,2241,5355,4
2026-04-03,loveart.ai,16,83,4
2026-04-03,loveart官网,150,268,4
2026-04-03,lover ai,127,255,3
2026-04-03,loverart,14,25,3
2026-04-03,lovert,652,866,2
2026-04-03,lovertai,36,96,4
2026-04-03,lovort,45,59,3
2026-04-03,lovrat,25,44,2
2026-04-03,lovrt,143,247,4
2026-04-03,lowart,43,68,2
2026-04-03,luma dream machine,4,1059,6
2026-04-03,luvart,7,44,5
2026-04-03,lvart,33,66,4
2026-04-03,ovart,16,35,5
2026-04-03,www lovart ai,51,87,3
2026-04-03,www.lovart,12,22,2
2026-04-03,www.lovart.a,15,37,4
2026-04-03,www.lovart.ai,239,549,4
2026-04-03,لوفارت,6,11,4
2026-04-03,مخرشقف,5,14,5
2026-04-03,洛瓦特,50,78,2
2026-04-03,罗瓦特ai,12,11,3
2026-04-03,老王头lavart,8,11,1
2026-04-10,ai design,3,36,6
2026-04-10,ai设计,6,217,8
2026-04-10,ai设计网站,2,26,5
2026-04-10,art list ai,2,594,3
2026-04-10,canva ai generator,2,171,4
2026-04-10,canva ai image generator,16,1151,3
2026-04-10,design agent,8,22,4
2026-04-10,https //www.lovart.ai/,12,36,3
2026-04-10,https www lovart ai,72,196,2
2026-04-10,https www lovart ai zh,3,18,5
2026-04-10,https www lovart ai zh home,7,23,4
2026-04-10,https:// lovart.ai,3,14,5
2026-04-10,https://lovart.ai/zh,4,14,5
2026-04-10,https://www.lovart.ai,62,152,4
2026-04-10,https://www.lovart.ai/,294,551,2
2026-04-10,https://www.lovart.ai/canvas?agent=1&projectid=c13bcb62d4044515bc89d0fc9a0ff1be,2,11,6
2026-04-10,https://www.lovart.ai/canvas?projectid=0870447aebe34b2688e02fe798e1a657,9,35,6
2026-04-10,https://www.lovart.ai/r/zxl0vee,6,22,3
2026-04-10,https://www.lovart.ai/zh,167,505,4
2026-04-10,https://www.lovart.ai/zh/home,147,415,3
2026-04-10,https://www.lovart.ai/zh/home?ls=1,8,12,2
2026-04-10,https://www.lovart.ai/zh/projects,9,33,6
2026-04-10,l0vart,5,11,5
2026-04-10,lavart,367,646,4
2026-04-10,lavert,28,59,3
2026-04-10,lavort,166,193,1
2026-04-10,lo v a r t,31182,66106,4
2026-04-10,loart,336,376,1
2026-04-10,loavrt,8,13,2
2026-04-10,locart,22,28,2
2026-04-10,loeart,4,19,4
2026-04-10,logart,2,95,2
2026-04-10,lov,9,201,4
2026-04-10,lovaart,29,31,2
2026-04-10,lovaer,5,12,2
2026-04-10,lovaet,32,40,1
2026-04-10,lovar,140,259,3
2026-04-10,lovarrt,10,24,5
2026-04-10,lovart ai,2531,5135,3
2026-04-10,lovart ai free,10,40,3
2026-04-10,lovart ai login,119,336,5
2026-04-10,lovart ai中文版,4,12,1
2026-04-10,lovart ai官网,4694,9085,3
2026-04-10,lovart ai官网下载,11,28,3
2026-04-10,lovart ai官网打不开,20,268,6
2026-04-10,lovart al,5,12,5
2026-04-10,lovart ia,340,640,3
2026-04-10,lovart login,11,30,5
2026-04-10,lovart skills,8,29,5
2026-04-10,lovart skills官网,5,14,5
2026-04-10,lovart-ai,31,53,2
2026-04-10,lovart.,9,13,5
2026-04-10,lovart.ai,1390,2845,4
2026-04-10,lovart.ai/zh,2,12,5
2026-04-10,lovart.ai官网,21,45,2
2026-04-10,lovart.com,27,61,3
2026-04-10,lovart.ia,7,17,3
2026-04-10,lovart_ai,10,17,2
2026-04-10,lovartai官网入口,168,341,4
2026-04-10,lovartlogo,3,14,5
2026-04-10,lovart中国官网入口,50,89,1
2026-04-10,lovart价格,4,12,4
2026-04-10,lovart官方网站进入,10,29,5
2026-04-10,lovart官网,1787,3880,4
2026-04-10,lovart官网入口,135,223,3
2026-04-10,lovart官网入口网页版,71,95,4
2026-04-10,lovart是哪家公司的,3,14,2
2026-04-10,lovart登录,106,433,6
2026-04-10,lovat,368,685,3
2026-04-10,lovatr,25,66,5
2026-04-10,love art ai,591,2044,4
2026-04-10,loveai,6,104,6
2026-04-10,loveaiart,5,6,1
2026-04-10,loveart,2306,4388,4
2026-04-10,loveart.ai,17,85,4
2026-04-10,loveart官网,122,207,4
2026-04-10,lover ai,136,225,3
2026-04-10,loverart,12,23,3
2026-04-10,lovert,511,599,1
2026-04-10,lovertai,35,89,4
2026-04-10,lovort,14,26,3
2026-04-10,lovrat,38,44,3
2026-04-10,lovrt,119,223,4
2026-04-10,lowart,10,13,1
2026-04-10,lpvart,9,12,4
2026-04-10,luma dream machine,5,1348,6
2026-04-10,luvart,7,13,3
2026-04-10,seedance,4,697,9
2026-04-10,seedance2.0,2,289,8
2026-04-10,seedance是什么,2,187,6
2026-04-10,support@lovart.ai,3,26,5
2026-04-10,www lovart ai,22,40,4
2026-04-10,www.lovart,7,13,1
2026-04-10,www.lovart.ai,191,434,3
2026-04-10,www.lovart.ai/zh,4,16,5
2026-04-10,لوفارت,11,13,2
2026-04-10,مخرشقف,5,13,5
2026-04-10,咯var他,5,13,2
2026-04-10,洛瓦特,24,34,2
2026-04-10,设计ai,3,54,7
2026-04-17,ai设计,11,294,8
2026-04-17,canva ai image generator,8,1109,3
2026-04-17,design agent,4,25,5
2026-04-17,https //www.lovart.ai/,16,27,3
2026-04-17,https www lovart ai,92,269,3
2026-04-17,https www lovart ai zh home,4,24,4
2026-04-17,https www.lovart.ai,2,13,5
2026-04-17,https:// lovart.ai,7,14,4
2026-04-17,https://www.lovart.ai,54,159,2
2026-04-17,https://www.lovart.ai/,224,506,3
2026-04-17,https://www.lovart.ai/canvas?projectid=17f04b02c73849dfaed345debb64a588,15,42,5
2026-04-17,https://www.lovart.ai/canvas?projectid=78c3800beffb4e4398cfacb51b459535,10,36,6
2026-04-17,https://www.lovart.ai/zh,147,534,3
2026-04-17,https://www.lovart.ai/zh/home,214,407,3
2026-04-17,https://www.lovart.ai/zh/projects,21,59,5
2026-04-17,https：//www.lovart.ai/,12,18,2
2026-04-17,lavard,9,11,2
2026-04-17,lavart,371,655,4
2026-04-17,lavert,27,57,3
2026-04-17,lavort,175,191,1
2026-04-17,lavortai,3,11,5
2026-04-17,levart,9,18,1
2026-04-17,livart,8,16,3
2026-04-17,lo v a r t,34509,81167,4
2026-04-17,lo'var't,49,101,5
2026-04-17,loart,434,416,1
2026-04-17,loavrt,84,93,3
2026-04-17,locart,25,36,2
2026-04-17,lov,8,287,4
2026-04-17,lovaart,19,24,1
2026-04-17,lovaer,16,36,2
2026-04-17,lovaet,15,18,1
2026-04-17,lovar,169,349,4
2026-04-17,lovard,5,6,2
2026-04-17,lovarrt,8,11,3
2026-04-17,lovart ai,2587,5159,3
2026-04-17,lovart ai login,140,356,4
2026-04-17,lovart ai sign in,4,12,4
2026-04-17,lovart ai website,4,14,5
2026-04-17,lovart ai官网,5401,13122,4
2026-04-17,lovart ai官网下载,14,30,2
2026-04-17,lovart ai官网打不开,32,327,6
2026-04-17,lovart ai网页版,2,11,3
2026-04-17,lovart ai设计平台,14,11,4
2026-04-17,lovart ia,366,623,2
2026-04-17,lovart login,4,17,5
2026-04-17,lovart nano banana,5,5,3
2026-04-17,lovart sign in,14,15,6
2026-04-17,lovart skills,25,57,5
2026-04-17,lovart website,10,26,6
2026-04-17,lovart 官网 下载 电脑 版,2,20,6
2026-04-17,"lovart,ai/canvas?projectld=96427a560052471fa1290bcf4cfa6d2d&agent=1",13,21,6
2026-04-17,lovart-ai,44,84,3
2026-04-17,lovart.,8,20,5
2026-04-17,lovart.ai,1427,2819,3
2026-04-17,lovart.ai/zh,17,75,5
2026-04-17,lovart.ai/zh/home,8,26,5
2026-04-17,lovart.ai官网,13,43,3
2026-04-17,lovart.com,19,19,2
2026-04-17,lovart.ia,2,7,2
2026-04-17,lovart_ai,10,22,3
2026-04-17,lovartai官网入口,229,444,4
2026-04-17,lovartai官网入口网页版,9,40,5
2026-04-17,lovarte,2,29,1
2026-04-17,lovart、,6,24,5
2026-04-17,lovart中国官网入口,68,142,1
2026-04-17,lovart官方网站入口,11,14,5
2026-04-17,lovart官网,1504,3644,4
2026-04-17,lovart官网入口,77,170,4
2026-04-17,lovart官网入口网页版,79,219,4
2026-04-17,lovart是哪家公司的,2,13,3
2026-04-17,lovart登录,112,433,5
2026-04-17,lovat,409,785,3
2026-04-17,lovatr,61,140,5
2026-04-17,love art ai,665,2017,4
2026-04-17,loveai,8,142,6
2026-04-17,loveart,2592,4746,4
2026-04-17,loveart官网,132,240,3
2026-04-17,lover ai,153,271,3
2026-04-17,loverart,9,16,2
2026-04-17,lovert,522,675,1
2026-04-17,lovertai,40,84,4
2026-04-17,lovert官方网站,20,24,2
2026-04-17,lovort,12,11,1
2026-04-17,lovrat,80,99,2
2026-04-17,lovrt,97,212,4
2026-04-17,lowart,35,49,2
2026-04-17,luma dream machine,2,1272,6
2026-04-17,luvart,9,16,5
2026-04-17,lvart,33,59,5
2026-04-17,openart,2,949,7
2026-04-17,ovart,8,18,5
2026-04-17,www lovart ai,13,40,4
2026-04-17,www.lovart,4,13,5
2026-04-17,www.lovart.ai,234,483,3
2026-04-17,ловарт,7,12,5
2026-04-17,لوفارت,72,73,1
2026-04-17,مخرشقف,2,12,6
2026-04-17,咯var他,9,14,2
2026-04-17,洛瓦特,39,46,1
2026-04-24,3.lovart.ai/zh,6,12,5
2026-04-24,ai设计,17,330,7
2026-04-24,ai设计网站,6,24,8
2026-04-24,canva ai generator,3,165,4
2026-04-24,canva ai image generator,8,1000,3
2026-04-24,http://lovart.ai/,5,17,4
2026-04-24,http://lovart.laimail.com/,3,30,3
2026-04-24,https www lovart ai,111,247,2
2026-04-24,https www lovart ai zh home,8,25,4
2026-04-24,https:// lovart.ai,9,12,2
2026-04-24,https://www.lovart.ai,111,192,2
2026-04-24,https://www.lovart.ai/,388,931,3
2026-04-24,https://www.lovart.ai/home,7,15,5
2026-04-24,https://www.lovart.ai/zh,130,436,3
2026-04-24,https://www.lovart.ai/zh/home,190,394,3
2026-04-24,https://www.lovart.ai/zh/projects,6,20,5
2026-04-24,https：//www.lovart.ai/,7,14,2
2026-04-24,lavart,325,616,4
2026-04-24,lavart ai,6,11,4
2026-04-24,lavert,36,65,4
2026-04-24,lavort,156,210,2
2026-04-24,llovart,9,14,2
2026-04-24,lo v a r t,36305,75035,4
2026-04-24,lo'var't,20,63,5
2026-04-24,loart,441,464,1
2026-04-24,loarte,10,11,1
2026-04-24,loavart,4,13,4
2026-04-24,loavrt,64,77,3
2026-04-24,locart,18,23,1
2026-04-24,lorvart,17,27,4
2026-04-24,louvart,10,28,2
2026-04-24,lov,30,376,3
2026-04-24,lovaart,41,55,1
2026-04-24,lovaet,33,41,1
2026-04-24,lovant,7,12,3
2026-04-24,lovar,206,417,4
2026-04-24,lovard ai,6,11,4
2026-04-24,lovare,10,17,4
2026-04-24,lovarrt,13,29,3
2026-04-24,lovart ai,2582,5233,3
2026-04-24,lovart ai free,7,14,2
2026-04-24,lovart ai login,116,315,4
2026-04-24,lovart ai website,10,26,3
2026-04-24,lovart ai官网,5182,10902,3
2026-04-24,lovart ai官网打不开,21,317,6
2026-04-24,lovart ai网页版,8,16,2
2026-04-24,lovart ia,318,603,2
2026-04-24,lovart login,8,22,4
2026-04-24,lovart pro,5,11,4
2026-04-24,lovart skills,5,14,4
2026-04-24,lovart-ai,21,41,2
2026-04-24,lovart.,8,27,4
2026-04-24,lovart.ai,1483,3199,4
2026-04-24,lovart.ai/zh,52,161,5
2026-04-24,lovart.ai官网,55,106,2
2026-04-24,lovart.ia,6,18,2
2026-04-24,lovartai/zh/home,6,12,5
2026-04-24,lovartai官网入口,156,324,3
2026-04-24,lovartai官网入口网页版,5,16,5
2026-04-24,lovart下载,15,24,1
2026-04-24,lovart中国官网入口,63,114,1
2026-04-24,lovart官方网站进入,8,38,5
2026-04-24,lovart官网,1593,2942,2
2026-04-24,lovart官网入口,125,240,3
2026-04-24,lovart官网入口网页版,91,177,3
2026-04-24,lovart登录,143,625,5
2026-04-24,lovart网页版,8,13,3
2026-04-24,lovat,427,654,2
2026-04-24,lovatr,44,91,4
2026-04-24,lovatr ai官网入口,22,31,3
2026-04-24,love art ai,729,2347,4
2026-04-24,loveai,6,123,5
2026-04-24,loveart,2634,5115,4
2026-04-24,loveart.ai,10,55,4
2026-04-24,lovearts ai,15,22,2
2026-04-24,loveart官网,142,237,2
2026-04-24,loveatr,4,14,5
2026-04-24,lover ai,172,239,2
2026-04-24,loverart,16,32,3
2026-04-24,lovert,688,912,2
2026-04-24,lovertai,41,78,3
2026-04-24,lovert官方网站,14,18,3
2026-04-24,loviart,6,14,6
2026-04-24,lovort,34,43,3
2026-04-24,lovrat,54,64,2
2026-04-24,lovrt,133,186,2
2026-04-24,lowart,71,79,2
2026-04-24,luvart,12,23,5
2026-04-24,lvart,24,51,4
2026-04-24,openart,3,1400,5
2026-04-24,ovart,11,27,5
2026-04-24,site:lovart.ai lovart ai 官网 入口,8,20,6
2026-04-24,support@lovart.ai,4,48,4
2026-04-24,www lovart ai,10,34,3
2026-04-24,www.lovart,8,18,4
2026-04-24,www.lovart.ai,283,523,2
2026-04-24,www.lovart.com,7,12,2
2026-04-24,لوفارت,15,25,3
2026-04-24,咯var他,18,40,2
2026-04-24,洛瓦特ai,6,12,4
2026-05-01,agent lovart,6,14,4
2026-05-01,ai design,2,24,6
2026-05-01,ai设计,16,369,8
2026-05-01,canva ai generator,2,195,4
2026-05-01,canva ai image generator,4,765,4
2026-05-01,craiyon,2,158,6
2026-05-01,http://lovart.ai/zh,2,14,5
2026-05-01,http://lovart.laimail.com/,2,18,4
2026-05-01,https //www.lovart.ai/,17,37,3
2026-05-01,https www lovart ai,151,298,2
2026-05-01,https www lovart ai home,2,12,6
2026-05-01,https www lovart ai zh home,5,18,5
2026-05-01,"https://www.lovart,ai/zh/home",8,23,3
2026-05-01,https://www.lovart.ai,116,257,3
2026-05-01,https://www.lovart.ai/,352,1120,3
2026-05-01,https://www.lovart.ai/canvas?projectid=17f04b02c73849dfaed345debb64a588,8,35,6
2026-05-01,https://www.lovart.ai/home,7,33,5
2026-05-01,https://www.lovart.ai/zh,156,426,3
2026-05-01,https://www.lovart.ai/zh/home,196,466,3
2026-05-01,https://www.lovart.ai/zh/home?ls=1,2,13,4
2026-05-01,https://www.lovart.ai/zh/projects,24,64,5
2026-05-01,https：//www.lovart.ai/,2,14,3
2026-05-01,lavart,316,587,4
2026-05-01,lavert,44,82,3
2026-05-01,lavort,150,185,1
2026-05-01,livart,11,20,2
2026-05-01,lo,5,115,3
2026-05-01,lo v a r t,33277,71257,4
2026-05-01,lo'var't,21,46,5
2026-05-01,loart,360,399,1
2026-05-01,loavrt,89,131,3
2026-05-01,lobart,5,11,1
2026-05-01,locart,22,30,1
2026-05-01,lorvart,4,12,2
2026-05-01,lov,12,104,3
2026-05-01,lovaart,36,70,2
2026-05-01,lovaart ai,5,12,4
2026-05-01,lovaet,19,28,2
2026-05-01,lovar,173,281,4
2026-05-01,lovard,11,23,4
2026-05-01,lovare,6,11,4
2026-05-01,lovart ai,2405,5679,4
2026-05-01,lovart ai login,88,247,4
2026-05-01,lovart ai website,16,47,4
2026-05-01,lovart ai官网,5150,9690,2
2026-05-01,lovart ai官网下载,10,40,3
2026-05-01,lovart ai官网打不开,17,311,7
2026-05-01,lovart https://www.lovart.ai/home,3,12,6
2026-05-01,lovart ia,323,784,3
2026-05-01,lovart skills,4,12,4
2026-05-01,lovart-ai,22,60,3
2026-05-01,lovart.,14,36,4
2026-05-01,lovart.ai,1402,3343,4
2026-05-01,lovart.ai free,2,12,5
2026-05-01,lovart.ai/zh,26,136,5
2026-05-01,lovart.ai/zh/home,6,14,5
2026-05-01,lovart.ai官网,44,88,2
2026-05-01,lovart_ai,22,59,3
2026-05-01,lovartai/zh/home,7,12,5
2026-05-01,lovartai官网入口,157,298,3
2026-05-01,lovarte,6,11,2
2026-05-01,lovart中国官网入口,32,88,2
2026-05-01,lovart官方网站进入,6,24,2
2026-05-01,lovart官网,1358,3154,3
2026-05-01,lovart官网入口,115,165,2
2026-05-01,lovart官网入口网页版,101,253,4
2026-05-01,lovart登录,148,649,5
2026-05-01,lovart：www.lovart.ai,5,11,5
2026-05-01,lovat,429,699,3
2026-05-01,lovatr,51,101,4
2026-05-01,lovatr ai官网入口,6,11,3
2026-05-01,love art ai,678,1892,4
2026-05-01,loveaet,3,11,4
2026-05-01,loveart,2370,4790,4
2026-05-01,loveart.ai,3,44,4
2026-05-01,loveart官网,165,331,4
2026-05-01,lover ai,243,296,2
2026-05-01,loverart,45,70,2
2026-05-01,lovert,731,928,2
2026-05-01,lovertai,44,87,4
2026-05-01,lovort,22,25,2
2026-05-01,lovrat,58,59,2
2026-05-01,lovrat ai,9,118,6
2026-05-01,lovrrt,31,21,1
2026-05-01,lovrt,152,218,3
2026-05-01,luma dream machine,3,1228,6
2026-05-01,lvart,12,31,3
2026-05-01,openart,3,2110,4
2026-05-01,seaart ai,2,155,7
2026-05-01,support@lovart.ai,11,81,5
2026-05-01,www lovart ai,51,107,4
2026-05-01,www.lovart.ai,239,472,3
2026-05-01,لوفارت,46,71,2
2026-05-01,لوفارت ai,9,18,5
2026-05-01,مخرشقف,11,36,5
2026-05-01,模型网站：https://www.lovart.ai/zh/home,5,15,3
2026-05-01,洛瓦特,41,41,1
2026-05-01,洛瓦特ai,6,22,6
2026-05-01,设计ai,7,90,5
2026-05-01, lovart:https://www.lovart.ai/,7,16,5
2026-05-08,.lovart.ai/zh,3,26,5
2026-05-08,ai设计,6,197,7
2026-05-08,canva ai generator,7,219,4
2026-05-08,canva ai image generator,5,958,4
2026-05-08,google image fx,4,608,7
2026-05-08,http://lovart.ai/,3,31,5
2026-05-08,https www lovart ai,122,230,2
2026-05-08,https www lovart ai zh home,9,32,5
2026-05-08,https://www.lovart.ai,67,170,3
2026-05-08,https://www.lovart.ai/,187,579,3
2026-05-08,https://www.lovart.ai/canvas?projectid=17f04b02c73849dfaed345debb64a588,2,11,6
2026-05-08,https://www.lovart.ai/canvas?projectid=26b0d721dee84d08aae8052fb0cd1346,3,15,6
2026-05-08,https://www.lovart.ai/canvas?projectid=c8896f4dcd574d84a54f8af82b747002,11,55,5
2026-05-08,https://www.lovart.ai/canvas?projectid=da7f245e2bac483c9f48e93ae6d3d53a,3,11,5
2026-05-08,https://www.lovart.ai/zh,162,389,4
2026-05-08,https://www.lovart.ai/zh/home,112,242,3
2026-05-08,https://www.lovart.ai/zh/projects,3,11,4
2026-05-08,https://www.lovart.com,3,3,6
2026-05-08,https：//www.lovart.ai/,12,28,2
2026-05-08,imagefx,1,617,9
2026-05-08,larvart,6,12,1
2026-05-08,lavard,29,27,1
2026-05-08,lavart,212,369,4
2026-05-08,lavert,14,22,2
2026-05-08,lavort,79,104,1
2026-05-08,lavot,2,3,1
2026-05-08,lo,1,210,3
2026-05-08,lo v a r t,22945,47556,4
2026-05-08,lo'var't,2,11,6
2026-05-08,loait ai,5,30,6
2026-05-08,loart,218,233,1
2026-05-08,loart ai,3,16,6
2026-05-08,loavrt,38,58,4
2026-05-08,logo设计,1,94,10
2026-05-08,lorart,13,18,4
2026-05-08,lorvart,3,5,1
2026-05-08,louart,9,12,2
2026-05-08,louvart,12,33,4
2026-05-08,lov,24,402,3
2026-05-08,lovaart,30,36,2
2026-05-08,lovar,118,208,3
2026-05-08,lovarart,6,13,6
2026-05-08,lovard ai,11,24,5
2026-05-08,lovare,8,14,5
2026-05-08,lovaret,9,15,4
2026-05-08,lovart ai,1814,4356,3
2026-05-08,lovart ai login,87,261,4
2026-05-08,lovart ai website,6,11,4
2026-05-08,lovart ai官网,3691,7512,3
2026-05-08,lovart ai官网打不开,6,118,7
2026-05-08,lovart ai网页版,53,72,1
2026-05-08,lovart ia,248,565,3
2026-05-08,lovart skills,6,18,4
2026-05-08,lovart 官方网站,52,86,3
2026-05-08,lovart 怎么用,5,74,5
2026-05-08,lovart.ai,954,2111,4
2026-05-08,lovart.ai code,4,11,3
2026-05-08,lovart.ai dev,5,24,6
2026-05-08,lovart.ai/zh,72,265,5
2026-05-08,lovart.ia,3,11,4
2026-05-08,lovart_ai,13,26,3
2026-05-08,lovartai官网入口,165,324,4
2026-05-08,lovart下载,3,11,1
2026-05-08,lovart中国官网入口,2,11,3
2026-05-08,lovart中文版,4,28,4
2026-05-08,lovart官网,1206,2984,4
2026-05-08,lovart官网入口,215,306,2
2026-05-08,lovart官网入口网页版,64,123,4
2026-05-08,lovart正式版,20,35,2
2026-05-08,lovart登录,44,167,5
2026-05-08,lovat,300,411,2
2026-05-08,lovatr,18,38,4
2026-05-08,love art ai,546,1306,3
2026-05-08,loveai,5,149,5
2026-05-08,loveart,1776,3579,4
2026-05-08,loveart.ai,8,20,4
2026-05-08,loveart官网,69,178,4
2026-05-08,lovelt,286,252,2
2026-05-08,lover ai,152,251,3
2026-05-08,loverart,21,32,2
2026-05-08,lovert,419,715,4
2026-05-08,lovertai,11,30,4
2026-05-08,lovet,12,12,1
2026-05-08,lovort,14,46,5
2026-05-08,lovrat,24,40,3
2026-05-08,lovrt,88,112,2
2026-05-08,luma dream machine,3,1183,6
2026-05-08,lvart,7,14,5
2026-05-08,openart,3,1849,4
2026-05-08,ovart,8,24,4
2026-05-08,support@lovart.ai,4,24,4
2026-05-08,www lovart ai,23,59,5
2026-05-08,www.lovart,3,16,4
2026-05-08,www.lovart ai,107,207,2
2026-05-08,www.lovart.ai,158,317,3
2026-05-08,www.lovart.ai/zh,10,18,5
2026-05-08,لوفارت,47,71,3
2026-05-08,مخرشقف,3,17,5
2026-05-08,洛瓦特,33,45,1
2026-05-08,罗瓦特ai,7,14,5
2026-05-15,.lovart.ai/zh,8,12,4
2026-05-15,3.lovart.ai/zh,18,12,5
2026-05-15,ai设计,6,335,8
2026-05-15,http://lovart.ai/zh,15,43,5
2026-05-15,https lovart avoir canvases project id 26b0d721dee84d08aae8052fb0cd1346,5,12,4
2026-05-15,https www lovart ai,101,317,3
2026-05-15,https://www.lovart.ai,57,200,3
2026-05-15,https://www.lovart.ai/,187,668,3
2026-05-15,https://www.lovart.ai/canvas?projectid=3a3ce95f535541ffa78880eca4202120,6,17,5
2026-05-15,https://www.lovart.ai/zh,196,544,3
2026-05-15,https://www.lovart.ai/zh/home,176,437,3
2026-05-15,https://www.lovart.ai/zh/projects,6,11,1
2026-05-15,https：//www.lovart.ai/,7,17,3
2026-05-15,laart,119,97,3
2026-05-15,larvat ai,7,12,4
2026-05-15,lavart,304,580,4
2026-05-15,lavort,150,282,4
2026-05-15,llovart,4,12,4
2026-05-15,lo v a r t,29284,62461,3
2026-05-15,lo'var't,25,50,5
2026-05-15,lo/v/ar/t,7,22,4
2026-05-15,loart,355,440,2
2026-05-15,loavrt,76,107,3
2026-05-15,locart,17,23,2
2026-05-15,loovart,12,26,4
2026-05-15,lorart,3,14,5
2026-05-15,lort ai,10,21,5
2026-05-15,louvart,6,13,4
2026-05-15,lov,9,267,4
2026-05-15,lovaart,40,57,3
2026-05-15,lovaet,51,79,4
2026-05-15,lovaet.ai,7,14,5
2026-05-15,lovar,144,325,4
2026-05-15,lovarart,7,18,5
2026-05-15,lovard,15,36,4
2026-05-15,lovart ai,2039,4753,3
2026-05-15,lovart ai login,95,267,5
2026-05-15,lovart ai官网,4636,9941,3
2026-05-15,lovart ai官网打不开,13,175,6
2026-05-15,lovart ai网页版,76,160,2
2026-05-15,lovart al,10,18,4
2026-05-15,lovart entrar,8,48,6
2026-05-15,lovart ia,244,573,3
2026-05-15,lovart login,3,23,4
2026-05-15,lovart skills,9,56,4
2026-05-15,lovart 官方网站,42,92,3
2026-05-15,lovart 怎么用,29,213,4
2026-05-15,lovart-ai,8,12,3
2026-05-15,lovart.,4,28,4
2026-05-15,lovart.ai,1200,2541,3
2026-05-15,lovart.ai code,4,14,3
2026-05-15,lovart.ai dev,17,75,6
2026-05-15,lovart.ai/zh,67,111,4
2026-05-15,lovart.ai官网,5,13,1
2026-05-15,lovart.pro,7,44,4
2026-05-15,lovart_ai,22,48,3
2026-05-15,lovartai官网入口,161,346,3
2026-05-15,lovartai官网入口网页版,12,19,1
2026-05-15,lovart中国官网入口,16,36,1
2026-05-15,lovart官网,1720,4643,4
2026-05-15,lovart官网入口,77,162,1
2026-05-15,lovart官网入口网页版,60,117,2
2026-05-15,lovart正式版,54,91,2
2026-05-15,lovart登录,14,32,4
2026-05-15,lovat,313,490,2
2026-05-15,lovat ai,6,11,3
2026-05-15,lovatr,10,12,1
2026-05-15,love art ai,471,1394,4
2026-05-15,loveai,6,120,6
2026-05-15,loveart,2238,4906,4
2026-05-15,loveart.ai,8,23,4
2026-05-15,loveart官网,46,126,4
2026-05-15,lovelt,30,132,5
2026-05-15,lover ai,217,421,4
2026-05-15,loverart,8,16,4
2026-05-15,lovert,528,1054,4
2026-05-15,lovertai,45,68,3
2026-05-15,lovirt,4,13,4
2026-05-15,lovort,12,22,5
2026-05-15,lovrat,64,126,4
2026-05-15,lovrt,118,239,4
2026-05-15,lowart,29,56,5
2026-05-15,luma dream machine,4,1366,5
2026-05-15,lvart,25,50,4
2026-05-15,lvoart,6,7,1
2026-05-15,openart,4,2385,4
2026-05-15,ovart,7,26,5
2026-05-15,seaart.ai review,4,11,3
2026-05-15,support@lovart.ai,10,73,5
2026-05-15,www lovart ai,41,156,5
2026-05-15,www.lovart,11,23,2
2026-05-15,www.lovart ai,250,465,2
2026-05-15,www.lovart.ai,152,325,3
2026-05-15,www.lovart.ai zh,9,12,3
2026-05-15,لوفارت,57,122,4
2026-05-15,مخرشقف,3,14,6
2026-05-15,洛瓦特,51,98,4
2026-05-15,洛瓦特ai,4,12,5
2026-05-15,洛瓦特官网,4,11,6
2026-05-15,设计ai,3,61,7
2026-05-22,ai设计,6,245,7
2026-05-22,canva ai generator,0,157,5
2026-05-22,canva ai image generator,1,495,5
2026-05-22,craionai,1,13,7
2026-05-22,craiyon,2,654,6
2026-05-22,craiyon ai,0,224,6
2026-05-22,crée ta  maquette gratuits,1,1,1
2026-05-22,design agent,8,85,3
2026-05-22,designing ig highlights that match brand style,3,110,11
2026-05-22,faça uns atores que tá destruído pelo virtual,1,1,1
2026-05-22,hey gen,0,206,7
2026-05-22,hey gen ai,0,1076,6
2026-05-22,how to create a brand kit for linkedin,2,63,6
2026-05-22,https www lovart ai,92,208,2
2026-05-22,https www lovart ai home,7,13,5
2026-05-22,https www lovart ai zh,6,17,2
2026-05-22,https://lovart-ai.com/,7,16,3
2026-05-22,"https://www.lovart,ai/canvas?newproject=true",8,12,3
2026-05-22,https://www.lovart.ai,59,128,2
2026-05-22,https://www.lovart.ai/,232,484,2
2026-05-22,https://www.lovart.ai/canvas?projectid=029992ba5ef74040b60c78f2f9d257b8,11,11,1
2026-05-22,https://www.lovart.ai/canvas?projectid=c8896f4dcd574d84a54f8af82b747002,7,11,3
2026-05-22,https://www.lovart.ai/zh,197,431,2
2026-05-22,https://www.lovart.ai/zh/home,133,344,3
2026-05-22,https://www.lovart.ai/zhlovart,16,25,1
2026-05-22,laart,144,130,2
2026-05-22,lavart,231,431,3
2026-05-22,lavort,126,225,3
2026-05-22,lo v a r t,26836,49999,3
2026-05-22,loart,253,359,3
2026-05-22,loavart,5,16,6
2026-05-22,loavrt,8,11,2
2026-05-22,lobart,8,13,2
2026-05-22,locart,12,20,1
2026-05-22,lov,2,77,4
2026-05-22,lovaart,9,14,2
2026-05-22,lovaert,3,3,1
2026-05-22,lovaet,17,36,4
2026-05-22,lovar,129,219,3
2026-05-22,lovarart,5,16,5
2026-05-22,lovart ai,1881,3898,3
2026-05-22,lovart ai login,50,166,4
2026-05-22,lovart ai官网,4676,8211,2
2026-05-22,lovart ai官网下载,10,14,2
2026-05-22,lovart ai官网打不开,13,183,7
2026-05-22,lovart ai网页版,62,108,1
2026-05-22,lovart ia,203,513,3
2026-05-22,lovart 官方网站,187,316,2
2026-05-22,lovart 怎么用,12,75,3
2026-05-22,lovart.,4,5,1
2026-05-22,lovart.ai,1048,1935,2
2026-05-22,lovart.ai/zh,65,88,4
2026-05-22,lovart.ai官网,14,32,2
2026-05-22,lovart.com,7,13,2
2026-05-22,lovart.ia,4,19,4
2026-05-22,lovartai官网入口,152,220,2
2026-05-22,lovart中国官网入口,5,13,1
2026-05-22,lovart中文版,133,248,1
2026-05-22,lovart官网,1288,2706,3
2026-05-22,lovart官网入口,135,240,1
2026-05-22,lovart官网入口网页版,46,70,2
2026-05-22,lovart官网网址https://www.lovart.ai/zh,2,12,5
2026-05-22,lovart有app吗,1,1,1
2026-05-22,lovart正式版,41,63,3
2026-05-22,lovat,241,354,1
2026-05-22,love art ai,403,960,3
2026-05-22,love ia,1,11,2
2026-05-22,loveai,10,93,5
2026-05-22,loveart,2024,3944,4
2026-05-22,loveart官网,59,117,4
2026-05-22,lover ai,181,288,2
2026-05-22,loverart,23,35,2
2026-05-22,lovert,493,912,3
2026-05-22,lovertai,19,28,3
2026-05-22,lovort,14,18,2
2026-05-22,lovrat,24,49,4
2026-05-22,lovrt,131,204,3
2026-05-22,lowart,50,66,4
2026-05-22,luma dream machine,1,178,7
2026-05-22,lvorat,2,14,5
2026-05-22,media.io,2,186,5
2026-05-22,nanaobanana 2 free french,1,1,21
2026-05-22,nano banana 2 free,1,2,1
2026-05-22,openart,6,2399,5
2026-05-22,openart ai,0,2559,4
2026-05-22,openart.ai,1,115,5
2026-05-22,ovart,1,2,1
2026-05-22,veo 3.1,2,78,6
2026-05-22,www lovart ai,15,28,3
2026-05-22,www.lovart,12,45,4
2026-05-22,www.lovart ai,86,140,1
2026-05-22,www.lovart.ai,109,215,2
2026-05-22,لوفارت,20,38,3
2026-05-22,拉瓦特 ai,10,14,5
2026-05-22,搞定ai,1,299,9
2026-05-22,搞定设计,0,195,7
2026-05-22,洛瓦特,30,55,2
2026-05-22,洛瓦特ai,4,11,5
2026-05-22,灵感ai,0,693,7
2026-05-22,设计ai,1,28,6
2026-05-29,ai设计,8,362,7
2026-05-29,canva ai generator,3,205,5
2026-05-29,canva ai image generator,7,890,5
2026-05-29,ceaiyon,1,1,7
2026-05-29,craiyon,0,298,7
2026-05-29,design agent,11,118,2
2026-05-29,https www lovart ai,99,182,2
2026-05-29,https//www.lovart.ai/zh,4,11,3
2026-05-29,"https://www,lovart.ai/zh",3,13,2
2026-05-29,https://www.lovart.ai,61,121,2
2026-05-29,https://www.lovart.ai › zh,1,38,6
2026-05-29,https://www.lovart.ai/,275,545,2
2026-05-29,https://www.lovart.ai/zh,205,491,1
2026-05-29,https://www.lovart.ai/zh/home,130,300,2
2026-05-29,https://www.lovart.ai/zh/projects,13,23,2
2026-05-29,https://www.lovart.ai/zhv,19,14,1
2026-05-29,instagram aesthetic feed generator,1,13,11
2026-05-29,l0vart,8,11,3
2026-05-29,laart,114,154,3
2026-05-29,lavard,6,13,3
2026-05-29,lavart,223,309,2
2026-05-29,lavort,113,141,2
2026-05-29,link per fare le mockup,1,2,4
2026-05-29,livart,6,16,3
2026-05-29,lo v a r t,28099,42165,2
2026-05-29,lo'var't,16,24,3
2026-05-29,loart,299,336,2
2026-05-29,louart,2,3,4
2026-05-29,lova ia,1,4,1
2026-05-29,lovaart,37,43,2
2026-05-29,lovaet,9,12,1
2026-05-29,lovalovart,11,13,1
2026-05-29,lovar,137,188,2
2026-05-29,lovart ai,1867,3830,3
2026-05-29,lovart ai free,2,11,1
2026-05-29,lovart ai login,80,313,5
2026-05-29,lovart ai website,3,2,1
2026-05-29,lovart ai下载,10,11,1
2026-05-29,lovart ai中文版,10,17,1
2026-05-29,lovart ai官网,4921,7150,2
2026-05-29,lovart ai官网打不开,29,219,5
2026-05-29,lovart ai网页版,56,78,1
2026-05-29,lovart ai设计智能体,9,15,2
2026-05-29,lovart ia,265,477,2
2026-05-29,lovart image 2,15,27,3
2026-05-29,lovart login,1,5,4
2026-05-29,lovart skills,3,12,4
2026-05-29,lovart 中文,8,19,1
2026-05-29,lovart-ai,7,13,1
2026-05-29,lovart.ai,1007,1670,2
2026-05-29,lovart.ai/zh,26,65,4
2026-05-29,lovart.ai/zh/home,7,11,3
2026-05-29,lovart.ai官网,31,50,1
2026-05-29,lovart.ia,9,17,1
2026-05-29,lovartai官网入口,277,304,2
2026-05-29,lovartr,2,13,6
2026-05-29,lovart下载,10,11,5
2026-05-29,lovart中国官网入口,6,12,1
2026-05-29,lovart中文版,7,12,1
2026-05-29,lovart在线使用,2,11,2
2026-05-29,lovart官网,1436,2310,2
2026-05-29,lovart官网入口,154,193,2
2026-05-29,lovart官网入口网页版,47,62,1
2026-05-29,lovart是什么,11,43,3
2026-05-29,lovart是哪家公司的,1,13,2
2026-05-29,lovart正式版,8,12,1
2026-05-29,lovary,3,6,1
2026-05-29,lovat,265,393,1
2026-05-29,lovatr,18,28,3
2026-05-29,lovatr ai官网入口,25,25,5
2026-05-29,love art ai,335,724,2
2026-05-29,loveai,9,125,6
2026-05-29,loveart,2125,3419,2
2026-05-29,loveart官网,91,131,2
2026-05-29,lover ai,162,216,1
2026-05-29,lovert,506,745,2
2026-05-29,lovertai,7,16,3
2026-05-29,lovort,13,28,3
2026-05-29,lovrat,20,24,1
2026-05-29,lovrt,64,102,2
2026-05-29,lowart,43,65,2
2026-05-29,luvart,2,3,1
2026-05-29,lvart,17,23,2
2026-05-29,lvoart,28,25,1
2026-05-29,media.io,1,97,7
2026-05-29,nano banana free trial,1,2,8
2026-05-29,openart,4,2212,4
2026-05-29,openart ai,1,1873,6
2026-05-29,openart.ai,2,156,5
2026-05-29,ovart,3,3,1
2026-05-29,qlovaar,1,1,1
2026-05-29,veo 3.1,4,170,5
2026-05-29,www.lovart,8,11,3
2026-05-29,www.lovart.ai,134,215,1
2026-05-29,www.lovart.ai zh home,6,14,5
2026-05-29,لوفارت,9,10,3
2026-05-29,ラブアート,6,5,1
2026-05-29,搞定ai,0,841,8
2026-05-29,洛瓦特,10,13,3
2026-05-29,设计ai,3,42,6
2026-06-05,ai design,1,49,8
2026-06-05,ai image generator canva,1,20,3
2026-06-05,ai设计,6,285,7
2026-06-05,art ai,2,19,4
2026-06-05,artlove,3,4,4
2026-06-05,canva ai generator,3,276,4
2026-06-05,canva ai image generator,5,990,4
2026-06-05,chat to an image,1,1,1
2026-06-05,craiyon,0,366,8
2026-06-05,craiyon ai,1,94,7
2026-06-05,creative workflow control platform,0,334,6
2026-06-05,design agent,6,45,3
2026-06-05,designing ig highlights that match brand style,2,88,12
2026-06-05,google image fx,1,235,8
2026-06-05,https www lovart ai,113,228,1
2026-06-05,https://lovart.laimail.com/api/mt.php?u=info@vks.mht999.com&p=a11111,2,12,4
2026-06-05,https://www.lovart.ai,62,132,2
2026-06-05,https://www.lovart.ai/,214,504,2
2026-06-05,https://www.lovart.ai/canvas?projectid=029992ba5ef74040b60c78f2f9d257b8,10,12,5
2026-06-05,https://www.lovart.ai/canvas?projectid=3330f26c8b5b4f1ea27e9bae52313d35,6,14,4
2026-06-05,https://www.lovart.ai/zh,177,455,2
2026-06-05,https://www.lovart.ai/zh/home,103,258,2
2026-06-05,imagefx,0,256,9
2026-06-05,l0vart,9,11,1
2026-06-05,laart,157,187,3
2026-06-05,lavard,17,22,2
2026-06-05,lavart,182,339,3
2026-06-05,lavart ai,20,12,1
2026-06-05,lavort,114,185,2
2026-06-05,lavoter ai,1,13,4
2026-06-05,lo v a r t,26273,48647,2
2026-06-05,loart,257,337,2
2026-06-05,loarte,20,17,1
2026-06-05,loavrt,22,26,3
2026-06-05,lobart,8,18,4
2026-06-05,locart,9,14,1
2026-06-05,lov,14,66,3
2026-06-05,lovaart,7,11,3
2026-06-05,lovaet,5,12,4
2026-06-05,lovalovart,9,14,1
2026-06-05,lovalt,15,12,1
2026-06-05,lovar,153,221,2
2026-06-05,lovard,2,3,1
2026-06-05,lovart agent,2,12,2
2026-06-05,lovart ai,1940,4174,3
2026-06-05,lovart ai free,5,8,2
2026-06-05,lovart ai login,81,250,5
2026-06-05,lovart ai website,3,4,1
2026-06-05,lovart ai中文版,7,11,1
2026-06-05,lovart ai官网,3939,7982,1
2026-06-05,lovart ai官网打不开,21,210,6
2026-06-05,lovart ai网页版,30,63,2
2026-06-05,lovart entrar,3,26,6
2026-06-05,lovart ia,223,440,2
2026-06-05,lovart image 2,6,32,5
2026-06-05,lovart skills,4,12,2
2026-06-05,lovart 中文,1,22,2
2026-06-05,lovart 官方网站,153,297,2
2026-06-05,lovart-ai,17,30,1
2026-06-05,lovart.ai,965,1745,2
2026-06-05,lovart.ai官网,14,42,2
2026-06-05,lovart.com,58,94,2
2026-06-05,lovart_ai,14,26,1
2026-06-05,lovartai官网入口,100,209,3
2026-06-05,lovart中国官网入口,15,27,1
2026-06-05,lovart中文版,25,114,2
2026-06-05,lovart官网,1151,2334,2
2026-06-05,lovart官网入口,137,243,2
2026-06-05,lovart官网入口网页版,7,23,2
2026-06-05,lovart是什么,27,90,2
2026-06-05,lovart正式版,26,47,1
2026-06-05,lovat,254,358,1
2026-06-05,love art ai,396,870,2
2026-06-05,loveai,12,143,6
2026-06-05,lovear,5,13,1
2026-06-05,loveart,2055,3608,2
2026-06-05,loveart#,1,1,1
2026-06-05,loveart官网,88,173,2
2026-06-05,loveat,4,11,3
2026-06-05,lover ai,116,213,2
2026-06-05,loverart,17,26,1
2026-06-05,lovert,509,852,2
2026-06-05,lovertai,22,50,3
2026-06-05,lovort,24,34,2
2026-06-05,lovrat,37,64,2
2026-06-05,lovrt,81,144,2
2026-06-05,lowart,29,50,2
2026-06-05,media.io,0,148,6
2026-06-05,openart,6,2263,4
2026-06-05,openart ai,1,1856,5
2026-06-05,openart.ai,3,135,4
2026-06-05,www lovart ai,5,21,3
2026-06-05,www.lovart,12,11,1
2026-06-05,www.lovart ai,4,12,1
2026-06-05,www.lovart.ai,89,194,2
2026-06-05,www.lovrat,25,16,5
2026-06-05,لوفارت,7,16,3
2026-06-05,拉瓦特官网,2,15,3
2026-06-05,搞定设计,0,180,10
2026-06-05,设计ai,1,69,7
2026-06-12,0vart,4,12,2
2026-06-12,ai设计,10,212,8
2026-06-12,canva ai generator,1,216,5
2026-06-12,canva ai image generator,1,915,5
2026-06-12,design agent,3,23,4
2026-06-12,http://lovart.ai/,6,11,1
2026-06-12,https www lovart ai,84,269,2
2026-06-12,https://www.lovart.ai,44,141,3
2026-06-12,https://www.lovart.ai/,241,505,2
2026-06-12,https://www.lovart.ai/zh,144,490,2
2026-06-12,https://www.lovart.ai/zh/home,132,285,2
2026-06-12,https://www.lovart.ai/zh/home?ls=1,11,12,1
2026-06-12,https://www.lovart.ai/zh/homelov,7,15,4
2026-06-12,https://www.lovart.ai/zh/projects,11,31,3
2026-06-12,https：//www.lovart.ai,7,12,2
2026-06-12,iovart,23,27,2
2026-06-12,l0vart,7,12,1
2026-06-12,laart,107,143,3
2026-06-12,lavart,176,294,2
2026-06-12,lavart ai,20,12,1
2026-06-12,lavort,85,145,2
2026-06-12,levart,5,14,1
2026-06-12,llovart,14,30,4
2026-06-12,lo v a r t,25486,53246,2
2026-06-12,lo'var't,34,50,2
2026-06-12,loart,338,458,2
2026-06-12,loarte,18,25,1
2026-06-12,loavrt,9,15,1
2026-06-12,lobart,5,12,4
2026-06-12,locart,24,52,2
2026-06-12,lorvat,5,13,1
2026-06-12,lov,47,142,2
2026-06-12,lovaart,13,37,3
2026-06-12,lovaert,10,13,1
2026-06-12,lovaet,14,43,1
2026-06-12,lovar,120,251,2
2026-06-12,lovart ai,1776,4860,3
2026-06-12,lovart ai login,52,167,4
2026-06-12,lovart ai中文版,22,56,2
2026-06-12,lovart ai官网,3870,8842,2
2026-06-12,lovart ai官网打不开,36,193,6
2026-06-12,lovart ai网页版,42,95,2
2026-06-12,lovart ia,211,451,2
2026-06-12,lovart login,5,9,2
2026-06-12,lovart website,5,13,1
2026-06-12,lovart 中文,31,114,2
2026-06-12,lovart 官方网站,69,131,2
2026-06-12,lovart 官网下载,7,14,2
2026-06-12,lovart-ai,5,12,1
2026-06-12,lovart-al,2,11,5
2026-06-12,lovart.a,5,11,4
2026-06-12,lovart.ai,985,1933,2
2026-06-12,lovart.ai/zh,6,20,6
2026-06-12,lovart.com,3,11,2
2026-06-12,lovart_ai,15,22,1
2026-06-12,lovartai官网入口,178,391,2
2026-06-12,lovartai官网入口网页版,51,47,1
2026-06-12,lovartt,6,12,3
2026-06-12,lovart下载,8,12,3
2026-06-12,lovart中国官网入口,4,18,2
2026-06-12,lovart中文版,12,58,3
2026-06-12,lovart官网,1120,2396,2
2026-06-12,lovart官网入口,112,184,2
2026-06-12,lovart官网入口网页版,25,52,1
2026-06-12,lovart登录入口,13,67,4
2026-06-12,lovart网页版,90,170,2
2026-06-12,lovat,257,354,1
2026-06-12,lovatr,47,77,2
2026-06-12,lovatr ai官网入口,10,15,1
2026-06-12,love art ai,438,1045,2
2026-06-12,love art ai官网,15,32,4
2026-06-12,loveai,17,192,5
2026-06-12,loveart,1941,3685,2
2026-06-12,loveart官网,52,105,1
2026-06-12,lover ai,132,236,2
2026-06-12,loverart,40,84,2
2026-06-12,lovert,455,822,2
2026-06-12,lovertai,26,46,2
2026-06-12,lovert官网,19,27,3
2026-06-12,lovet,23,34,2
2026-06-12,lovort,12,30,2
2026-06-12,lovrat,37,44,2
2026-06-12,lovrt,103,192,2
2026-06-12,lovsrt,7,11,1
2026-06-12,lowart,9,17,1
2026-06-12,luvart,8,23,2
2026-06-12,lvoart,9,11,2
2026-06-12,openart,5,2414,4
2026-06-12,openart ai,1,1623,5
2026-06-12,openart.ai,3,144,4
2026-06-12,site:lovart.ai lovart,3,50,6
2026-06-12,untitled ai官网,2,13,3
2026-06-12,www lovart ai,4,14,5
2026-06-12,www.lovart,10,15,3
2026-06-12,www.lovart ai,25,58,1
2026-06-12,www.lovart.ai,144,331,2
2026-06-12,www.lovart.com,4,11,2
2026-06-12,洛瓦特,9,15,4
2026-06-12,罗瓦特,3,17,5
2026-06-12,香蕉pro,2,62,7
2026-06-19,3. 登录lovart网站，lovart.ai/zh,13,15,2
2026-06-19,ai love image,1,42,3
2026-06-19,ai设计,6,198,7
2026-06-19,artlove,2,7,3
2026-06-19,canva ai image generator,1,753,6
2026-06-19,canva image generator,1,47,7
2026-06-19,design agent,2,14,5
2026-06-19,google image fx,1,109,7
2026-06-19,how to design a viral youtube thumbnail,4,38,6
2026-06-19,https www lovart ai,62,198,2
2026-06-19,https:// lovart.ai,3,14,1
2026-06-19,https://www.lovart.ai,44,118,3
2026-06-19,https://www.lovart.ai lovart.ai,6,14,2
2026-06-19,https://www.lovart.ai/,127,454,2
2026-06-19,https://www.lovart.ai/zh,153,393,2
2026-06-19,https://www.lovart.ai/zh/home,105,332,2
2026-06-19,https://www.lovart.ai/zh/home?ls=1,6,13,2
2026-06-19,https：//www.lovart.ai/,3,16,1
2026-06-19,l0vart,11,68,2
2026-06-19,laart,99,196,4
2026-06-19,lavart,204,431,2
2026-06-19,lavart ai,3,10,1
2026-06-19,lavort,127,247,2
2026-06-19,lavortai,5,11,2
2026-06-19,lo v a r t,22199,50580,2
2026-06-19,lo'var't,28,38,2
2026-06-19,loart,289,440,2
2026-06-19,loavrt,15,41,2
2026-06-19,locart,15,38,2
2026-06-19,lorvt,14,31,2
2026-06-19,lov,33,61,2
2026-06-19,lov ai,2,3,1
2026-06-19,lovaart,18,49,2
2026-06-19,lovaet,23,39,3
2026-06-19,lovalovart,25,47,1
2026-06-19,lovar,97,225,2
2026-06-19,lovarat,4,11,4
2026-06-19,lovart ai,1747,4618,3
2026-06-19,lovart ai login,72,230,4
2026-06-19,lovart ai中文版,6,12,3
2026-06-19,lovart ai官网,3358,8453,2
2026-06-19,lovart ai官网打不开,8,180,6
2026-06-19,lovart ai网页版,24,64,2
2026-06-19,lovart ai设计平台,4,15,1
2026-06-19,lovart ia,221,545,2
2026-06-19,lovart pro,2,16,2
2026-06-19,lovart 中文,45,112,2
2026-06-19,lovart 官方网站,7,11,2
2026-06-19,lovart 官網,2,14,7
2026-06-19,lovart 官网下载,73,138,2
2026-06-19,lovart',10,27,2
2026-06-19,lovart-ai,8,28,1
2026-06-19,lovart.ai,902,2025,2
2026-06-19,lovart.ai/zh,2,11,2
2026-06-19,lovart.com,33,79,2
2026-06-19,lovart.ia,3,7,1
2026-06-19,lovart_ai,12,39,2
2026-06-19,lovartai官网入口,112,243,2
2026-06-19,lovartai官网入口网页版,12,12,2
2026-06-19,lovart中文版,18,73,2
2026-06-19,lovart免费下载安装,8,12,2
2026-06-19,lovart在线使用,4,13,2
2026-06-19,lovart官网,946,2195,2
2026-06-19,lovart官网入口,107,271,2
2026-06-19,lovart官网入口网页版,11,36,2
2026-06-19,lovart正式版,8,31,2
2026-06-19,lovart登录入口,29,106,3
2026-06-19,lovart网页版,6,27,2
2026-06-19,lovat,238,284,1
2026-06-19,lovatr,16,30,1
2026-06-19,lovatr ai官网入口,34,40,2
2026-06-19,lovat官网,10,27,2
2026-06-19,love art ai,418,1035,2
2026-06-19,love art ai官网,3,12,2
2026-06-19,loveai,12,185,5
2026-06-19,loveaiart,6,11,1
2026-06-19,loveart,1775,3797,2
2026-06-19,loveart官网,44,104,2
2026-06-19,lover ai,159,274,2
2026-06-19,loverart,28,49,2
2026-06-19,lovert,406,751,2
2026-06-19,lovertai,9,24,2
2026-06-19,lovert官网,21,39,2
2026-06-19,lovort,20,39,2
2026-06-19,lovrat,23,49,2
2026-06-19,lovrt,75,139,2
2026-06-19,lowart,35,65,2
2026-06-19,lvart,2,11,2
2026-06-19,openart,4,1293,5
2026-06-19,openart.ai,1,64,4
2026-06-19,ovart,3,5,1
2026-06-19,www lovart ai,4,11,3
2026-06-19,www.lovart,9,26,2
2026-06-19,www.lovart ai,18,42,1
2026-06-19,www.lovart.ai,98,274,1
2026-06-19,لوفارت,6,18,2
2026-06-19,拉瓦特,9,11,2
2026-06-19,拉瓦特 ai,24,29,2
2026-06-19,洛瓦特,44,57,2
2026-06-19,香蕉pro,3,143,5
2026-06-26,ai设计,6,164,7
2026-06-26,artlove,3,14,4
2026-06-26,design agent,5,61,5
2026-06-26,https www lovart ai,86,276,2
2026-06-26,https www lovart ai zh home,10,25,4
2026-06-26,https://www.lovart.ai,31,191,2
2026-06-26,https://www.lovart.ai lovart.ai,11,16,2
2026-06-26,https://www.lovart.ai/,135,519,2
2026-06-26,https://www.lovart.ai/zh,137,511,2
2026-06-26,https://www.lovart.ai/zh/home,160,449,2
2026-06-26,httpswww.lovart.aizh,9,12,2
2026-06-26,httpswww.lovart.aizhhome,9,18,2
2026-06-26,https：//www.lovat.ai/zh/home,10,12,3
2026-06-26,iovart,8,12,3
2026-06-26,l0vart,21,56,2
2026-06-26,laart,69,189,5
2026-06-26,lavard,9,11,1
2026-06-26,lavart,198,434,2
2026-06-26,lavart ai,6,26,3
2026-06-26,lavort,73,188,3
2026-06-26,llovart,11,45,2
2026-06-26,lo v a r t,22004,60927,2
2026-06-26,lo'var't,14,13,2
2026-06-26,loart,272,511,2
2026-06-26,loart ai,3,16,2
2026-06-26,loavrt,20,48,2
2026-06-26,lobart,7,14,2
2026-06-26,locart,10,26,3
2026-06-26,louvart,6,12,2
2026-06-26,lov,36,108,1
2026-06-26,lova,11,24,2
2026-06-26,lovaart,40,103,2
2026-06-26,lovaart ai,6,12,2
2026-06-26,lovaet,14,35,2
2026-06-26,lovalovart,4,17,2
2026-06-26,lovar,149,278,2
2026-06-26,lovard,24,68,2
2026-06-26,lovart ai,1664,4995,2
2026-06-26,lovart ai code,7,16,3
2026-06-26,lovart ai login,33,77,3
2026-06-26,lovart ai website,5,14,2
2026-06-26,lovart ai中文版,5,13,4
2026-06-26,lovart ai官网,3225,10414,2
2026-06-26,lovart ai官网打不开,15,206,8
2026-06-26,lovart ai网页版,26,113,2
2026-06-26,lovart ai设计平台,8,12,2
2026-06-26,lovart ia,202,617,2
2026-06-26,lovart | the world's first design agent for all design purposes,3,12,2
2026-06-26,lovart 中文,65,226,2
2026-06-26,lovart 官网下载,15,44,2
2026-06-26,lovart.a,4,15,3
2026-06-26,lovart.ai,865,2439,2
2026-06-26,lovart.ai/zh,4,14,2
2026-06-26,lovart.ai/zh/home,6,12,2
2026-06-26,lovart.ai官网,13,53,1
2026-06-26,lovart.com,110,219,2
2026-06-26,lovart_ai,17,48,2
2026-06-26,lovartai官网入口,149,348,3
2026-06-26,lovartai官网入口网页版,16,36,2
2026-06-26,lovarte,3,12,2
2026-06-26,lovarthttps://ez-enjoy.com/,10,14,2
2026-06-26,lovartt,11,14,2
2026-06-26,lovart下载,10,23,4
2026-06-26,lovart中国版,4,11,2
2026-06-26,lovart中文版,7,47,3
2026-06-26,lovart官网,1097,3233,2
2026-06-26,lovart官网入口,156,520,2
2026-06-26,lovart官网入口网页版,28,80,2
2026-06-26,lovart正式版,30,104,2
2026-06-26,lovart登录入口,32,85,4
2026-06-26,lovart网页版,11,39,3
2026-06-26,lovat,183,251,1
2026-06-26,lovatr,36,68,2
2026-06-26,lovat官网,24,65,2
2026-06-26,love art ai,416,1261,2
2026-06-26,loveai,6,127,6
2026-06-26,loveart,1639,4205,2
2026-06-26,loveart ia,5,18,2
2026-06-26,loveart官网,61,161,2
2026-06-26,lover ai,136,366,2
2026-06-26,loverart,28,61,2
2026-06-26,lovert,385,802,2
2026-06-26,lovertai,14,48,2
2026-06-26,lovert官网,46,90,3
2026-06-26,lovet,16,24,2
2026-06-26,lovort,11,25,2
2026-06-26,lovrat,26,57,3
2026-06-26,lovrt,61,164,2
2026-06-26,lowart,40,88,2
2026-06-26,lvart,12,23,2
2026-06-26,lvoart,6,14,2
2026-06-26,ovart,4,44,2
2026-06-26,site:lovart.ai lovart ai官网,6,17,5
2026-06-26,www.lovart,23,30,2
2026-06-26,www.lovart ai,15,43,1
2026-06-26,www.lovart.ai,100,327,2
2026-06-26,www.lovart.com,7,12,2
2026-06-26,لوفارت,4,12,2
2026-06-26,咯var他,7,31,3
2026-06-26,洛瓦特,48,91,3
2026-07-03,ai设计,10,216,6
2026-07-03,civitai red,6,1653,6
2026-07-03,civitai.red,6,323,6
2026-07-03,https www lovart ai,63,318,3
2026-07-03,https:// lovart.ai,10,38,3
2026-07-03,https://www.lovart.ai,93,331,3
2026-07-03,https://www.lovart.ai/,166,627,3
2026-07-03,https://www.lovart.ai/canvas?projectid=odmcsttug4,8,12,2
2026-07-03,https://www.lovart.ai/zh,122,480,2
2026-07-03,https://www.lovart.ai/zh/home,104,363,2
2026-07-03,https://www.lovart.ail,14,61,2
2026-07-03,https：//www.lovart.ai/,9,36,2
2026-07-03,https：//www.lovart.ai/zh/home,7,18,5
2026-07-03,l0vart,16,77,3
2026-07-03,laart,42,145,5
2026-07-03,lavard,6,11,1
2026-07-03,lavart,210,434,2
2026-07-03,lavart ai,4,12,2
2026-07-03,lavort,115,247,2
2026-07-03,lavrt,12,18,2
2026-07-03,lo,8,627,5
2026-07-03,lo v a r t,23729,64235,2
2026-07-03,lo'var't,51,78,2
2026-07-03,loart,209,509,2
2026-07-03,loavrt,29,83,2
2026-07-03,louvart,6,26,3
2026-07-03,lov,28,106,2
2026-07-03,lovaart,28,82,3
2026-07-03,lovaet,11,30,2
2026-07-03,lovalovart,10,25,2
2026-07-03,lovar,117,271,2
2026-07-03,lovard,4,12,2
2026-07-03,lovart ai,1532,4996,2
2026-07-03,lovart ai design,7,22,4
2026-07-03,lovart ai free,4,14,2
2026-07-03,lovart ai login,59,179,3
2026-07-03,lovart ai官网,3502,10659,2
2026-07-03,lovart ai官网打不开,14,246,8
2026-07-03,lovart ai网页版,5,17,3
2026-07-03,lovart ai设计平台,48,82,2
2026-07-03,lovart design,4,14,4
2026-07-03,lovart ia,184,577,2
2026-07-03,lovart pro,3,14,2
2026-07-03,lovart web,6,18,2
2026-07-03,lovart 中文,35,136,2
2026-07-03,lovart 官方网站,43,95,2
2026-07-03,lovart 官网下载,70,102,2
2026-07-03,"lovart,ai/canvas?projectld=96427a560052471fa1290bcf4cfa6d2d&agent=1",9,13,3
2026-07-03,lovart.ai,779,2417,2
2026-07-03,lovart.ai/zh,7,15,2
2026-07-03,lovart.ai/zh/home,14,14,2
2026-07-03,lovart.ai官网,24,22,2
2026-07-03,lovart.com,27,51,2
2026-07-03,lovart:https://www.lovart.ai/,9,24,6
2026-07-03,lovart_ai,18,50,2
2026-07-03,lovartai官网入口,108,277,3
2026-07-03,lovartai官网入口网页版,16,26,2
2026-07-03,lovartlovart,5,15,2
2026-07-03,lovart下载,4,11,4
2026-07-03,lovart中国官网入口,21,44,2
2026-07-03,lovart中文版,73,231,3
2026-07-03,lovart官网,1830,4256,2
2026-07-03,lovart官网入口,142,383,2
2026-07-03,lovart官网入口网页版,5,16,2
2026-07-03,lovart登录入口,8,37,3
2026-07-03,lovart网页版,14,38,2
2026-07-03,lovart：全球首个ai设计智能体 | 自动化平面设计平台 https://www.lovart.ai/zh,4,14,2
2026-07-03,lovat,289,318,1
2026-07-03,lovatr,16,25,2
2026-07-03,lovatr ai官网入口,15,36,3
2026-07-03,lovat官网,14,39,2
2026-07-03,love art ai,370,1190,2
2026-07-03,loveai,10,153,5
2026-07-03,loveaiart,8,12,2
2026-07-03,loveart,1598,4149,2
2026-07-03,loveart官网,53,136,2
2026-07-03,loveat,19,34,2
2026-07-03,lover ai,137,320,2
2026-07-03,loverart,25,54,2
2026-07-03,lovert,412,976,2
2026-07-03,lovertai,44,144,3
2026-07-03,lovert官网,50,120,3
2026-07-03,lovoart,3,19,3
2026-07-03,lovort,6,12,3
2026-07-03,lovrart官网入口登录,6,26,5
2026-07-03,lovrat,18,38,2
2026-07-03,lovrt,69,143,2
2026-07-03,lowart,38,88,2
2026-07-03,lvart,15,37,3
2026-07-03,lvoart,16,32,2
2026-07-03,ovart,11,30,2
2026-07-03,untitled ai,8,63,4
2026-07-03,www.lovart ai,3,27,2
2026-07-03,www.lovart.ai,78,299,2
2026-07-03,模型网站：https://www.lovart.ai/zh/home,5,25,3
2026-07-03,洛瓦特,23,67,2
2026-07-03,罗瓦特,25,41,3
2026-07-03,设计ai,6,28,6
2026-07-03,首选https://www.lovart.ai/zh/homehttps://lmarena.ai/zh/c/new?mode=direct&chat-modality=imagehttps://gemini.google.com/https://aistudio.google.com/prompts/new_chat?model=gemini-2.5-flash-image-preview次选https://nanobananafree.ai/https://nanabanana.ai/zh/homehttps://www.jiaotuai.cn/https://nanabanana.ai/zh/home这些都是nanobanana节点的一些网站，首选的基本都是外网需要vpn翻墙才能用，有谷歌账号。,4,15,2
2026-07-03,：https://www.lovart.ai/zh,6,39,4
2026-07-10,ai设计,3,257,6
2026-07-10,civitai red,17,3650,6
2026-07-10,civitai.red,11,622,5
2026-07-10,https www lovart ai,63,311,3
2026-07-10,https:// lovart.ai,14,57,4
2026-07-10,https://lovart.ai/zh,11,40,2
2026-07-10,https://www.lovart.ai,46,198,2
2026-07-10,https://www.lovart.ai/,135,546,2
2026-07-10,https://www.lovart.ai/canvas?projectid=oantb4lna0,6,14,2
2026-07-10,https://www.lovart.ai/canvas?projectid=oxd8m7ail2,9,14,2
2026-07-10,https://www.lovart.ai/zh,133,493,2
2026-07-10,https://www.lovart.ai/zh/home,115,399,2
2026-07-10,https://www.lovart.ai/zh/projects,10,40,2
2026-07-10,iovart,8,24,2
2026-07-10,l0vart,17,62,2
2026-07-10,laart,28,149,5
2026-07-10,lavard,13,16,1
2026-07-10,lavart,179,456,2
2026-07-10,lavart ai,12,25,2
2026-07-10,lavort,80,186,2
2026-07-10,lavrt,9,15,2
2026-07-10,lo,29,1199,3
2026-07-10,lo v a r t,20864,60478,2
2026-07-10,lo'var't,8,16,2
2026-07-10,loart,157,385,2
2026-07-10,loartai官网,5,14,5
2026-07-10,loavrt,27,91,2
2026-07-10,lobart,4,12,2
2026-07-10,locart,7,15,2
2026-07-10,loravt,6,13,2
2026-07-10,lorvt,12,37,3
2026-07-10,louvart,5,30,3
2026-07-10,lov,30,117,1
2026-07-10,lova,7,11,1
2026-07-10,lovaart,8,31,2
2026-07-10,lovaet,11,12,2
2026-07-10,lovalovart,10,22,2
2026-07-10,lovar,94,243,2
2026-07-10,lovard,11,20,2
2026-07-10,lovart ai,1634,5264,2
2026-07-10,lovart ai design,5,18,2
2026-07-10,lovart ai login,45,126,2
2026-07-10,lovart ai.com,3,16,2
2026-07-10,lovart ai官网,2801,8999,2
2026-07-10,lovart ai官网打不开,15,242,7
2026-07-10,lovart ai设计平台,30,58,2
2026-07-10,lovart design,7,21,3
2026-07-10,lovart ia,148,505,2
2026-07-10,lovart skills,5,34,6
2026-07-10,lovart 官方网站,87,216,2
2026-07-10,lovart 官网下载,24,50,2
2026-07-10,lovart.ai,774,2176,2
2026-07-10,lovart.ai/zh,18,12,2
2026-07-10,lovart.ai官网,20,66,2
2026-07-10,lovart.com,12,29,3
2026-07-10,lovart.ia,3,11,2
2026-07-10,lovart_ai,28,76,2
2026-07-10,lovartai.,8,22,2
2026-07-10,lovartai官网入口,94,199,2
2026-07-10,lovartai官网入口网页版,7,11,3
2026-07-10,lovartl,5,15,2
2026-07-10,lovart中国官网入口,15,30,3
2026-07-10,lovart中文版,21,94,3
2026-07-10,lovart免费版,4,14,2
2026-07-10,lovart官网,1103,3159,2
2026-07-10,lovart官网入口,169,463,2
2026-07-10,lovart官网入口网页版,6,23,2
2026-07-10,lovart｜loveart.ai,4,13,2
2026-07-10,lovat,202,252,1
2026-07-10,lovatr ai官网入口,17,26,2
2026-07-10,love art ai,393,1315,2
2026-07-10,loveai,9,156,5
2026-07-10,loveaiart,7,22,2
2026-07-10,loveart,1616,4135,2
2026-07-10,loveart官网,55,128,2
2026-07-10,loveat,7,34,2
2026-07-10,lover ai,142,337,2
2026-07-10,loverart,41,85,2
2026-07-10,lovert,404,948,2
2026-07-10,lovert.ai,9,30,2
2026-07-10,lovertai,10,59,3
2026-07-10,lovert官网,42,98,2
2026-07-10,lovort,21,47,2
2026-07-10,lovrat,41,95,2
2026-07-10,lovrt,73,186,2
2026-07-10,lowart,10,24,2
2026-07-10,lvart,8,22,3
2026-07-10,lvoart,7,14,2
2026-07-10,openart ai,6,1782,5
2026-07-10,ovart,3,14,2
2026-07-10,untitled ai,3,17,3
2026-07-10,"www,lovat.ai",3,26,5
2026-07-10,www.lovart.ai,53,231,2
2026-07-10,www.lovart.com,7,24,3
2026-07-10,لوفارت,6,28,3
2026-07-10,​​lovart,4,12,2
2026-07-10,洛瓦特,31,97,2
2026-07-10,继续访问：https://www.lovart.ai/zh,8,24,4
2026-07-10,罗瓦特,22,23,2
2026-07-10,设计ai,3,65,6
2026-07-17,ai scrapbook generator,2,4,8
2026-07-17,ai 设计师,3,11,3
2026-07-17,ai设计,6,173,8
2026-07-17,civitai red,25,4157,6
2026-07-17,civitai.red,7,599,5
2026-07-17,freepik,1,67,7
2026-07-17,google image fx,3,206,7
2026-07-17,https www lovart ai,38,260,2
2026-07-17,https:// lovart.ai,3,12,2
2026-07-17,https://lovart.ai/zh,4,12,2
2026-07-17,https://www.lovart.ai,37,145,2
2026-07-17,https://www.lovart.ai lovart.ai,6,12,2
2026-07-17,https://www.lovart.ai/,126,498,2
2026-07-17,https://www.lovart.ai/canvas?projectid=onqrsscx2o,6,17,2
2026-07-17,https://www.lovart.ai/zh,101,500,2
2026-07-17,https://www.lovart.ai/zh/home,113,376,2
2026-07-17,https://www.lovart.ai/zh/projects,15,80,2
2026-07-17,kovart,4,12,2
2026-07-17,l0vart,4,14,2
2026-07-17,laart,48,148,5
2026-07-17,lavard,7,11,1
2026-07-17,lavart,161,425,2
2026-07-17,lavort,77,240,2
2026-07-17,lavortai,6,16,2
2026-07-17,lo,18,891,2
2026-07-17,lo v a r t,19707,55717,2
2026-07-17,loart,206,449,2
2026-07-17,loarte,7,11,1
2026-07-17,loavrt,15,47,2
2026-07-17,lobart,11,30,3
2026-07-17,locart,12,35,2
2026-07-17,lov,54,134,1
2026-07-17,lovaart,19,44,3
2026-07-17,lovaet,22,39,2
2026-07-17,lovalovart,18,59,2
2026-07-17,lovant,2,7,2
2026-07-17,lovar,127,282,2
2026-07-17,lovart ai,1593,4486,2
2026-07-17,lovart ai design,4,14,2
2026-07-17,lovart ai login,55,172,3
2026-07-17,lovart ai website,6,26,2
2026-07-17,lovart ai中文版,4,13,1
2026-07-17,lovart ai官网,2551,8448,2
2026-07-17,lovart ai官网打不开,14,222,6
2026-07-17,lovart ai官网登录,9,11,8
2026-07-17,lovart ai设计平台,5,14,2
2026-07-17,lovart ia,157,494,2
2026-07-17,lovart skills,1,36,4
2026-07-17,lovart 中文,4,37,2
2026-07-17,lovart 官方网站,67,160,2
2026-07-17,lovart 官网下载,15,14,2
2026-07-17,lovart-ai,11,64,2
2026-07-17,lovart.ai,686,1963,2
2026-07-17,lovart.ai free,4,12,2
2026-07-17,lovart.ai官网,14,42,2
2026-07-17,lovart.ia,3,16,2
2026-07-17,lovart.zh,5,12,2
2026-07-17,lovart_ai,32,92,2
2026-07-17,lovartai官网入口,78,259,2
2026-07-17,lovarte,3,12,2
2026-07-17,lovartl,5,17,2
2026-07-17,lovart下载,8,15,3
2026-07-17,lovart免费版,6,18,2
2026-07-17,lovart图标,2,12,4
2026-07-17,lovart官网,1308,3732,2
2026-07-17,lovart官网入口,135,434,2
2026-07-17,lovart官网入口网页版,12,32,2
2026-07-17,lovat,212,267,1
2026-07-17,lovatr ai官网入口,31,67,2
2026-07-17,love art ai,361,1182,2
2026-07-17,loveai,11,218,5
2026-07-17,loveaiart,17,46,2
2026-07-17,loveart,1501,3974,2
2026-07-17,lovearts ai,6,12,2
2026-07-17,loveart官网,33,86,2
2026-07-17,loveat,6,27,1
2026-07-17,lover ai,138,349,2
2026-07-17,loverart,75,192,2
2026-07-17,lovert,371,954,2
2026-07-17,lovertai,19,44,2
2026-07-17,lovert官网,39,112,2
2026-07-17,lovet,9,14,1
2026-07-17,lovrat,41,107,2
2026-07-17,lovrt,75,247,3
2026-07-17,lowart,26,64,2
2026-07-17,lvart,6,14,2
2026-07-17,lvoart,6,16,2
2026-07-17,openart,2,537,7
2026-07-17,ovart,9,30,2
2026-07-17,untitled ai,10,26,3
2026-07-17,www lovart ai,4,23,4
2026-07-17,"www,lovat.ai",13,14,2
2026-07-17,www.lovart.ai,76,246,2
2026-07-17,لوفارت,7,25,3
2026-07-17,​​lovart,6,16,2
2026-07-17,咯var他,9,16,2
2026-07-17,拉瓦特 ai,4,12,3
2026-07-17,拉瓦特官网,3,15,6
2026-07-17,洛瓦特,22,67,2
2026-07-17,设计ai,1,25,4
2026-07-24,ai设计,6,144,8
2026-07-24,civitai red,26,5057,6
2026-07-24,civitai.red,12,947,5
2026-07-24,https www lovart ai,46,245,2
2026-07-24,https://lovart.ai/zh,23,72,2
2026-07-24,https://www.lovart.ai,20,142,2
2026-07-24,https://www.lovart.ai/,105,414,2
2026-07-24,https://www.lovart.ai/canvas?utm_source=index&utm_campaign=1&projectid=oi5cdrcqmg,3,15,3
2026-07-24,https://www.lovart.ai/zh,86,386,2
2026-07-24,https://www.lovart.ai/zh/home,96,374,2
2026-07-24,https://www.lovart.ai/zh/projects,11,94,2
2026-07-24,https：//www.lovart.ai,3,16,2
2026-07-24,l0vart,8,32,2
2026-07-24,laart,21,98,6
2026-07-24,lavard,28,38,1
2026-07-24,lavart,171,397,2
2026-07-24,lavart官网,4,13,2
2026-07-24,lavort,100,317,2
2026-07-24,llovart,6,14,5
2026-07-24,lo v a r t,19149,56660,2
2026-07-24,lo'var't,21,46,2
2026-07-24,loart,240,454,2
2026-07-24,loartai官网,15,32,5
2026-07-24,loarte,4,8,2
2026-07-24,loavrt,33,85,2
2026-07-24,lobart,5,12,2
2026-07-24,lorvt,8,19,3
2026-07-24,lov,50,118,1
2026-07-24,lova,6,13,2
2026-07-24,lovaart,22,66,2
2026-07-24,lovact,4,30,2
2026-07-24,lovaet,4,14,2
2026-07-24,lovalovart,10,35,2
2026-07-24,lovar,113,292,2
2026-07-24,lovard,6,27,3
2026-07-24,lovard ai,3,6,2
2026-07-24,lovarl,3,12,4
2026-07-24,lovarrt,7,14,2
2026-07-24,lovart ai,1404,3871,2
2026-07-24,lovart ai free,4,27,2
2026-07-24,lovart ai login,52,173,4
2026-07-24,lovart ai website,4,12,4
2026-07-24,lovart ai官网,2430,8502,2
2026-07-24,lovart ai官网打不开,11,206,5
2026-07-24,lovart ai登录入口,7,36,2
2026-07-24,lovart ai网页版,51,177,2
2026-07-24,lovart ia,164,547,2
2026-07-24,lovart | the world's first design agent for all design purposes,11,28,2
2026-07-24,lovart 官方网站,23,63,3
2026-07-24,lovart-ai,18,104,2
2026-07-24,lovart-al,3,11,4
2026-07-24,lovart.ai,659,1839,2
2026-07-24,lovart.ai free,4,16,2
2026-07-24,lovart.ai/zh/home,5,12,2
2026-07-24,lovart.com,4,16,2
2026-07-24,lovart.ia,3,12,2
2026-07-24,lovart:https://www.lovart.ai/zh,17,34,2
2026-07-24,lovart_ai,18,80,2
2026-07-24,lovartai官网入口,102,349,2
2026-07-24,lovart下载,36,66,3
2026-07-24,lovart中文版,36,140,3
2026-07-24,lovart免费版,12,40,2
2026-07-24,lovart官网,1293,4380,2
2026-07-24,lovart官网入口,103,410,2
2026-07-24,lovart官网入口网页版,10,42,3
2026-07-24,lovart登录入口,5,13,4
2026-07-24,lovart网页版,14,52,3
2026-07-24,lovart让设计更简单,4,12,2
2026-07-24,lovat,213,275,1
2026-07-24,lovata/zh/home,4,21,3
2026-07-24,lovatr,7,16,2
2026-07-24,lovatr ai官网入口,6,16,2
2026-07-24,lovat官网,5,12,2
2026-07-24,love art ai,323,1076,2
2026-07-24,loveai,10,176,4
2026-07-24,loveart,1406,3868,2
2026-07-24,loveart.ai,3,14,2
2026-07-24,loveart官网,39,132,2
2026-07-24,lover ai,125,253,2
2026-07-24,loverart,53,136,2
2026-07-24,lovert,339,882,2
2026-07-24,lovert.ai,5,12,2
2026-07-24,lovertai,11,28,2
2026-07-24,lovert官网,37,102,2
2026-07-24,lovet,18,51,2
2026-07-24,lovort,7,12,2
2026-07-24,lovrat,22,56,2
2026-07-24,lovrt,66,133,2
2026-07-24,lowart,19,63,2
2026-07-24,lowat,3,4,2
2026-07-24,lvart,6,12,2
2026-07-24,lvoart,5,12,2
2026-07-24,ovart,6,14,2
2026-07-24,untitled ai,7,23,3
2026-07-24,www.lovart ai,3,14,2
2026-07-24,www.lovart.ai,99,289,2
2026-07-24,لوفارت,5,12,2
2026-07-24,洛瓦特,15,34,2
2026-07-24,罗瓦特,4,14,2
2026-07-24,로바르트ai,6,11,3
2026-07-31,ai art lov,1,12,1
2026-07-31,ai love,1,34,5
2026-07-31,ai设计,4,218,7
2026-07-31,art ai,1,22,5
2026-07-31,civitai red,21,4256,6
2026-07-31,civitai.red,11,685,6
2026-07-31,https www lovart ai,29,154,2
2026-07-31,https://lovart.ai/zh,24,64,2
2026-07-31,https://www.lovart.ai,51,232,2
2026-07-31,https://www.lovart.ai lovart.ai,31,46,2
2026-07-31,https://www.lovart.ai/,134,450,2
2026-07-31,https://www.lovart.ai/canvas?utm_source=index&utm_campaign=1&sourceid=003852&projectid=e2f92bc1f7d64e1598f959c01e99d330&agent=1,1,12,5
2026-07-31,https://www.lovart.ai/zh,111,446,2
2026-07-31,https://www.lovart.ai/zh/home,90,292,1
2026-07-31,https://www.lovart.ai/zh/home?ls=1,3,28,2
2026-07-31,https://www.lovart.ai/zh/projects,2,39,4
2026-07-31,laart,8,73,5
2026-07-31,lavart,172,371,2
2026-07-31,lavort,72,190,2
2026-07-31,livart,11,24,2
2026-07-31,lo v a r t,18439,53862,2
2026-07-31,loart,220,438,2
2026-07-31,loartai官网,8,20,3
2026-07-31,loavrt,35,80,2
2026-07-31,lobart,4,12,2
2026-07-31,locart,14,43,2
2026-07-31,lorvart,3,14,2
2026-07-31,lorvat,7,14,1
2026-07-31,louvart,7,19,3
2026-07-31,lov ai,6,6,1
2026-07-31,lovaart,22,58,2
2026-07-31,lovact,8,48,2
2026-07-31,lovaet,3,15,2
2026-07-31,lovairt,2,11,4
2026-07-31,lovalovart,8,29,2
2026-07-31,lovar,103,231,2
2026-07-31,lovard,8,22,2
2026-07-31,lovarlovart,7,14,2
2026-07-31,lovart ai,1269,3961,2
2026-07-31,lovart ai free,8,40,2
2026-07-31,lovart ai login,52,198,3
2026-07-31,lovart ai website,1,12,3
2026-07-31,lovart ai官网,2497,7985,2
2026-07-31,lovart ai官网下载,3,18,2
2026-07-31,lovart ai官网打不开,7,99,6
2026-07-31,lovart ai网页版,28,64,2
2026-07-31,lovart gpt,1,12,4
2026-07-31,lovart ia,159,550,2
2026-07-31,lovart login,6,23,4
2026-07-31,lovart | the world's first design agent for all design purposes,4,16,2
2026-07-31,lovart 官方网站,24,52,2
2026-07-31,lovart-ai,13,30,2
2026-07-31,lovart.ai,617,1843,2
2026-07-31,lovart.ai/zh/home,3,11,2
2026-07-31,lovart.ai官网,6,18,2
2026-07-31,lovart.ia,6,16,2
2026-07-31,lovart_ai,19,70,2
2026-07-31,lovartai官网入口,101,267,2
2026-07-31,lovartl,4,18,2
2026-07-31,lovart下载,5,14,3
2026-07-31,lovart中文版,16,106,3
2026-07-31,lovart在线,1,14,2
2026-07-31,lovart官网,1256,3899,2
2026-07-31,lovart官网下载安装,11,42,3
2026-07-31,lovart官网入口,90,238,2
2026-07-31,lovart官网入口网页版,15,44,2
2026-07-31,lovart登录入口,20,91,3
2026-07-31,lovart网页版,59,161,2
2026-07-31,lovary,7,18,2
2026-07-31,lovat,199,245,1
2026-07-31,lovatr,18,29,4
2026-07-31,lovatr ai官网入口,11,26,2
2026-07-31,love art ai,355,1176,2
2026-07-31,loveai,5,167,4
2026-07-31,loveaiart,7,14,2
2026-07-31,loveari ai,4,14,3
2026-07-31,lovearloveart,3,12,2
2026-07-31,loveart,1487,3977,2
2026-07-31,loveart官网,39,139,2
2026-07-31,lover ai,72,205,2
2026-07-31,loverart,67,157,2
2026-07-31,lovert,398,1003,2
2026-07-31,lovert.ai,5,14,5
2026-07-31,lovertai,15,48,2
2026-07-31,lovert官网,36,62,3
2026-07-31,lovort,17,26,2
2026-07-31,lovrat,32,73,2
2026-07-31,lovrt,78,165,2
2026-07-31,lowart,19,50,2
2026-07-31,lvoart,15,34,2
2026-07-31,openart.ai,1,54,5
2026-07-31,ovart,9,40,2
2026-07-31,red civitai,1,149,6
2026-07-31,www lovart ai,6,12,2
2026-07-31,www.lovart.ai,87,264,2
2026-07-31,لوفارت,15,35,2
2026-07-31,咯var他,18,30,2
2026-07-31,搞定ai,1,454,10
2026-07-31,洛瓦特,5,14,2
2026-07-31,设计ai,3,67,5
2026-08-07,ai设计,13,352,7
2026-08-07,chatcanvas,3,588,6
2026-08-07,civitai red,15,4313,7
2026-08-07,civitai.red,3,551,7
2026-08-07,https www lovart ai,34,229,2
2026-08-07,https://lovart.ai/zh,19,61,3
2026-08-07,https://www.lovart.ai,25,94,1
2026-08-07,https://www.lovart.ai lovart.ai,5,11,2
2026-08-07,https://www.lovart.ai/,99,349,2
2026-08-07,https://www.lovart.ai/zh,137,600,3
2026-08-07,https://www.lovart.ai/zh/home,84,252,2
2026-08-07,https://www.lovart.ai/zh/projects,5,31,3
2026-08-07,httpswww.lovart.aizh,6,14,2
2026-08-07,laart,9,59,6
2026-08-07,lavart,247,414,2
2026-08-07,lavart ai,4,8,2
2026-08-07,lavort,99,283,2
2026-08-07,livart,7,18,3
2026-08-07,lo v a r t,17920,51600,2
2026-08-07,loart,206,452,2
2026-08-07,loartai官网,4,11,4
2026-08-07,loavrt,22,61,2
2026-08-07,lobart,10,14,2
2026-08-07,locart,6,16,2
2026-08-07,loravt,7,13,2
2026-08-07,lorvat,8,19,2
2026-08-07,lorvt,4,11,2
2026-08-07,louvart,11,81,5
2026-08-07,lov,12,30,1
2026-08-07,lovaart,17,75,4
2026-08-07,lovact,21,99,3
2026-08-07,lovaet,17,14,2
2026-08-07,lovalovart,16,48,2
2026-08-07,lovar,73,192,2
2026-08-07,lovard,12,39,5
2026-08-07,lovart  chatgpt,16,39,3
2026-08-07,lovart ai,1152,3761,2
2026-08-07,lovart ai free,4,13,2
2026-08-07,lovart ai login,75,325,4
2026-08-07,lovart ai website,4,38,3
2026-08-07,lovart ai/home,9,31,3
2026-08-07,lovart ai官网,2665,6856,2
2026-08-07,lovart ai官网下载,11,25,1
2026-08-07,lovart ai官网打不开,17,123,7
2026-08-07,lovart ai网页版,68,280,3
2026-08-07,lovart ia,151,655,3
2026-08-07,lovart login,12,42,3
2026-08-07,lovart 官方网站,8,52,4
2026-08-07,lovart-ai,8,82,2
2026-08-07,lovart.ai,604,1656,2
2026-08-07,lovart.ai free,4,18,2
2026-08-07,lovart.ai/canvas?agent=1&chatinputform=localstorage&projectid=ojxn9ineyo,6,11,4
2026-08-07,lovart.ai官网,21,46,2
2026-08-07,lovart.ia,5,16,2
2026-08-07,lovart:https://www.lovart.ai/zh,7,17,4
2026-08-07,lovart_ai,14,70,2
2026-08-07,lovartai官网入口,106,283,2
2026-08-07,lovart下载,15,36,3
2026-08-07,lovart中国官网入口,9,36,2
2026-08-07,lovart中文版,34,170,3
2026-08-07,lovart免费版,8,53,3
2026-08-07,lovart免费试用,4,12,3
2026-08-07,lovart入口,12,30,2
2026-08-07,lovart官网,1321,5769,3
2026-08-07,lovart官网入口,153,481,3
2026-08-07,lovart官网入口网页版,15,32,3
2026-08-07,lovart登录,4,25,4
2026-08-07,lovart网页版,41,167,3
2026-08-07,lovart网页版入口,4,12,3
2026-08-07,lovary,5,12,3
2026-08-07,lovat,176,195,1
2026-08-07,lovat ai,5,12,2
2026-08-07,lovat.at,5,15,2
2026-08-07,lovatr,12,23,2
2026-08-07,lovatr ai官网入口,10,24,2
2026-08-07,lovat官网,5,16,2
2026-08-07,love art ai,334,1578,4
2026-08-07,loveai,12,197,4
2026-08-07,loveart,1414,3780,2
2026-08-07,loveart.ai,11,25,3
2026-08-07,loveart官网,45,124,2
2026-08-07,lover ai,86,235,2
2026-08-07,loverart,49,112,2
2026-08-07,lovert,320,783,2
2026-08-07,lovert.ai,7,12,2
2026-08-07,lovertai,17,60,3
2026-08-07,lovort,6,12,2
2026-08-07,lovrat,33,56,2
2026-08-07,lovrt,74,164,2
2026-08-07,lowart,11,30,2
2026-08-07,luvart,6,25,2
2026-08-07,ovart,6,19,2
2026-08-07,untitled ai,3,26,3
2026-08-07,www.lovart,13,40,3
2026-08-07,www.lovart.ai,111,293,2
2026-08-07,لوفارت,21,73,2
2026-08-07,搞定ai,3,561,9
2026-08-07,洛瓦特,28,44,2
2026-08-07,设计,4,268,9
2026-08-07,：https://www.lovart.ai/zh/projects,5,14,4
2026-08-14,ai设计,3,362,7
2026-08-14,civitai red,26,5457,6
2026-08-14,civitai.red,4,673,6
2026-08-14,how to design a viral youtube thumbnail,2,92,4
2026-08-14,https www lovart ai,34,179,2
2026-08-14,https://lovart.ai/zh,49,184,2
2026-08-14,https://www.jovart.al/,5,12,5
2026-08-14,https://www.lovart.ai,25,107,2
2026-08-14,https://www.lovart.ai/,123,391,2
2026-08-14,https://www.lovart.ai/canvas?projectid=oxox9sdxpa,8,47,6
2026-08-14,https://www.lovart.ai/zh,141,441,2
2026-08-14,https://www.lovart.ai/zh/home,129,305,2
2026-08-14,https://www.lovart.ai/zh/projects,36,106,3
2026-08-14,https： www.lovart.ai,5,12,2
2026-08-14,l0vart,8,12,2
2026-08-14,laart,40,220,5
2026-08-14,laart官网,11,41,5
2026-08-14,lavard,20,24,1
2026-08-14,lavart,188,392,2
2026-08-14,lavort,59,179,3
2026-08-14,lo v a r t,18663,53437,2
2026-08-14,loart,173,354,2
2026-08-14,loartai官网,16,31,3
2026-08-14,loavrt,8,16,2
2026-08-14,lobart,10,34,2
2026-08-14,locart,6,15,2
2026-08-14,louvart,8,38,4
2026-08-14,lov,41,112,1
2026-08-14,lova,18,32,2
2026-08-14,lovaart,15,30,2
2026-08-14,lovact,25,278,4
2026-08-14,lovaet,11,24,2
2026-08-14,lovalovart,15,50,3
2026-08-14,lovar,111,317,2
2026-08-14,lovard,10,46,4
2026-08-14,lovart  chatgpt,12,33,3
2026-08-14,lovart ai,1134,3908,2
2026-08-14,lovart ai free,3,19,2
2026-08-14,lovart ai image generator,3,12,2
2026-08-14,lovart ai login,77,317,4
2026-08-14,lovart ai watermark,3,17,4
2026-08-14,lovart ai website,3,29,3
2026-08-14,lovart ai下载,6,11,3
2026-08-14,lovart ai中文版,6,43,3
2026-08-14,lovart ai免费版,5,35,3
2026-08-14,lovart ai官网,2576,6860,2
2026-08-14,lovart ai官网下载,2,26,2
2026-08-14,lovart ai官网打不开,3,120,7
2026-08-14,lovart ai网页版,31,125,4
2026-08-14,lovart ia,197,769,3
2026-08-14,lovart login,3,24,4
2026-08-14,lovart 官方网站,21,79,3
2026-08-14,lovart.ai,564,1561,2
2026-08-14,lovart.ai free,5,10,2
2026-08-14,lovart.ai/home,7,31,4
2026-08-14,lovart.ai官网,34,85,2
2026-08-14,lovart1,3,12,2
2026-08-14,lovart:https://www.lovart.ai,5,14,2
2026-08-14,lovart_ai,36,98,2
2026-08-14,lovartai官网入口,112,346,3
2026-08-14,lovarte,3,11,3
2026-08-14,lovart下载,27,71,3
2026-08-14,lovart中国官网入口,8,12,2
2026-08-14,lovart中文版,17,69,3
2026-08-14,lovart免费版,58,285,3
2026-08-14,lovart在线使用,16,71,3
2026-08-14,lovart官网,1686,7317,4
2026-08-14,lovart官网入口,187,651,3
2026-08-14,lovart官网登录入口,4,16,3
2026-08-14,lovart登录,3,18,4
2026-08-14,lovart网页版,42,185,4
2026-08-14,lovat,200,239,1
2026-08-14,lovatr,11,39,3
2026-08-14,lovatr ai官网入口,8,24,2
2026-08-14,love art ai,316,1718,4
2026-08-14,love art ai官网,8,22,3
2026-08-14,loveai,13,189,4
2026-08-14,loveart,1273,3576,2
2026-08-14,loveart官网,67,167,2
2026-08-14,loveat,7,22,3
2026-08-14,lover ai,92,213,2
2026-08-14,loverart,36,107,2
2026-08-14,lovert,321,875,2
2026-08-14,lovert.ai,8,25,2
2026-08-14,lovertai,10,36,4
2026-08-14,lovort,6,14,2
2026-08-14,lovrat,38,95,2
2026-08-14,lovrt,66,202,3
2026-08-14,lowart,17,41,2
2026-08-14,lowart online,8,48,4
2026-08-14,luvart,6,29,4
2026-08-14,ovart,5,14,2
2026-08-14,red civitai,3,210,6
2026-08-14,untitled ai,4,31,3
2026-08-14,wppts://www.lovart.ai/zh,4,19,3
2026-08-14,www.lovart,11,34,2
2026-08-14,www.lovart.ai,60,156,2
2026-08-14,لوفارت,9,58,4
2026-08-14,洛瓦特,13,42,2
2026-08-14,设计ai,10,99,5
2026-08-21,ai设计,9,398,7
2026-08-21,civitai red,17,5586,6
2026-08-21,civitai.red,8,720,6
2026-08-21,how to design a viral youtube thumbnail,3,39,5
2026-08-21,http://lovart.ai/,8,14,2
2026-08-21,https www lovart ai,52,324,3
2026-08-21,https:// lovart.ai,7,14,2
2026-08-21,https://lovart.ai/zh,61,122,2
2026-08-21,https://www.lovart.ai,26,84,2
2026-08-21,https://www.lovart.ai lovart.ai,6,15,1
2026-08-21,https://www.lovart.ai/,92,329,2
2026-08-21,https://www.lovart.ai/canvas?projectid=pi5n690plg,6,32,5
2026-08-21,https://www.lovart.ai/canvas?projectid=pl5vqggygo,6,14,5
2026-08-21,https://www.lovart.ai/zh,127,480,2
2026-08-21,https://www.lovart.ai/zh/home,69,205,2
2026-08-21,https://www.lovart.ai/zh/projects,27,53,3
2026-08-21,httpswww.lovart.aizh,23,19,1
2026-08-21,https：//www.lovart.ai,5,12,2
2026-08-21,iovart,13,28,2
2026-08-21,l0vart,16,60,2
2026-08-21,laart,29,198,5
2026-08-21,lavard,19,15,1
2026-08-21,lavart,256,466,2
2026-08-21,lavart ai,17,64,2
2026-08-21,lavort,43,142,3
2026-08-21,lavot,5,11,3
2026-08-21,lo v a r t,17776,54789,2
2026-08-21,loart,165,334,2
2026-08-21,loartai官网,6,14,3
2026-08-21,loavrt,30,74,2
2026-08-21,locart,13,63,2
2026-08-21,lonart,84,65,2
2026-08-21,lov,58,130,1
2026-08-21,lovaart,9,41,2
2026-08-21,lovact,40,766,4
2026-08-21,lovact.net,13,242,6
2026-08-21,lovalovart,24,92,3
2026-08-21,lovar,94,221,2
2026-08-21,lovard,4,11,3
2026-08-21,lovarlovart,4,14,2
2026-08-21,lovart ai,1117,3909,3
2026-08-21,lovart ai login,72,259,3
2026-08-21,lovart ai website,5,22,4
2026-08-21,lovart ai免费版,8,37,4
2026-08-21,lovart ai官网,2685,7979,2
2026-08-21,lovart ai官网打不开,3,64,7
2026-08-21,lovart ai登录,7,43,3
2026-08-21,lovart ai网页版,5,26,4
2026-08-21,lovart ai设计工具,6,11,1
2026-08-21,lovart free,9,29,2
2026-08-21,lovart ia,152,672,3
2026-08-21,lovart login,7,24,4
2026-08-21,lovart 中文,5,46,3
2026-08-21,lovart 官方网站,7,37,4
2026-08-21,lovart.ai,576,1620,2
2026-08-21,lovart.ai/canvas?projectid=0034occtr6,4,11,3
2026-08-21,lovart.ai官网,8,43,2
2026-08-21,lovart.com,7,20,2
2026-08-21,lovart.net,7,19,2
2026-08-21,lovart_ai,17,66,2
2026-08-21,lovartai官网入口,114,329,3
2026-08-21,lovart下载,9,26,3
2026-08-21,lovart中文版,15,84,3
2026-08-21,lovart免费版,28,194,4
2026-08-21,lovart入口,9,24,2
2026-08-21,lovart在线使用,31,133,2
2026-08-21,lovart官网,1758,8693,3
2026-08-21,lovart官网入口,118,591,4
2026-08-21,lovart官网入口网页版,38,202,4
2026-08-21,lovart电脑端,5,17,3
2026-08-21,lovart登录入口,7,54,5
2026-08-21,lovart网页版,36,172,3
2026-08-21,lovat,192,256,1
2026-08-21,lovatr,5,21,5
2026-08-21,lovatr ai官网入口,15,44,2
2026-08-21,lovaut,5,14,2
2026-08-21,love art ai,361,1707,3
2026-08-21,love art ai官网,4,12,2
2026-08-21,loveai,9,223,5
2026-08-21,loveaiart,7,34,3
2026-08-21,loveart,1138,3320,2
2026-08-21,loveart官网,64,173,2
2026-08-21,lover ai,107,306,2
2026-08-21,loverart,32,99,2
2026-08-21,lovert,318,837,2
2026-08-21,lovert.ai,6,18,4
2026-08-21,lovort,10,24,2
2026-08-21,lovrat,35,92,2
2026-08-21,lovrt,69,172,2
2026-08-21,lowart,10,38,2
2026-08-21,lvart,7,24,2
2026-08-21,ovart,5,12,3
2026-08-21,site:lovart.ai لوف ارت ai,3,30,6
2026-08-21,untitled ai,5,23,3
2026-08-21,www.lovart,5,14,3
2026-08-21,www.lovart.ai,88,181,2
2026-08-21,لوفارت,23,120,3
2026-08-21,咯var他,33,34,2
2026-08-21,洛瓦特,5,12,2
2026-08-21,设计ai,4,77,6
2026-08-28,ai设计,6,425,6
2026-08-28,artlove,3,12,5
2026-08-28,civitai red,23,5528,6
2026-08-28,civitai.red,3,746,6
2026-08-28,https www lovart ai,56,338,3
2026-08-28,https www lovart ai zh home,9,47,4
2026-08-28,https://lovart.ai/zh,46,114,2
2026-08-28,https://www.lavort.com,21,14,2
2026-08-28,https://www.lovart.ai,14,88,2
2026-08-28,https://www.lovart.ai lovart.ai,25,37,1
2026-08-28,https://www.lovart.ai/,88,339,2
2026-08-28,https://www.lovart.ai/canvas?projectid=pi5n690plg,44,99,5
2026-08-28,https://www.lovart.ai/canvas?projectid=pjuycf36bc,3,20,6
2026-08-28,https://www.lovart.ai/zh,97,374,2
2026-08-28,https://www.lovart.ai/zh/home,57,212,1
2026-08-28,https://www.lovart.ai/zh/projects,3,16,3
2026-08-28,https://www.lovart.art/canvas?projectid=2nza0hovpjwg,6,18,6
2026-08-28,httpswww.lovart.aizh,4,11,4
2026-08-28,https：//www.lovart.ai,14,14,2
2026-08-28,laart,6,119,6
2026-08-28,lavard,7,11,1
2026-08-28,lavart,195,554,2
2026-08-28,lavort,49,161,2
2026-08-28,livart,4,19,4
2026-08-28,llovart,3,11,3
2026-08-28,lo v a r t,15248,53628,2
2026-08-28,lo'var't,16,43,2
2026-08-28,loart,210,479,2
2026-08-28,loartai官网,26,73,3
2026-08-28,loavrt,19,41,2
2026-08-28,lobart,7,17,3
2026-08-28,locart,24,55,2
2026-08-28,lonart,39,55,2
2026-08-28,loovart,7,14,2
2026-08-28,lov,32,82,1
2026-08-28,lovaart,13,43,2
2026-08-28,lovact,27,467,4
2026-08-28,lovact.net,6,166,7
2026-08-28,lovalovart,10,31,3
2026-08-28,lovar,66,234,2
2026-08-28,lovard,9,44,3
2026-08-28,lovarlovart,9,30,3
2026-08-28,lovart ai,1121,4415,3
2026-08-28,lovart ai login,59,261,4
2026-08-28,lovart ai官网,1932,7530,2
2026-08-28,lovart ai登录,15,102,4
2026-08-28,lovart gratuit,3,13,5
2026-08-28,lovart ia,202,832,3
2026-08-28,lovart login,3,11,4
2026-08-28,lovart | the world's first design agent for all design purposes,6,16,2
2026-08-28,lovart 中文,4,30,3
2026-08-28,lovart 官方网站,4,28,4
2026-08-28,lovart 官网下载,7,25,1
2026-08-28,lovart-ai,4,11,6
2026-08-28,lovart.,10,40,2
2026-08-28,lovart.ai,604,1729,2
2026-08-28,lovart.ai官网,20,50,2
2026-08-28,lovart_ai,29,126,2
2026-08-28,lovartai官网入口,83,334,3
2026-08-28,lovartai官网入口网页版,6,18,2
2026-08-28,lovart下载,7,62,3
2026-08-28,lovart中国官网入口,3,12,3
2026-08-28,lovart中文版,8,141,4
2026-08-28,lovart免费版,13,195,4
2026-08-28,lovart在线使用,5,28,2
2026-08-28,lovart官网,1087,7146,4
2026-08-28,lovart官网入口,62,443,4
2026-08-28,lovart官网入口网页版,6,133,4
2026-08-28,lovart登录入口,5,41,6
2026-08-28,lovart网页版,29,144,4
2026-08-28,lovat,148,196,1
2026-08-28,lovatr,6,26,3
2026-08-28,lovatr ai官网入口,19,40,2
2026-08-28,lovat官网,10,28,3
2026-08-28,love art ai,326,1509,4
2026-08-28,loveai,11,226,4
2026-08-28,loveart,1132,3461,2
2026-08-28,lovearts ai,4,25,3
2026-08-28,loveart官网,50,174,2
2026-08-28,lover ai,115,304,2
2026-08-28,loverart,16,42,2
2026-08-28,lovert,277,768,2
2026-08-28,lovert.ai,4,13,3
2026-08-28,lovertai,19,74,4
2026-08-28,loviart,3,35,6
2026-08-28,lovrat,31,86,3
2026-08-28,lovrt,67,184,2
2026-08-28,lovsrt,3,11,4
2026-08-28,lowart,19,56,2
2026-08-28,lowart ai,3,12,4
2026-08-28,lvart,7,34,2
2026-08-28,lvoart,5,12,3
2026-08-28,nano banana free,2,58,9
2026-08-28,ovart,5,18,2
2026-08-28,untitled ai,3,25,3
2026-08-28,www loveart ai,3,22,5
2026-08-28,www.lovart.ai,60,185,2
2026-08-28,لوفارت,28,64,3
2026-08-28,洛瓦特,16,40,2
2026-08-28,设计ai,8,89,4
2026-09-04,ai设计,12,469,6
2026-09-04,civitai red,18,5566,6
2026-09-04,civitai.red,8,665,6
2026-09-04,https www lovart ai,20,251,3
2026-09-04,https www lovart cn,7,12,2
2026-09-04,https:// lovart.ai,4,14,2
2026-09-04,https://lovart.ai/zh,17,44,2
2026-09-04,https://lovart.laimail.com/api/mt.php?u=info@wcz.mckinsey-ltd.com&p=184207,5,19,2
2026-09-04,https://www.lovart.ai,13,74,2
2026-09-04,https://www.lovart.ai lovart.ai,31,42,2
2026-09-04,https://www.lovart.ai/,38,257,2
2026-09-04,https://www.lovart.ai/canvas?projectid=pi5n690plg,15,56,6
2026-09-04,https://www.lovart.ai/zh,117,434,2
2026-09-04,https://www.lovart.ai/zh/home,47,248,2
2026-09-04,https://www.lovart.art/,15,142,2
2026-09-04,laart,12,113,6
2026-09-04,lavard,11,14,1
2026-09-04,lavart,113,455,2
2026-09-04,lavart ai,4,14,2
2026-09-04,lavort,62,240,3
2026-09-04,lo v a r t,13550,61164,2
2026-09-04,loart,188,413,2
2026-09-04,loartai官网,25,89,3
2026-09-04,loavrt,15,64,2
2026-09-04,lobart,27,76,2
2026-09-04,locart,10,32,2
2026-09-04,lonart,16,12,2
2026-09-04,lorvat,9,26,2
2026-09-04,lov,37,118,1
2026-09-04,lov ai,4,12,2
2026-09-04,lovaart,26,94,3
2026-09-04,lovact,11,396,5
2026-09-04,lovact.net,9,211,6
2026-09-04,lovaet,20,50,2
2026-09-04,lovalovart,27,115,2
2026-09-04,lovant,4,12,2
2026-09-04,lovar,62,308,2
2026-09-04,lovard ai,15,33,3
2026-09-04,lovart ai,920,4342,3
2026-09-04,lovart ai login,47,236,4
2026-09-04,lovart ai website,4,19,3
2026-09-04,lovart ai中文版,3,27,3
2026-09-04,lovart ai官网,1501,8478,2
2026-09-04,lovart ai登录,9,65,4
2026-09-04,lovart ai邮箱,7,15,4
2026-09-04,lovart clipper,3,48,5
2026-09-04,lovart free,4,32,2
2026-09-04,lovart gratuito,3,18,4
2026-09-04,lovart ia,107,561,3
2026-09-04,lovart login,11,44,4
2026-09-04,lovart new version,16,119,4
2026-09-04,lovart.ai,551,1901,2
2026-09-04,lovart.ai官网,21,58,2
2026-09-04,lovart.art,4,234,3
2026-09-04,lovart.ia,3,30,3
2026-09-04,lovart_ai,46,160,2
2026-09-04,lovartai官网入口,31,222,4
2026-09-04,lovartart,3,36,2
2026-09-04,lovarte,4,12,2
2026-09-04,lovart下载,11,62,3
2026-09-04,lovart中国官网入口,11,116,2
2026-09-04,lovart中文版,27,342,4
2026-09-04,lovart免费版,14,201,4
2026-09-04,lovart国内版,5,58,4
2026-09-04,lovart官网,796,6093,4
2026-09-04,lovart官网入口,29,381,4
2026-09-04,lovart官网入口网页版,5,117,5
2026-09-04,lovart网页版,8,69,4
2026-09-04,lovart：全球首个ai设计智能体 | 自动化平面设计平台,4,12,2
2026-09-04,lovat,145,287,1
2026-09-04,lovatr ai官网入口,17,88,2
2026-09-04,love art ai,258,1568,3
2026-09-04,loveai,14,194,5
2026-09-04,loveart,922,4093,2
2026-09-04,loveart ia,5,11,2
2026-09-04,loveart官网,38,182,2
2026-09-04,lover ai,137,366,2
2026-09-04,loverart,18,51,2
2026-09-04,loverat,7,16,2
2026-09-04,lovert,203,914,2
2026-09-04,lovertai,14,29,3
2026-09-04,lovet,8,11,1
2026-09-04,lovort,5,40,2
2026-09-04,lovrart,4,12,2
2026-09-04,lovrat,37,103,2
2026-09-04,lovrt,80,221,3
2026-09-04,lowart,18,48,2
2026-09-04,luvart,12,45,2
2026-09-04,lvart,11,34,2
2026-09-04,lvoart,9,28,2
2026-09-04,ovart,9,32,2
2026-09-04,www.lovart,9,38,3
2026-09-04,www.lovart.ai,41,159,2
2026-09-04,www.lovart.com,6,34,3
2026-09-04,لوفارت,7,23,3
2026-09-04,ロバートai,5,8,2
2026-09-04,洛瓦特,13,74,2
2026-09-04,罗瓦特,4,36,6
2026-09-04,设计ai,6,89,4
2026-09-04,：https://www.lovart.ai/zh,8,12,2
2026-09-11,ai设计,11,368,7
2026-09-11,art ai,3,35,4
2026-09-11,civitai red,30,5781,6
2026-09-11,civitai.red,5,597,5
2026-09-11,https www lovart ai,15,251,3
2026-09-11,https www.lovart.ai,4,22,3
2026-09-11,https://www.lovart.ai,7,66,2
2026-09-11,https://www.lovart.ai lovart.ai,19,30,2
2026-09-11,https://www.lovart.ai/,104,457,2
2026-09-11,https://www.lovart.ai/canvas?projectid=nzkrx4hfdk,2,23,5
2026-09-11,https://www.lovart.ai/z,5,14,5
2026-09-11,https://www.lovart.ai/zh,76,365,2
2026-09-11,https://www.lovart.ai/zh/home,45,196,2
2026-09-11,https://www.lovart.ai/zh/home?utm_source=index&utm_campaign=1&ls=1,14,33,5
2026-09-11,https://www.lovart.art,2,42,3
2026-09-11,https://www.loveart.ai/,7,14,3
2026-09-11,lavart,93,391,2
2026-09-11,lavart ai,5,22,2
2026-09-11,lavart官网,4,12,2
2026-09-11,lavort,44,188,2
2026-09-11,lo v a r t,14251,66399,2
2026-09-11,lo'var't,12,61,2
2026-09-11,loart,147,408,2
2026-09-11,loartai官网,18,82,2
2026-09-11,loavrt,24,76,2
2026-09-11,lobart,7,29,3
2026-09-11,locart,21,71,2
2026-09-11,lorvat,9,33,2
2026-09-11,lorvt,4,11,4
2026-09-11,louvart,6,30,3
2026-09-11,lov,22,68,2
2026-09-11,lovaart,24,72,2
2026-09-11,lovact,20,379,5
2026-09-11,lovact.net,6,118,7
2026-09-11,lovaet,19,32,2
2026-09-11,lovalovart,24,88,3
2026-09-11,lovant,18,32,2
2026-09-11,lovar,52,319,2
2026-09-11,lovard,5,11,4
2026-09-11,lovard ai,4,11,4
2026-09-11,lovart 2.0,2,14,4
2026-09-11,lovart ai,1018,4433,3
2026-09-11,lovart ai login,51,267,4
2026-09-11,lovart ai website,2,19,3
2026-09-11,lovart ai/home,2,16,3
2026-09-11,lovart ai中文版,2,15,4
2026-09-11,lovart ai官网,1259,9292,2
2026-09-11,lovart ai官网lovart,6,22,2
2026-09-11,lovart ai官网下载,3,39,4
2026-09-11,lovart ai官网打不开,2,27,7
2026-09-11,lovart ai网页版,2,18,3
2026-09-11,lovart clipper,2,13,4
2026-09-11,lovart ia,162,808,3
2026-09-11,lovart new version,11,152,3
2026-09-11,lovart the design agent,2,12,6
2026-09-11,lovart 中文,2,15,4
2026-09-11,lovart.,3,11,4
2026-09-11,lovart.ai,585,1844,2
2026-09-11,lovart.ai官网,4,41,2
2026-09-11,lovart.art,2,192,3
2026-09-11,lovart.ia,2,22,3
2026-09-11,lovart_ai,35,119,2
2026-09-11,lovartai官网入口,63,500,4
2026-09-11,lovartr,3,12,4
2026-09-11,lovart中国官网入口,20,200,3
2026-09-11,lovart中文版,36,408,4
2026-09-11,lovart国内版,3,35,4
2026-09-11,lovart官网,764,6678,4
2026-09-11,lovart官网入口,44,399,4
2026-09-11,lovart官网入口网页版,16,92,4
2026-09-11,lovart登录,10,36,5
2026-09-11,lovart登录入口,2,11,5
2026-09-11,lovart网页版,4,14,4
2026-09-11,lovary,6,16,2
2026-09-11,lovat,104,315,2
2026-09-11,lovatr,25,111,4
2026-09-11,lovatr ai官网入口,22,90,2
2026-09-11,love art ai,246,1238,3
2026-09-11,loveai,10,122,5
2026-09-11,loveart,1048,4373,2
2026-09-11,loveart官网,36,154,2
2026-09-11,lover ai,136,359,3
2026-09-11,loverart,13,31,2
2026-09-11,lovert,246,1130,2
2026-09-11,lovertai,15,35,2
2026-09-11,loviart,4,27,4
2026-09-11,lovort,4,16,2
2026-09-11,lovrat,33,129,3
2026-09-11,lovrt,98,275,3
2026-09-11,lowart,9,33,2
2026-09-11,lpvart,3,12,2
2026-09-11,ovart,9,30,2
2026-09-11,untitled ai,3,13,3
2026-09-11,www.lovart.ai,42,148,2
2026-09-11,www.lovart.com,20,107,2
2026-09-11,لوفارت,11,26,3
2026-09-11,لوفارت ai,5,16,2
2026-09-11,洛瓦特,49,200,2
2026-09-11,罗瓦特,7,60,6
2026-09-11,设计ai,12,52,4
