date,page,clicks,impressions,avg_position
2025-05-30,https://www.lovart.ai/,5972,10251,1
2025-05-30,https://www.lovart.ai/api/www/lovart/login/loginByEmail,0,28,3
2025-05-30,https://www.lovart.ai/blog/lovart-ai-your-intelligent-design-partner,0,7,8
2025-05-30,https://www.lovart.ai/canvas,0,10,4
2025-05-30,https://www.lovart.ai/r/1myj89s,1,9,9
2025-05-30,https://www.lovart.ai/r/8gcgadq,0,2,9
2025-05-30,https://www.lovart.ai/r/dz1b36u,0,30,6
2025-05-30,https://www.lovart.ai/r/f2qi0ri,0,4,2
2025-05-30,https://www.lovart.ai/r/pgmbiz7,0,1,535
2025-06-06,https://www.lovart.ai/,4760,7684,1
2025-06-06,https://www.lovart.ai/api/statement/about-us,0,2,1
2025-06-06,https://www.lovart.ai/api/www/lovart/login/loginByEmail,1,42,3
2025-06-06,https://www.lovart.ai/canvas,5,8,2
2025-06-06,https://www.lovart.ai/r/,3,14,3
2025-06-06,https://www.lovart.ai/r/1f1zqly,8,38,5
2025-06-06,https://www.lovart.ai/r/1myj89s,0,8,7
2025-06-06,https://www.lovart.ai/r/dz1b36u,0,64,7
2025-06-06,https://www.lovart.ai/r/f2qi0ri,0,4,8
2025-06-06,https://www.lovart.ai/r/pgmbiz7,0,4,12
2025-06-13,https://www.lovart.ai/,4769,7993,1
2025-06-13,https://www.lovart.ai/api/www/lovart/login/loginByEmail,0,28,3
2025-06-13,https://www.lovart.ai/canvas,0,12,6
2025-06-13,https://www.lovart.ai/r/,0,13,4
2025-06-13,https://www.lovart.ai/r/1f1zqly,2,59,5
2025-06-13,https://www.lovart.ai/r/dz1b36u,0,24,7
2025-06-13,https://www.lovart.ai/r/f2qi0ri,0,1,9
2025-06-13,https://www.lovart.ai/statement/about-us,0,1,1
2025-06-20,https://www.lovart.ai/,3388,5998,1
2025-06-20,https://www.lovart.ai/blog/create-logos-with-lovart-ai-design-agent-guide,1,36,9
2025-06-20,https://www.lovart.ai/canvas,1,24,4
2025-06-20,https://www.lovart.ai/canvas?inviteCode=g5z4oLu,0,1,9
2025-06-20,https://www.lovart.ai/r/,3,84,5
2025-06-20,https://www.lovart.ai/r/1f1zqly,0,2,6
2025-06-20,https://www.lovart.ai/r/1myj89s,1,2,1
2025-06-20,https://www.lovart.ai/r/dz1b36u,0,6,8
2025-06-20,https://www.lovart.ai/statement/about-us,0,5,3
2025-06-27,https://www.lovart.ai/,2891,4920,1
2025-06-27,https://www.lovart.ai/api/blog/ai-vs-traditional-design,0,2,1
2025-06-27,https://www.lovart.ai/api/www/lovart/login/loginByEmail,0,3,3
2025-06-27,https://www.lovart.ai/blog/ai-design-tools-2025-lovart-ai-workflows,0,2,6
2025-06-27,https://www.lovart.ai/blog/design-reimagined-sf-2025,1,8,8
2025-06-27,https://www.lovart.ai/canvas?inviteCode=g5z4oLu,0,4,7
2025-06-27,https://www.lovart.ai/r/,0,33,6
2025-06-27,https://www.lovart.ai/r/1f1zqly,0,7,4
2025-06-27,https://www.lovart.ai/r/1myj89s,0,5,7
2025-06-27,https://www.lovart.ai/r/dz1b36u,0,8,9
2025-06-27,https://www.lovart.ai/r/f2qi0ri,0,1,8
2025-06-27,https://www.lovart.ai/statement/lovart-subscribe-faq,0,1,4
2025-07-04,https://assets-persist.lovart.ai/agent_images/57c4c264-81f1-480a-82fe-63631840e093.html,0,1,7
2025-07-04,https://www.lovart.ai/,2728,4791,1
2025-07-04,https://www.lovart.ai/blog/design-reimagined-sf-2025,0,1,17
2025-07-04,https://www.lovart.ai/canvas,1,3,1
2025-07-04,https://www.lovart.ai/canvas?inviteCode=ksAxVHYW&projectId=bd438417b6c2414a9460bf9328b07e5b,0,1,8
2025-07-04,https://www.lovart.ai/features/logo-generator,0,1,1
2025-07-04,https://www.lovart.ai/r/,0,58,9
2025-07-04,https://www.lovart.ai/r/1f1zqly,1,126,8
2025-07-04,https://www.lovart.ai/r/dz1b36u,1,78,7
2025-07-04,https://www.lovart.ai/statement/lovart-subscribe-faq,1,1,1
2025-07-04,https://www.lovart.ai/statement/terms-of-use,1,1,1
2025-07-11,https://www.lovart.ai/,3074,5685,1
2025-07-11,https://www.lovart.ai/blog/ai-design-tools-2025-lovart-ai-workflows,0,1,10
2025-07-11,https://www.lovart.ai/blog/ai-design-tools-comparison-lovart-midjourney,1,1,1
2025-07-11,https://www.lovart.ai/canvas,0,5,4
2025-07-11,https://www.lovart.ai/r/,3,343,8
2025-07-11,https://www.lovart.ai/r/1f1zqly,5,788,7
2025-07-11,https://www.lovart.ai/r/1myj89s,1,2,1
2025-07-11,https://www.lovart.ai/r/dz1b36u,0,8,7
2025-07-11,https://www.lovart.ai/r/f2qi0ri,0,3,7
2025-07-11,https://www.lovart.ai/r/fciv6uu,0,1,9
2025-07-11,https://www.lovart.ai/r/l7zjyvy,1,47,7
2025-07-11,https://www.lovart.ai/r/opm9o5h,0,1,7
2025-07-11,https://www.lovart.ai/r/rakk2lo,0,6,4
2025-07-11,https://www.lovart.ai/r/szdsy5j,0,2,8
2025-07-11,https://www.lovart.ai/statement/lovart-subscribe-faq,2,3,2
2025-07-18,https://www.lovart.ai/,3103,5555,1
2025-07-18,https://www.lovart.ai/canvas,5,7,1
2025-07-18,https://www.lovart.ai/features/ai-brochure-design-tool,3,48,7
2025-07-18,https://www.lovart.ai/features/ai-company-logo-maker,9,74,7
2025-07-18,https://www.lovart.ai/features/ai-image-generator,232,6923,7
2025-07-18,https://www.lovart.ai/features/album-cover-design,1,36,9
2025-07-18,https://www.lovart.ai/features/anniversary-card-design,0,1,9
2025-07-18,https://www.lovart.ai/features/banner-design,0,16,5
2025-07-18,https://www.lovart.ai/features/bar-menu-design,0,2,8
2025-07-18,https://www.lovart.ai/features/certificate-design,1,127,7
2025-07-18,https://www.lovart.ai/features/classroom-poster-design,1,52,6
2025-07-18,https://www.lovart.ai/features/diploma-design,1,18,9
2025-07-18,https://www.lovart.ai/features/event-program-design,1,1,5
2025-07-18,https://www.lovart.ai/features/food-delivery-app-design,0,34,6
2025-07-18,https://www.lovart.ai/features/food-poster-design,0,11,6
2025-07-18,https://www.lovart.ai/features/price-list-design,2,25,6
2025-07-18,https://www.lovart.ai/features/product-packaging-design,3,23,8
2025-07-18,https://www.lovart.ai/features/real-estate-flyer-design,1,1,1
2025-07-18,https://www.lovart.ai/features/restaurant-business-card-design,0,1,7
2025-07-18,https://www.lovart.ai/features/social-media-post-design,0,14,8
2025-07-18,https://www.lovart.ai/features/startup-logo-design,0,3,4
2025-07-18,https://www.lovart.ai/features/wedding-invitation-design,0,8,6
2025-07-18,https://www.lovart.ai/features/worksheet-design,0,3,4
2025-07-18,https://www.lovart.ai/features/youtube-thumbnail-design,1,80,7
2025-07-18,https://www.lovart.ai/r/,5,354,7
2025-07-18,https://www.lovart.ai/r/1f1zqly,0,21,9
2025-07-18,https://www.lovart.ai/statement/lovart-subscribe-faq,1,2,2
2025-07-25,https://assets-persist.lovart.ai/agent_images/ec7059b2-3bdd-44a4-9496-fe4be6874c6f.html,0,3,4
2025-07-25,https://www.lovart.ai/,5444,9636,1
2025-07-25,https://www.lovart.ai/blog/ai-design-tools-2025-lovart-ai-workflows,0,1,1
2025-07-25,https://www.lovart.ai/canvas?inviteCode=A8Lvtd5&newProject=true,2,5,3
2025-07-25,https://www.lovart.ai/features/ai-brochure-design-tool,1,17,8
2025-07-25,https://www.lovart.ai/features/ai-company-logo-maker,0,45,7
2025-07-25,https://www.lovart.ai/features/ai-image-generator,179,3710,7
2025-07-25,https://www.lovart.ai/features/certificate-design,2,69,6
2025-07-25,https://www.lovart.ai/features/classroom-poster-design,0,18,5
2025-07-25,https://www.lovart.ai/features/company-brochure-design,0,15,6
2025-07-25,https://www.lovart.ai/features/diploma-design,0,1,6
2025-07-25,https://www.lovart.ai/features/e-learning-banner-design,0,5,5
2025-07-25,https://www.lovart.ai/features/festival-banner-design,0,5,4
2025-07-25,https://www.lovart.ai/features/food-delivery-app-design,0,7,6
2025-07-25,https://www.lovart.ai/features/graphic-design,0,2,8
2025-07-25,https://www.lovart.ai/features/instagram-story-design,0,2,6
2025-07-25,https://www.lovart.ai/features/pizza-menu-design,0,1,3
2025-07-25,https://www.lovart.ai/features/price-list-design,4,40,5
2025-07-25,https://www.lovart.ai/features/product-packaging-design,0,21,7
2025-07-25,https://www.lovart.ai/features/property-brochure-design,0,2,2
2025-07-25,https://www.lovart.ai/features/property-report-design,0,3,9
2025-07-25,https://www.lovart.ai/features/secure-student-id-card-design,0,2,6
2025-07-25,https://www.lovart.ai/features/textbook-cover-design,0,1,7
2025-07-25,https://www.lovart.ai/features/tiktok-video-cover-design,0,5,8
2025-07-25,https://www.lovart.ai/features/twitter-header-design,0,1,7
2025-07-25,https://www.lovart.ai/features/wine-label-design,0,3,5
2025-07-25,https://www.lovart.ai/news/lovart-exclusive-ai-design-workshop,2,12,3
2025-07-25,https://www.lovart.ai/r/,11,434,7
2025-07-25,https://www.lovart.ai/r/1f1zqly,2,2,6
2025-07-25,https://www.lovart.ai/r/dz1b36u,5,66,6
2025-07-25,https://www.lovart.ai/r/f2qi0ri,0,1,7
2025-07-25,https://www.lovart.ai/statement/about-us,2,4,3
2025-07-25,https://www.lovart.ai/statement/lovart-subscribe-faq,0,3,1
2025-08-01,https://insight.lovart.ai/,1,2,2
2025-08-01,https://www.lovart.ai/,6466,12045,1
2025-08-01,https://www.lovart.ai/api/blog,0,1,7
2025-08-01,https://www.lovart.ai/api/news,4,13,4
2025-08-01,https://www.lovart.ai/api/pricing,1,13,3
2025-08-01,https://www.lovart.ai/blog,3,6,4
2025-08-01,https://www.lovart.ai/blog/ai-vs-traditional-design,0,1,5
2025-08-01,https://www.lovart.ai/canvas,0,3,1
2025-08-01,https://www.lovart.ai/features/ai-business-card-maker,0,4,8
2025-08-01,https://www.lovart.ai/features/ai-company-logo-maker,1,6,5
2025-08-01,https://www.lovart.ai/features/ai-image-generator,12,513,7
2025-08-01,https://www.lovart.ai/features/album-cover-design,0,1,7
2025-08-01,https://www.lovart.ai/features/amazon-listing-design-optimization,1,2,4
2025-08-01,https://www.lovart.ai/features/bar-menu-design,1,1,1
2025-08-01,https://www.lovart.ai/features/concert-poster-design,0,2,8
2025-08-01,https://www.lovart.ai/features/diploma-design,0,2,7
2025-08-01,https://www.lovart.ai/features/food-poster-design,0,3,8
2025-08-01,https://www.lovart.ai/features/food-truck-menu-design,0,2,4
2025-08-01,https://www.lovart.ai/features/pizza-menu-design,0,1,2
2025-08-01,https://www.lovart.ai/features/product-catalog-design,0,4,4
2025-08-01,https://www.lovart.ai/features/secure-student-id-card-design,1,2,6
2025-08-01,https://www.lovart.ai/features/social-media-post-design,0,5,3
2025-08-01,https://www.lovart.ai/features/startup-logo-design,0,3,11
2025-08-01,https://www.lovart.ai/features/tiktok-video-cover-design,2,17,5
2025-08-01,https://www.lovart.ai/features/twitter-header-design,1,1,10
2025-08-01,https://www.lovart.ai/news/lovart-design-agent-public-launch-chatcanvas,3,274,8
2025-08-01,https://www.lovart.ai/r/,27,391,7
2025-08-01,https://www.lovart.ai/r/dz1b36u,4,67,6
2025-08-01,https://www.lovart.ai/statement/about-us,4,623,8
2025-08-01,https://www.lovart.ai/tools,12,121,5
2025-08-01,https://www.lovart.ai/tools/text-to-image-generator,1,65,6
2025-08-01,https://www.lovart.ai/tools/virtual-actor-creation,0,9,6
2025-08-08,https://www.lovart.ai/,5067,9009,1
2025-08-08,https://www.lovart.ai/actions/features/album-cover-design,2,9,5
2025-08-08,https://www.lovart.ai/canvas,8,88,4
2025-08-08,https://www.lovart.ai/features/diploma-design,0,2,7
2025-08-08,https://www.lovart.ai/features/tiktok-video-cover-design,0,1,8
2025-08-08,https://www.lovart.ai/news,2,277,5
2025-08-08,https://www.lovart.ai/news/lovart-design-agent-public-launch-chatcanvas,3,836,8
2025-08-08,https://www.lovart.ai/pricing,4,74,6
2025-08-08,https://www.lovart.ai/r/,13,436,4
2025-08-08,https://www.lovart.ai/r/dz1b36u,11,392,4
2025-08-08,https://www.lovart.ai/statement/about-us,2,1587,8
2025-08-08,https://www.lovart.ai/tools,18,288,4
2025-08-08,https://www.lovart.ai/tools/ai-lip-sync-generator,7,101,6
2025-08-08,https://www.lovart.ai/tools/ai-post-generator,12,253,6
2025-08-08,https://www.lovart.ai/tools/free-ai-illustration-generator,40,1527,8
2025-08-08,https://www.lovart.ai/tools/free-ai-mockup-generator,4,167,7
2025-08-08,https://www.lovart.ai/tools/text-to-image-generator,0,26,4
2025-08-08,https://www.lovart.ai/tools/video-generator,5,131,15
2025-08-15,https://wob.lovart.ai/,2,1,1
2025-08-15,https://www.lovart.ai/,4777,8203,1
2025-08-15,https://www.lovart.ai/actions/features/album-cover-design,0,3,9
2025-08-15,https://www.lovart.ai/actions/features/book-cover-design,2,7,5
2025-08-15,https://www.lovart.ai/actions/features/classroom-poster-design,1,19,7
2025-08-15,https://www.lovart.ai/actions/features/restaurant-coupon-design,0,1,5
2025-08-15,https://www.lovart.ai/api/features/ai-company-logo-maker,0,17,7
2025-08-15,https://www.lovart.ai/api/features/youtube-thumbnail-design,1,11,7
2025-08-15,https://www.lovart.ai/canvas,2,90,7
2025-08-15,https://www.lovart.ai/changelog,0,79,7
2025-08-15,https://www.lovart.ai/features/certificate-design,1,48,8
2025-08-15,https://www.lovart.ai/features/classroom-poster-design,0,3,5
2025-08-15,https://www.lovart.ai/features/tiktok-video-cover-design,2,6,5
2025-08-15,https://www.lovart.ai/fr,10,58,6
2025-08-15,https://www.lovart.ai/news,1,93,5
2025-08-15,https://www.lovart.ai/news/lovart-design-agent-public-launch-chatcanvas,2,359,8
2025-08-15,https://www.lovart.ai/pricing,4,48,6
2025-08-15,https://www.lovart.ai/r/,0,285,7
2025-08-15,https://www.lovart.ai/r/1f1zqly,0,72,8
2025-08-15,https://www.lovart.ai/r/dz1b36u,3,60,4
2025-08-15,https://www.lovart.ai/r/l7zjyvy,0,11,8
2025-08-15,https://www.lovart.ai/statement/about-us,2,882,8
2025-08-15,https://www.lovart.ai/tools,7,43,5
2025-08-15,https://www.lovart.ai/tools/ai-lip-sync-generator,9,264,7
2025-08-15,https://www.lovart.ai/tools/ai-post-generator,3,159,6
2025-08-15,https://www.lovart.ai/tools/free-ai-illustration-generator,51,4538,7
2025-08-15,https://www.lovart.ai/tools/free-ai-mockup-generator,0,16,8
2025-08-15,https://www.lovart.ai/zh/features/pizza-menu-design,0,1,3
2025-08-15,https://www.lovart.ai/zh/news,1,54,8
2025-08-15,https://www.lovart.ai/zh/pricing,3,213,9
2025-08-15,https://www.lovart.ai/zh/tools/ai-lip-sync-generator,0,12,4
2025-08-15,https://www.lovart.ai/zh/tools/free-ai-illustration-generator,5,20,8
2025-08-22,https://www.lovart.ai/,4848,7900,1
2025-08-22,https://www.lovart.ai/actions/features/ai-company-logo-maker,0,23,4
2025-08-22,https://www.lovart.ai/actions/features/classroom-poster-design,0,7,6
2025-08-22,https://www.lovart.ai/actions/features/concert-poster-design,0,1,2
2025-08-22,https://www.lovart.ai/actions/features/festival-banner-design,0,2,4
2025-08-22,https://www.lovart.ai/actions/features/food-truck-menu-design,1,4,1
2025-08-22,https://www.lovart.ai/actions/features/instagram-highlight-cover-design,0,1,5
2025-08-22,https://www.lovart.ai/actions/features/online-store-graphics-design,0,13,10
2025-08-22,https://www.lovart.ai/blog/how-to-create-professional-posters,0,46,8
2025-08-22,https://www.lovart.ai/canvas,15,115,7
2025-08-22,https://www.lovart.ai/changelog,2,42,7
2025-08-22,https://www.lovart.ai/de/features/professional-resume-design,0,1,6
2025-08-22,https://www.lovart.ai/features/ai-company-logo-maker,2,29,7
2025-08-22,https://www.lovart.ai/features/certificate-design,1,50,7
2025-08-22,https://www.lovart.ai/features/event-program-design,0,4,6
2025-08-22,https://www.lovart.ai/features/price-list-design,0,11,6
2025-08-22,https://www.lovart.ai/features/tiktok-video-cover-design,1,14,11
2025-08-22,https://www.lovart.ai/features/youtube-thumbnail-design,0,2,10
2025-08-22,https://www.lovart.ai/fr,64,475,5
2025-08-22,https://www.lovart.ai/fr/features/food-packaging-design,0,2,6
2025-08-22,https://www.lovart.ai/fr/features/worksheet-design,1,1,6
2025-08-22,https://www.lovart.ai/it,7,64,7
2025-08-22,https://www.lovart.ai/it/features/book-cover-design,0,3,2
2025-08-22,https://www.lovart.ai/it/features/promotional-flyer-design,0,1,8
2025-08-22,https://www.lovart.ai/ja,7,42,5
2025-08-22,https://www.lovart.ai/ja/features/twitter-header-design,0,1,3
2025-08-22,https://www.lovart.ai/ko,2,8,6
2025-08-22,https://www.lovart.ai/ko/tools/free-ai-illustration-generator,0,1,6
2025-08-22,https://www.lovart.ai/news,0,38,6
2025-08-22,https://www.lovart.ai/news/lovart-design-agent-public-launch-chatcanvas,6,552,7
2025-08-22,https://www.lovart.ai/news/lovart-exclusive-ai-design-workshop,0,11,7
2025-08-22,https://www.lovart.ai/pricing,1,18,4
2025-08-22,https://www.lovart.ai/pt/tools,6,113,7
2025-08-22,https://www.lovart.ai/r/,3,132,7
2025-08-22,https://www.lovart.ai/r/1f1zqly,0,6,6
2025-08-22,https://www.lovart.ai/r/dz1b36u,2,4,8
2025-08-22,https://www.lovart.ai/r/l7zjyvy,0,56,4
2025-08-22,https://www.lovart.ai/statement/about-us,3,885,7
2025-08-22,https://www.lovart.ai/statement/lovart-subscribe-faq,3,5,4
2025-08-22,https://www.lovart.ai/tools,133,320,3
2025-08-22,https://www.lovart.ai/tools/ai-lip-sync-generator,0,22,7
2025-08-22,https://www.lovart.ai/tools/ai-post-generator,0,16,6
2025-08-22,https://www.lovart.ai/tools/free-ai-illustration-generator,7,91,6
2025-08-22,https://www.lovart.ai/tools/virtual-actor-creation,1,19,5
2025-08-22,https://www.lovart.ai/zh,15,47,3
2025-08-22,https://www.lovart.ai/zh-TW,3,51,8
2025-08-22,https://www.lovart.ai/zh/pricing,11,652,8
2025-08-22,https://www.lovart.ai/zh/tools,1,73,8
2025-08-22,https://www.lovart.ai/zh/tools/free-ai-illustration-generator,0,11,5
2025-08-29,https://www.lovart.ai/,3639,6031,2
2025-08-29,https://www.lovart.ai/blog/how-to-create-professional-posters,1,18,6
2025-08-29,https://www.lovart.ai/canvas,24,68,4
2025-08-29,https://www.lovart.ai/de,1,17,6
2025-08-29,https://www.lovart.ai/de/features/professional-resume-design,0,7,7
2025-08-29,https://www.lovart.ai/de/features/real-estate-sign-design,0,1,10
2025-08-29,https://www.lovart.ai/de/tools/nano-banana-free,3,7,5
2025-08-29,https://www.lovart.ai/features/ai-company-logo-maker,5,16,5
2025-08-29,https://www.lovart.ai/features/album-cover-design,0,1,10
2025-08-29,https://www.lovart.ai/features/bakery-menu-design,0,1,6
2025-08-29,https://www.lovart.ai/features/certificate-design,0,43,7
2025-08-29,https://www.lovart.ai/features/classroom-poster-design,0,8,7
2025-08-29,https://www.lovart.ai/features/company-brochure-design,1,12,8
2025-08-29,https://www.lovart.ai/features/flyer-design,1,2,1
2025-08-29,https://www.lovart.ai/features/pizza-menu-design,9,70,2
2025-08-29,https://www.lovart.ai/features/price-list-design,0,9,10
2025-08-29,https://www.lovart.ai/features/startup-logo-design,0,3,20
2025-08-29,https://www.lovart.ai/features/tiktok-video-cover-design,1,5,7
2025-08-29,https://www.lovart.ai/fr,44,237,5
2025-08-29,https://www.lovart.ai/fr/pricing,7,29,5
2025-08-29,https://www.lovart.ai/fr/tools/nano-banana-free,0,3,9
2025-08-29,https://www.lovart.ai/it,13,67,5
2025-08-29,https://www.lovart.ai/ja,3,16,7
2025-08-29,https://www.lovart.ai/ja/tools/ai-lip-sync-generator,1,4,2
2025-08-29,https://www.lovart.ai/news/lovart-design-agent-public-launch-chatcanvas,0,83,7
2025-08-29,https://www.lovart.ai/pricing,9,73,6
2025-08-29,https://www.lovart.ai/pt,171,433,4
2025-08-29,https://www.lovart.ai/pt/features/flyer-design,1,2,1
2025-08-29,https://www.lovart.ai/pt/news,1,57,8
2025-08-29,https://www.lovart.ai/pt/pricing,14,21,3
2025-08-29,https://www.lovart.ai/pt/tools,3,103,6
2025-08-29,https://www.lovart.ai/r/,144,612,6
2025-08-29,https://www.lovart.ai/r/dz1b36u,1,39,7
2025-08-29,https://www.lovart.ai/r/g8c9df6,1,17,8
2025-08-29,https://www.lovart.ai/r/l7zjyvy,0,67,5
2025-08-29,https://www.lovart.ai/ru/inspiration,1,1,2
2025-08-29,https://www.lovart.ai/statement/about-us,4,74,7
2025-08-29,https://www.lovart.ai/tools,520,2496,5
2025-08-29,https://www.lovart.ai/tools/ai-baby-podcast-generator,7,53,5
2025-08-29,https://www.lovart.ai/tools/ai-lip-sync-generator,3,103,6
2025-08-29,https://www.lovart.ai/tools/ai-post-generator,19,233,6
2025-08-29,https://www.lovart.ai/tools/free-ai-illustration-generator,13,253,7
2025-08-29,https://www.lovart.ai/tools/nano-banana-free,10,264,6
2025-08-29,https://www.lovart.ai/tools/text-to-image-generator,1,81,6
2025-08-29,https://www.lovart.ai/zh,270,812,3
2025-08-29,https://www.lovart.ai/zh-TW,219,730,4
2025-08-29,https://www.lovart.ai/zh-TW/tools/free-ai-illustration-generator,0,20,4
2025-08-29,https://www.lovart.ai/zh/pricing,10,166,7
2025-08-29,https://www.lovart.ai/zh/tools/nano-banana-free,0,5,4
2025-09-05,https://www.lovart.ai/,5049,10153,3
2025-09-05,https://www.lovart.ai/actions/tools/ai-lip-sync-generator,0,49,4
2025-09-05,https://www.lovart.ai/actions/tools/free-ai-mockup-generator,1,12,7
2025-09-05,https://www.lovart.ai/blog/create-logos-with-lovart-ai-design-agent-guide,0,53,8
2025-09-05,https://www.lovart.ai/canvas?inviteCode=A8Lvtd5&newProject=true,1,11,3
2025-09-05,https://www.lovart.ai/de,0,36,7
2025-09-05,https://www.lovart.ai/de/features/professional-resume-design,0,6,7
2025-09-05,https://www.lovart.ai/de/tools/nano-banana-free,4,174,5
2025-09-05,https://www.lovart.ai/features/ai-company-logo-maker,11,74,6
2025-09-05,https://www.lovart.ai/features/certificate-design,0,36,7
2025-09-05,https://www.lovart.ai/features/nano-banana-digital-art-creation,0,12,16
2025-09-05,https://www.lovart.ai/features/price-list-design,0,22,4
2025-09-05,https://www.lovart.ai/fr,76,308,5
2025-09-05,https://www.lovart.ai/it,13,61,5
2025-09-05,https://www.lovart.ai/it/tools/nano-banana-free,1,32,7
2025-09-05,https://www.lovart.ai/ja,1,14,6
2025-09-05,https://www.lovart.ai/pt,293,693,4
2025-09-05,https://www.lovart.ai/pt/tools,0,14,5
2025-09-05,https://www.lovart.ai/r/,5,73,6
2025-09-05,https://www.lovart.ai/r/dz1b36u,0,79,8
2025-09-05,https://www.lovart.ai/r/l7zjyvy,1,174,5
2025-09-05,https://www.lovart.ai/statement/lovart-subscribe-faq,1,1,2
2025-09-05,https://www.lovart.ai/tools,50,2219,6
2025-09-05,https://www.lovart.ai/tools/ai-baby-podcast-generator,0,3,6
2025-09-05,https://www.lovart.ai/tools/ai-lip-sync-generator,3,57,6
2025-09-05,https://www.lovart.ai/tools/ai-post-generator,2,42,7
2025-09-05,https://www.lovart.ai/tools/free-ai-illustration-generator,10,245,6
2025-09-05,https://www.lovart.ai/tools/nano-banana-free,124,4650,7
2025-09-05,https://www.lovart.ai/zh,2557,5725,2
2025-09-05,https://www.lovart.ai/zh-TW,37,334,4
2025-09-05,https://www.lovart.ai/zh/tools,0,13,9
2025-09-05,https://www.lovart.ai/zh/tools/nano-banana-free,6,161,10
2025-09-12,https://www.lovart.ai/,5786,14578,4
2025-09-12,https://www.lovart.ai/actions/tools/free-ai-mockup-generator,1,5,4
2025-09-12,https://www.lovart.ai/blog/create-logos-with-lovart-ai-design-agent-guide,0,13,9
2025-09-12,https://www.lovart.ai/de,2,43,6
2025-09-12,https://www.lovart.ai/de/features/professional-resume-design,0,9,7
2025-09-12,https://www.lovart.ai/de/tools/nano-banana-free,6,77,5
2025-09-12,https://www.lovart.ai/features/ai-company-logo-maker,11,81,7
2025-09-12,https://www.lovart.ai/features/certificate-design,1,15,8
2025-09-12,https://www.lovart.ai/features/classroom-poster-design,0,11,5
2025-09-12,https://www.lovart.ai/features/concert-poster-design,0,3,8
2025-09-12,https://www.lovart.ai/features/nano-banana-digital-art-creation,3,42,16
2025-09-12,https://www.lovart.ai/features/price-list-design,0,5,6
2025-09-12,https://www.lovart.ai/features/social-media-template-design,0,2,5
2025-09-12,https://www.lovart.ai/fr,116,322,4
2025-09-12,https://www.lovart.ai/it,26,80,5
2025-09-12,https://www.lovart.ai/it/tools/nano-banana-free,4,104,5
2025-09-12,https://www.lovart.ai/ja,12,50,6
2025-09-12,https://www.lovart.ai/news/nano-banana-guide,1,11,4
2025-09-12,https://www.lovart.ai/pt,260,607,4
2025-09-12,https://www.lovart.ai/pt/tools,0,3,3
2025-09-12,https://www.lovart.ai/r/,1,83,7
2025-09-12,https://www.lovart.ai/r/l7zjyvy,0,97,6
2025-09-12,https://www.lovart.ai/statement/lovart-subscribe-faq,0,11,4
2025-09-12,https://www.lovart.ai/tools,39,2612,6
2025-09-12,https://www.lovart.ai/tools/ai-baby-podcast-generator,1,12,5
2025-09-12,https://www.lovart.ai/tools/free-ai-illustration-generator,12,201,8
2025-09-12,https://www.lovart.ai/tools/free-ai-mockup-generator,6,110,7
2025-09-12,https://www.lovart.ai/tools/nano-banana-free,219,6251,7
2025-09-12,https://www.lovart.ai/tools/natural-home-brand-design,0,18,7
2025-09-12,https://www.lovart.ai/tools/swap-to-video,1,27,6
2025-09-12,https://www.lovart.ai/zh,7704,13150,2
2025-09-12,https://www.lovart.ai/zh-TW,45,326,5
2025-09-12,https://www.lovart.ai/zh/features,2,114,8
2025-09-12,https://www.lovart.ai/zh/tools,0,71,6
2025-09-12,https://www.lovart.ai/zh/tools/nano-banana-free,13,172,7
2025-09-19,https://www.lovart.ai/,9094,23808,3
2025-09-19,https://www.lovart.ai/actions/features/instagram-highlight-cover-design,0,4,5
2025-09-19,https://www.lovart.ai/blog,0,11,4
2025-09-19,https://www.lovart.ai/blog/ai-design-tools-2025-lovart-ai-workflows,0,50,8
2025-09-19,https://www.lovart.ai/blog/create-logos-with-lovart-ai-design-agent-guide,1,124,8
2025-09-19,https://www.lovart.ai/canvas,22,455,5
2025-09-19,https://www.lovart.ai/de,0,63,6
2025-09-19,https://www.lovart.ai/de/features/professional-resume-design,0,5,7
2025-09-19,https://www.lovart.ai/de/tools/nano-banana-free,2,36,8
2025-09-19,https://www.lovart.ai/features/ai-company-logo-maker,38,135,5
2025-09-19,https://www.lovart.ai/features/book-cover-design,0,1,8
2025-09-19,https://www.lovart.ai/features/pizza-menu-design,4,18,2
2025-09-19,https://www.lovart.ai/features/price-list-design,0,14,6
2025-09-19,https://www.lovart.ai/fr,150,591,4
2025-09-19,https://www.lovart.ai/fr/tools/nano-banana-free,0,7,9
2025-09-19,https://www.lovart.ai/it,33,149,5
2025-09-19,https://www.lovart.ai/it/tools/nano-banana-free,6,118,5
2025-09-19,https://www.lovart.ai/ja,6,114,7
2025-09-19,https://www.lovart.ai/pt,5199,8463,2
2025-09-19,https://www.lovart.ai/pt/features,1,853,9
2025-09-19,https://www.lovart.ai/pt/tools,0,18,8
2025-09-19,https://www.lovart.ai/r/,7,995,6
2025-09-19,https://www.lovart.ai/r/dz1b36u,0,12,12
2025-09-19,https://www.lovart.ai/r/l7zjyvy,0,7,7
2025-09-19,https://www.lovart.ai/r/rakk2lo,1,18,4
2025-09-19,https://www.lovart.ai/tools,27,3261,6
2025-09-19,https://www.lovart.ai/tools/free-ai-illustration-generator,15,202,6
2025-09-19,https://www.lovart.ai/tools/free-ai-mockup-generator,7,156,7
2025-09-19,https://www.lovart.ai/tools/nano-banana-free,66,3101,7
2025-09-19,https://www.lovart.ai/tools/text-to-image-generator,3,27,4
2025-09-19,https://www.lovart.ai/tools/virtual-actor-creation,0,7,6
2025-09-19,https://www.lovart.ai/zh,5696,10492,2
2025-09-19,https://www.lovart.ai/zh-TW,75,865,5
2025-09-19,https://www.lovart.ai/zh/features,18,498,7
2025-09-19,https://www.lovart.ai/zh/tools,3,51,6
2025-09-19,https://www.lovart.ai/zh/tools/nano-banana-free,23,453,7
2025-09-26,https://www.lovart.ai/,8196,20669,3
2025-09-26,https://www.lovart.ai/actions/tools/free-ai-mockup-generator,0,14,6
2025-09-26,https://www.lovart.ai/blog/create-logos-with-lovart-ai-design-agent-guide,1,98,9
2025-09-26,https://www.lovart.ai/canvas,12,201,7
2025-09-26,https://www.lovart.ai/de,0,12,6
2025-09-26,https://www.lovart.ai/de/features/professional-resume-design,0,3,9
2025-09-26,https://www.lovart.ai/features/ai-company-logo-maker,11,133,6
2025-09-26,https://www.lovart.ai/features/real-estate-banner-design,0,11,7
2025-09-26,https://www.lovart.ai/fr,154,602,4
2025-09-26,https://www.lovart.ai/fr/tools,0,1,4
2025-09-26,https://www.lovart.ai/fr/tools/nano-banana-free,0,4,7
2025-09-26,https://www.lovart.ai/it,27,85,3
2025-09-26,https://www.lovart.ai/it/tools/nano-banana-free,1,195,7
2025-09-26,https://www.lovart.ai/ja,14,126,6
2025-09-26,https://www.lovart.ai/pt,3746,6188,2
2025-09-26,https://www.lovart.ai/pt/blog,0,18,6
2025-09-26,https://www.lovart.ai/pt/tools,0,155,8
2025-09-26,https://www.lovart.ai/r/,11,820,5
2025-09-26,https://www.lovart.ai/r/1f1zqly,0,37,6
2025-09-26,https://www.lovart.ai/statement/about-us,0,3,9
2025-09-26,https://www.lovart.ai/tools,7,2476,7
2025-09-26,https://www.lovart.ai/tools/free-ai-illustration-generator,26,266,5
2025-09-26,https://www.lovart.ai/tools/free-ai-mockup-generator,7,180,7
2025-09-26,https://www.lovart.ai/tools/nano-banana-free,32,1048,7
2025-09-26,https://www.lovart.ai/zh,3960,7959,2
2025-09-26,https://www.lovart.ai/zh-TW,36,821,5
2025-09-26,https://www.lovart.ai/zh/features,17,890,7
2025-09-26,https://www.lovart.ai/zh/tools,1,101,5
2025-09-26,https://www.lovart.ai/zh/tools/nano-banana-free,18,352,8
2025-10-03,https://www.lovart.ai/,6592,17854,3
2025-10-03,https://www.lovart.ai/actions/tools/text-to-image-generator,0,14,5
2025-10-03,https://www.lovart.ai/blog/ai-design-tools-efficiency,0,11,8
2025-10-03,https://www.lovart.ai/blog/ai-style-transfer-poster-design-guide,0,57,7
2025-10-03,https://www.lovart.ai/blog/create-logos-with-lovart-ai-design-agent-guide,2,255,8
2025-10-03,https://www.lovart.ai/canvas,9,222,5
2025-10-03,https://www.lovart.ai/de,2,12,5
2025-10-03,https://www.lovart.ai/de/features/professional-resume-design,0,5,9
2025-10-03,https://www.lovart.ai/features/ai-company-logo-maker,15,136,5
2025-10-03,https://www.lovart.ai/features/product-packaging-design,0,4,47
2025-10-03,https://www.lovart.ai/fr,135,705,5
2025-10-03,https://www.lovart.ai/fr/tools,0,17,9
2025-10-03,https://www.lovart.ai/fr/tools/nano-banana-free,0,6,9
2025-10-03,https://www.lovart.ai/it,37,123,3
2025-10-03,https://www.lovart.ai/it/tools/nano-banana-free,1,189,7
2025-10-03,https://www.lovart.ai/ja,45,249,5
2025-10-03,https://www.lovart.ai/pt,2831,5214,2
2025-10-03,https://www.lovart.ai/pt/blog,0,25,6
2025-10-03,https://www.lovart.ai/pt/tools,0,357,9
2025-10-03,https://www.lovart.ai/pt/tools/nano-banana-free,3,92,7
2025-10-03,https://www.lovart.ai/r/,6,743,6
2025-10-03,https://www.lovart.ai/r/1f1zqly,0,74,5
2025-10-03,https://www.lovart.ai/r/dz1b36u,1,56,6
2025-10-03,https://www.lovart.ai/tools,7,2401,7
2025-10-03,https://www.lovart.ai/tools/ai-lip-sync-generator,3,45,7
2025-10-03,https://www.lovart.ai/tools/free-ai-illustration-generator,44,508,5
2025-10-03,https://www.lovart.ai/tools/free-ai-mockup-generator,11,231,7
2025-10-03,https://www.lovart.ai/tools/nano-banana-free,23,668,8
2025-10-03,https://www.lovart.ai/tools/text-to-image-generator,0,31,5
2025-10-03,https://www.lovart.ai/tools/video-generator,2,10,4
2025-10-03,https://www.lovart.ai/tools/virtual-actor-creation,1,102,6
2025-10-03,https://www.lovart.ai/zh,3442,6638,2
2025-10-03,https://www.lovart.ai/zh-TW,75,922,4
2025-10-03,https://www.lovart.ai/zh-TW/tools,0,15,9
2025-10-03,https://www.lovart.ai/zh/features,1,227,6
2025-10-03,https://www.lovart.ai/zh/tools,0,117,6
2025-10-03,https://www.lovart.ai/zh/tools/nano-banana-free,3,81,7
2025-10-10,https://www.lovart.ai/,4284,15441,3
2025-10-10,https://www.lovart.ai/actions/tools/text-to-image-generator,0,21,7
2025-10-10,https://www.lovart.ai/blog,0,15,7
2025-10-10,https://www.lovart.ai/blog/ai-design-tools-2025-lovart-ai-workflows,0,25,6
2025-10-10,https://www.lovart.ai/blog/create-logos-with-lovart-ai-design-agent-guide,3,186,8
2025-10-10,https://www.lovart.ai/canvas,2,130,6
2025-10-10,https://www.lovart.ai/de,0,12,5
2025-10-10,https://www.lovart.ai/de/features/professional-resume-design,0,2,9
2025-10-10,https://www.lovart.ai/features/ai-business-card-maker,2,11,29
2025-10-10,https://www.lovart.ai/features/ai-company-logo-maker,28,167,5
2025-10-10,https://www.lovart.ai/features/company-brochure-design,1,4,5
2025-10-10,https://www.lovart.ai/features/instagram-highlight-cover-design,0,1,57
2025-10-10,https://www.lovart.ai/fr,76,543,4
2025-10-10,https://www.lovart.ai/fr/tools/nano-banana-free,2,46,8
2025-10-10,https://www.lovart.ai/it,25,125,4
2025-10-10,https://www.lovart.ai/it/tools/nano-banana-free,1,31,7
2025-10-10,https://www.lovart.ai/ja,9,108,2
2025-10-10,https://www.lovart.ai/ja/tools,0,5,7
2025-10-10,https://www.lovart.ai/pt,1556,4364,2
2025-10-10,https://www.lovart.ai/pt/tools,1,221,7
2025-10-10,https://www.lovart.ai/pt/tools/free-ai-illustration-generator,0,1,8
2025-10-10,https://www.lovart.ai/pt/tools/nano-banana-free,5,129,6
2025-10-10,https://www.lovart.ai/r/,11,289,6
2025-10-10,https://www.lovart.ai/r/g8c9df6,0,11,4
2025-10-10,https://www.lovart.ai/tools,2,1371,6
2025-10-10,https://www.lovart.ai/tools/ai-lip-sync-generator,1,25,8
2025-10-10,https://www.lovart.ai/tools/free-ai-illustration-generator,43,704,5
2025-10-10,https://www.lovart.ai/tools/free-ai-mockup-generator,9,434,7
2025-10-10,https://www.lovart.ai/tools/nano-banana-free,27,735,8
2025-10-10,https://www.lovart.ai/tools/natural-home-brand-design,0,15,11
2025-10-10,https://www.lovart.ai/tools/text-to-image-generator,5,58,5
2025-10-10,https://www.lovart.ai/tools/veo3.1,2,37,7
2025-10-10,https://www.lovart.ai/tools/virtual-actor-creation,1,87,6
2025-10-10,https://www.lovart.ai/zh,2857,5383,2
2025-10-10,https://www.lovart.ai/zh-TW,95,548,4
2025-10-10,https://www.lovart.ai/zh/features,2,196,5
2025-10-10,https://www.lovart.ai/zh/tools,0,91,5
2025-10-10,https://www.lovart.ai/zh/tools/nano-banana-free,4,18,8
2025-10-17,https://www.lovart.ai/,6156,20059,3
2025-10-17,https://www.lovart.ai/actions,1,102,5
2025-10-17,https://www.lovart.ai/actions/tools/text-to-image-generator,3,72,5
2025-10-17,https://www.lovart.ai/blog/adobe-illustrator-alternatives,0,48,8
2025-10-17,https://www.lovart.ai/blog/ai-branding-design,0,63,7
2025-10-17,https://www.lovart.ai/blog/ai-design-tools-2025-lovart-ai-workflows,0,80,8
2025-10-17,https://www.lovart.ai/blog/ai-illustration-guide,0,54,6
2025-10-17,https://www.lovart.ai/blog/ai-illustration-tools-review,2,68,6
2025-10-17,https://www.lovart.ai/blog/ai-logo-creator,3,115,7
2025-10-17,https://www.lovart.ai/blog/ai-poster-prompts-tutorial,2,46,6
2025-10-17,https://www.lovart.ai/blog/create-logos-with-lovart-ai-design-agent-guide,0,66,7
2025-10-17,https://www.lovart.ai/blog/logo-design-guide,0,5,6
2025-10-17,https://www.lovart.ai/blog/text-to-video-guide,1,24,5
2025-10-17,https://www.lovart.ai/blog/video-generators-review,1,8,4
2025-10-17,https://www.lovart.ai/canvas,6,366,5
2025-10-17,https://www.lovart.ai/de,1,11,4
2025-10-17,https://www.lovart.ai/de/tools/veo3.1,2,2,4
2025-10-17,https://www.lovart.ai/features/ai-company-logo-maker,15,124,5
2025-10-17,https://www.lovart.ai/features/classroom-poster-design,0,12,7
2025-10-17,https://www.lovart.ai/fr,71,559,5
2025-10-17,https://www.lovart.ai/fr/tools/nano-banana-free,0,2,8
2025-10-17,https://www.lovart.ai/it,13,66,5
2025-10-17,https://www.lovart.ai/it/features/restaurant-gift-card-design,0,1,6
2025-10-17,https://www.lovart.ai/it/tools/nano-banana-free,1,11,6
2025-10-17,https://www.lovart.ai/ja,8,104,3
2025-10-17,https://www.lovart.ai/pt,1226,4750,2
2025-10-17,https://www.lovart.ai/pt/features,0,19,7
2025-10-17,https://www.lovart.ai/pt/tools,1,270,6
2025-10-17,https://www.lovart.ai/pt/tools/nano-banana-free,0,35,5
2025-10-17,https://www.lovart.ai/r/,2,614,6
2025-10-17,https://www.lovart.ai/r/dz1b36u,0,165,6
2025-10-17,https://www.lovart.ai/statement/lovart-subscribe-faq,1,7,1
2025-10-17,https://www.lovart.ai/tools,4,1638,6
2025-10-17,https://www.lovart.ai/tools/free-ai-illustration-generator,20,818,6
2025-10-17,https://www.lovart.ai/tools/free-ai-mockup-generator,8,271,7
2025-10-17,https://www.lovart.ai/tools/nano-banana-free,6,169,8
2025-10-17,https://www.lovart.ai/tools/swap-to-video,1,62,8
2025-10-17,https://www.lovart.ai/tools/text-to-image-generator,8,117,5
2025-10-17,https://www.lovart.ai/tools/veo3,3,52,6
2025-10-17,https://www.lovart.ai/tools/veo3.1,34,772,7
2025-10-17,https://www.lovart.ai/tools/virtual-actor-creation,1,8,5
2025-10-17,https://www.lovart.ai/zh,3780,8212,2
2025-10-17,https://www.lovart.ai/zh-TW,134,1800,5
2025-10-17,https://www.lovart.ai/zh-TW/tools/veo3.1,0,11,7
2025-10-17,https://www.lovart.ai/zh/features,12,413,5
2025-10-17,https://www.lovart.ai/zh/tools,2,280,6
2025-10-17,https://www.lovart.ai/zh/tools/nano-banana-free,2,40,8
2025-10-24,https://www.lovart.ai/,4367,16968,3
2025-10-24,https://www.lovart.ai/actions/tools/text-to-image-generator,2,28,5
2025-10-24,https://www.lovart.ai/blog/adobe-illustrator-alternatives,1,66,8
2025-10-24,https://www.lovart.ai/blog/adobe-premiere-pro-alternatives,0,24,7
2025-10-24,https://www.lovart.ai/blog/ai-branding-design,1,12,8
2025-10-24,https://www.lovart.ai/blog/ai-design-tools-2025-lovart-ai-workflows,0,47,7
2025-10-24,https://www.lovart.ai/blog/ai-illustration-guide,1,11,5
2025-10-24,https://www.lovart.ai/blog/ai-illustration-tools-review,4,68,5
2025-10-24,https://www.lovart.ai/blog/ai-logo-creator,0,25,7
2025-10-24,https://www.lovart.ai/blog/ai-poster-prompts-tutorial,4,67,4
2025-10-24,https://www.lovart.ai/blog/ai-video-prompts,8,164,5
2025-10-24,https://www.lovart.ai/blog/ai-video-upscaler,3,44,7
2025-10-24,https://www.lovart.ai/blog/best-AI-character-generators,1,1,1
2025-10-24,https://www.lovart.ai/canvas,8,73,5
2025-10-24,https://www.lovart.ai/features/ai-company-logo-maker,0,38,14
2025-10-24,https://www.lovart.ai/features/nano-banana-digital-art-creation,0,5,6
2025-10-24,https://www.lovart.ai/fr,30,363,5
2025-10-24,https://www.lovart.ai/it,6,106,6
2025-10-24,https://www.lovart.ai/it/tools/nano-banana-free,1,4,5
2025-10-24,https://www.lovart.ai/ja,4,58,4
2025-10-24,https://www.lovart.ai/ja/tools/veo3.1,0,3,2
2025-10-24,https://www.lovart.ai/pt,883,3767,2
2025-10-24,https://www.lovart.ai/pt/features,0,13,5
2025-10-24,https://www.lovart.ai/pt/tools,0,166,7
2025-10-24,https://www.lovart.ai/pt/tools/nano-banana-free,2,138,6
2025-10-24,https://www.lovart.ai/r/,2,272,6
2025-10-24,https://www.lovart.ai/tools,3,1311,7
2025-10-24,https://www.lovart.ai/tools/ai-baby-podcast-generator,1,2,8
2025-10-24,https://www.lovart.ai/tools/ai-lip-sync-generator,3,42,7
2025-10-24,https://www.lovart.ai/tools/free-ai-illustration-generator,9,2022,7
2025-10-24,https://www.lovart.ai/tools/free-ai-mockup-generator,4,263,7
2025-10-24,https://www.lovart.ai/tools/nano-banana-free,7,122,14
2025-10-24,https://www.lovart.ai/tools/swap-to-video,19,666,8
2025-10-24,https://www.lovart.ai/tools/text-to-image-generator,1,69,5
2025-10-24,https://www.lovart.ai/tools/veo3,2,28,5
2025-10-24,https://www.lovart.ai/tools/veo3.1,29,1064,7
2025-10-24,https://www.lovart.ai/tools/virtual-actor-creation,0,4,5
2025-10-24,https://www.lovart.ai/zh,4748,9783,2
2025-10-24,https://www.lovart.ai/zh-TW,65,686,4
2025-10-24,https://www.lovart.ai/zh/features,1,81,6
2025-10-24,https://www.lovart.ai/zh/tools,0,117,6
2025-10-24,https://www.lovart.ai/zh/tools/nano-banana-free,0,14,7
2025-10-31,https://www.lovart.ai/,6552,18041,4
2025-10-31,https://www.lovart.ai/actions/tools/text-to-image-generator,2,37,5
2025-10-31,https://www.lovart.ai/blog/adobe-illustrator-alternatives,1,48,8
2025-10-31,https://www.lovart.ai/blog/ai-poster-prompts-tutorial,4,8,8
2025-10-31,https://www.lovart.ai/blog/ai-video-prompts,3,127,7
2025-10-31,https://www.lovart.ai/blog/ai-video-upscaler,1,56,7
2025-10-31,https://www.lovart.ai/de,2,23,6
2025-10-31,https://www.lovart.ai/features/ai-company-logo-maker,2,83,10
2025-10-31,https://www.lovart.ai/features/food-banner-design,0,1,6
2025-10-31,https://www.lovart.ai/features/property-listing-design,1,2,2
2025-10-31,https://www.lovart.ai/fr,115,455,5
2025-10-31,https://www.lovart.ai/it,26,174,6
2025-10-31,https://www.lovart.ai/it/features/ai-brochure-design-tool,0,1,5
2025-10-31,https://www.lovart.ai/it/features/free-online-tool,0,1,8
2025-10-31,https://www.lovart.ai/it/tools/nano-banana-free,1,8,7
2025-10-31,https://www.lovart.ai/it/tools/text-to-image-generator,0,2,7
2025-10-31,https://www.lovart.ai/ja,2,8,5
2025-10-31,https://www.lovart.ai/ja/tools/ai-anime-generator,0,1,8
2025-10-31,https://www.lovart.ai/pt,2292,4084,2
2025-10-31,https://www.lovart.ai/pt/tools,0,180,8
2025-10-31,https://www.lovart.ai/pt/tools/nano-banana-free,2,116,6
2025-10-31,https://www.lovart.ai/r/,4,258,6
2025-10-31,https://www.lovart.ai/tools,4,1111,7
2025-10-31,https://www.lovart.ai/tools/ai-anime-generator,2,132,7
2025-10-31,https://www.lovart.ai/tools/ai-art-generator,1,50,6
2025-10-31,https://www.lovart.ai/tools/ai-background-generator,0,65,8
2025-10-31,https://www.lovart.ai/tools/ai-background-remover,2,561,9
2025-10-31,https://www.lovart.ai/tools/ai-face-swap,2,49,8
2025-10-31,https://www.lovart.ai/tools/ai-image-enhancer,3,202,8
2025-10-31,https://www.lovart.ai/tools/ai-image-extender,0,69,8
2025-10-31,https://www.lovart.ai/tools/ai-image-upscaler,16,1016,9
2025-10-31,https://www.lovart.ai/tools/ai-lip-sync-generator,6,55,9
2025-10-31,https://www.lovart.ai/tools/ai-logo-generator,10,656,8
2025-10-31,https://www.lovart.ai/tools/ai-object-remover,8,543,8
2025-10-31,https://www.lovart.ai/tools/chat-to-image-ai-generator,1,38,6
2025-10-31,https://www.lovart.ai/tools/free-ai-illustration-generator,18,1568,6
2025-10-31,https://www.lovart.ai/tools/free-ai-mockup-generator,11,222,7
2025-10-31,https://www.lovart.ai/tools/nano-banana-free,5,126,12
2025-10-31,https://www.lovart.ai/tools/text-to-image-generator,2,50,6
2025-10-31,https://www.lovart.ai/tools/veo3.1,35,2089,6
2025-10-31,https://www.lovart.ai/tools/virtual-actor-creation,0,11,4
2025-10-31,https://www.lovart.ai/zh,4892,9669,1
2025-10-31,https://www.lovart.ai/zh-TW,108,681,5
2025-10-31,https://www.lovart.ai/zh/features,3,12,6
2025-10-31,https://www.lovart.ai/zh/tools,0,105,6
2025-10-31,https://www.lovart.ai/zh/tools/nano-banana-free,1,6,3
2025-11-07,https://www.lovart.ai/,6987,18239,4
2025-11-07,https://www.lovart.ai/actions,0,16,8
2025-11-07,https://www.lovart.ai/actions/features/wedding-invitation-design,0,1,8
2025-11-07,https://www.lovart.ai/actions/tools/text-to-image-generator,0,37,5
2025-11-07,https://www.lovart.ai/blog/ai-design-tools-2025-lovart-ai-workflows,0,32,8
2025-11-07,https://www.lovart.ai/blog/ai-poster-prompts-tutorial,2,24,3
2025-11-07,https://www.lovart.ai/blog/animaker,1,126,4
2025-11-07,https://www.lovart.ai/blog/create-logos-with-lovart-ai-design-agent-guide,0,40,9
2025-11-07,https://www.lovart.ai/blog/deepai,5,3170,4
2025-11-07,https://www.lovart.ai/blog/deevid-ai,0,60,6
2025-11-07,https://www.lovart.ai/de,1,13,6
2025-11-07,https://www.lovart.ai/de/blog/deevid-ai,1,26,8
2025-11-07,https://www.lovart.ai/features/ai-company-logo-maker,1,79,7
2025-11-07,https://www.lovart.ai/features/cafe-menu-design,0,105,3
2025-11-07,https://www.lovart.ai/features/instagram-highlight-cover-design,1,2,7
2025-11-07,https://www.lovart.ai/fr,120,704,4
2025-11-07,https://www.lovart.ai/fr/blog/create-logos-with-lovart-ai-design-agent-guide,0,106,9
2025-11-07,https://www.lovart.ai/fr/tools,1,101,9
2025-11-07,https://www.lovart.ai/fr/tools/free-ai-mockup-generator,10,153,6
2025-11-07,https://www.lovart.ai/it,23,216,7
2025-11-07,https://www.lovart.ai/it/blog/deepai,0,39,6
2025-11-07,https://www.lovart.ai/it/tools/product-to-image-generator,0,4,4
2025-11-07,https://www.lovart.ai/it/tools/sora2,0,11,6
2025-11-07,https://www.lovart.ai/ja,42,91,2
2025-11-07,https://www.lovart.ai/pt,1700,3446,2
2025-11-07,https://www.lovart.ai/pt/tools,0,108,10
2025-11-07,https://www.lovart.ai/pt/tools/ai-image-extender,1,17,6
2025-11-07,https://www.lovart.ai/pt/tools/hailuo-2.3-ai-video-generator,1,141,6
2025-11-07,https://www.lovart.ai/pt/tools/nano-banana-free,2,65,6
2025-11-07,https://www.lovart.ai/r/,4,529,6
2025-11-07,https://www.lovart.ai/r/dz1b36u,0,15,7
2025-11-07,https://www.lovart.ai/r/l7zjyvy,0,53,6
2025-11-07,https://www.lovart.ai/statement/about-us,0,16,28
2025-11-07,https://www.lovart.ai/tools,7,2147,7
2025-11-07,https://www.lovart.ai/tools/ai-anime-generator,15,1745,7
2025-11-07,https://www.lovart.ai/tools/ai-art-generator,11,410,7
2025-11-07,https://www.lovart.ai/tools/ai-background-generator,0,298,8
2025-11-07,https://www.lovart.ai/tools/ai-background-remover,28,4663,9
2025-11-07,https://www.lovart.ai/tools/ai-face-swap,6,384,8
2025-11-07,https://www.lovart.ai/tools/ai-image-enhancer,11,761,9
2025-11-07,https://www.lovart.ai/tools/ai-image-extender,2,172,9
2025-11-07,https://www.lovart.ai/tools/ai-image-upscaler,18,2100,9
2025-11-07,https://www.lovart.ai/tools/ai-lip-sync-generator,1,144,5
2025-11-07,https://www.lovart.ai/tools/ai-logo-generator,17,1360,8
2025-11-07,https://www.lovart.ai/tools/ai-object-remover,20,2657,7
2025-11-07,https://www.lovart.ai/tools/ai-style-transfer,0,11,5
2025-11-07,https://www.lovart.ai/tools/chat-to-image-ai-generator,8,82,5
2025-11-07,https://www.lovart.ai/tools/free-ai-illustration-generator,13,629,5
2025-11-07,https://www.lovart.ai/tools/free-ai-mockup-generator,11,257,7
2025-11-07,https://www.lovart.ai/tools/nano-banana-free,7,117,12
2025-11-07,https://www.lovart.ai/tools/text-to-image-generator,1,101,7
2025-11-07,https://www.lovart.ai/tools/veo3.1,2,84,8
2025-11-07,https://www.lovart.ai/tools/virtual-actor-creation,0,27,7
2025-11-07,https://www.lovart.ai/zh,5395,10668,1
2025-11-07,https://www.lovart.ai/zh-TW,72,1096,7
2025-11-07,https://www.lovart.ai/zh-TW/blog/deevid-ai,0,14,7
2025-11-07,https://www.lovart.ai/zh-TW/tools/ai-face-swap,0,34,6
2025-11-07,https://www.lovart.ai/zh-TW/tools/ai-logo-generator,0,17,9
2025-11-07,https://www.lovart.ai/zh-TW/tools/hailuo-2.3-ai-video-generator,0,12,6
2025-11-07,https://www.lovart.ai/zh/features,0,81,6
2025-11-07,https://www.lovart.ai/zh/tools,0,172,5
2025-11-07,https://www.lovart.ai/zh/tools/ai-face-swap,7,93,6
2025-11-07,https://www.lovart.ai/zh/tools/ai-logo-generator,0,24,7
2025-11-07,https://www.lovart.ai/zh/tools/nano-banana-free,3,5,2
2025-11-14,https://www.lovart.ai/,7179,18382,4
2025-11-14,https://www.lovart.ai/blog/ai-character-design,0,2,7
2025-11-14,https://www.lovart.ai/blog/ai-design-tools-2025-lovart-ai-workflows,0,50,9
2025-11-14,https://www.lovart.ai/blog/create-logos-with-lovart-ai-design-agent-guide,0,107,8
2025-11-14,https://www.lovart.ai/blog/deepai,22,16120,5
2025-11-14,https://www.lovart.ai/blog/dreamina-ai-review,0,262,8
2025-11-14,https://www.lovart.ai/blog/media-io-review,0,16,6
2025-11-14,https://www.lovart.ai/blog/pixai-review,0,759,5
2025-11-14,https://www.lovart.ai/blog/steve-ai-review,4,192,4
2025-11-14,https://www.lovart.ai/blog/wondershare-virbo,0,23,6
2025-11-14,https://www.lovart.ai/de,0,16,5
2025-11-14,https://www.lovart.ai/de/blog/deevid-ai,0,15,8
2025-11-14,https://www.lovart.ai/features/ai-business-card-maker,2,2,4
2025-11-14,https://www.lovart.ai/features/ai-company-logo-maker,3,142,7
2025-11-14,https://www.lovart.ai/features/cafe-menu-design,0,4169,3
2025-11-14,https://www.lovart.ai/features/price-list-design,3,12,4
2025-11-14,https://www.lovart.ai/features/property-listing-design,0,2,2
2025-11-14,https://www.lovart.ai/fr,91,702,5
2025-11-14,https://www.lovart.ai/fr/blog/deevid-ai,0,11,7
2025-11-14,https://www.lovart.ai/fr/tools,0,22,9
2025-11-14,https://www.lovart.ai/fr/tools/free-ai-illustration-generator,0,3,7
2025-11-14,https://www.lovart.ai/fr/tools/free-ai-mockup-generator,1,50,6
2025-11-14,https://www.lovart.ai/fr/tools/swap-to-video,0,1,6
2025-11-14,https://www.lovart.ai/it,14,235,8
2025-11-14,https://www.lovart.ai/it/blog/deepai,0,73,7
2025-11-14,https://www.lovart.ai/it/blog/media-io-review,0,3,3
2025-11-14,https://www.lovart.ai/it/blog/steve-ai-review,0,11,4
2025-11-14,https://www.lovart.ai/it/tools/ai-image-upscaler,1,3,6
2025-11-14,https://www.lovart.ai/it/tools/ai-logo-generator,1,3,7
2025-11-14,https://www.lovart.ai/it/tools/nano-banana-free,0,8,9
2025-11-14,https://www.lovart.ai/it/tools/sora2,0,43,6
2025-11-14,https://www.lovart.ai/ja,15,51,3
2025-11-14,https://www.lovart.ai/pt,1560,3564,3
2025-11-14,https://www.lovart.ai/pt/blog/dreamina-ai-review,0,23,7
2025-11-14,https://www.lovart.ai/pt/blog/pixai-review,0,11,5
2025-11-14,https://www.lovart.ai/pt/tools,0,65,10
2025-11-14,https://www.lovart.ai/pt/tools/ai-background-remover,0,11,6
2025-11-14,https://www.lovart.ai/pt/tools/ai-image-extender,1,8,7
2025-11-14,https://www.lovart.ai/pt/tools/hailuo-2.3-ai-video-generator,1,235,6
2025-11-14,https://www.lovart.ai/pt/tools/sora2,0,14,7
2025-11-14,https://www.lovart.ai/r/,3,520,6
2025-11-14,https://www.lovart.ai/r/f2qi0ri,0,1,9
2025-11-14,https://www.lovart.ai/r/l7zjyvy,1,74,5
2025-11-14,https://www.lovart.ai/tools,11,2018,6
2025-11-14,https://www.lovart.ai/tools/ai-anime-generator,2,175,10
2025-11-14,https://www.lovart.ai/tools/ai-art-generator,2,132,7
2025-11-14,https://www.lovart.ai/tools/ai-baby-podcast-generator,1,7,4
2025-11-14,https://www.lovart.ai/tools/ai-background-generator,1,11,8
2025-11-14,https://www.lovart.ai/tools/ai-background-remover,0,565,9
2025-11-14,https://www.lovart.ai/tools/ai-face-swap,1,203,9
2025-11-14,https://www.lovart.ai/tools/ai-image-enhancer,3,137,9
2025-11-14,https://www.lovart.ai/tools/ai-image-extender,0,26,9
2025-11-14,https://www.lovart.ai/tools/ai-image-upscaler,4,367,9
2025-11-14,https://www.lovart.ai/tools/ai-lip-sync-generator,2,51,7
2025-11-14,https://www.lovart.ai/tools/ai-logo-generator,2,216,7
2025-11-14,https://www.lovart.ai/tools/ai-object-remover,4,588,9
2025-11-14,https://www.lovart.ai/tools/chat-to-image-ai-generator,4,35,6
2025-11-14,https://www.lovart.ai/tools/free-ai-illustration-generator,10,503,6
2025-11-14,https://www.lovart.ai/tools/free-ai-mockup-generator,2,191,8
2025-11-14,https://www.lovart.ai/tools/nano-banana-free,3,13,12
2025-11-14,https://www.lovart.ai/tools/nanobanana2,18,49,7
2025-11-14,https://www.lovart.ai/tools/text-to-image-generator,1,24,5
2025-11-14,https://www.lovart.ai/tools/virtual-actor-creation,0,11,5
2025-11-14,https://www.lovart.ai/zh,6199,12646,1
2025-11-14,https://www.lovart.ai/zh-TW,89,1048,5
2025-11-14,https://www.lovart.ai/zh-TW/blog/media-io-review,1,95,6
2025-11-14,https://www.lovart.ai/zh-TW/blog/pixai-review,0,55,8
2025-11-14,https://www.lovart.ai/zh/blog/dreamina-ai-review,1,111,5
2025-11-14,https://www.lovart.ai/zh/features,2,133,5
2025-11-14,https://www.lovart.ai/zh/tools,0,281,6
2025-11-14,https://www.lovart.ai/zh/tools/ai-anime-generator,3,17,2
2025-11-14,https://www.lovart.ai/zh/tools/ai-face-swap,3,42,6
2025-11-21,https://www.lovart.ai/,7170,18579,4
2025-11-21,https://www.lovart.ai/actions/tools/text-to-image-generator,10,12,5
2025-11-21,https://www.lovart.ai/blog,0,14,7
2025-11-21,https://www.lovart.ai/blog/ai-character-design,3,6,2
2025-11-21,https://www.lovart.ai/blog/ai-design-tools-2025-lovart-ai-workflows,0,11,9
2025-11-21,https://www.lovart.ai/blog/ai-poster-prompts-tutorial,1,14,4
2025-11-21,https://www.lovart.ai/blog/ai-video-prompts,1,29,5
2025-11-21,https://www.lovart.ai/blog/clipfly-ai-review,1,42,5
2025-11-21,https://www.lovart.ai/blog/create-logos-with-lovart-ai-design-agent-guide,0,101,9
2025-11-21,https://www.lovart.ai/blog/deepai,0,1916,6
2025-11-21,https://www.lovart.ai/blog/dreamina-ai-review,0,451,8
2025-11-21,https://www.lovart.ai/blog/goenhance-review,0,62,4
2025-11-21,https://www.lovart.ai/blog/heygen-review,5,3130,6
2025-11-21,https://www.lovart.ai/blog/higgsfield-ai-review,2,1708,6
2025-11-21,https://www.lovart.ai/blog/pixai-review,2,397,6
2025-11-21,https://www.lovart.ai/blog/seaart-review,12,1236,5
2025-11-21,https://www.lovart.ai/blog/shutterstock-ai-review,1,63,4
2025-11-21,https://www.lovart.ai/blog/steve-ai-review,1,177,4
2025-11-21,https://www.lovart.ai/blog/veedio-review,0,336,5
2025-11-21,https://www.lovart.ai/blog/vidfly-ai-review,0,3,12
2025-11-21,https://www.lovart.ai/canvas,5,56,5
2025-11-21,https://www.lovart.ai/de,0,12,5
2025-11-21,https://www.lovart.ai/de/blog/clipfly-ai-review,0,1,5
2025-11-21,https://www.lovart.ai/de/features/cafe-menu-design,0,1,8
2025-11-21,https://www.lovart.ai/features/ai-company-logo-maker,8,111,6
2025-11-21,https://www.lovart.ai/features/concert-poster-design,0,1,9
2025-11-21,https://www.lovart.ai/features/instagram-highlight-cover-design,0,3,7
2025-11-21,https://www.lovart.ai/features/price-list-design,1,12,5
2025-11-21,https://www.lovart.ai/features/restaurant-logo-design,0,13,8
2025-11-21,https://www.lovart.ai/fr,105,588,5
2025-11-21,https://www.lovart.ai/fr/blog/veedio-review,0,1,3
2025-11-21,https://www.lovart.ai/fr/tools/free-ai-illustration-generator,0,2,2
2025-11-21,https://www.lovart.ai/fr/tools/swap-to-video,0,2,8
2025-11-21,https://www.lovart.ai/it,30,219,7
2025-11-21,https://www.lovart.ai/it/blog/pixai-review,0,11,5
2025-11-21,https://www.lovart.ai/it/features/birthday-invitation-design,0,1,7
2025-11-21,https://www.lovart.ai/it/tools/ai-background-remover,1,1,4
2025-11-21,https://www.lovart.ai/it/tools/ai-image-upscaler,1,4,6
2025-11-21,https://www.lovart.ai/it/tools/free-ai-mockup-generator,1,1,10
2025-11-21,https://www.lovart.ai/it/tools/nanobanana2,0,1,6
2025-11-21,https://www.lovart.ai/it/tools/sora2,0,2,9
2025-11-21,https://www.lovart.ai/ja,20,54,1
2025-11-21,https://www.lovart.ai/ja/features/nano-banana-presentation-slides,3,1,2
2025-11-21,https://www.lovart.ai/ja/tools/ai-image-upscaler,0,2,6
2025-11-21,https://www.lovart.ai/pt,1451,2960,2
2025-11-21,https://www.lovart.ai/pt/blog/seaart-review,0,63,6
2025-11-21,https://www.lovart.ai/pt/tools/nano-banana-free,2,30,7
2025-11-21,https://www.lovart.ai/pt/tools/sora2,0,13,7
2025-11-21,https://www.lovart.ai/r/,4,356,6
2025-11-21,https://www.lovart.ai/r/dz1b36u,0,23,9
2025-11-21,https://www.lovart.ai/r/l7zjyvy,0,20,5
2025-11-21,https://www.lovart.ai/tools,10,1864,6
2025-11-21,https://www.lovart.ai/tools/ai-art-generator,0,53,7
2025-11-21,https://www.lovart.ai/tools/ai-baby-podcast-generator,0,3,8
2025-11-21,https://www.lovart.ai/tools/ai-face-swap,0,2,8
2025-11-21,https://www.lovart.ai/tools/ai-lip-sync-generator,2,80,7
2025-11-21,https://www.lovart.ai/tools/chat-to-image-ai-generator,3,27,5
2025-11-21,https://www.lovart.ai/tools/free-ai-illustration-generator,6,398,7
2025-11-21,https://www.lovart.ai/tools/free-ai-mockup-generator,7,142,8
2025-11-21,https://www.lovart.ai/tools/nano-banana-free,11,93,12
2025-11-21,https://www.lovart.ai/tools/nanobanana2,1,14,9
2025-11-21,https://www.lovart.ai/tools/sora2,3,5,18
2025-11-21,https://www.lovart.ai/tools/text-to-image-generator,2,78,6
2025-11-21,https://www.lovart.ai/zh,8628,14748,1
2025-11-21,https://www.lovart.ai/zh-TW,100,972,5
2025-11-21,https://www.lovart.ai/zh-TW/blog/clipfly-ai-review,0,13,6
2025-11-21,https://www.lovart.ai/zh-TW/tools/sora2,0,11,7
2025-11-21,https://www.lovart.ai/zh/blog/dreamina-ai-review,4,207,6
2025-11-21,https://www.lovart.ai/zh/blog/higgsfield-ai-review,1,107,6
2025-11-21,https://www.lovart.ai/zh/blog/seaart-review,1,44,7
2025-11-21,https://www.lovart.ai/zh/features,12,329,6
2025-11-21,https://www.lovart.ai/zh/tools,2,98,8
2025-11-21,https://www.lovart.ai/zh/tools/nano-banana-free,3,29,5
2025-11-28,https://www.lovart.ai/,12872,36154,5
2025-11-28,https://www.lovart.ai/actions/tools/text-to-image-generator,3,68,6
2025-11-28,https://www.lovart.ai/blog/ai-design-tools-2025-lovart-ai-workflows,0,108,7
2025-11-28,https://www.lovart.ai/blog/ai-poster-prompts-tutorial,2,28,3
2025-11-28,https://www.lovart.ai/blog/clipfly-ai-review,0,82,6
2025-11-28,https://www.lovart.ai/blog/create-logos-with-lovart-ai-design-agent-guide,0,134,8
2025-11-28,https://www.lovart.ai/blog/dreamina-ai-review,0,71,8
2025-11-28,https://www.lovart.ai/blog/heygen-review,10,8769,7
2025-11-28,https://www.lovart.ai/blog/higgsfield-ai-review,14,5095,6
2025-11-28,https://www.lovart.ai/blog/pixai-review,0,77,5
2025-11-28,https://www.lovart.ai/blog/seaart-review,13,2010,5
2025-11-28,https://www.lovart.ai/blog/steve-ai-review,0,18,3
2025-11-28,https://www.lovart.ai/blog/veedio-review,0,198,4
2025-11-28,https://www.lovart.ai/canvas,11,76,4
2025-11-28,https://www.lovart.ai/canvas?newProject=true,11,210,7
2025-11-28,https://www.lovart.ai/canvas?projectId=7c064363c9fe4d5a86c8036306363163&agent=1,3,90,3
2025-11-28,https://www.lovart.ai/de,1,43,7
2025-11-28,https://www.lovart.ai/de/blog/clipfly-ai-review,0,1,2
2025-11-28,https://www.lovart.ai/de/blog/heygen-review,0,9,9
2025-11-28,https://www.lovart.ai/de/blog/seaart-review,0,13,8
2025-11-28,https://www.lovart.ai/features/ai-company-logo-maker,1,47,6
2025-11-28,https://www.lovart.ai/features/instagram-highlight-cover-design,0,14,6
2025-11-28,https://www.lovart.ai/features/nano-banana-presentation-slides,2,45,5
2025-11-28,https://www.lovart.ai/features/restaurant-logo-design,0,11,6
2025-11-28,https://www.lovart.ai/fr,188,968,4
2025-11-28,https://www.lovart.ai/fr/blog/create-logos-with-lovart-ai-design-agent-guide,0,55,7
2025-11-28,https://www.lovart.ai/fr/blog/higgsfield-ai-review,0,2,6
2025-11-28,https://www.lovart.ai/it,23,240,8
2025-11-28,https://www.lovart.ai/it/blog/deepai,0,13,9
2025-11-28,https://www.lovart.ai/it/blog/pixai-review,0,30,4
2025-11-28,https://www.lovart.ai/it/blog/seaart-review,0,22,4
2025-11-28,https://www.lovart.ai/it/tools/ai-image-upscaler,2,83,7
2025-11-28,https://www.lovart.ai/it/tools/ai-logo-generator,0,7,6
2025-11-28,https://www.lovart.ai/it/tools/hailuo-2.3-ai-video-generator,0,2,3
2025-11-28,https://www.lovart.ai/it/tools/sora2,0,5,8
2025-11-28,https://www.lovart.ai/ja,40,143,3
2025-11-28,https://www.lovart.ai/pt,1513,3438,3
2025-11-28,https://www.lovart.ai/pt/tools/nano-banana-free,0,11,9
2025-11-28,https://www.lovart.ai/pt/tools/sora2,0,11,7
2025-11-28,https://www.lovart.ai/r/,6,1015,5
2025-11-28,https://www.lovart.ai/r/dz1b36u,1,303,8
2025-11-28,https://www.lovart.ai/ru,0,29,8
2025-11-28,https://www.lovart.ai/statement/lovart-subscribe-faq,2,18,3
2025-11-28,https://www.lovart.ai/tools,16,3667,6
2025-11-28,https://www.lovart.ai/tools/ai-art-generator,1,140,7
2025-11-28,https://www.lovart.ai/tools/ai-baby-podcast-generator,0,3,9
2025-11-28,https://www.lovart.ai/tools/ai-face-swap,2,26,8
2025-11-28,https://www.lovart.ai/tools/ai-image-upscaler,0,11,9
2025-11-28,https://www.lovart.ai/tools/ai-lip-sync-generator,2,65,8
2025-11-28,https://www.lovart.ai/tools/free-ai-illustration-generator,9,393,7
2025-11-28,https://www.lovart.ai/tools/free-ai-mockup-generator,0,194,8
2025-11-28,https://www.lovart.ai/tools/nano-banana-free,4,89,11
2025-11-28,https://www.lovart.ai/tools/nanobanana-pro,8,73,6
2025-11-28,https://www.lovart.ai/tools/nanobanana2,51,178,4
2025-11-28,https://www.lovart.ai/tools/swap-to-video,0,1,10
2025-11-28,https://www.lovart.ai/tools/text-to-image-generator,1,66,7
2025-11-28,https://www.lovart.ai/tools/veo3.1,0,15,6
2025-11-28,https://www.lovart.ai/zh,21436,30215,1
2025-11-28,https://www.lovart.ai/zh-TW,189,2524,5
2025-11-28,https://www.lovart.ai/zh-TW/blog/pixai-review,0,12,8
2025-11-28,https://www.lovart.ai/zh-TW/blog/seaart-review,0,13,7
2025-11-28,https://www.lovart.ai/zh-TW/tools/sora2,0,25,10
2025-11-28,https://www.lovart.ai/zh/blog/higgsfield-ai-review,8,741,7
2025-11-28,https://www.lovart.ai/zh/features,2,229,6
2025-11-28,https://www.lovart.ai/zh/tools,2,696,6
2025-11-28,https://www.lovart.ai/zh/tools/nano-banana-free,14,134,8
2025-11-28,https://www.lovart.ai/zh/tools/nanobanana-pro,8,58,5
2025-12-05,https://www.lovart.ai/,13131,39251,5
2025-12-05,https://www.lovart.ai/actions/tools/ai-anime-generator,5,190,8
2025-12-05,https://www.lovart.ai/actions/tools/ai-art-generator,3,196,7
2025-12-05,https://www.lovart.ai/actions/tools/ai-background-generator,0,15,7
2025-12-05,https://www.lovart.ai/actions/tools/ai-background-remover,0,101,9
2025-12-05,https://www.lovart.ai/actions/tools/ai-face-swap,248,11453,7
2025-12-05,https://www.lovart.ai/actions/tools/ai-image-enhancer,83,6817,8
2025-12-05,https://www.lovart.ai/actions/tools/ai-image-extender,0,23,8
2025-12-05,https://www.lovart.ai/actions/tools/ai-image-upscaler,81,6555,9
2025-12-05,https://www.lovart.ai/actions/tools/chat-to-image-ai-generator,2,66,7
2025-12-05,https://www.lovart.ai/actions/tools/text-to-image-generator,3,85,6
2025-12-05,https://www.lovart.ai/blog,0,42,8
2025-12-05,https://www.lovart.ai/blog/ai-character-design,2,12,2
2025-12-05,https://www.lovart.ai/blog/ai-design-tools-2025-lovart-ai-workflows,0,155,8
2025-12-05,https://www.lovart.ai/blog/ai-poster-prompts-tutorial,0,26,5
2025-12-05,https://www.lovart.ai/blog/aiease-review,0,384,5
2025-12-05,https://www.lovart.ai/blog/civit-ai-review,19,4654,5
2025-12-05,https://www.lovart.ai/blog/clipfly-ai-review,0,54,6
2025-12-05,https://www.lovart.ai/blog/craiyon-ai-review,20,1940,4
2025-12-05,https://www.lovart.ai/blog/create-logos-with-lovart-ai-design-agent-guide,0,263,8
2025-12-05,https://www.lovart.ai/blog/dreamina-ai-review,0,50,8
2025-12-05,https://www.lovart.ai/blog/fotor-ai-review,2,247,6
2025-12-05,https://www.lovart.ai/blog/heygen-review,0,2465,6
2025-12-05,https://www.lovart.ai/blog/higgsfield-ai-review,0,775,5
2025-12-05,https://www.lovart.ai/blog/imagen-3-review,0,143,7
2025-12-05,https://www.lovart.ai/blog/imagen-4-review,1,94,6
2025-12-05,https://www.lovart.ai/blog/imagineart-review,1,325,6
2025-12-05,https://www.lovart.ai/blog/pixai-review,1,215,6
2025-12-05,https://www.lovart.ai/blog/seaart-review,0,12,6
2025-12-05,https://www.lovart.ai/blog/starry-ai-reivew,3,114,4
2025-12-05,https://www.lovart.ai/blog/steve-ai-review,0,62,5
2025-12-05,https://www.lovart.ai/canvas?projectId=0d5b1b09393243c48f4094cb82e5f9dc&agent=1,3,178,4
2025-12-05,https://www.lovart.ai/canvas?projectId=7c064363c9fe4d5a86c8036306363163&agent=1,1,13,3
2025-12-05,https://www.lovart.ai/de,0,82,6
2025-12-05,https://www.lovart.ai/de/blog/civit-ai-review,0,76,5
2025-12-05,https://www.lovart.ai/de/features/cafe-menu-design,0,2,7
2025-12-05,https://www.lovart.ai/de/features/diploma-design,0,3,2
2025-12-05,https://www.lovart.ai/features/ai-company-logo-maker,3,156,6
2025-12-05,https://www.lovart.ai/features/instagram-highlight-cover-design,0,1,3
2025-12-05,https://www.lovart.ai/features/nano-banana-presentation-slides,7,82,5
2025-12-05,https://www.lovart.ai/fr,329,1416,3
2025-12-05,https://www.lovart.ai/fr/blog/create-logos-with-lovart-ai-design-agent-guide,0,109,8
2025-12-05,https://www.lovart.ai/fr/blog/fotor-ai-review,0,11,8
2025-12-05,https://www.lovart.ai/fr/features/ai-company-logo-maker,0,14,7
2025-12-05,https://www.lovart.ai/fr/tools/free-ai-mockup-generator,0,13,6
2025-12-05,https://www.lovart.ai/fr/tools/kling-o1,4,194,6
2025-12-05,https://www.lovart.ai/fr/tools/nanobanana2,2,7,2
2025-12-05,https://www.lovart.ai/it,70,356,7
2025-12-05,https://www.lovart.ai/it/blog/civit-ai-review,0,79,5
2025-12-05,https://www.lovart.ai/it/blog/seaart-review,0,12,6
2025-12-05,https://www.lovart.ai/it/features/birthday-invitation-design,0,2,3
2025-12-05,https://www.lovart.ai/it/tools/ai-image-upscaler,1,53,7
2025-12-05,https://www.lovart.ai/ja,55,149,2
2025-12-05,https://www.lovart.ai/ja/blog/ai-illustrations-social-media,0,2,6
2025-12-05,https://www.lovart.ai/ko/news,0,12,7
2025-12-05,https://www.lovart.ai/pt,1252,3113,3
2025-12-05,https://www.lovart.ai/pt/blog/deepai,0,22,9
2025-12-05,https://www.lovart.ai/pt/tools,1,64,8
2025-12-05,https://www.lovart.ai/r/,17,1303,5
2025-12-05,https://www.lovart.ai/r/dz1b36u,0,62,10
2025-12-05,https://www.lovart.ai/r/l7zjyvy,1,18,7
2025-12-05,https://www.lovart.ai/ru,1,17,6
2025-12-05,https://www.lovart.ai/statement/lovart-subscribe-faq,2,27,4
2025-12-05,https://www.lovart.ai/tools,19,3640,7
2025-12-05,https://www.lovart.ai/tools/ai-art-generator,4,64,7
2025-12-05,https://www.lovart.ai/tools/ai-background-generator,0,11,9
2025-12-05,https://www.lovart.ai/tools/ai-lip-sync-generator,3,13,5
2025-12-05,https://www.lovart.ai/tools/free-ai-illustration-generator,4,336,7
2025-12-05,https://www.lovart.ai/tools/free-ai-mockup-generator,8,218,7
2025-12-05,https://www.lovart.ai/tools/kling-o1,23,999,5
2025-12-05,https://www.lovart.ai/tools/nano-banana-free,5,93,21
2025-12-05,https://www.lovart.ai/tools/nanobanana-pro,7,77,6
2025-12-05,https://www.lovart.ai/tools/nanobanana2,29,119,7
2025-12-05,https://www.lovart.ai/tools/text-to-image-generator,0,148,7
2025-12-05,https://www.lovart.ai/zh,24166,34104,1
2025-12-05,https://www.lovart.ai/zh-TW,211,2786,6
2025-12-05,https://www.lovart.ai/zh-TW/blog/civit-ai-review,0,102,6
2025-12-05,https://www.lovart.ai/zh-TW/blog/craiyon-ai-review,0,28,6
2025-12-05,https://www.lovart.ai/zh-TW/blog/dreamina-ai-review,0,16,7
2025-12-05,https://www.lovart.ai/zh-TW/blog/fotor-ai-review,14,745,5
2025-12-05,https://www.lovart.ai/zh-TW/blog/imagen-4-review,0,27,7
2025-12-05,https://www.lovart.ai/zh-TW/features/restaurant_menu_design,0,11,10
2025-12-05,https://www.lovart.ai/zh-TW/tools/kling-o1-ai,5,305,6
2025-12-05,https://www.lovart.ai/zh/blog/civit-ai-review,0,26,10
2025-12-05,https://www.lovart.ai/zh/features,8,270,6
2025-12-05,https://www.lovart.ai/zh/tools,4,356,7
2025-12-05,https://www.lovart.ai/zh/tools/nano-banana-free,3,16,17
2025-12-12,https://www.lovart.ai/,12303,34565,5
2025-12-12,https://www.lovart.ai/actions,1,11,5
2025-12-12,https://www.lovart.ai/actions/blog/Freepik-AI-Image-Generator-review,1,139,4
2025-12-12,https://www.lovart.ai/actions/blog/Leonardo-AI-Review,0,345,6
2025-12-12,https://www.lovart.ai/actions/blog/civit-ai-review,1,39,6
2025-12-12,https://www.lovart.ai/actions/blog/fotor-ai-review,0,26,5
2025-12-12,https://www.lovart.ai/actions/tools/ai-anime-generator,13,578,7
2025-12-12,https://www.lovart.ai/actions/tools/ai-art-generator,6,344,7
2025-12-12,https://www.lovart.ai/actions/tools/ai-background-generator,0,11,7
2025-12-12,https://www.lovart.ai/actions/tools/ai-background-remover,0,443,9
2025-12-12,https://www.lovart.ai/actions/tools/ai-cartoon-avatar,0,5,6
2025-12-12,https://www.lovart.ai/actions/tools/ai-face-swap,381,16633,7
2025-12-12,https://www.lovart.ai/actions/tools/ai-image-enhancer,83,8225,8
2025-12-12,https://www.lovart.ai/actions/tools/ai-image-upscaler,217,22771,9
2025-12-12,https://www.lovart.ai/actions/tools/ai-logo-generator,3,235,8
2025-12-12,https://www.lovart.ai/actions/tools/chat-to-image-ai-generator,0,85,5
2025-12-12,https://www.lovart.ai/actions/tools/image-to-image,0,11,4
2025-12-12,https://www.lovart.ai/blog,0,11,7
2025-12-12,https://www.lovart.ai/blog/Freepik-AI-Image-Generator-review,6,3685,5
2025-12-12,https://www.lovart.ai/blog/Leonardo-AI-Review,1,306,5
2025-12-12,https://www.lovart.ai/blog/ai-design-tools-2025-lovart-ai-workflows,0,117,8
2025-12-12,https://www.lovart.ai/blog/ai-poster-prompts-tutorial,1,12,6
2025-12-12,https://www.lovart.ai/blog/aiease-review,0,96,6
2025-12-12,https://www.lovart.ai/blog/civit-ai-review,22,7384,5
2025-12-12,https://www.lovart.ai/blog/clipfly-ai-review,0,25,7
2025-12-12,https://www.lovart.ai/blog/craiyon-ai-review,12,2609,4
2025-12-12,https://www.lovart.ai/blog/create-logos-with-lovart-ai-design-agent-guide,0,152,8
2025-12-12,https://www.lovart.ai/blog/fotor-ai-review,0,445,6
2025-12-12,https://www.lovart.ai/blog/higgsfield-ai-review,0,12,6
2025-12-12,https://www.lovart.ai/blog/imagen-3-review,0,55,7
2025-12-12,https://www.lovart.ai/blog/imagen-4-review,0,70,7
2025-12-12,https://www.lovart.ai/blog/imagineart-review,3,188,6
2025-12-12,https://www.lovart.ai/blog/pixai-review,1,717,6
2025-12-12,https://www.lovart.ai/blog/seaart-review,2,211,6
2025-12-12,https://www.lovart.ai/blog/starry-ai-reivew,2,147,4
2025-12-12,https://www.lovart.ai/blog/video-generators-review,0,1,7
2025-12-12,https://www.lovart.ai/de/blog/Leonardo-AI-Review,0,14,6
2025-12-12,https://www.lovart.ai/de/features/poster-design,0,1,9
2025-12-12,https://www.lovart.ai/de/tools/ai-lip-sync-generator,1,2,5
2025-12-12,https://www.lovart.ai/de/tools/kling-o1,0,1,8
2025-12-12,https://www.lovart.ai/de/tools/nano-banana-free,0,1,7
2025-12-12,https://www.lovart.ai/features/ai-company-logo-maker,0,99,7
2025-12-12,https://www.lovart.ai/features/magazine-layout-design,1,11,6
2025-12-12,https://www.lovart.ai/features/nano-banana-presentation-slides,6,75,4
2025-12-12,https://www.lovart.ai/features/tiktok-video-cover-design,0,22,5
2025-12-12,https://www.lovart.ai/fr,345,1215,4
2025-12-12,https://www.lovart.ai/fr/blog/aiease-review,0,30,6
2025-12-12,https://www.lovart.ai/fr/tools/kling-o1,1,314,6
2025-12-12,https://www.lovart.ai/it,37,342,7
2025-12-12,https://www.lovart.ai/it/blog/Freepik-AI-Image-Generator-review,0,25,4
2025-12-12,https://www.lovart.ai/it/blog/aiease-review,0,6,5
2025-12-12,https://www.lovart.ai/it/blog/seaart-review,0,4,8
2025-12-12,https://www.lovart.ai/it/tools/ai-image-upscaler,0,3,6
2025-12-12,https://www.lovart.ai/ja,70,202,4
2025-12-12,https://www.lovart.ai/pt,1554,3749,3
2025-12-12,https://www.lovart.ai/pt/blog/Freepik-AI-Image-Generator-review,1,78,4
2025-12-12,https://www.lovart.ai/pt/tools,0,44,7
2025-12-12,https://www.lovart.ai/r/,11,1230,6
2025-12-12,https://www.lovart.ai/r/dz1b36u,2,35,9
2025-12-12,https://www.lovart.ai/tools,7,2640,7
2025-12-12,https://www.lovart.ai/tools/ai-art-generator,0,13,6
2025-12-12,https://www.lovart.ai/tools/ai-lip-sync-generator,0,23,7
2025-12-12,https://www.lovart.ai/tools/free-ai-illustration-generator,8,528,7
2025-12-12,https://www.lovart.ai/tools/free-ai-mockup-generator,2,206,8
2025-12-12,https://www.lovart.ai/tools/kling-o1,20,711,6
2025-12-12,https://www.lovart.ai/tools/nano-banana-free,6,82,12
2025-12-12,https://www.lovart.ai/tools/nanobanana2,54,204,5
2025-12-12,https://www.lovart.ai/tools/seedream-4.5,1,11,7
2025-12-12,https://www.lovart.ai/tools/text-to-image-generator,0,27,6
2025-12-12,https://www.lovart.ai/zh,24715,35318,1
2025-12-12,https://www.lovart.ai/zh-TW,261,3426,7
2025-12-12,https://www.lovart.ai/zh-TW/blog/Leonardo-AI-Review,2,152,6
2025-12-12,https://www.lovart.ai/zh-TW/blog/aiease-review,0,33,7
2025-12-12,https://www.lovart.ai/zh-TW/blog/civit-ai-review,0,69,7
2025-12-12,https://www.lovart.ai/zh-TW/blog/craiyon-ai-review,1,61,6
2025-12-12,https://www.lovart.ai/zh-TW/blog/fotor-ai-review,13,820,5
2025-12-12,https://www.lovart.ai/zh/blog/Freepik-AI-Image-Generator-review,1,60,8
2025-12-12,https://www.lovart.ai/zh/features,5,338,8
2025-12-12,https://www.lovart.ai/zh/tools,5,372,7
2025-12-12,https://www.lovart.ai/zh/tools/nano-banana-free,9,81,8
2025-12-19,https://www.lovart.ai/,11487,39835,5
2025-12-19,https://www.lovart.ai/actions/blog/Freepik-AI-Image-Generator-review,1,159,3
2025-12-19,https://www.lovart.ai/actions/blog/Leonardo-AI-Review,3,1459,7
2025-12-19,https://www.lovart.ai/actions/blog/civit-ai-review,2,287,6
2025-12-19,https://www.lovart.ai/actions/blog/craiyon-ai-review,0,21,4
2025-12-19,https://www.lovart.ai/actions/blog/fotor-ai-review,0,90,6
2025-12-19,https://www.lovart.ai/actions/tools/ai-face-swap,37,1244,8
2025-12-19,https://www.lovart.ai/actions/tools/ai-image-enhancer,3,512,8
2025-12-19,https://www.lovart.ai/actions/tools/ai-image-upscaler,19,2670,9
2025-12-19,https://www.lovart.ai/blog/Canva-AI-Image-Generator-Review,80,212587,9
2025-12-19,https://www.lovart.ai/blog/Freepik-AI-Image-Generator-review,48,31646,5
2025-12-19,https://www.lovart.ai/blog/Leonardo-AI-Review,1,50,5
2025-12-19,https://www.lovart.ai/blog/OpenArt-AI-Review,9,3791,4
2025-12-19,https://www.lovart.ai/blog/adobe-firefly-review,1,408,6
2025-12-19,https://www.lovart.ai/blog/ai-design-tools-2025-lovart-ai-workflows,0,61,8
2025-12-19,https://www.lovart.ai/blog/artlist-ai-review,1,426,4
2025-12-19,https://www.lovart.ai/blog/craiyon-ai-review,1,266,4
2025-12-19,https://www.lovart.ai/blog/flora-ai-review,0,80,5
2025-12-19,https://www.lovart.ai/blog/imagefx-review,1,1938,7
2025-12-19,https://www.lovart.ai/blog/meta-imagine-ai-review,0,25,6
2025-12-19,https://www.lovart.ai/blog/picsart-ai-review,0,136,7
2025-12-19,https://www.lovart.ai/blog/pixai-review,1,710,5
2025-12-19,https://www.lovart.ai/blog/pixlr-ai-image-generator-review,0,79,7
2025-12-19,https://www.lovart.ai/blog/seaart-review,1,148,7
2025-12-19,https://www.lovart.ai/canvas,10,103,7
2025-12-19,https://www.lovart.ai/de,0,10,7
2025-12-19,https://www.lovart.ai/de/blog/OpenArt-AI-Review,0,6,8
2025-12-19,https://www.lovart.ai/de/features/magazine-layout-design,1,1,1
2025-12-19,https://www.lovart.ai/features/food-recipe-card-design,0,5,9
2025-12-19,https://www.lovart.ai/features/nano-banana-presentation-slides,6,41,5
2025-12-19,https://www.lovart.ai/fr,219,1281,5
2025-12-19,https://www.lovart.ai/fr/blog/Canva-AI-Image-Generator-Review,1,55,6
2025-12-19,https://www.lovart.ai/it,28,271,7
2025-12-19,https://www.lovart.ai/it/blog/Canva-AI-Image-Generator-Review,0,8,5
2025-12-19,https://www.lovart.ai/it/blog/Freepik-AI-Image-Generator-review,0,11,5
2025-12-19,https://www.lovart.ai/it/blog/OpenArt-AI-Review,0,2,6
2025-12-19,https://www.lovart.ai/it/blog/artlist-ai-review,0,10,4
2025-12-19,https://www.lovart.ai/it/blog/picsart-ai-review,0,2,6
2025-12-19,https://www.lovart.ai/it/features/free-online-tool,0,2,7
2025-12-19,https://www.lovart.ai/ja,85,225,3
2025-12-19,https://www.lovart.ai/ja/blog/text-to-video-guide,0,1,2
2025-12-19,https://www.lovart.ai/pt,1326,3067,3
2025-12-19,https://www.lovart.ai/pt/blog/Canva-AI-Image-Generator-Review,1,16,3
2025-12-19,https://www.lovart.ai/pt/blog/Freepik-AI-Image-Generator-review,0,33,7
2025-12-19,https://www.lovart.ai/r/,11,1011,6
2025-12-19,https://www.lovart.ai/r/dz1b36u,1,28,9
2025-12-19,https://www.lovart.ai/r/eqc0ki9,11,42,4
2025-12-19,https://www.lovart.ai/r/l7zjyvy,0,17,6
2025-12-19,https://www.lovart.ai/tools,8,2530,7
2025-12-19,https://www.lovart.ai/tools/ai-lip-sync-generator,1,25,5
2025-12-19,https://www.lovart.ai/tools/free-ai-illustration-generator,4,766,7
2025-12-19,https://www.lovart.ai/tools/free-ai-mockup-generator,0,30,8
2025-12-19,https://www.lovart.ai/tools/kling-o1,3,28,14
2025-12-19,https://www.lovart.ai/tools/nano-banana-free,5,48,14
2025-12-19,https://www.lovart.ai/tools/nanobanana2,82,212,4
2025-12-19,https://www.lovart.ai/tools/seedream-4.5,4,13,6
2025-12-19,https://www.lovart.ai/tools/text-to-image-generator,2,40,7
2025-12-19,https://www.lovart.ai/zh,30387,47215,2
2025-12-19,https://www.lovart.ai/zh-TW,206,4481,6
2025-12-19,https://www.lovart.ai/zh-TW/blog/Canva-AI-Image-Generator-Review,0,779,8
2025-12-19,https://www.lovart.ai/zh-TW/blog/Leonardo-AI-Review,0,49,6
2025-12-19,https://www.lovart.ai/zh-TW/blog/adobe-firefly-review,0,26,9
2025-12-19,https://www.lovart.ai/zh-TW/blog/fotor-ai-review,0,72,5
2025-12-19,https://www.lovart.ai/zh/blog/Freepik-AI-Image-Generator-review,1,111,8
2025-12-19,https://www.lovart.ai/zh/blog/Leonardo-AI-Review,1,231,7
2025-12-19,https://www.lovart.ai/zh/blog/artlist-ai-review,8,342,5
2025-12-19,https://www.lovart.ai/zh/blog/craiyon-ai-review,1,15,5
2025-12-19,https://www.lovart.ai/zh/blog/imagefx-review,0,15,7
2025-12-19,https://www.lovart.ai/zh/features,8,304,6
2025-12-19,https://www.lovart.ai/zh/tools,4,547,7
2025-12-19,https://www.lovart.ai/zh/tools/nano-banana-free,9,97,10
2025-12-26,https://www.lovart.ai/,9235,24776,4
2025-12-26,https://www.lovart.ai/actions,8,162,9
2025-12-26,https://www.lovart.ai/actions/blog/craiyon-ai-review,1,17,7
2025-12-26,https://www.lovart.ai/actions/blog/fotor-ai-review,0,49,6
2025-12-26,https://www.lovart.ai/actions/blog/meta-imagine-ai-review,0,97,6
2025-12-26,https://www.lovart.ai/actions/blog/openart-ai-review,3,1188,5
2025-12-26,https://www.lovart.ai/blog/Canva-AI-Image-Generator-Review,21,4729,6
2025-12-26,https://www.lovart.ai/blog/Freepik-AI-Image-Generator-review,5,1132,6
2025-12-26,https://www.lovart.ai/blog/OpenArt-AI-Review,5,1456,5
2025-12-26,https://www.lovart.ai/blog/adobe-firefly-review,10,4309,5
2025-12-26,https://www.lovart.ai/blog/ai-design-tools-2025-lovart-ai-workflows,1,169,8
2025-12-26,https://www.lovart.ai/blog/aiease-review,0,128,6
2025-12-26,https://www.lovart.ai/blog/artlist-ai-review,2,644,4
2025-12-26,https://www.lovart.ai/blog/civit-ai-review,1,38,4
2025-12-26,https://www.lovart.ai/blog/craiyon-ai-review,7,431,3
2025-12-26,https://www.lovart.ai/blog/create-logos-with-lovart-ai-design-agent-guide,0,29,9
2025-12-26,https://www.lovart.ai/blog/flora-ai-review,0,169,6
2025-12-26,https://www.lovart.ai/blog/google-veo-3-review,6,1647,7
2025-12-26,https://www.lovart.ai/blog/hedra-ai-review,0,247,6
2025-12-26,https://www.lovart.ai/blog/hunyuan-video-review,0,40,7
2025-12-26,https://www.lovart.ai/blog/imagefx-review,4,3048,7
2025-12-26,https://www.lovart.ai/blog/imagineart-review,0,5,5
2025-12-26,https://www.lovart.ai/blog/krea-ai-video-generator-review,4,580,7
2025-12-26,https://www.lovart.ai/blog/meta-imagine-ai-review,0,76,6
2025-12-26,https://www.lovart.ai/blog/picsart-ai-review,0,80,7
2025-12-26,https://www.lovart.ai/blog/pixai-review,0,338,5
2025-12-26,https://www.lovart.ai/blog/pixlr-ai-image-generator-review,0,24,8
2025-12-26,https://www.lovart.ai/blog/pixverse-ai-review,2,716,6
2025-12-26,https://www.lovart.ai/blog/seaart-review,3,219,5
2025-12-26,https://www.lovart.ai/blog/stable-video-diffusion-review,0,19,8
2025-12-26,https://www.lovart.ai/blog/starry-ai-reivew,2,61,4
2025-12-26,https://www.lovart.ai/blog/wan-2.1-ai-review,1,65,7
2025-12-26,https://www.lovart.ai/de/blog/civit-ai-review,0,1,3
2025-12-26,https://www.lovart.ai/de/blog/meta-imagine-ai-review,0,2,4
2025-12-26,https://www.lovart.ai/features/ai-company-logo-maker,0,23,6
2025-12-26,https://www.lovart.ai/features/instagram-highlight-cover-design,0,7,8
2025-12-26,https://www.lovart.ai/features/nano-banana-presentation-slides,2,17,5
2025-12-26,https://www.lovart.ai/fr,225,1096,5
2025-12-26,https://www.lovart.ai/fr/blog/getimg.ai-review,0,2,3
2025-12-26,https://www.lovart.ai/fr/blog/hedra-ai-review,0,12,8
2025-12-26,https://www.lovart.ai/fr/blog/pixverse-ai-review,0,14,7
2025-12-26,https://www.lovart.ai/it,7,120,8
2025-12-26,https://www.lovart.ai/it/blog/OpenArt-AI-Review,0,1,7
2025-12-26,https://www.lovart.ai/it/blog/artlist-ai-review,0,26,4
2025-12-26,https://www.lovart.ai/it/blog/flora-ai-review,0,1,4
2025-12-26,https://www.lovart.ai/it/blog/hedra-ai-review,0,1,8
2025-12-26,https://www.lovart.ai/it/tools/text-to-image-generator,0,3,6
2025-12-26,https://www.lovart.ai/ja,89,263,2
2025-12-26,https://www.lovart.ai/pt,998,2065,3
2025-12-26,https://www.lovart.ai/pt/blog/dreamina-ai-review,0,3,7
2025-12-26,https://www.lovart.ai/pt/blog/pixverse-ai-review,0,11,7
2025-12-26,https://www.lovart.ai/r/,13,1234,7
2025-12-26,https://www.lovart.ai/r/dz1b36u,4,154,8
2025-12-26,https://www.lovart.ai/r/l7zjyvy,0,13,8
2025-12-26,https://www.lovart.ai/tools,5,958,7
2025-12-26,https://www.lovart.ai/tools/ai-anime-generator,0,2,8
2025-12-26,https://www.lovart.ai/tools/ai-baby-podcast-generator,0,3,24
2025-12-26,https://www.lovart.ai/tools/ai-lip-sync-generator,3,93,8
2025-12-26,https://www.lovart.ai/tools/free-ai-illustration-generator,3,284,8
2025-12-26,https://www.lovart.ai/tools/free-ai-mockup-generator,7,100,9
2025-12-26,https://www.lovart.ai/tools/nano-banana-free,3,78,14
2025-12-26,https://www.lovart.ai/tools/nanobanana2,66,205,5
2025-12-26,https://www.lovart.ai/tools/seedream-4.5,3,11,7
2025-12-26,https://www.lovart.ai/tools/text-to-image-generator,1,81,7
2025-12-26,https://www.lovart.ai/zh,42258,57710,2
2025-12-26,https://www.lovart.ai/zh-TW,219,2932,6
2025-12-26,https://www.lovart.ai/zh-TW/blog/adobe-firefly-review,0,145,8
2025-12-26,https://www.lovart.ai/zh-TW/blog/hedra-ai-review,0,32,8
2025-12-26,https://www.lovart.ai/zh-TW/blog/pixverse-ai-review,0,50,8
2025-12-26,https://www.lovart.ai/zh/blog/Leonardo-AI-Review,0,118,8
2025-12-26,https://www.lovart.ai/zh/blog/artlist-ai-review,1,373,5
2025-12-26,https://www.lovart.ai/zh/blog/google-veo-3-review,3,69,8
2025-12-26,https://www.lovart.ai/zh/blog/hunyuan-video-review,0,47,8
2025-12-26,https://www.lovart.ai/zh/blog/krea-ai-video-generator-review,0,49,7
2025-12-26,https://www.lovart.ai/zh/blog/wan-2.1-ai-review,0,19,6
2025-12-26,https://www.lovart.ai/zh/features,14,549,8
2025-12-26,https://www.lovart.ai/zh/tools,17,655,7
2025-12-26,https://www.lovart.ai/zh/tools/nano-banana-free,19,82,8
2026-01-02,https://www.lovart.ai/,8054,16107,4
2026-01-02,https://www.lovart.ai/actions,15,32,8
2026-01-02,https://www.lovart.ai/actions/blog/imagefx-review,0,112,7
2026-01-02,https://www.lovart.ai/actions/blog/openart-ai-review,0,315,6
2026-01-02,https://www.lovart.ai/blog/Freepik-AI-Image-Generator-review,0,169,5
2026-01-02,https://www.lovart.ai/blog/OpenArt-AI-Review,0,19,4
2026-01-02,https://www.lovart.ai/blog/adobe-firefly-review,1,1461,5
2026-01-02,https://www.lovart.ai/blog/ai-character-design,1,19,4
2026-01-02,https://www.lovart.ai/blog/ai-design-tools-2025-lovart-ai-workflows,2,106,7
2026-01-02,https://www.lovart.ai/blog/ai-poster-prompts-tutorial,1,11,3
2026-01-02,https://www.lovart.ai/blog/aiease-review,2,146,6
2026-01-02,https://www.lovart.ai/blog/artlist-ai-review,0,27,4
2026-01-02,https://www.lovart.ai/blog/capcut-ai-review,11,9795,8
2026-01-02,https://www.lovart.ai/blog/craiyon-ai-review,12,681,3
2026-01-02,https://www.lovart.ai/blog/flora-ai-review,1,108,5
2026-01-02,https://www.lovart.ai/blog/google-veo-3-review,4,187,6
2026-01-02,https://www.lovart.ai/blog/haiper-ai-review,3,106,4
2026-01-02,https://www.lovart.ai/blog/hedra-ai-review,0,15,7
2026-01-02,https://www.lovart.ai/blog/hunyuan-video-review,0,72,7
2026-01-02,https://www.lovart.ai/blog/imagefx-review,0,18,7
2026-01-02,https://www.lovart.ai/blog/imagineart-review,0,102,6
2026-01-02,https://www.lovart.ai/blog/krea-ai-video-generator-review,1,672,8
2026-01-02,https://www.lovart.ai/blog/luma-dream-machine-review,6,824,5
2026-01-02,https://www.lovart.ai/blog/meta-imagine-ai-review,0,46,6
2026-01-02,https://www.lovart.ai/blog/picsart-ai-review,0,11,5
2026-01-02,https://www.lovart.ai/blog/pika-ai-review,1,510,6
2026-01-02,https://www.lovart.ai/blog/pixai-review,6,1634,5
2026-01-02,https://www.lovart.ai/blog/pixverse-ai-review,12,4436,6
2026-01-02,https://www.lovart.ai/blog/seaart-review,5,413,5
2026-01-02,https://www.lovart.ai/blog/sora-ai-review,79,8627,4
2026-01-02,https://www.lovart.ai/blog/stable-video-diffusion-review,0,89,6
2026-01-02,https://www.lovart.ai/blog/starry-ai-reivew,5,140,4
2026-01-02,https://www.lovart.ai/blog/vidu-ai-review,0,209,5
2026-01-02,https://www.lovart.ai/blog/wan-2.1-ai-review,4,655,7
2026-01-02,https://www.lovart.ai/canvas,6,34,6
2026-01-02,https://www.lovart.ai/de,6,12,5
2026-01-02,https://www.lovart.ai/de/blog/capcut-ai-review,0,19,8
2026-01-02,https://www.lovart.ai/de/blog/hunyuan-video-review,1,4,6
2026-01-02,https://www.lovart.ai/de/blog/krea-ai-video-generator-review,0,129,9
2026-01-02,https://www.lovart.ai/de/blog/luma-dream-machine-review,0,5,4
2026-01-02,https://www.lovart.ai/en/news/nano-banana-review,6,27,4
2026-01-02,https://www.lovart.ai/en/tools/free-ai-illustration-generator,9,96,5
2026-01-02,https://www.lovart.ai/features/ai-company-logo-maker,6,41,5
2026-01-02,https://www.lovart.ai/features/instagram-highlight-cover-design,1,22,5
2026-01-02,https://www.lovart.ai/features/nano-banana-presentation-slides,0,16,8
2026-01-02,https://www.lovart.ai/features/price-list-design,0,11,6
2026-01-02,https://www.lovart.ai/fr,225,686,4
2026-01-02,https://www.lovart.ai/fr/blog/capcut-ai-review,0,14,4
2026-01-02,https://www.lovart.ai/fr/blog/hedra-ai-review,0,16,7
2026-01-02,https://www.lovart.ai/fr/blog/krea-ai-video-generator-review,0,53,9
2026-01-02,https://www.lovart.ai/fr/blog/luma-dream-machine-review,0,80,4
2026-01-02,https://www.lovart.ai/fr/blog/pixverse-ai-review,0,168,6
2026-01-02,https://www.lovart.ai/fr/blog/sora-ai-review,1,21,5
2026-01-02,https://www.lovart.ai/it,45,111,3
2026-01-02,https://www.lovart.ai/it/blog/dreamina-ai-review,0,3,5
2026-01-02,https://www.lovart.ai/it/blog/flora-ai-review,0,2,3
2026-01-02,https://www.lovart.ai/it/blog/luma-dream-machine-review,0,9,5
2026-01-02,https://www.lovart.ai/it/blog/pixverse-ai-review,0,5,7
2026-01-02,https://www.lovart.ai/ja,54,125,3
2026-01-02,https://www.lovart.ai/ko/blog/hedra-ai-review,0,14,6
2026-01-02,https://www.lovart.ai/pt,1493,2338,2
2026-01-02,https://www.lovart.ai/pt/blog/capcut-ai-review,0,79,7
2026-01-02,https://www.lovart.ai/pt/blog/krea-ai-video-generator-review,0,43,9
2026-01-02,https://www.lovart.ai/pt/blog/luma-dream-machine-review,0,28,4
2026-01-02,https://www.lovart.ai/pt/blog/pixverse-ai-review,1,133,8
2026-01-02,https://www.lovart.ai/pt/blog/sora-ai-review,0,18,4
2026-01-02,https://www.lovart.ai/pt/tools/nano-banana-free,2,14,6
2026-01-02,https://www.lovart.ai/r/,47,994,8
2026-01-02,https://www.lovart.ai/r/dz1b36u,0,26,9
2026-01-02,https://www.lovart.ai/ru,4,25,5
2026-01-02,https://www.lovart.ai/tools,13,562,8
2026-01-02,https://www.lovart.ai/tools/ai-art-generator,6,12,5
2026-01-02,https://www.lovart.ai/tools/ai-lip-sync-generator,20,209,5
2026-01-02,https://www.lovart.ai/tools/chat-to-image-ai-generator,3,22,4
2026-01-02,https://www.lovart.ai/tools/free-ai-illustration-generator,42,409,6
2026-01-02,https://www.lovart.ai/tools/free-ai-mockup-generator,6,158,7
2026-01-02,https://www.lovart.ai/tools/nano-banana-free,16,77,22
2026-01-02,https://www.lovart.ai/tools/nanobanana2,44,140,7
2026-01-02,https://www.lovart.ai/tools/text-to-image-generator,3,88,5
2026-01-02,https://www.lovart.ai/tools/virtual-actor-creation,0,2,6
2026-01-02,https://www.lovart.ai/zh,44634,51450,2
2026-01-02,https://www.lovart.ai/zh-TW,485,3309,8
2026-01-02,https://www.lovart.ai/zh-TW/blog/haiper-ai-review,3,50,7
2026-01-02,https://www.lovart.ai/zh-TW/blog/luma-dream-machine-review,1,122,6
2026-01-02,https://www.lovart.ai/zh-TW/blog/pika-ai-review,0,107,7
2026-01-02,https://www.lovart.ai/zh-TW/blog/pixverse-ai-review,0,101,7
2026-01-02,https://www.lovart.ai/zh-TW/blog/vidu-ai-review,1,801,8
2026-01-02,https://www.lovart.ai/zh/blog/artlist-ai-review,0,40,5
2026-01-02,https://www.lovart.ai/zh/blog/capcut-ai-review,0,30,8
2026-01-02,https://www.lovart.ai/zh/blog/google-veo-3-review,1,31,8
2026-01-02,https://www.lovart.ai/zh/blog/hailuo-ai-review,0,256,7
2026-01-02,https://www.lovart.ai/zh/blog/krea-ai-video-generator-review,0,28,7
2026-01-02,https://www.lovart.ai/zh/blog/luma-dream-machine-review,3,108,4
2026-01-02,https://www.lovart.ai/zh/blog/pixverse-ai-review,1,202,8
2026-01-02,https://www.lovart.ai/zh/blog/sora-ai-review,4,377,8
2026-01-02,https://www.lovart.ai/zh/blog/vidu-ai-review,0,104,6
2026-01-02,https://www.lovart.ai/zh/blog/wan-2.1-ai-review,2,100,7
2026-01-02,https://www.lovart.ai/zh/features,56,1028,10
2026-01-02,https://www.lovart.ai/zh/tools,5,140,8
2026-01-02,https://www.lovart.ai/zh/tools/nano-banana-free,9,106,9
2026-01-09,https://www.lovart.ai/,12102,26194,4
2026-01-09,https://www.lovart.ai/blog/Canva-AI-Image-Generator-Review,5,1057,5
2026-01-09,https://www.lovart.ai/blog/Freepik-AI-Image-Generator-review,1,197,6
2026-01-09,https://www.lovart.ai/blog/OpenArt-AI-Review,10,3086,3
2026-01-09,https://www.lovart.ai/blog/ai-character-design,1,13,3
2026-01-09,https://www.lovart.ai/blog/ai-design-tools-2025-lovart-ai-workflows,7,90,9
2026-01-09,https://www.lovart.ai/blog/ai-poster-prompts-tutorial,3,57,4
2026-01-09,https://www.lovart.ai/blog/ai-video-prompts,1,17,5
2026-01-09,https://www.lovart.ai/blog/aiease-review,0,191,6
2026-01-09,https://www.lovart.ai/blog/animaker-review,0,59,6
2026-01-09,https://www.lovart.ai/blog/artlist-ai-review,10,465,4
2026-01-09,https://www.lovart.ai/blog/capcut-ai-review,40,47129,8
2026-01-09,https://www.lovart.ai/blog/civit-ai-review,1,345,4
2026-01-09,https://www.lovart.ai/blog/clipfly-ai-review,1,165,6
2026-01-09,https://www.lovart.ai/blog/craiyon-ai-review,11,840,3
2026-01-09,https://www.lovart.ai/blog/deepai-review,12,4126,6
2026-01-09,https://www.lovart.ai/blog/deevid-ai-review,0,312,6
2026-01-09,https://www.lovart.ai/blog/dreamina-ai-review,0,37,7
2026-01-09,https://www.lovart.ai/blog/flora-ai-review,2,201,5
2026-01-09,https://www.lovart.ai/blog/fotor-ai-review,2,133,6
2026-01-09,https://www.lovart.ai/blog/google-veo-3-review,2,331,7
2026-01-09,https://www.lovart.ai/blog/haiper-ai-review,4,230,4
2026-01-09,https://www.lovart.ai/blog/hunyuan-video-review,1,138,6
2026-01-09,https://www.lovart.ai/blog/imagefx-review,2,1303,7
2026-01-09,https://www.lovart.ai/blog/imagineart-review,1,32,6
2026-01-09,https://www.lovart.ai/blog/luma-dream-machine-review,4,1644,6
2026-01-09,https://www.lovart.ai/blog/medeo-ai-review,1,136,6
2026-01-09,https://www.lovart.ai/blog/meta-imagine-ai-review,0,56,6
2026-01-09,https://www.lovart.ai/blog/pika-ai-review,0,187,6
2026-01-09,https://www.lovart.ai/blog/pixai-review,6,1819,5
2026-01-09,https://www.lovart.ai/blog/pixverse-ai-review,0,389,7
2026-01-09,https://www.lovart.ai/blog/pollo-ai-review,0,26,6
2026-01-09,https://www.lovart.ai/blog/seaart-review,6,1127,4
2026-01-09,https://www.lovart.ai/blog/sora-ai-review,351,39469,5
2026-01-09,https://www.lovart.ai/blog/starry-ai-reivew,1,161,4
2026-01-09,https://www.lovart.ai/blog/vidfly-ai-review,0,15,6
2026-01-09,https://www.lovart.ai/blog/vidu-ai-review,2,428,6
2026-01-09,https://www.lovart.ai/blog/vmaker-ai-review,2,180,3
2026-01-09,https://www.lovart.ai/blog/wan-2.1-ai-review,6,391,7
2026-01-09,https://www.lovart.ai/blog/wondershare-virbo-review,0,145,3
2026-01-09,https://www.lovart.ai/de,9,61,6
2026-01-09,https://www.lovart.ai/de/blog/deevid-ai-review,0,38,8
2026-01-09,https://www.lovart.ai/de/blog/pictory-ai-review,0,25,7
2026-01-09,https://www.lovart.ai/de/blog/pollo-ai-review,2,94,6
2026-01-09,https://www.lovart.ai/en/tools/free-ai-illustration-generator,0,36,10
2026-01-09,https://www.lovart.ai/features/ai-company-logo-maker,3,39,9
2026-01-09,https://www.lovart.ai/features/certificate-design,0,13,6
2026-01-09,https://www.lovart.ai/features/graphic-design,0,27,6
2026-01-09,https://www.lovart.ai/features/instagram-highlight-cover-design,0,15,12
2026-01-09,https://www.lovart.ai/features/nano-banana-presentation-slides,2,11,9
2026-01-09,https://www.lovart.ai/features/price-list-design,0,16,6
2026-01-09,https://www.lovart.ai/fr,335,1141,4
2026-01-09,https://www.lovart.ai/fr/blog/capcut-ai-review,2,30,3
2026-01-09,https://www.lovart.ai/fr/blog/deevid-ai-review,0,12,6
2026-01-09,https://www.lovart.ai/fr/blog/luma-dream-machine-review,0,126,5
2026-01-09,https://www.lovart.ai/it,87,144,3
2026-01-09,https://www.lovart.ai/it/blog/deepai-review,0,31,8
2026-01-09,https://www.lovart.ai/it/blog/deevid-ai-review,0,26,6
2026-01-09,https://www.lovart.ai/it/blog/luma-dream-machine-review,0,13,4
2026-01-09,https://www.lovart.ai/it/blog/sora-ai-review,3,206,5
2026-01-09,https://www.lovart.ai/it/tools/ai-image-upscaler,0,30,7
2026-01-09,https://www.lovart.ai/ja,120,214,3
2026-01-09,https://www.lovart.ai/ja/blog/adobe-illustrator-alternatives,0,16,6
2026-01-09,https://www.lovart.ai/ko,5,24,6
2026-01-09,https://www.lovart.ai/pt,1229,2154,3
2026-01-09,https://www.lovart.ai/pt/blog/animaker-review,0,56,5
2026-01-09,https://www.lovart.ai/pt/blog/deevid-ai-review,0,66,5
2026-01-09,https://www.lovart.ai/r/,51,1943,9
2026-01-09,https://www.lovart.ai/ru,2,25,7
2026-01-09,https://www.lovart.ai/statement/lovart-subscribe-faq,2,12,2
2026-01-09,https://www.lovart.ai/tools,11,817,8
2026-01-09,https://www.lovart.ai/tools/ai-art-generator,16,54,5
2026-01-09,https://www.lovart.ai/tools/ai-lip-sync-generator,9,175,5
2026-01-09,https://www.lovart.ai/tools/chat-to-image-ai-generator,4,34,5
2026-01-09,https://www.lovart.ai/tools/free-ai-illustration-generator,92,943,5
2026-01-09,https://www.lovart.ai/tools/free-ai-mockup-generator,7,238,6
2026-01-09,https://www.lovart.ai/tools/nano-banana-free,2,44,17
2026-01-09,https://www.lovart.ai/tools/nanobanana-pro,0,14,7
2026-01-09,https://www.lovart.ai/tools/nanobanana2,30,127,4
2026-01-09,https://www.lovart.ai/tools/text-to-image-generator,9,146,7
2026-01-09,https://www.lovart.ai/tools/veo3.1,1,11,9
2026-01-09,https://www.lovart.ai/zh,42961,54535,1
2026-01-09,https://www.lovart.ai/zh-TW,600,8701,8
2026-01-09,https://www.lovart.ai/zh-TW/blog/animaker-review,0,17,7
2026-01-09,https://www.lovart.ai/zh-TW/blog/deepai-review,1,121,7
2026-01-09,https://www.lovart.ai/zh-TW/blog/deevid-ai-review,0,41,6
2026-01-09,https://www.lovart.ai/zh-TW/blog/haiper-ai-review,5,169,7
2026-01-09,https://www.lovart.ai/zh-TW/blog/luma-dream-machine-review,1,158,7
2026-01-09,https://www.lovart.ai/zh-TW/blog/medeo-ai-review,1,498,6
2026-01-09,https://www.lovart.ai/zh-TW/blog/pika-ai-review,2,84,7
2026-01-09,https://www.lovart.ai/zh-TW/blog/pollo-ai-review,4,242,5
2026-01-09,https://www.lovart.ai/zh-TW/features/restaurant_menu_design,2,13,6
2026-01-09,https://www.lovart.ai/zh/blog/deevid-ai-review,0,28,5
2026-01-09,https://www.lovart.ai/zh/blog/hailuo-ai-review,0,53,7
2026-01-09,https://www.lovart.ai/zh/blog/luma-dream-machine-review,2,235,5
2026-01-09,https://www.lovart.ai/zh/blog/pictory-ai-review,0,193,5
2026-01-09,https://www.lovart.ai/zh/blog/sora-ai-review,267,13718,6
2026-01-09,https://www.lovart.ai/zh/blog/vidu-ai-review,0,53,5
2026-01-09,https://www.lovart.ai/zh/features,58,785,9
2026-01-09,https://www.lovart.ai/zh/tools/nano-banana-free,7,25,6
2026-01-16,https://insight.lovart.ai/,1,29,8
2026-01-16,https://www.lovart.ai/,11271,28675,4
2026-01-16,https://www.lovart.ai/actions,0,28,10
2026-01-16,https://www.lovart.ai/blog/Canva-AI-Image-Generator-Review,9,580,5
2026-01-16,https://www.lovart.ai/blog/Freepik-AI-Image-Generator-review,0,195,6
2026-01-16,https://www.lovart.ai/blog/Leonardo-AI-Review,0,116,5
2026-01-16,https://www.lovart.ai/blog/OpenArt-AI-Review,3,3109,3
2026-01-16,https://www.lovart.ai/blog/adobe-illustrator-alternatives,1,13,5
2026-01-16,https://www.lovart.ai/blog/ai-character-design,1,11,3
2026-01-16,https://www.lovart.ai/blog/ai-design-tools-2025-lovart-ai-workflows,2,161,7
2026-01-16,https://www.lovart.ai/blog/ai-illustration-prompts,1,12,3
2026-01-16,https://www.lovart.ai/blog/ai-poster-prompts-tutorial,5,62,2
2026-01-16,https://www.lovart.ai/blog/ai-video-prompts,1,18,5
2026-01-16,https://www.lovart.ai/blog/aiease-review,0,120,6
2026-01-16,https://www.lovart.ai/blog/animaker-review,0,42,4
2026-01-16,https://www.lovart.ai/blog/artlist-ai-review,9,747,3
2026-01-16,https://www.lovart.ai/blog/best-agent-for-novices,0,28,8
2026-01-16,https://www.lovart.ai/blog/capcut-ai-review,9,5606,8
2026-01-16,https://www.lovart.ai/blog/civit-ai-review,1,178,6
2026-01-16,https://www.lovart.ai/blog/clipfly-ai-review,0,65,6
2026-01-16,https://www.lovart.ai/blog/craiyon-ai-review,11,819,4
2026-01-16,https://www.lovart.ai/blog/create-logos-with-lovart-ai-design-agent-guide,0,58,8
2026-01-16,https://www.lovart.ai/blog/create-yt-thumbnails-without-photoshop,13,1753,6
2026-01-16,https://www.lovart.ai/blog/deepai-review,8,6739,6
2026-01-16,https://www.lovart.ai/blog/deevid-ai-review,0,245,6
2026-01-16,https://www.lovart.ai/blog/dreamina-ai-review,1,88,7
2026-01-16,https://www.lovart.ai/blog/flora-ai-review,1,278,4
2026-01-16,https://www.lovart.ai/blog/fotor-ai-review,2,181,6
2026-01-16,https://www.lovart.ai/blog/google-veo-3-review,1,67,6
2026-01-16,https://www.lovart.ai/blog/haiper-ai-review,0,46,5
2026-01-16,https://www.lovart.ai/blog/higgsfield-ai-review,1,32,6
2026-01-16,https://www.lovart.ai/blog/imagefx-review,1,2734,7
2026-01-16,https://www.lovart.ai/blog/invideo-ai-review,3,623,8
2026-01-16,https://www.lovart.ai/blog/kling-ai-alternatives,0,47,5
2026-01-16,https://www.lovart.ai/blog/krea-alternatives,0,24,7
2026-01-16,https://www.lovart.ai/blog/luma-dream-machine-review,0,82,6
2026-01-16,https://www.lovart.ai/blog/medeo-ai-review,1,181,6
2026-01-16,https://www.lovart.ai/blog/meta-imagine-ai-review,0,40,6
2026-01-16,https://www.lovart.ai/blog/pictory-ai-review,0,43,5
2026-01-16,https://www.lovart.ai/blog/pika-alternatives,0,23,8
2026-01-16,https://www.lovart.ai/blog/pixai-review,0,680,6
2026-01-16,https://www.lovart.ai/blog/pixlr-ai-image-generator-review,1,37,4
2026-01-16,https://www.lovart.ai/blog/pollo-ai-review,7,1254,5
2026-01-16,https://www.lovart.ai/blog/seaart-review,9,1654,4
2026-01-16,https://www.lovart.ai/blog/shutterstock-ai-review,1,13,3
2026-01-16,https://www.lovart.ai/blog/sora-ai-review,137,12589,6
2026-01-16,https://www.lovart.ai/blog/starry-ai-reivew,0,118,4
2026-01-16,https://www.lovart.ai/blog/steve-ai-review,0,42,5
2026-01-16,https://www.lovart.ai/blog/the-best-ai-design-agent-for-beginners,15,639,9
2026-01-16,https://www.lovart.ai/blog/veedio-review,0,28,6
2026-01-16,https://www.lovart.ai/blog/vidu-ai-alternatives,0,121,8
2026-01-16,https://www.lovart.ai/blog/vidu-ai-review,0,111,6
2026-01-16,https://www.lovart.ai/blog/vmaker-ai-review,0,87,4
2026-01-16,https://www.lovart.ai/blog/wan-2.1-ai-review,0,24,7
2026-01-16,https://www.lovart.ai/blog/wondershare-virbo-review,0,509,3
2026-01-16,https://www.lovart.ai/de,22,104,5
2026-01-16,https://www.lovart.ai/de/blog/runway-alternatives,0,57,6
2026-01-16,https://www.lovart.ai/features/ai-company-logo-maker,9,57,4
2026-01-16,https://www.lovart.ai/features/nano-banana-presentation-slides,1,11,5
2026-01-16,https://www.lovart.ai/fr,262,1087,5
2026-01-16,https://www.lovart.ai/fr/blog/capcut-ai-review,1,28,3
2026-01-16,https://www.lovart.ai/fr/tools/ai-art-generator,2,3,3
2026-01-16,https://www.lovart.ai/it,93,206,3
2026-01-16,https://www.lovart.ai/it/blog/sora-ai-review,0,36,6
2026-01-16,https://www.lovart.ai/it/tools/ai-image-upscaler,4,103,7
2026-01-16,https://www.lovart.ai/it/tools/product-to-image-generator,1,1,2
2026-01-16,https://www.lovart.ai/ja,115,364,4
2026-01-16,https://www.lovart.ai/ja/blog/adobe-illustrator-alternatives,4,48,6
2026-01-16,https://www.lovart.ai/pt,1554,3505,3
2026-01-16,https://www.lovart.ai/pt/blog/runway-alternatives,0,62,7
2026-01-16,https://www.lovart.ai/pt/tools/ai-image-upscaler,0,30,9
2026-01-16,https://www.lovart.ai/r/,58,2081,8
2026-01-16,https://www.lovart.ai/ru,1,26,6
2026-01-16,https://www.lovart.ai/tools,8,965,7
2026-01-16,https://www.lovart.ai/tools/ai-art-generator,40,233,5
2026-01-16,https://www.lovart.ai/tools/ai-lip-sync-generator,7,234,7
2026-01-16,https://www.lovart.ai/tools/ai-post-generator,2,8,8
2026-01-16,https://www.lovart.ai/tools/chat-to-image-ai-generator,7,73,5
2026-01-16,https://www.lovart.ai/tools/free-ai-illustration-generator,70,1247,6
2026-01-16,https://www.lovart.ai/tools/free-ai-mockup-generator,9,165,7
2026-01-16,https://www.lovart.ai/tools/lesson-plan-design,0,26,6
2026-01-16,https://www.lovart.ai/tools/nano-banana-free,3,49,15
2026-01-16,https://www.lovart.ai/tools/nanobanana2,11,77,5
2026-01-16,https://www.lovart.ai/tools/text-to-image-generator,5,170,6
2026-01-16,https://www.lovart.ai/zh,38471,57009,1
2026-01-16,https://www.lovart.ai/zh-TW,440,6087,7
2026-01-16,https://www.lovart.ai/zh-TW/blog/deepai-review,0,31,8
2026-01-16,https://www.lovart.ai/zh-TW/blog/dreamina-ai-review,1,81,9
2026-01-16,https://www.lovart.ai/zh-TW/blog/haiper-ai-review,1,23,8
2026-01-16,https://www.lovart.ai/zh-TW/blog/pollo-ai-review,5,235,6
2026-01-16,https://www.lovart.ai/zh-TW/blog/vidu-ai-alternatives,0,30,9
2026-01-16,https://www.lovart.ai/zh-TW/features,7,21,8
2026-01-16,https://www.lovart.ai/zh-TW/tools/restaurant-menu-design,2,12,7
2026-01-16,https://www.lovart.ai/zh/blog/deevid-ai-review,3,106,6
2026-01-16,https://www.lovart.ai/zh/blog/sora-ai-review,24,1368,7
2026-01-16,https://www.lovart.ai/zh/blog/the-best-ai-design-agent-for-beginners,25,338,7
2026-01-16,https://www.lovart.ai/zh/blog/vidu-ai-alternatives,0,43,9
2026-01-16,https://www.lovart.ai/zh/features,51,920,9
2026-01-16,https://www.lovart.ai/zh/tools,5,185,9
2026-01-16,https://www.lovart.ai/zh/tools/nano-banana-free,9,16,6
2026-01-23,https://insight.lovart.ai/,5,17,6
2026-01-23,https://www.lovart.ai/,11941,29970,5
2026-01-23,https://www.lovart.ai/actions,1,47,9
2026-01-23,https://www.lovart.ai/blog/Canva-AI-Image-Generator-Review,7,1447,4
2026-01-23,https://www.lovart.ai/blog/Freepik-AI-Image-Generator-review,0,99,7
2026-01-23,https://www.lovart.ai/blog/Leonardo-AI-Review,0,42,5
2026-01-23,https://www.lovart.ai/blog/OpenArt-AI-Review,5,3689,5
2026-01-23,https://www.lovart.ai/blog/a-step-by-step-guide-to-create-an-Illustration-without-photoshop,0,14,8
2026-01-23,https://www.lovart.ai/blog/ai-design-tools-2025-lovart-ai-workflows,0,91,8
2026-01-23,https://www.lovart.ai/blog/ai-poster-prompts-tutorial,6,73,3
2026-01-23,https://www.lovart.ai/blog/aiease-review,0,129,6
2026-01-23,https://www.lovart.ai/blog/artlist-ai-review,3,824,3
2026-01-23,https://www.lovart.ai/blog/best-agent-for-novices,4,92,8
2026-01-23,https://www.lovart.ai/blog/capcut-ai-review,0,11,5
2026-01-23,https://www.lovart.ai/blog/civit-ai-review,2,145,7
2026-01-23,https://www.lovart.ai/blog/clipfly-ai-review,0,20,7
2026-01-23,https://www.lovart.ai/blog/craiyon-ai-review,1,566,4
2026-01-23,https://www.lovart.ai/blog/deepai-review,5,3356,6
2026-01-23,https://www.lovart.ai/blog/flora-ai-review,2,264,5
2026-01-23,https://www.lovart.ai/blog/fotor-ai-review,0,132,6
2026-01-23,https://www.lovart.ai/blog/higgsfield-ai-review,0,141,7
2026-01-23,https://www.lovart.ai/blog/how-to-create-stunning-ui-layouts-in-minutes-with-lovart-ai-design-agent,0,14,8
2026-01-23,https://www.lovart.ai/blog/imagefx-review,1,1697,7
2026-01-23,https://www.lovart.ai/blog/invideo-ai-review,0,253,8
2026-01-23,https://www.lovart.ai/blog/kling-ai-alternatives,0,37,7
2026-01-23,https://www.lovart.ai/blog/krea-alternatives,0,18,8
2026-01-23,https://www.lovart.ai/blog/luma-ai-alternatives,0,103,7
2026-01-23,https://www.lovart.ai/blog/luma-dream-machine-review,1,433,5
2026-01-23,https://www.lovart.ai/blog/medeo-ai-review,0,153,7
2026-01-23,https://www.lovart.ai/blog/media-io-review,0,11,7
2026-01-23,https://www.lovart.ai/blog/pika-alternatives,0,23,9
2026-01-23,https://www.lovart.ai/blog/pixai-review,3,193,4
2026-01-23,https://www.lovart.ai/blog/pixverse-ai-alternatives,0,11,13
2026-01-23,https://www.lovart.ai/blog/pollo-ai-review,3,928,6
2026-01-23,https://www.lovart.ai/blog/seaart-review,9,1354,4
2026-01-23,https://www.lovart.ai/blog/sora-alternatives,8,1210,9
2026-01-23,https://www.lovart.ai/blog/starry-ai-reivew,0,133,5
2026-01-23,https://www.lovart.ai/blog/the-best-ai-design-agent-for-beginners,5,22,5
2026-01-23,https://www.lovart.ai/blog/vidu-ai-alternatives,1,98,9
2026-01-23,https://www.lovart.ai/blog/vmaker-ai-review,0,110,5
2026-01-23,https://www.lovart.ai/de,0,12,7
2026-01-23,https://www.lovart.ai/de/blog/pollo-ai-review,0,12,6
2026-01-23,https://www.lovart.ai/de/blog/runway-alternatives,0,173,6
2026-01-23,https://www.lovart.ai/features/ai-company-logo-maker,1,37,6
2026-01-23,https://www.lovart.ai/features/nano-banana-presentation-slides,6,33,5
2026-01-23,https://www.lovart.ai/features/tiktok-video-cover-design,2,8,4
2026-01-23,https://www.lovart.ai/fr,139,1000,6
2026-01-23,https://www.lovart.ai/fr/blog/Canva-AI-Image-Generator-Review,1,11,3
2026-01-23,https://www.lovart.ai/fr/pricing,0,22,6
2026-01-23,https://www.lovart.ai/fr/tools/free-ai-mockup-generator,1,11,5
2026-01-23,https://www.lovart.ai/inspiration,0,33,10
2026-01-23,https://www.lovart.ai/it,36,285,7
2026-01-23,https://www.lovart.ai/ja,168,359,3
2026-01-23,https://www.lovart.ai/ja/blog/adobe-illustrator-alternatives,2,58,7
2026-01-23,https://www.lovart.ai/news,1,91,9
2026-01-23,https://www.lovart.ai/pricing,7,503,8
2026-01-23,https://www.lovart.ai/pt,1662,4569,4
2026-01-23,https://www.lovart.ai/pt/blog/runway-alternatives,0,13,7
2026-01-23,https://www.lovart.ai/pt/features,0,53,10
2026-01-23,https://www.lovart.ai/pt/pricing,0,11,10
2026-01-23,https://www.lovart.ai/pt/tools,0,38,9
2026-01-23,https://www.lovart.ai/r/,40,4254,8
2026-01-23,https://www.lovart.ai/r/8fji0nj,0,12,7
2026-01-23,https://www.lovart.ai/r/drz0bdf,0,21,7
2026-01-23,https://www.lovart.ai/r/dz1b36u,1,129,10
2026-01-23,https://www.lovart.ai/r/fx1ipjp,12,329,8
2026-01-23,https://www.lovart.ai/r/l7zjyvy,0,37,9
2026-01-23,https://www.lovart.ai/ru,2,11,5
2026-01-23,https://www.lovart.ai/tools,6,651,9
2026-01-23,https://www.lovart.ai/tools/ai-art-generator,9,329,6
2026-01-23,https://www.lovart.ai/tools/ai-image-upscaler,0,12,5
2026-01-23,https://www.lovart.ai/tools/ai-lip-sync-generator,4,194,7
2026-01-23,https://www.lovart.ai/tools/banner-design,0,394,10
2026-01-23,https://www.lovart.ai/tools/chat-to-image-ai-generator,9,117,7
2026-01-23,https://www.lovart.ai/tools/free-ai-illustration-generator,21,1257,7
2026-01-23,https://www.lovart.ai/tools/free-ai-mockup-generator,5,233,8
2026-01-23,https://www.lovart.ai/tools/hailuo-2.3-ai-video-generator,0,12,6
2026-01-23,https://www.lovart.ai/tools/kling-o1,0,48,7
2026-01-23,https://www.lovart.ai/tools/lesson-plan-design,15,1055,7
2026-01-23,https://www.lovart.ai/tools/nano-banana-free,0,30,8
2026-01-23,https://www.lovart.ai/tools/nanobanana2,65,671,8
2026-01-23,https://www.lovart.ai/tools/restaurant-menu-design,0,52,8
2026-01-23,https://www.lovart.ai/tools/seedream-4.5,1,13,8
2026-01-23,https://www.lovart.ai/tools/sora2,0,47,10
2026-01-23,https://www.lovart.ai/tools/swap-to-video,1,2,7
2026-01-23,https://www.lovart.ai/tools/text-to-image-generator,3,146,6
2026-01-23,https://www.lovart.ai/zh,30397,47064,1
2026-01-23,https://www.lovart.ai/zh-TW,175,2745,8
2026-01-23,https://www.lovart.ai/zh-TW/blog/deepai-review,0,16,4
2026-01-23,https://www.lovart.ai/zh-TW/blog/dreamina-ai-review,0,11,8
2026-01-23,https://www.lovart.ai/zh-TW/tools/restaurant-menu-design,4,113,6
2026-01-23,https://www.lovart.ai/zh/blog/best-agent-for-non-design,0,12,15
2026-01-23,https://www.lovart.ai/zh/blog/luma-dream-machine-review,3,58,6
2026-01-23,https://www.lovart.ai/zh/blog/the-best-ai-design-agent-for-beginners,28,155,6
2026-01-23,https://www.lovart.ai/zh/blog/vidu-ai-alternatives,0,36,10
2026-01-23,https://www.lovart.ai/zh/features,2,118,9
2026-01-23,https://www.lovart.ai/zh/news,0,133,9
2026-01-23,https://www.lovart.ai/zh/pricing,18,580,8
2026-01-23,https://www.lovart.ai/zh/tools,6,466,9
2026-01-23,https://www.lovart.ai/zh/tools/nano-banana-free,1,28,9
2026-01-30,https://insight.lovart.ai/,5,5,1
2026-01-30,https://www.lovart.ai/,11474,27419,4
2026-01-30,https://www.lovart.ai/blog/Canva-AI-Image-Generator-Review,5,666,4
2026-01-30,https://www.lovart.ai/blog/Freepik-AI-Image-Generator-review,0,139,7
2026-01-30,https://www.lovart.ai/blog/Leonardo-AI-Review,0,1,10
2026-01-30,https://www.lovart.ai/blog/OpenArt-AI-Review,5,3878,5
2026-01-30,https://www.lovart.ai/blog/a-step-by-step-guide-to-create-a-brochure-without-photoshop,0,58,7
2026-01-30,https://www.lovart.ai/blog/ai-design-tools-2025-lovart-ai-workflows,1,72,8
2026-01-30,https://www.lovart.ai/blog/ai-poster-prompts-tutorial,3,143,4
2026-01-30,https://www.lovart.ai/blog/aiease-review,2,137,7
2026-01-30,https://www.lovart.ai/blog/artlist-ai-review,1,340,4
2026-01-30,https://www.lovart.ai/blog/capcut-ai-review,0,97,9
2026-01-30,https://www.lovart.ai/blog/civit-ai-review,0,63,7
2026-01-30,https://www.lovart.ai/blog/craiyon-ai-review,1,364,5
2026-01-30,https://www.lovart.ai/blog/create-logos-with-lovart-ai-design-agent-guide,0,14,8
2026-01-30,https://www.lovart.ai/blog/deepai-review,2,2341,5
2026-01-30,https://www.lovart.ai/blog/dreamina-ai-review,0,256,7
2026-01-30,https://www.lovart.ai/blog/flora-ai-review,0,317,6
2026-01-30,https://www.lovart.ai/blog/fotor-ai-review,0,53,7
2026-01-30,https://www.lovart.ai/blog/getimg.ai-review,1,6,6
2026-01-30,https://www.lovart.ai/blog/higgsfield-ai-review,0,121,8
2026-01-30,https://www.lovart.ai/blog/how-to-create-3d-characters-with-lovart-ai-design-agent,0,16,6
2026-01-30,https://www.lovart.ai/blog/imagefx-review,5,1524,8
2026-01-30,https://www.lovart.ai/blog/luma-dream-machine-review,2,1305,5
2026-01-30,https://www.lovart.ai/blog/medeo-ai-review,0,165,8
2026-01-30,https://www.lovart.ai/blog/media-io-review,0,20,7
2026-01-30,https://www.lovart.ai/blog/pixai-review,0,52,4
2026-01-30,https://www.lovart.ai/blog/pollo-ai-review,0,54,6
2026-01-30,https://www.lovart.ai/blog/seaart-review,3,727,6
2026-01-30,https://www.lovart.ai/blog/starry-ai-reivew,3,158,4
2026-01-30,https://www.lovart.ai/blog/the-infrastructure-war-of-2026-a-deep-dive-into-wavespeed.ai-vs-siliconflow,0,69,8
2026-01-30,https://www.lovart.ai/blog/vmaker-ai-review,0,58,7
2026-01-30,https://www.lovart.ai/canvas,8,193,8
2026-01-30,https://www.lovart.ai/de,6,45,5
2026-01-30,https://www.lovart.ai/features/ai-company-logo-maker,1,53,6
2026-01-30,https://www.lovart.ai/features/nano-banana-presentation-slides,2,46,5
2026-01-30,https://www.lovart.ai/features/price-list-design,1,11,7
2026-01-30,https://www.lovart.ai/features/shopify-banner-design,0,12,6
2026-01-30,https://www.lovart.ai/features/tiktok-video-cover-design,0,22,5
2026-01-30,https://www.lovart.ai/fr,208,1276,6
2026-01-30,https://www.lovart.ai/fr/pricing,0,18,9
2026-01-30,https://www.lovart.ai/inspiration,0,29,12
2026-01-30,https://www.lovart.ai/it,13,228,7
2026-01-30,https://www.lovart.ai/it/blog/how-to-create-3d-characters-with-lovart-ai-design-agent,0,1,8
2026-01-30,https://www.lovart.ai/ja,132,328,3
2026-01-30,https://www.lovart.ai/ja/blog/adobe-illustrator-alternatives,2,69,7
2026-01-30,https://www.lovart.ai/ja/blog/adobe-premiere-pro-alternatives,0,1,6
2026-01-30,https://www.lovart.ai/ja/tools/free-ai-mockup-generator,0,3,6
2026-01-30,https://www.lovart.ai/ko,2,12,7
2026-01-30,https://www.lovart.ai/news,0,52,10
2026-01-30,https://www.lovart.ai/pricing,18,532,8
2026-01-30,https://www.lovart.ai/pt,1978,4665,4
2026-01-30,https://www.lovart.ai/pt/blog/the-geometry-of-intent-engineering-brand-first-google-ads-via-the-lovart-ai-design-agent,0,1,4
2026-01-30,https://www.lovart.ai/pt/pricing,1,24,7
2026-01-30,https://www.lovart.ai/pt/tools,0,53,8
2026-01-30,https://www.lovart.ai/pt/tools/ai-art-generator,0,4,5
2026-01-30,https://www.lovart.ai/r/,44,4071,8
2026-01-30,https://www.lovart.ai/r/fx1ipjp,0,23,9
2026-01-30,https://www.lovart.ai/ru,0,12,7
2026-01-30,https://www.lovart.ai/sitemap-allist.xml/tools/hailuo-2.3-ai-video-generator,0,47,8
2026-01-30,https://www.lovart.ai/tools,3,580,9
2026-01-30,https://www.lovart.ai/tools/ai-art-generator,6,278,6
2026-01-30,https://www.lovart.ai/tools/ai-baby-podcast-generator,2,11,8
2026-01-30,https://www.lovart.ai/tools/ai-lip-sync-generator,2,181,7
2026-01-30,https://www.lovart.ai/tools/chat-to-image-ai-generator,8,88,5
2026-01-30,https://www.lovart.ai/tools/free-ai-illustration-generator,13,653,7
2026-01-30,https://www.lovart.ai/tools/free-ai-mockup-generator,6,196,7
2026-01-30,https://www.lovart.ai/tools/kling-o1,0,15,7
2026-01-30,https://www.lovart.ai/tools/lesson-plan-design,2,205,8
2026-01-30,https://www.lovart.ai/tools/nano-banana-free,1,13,8
2026-01-30,https://www.lovart.ai/tools/nanobanana2,24,182,12
2026-01-30,https://www.lovart.ai/tools/seedream-4.5,2,25,7
2026-01-30,https://www.lovart.ai/tools/text-to-image-generator,1,66,6
2026-01-30,https://www.lovart.ai/zh,24810,40097,1
2026-01-30,https://www.lovart.ai/zh-TW,220,1836,7
2026-01-30,https://www.lovart.ai/zh-TW/blog/the-infrastructure-war-of-2026-a-deep-dive-into-wavespeed.ai-vs-siliconflow,0,17,10
2026-01-30,https://www.lovart.ai/zh/blog/how-to-create-3d-characters-with-lovart-ai-design-agent,3,11,17
2026-01-30,https://www.lovart.ai/zh/blog/luma-dream-machine-review,0,11,6
2026-01-30,https://www.lovart.ai/zh/features,0,102,9
2026-01-30,https://www.lovart.ai/zh/news,0,13,8
2026-01-30,https://www.lovart.ai/zh/pricing,23,219,6
2026-01-30,https://www.lovart.ai/zh/tools,4,187,9
2026-01-30,https://www.lovart.ai/zh/tools/ai-anime-generator,0,49,4
2026-01-30,https://www.lovart.ai/zh/tools/nano-banana-free,1,23,10
2026-02-06,https://insight.lovart.ai/,24,30,2
2026-02-06,https://www.lovart.ai/,12357,29118,4
2026-02-06,https://www.lovart.ai/blog/Canva-AI-Image-Generator-Review,8,1226,4
2026-02-06,https://www.lovart.ai/blog/Freepik-AI-Image-Generator-review,0,30,6
2026-02-06,https://www.lovart.ai/blog/OpenArt-AI-Review,4,4409,4
2026-02-06,https://www.lovart.ai/blog/ai-character-design,1,69,5
2026-02-06,https://www.lovart.ai/blog/ai-design-tools-2025-lovart-ai-workflows,0,79,8
2026-02-06,https://www.lovart.ai/blog/ai-poster-prompts-tutorial,18,160,3
2026-02-06,https://www.lovart.ai/blog/aiease-review,0,37,6
2026-02-06,https://www.lovart.ai/blog/artlist-ai-review,1,430,4
2026-02-06,https://www.lovart.ai/blog/capcut-ai-review,0,42,7
2026-02-06,https://www.lovart.ai/blog/civit-ai-review,1,62,7
2026-02-06,https://www.lovart.ai/blog/clipfly-ai-review,0,11,8
2026-02-06,https://www.lovart.ai/blog/craiyon-ai-review,0,513,6
2026-02-06,https://www.lovart.ai/blog/deepai-review,0,3849,5
2026-02-06,https://www.lovart.ai/blog/dreamina-ai-review,0,481,8
2026-02-06,https://www.lovart.ai/blog/flora-ai-review,4,257,6
2026-02-06,https://www.lovart.ai/blog/fotor-ai-review,0,64,6
2026-02-06,https://www.lovart.ai/blog/getting-started-with-lovart-ai-a-step-by-step-onboarding-guide-for-beginners,1,95,8
2026-02-06,https://www.lovart.ai/blog/higgsfield-ai-review,0,70,7
2026-02-06,https://www.lovart.ai/blog/how-to-create-ai-effects-with-brand-kit,0,11,9
2026-02-06,https://www.lovart.ai/blog/imagefx-review,1,1715,8
2026-02-06,https://www.lovart.ai/blog/luma-dream-machine-review,4,1161,5
2026-02-06,https://www.lovart.ai/blog/medeo-ai-review,1,144,7
2026-02-06,https://www.lovart.ai/blog/media-io-review,0,64,8
2026-02-06,https://www.lovart.ai/blog/pixai-review,0,22,7
2026-02-06,https://www.lovart.ai/blog/pollo-ai-review,0,107,7
2026-02-06,https://www.lovart.ai/blog/seaart-review,1,724,6
2026-02-06,https://www.lovart.ai/blog/shutterstock-ai-review,0,35,5
2026-02-06,https://www.lovart.ai/blog/starry-ai-reivew,2,105,4
2026-02-06,https://www.lovart.ai/blog/vmaker-ai-review,0,94,6
2026-02-06,https://www.lovart.ai/canvas,41,869,7
2026-02-06,https://www.lovart.ai/de,7,51,6
2026-02-06,https://www.lovart.ai/de/blog/clipfly-ai-review,0,3,8
2026-02-06,https://www.lovart.ai/de/blog/media-io-review,0,1,6
2026-02-06,https://www.lovart.ai/de/pricing,2,2,1
2026-02-06,https://www.lovart.ai/features/nano-banana-presentation-slides,2,12,5
2026-02-06,https://www.lovart.ai/features/product-packaging-design,1,7,7
2026-02-06,https://www.lovart.ai/fr,224,1015,6
2026-02-06,https://www.lovart.ai/fr/blog/clipfly-ai-review,0,4,6
2026-02-06,https://www.lovart.ai/fr/features/ai-brochure-design-tool,0,12,6
2026-02-06,https://www.lovart.ai/fr/pricing,0,56,9
2026-02-06,https://www.lovart.ai/fr/tools/ai-image-upscaler,0,2,10
2026-02-06,https://www.lovart.ai/fr/tools/nano-banana-free,0,1,5
2026-02-06,https://www.lovart.ai/it,6,149,8
2026-02-06,https://www.lovart.ai/it/blog/how-to-create-tiktok-ads-with-brand-kit,0,1,7
2026-02-06,https://www.lovart.ai/it/features/nano-banana-marketing-visuals,0,1,5
2026-02-06,https://www.lovart.ai/it/features/restaurant-logo-design,0,1,8
2026-02-06,https://www.lovart.ai/it/tools/free-ai-illustration-generator,0,1,7
2026-02-06,https://www.lovart.ai/ja,194,435,3
2026-02-06,https://www.lovart.ai/ja/blog/adobe-illustrator-alternatives,5,121,6
2026-02-06,https://www.lovart.ai/ja/tools/veo3.1,0,1,5
2026-02-06,https://www.lovart.ai/pricing,7,421,8
2026-02-06,https://www.lovart.ai/pt,1175,2644,3
2026-02-06,https://www.lovart.ai/pt/blog/seaart-review,0,1,2
2026-02-06,https://www.lovart.ai/pt/features,1,131,9
2026-02-06,https://www.lovart.ai/pt/pricing,1,50,9
2026-02-06,https://www.lovart.ai/pt/tools,2,199,8
2026-02-06,https://www.lovart.ai/pt/tools/ai-background-remover,0,37,10
2026-02-06,https://www.lovart.ai/pt/tools/free-ai-illustration-generator,1,13,5
2026-02-06,https://www.lovart.ai/r/,21,2356,8
2026-02-06,https://www.lovart.ai/r/l7zjyvy,0,11,7
2026-02-06,https://www.lovart.ai/tools,2,438,8
2026-02-06,https://www.lovart.ai/tools/ai-art-generator,4,337,7
2026-02-06,https://www.lovart.ai/tools/ai-image-upscaler,2,24,8
2026-02-06,https://www.lovart.ai/tools/ai-lip-sync-generator,1,146,6
2026-02-06,https://www.lovart.ai/tools/ai-post-generator,1,11,7
2026-02-06,https://www.lovart.ai/tools/chat-to-image-ai-generator,4,81,5
2026-02-06,https://www.lovart.ai/tools/free-ai-illustration-generator,4,576,7
2026-02-06,https://www.lovart.ai/tools/free-ai-mockup-generator,1,164,8
2026-02-06,https://www.lovart.ai/tools/image-to-image,2,11,8
2026-02-06,https://www.lovart.ai/tools/nano-banana-free,1,36,7
2026-02-06,https://www.lovart.ai/tools/nanobanana2,30,116,8
2026-02-06,https://www.lovart.ai/tools/seedream-4.5,1,31,7
2026-02-06,https://www.lovart.ai/tools/text-to-image-generator,2,46,10
2026-02-06,https://www.lovart.ai/tools/veo3.1,1,55,8
2026-02-06,https://www.lovart.ai/tools/virtual-actor-creation,0,11,5
2026-02-06,https://www.lovart.ai/zh,23159,36491,1
2026-02-06,https://www.lovart.ai/zh-TW,170,1560,8
2026-02-06,https://www.lovart.ai/zh-TW/blog/deepai-review,0,12,4
2026-02-06,https://www.lovart.ai/zh-TW/blog/dreamina-ai-review,0,14,8
2026-02-06,https://www.lovart.ai/zh-TW/blog/how-to-create-voice-with-brand-kit,0,1,5
2026-02-06,https://www.lovart.ai/zh/blog/the-infrastructure-war-of-2026-a-deep-dive-into-wavespeed.ai-vs-siliconflow,0,16,10
2026-02-06,https://www.lovart.ai/zh/features,1,13,7
2026-02-06,https://www.lovart.ai/zh/pricing,29,234,5
2026-02-06,https://www.lovart.ai/zh/tools,2,75,8
2026-02-13,https://www.lovart.ai/,11343,23246,4
2026-02-13,https://www.lovart.ai/blog/Canva-AI-Image-Generator-Review,10,1944,4
2026-02-13,https://www.lovart.ai/blog/Freepik-AI-Image-Generator-review,0,11,7
2026-02-13,https://www.lovart.ai/blog/OpenArt-AI-Review,3,2855,5
2026-02-13,https://www.lovart.ai/blog/adobe-firefly-review,0,11,5
2026-02-13,https://www.lovart.ai/blog/ai-character-design,0,12,6
2026-02-13,https://www.lovart.ai/blog/ai-illustration-prompts,1,12,5
2026-02-13,https://www.lovart.ai/blog/ai-poster-prompts-tutorial,8,153,4
2026-02-13,https://www.lovart.ai/blog/aiease-review,0,11,7
2026-02-13,https://www.lovart.ai/blog/artlist-ai-review,2,634,3
2026-02-13,https://www.lovart.ai/blog/clipfly-ai-review,0,11,6
2026-02-13,https://www.lovart.ai/blog/craiyon-ai-review,0,175,6
2026-02-13,https://www.lovart.ai/blog/create-logos-with-lovart-ai-design-agent-guide,0,11,8
2026-02-13,https://www.lovart.ai/blog/deepai-review,6,4543,7
2026-02-13,https://www.lovart.ai/blog/dreamina-ai-review,2,763,9
2026-02-13,https://www.lovart.ai/blog/flora-ai-review,0,313,6
2026-02-13,https://www.lovart.ai/blog/fotor-ai-review,0,39,7
2026-02-13,https://www.lovart.ai/blog/getimg.ai-review,0,29,8
2026-02-13,https://www.lovart.ai/blog/higgsfield-ai-review,0,23,8
2026-02-13,https://www.lovart.ai/blog/how-to-create-linkedin-banner-with-brand-kit,0,20,5
2026-02-13,https://www.lovart.ai/blog/hunyuan-video-review,0,12,8
2026-02-13,https://www.lovart.ai/blog/imagefx-review,0,1961,8
2026-02-13,https://www.lovart.ai/blog/luma-dream-machine-review,8,3006,6
2026-02-13,https://www.lovart.ai/blog/medeo-ai-review,0,184,8
2026-02-13,https://www.lovart.ai/blog/media-io-review,0,41,8
2026-02-13,https://www.lovart.ai/blog/pollo-ai-review,0,177,8
2026-02-13,https://www.lovart.ai/blog/seaart-review,3,709,6
2026-02-13,https://www.lovart.ai/blog/starry-ai-reivew,0,57,6
2026-02-13,https://www.lovart.ai/blog/vmaker-ai-review,0,46,7
2026-02-13,https://www.lovart.ai/canvas,12,1119,8
2026-02-13,https://www.lovart.ai/de,0,78,8
2026-02-13,https://www.lovart.ai/de/features/ai-pinterest-pin-maker,0,27,24
2026-02-13,https://www.lovart.ai/de/features/ai-video-generator-text-to-video,1,19,5
2026-02-13,https://www.lovart.ai/de/features/nano-banana-concept-art-workflow,0,3,4
2026-02-13,https://www.lovart.ai/features/ai-affiliate-ads-generator,0,98,2
2026-02-13,https://www.lovart.ai/features/ai-carousel-generator,2,271,8
2026-02-13,https://www.lovart.ai/features/ai-google-ads-banner-generator,0,923,7
2026-02-13,https://www.lovart.ai/features/ai-instagram-feed-planner,4,171,11
2026-02-13,https://www.lovart.ai/features/ai-meta-ads-generator,0,12,6
2026-02-13,https://www.lovart.ai/features/ai-pinterest-pin-maker,2,190,17
2026-02-13,https://www.lovart.ai/features/ai-product-display-generator,0,1,8
2026-02-13,https://www.lovart.ai/features/ai-twitter-x-post-generator,0,12,6
2026-02-13,https://www.lovart.ai/features/ai-video-generator-text-to-video,37,1158,6
2026-02-13,https://www.lovart.ai/features/ai-video-prompt-generator-veo-sora,0,30,7
2026-02-13,https://www.lovart.ai/features/blog-post-to-instagram-ai-repurposing,0,44,2
2026-02-13,https://www.lovart.ai/features/classroom-poster-design,0,34,6
2026-02-13,https://www.lovart.ai/features/design-viral-youtube-thumbnails-ai,8,472,9
2026-02-13,https://www.lovart.ai/features/instagram-highlight-cover-design,1,49,8
2026-02-13,https://www.lovart.ai/features/linkedin-ads-generator,0,28,18
2026-02-13,https://www.lovart.ai/features/linkedin-banner-design-ai-generator,0,30,8
2026-02-13,https://www.lovart.ai/features/linkedin-banner-design-ai-generator-by-lovart,1,106,9
2026-02-13,https://www.lovart.ai/features/product-catalog-design,0,30,8
2026-02-13,https://www.lovart.ai/fr,183,1194,6
2026-02-13,https://www.lovart.ai/fr/blog/meta-imagine-ai-review,0,1,5
2026-02-13,https://www.lovart.ai/fr/features,0,11,8
2026-02-13,https://www.lovart.ai/fr/features/ai-illustration-generator-vector-nano-banana,0,1,3
2026-02-13,https://www.lovart.ai/fr/features/ai-video-generator-text-to-video,3,42,6
2026-02-13,https://www.lovart.ai/fr/tools,0,13,10
2026-02-13,https://www.lovart.ai/inspiration,0,42,10
2026-02-13,https://www.lovart.ai/it,5,152,8
2026-02-13,https://www.lovart.ai/it/features/ai-meta-ads-generator,0,2,4
2026-02-13,https://www.lovart.ai/it/features/ai-video-generator-text-to-video,0,6,8
2026-02-13,https://www.lovart.ai/it/tools/ai-image-upscaler,1,25,8
2026-02-13,https://www.lovart.ai/it/tools/free-ai-illustration-generator,0,5,7
2026-02-13,https://www.lovart.ai/ja,224,476,3
2026-02-13,https://www.lovart.ai/ja/blog/adobe-illustrator-alternatives,6,72,7
2026-02-13,https://www.lovart.ai/ja/features/catering-menu-design,0,1,8
2026-02-13,https://www.lovart.ai/ja/tools/ai-image-upscaler,0,4,6
2026-02-13,https://www.lovart.ai/pricing,19,315,8
2026-02-13,https://www.lovart.ai/pt,1069,3056,4
2026-02-13,https://www.lovart.ai/pt/features/ai-carousel-generator,2,90,6
2026-02-13,https://www.lovart.ai/pt/features/ai-video-generator-text-to-video,0,12,7
2026-02-13,https://www.lovart.ai/pt/features/instagram-story-maker,0,5,9
2026-02-13,https://www.lovart.ai/pt/tools/ai-background-remover,0,91,7
2026-02-13,https://www.lovart.ai/r/,26,3305,8
2026-02-13,https://www.lovart.ai/ru,4,27,9
2026-02-13,https://www.lovart.ai/ru/features/text-to-video-ai-generator-veo3,0,13,8
2026-02-13,https://www.lovart.ai/sitemap-allist.xml/features/instagram-highlight-cover-design,0,13,29
2026-02-13,https://www.lovart.ai/tools,0,367,9
2026-02-13,https://www.lovart.ai/tools/ai-art-generator,5,365,7
2026-02-13,https://www.lovart.ai/tools/ai-background-generator,0,29,6
2026-02-13,https://www.lovart.ai/tools/ai-image-upscaler,1,38,9
2026-02-13,https://www.lovart.ai/tools/ai-lip-sync-generator,0,63,7
2026-02-13,https://www.lovart.ai/tools/chat-to-image-ai-generator,1,81,5
2026-02-13,https://www.lovart.ai/tools/free-ai-illustration-generator,3,315,7
2026-02-13,https://www.lovart.ai/tools/free-ai-mockup-generator,0,45,8
2026-02-13,https://www.lovart.ai/tools/nano-banana-free,0,32,11
2026-02-13,https://www.lovart.ai/tools/nanobanana2,16,77,4
2026-02-13,https://www.lovart.ai/tools/text-to-image-generator,2,36,9
2026-02-13,https://www.lovart.ai/tools/veo3.1,0,11,9
2026-02-13,https://www.lovart.ai/zh,17364,27769,1
2026-02-13,https://www.lovart.ai/zh-TW,185,1660,8
2026-02-13,https://www.lovart.ai/zh-TW/blog/deepai-review,0,74,5
2026-02-13,https://www.lovart.ai/zh-TW/blog/dreamina-ai-review,0,111,7
2026-02-13,https://www.lovart.ai/zh-TW/features/ai-video-generator-text-to-video,0,11,6
2026-02-13,https://www.lovart.ai/zh/blog/getting-started-with-lovart-ai-a-step-by-step-onboarding-guide-for-beginners,0,11,17
2026-02-13,https://www.lovart.ai/zh/features,0,19,10
2026-02-13,https://www.lovart.ai/zh/pricing,18,342,9
2026-02-13,https://www.lovart.ai/zh/tools,0,18,13
2026-02-13,https://www.lovart.ai/zh/tools/seedream-4.5,5,28,5
2026-02-20,https://www.lovart.ai/,9070,17632,3
2026-02-20,https://www.lovart.ai/blog/Canva-AI-Image-Generator-Review,12,1611,4
2026-02-20,https://www.lovart.ai/blog/OpenArt-AI-Review,1,1665,7
2026-02-20,https://www.lovart.ai/blog/adobe-firefly-review,0,11,4
2026-02-20,https://www.lovart.ai/blog/ai-character-design,0,4,6
2026-02-20,https://www.lovart.ai/blog/ai-illustration-mistakes,0,2,2
2026-02-20,https://www.lovart.ai/blog/ai-poster-prompts-tutorial,3,138,4
2026-02-20,https://www.lovart.ai/blog/aiease-review,0,42,7
2026-02-20,https://www.lovart.ai/blog/artlist-ai-review,1,271,4
2026-02-20,https://www.lovart.ai/blog/craiyon-ai-review,0,71,6
2026-02-20,https://www.lovart.ai/blog/create-logos-with-lovart-ai-design-agent-guide,0,14,9
2026-02-20,https://www.lovart.ai/blog/deepai-review,0,2950,7
2026-02-20,https://www.lovart.ai/blog/dreamina-ai-review,0,280,9
2026-02-20,https://www.lovart.ai/blog/flora-ai-review,0,230,7
2026-02-20,https://www.lovart.ai/blog/getimg.ai-review,0,12,7
2026-02-20,https://www.lovart.ai/blog/hunyuan-video-review,0,28,7
2026-02-20,https://www.lovart.ai/blog/imagefx-review,0,786,8
2026-02-20,https://www.lovart.ai/blog/luma-dream-machine-review,0,1150,5
2026-02-20,https://www.lovart.ai/blog/medeo-ai-review,0,9,8
2026-02-20,https://www.lovart.ai/blog/pollo-ai-review,0,113,8
2026-02-20,https://www.lovart.ai/blog/seaart-review,4,1008,5
2026-02-20,https://www.lovart.ai/blog/starry-ai-reivew,0,23,7
2026-02-20,https://www.lovart.ai/blog/vmaker-ai-review,0,12,7
2026-02-20,https://www.lovart.ai/canvas,21,756,7
2026-02-20,https://www.lovart.ai/de,0,26,7
2026-02-20,https://www.lovart.ai/de/blog/pollo-ai-review,0,1,2
2026-02-20,https://www.lovart.ai/de/features/ai-carousel-generator,0,13,17
2026-02-20,https://www.lovart.ai/de/features/ai-video-generator,0,4,4
2026-02-20,https://www.lovart.ai/de/features/virtual-actor-creation,0,2,1
2026-02-20,https://www.lovart.ai/de/tools/free-ai-mockup-generator,0,2,6
2026-02-20,https://www.lovart.ai/features/ai-carousel-generator,1,244,8
2026-02-20,https://www.lovart.ai/features/ai-instagram-feed-planner,4,242,10
2026-02-20,https://www.lovart.ai/features/ai-mockup-generator,13,332,7
2026-02-20,https://www.lovart.ai/features/ai-pinterest-pin-maker,2,139,13
2026-02-20,https://www.lovart.ai/features/ai-video-generator,12,361,8
2026-02-20,https://www.lovart.ai/features/ai-video-generator-text-to-video,16,476,6
2026-02-20,https://www.lovart.ai/features/design-viral-youtube-thumbnails-ai,3,94,9
2026-02-20,https://www.lovart.ai/features/linkedin-banner-design-ai-generator-by-lovart,0,28,7
2026-02-20,https://www.lovart.ai/features/nano-banana-ai-model,0,14,19
2026-02-20,https://www.lovart.ai/fr,129,999,6
2026-02-20,https://www.lovart.ai/fr/features/ai-design-agent,0,11,9
2026-02-20,https://www.lovart.ai/fr/features/ai-video-generator-text-to-video,2,12,6
2026-02-20,https://www.lovart.ai/fr/tools/ai-art-generator,3,4,1
2026-02-20,https://www.lovart.ai/fr/tools/free-ai-mockup-generator,0,18,7
2026-02-20,https://www.lovart.ai/inspiration,0,17,9
2026-02-20,https://www.lovart.ai/it,2,126,8
2026-02-20,https://www.lovart.ai/it/features/birthday-invitation-design,0,1,6
2026-02-20,https://www.lovart.ai/it/tools/ai-image-upscaler,0,14,8
2026-02-20,https://www.lovart.ai/it/tools/free-ai-mockup-generator,1,4,6
2026-02-20,https://www.lovart.ai/ja,158,387,3
2026-02-20,https://www.lovart.ai/ja/blog/adobe-illustrator-alternatives,2,51,7
2026-02-20,https://www.lovart.ai/ja/blog/ai-illustrations-social-media,0,1,6
2026-02-20,https://www.lovart.ai/ja/blog/ai-poster-prompts-tutorial,0,1,4
2026-02-20,https://www.lovart.ai/pricing,11,604,8
2026-02-20,https://www.lovart.ai/pt,805,2462,5
2026-02-20,https://www.lovart.ai/pt/blog/seaart-review,0,15,3
2026-02-20,https://www.lovart.ai/pt/features/ai-carousel-generator,1,49,6
2026-02-20,https://www.lovart.ai/pt/features/certificate-design,0,2,6
2026-02-20,https://www.lovart.ai/pt/tools,0,12,10
2026-02-20,https://www.lovart.ai/pt/tools/ai-background-remover,0,79,7
2026-02-20,https://www.lovart.ai/r/,31,3978,8
2026-02-20,https://www.lovart.ai/r/l7zjyvy,0,2,5
2026-02-20,https://www.lovart.ai/tools,2,1038,9
2026-02-20,https://www.lovart.ai/tools/ai-art-generator,4,219,7
2026-02-20,https://www.lovart.ai/tools/ai-image-upscaler,1,32,8
2026-02-20,https://www.lovart.ai/tools/ai-lip-sync-generator,1,25,7
2026-02-20,https://www.lovart.ai/tools/chat-to-image-ai-generator,5,119,5
2026-02-20,https://www.lovart.ai/tools/free-ai-illustration-generator,1,188,8
2026-02-20,https://www.lovart.ai/tools/hailuo-2.3-ai-video-generator,1,13,7
2026-02-20,https://www.lovart.ai/tools/nanobanana2,5,22,10
2026-02-20,https://www.lovart.ai/tools/seedream-4.5,1,23,8
2026-02-20,https://www.lovart.ai/tools/text-to-image-generator,2,12,19
2026-02-20,https://www.lovart.ai/zh,6598,10568,2
2026-02-20,https://www.lovart.ai/zh-TW,135,3128,9
2026-02-20,https://www.lovart.ai/zh-TW/features/ai-video-generator,0,45,8
2026-02-20,https://www.lovart.ai/zh/features,1,70,9
2026-02-20,https://www.lovart.ai/zh/pricing,6,36,6
2026-02-20,https://www.lovart.ai/zh/tools,1,79,9
2026-02-20,https://www.lovart.ai/zh/tools/seedream-4.5,2,12,5
2026-02-27,https://www.lovart.ai/,11121,25904,4
2026-02-27,https://www.lovart.ai/blog/Canva-AI-Image-Generator-Review,5,1752,4
2026-02-27,https://www.lovart.ai/blog/OpenArt-AI-Review,1,1651,6
2026-02-27,https://www.lovart.ai/blog/ai-poster-prompts-tutorial,5,112,4
2026-02-27,https://www.lovart.ai/blog/aiease-review,0,34,7
2026-02-27,https://www.lovart.ai/blog/artlist-ai-review,3,470,3
2026-02-27,https://www.lovart.ai/blog/civit-ai-review,0,20,6
2026-02-27,https://www.lovart.ai/blog/craiyon-ai-review,0,126,7
2026-02-27,https://www.lovart.ai/blog/create-logos-with-lovart-ai-design-agent-guide,0,84,9
2026-02-27,https://www.lovart.ai/blog/deepai-review,0,1766,7
2026-02-27,https://www.lovart.ai/blog/dreamina-ai-review,0,78,9
2026-02-27,https://www.lovart.ai/blog/flora-ai-review,0,157,8
2026-02-27,https://www.lovart.ai/blog/imagefx-review,4,2358,8
2026-02-27,https://www.lovart.ai/blog/luma-dream-machine-review,4,1300,5
2026-02-27,https://www.lovart.ai/blog/medeo-ai-review,0,38,8
2026-02-27,https://www.lovart.ai/blog/pollo-ai-review,0,13,7
2026-02-27,https://www.lovart.ai/blog/seaart-review,5,890,5
2026-02-27,https://www.lovart.ai/blog/vmaker-ai-review,0,12,7
2026-02-27,https://www.lovart.ai/blog/youtube-banner-design,0,18,8
2026-02-27,https://www.lovart.ai/blog/youtube-thumbnail-maker,0,51,8
2026-02-27,https://www.lovart.ai/canvas,28,321,8
2026-02-27,https://www.lovart.ai/de,0,23,7
2026-02-27,https://www.lovart.ai/de/features/ai-bakery-menu-maker,0,14,9
2026-02-27,https://www.lovart.ai/de/features/ai-product-image-generator,0,24,8
2026-02-27,https://www.lovart.ai/de/features/ai-short-video-generator,2,9,5
2026-02-27,https://www.lovart.ai/de/features/ai-video-generator-no-templates,2,6,5
2026-02-27,https://www.lovart.ai/features/ai-ad-thumbnail-generator,0,21,8
2026-02-27,https://www.lovart.ai/features/ai-brochure-design-tool,1,12,4
2026-02-27,https://www.lovart.ai/features/ai-coupon-ad-generator,0,14,4
2026-02-27,https://www.lovart.ai/features/ai-facebook-poster-generator,0,22,25
2026-02-27,https://www.lovart.ai/features/ai-image-generator-text-to-image,3,51,12
2026-02-27,https://www.lovart.ai/features/ai-instagram-post-generator,2,105,10
2026-02-27,https://www.lovart.ai/features/ai-instagram-story-layout-generator,4,68,27
2026-02-27,https://www.lovart.ai/features/ai-logo-maker-brand-agent,0,30,9
2026-02-27,https://www.lovart.ai/features/ai-mockup-generator,2,165,8
2026-02-27,https://www.lovart.ai/features/ai-short-video-generator,6,211,6
2026-02-27,https://www.lovart.ai/features/ai-social-media-content-generator,3,87,10
2026-02-27,https://www.lovart.ai/features/ai-social-media-post-maker,1,33,7
2026-02-27,https://www.lovart.ai/features/ai-subscribe-ad-generator,0,34,9
2026-02-27,https://www.lovart.ai/features/ai-tiktok-thumbnail-maker,0,15,9
2026-02-27,https://www.lovart.ai/features/ai-twitch-overlay-generator,5,125,6
2026-02-27,https://www.lovart.ai/features/ai-twitter-header-creator,0,25,8
2026-02-27,https://www.lovart.ai/features/ai-video-generator,2,37,6
2026-02-27,https://www.lovart.ai/features/ai-video-generator-no-templates,9,164,7
2026-02-27,https://www.lovart.ai/features/ai-video-generator-tools,0,22,8
2026-02-27,https://www.lovart.ai/features/ai-video-generator-workflow,3,120,8
2026-02-27,https://www.lovart.ai/features/ai-youtube-banner-maker,2,119,10
2026-02-27,https://www.lovart.ai/features/ai-youtube-thumbnail-generator,2,61,8
2026-02-27,https://www.lovart.ai/features/best-ai-image-generator-2026,2,24,12
2026-02-27,https://www.lovart.ai/features/change-video-background,1,314,8
2026-02-27,https://www.lovart.ai/features/classroom-poster-design,0,14,6
2026-02-27,https://www.lovart.ai/features/food-recipe-card-design,0,18,9
2026-02-27,https://www.lovart.ai/features/instagram-story-layout-ideas-generator,8,176,18
2026-02-27,https://www.lovart.ai/features/nano-banana-presentation-slides,1,13,5
2026-02-27,https://www.lovart.ai/features/product-catalog-design,1,13,5
2026-02-27,https://www.lovart.ai/features/remove-video-background,0,545,8
2026-02-27,https://www.lovart.ai/features/seedance-2-0-ai-video-generator,4,120,10
2026-02-27,https://www.lovart.ai/features/text-to-video-ai,0,53,6
2026-02-27,https://www.lovart.ai/features/video-background-remover,13,5619,8
2026-02-27,https://www.lovart.ai/fr,123,900,6
2026-02-27,https://www.lovart.ai/fr/features/ai-image-generator-text-to-image,1,3,34
2026-02-27,https://www.lovart.ai/fr/features/ai-short-video-generator,4,12,12
2026-02-27,https://www.lovart.ai/fr/features/ai-video-generator-no-templates,0,14,9
2026-02-27,https://www.lovart.ai/fr/pricing,0,16,9
2026-02-27,https://www.lovart.ai/inspiration,1,107,9
2026-02-27,https://www.lovart.ai/it,5,115,8
2026-02-27,https://www.lovart.ai/it/features/ai-short-video-generator,1,5,5
2026-02-27,https://www.lovart.ai/it/tools/ai-image-upscaler,0,14,8
2026-02-27,https://www.lovart.ai/ja,113,450,5
2026-02-27,https://www.lovart.ai/ko,3,11,6
2026-02-27,https://www.lovart.ai/pricing,13,502,7
2026-02-27,https://www.lovart.ai/pt,758,2436,5
2026-02-27,https://www.lovart.ai/pt/features/ai-image-generator-text-to-image,0,300,7
2026-02-27,https://www.lovart.ai/pt/features/ai-instagram-story-layout-generator,1,13,11
2026-02-27,https://www.lovart.ai/pt/features/ai-picture-generator,0,4463,8
2026-02-27,https://www.lovart.ai/pt/features/ai-short-video-generator,4,47,4
2026-02-27,https://www.lovart.ai/pt/features/video-background-changer,2,6,3
2026-02-27,https://www.lovart.ai/pt/features/video-background-remover,1,207,6
2026-02-27,https://www.lovart.ai/pt/tools,0,26,9
2026-02-27,https://www.lovart.ai/pt/tools/ai-background-remover,0,96,7
2026-02-27,https://www.lovart.ai/r/,24,3953,8
2026-02-27,https://www.lovart.ai/ru,1,12,7
2026-02-27,https://www.lovart.ai/tools,0,965,9
2026-02-27,https://www.lovart.ai/tools/ai-art-generator,0,209,7
2026-02-27,https://www.lovart.ai/tools/ai-lip-sync-generator,6,63,6
2026-02-27,https://www.lovart.ai/tools/chat-to-image-ai-generator,6,124,4
2026-02-27,https://www.lovart.ai/tools/free-ai-illustration-generator,1,226,8
2026-02-27,https://www.lovart.ai/tools/free-ai-mockup-generator,0,16,7
2026-02-27,https://www.lovart.ai/tools/hailuo-2.3-ai-video-generator,0,19,6
2026-02-27,https://www.lovart.ai/tools/seedream-4.5,2,8,6
2026-02-27,https://www.lovart.ai/tools/text-to-image-generator,1,14,7
2026-02-27,https://www.lovart.ai/zh,19308,30628,1
2026-02-27,https://www.lovart.ai/zh-TW,296,7922,9
2026-02-27,https://www.lovart.ai/zh-TW/blog/deepai-review,0,22,9
2026-02-27,https://www.lovart.ai/zh-TW/blog/seaart-review,0,12,7
2026-02-27,https://www.lovart.ai/zh-TW/features/ai-video-generator-no-templates,0,81,9
2026-02-27,https://www.lovart.ai/zh/features,3,169,9
2026-02-27,https://www.lovart.ai/zh/features/seedance-2-0-ai-video-generator,19,245,10
2026-02-27,https://www.lovart.ai/zh/pricing,19,196,7
2026-02-27,https://www.lovart.ai/zh/tools,3,50,8
2026-03-06,https://www.lovart.ai/,13186,37459,5
2026-03-06,https://www.lovart.ai/blog/Canva-AI-Image-Generator-Review,14,1683,3
2026-03-06,https://www.lovart.ai/blog/OpenArt-AI-Review,0,1111,6
2026-03-06,https://www.lovart.ai/blog/ai-poster-prompts-tutorial,6,73,3
2026-03-06,https://www.lovart.ai/blog/artlist-ai-review,2,555,3
2026-03-06,https://www.lovart.ai/blog/civit-ai-review,0,71,7
2026-03-06,https://www.lovart.ai/blog/craiyon-ai-review,1,142,6
2026-03-06,https://www.lovart.ai/blog/create-logos-with-lovart-ai-design-agent-guide,1,24,7
2026-03-06,https://www.lovart.ai/blog/deepai-review,0,380,8
2026-03-06,https://www.lovart.ai/blog/dreamina-ai-review,0,16,10
2026-03-06,https://www.lovart.ai/blog/flora-ai-review,0,222,7
2026-03-06,https://www.lovart.ai/blog/getting-started-with-lovart-ai-a-step-by-step-onboarding-guide-for-beginners,3,126,9
2026-03-06,https://www.lovart.ai/blog/imagefx-review,5,2313,7
2026-03-06,https://www.lovart.ai/blog/lovart-nano-banana-2-ai-design-agent,1,2,4
2026-03-06,https://www.lovart.ai/blog/luma-dream-machine-review,4,1316,5
2026-03-06,https://www.lovart.ai/blog/medeo-ai-review,0,18,8
2026-03-06,https://www.lovart.ai/blog/pollo-ai-review,0,63,8
2026-03-06,https://www.lovart.ai/blog/seaart-review,3,531,6
2026-03-06,https://www.lovart.ai/blog/shutterstock-ai-review,0,26,4
2026-03-06,https://www.lovart.ai/blog/youtube-thumbnail-maker,1,164,9
2026-03-06,https://www.lovart.ai/canvas,55,248,6
2026-03-06,https://www.lovart.ai/de/features/ai-product-image-generator,1,5,17
2026-03-06,https://www.lovart.ai/de/features/ai-video-generator-tools,0,33,6
2026-03-06,https://www.lovart.ai/de/features/rapid-poster-ai-creation,0,189,7
2026-03-06,https://www.lovart.ai/features/ai-ad-thumbnail-generator,9,198,10
2026-03-06,https://www.lovart.ai/features/ai-brochure-design-tool,1,23,5
2026-03-06,https://www.lovart.ai/features/ai-instagram-post-generator,13,269,13
2026-03-06,https://www.lovart.ai/features/ai-instagram-story-layout-generator,2,142,24
2026-03-06,https://www.lovart.ai/features/ai-logo-maker-brand-agent,18,651,7
2026-03-06,https://www.lovart.ai/features/ai-short-video-generator,80,6501,8
2026-03-06,https://www.lovart.ai/features/ai-social-media-content-generator,3,82,9
2026-03-06,https://www.lovart.ai/features/ai-subscribe-ad-generator,0,87,8
2026-03-06,https://www.lovart.ai/features/ai-text-to-image-generator,0,44,6
2026-03-06,https://www.lovart.ai/features/ai-tiktok-thumbnail-maker,6,155,21
2026-03-06,https://www.lovart.ai/features/ai-twitch-overlay-generator,6,257,9
2026-03-06,https://www.lovart.ai/features/ai-twitter-header-creator,0,24,8
2026-03-06,https://www.lovart.ai/features/ai-video-background-remover,10,1436,7
2026-03-06,https://www.lovart.ai/features/ai-video-generator-no-templates,17,497,8
2026-03-06,https://www.lovart.ai/features/ai-video-generator-tools,6,76,13
2026-03-06,https://www.lovart.ai/features/ai-video-generator-workflow,14,1018,8
2026-03-06,https://www.lovart.ai/features/ai-youtube-banner-maker,8,268,12
2026-03-06,https://www.lovart.ai/features/ai-youtube-thumbnail-generator,1,16,10
2026-03-06,https://www.lovart.ai/features/change-video-background,7,586,6
2026-03-06,https://www.lovart.ai/features/instagram-highlight-cover-design,1,29,13
2026-03-06,https://www.lovart.ai/features/instagram-story-layout-ideas-generator,6,605,17
2026-03-06,https://www.lovart.ai/features/nano-banana-presentation-slides,2,39,6
2026-03-06,https://www.lovart.ai/features/price-list-design,1,12,4
2026-03-06,https://www.lovart.ai/features/quick-poster-generation-by-lovart,0,17,8
2026-03-06,https://www.lovart.ai/features/remove-video-background,0,658,6
2026-03-06,https://www.lovart.ai/features/seedance-2-0-ai-video-generator,6,90,11
2026-03-06,https://www.lovart.ai/features/text-to-video-ai,1,15,4
2026-03-06,https://www.lovart.ai/features/video-background-remover,74,80010,8
2026-03-06,https://www.lovart.ai/fr,26,184,6
2026-03-06,https://www.lovart.ai/fr/features,0,29,8
2026-03-06,https://www.lovart.ai/fr/features/ai-short-video-generator,23,592,6
2026-03-06,https://www.lovart.ai/fr/features/ai-video-background-remover,2,51,9
2026-03-06,https://www.lovart.ai/fr/features/ai-video-generator-no-templates,5,1328,9
2026-03-06,https://www.lovart.ai/fr/features/ai-video-generator-tools,3,581,9
2026-03-06,https://www.lovart.ai/inspiration,0,160,10
2026-03-06,https://www.lovart.ai/it,0,26,7
2026-03-06,https://www.lovart.ai/ja,155,471,3
2026-03-06,https://www.lovart.ai/ja/blog/adobe-illustrator-alternatives,1,78,8
2026-03-06,https://www.lovart.ai/ja/blog/logo-design-mistakes,1,1,3
2026-03-06,https://www.lovart.ai/pricing,15,704,8
2026-03-06,https://www.lovart.ai/pt,398,899,3
2026-03-06,https://www.lovart.ai/pt/features/ai-picture-generator,0,60,9
2026-03-06,https://www.lovart.ai/pt/features/ai-short-video-generator,8,328,5
2026-03-06,https://www.lovart.ai/pt/features/ai-video-background-remover,0,133,10
2026-03-06,https://www.lovart.ai/pt/features/video-background-changer,2,14,4
2026-03-06,https://www.lovart.ai/pt/features/video-background-remover,5,994,8
2026-03-06,https://www.lovart.ai/pt/tools,0,274,9
2026-03-06,https://www.lovart.ai/pt/tools/ai-background-remover,0,23,6
2026-03-06,https://www.lovart.ai/pt/tools/ai-lip-sync-generator,0,24,7
2026-03-06,https://www.lovart.ai/r/,38,4271,8
2026-03-06,https://www.lovart.ai/r/f2qi0ri,0,30,10
2026-03-06,https://www.lovart.ai/tools,7,877,8
2026-03-06,https://www.lovart.ai/tools/ai-art-generator,0,194,7
2026-03-06,https://www.lovart.ai/tools/ai-lip-sync-generator,0,46,6
2026-03-06,https://www.lovart.ai/tools/ai-pinterest-pin-maker-by-lovart,4,123,17
2026-03-06,https://www.lovart.ai/tools/chat-to-image-ai-generator,1,31,5
2026-03-06,https://www.lovart.ai/tools/free-ai-illustration-generator,7,183,9
2026-03-06,https://www.lovart.ai/tools/nano-banana-2-ai-image-generator,3,39,15
2026-03-06,https://www.lovart.ai/tools/nano-banana-free,10,99,22
2026-03-06,https://www.lovart.ai/tools/nanobanana2,2,42,6
2026-03-06,https://www.lovart.ai/tools/seedance-2-ai-video-generator,7,66,13
2026-03-06,https://www.lovart.ai/tools/seedream-4.5,1,11,8
2026-03-06,https://www.lovart.ai/tools/text-to-image-generator,4,84,6
2026-03-06,https://www.lovart.ai/zh,37337,58111,1
2026-03-06,https://www.lovart.ai/zh-TW,336,7829,8
2026-03-06,https://www.lovart.ai/zh-TW/features/ai-video-background-remover,1,12,6
2026-03-06,https://www.lovart.ai/zh-TW/features/ai-video-generator-no-templates,0,37,8
2026-03-06,https://www.lovart.ai/zh-TW/tools/seedance-2-ai-video-generator,2,19,8
2026-03-06,https://www.lovart.ai/zh/blog/nano-banana-2-lovart-commercial-workflow,0,19,21
2026-03-06,https://www.lovart.ai/zh/features,14,807,9
2026-03-06,https://www.lovart.ai/zh/features/ai-video-generator-tools,4,177,9
2026-03-06,https://www.lovart.ai/zh/features/lovart-global-rise-chinese-ai,26,686,8
2026-03-06,https://www.lovart.ai/zh/inspiration,0,66,9
2026-03-06,https://www.lovart.ai/zh/pricing,47,510,7
2026-03-06,https://www.lovart.ai/zh/tools,7,457,8
2026-03-06,https://www.lovart.ai/zh/tools/nano-banana-2-ai-image-generator,10,75,13
2026-03-13,https://insight.lovart.ai/ja/news,0,13,8
2026-03-13,https://www.lovart.ai/,13350,40927,5
2026-03-13,https://www.lovart.ai/blog/Canva-AI-Image-Generator-Review,30,2277,3
2026-03-13,https://www.lovart.ai/blog/Freepik-AI-Image-Generator-review,0,14,6
2026-03-13,https://www.lovart.ai/blog/OpenArt-AI-Review,1,755,7
2026-03-13,https://www.lovart.ai/blog/a-step-by-step-guide-to-create-a-mockup-without-photoshop,1,11,5
2026-03-13,https://www.lovart.ai/blog/adobe-firefly-review,0,28,5
2026-03-13,https://www.lovart.ai/blog/ai-poster-prompts-tutorial,5,81,4
2026-03-13,https://www.lovart.ai/blog/an-ultimated-guideline-to-make-a-linkedIn-banner,0,25,6
2026-03-13,https://www.lovart.ai/blog/artlist-ai-review,5,829,3
2026-03-13,https://www.lovart.ai/blog/capcut-ai-review,0,13,6
2026-03-13,https://www.lovart.ai/blog/civit-ai-review,0,47,8
2026-03-13,https://www.lovart.ai/blog/clipfly-ai-review,0,31,7
2026-03-13,https://www.lovart.ai/blog/craiyon-ai-review,1,180,6
2026-03-13,https://www.lovart.ai/blog/create-logos-with-lovart-ai-design-agent-guide,0,13,8
2026-03-13,https://www.lovart.ai/blog/deepai-review,0,26,8
2026-03-13,https://www.lovart.ai/blog/flora-ai-review,0,172,8
2026-03-13,https://www.lovart.ai/blog/getting-started-with-lovart-ai-a-step-by-step-onboarding-guide-for-beginners,2,190,9
2026-03-13,https://www.lovart.ai/blog/global-rise-lovart-chinese-ai-design-agent,5,82,8
2026-03-13,https://www.lovart.ai/blog/imagefx-review,1,1041,7
2026-03-13,https://www.lovart.ai/blog/luma-dream-machine-review,2,1527,6
2026-03-13,https://www.lovart.ai/blog/medeo-ai-review,0,75,8
2026-03-13,https://www.lovart.ai/blog/pollo-ai-review,0,12,7
2026-03-13,https://www.lovart.ai/blog/raster-PNG-vs-vector-svg-when-to-use-which,0,131,6
2026-03-13,https://www.lovart.ai/blog/seaart-review,1,326,6
2026-03-13,https://www.lovart.ai/blog/shutterstock-ai-review,0,14,4
2026-03-13,https://www.lovart.ai/blog/the-shocked-face-why-It-works-and-how-to-generate-it-without-acting,0,151,6
2026-03-13,https://www.lovart.ai/blog/vmaker-ai-review,0,11,7
2026-03-13,https://www.lovart.ai/canvas,36,224,7
2026-03-13,https://www.lovart.ai/de/features/rapid-poster-ai-creation,0,92,6
2026-03-13,https://www.lovart.ai/features/ai-ad-thumbnail-generator,2,50,10
2026-03-13,https://www.lovart.ai/features/ai-instagram-post-generator,2,53,17
2026-03-13,https://www.lovart.ai/features/ai-logo-maker-brand-agent,2,184,8
2026-03-13,https://www.lovart.ai/features/ai-presentation-slides-generator,11,73,6
2026-03-13,https://www.lovart.ai/features/ai-product-catalog-maker,2,13,5
2026-03-13,https://www.lovart.ai/features/ai-short-video-generator,26,1971,7
2026-03-13,https://www.lovart.ai/features/ai-tiktok-thumbnail-maker,2,39,25
2026-03-13,https://www.lovart.ai/features/ai-video-background-remover,7,946,9
2026-03-13,https://www.lovart.ai/features/ai-video-generator-no-templates,3,55,8
2026-03-13,https://www.lovart.ai/features/ai-video-generator-workflow,0,16,9
2026-03-13,https://www.lovart.ai/features/ai-youtube-banner-maker,0,33,9
2026-03-13,https://www.lovart.ai/features/change-video-background,1,256,7
2026-03-13,https://www.lovart.ai/features/event-program-design,2,18,5
2026-03-13,https://www.lovart.ai/features/food-recipe-card-design,1,17,5
2026-03-13,https://www.lovart.ai/features/instagram-story-layout-ideas-generator,1,29,15
2026-03-13,https://www.lovart.ai/features/linkedin-spotlight-ads-generator,4,38,13
2026-03-13,https://www.lovart.ai/features/nano-banana-presentation-slides,1,47,6
2026-03-13,https://www.lovart.ai/features/rapid-poster-ai-creation,3,64,8
2026-03-13,https://www.lovart.ai/features/remove-video-background,0,121,7
2026-03-13,https://www.lovart.ai/features/shopify-banner-design,0,11,6
2026-03-13,https://www.lovart.ai/features/video-background-remover,21,15654,8
2026-03-13,https://www.lovart.ai/fr/features/ai-design-agent,2,123,8
2026-03-13,https://www.lovart.ai/fr/features/ai-presentation-slides-generator,2,50,7
2026-03-13,https://www.lovart.ai/fr/features/ai-short-video-generator,1,110,6
2026-03-13,https://www.lovart.ai/fr/features/ai-video-background-remover,2,91,8
2026-03-13,https://www.lovart.ai/fr/features/ai-video-generator-no-templates,2,3308,9
2026-03-13,https://www.lovart.ai/inspiration,0,126,9
2026-03-13,https://www.lovart.ai/ja,56,418,3
2026-03-13,https://www.lovart.ai/ja/blog/adobe-illustrator-alternatives,0,34,8
2026-03-13,https://www.lovart.ai/ja/features/diploma-design,1,44,7
2026-03-13,https://www.lovart.ai/ko/tools/seedream-5-ai-image-generator,0,11,9
2026-03-13,https://www.lovart.ai/pricing,24,792,8
2026-03-13,https://www.lovart.ai/pt,112,454,2
2026-03-13,https://www.lovart.ai/pt/features/ai-video-background-remover,0,55,10
2026-03-13,https://www.lovart.ai/pt/features/video-background-changer,0,12,5
2026-03-13,https://www.lovart.ai/pt/tools,0,13,7
2026-03-13,https://www.lovart.ai/pt/tools/ai-background-remover,0,27,7
2026-03-13,https://www.lovart.ai/pt/tools/ai-lip-sync-generator,0,19,7
2026-03-13,https://www.lovart.ai/r/,28,4283,8
2026-03-13,https://www.lovart.ai/ru/features/linkedin-spotlight-ads-generator,0,12,23
2026-03-13,https://www.lovart.ai/tools,13,1032,9
2026-03-13,https://www.lovart.ai/tools/ai-art-generator,1,87,7
2026-03-13,https://www.lovart.ai/tools/ai-lip-sync-generator,1,80,8
2026-03-13,https://www.lovart.ai/tools/ai-pinterest-pin-maker-by-lovart,10,325,18
2026-03-13,https://www.lovart.ai/tools/chat-to-image-ai-generator,0,27,5
2026-03-13,https://www.lovart.ai/tools/coffee-shop-branding,0,16,4
2026-03-13,https://www.lovart.ai/tools/free-ai-illustration-generator,10,187,7
2026-03-13,https://www.lovart.ai/tools/nano-banana-2-ai-image-generator,1,11,7
2026-03-13,https://www.lovart.ai/tools/nano-banana-free,16,363,11
2026-03-13,https://www.lovart.ai/tools/seedance-2-ai-video-generator,6,67,11
2026-03-13,https://www.lovart.ai/zh,44067,66191,1
2026-03-13,https://www.lovart.ai/zh-TW,390,9351,8
2026-03-13,https://www.lovart.ai/zh-TW/blog/heygen-review,0,17,2
2026-03-13,https://www.lovart.ai/zh-TW/blog/nano-banana-2-gemini-image-editor-lovart,7,31,6
2026-03-13,https://www.lovart.ai/zh-TW/features/ai-product-catalog-maker,0,12,7
2026-03-13,https://www.lovart.ai/zh-TW/features/banner-design,0,15,8
2026-03-13,https://www.lovart.ai/zh-TW/tools/seedance-2-ai-video-generator,4,88,9
2026-03-13,https://www.lovart.ai/zh/blog/ai-design-agent-ecommerce-workflow,70,126,3
2026-03-13,https://www.lovart.ai/zh/blog/architecting-intent-ai-ui-design-systems,19,35,2
2026-03-13,https://www.lovart.ai/zh/blog/global-rise-lovart-chinese-ai-design-agent,19,63,5
2026-03-13,https://www.lovart.ai/zh/changelog,5,14,4
2026-03-13,https://www.lovart.ai/zh/features,16,456,8
2026-03-13,https://www.lovart.ai/zh/features/ai-presentation-slides-generator,0,15,10
2026-03-13,https://www.lovart.ai/zh/features/lovart-global-rise-chinese-ai,1,358,8
2026-03-13,https://www.lovart.ai/zh/inspiration,0,90,8
2026-03-13,https://www.lovart.ai/zh/news,0,22,7
2026-03-13,https://www.lovart.ai/zh/pricing,41,708,7
2026-03-13,https://www.lovart.ai/zh/tools,4,248,8
2026-03-13,https://www.lovart.ai/zh/tools/nano-banana-2-ai-image-generator,9,140,10
2026-03-13,https://www.lovart.ai/zh/tools/nano-banana-free,0,28,6
2026-03-20,https://www.lovart.ai/,13923,41793,5
2026-03-20,https://www.lovart.ai/blog/Canva-AI-Image-Generator-Review,26,2387,3
2026-03-20,https://www.lovart.ai/blog/Freepik-AI-Image-Generator-review,0,115,6
2026-03-20,https://www.lovart.ai/blog/OpenArt-AI-Review,0,1151,7
2026-03-20,https://www.lovart.ai/blog/ai-illustration-prompts,0,7,6
2026-03-20,https://www.lovart.ai/blog/ai-poster-prompts-tutorial,8,97,3
2026-03-20,https://www.lovart.ai/blog/ai-video-upscaler,0,1,5
2026-03-20,https://www.lovart.ai/blog/an-ultimated-guideline-to-make-a-linkedIn-banner,0,11,7
2026-03-20,https://www.lovart.ai/blog/artlist-ai-review,4,980,3
2026-03-20,https://www.lovart.ai/blog/capcut-ai-review,0,14,7
2026-03-20,https://www.lovart.ai/blog/craiyon-ai-review,1,290,5
2026-03-20,https://www.lovart.ai/blog/deepai-review,0,179,9
2026-03-20,https://www.lovart.ai/blog/dreamina-ai-review,0,17,8
2026-03-20,https://www.lovart.ai/blog/flora-ai-review,0,61,7
2026-03-20,https://www.lovart.ai/blog/global-rise-lovart-chinese-ai-design-agent,7,238,8
2026-03-20,https://www.lovart.ai/blog/how-to-create-linkedin-banner-with-brand-kit,1,5,3
2026-03-20,https://www.lovart.ai/blog/imagefx-review,2,888,7
2026-03-20,https://www.lovart.ai/blog/luma-dream-machine-review,0,1402,6
2026-03-20,https://www.lovart.ai/blog/medeo-ai-review,0,59,8
2026-03-20,https://www.lovart.ai/blog/media-io-review,0,22,8
2026-03-20,https://www.lovart.ai/blog/midjourney-character-reference-vs-lovart-nano-banana-consistency-test,0,17,8
2026-03-20,https://www.lovart.ai/blog/raster-PNG-vs-vector-svg-when-to-use-which,0,29,7
2026-03-20,https://www.lovart.ai/blog/seaart-review,3,508,6
2026-03-20,https://www.lovart.ai/blog/the-shocked-face-why-It-works-and-how-to-generate-it-without-acting,0,190,8
2026-03-20,https://www.lovart.ai/canvas,52,350,8
2026-03-20,https://www.lovart.ai/de/blog/OpenArt-AI-Review,0,1,8
2026-03-20,https://www.lovart.ai/de/blog/midjourney-character-reference-vs-lovart-nano-banana-consistency-test,0,4,44
2026-03-20,https://www.lovart.ai/de/features/ai-linkedin-infographic-generator-b2b,0,3,6
2026-03-20,https://www.lovart.ai/de/features/ai-presentation-slides-generator,0,7,7
2026-03-20,https://www.lovart.ai/de/features/classroom-poster-design,0,1,6
2026-03-20,https://www.lovart.ai/de/features/linkedin-banner-design,1,3,3
2026-03-20,https://www.lovart.ai/features/ai-brochure-design-tool,1,14,6
2026-03-20,https://www.lovart.ai/features/ai-company-logo-maker,1,8,5
2026-03-20,https://www.lovart.ai/features/ai-image-generator,0,141,7
2026-03-20,https://www.lovart.ai/features/ai-short-video-generator,1,87,5
2026-03-20,https://www.lovart.ai/features/ai-twitch-overlay-generator,1,11,4
2026-03-20,https://www.lovart.ai/features/banner-design,0,116,10
2026-03-20,https://www.lovart.ai/features/certificate-design,0,11,5
2026-03-20,https://www.lovart.ai/features/event-program-design,3,19,6
2026-03-20,https://www.lovart.ai/features/instagram-highlight-cover-design,0,14,21
2026-03-20,https://www.lovart.ai/features/linkedin-spotlight-ads-generator,0,82,18
2026-03-20,https://www.lovart.ai/features/magazine-layout-design,1,13,5
2026-03-20,https://www.lovart.ai/features/nano-banana-presentation-slides,2,54,6
2026-03-20,https://www.lovart.ai/features/product-catalog-design,1,12,4
2026-03-20,https://www.lovart.ai/features/social-media-post-design,0,13,4
2026-03-20,https://www.lovart.ai/features/video-background-remover,1,14,8
2026-03-20,https://www.lovart.ai/fr/features/ai-carousel-generator,0,3,5
2026-03-20,https://www.lovart.ai/fr/features/ai-design-agent,2,201,8
2026-03-20,https://www.lovart.ai/fr/tools/free-ai-illustration-generator,0,23,7
2026-03-20,https://www.lovart.ai/fr/tools/virtual-actor-creation,0,3,1
2026-03-20,https://www.lovart.ai/inspiration,0,13,9
2026-03-20,https://www.lovart.ai/it/blog/flora-ai-review,0,2,6
2026-03-20,https://www.lovart.ai/it/tools/ai-baby-podcast-generator,1,1,3
2026-03-20,https://www.lovart.ai/it/tools/free-ai-mockup-generator,0,37,6
2026-03-20,https://www.lovart.ai/it/tools/sora2,0,2,8
2026-03-20,https://www.lovart.ai/ja,65,452,3
2026-03-20,https://www.lovart.ai/ja/blog/adobe-illustrator-alternatives,1,49,8
2026-03-20,https://www.lovart.ai/ja/blog/ai-poster-prompts-tutorial,1,6,4
2026-03-20,https://www.lovart.ai/pricing,22,970,8
2026-03-20,https://www.lovart.ai/pt,70,316,2
2026-03-20,https://www.lovart.ai/pt/blog/seaart-review,0,3,4
2026-03-20,https://www.lovart.ai/pt/tools/ai-image-extender,0,11,9
2026-03-20,https://www.lovart.ai/pt/tools/free-ai-mockup-generator,1,12,14
2026-03-20,https://www.lovart.ai/pt/tools/hailuo-2.3-ai-video-generator,0,12,6
2026-03-20,https://www.lovart.ai/r/,31,2540,8
2026-03-20,https://www.lovart.ai/r/l7zjyvy,0,5,6
2026-03-20,https://www.lovart.ai/tools,2,304,8
2026-03-20,https://www.lovart.ai/tools/ai-art-generator,1,153,7
2026-03-20,https://www.lovart.ai/tools/ai-lip-sync-generator,0,5,6
2026-03-20,https://www.lovart.ai/tools/chat-to-image-ai-generator,1,29,5
2026-03-20,https://www.lovart.ai/tools/free-ai-illustration-generator,8,319,7
2026-03-20,https://www.lovart.ai/tools/free-ai-mockup-generator,3,72,7
2026-03-20,https://www.lovart.ai/tools/hailuo-2.3-ai-video-generator,0,12,7
2026-03-20,https://www.lovart.ai/tools/nano-banana-free,0,48,6
2026-03-20,https://www.lovart.ai/tools/nanobanana2,3,63,6
2026-03-20,https://www.lovart.ai/tools/seedream-4.5,0,5,6
2026-03-20,https://www.lovart.ai/tools/text-to-image-generator,0,29,7
2026-03-20,https://www.lovart.ai/tools/veo3.1,0,19,8
2026-03-20,https://www.lovart.ai/tools/virtual-actor-creation,0,8,5
2026-03-20,https://www.lovart.ai/zh,49210,73728,1
2026-03-20,https://www.lovart.ai/zh-TW,528,10311,8
2026-03-20,https://www.lovart.ai/zh-TW/tools/ai-post-generator,0,70,9
2026-03-20,https://www.lovart.ai/zh/blog/ai-design-agent-ecommerce-workflow,9,375,8
2026-03-20,https://www.lovart.ai/zh/blog/global-rise-lovart-chinese-ai-design-agent,27,567,5
2026-03-20,https://www.lovart.ai/zh/blog/lovart-account-enforcement-and-risk-control-notice-001,0,11,8
2026-03-20,https://www.lovart.ai/zh/changelog,5,29,4
2026-03-20,https://www.lovart.ai/zh/features,7,248,8
2026-03-20,https://www.lovart.ai/zh/inspiration,0,12,8
2026-03-20,https://www.lovart.ai/zh/pricing,42,257,5
2026-03-20,https://www.lovart.ai/zh/tools,0,55,9
2026-03-27,https://blogs.lovart.ai/stop-chatting-with-nano-banana-2-start-directing-it,1,42,16
2026-03-27,https://www.lovart.ai/,13417,44006,5
2026-03-27,https://www.lovart.ai/blog/Canva-AI-Image-Generator-Review,9,1761,3
2026-03-27,https://www.lovart.ai/blog/Freepik-AI-Image-Generator-review,0,33,7
2026-03-27,https://www.lovart.ai/blog/OpenArt-AI-Review,0,1864,7
2026-03-27,https://www.lovart.ai/blog/adobe-firefly-review,0,14,5
2026-03-27,https://www.lovart.ai/blog/adobe-illustrator-alternatives,2,11,4
2026-03-27,https://www.lovart.ai/blog/ai-illustration-prompts,2,5,6
2026-03-27,https://www.lovart.ai/blog/ai-poster-optimization-tutorial,1,6,4
2026-03-27,https://www.lovart.ai/blog/ai-poster-prompts-tutorial,2,86,4
2026-03-27,https://www.lovart.ai/blog/aiease-review,0,59,7
2026-03-27,https://www.lovart.ai/blog/artlist-ai-review,4,960,3
2026-03-27,https://www.lovart.ai/blog/capcut-ai-review,0,32,6
2026-03-27,https://www.lovart.ai/blog/civit-ai-review,0,11,7
2026-03-27,https://www.lovart.ai/blog/clipfly-ai-review,0,42,8
2026-03-27,https://www.lovart.ai/blog/craiyon-ai-review,3,309,5
2026-03-27,https://www.lovart.ai/blog/deepai-review,0,70,8
2026-03-27,https://www.lovart.ai/blog/dreamina-ai-review,0,71,8
2026-03-27,https://www.lovart.ai/blog/flora-ai-review,0,26,7
2026-03-27,https://www.lovart.ai/blog/global-rise-lovart-chinese-ai-design-agent,0,11,13
2026-03-27,https://www.lovart.ai/blog/hailuo-ai-review,0,11,8
2026-03-27,https://www.lovart.ai/blog/how-to-create-linkedin-banner-with-brand-kit,0,5,4
2026-03-27,https://www.lovart.ai/blog/imagefx-review,2,976,6
2026-03-27,https://www.lovart.ai/blog/luma-dream-machine-review,4,1618,7
2026-03-27,https://www.lovart.ai/blog/medeo-ai-review,0,52,8
2026-03-27,https://www.lovart.ai/blog/media-io-review,0,68,7
2026-03-27,https://www.lovart.ai/blog/meta-imagine-ai-review,0,11,5
2026-03-27,https://www.lovart.ai/blog/raster-PNG-vs-vector-svg-when-to-use-which,0,12,8
2026-03-27,https://www.lovart.ai/blog/seaart-review,2,742,6
2026-03-27,https://www.lovart.ai/blog/the-shocked-face-why-It-works-and-how-to-generate-it-without-acting,0,19,8
2026-03-27,https://www.lovart.ai/canvas,22,392,8
2026-03-27,https://www.lovart.ai/de/blog/clipfly-ai-review,0,2,8
2026-03-27,https://www.lovart.ai/de/features/wedding-invitation-design,0,2,8
2026-03-27,https://www.lovart.ai/features/ai-brochure-design-tool,1,42,6
2026-03-27,https://www.lovart.ai/features/ai-image-generator,1,157,7
2026-03-27,https://www.lovart.ai/features/ai-meta-ads-generator,0,51,8
2026-03-27,https://www.lovart.ai/features/ai-short-video-generator,2,94,6
2026-03-27,https://www.lovart.ai/features/ai-video-generator-text-to-video,0,5,12
2026-03-27,https://www.lovart.ai/features/banner-design,0,778,7
2026-03-27,https://www.lovart.ai/features/blog-post-to-instagram-ai-repurposing,0,3,5
2026-03-27,https://www.lovart.ai/features/event-program-design,1,37,6
2026-03-27,https://www.lovart.ai/features/flyer-design,2,3,7
2026-03-27,https://www.lovart.ai/features/nano-banana-presentation-slides,0,17,6
2026-03-27,https://www.lovart.ai/features/video-background-remover,0,12,7
2026-03-27,https://www.lovart.ai/fr/features/ai-design-agent,0,93,9
2026-03-27,https://www.lovart.ai/fr/features/ai-short-video-generator,0,5,4
2026-03-27,https://www.lovart.ai/fr/tools/ai-anime-generator,0,7,5
2026-03-27,https://www.lovart.ai/fr/tools/free-ai-illustration-generator,1,20,6
2026-03-27,https://www.lovart.ai/fr/tools/free-ai-mockup-generator,1,13,6
2026-03-27,https://www.lovart.ai/fr/tools/nanobanana2,0,5,9
2026-03-27,https://www.lovart.ai/inspiration,1,23,14
2026-03-27,https://www.lovart.ai/it/features/graduation-invitation-design,2,3,3
2026-03-27,https://www.lovart.ai/it/tools/ai-anime-generator,0,1,1
2026-03-27,https://www.lovart.ai/it/tools/free-ai-mockup-generator,0,11,8
2026-03-27,https://www.lovart.ai/it/tools/sora2,0,1,4
2026-03-27,https://www.lovart.ai/ja,52,518,4
2026-03-27,https://www.lovart.ai/ja/blog/adobe-illustrator-alternatives,1,23,7
2026-03-27,https://www.lovart.ai/ja/blog/logo-design-mistakes,0,1,1
2026-03-27,https://www.lovart.ai/ja/features/diploma-design,1,4,7
2026-03-27,https://www.lovart.ai/ja/tools/ai-post-generator,0,2,6
2026-03-27,https://www.lovart.ai/pricing,25,1353,8
2026-03-27,https://www.lovart.ai/pt,68,236,2
2026-03-27,https://www.lovart.ai/pt/blog/seaart-review,0,10,4
2026-03-27,https://www.lovart.ai/pt/tools/chat-to-image-ai-generator,1,57,8
2026-03-27,https://www.lovart.ai/pt/tools/free-ai-mockup-generator,0,27,5
2026-03-27,https://www.lovart.ai/pt/tools/hailuo-2.3-ai-video-generator,0,47,7
2026-03-27,https://www.lovart.ai/pt/tools/nano-banana-free,1,28,7
2026-03-27,https://www.lovart.ai/r/,13,2605,8
2026-03-27,https://www.lovart.ai/tools,4,281,8
2026-03-27,https://www.lovart.ai/tools/ai-art-generator,0,155,7
2026-03-27,https://www.lovart.ai/tools/ai-lip-sync-generator,0,22,6
2026-03-27,https://www.lovart.ai/tools/ai-style-transfer,0,3,7
2026-03-27,https://www.lovart.ai/tools/chat-to-image-ai-generator,4,83,6
2026-03-27,https://www.lovart.ai/tools/free-ai-illustration-generator,7,402,6
2026-03-27,https://www.lovart.ai/tools/free-ai-mockup-generator,3,64,7
2026-03-27,https://www.lovart.ai/tools/nanobanana-pro,2,11,22
2026-03-27,https://www.lovart.ai/tools/nanobanana2,4,48,16
2026-03-27,https://www.lovart.ai/tools/seedream-4.5,1,6,8
2026-03-27,https://www.lovart.ai/tools/sora2,0,2,7
2026-03-27,https://www.lovart.ai/tools/swap-to-video,0,6,12
2026-03-27,https://www.lovart.ai/tools/text-to-image-generator,1,47,7
2026-03-27,https://www.lovart.ai/tools/veo3.1,1,13,7
2026-03-27,https://www.lovart.ai/zh,55117,68494,2
2026-03-27,https://www.lovart.ai/zh-TW,634,20976,9
2026-03-27,https://www.lovart.ai/zh/blog/global-rise-lovart-chinese-ai-design-agent,2,240,8
2026-03-27,https://www.lovart.ai/zh/changelog,1,11,6
2026-03-27,https://www.lovart.ai/zh/features,9,278,8
2026-03-27,https://www.lovart.ai/zh/pricing,128,499,5
2026-03-27,https://www.lovart.ai/zh/tools,0,17,9
2026-03-27,https://www.lovart.ai/zh/tools/nanobanana-pro,15,39,3
2026-04-03,https://blogs.lovart.ai/en/raster-png-vs-vector-svg-when-to-use-which.html,0,15,8
2026-04-03,https://www.lovart.ai/,12626,50547,6
2026-04-03,https://www.lovart.ai/blog/Canva-AI-Image-Generator-Review,12,1608,3
2026-04-03,https://www.lovart.ai/blog/Freepik-AI-Image-Generator-review,0,54,6
2026-04-03,https://www.lovart.ai/blog/OpenArt-AI-Review,2,1624,7
2026-04-03,https://www.lovart.ai/blog/adobe-firefly-review,0,11,7
2026-04-03,https://www.lovart.ai/blog/adobe-illustrator-alternatives,0,12,6
2026-04-03,https://www.lovart.ai/blog/ai-design-tools-2025-lovart-ai-workflows,0,3,7
2026-04-03,https://www.lovart.ai/blog/ai-poster-prompts-tutorial,7,106,4
2026-04-03,https://www.lovart.ai/blog/aiease-review,0,44,8
2026-04-03,https://www.lovart.ai/blog/artlist-ai-review,2,812,3
2026-04-03,https://www.lovart.ai/blog/capcut-ai-review,0,33,7
2026-04-03,https://www.lovart.ai/blog/clipfly-ai-review,0,24,9
2026-04-03,https://www.lovart.ai/blog/craiyon-ai-review,0,306,6
2026-04-03,https://www.lovart.ai/blog/deepai-review,0,178,9
2026-04-03,https://www.lovart.ai/blog/dreamina-ai-review,0,95,9
2026-04-03,https://www.lovart.ai/blog/flora-ai-review,0,63,6
2026-04-03,https://www.lovart.ai/blog/fotor-ai-review,0,13,6
2026-04-03,https://www.lovart.ai/blog/heygen-review,0,5,6
2026-04-03,https://www.lovart.ai/blog/imagefx-review,1,984,6
2026-04-03,https://www.lovart.ai/blog/luma-dream-machine-review,6,1470,6
2026-04-03,https://www.lovart.ai/blog/medeo-ai-review,0,16,8
2026-04-03,https://www.lovart.ai/blog/media-io-review,0,127,8
2026-04-03,https://www.lovart.ai/blog/seaart-review,6,658,6
2026-04-03,https://www.lovart.ai/blog/veedio-review,1,3,7
2026-04-03,https://www.lovart.ai/canvas,47,733,7
2026-04-03,https://www.lovart.ai/de/blog/how-to-actually-write-promts-for-seedance,0,2,6
2026-04-03,https://www.lovart.ai/de/blog/hunyuan-video-review,0,1,5
2026-04-03,https://www.lovart.ai/de/blog/pollo-ai-review,0,2,7
2026-04-03,https://www.lovart.ai/de/features/ai-illustration-generator-vector-nano-banana,0,4,1
2026-04-03,https://www.lovart.ai/de/features/startup-logo-design,0,2,4
2026-04-03,https://www.lovart.ai/de/tools/ai-image-upscaler,0,2,4
2026-04-03,https://www.lovart.ai/de/tools/ai-post-generator,0,1,49
2026-04-03,https://www.lovart.ai/de/tools/nano-banana-free,0,1,5
2026-04-03,https://www.lovart.ai/features/ai-coupon-ad-generator,0,3,4
2026-04-03,https://www.lovart.ai/features/ai-image-generator,0,164,7
2026-04-03,https://www.lovart.ai/features/ai-short-video-generator,3,135,7
2026-04-03,https://www.lovart.ai/features/change-video-background,1,69,8
2026-04-03,https://www.lovart.ai/features/classroom-poster-design,0,12,6
2026-04-03,https://www.lovart.ai/features/diploma-design,2,11,5
2026-04-03,https://www.lovart.ai/features/magazine-layout-design,1,11,3
2026-04-03,https://www.lovart.ai/features/nano-banana-presentation-slides,2,72,5
2026-04-03,https://www.lovart.ai/features/product-catalog-design,1,56,6
2026-04-03,https://www.lovart.ai/features/remove-video-background,0,45,9
2026-04-03,https://www.lovart.ai/features/video-background-remover,1,381,9
2026-04-03,https://www.lovart.ai/fr/blog/goenhance-review,0,3,5
2026-04-03,https://www.lovart.ai/fr/features/ai-design-agent,0,62,9
2026-04-03,https://www.lovart.ai/fr/features/ai-short-video-generator,1,55,6
2026-04-03,https://www.lovart.ai/fr/tools/ai-anime-generator,0,11,6
2026-04-03,https://www.lovart.ai/fr/tools/free-ai-illustration-generator,0,39,8
2026-04-03,https://www.lovart.ai/fr/tools/free-ai-mockup-generator,2,10,6
2026-04-03,https://www.lovart.ai/fr/tools/nanobanana2,1,4,6
2026-04-03,https://www.lovart.ai/inspiration,0,12,9
2026-04-03,https://www.lovart.ai/it/features/ai-short-video-generator,0,2,6
2026-04-03,https://www.lovart.ai/it/tools/free-ai-mockup-generator,0,51,8
2026-04-03,https://www.lovart.ai/it/tools/hailuo-2.3-ai-video-generator,0,3,7
2026-04-03,https://www.lovart.ai/ja,34,541,5
2026-04-03,https://www.lovart.ai/ja/blog/adobe-illustrator-alternatives,0,28,8
2026-04-03,https://www.lovart.ai/ja/blog/ai-poster-prompts-tutorial,2,3,25
2026-04-03,https://www.lovart.ai/pricing,16,689,7
2026-04-03,https://www.lovart.ai/pt,65,231,2
2026-04-03,https://www.lovart.ai/pt/blog/seaart-review,0,9,3
2026-04-03,https://www.lovart.ai/pt/tools,0,11,10
2026-04-03,https://www.lovart.ai/pt/tools/ai-image-extender,0,13,7
2026-04-03,https://www.lovart.ai/pt/tools/free-ai-mockup-generator,3,57,5
2026-04-03,https://www.lovart.ai/pt/tools/nano-banana-free,0,28,9
2026-04-03,https://www.lovart.ai/r/,16,3149,8
2026-04-03,https://www.lovart.ai/ru/tools/free-ai-mockup-generator,0,11,5
2026-04-03,https://www.lovart.ai/tools,0,436,9
2026-04-03,https://www.lovart.ai/tools/ai-anime-generator,1,147,7
2026-04-03,https://www.lovart.ai/tools/ai-art-generator,0,149,8
2026-04-03,https://www.lovart.ai/tools/ai-lip-sync-generator,0,11,6
2026-04-03,https://www.lovart.ai/tools/chat-to-image-ai-generator,5,78,4
2026-04-03,https://www.lovart.ai/tools/free-ai-illustration-generator,9,444,6
2026-04-03,https://www.lovart.ai/tools/free-ai-mockup-generator,3,120,7
2026-04-03,https://www.lovart.ai/tools/hailuo-2.3-ai-video-generator,0,23,7
2026-04-03,https://www.lovart.ai/tools/nano-banana-free,0,31,19
2026-04-03,https://www.lovart.ai/tools/nanobanana2,1,11,7
2026-04-03,https://www.lovart.ai/tools/swap-to-video,1,2,3
2026-04-03,https://www.lovart.ai/tools/text-to-image-generator,0,11,6
2026-04-03,https://www.lovart.ai/tools/veo3.1,0,12,10
2026-04-03,https://www.lovart.ai/zh,49869,67117,2
2026-04-03,https://www.lovart.ai/zh-TW,516,18160,9
2026-04-03,https://www.lovart.ai/zh/features,7,455,9
2026-04-03,https://www.lovart.ai/zh/pricing,152,606,5
2026-04-03,https://www.lovart.ai/zh/tools,1,58,9
2026-04-03,https://www.lovart.ai/zh/tools/nanobanana-pro,5,30,3
2026-04-10,https://blogs.lovart.ai/en/miro-figma-vs-lovart-chatcanvas-where-design-meets-ideation.html,0,13,7
2026-04-10,https://blogs.lovart.ai/zh/seedance2_0,17,1684,8
2026-04-10,https://www.lovart.ai/,12118,38932,5
2026-04-10,https://www.lovart.ai/blog/Canva-AI-Image-Generator-Review,23,1780,3
2026-04-10,https://www.lovart.ai/blog/OpenArt-AI-Review,2,2555,6
2026-04-10,https://www.lovart.ai/blog/adobe-firefly-review,0,14,8
2026-04-10,https://www.lovart.ai/blog/ai-poster-prompts-tutorial,6,73,4
2026-04-10,https://www.lovart.ai/blog/aiease-review,0,60,8
2026-04-10,https://www.lovart.ai/blog/artlist-ai-review,2,666,3
2026-04-10,https://www.lovart.ai/blog/capcut-ai-review,0,30,6
2026-04-10,https://www.lovart.ai/blog/clipfly-ai-review,0,18,7
2026-04-10,https://www.lovart.ai/blog/craiyon-ai-review,0,440,6
2026-04-10,https://www.lovart.ai/blog/dreamina-ai-review,0,121,9
2026-04-10,https://www.lovart.ai/blog/flora-ai-review,1,135,7
2026-04-10,https://www.lovart.ai/blog/hunyuan-video-review,0,11,7
2026-04-10,https://www.lovart.ai/blog/imagefx-review,1,830,7
2026-04-10,https://www.lovart.ai/blog/luma-dream-machine-review,6,1857,6
2026-04-10,https://www.lovart.ai/blog/medeo-ai-review,0,27,9
2026-04-10,https://www.lovart.ai/blog/media-io-review,0,125,8
2026-04-10,https://www.lovart.ai/blog/pollo-ai-review,0,101,8
2026-04-10,https://www.lovart.ai/blog/raster-PNG-vs-vector-svg-when-to-use-which,1,28,6
2026-04-10,https://www.lovart.ai/blog/seaart-review,2,354,6
2026-04-10,https://www.lovart.ai/canvas,53,731,7
2026-04-10,https://www.lovart.ai/de/features/party-flyer-design,0,2,4
2026-04-10,https://www.lovart.ai/features/ai-brochure-design-tool,1,14,5
2026-04-10,https://www.lovart.ai/features/ai-image-generator,1,221,7
2026-04-10,https://www.lovart.ai/features/ai-presentation-slides-generator,0,20,9
2026-04-10,https://www.lovart.ai/features/ai-short-video-generator,2,96,7
2026-04-10,https://www.lovart.ai/features/ai-twitch-overlay-generator,2,27,6
2026-04-10,https://www.lovart.ai/features/blog-post-to-instagram-ai-repurposing,0,2,4
2026-04-10,https://www.lovart.ai/features/change-video-background,0,119,7
2026-04-10,https://www.lovart.ai/features/event-program-design,1,28,5
2026-04-10,https://www.lovart.ai/features/food-delivery-app-design,0,33,5
2026-04-10,https://www.lovart.ai/features/magazine-layout-design,1,26,5
2026-04-10,https://www.lovart.ai/features/price-list-design,1,12,4
2026-04-10,https://www.lovart.ai/features/product-catalog-design,2,49,6
2026-04-10,https://www.lovart.ai/features/remove-video-background,0,50,9
2026-04-10,https://www.lovart.ai/features/video-background-remover,1,204,9
2026-04-10,https://www.lovart.ai/fr/blog/goenhance-review,0,1,9
2026-04-10,https://www.lovart.ai/fr/features/ai-design-agent,2,150,8
2026-04-10,https://www.lovart.ai/fr/features/ai-short-video-generator,1,70,6
2026-04-10,https://www.lovart.ai/fr/features/nano-banana-presentation-slides,0,1,1
2026-04-10,https://www.lovart.ai/fr/tools/ai-art-generator,2,5,4
2026-04-10,https://www.lovart.ai/fr/tools/ai-logo-generator,0,15,7
2026-04-10,https://www.lovart.ai/fr/tools/free-ai-mockup-generator,2,13,4
2026-04-10,https://www.lovart.ai/it/tools/free-ai-illustration-generator,0,2,9
2026-04-10,https://www.lovart.ai/it/tools/free-ai-mockup-generator,0,21,6
2026-04-10,https://www.lovart.ai/it/tools/nano-banana-2-ai-image-generator,1,1,1
2026-04-10,https://www.lovart.ai/ja,101,444,5
2026-04-10,https://www.lovart.ai/ja/blog/adobe-illustrator-alternatives,0,11,7
2026-04-10,https://www.lovart.ai/pricing,11,788,8
2026-04-10,https://www.lovart.ai/pt,130,231,2
2026-04-10,https://www.lovart.ai/pt/tools,0,60,9
2026-04-10,https://www.lovart.ai/pt/tools/ai-art-generator,0,2,4
2026-04-10,https://www.lovart.ai/pt/tools/ai-image-extender,2,23,5
2026-04-10,https://www.lovart.ai/pt/tools/free-ai-mockup-generator,0,15,5
2026-04-10,https://www.lovart.ai/r/,22,2701,8
2026-04-10,https://www.lovart.ai/ru/tools/free-ai-mockup-generator,0,11,5
2026-04-10,https://www.lovart.ai/tools,5,633,9
2026-04-10,https://www.lovart.ai/tools/ai-anime-generator,0,207,7
2026-04-10,https://www.lovart.ai/tools/ai-art-generator,4,329,6
2026-04-10,https://www.lovart.ai/tools/ai-lip-sync-generator,0,2,9
2026-04-10,https://www.lovart.ai/tools/chat-to-image-ai-generator,0,25,6
2026-04-10,https://www.lovart.ai/tools/free-ai-illustration-generator,10,437,6
2026-04-10,https://www.lovart.ai/tools/free-ai-mockup-generator,1,61,8
2026-04-10,https://www.lovart.ai/tools/nanobanana2,3,18,18
2026-04-10,https://www.lovart.ai/tools/veo3.1,0,22,7
2026-04-10,https://www.lovart.ai/zh,39968,58048,2
2026-04-10,https://www.lovart.ai/zh-TW,265,9429,9
2026-04-10,https://www.lovart.ai/zh/features,2,57,10
2026-04-10,https://www.lovart.ai/zh/pricing,33,211,5
2026-04-17,https://blogs.lovart.ai/zh/seedance2_0,6,170,8
2026-04-17,https://www.lovart.ai/,13291,52187,6
2026-04-17,https://www.lovart.ai/blog/Canva-AI-Image-Generator-Review,13,1596,3
2026-04-17,https://www.lovart.ai/blog/OpenArt-AI-Review,4,2377,6
2026-04-17,https://www.lovart.ai/blog/adobe-illustrator-alternatives,0,14,5
2026-04-17,https://www.lovart.ai/blog/ai-poster-prompts-tutorial,3,109,4
2026-04-17,https://www.lovart.ai/blog/aiease-review,0,26,6
2026-04-17,https://www.lovart.ai/blog/artlist-ai-review,1,610,3
2026-04-17,https://www.lovart.ai/blog/capcut-ai-review,0,24,8
2026-04-17,https://www.lovart.ai/blog/civit-ai-review,0,18,7
2026-04-17,https://www.lovart.ai/blog/clipfly-ai-review,0,24,8
2026-04-17,https://www.lovart.ai/blog/craiyon-ai-review,0,349,6
2026-04-17,https://www.lovart.ai/blog/create-logos-with-lovart-ai-design-agent-guide,0,11,8
2026-04-17,https://www.lovart.ai/blog/deepai-review,0,14,8
2026-04-17,https://www.lovart.ai/blog/dreamina-ai-review,2,369,9
2026-04-17,https://www.lovart.ai/blog/flora-ai-review,0,113,7
2026-04-17,https://www.lovart.ai/blog/higgsfield-ai-review,0,15,7
2026-04-17,https://www.lovart.ai/blog/imagefx-review,2,726,7
2026-04-17,https://www.lovart.ai/blog/luma-dream-machine-review,4,1688,6
2026-04-17,https://www.lovart.ai/blog/medeo-ai-review,0,22,8
2026-04-17,https://www.lovart.ai/blog/media-io-review,0,53,9
2026-04-17,https://www.lovart.ai/blog/pixai-review,0,2,4
2026-04-17,https://www.lovart.ai/blog/pollo-ai-review,0,44,9
2026-04-17,https://www.lovart.ai/blog/raster-PNG-vs-vector-svg-when-to-use-which,0,16,7
2026-04-17,https://www.lovart.ai/blog/seaart-review,0,225,6
2026-04-17,https://www.lovart.ai/blog/starry-ai-reivew,0,12,6
2026-04-17,https://www.lovart.ai/blog/veedio-review,0,27,7
2026-04-17,https://www.lovart.ai/canvas,24,615,7
2026-04-17,https://www.lovart.ai/de/blog/ai-branding-design,0,1,1
2026-04-17,https://www.lovart.ai/de/blog/dreamina-ai-review,0,5,7
2026-04-17,https://www.lovart.ai/de/blog/pixai-review,0,3,5
2026-04-17,https://www.lovart.ai/de/features/birthday-invitation-design,0,1,9
2026-04-17,https://www.lovart.ai/de/features/magazine-layout-design,0,1,2
2026-04-17,https://www.lovart.ai/de/tools/nano-banana-free,0,7,8
2026-04-17,https://www.lovart.ai/features/ai-image-generator,0,130,8
2026-04-17,https://www.lovart.ai/features/ai-video-generator-no-templates,0,14,9
2026-04-17,https://www.lovart.ai/features/blog-post-to-instagram-ai-repurposing,0,1,4
2026-04-17,https://www.lovart.ai/features/change-video-background,0,14,5
2026-04-17,https://www.lovart.ai/features/design-viral-youtube-thumbnails-ai,0,2,4
2026-04-17,https://www.lovart.ai/features/event-program-design,3,52,5
2026-04-17,https://www.lovart.ai/features/instagram-highlight-cover-design,0,4,6
2026-04-17,https://www.lovart.ai/features/magazine-layout-design,2,31,6
2026-04-17,https://www.lovart.ai/features/nano-banana-presentation-slides,0,14,10
2026-04-17,https://www.lovart.ai/features/price-list-design,0,15,5
2026-04-17,https://www.lovart.ai/features/product-catalog-design,4,59,9
2026-04-17,https://www.lovart.ai/features/video-background-remover,0,14,10
2026-04-17,https://www.lovart.ai/fr,0,2,2
2026-04-17,https://www.lovart.ai/fr/features/ai-design-agent,0,11,8
2026-04-17,https://www.lovart.ai/fr/features/ai-short-video-generator,0,14,7
2026-04-17,https://www.lovart.ai/fr/tools/ai-anime-generator,0,6,9
2026-04-17,https://www.lovart.ai/fr/tools/ai-art-generator,0,5,6
2026-04-17,https://www.lovart.ai/fr/tools/ai-image-upscaler,0,3,7
2026-04-17,https://www.lovart.ai/fr/tools/ai-logo-generator,0,2,6
2026-04-17,https://www.lovart.ai/fr/tools/free-ai-mockup-generator,4,60,5
2026-04-17,https://www.lovart.ai/fr/tools/text-to-image-generator,0,6,6
2026-04-17,https://www.lovart.ai/it/blog/luma-dream-machine-review,0,1,5
2026-04-17,https://www.lovart.ai/it/features/pizza-menu-design,0,1,3
2026-04-17,https://www.lovart.ai/it/features/restaurant-logo-design,0,1,6
2026-04-17,https://www.lovart.ai/it/features/wedding-invitation-design,0,1,4
2026-04-17,https://www.lovart.ai/it/tools/ai-image-upscaler,0,1,5
2026-04-17,https://www.lovart.ai/it/tools/free-ai-mockup-generator,0,31,6
2026-04-17,https://www.lovart.ai/it/tools/nano-banana-free,0,1,9
2026-04-17,https://www.lovart.ai/it/tools/product-to-image-generator,0,1,4
2026-04-17,https://www.lovart.ai/ja,147,550,5
2026-04-17,https://www.lovart.ai/ja/blog/adobe-illustrator-alternatives,1,27,7
2026-04-17,https://www.lovart.ai/ja/blog/adobe-premiere-pro-alternatives,1,2,6
2026-04-17,https://www.lovart.ai/ja/blog/ai-poster-prompts-tutorial,1,3,3
2026-04-17,https://www.lovart.ai/pricing,12,645,8
2026-04-17,https://www.lovart.ai/pt,151,331,2
2026-04-17,https://www.lovart.ai/pt/blog/seaart-review,0,3,2
2026-04-17,https://www.lovart.ai/pt/features/tiktok-video-cover-design,0,11,4
2026-04-17,https://www.lovart.ai/pt/tools,0,64,10
2026-04-17,https://www.lovart.ai/pt/tools/ai-image-extender,0,27,7
2026-04-17,https://www.lovart.ai/pt/tools/chat-to-image-ai-generator,0,13,8
2026-04-17,https://www.lovart.ai/pt/tools/free-ai-mockup-generator,2,50,5
2026-04-17,https://www.lovart.ai/pt/tools/hailuo-2.3-ai-video-generator,0,6,5
2026-04-17,https://www.lovart.ai/pt/tools/nano-banana-free,0,12,9
2026-04-17,https://www.lovart.ai/r/,15,2869,8
2026-04-17,https://www.lovart.ai/ru/tools/free-ai-mockup-generator,1,80,6
2026-04-17,https://www.lovart.ai/tools,1,403,9
2026-04-17,https://www.lovart.ai/tools/ai-anime-generator,1,67,8
2026-04-17,https://www.lovart.ai/tools/ai-art-generator,4,313,6
2026-04-17,https://www.lovart.ai/tools/ai-lip-sync-generator,0,11,7
2026-04-17,https://www.lovart.ai/tools/chat-to-image-ai-generator,0,22,7
2026-04-17,https://www.lovart.ai/tools/free-ai-illustration-generator,4,334,8
2026-04-17,https://www.lovart.ai/tools/free-ai-mockup-generator,3,87,8
2026-04-17,https://www.lovart.ai/tools/hailuo-2.3-ai-video-generator,0,12,6
2026-04-17,https://www.lovart.ai/tools/nanobanana-pro,4,4,1
2026-04-17,https://www.lovart.ai/tools/nanobanana2,0,12,6
2026-04-17,https://www.lovart.ai/tools/text-to-image-generator,0,44,7
2026-04-17,https://www.lovart.ai/tools/veo3.1,0,56,8
2026-04-17,https://www.lovart.ai/zh,43847,63797,2
2026-04-17,https://www.lovart.ai/zh-TW,287,12836,9
2026-04-17,https://www.lovart.ai/zh/blog/dreamina-ai-review,0,126,7
2026-04-17,https://www.lovart.ai/zh/changelog,1,11,5
2026-04-17,https://www.lovart.ai/zh/features,2,83,9
2026-04-17,https://www.lovart.ai/zh/home?ls=1,2,16,13
2026-04-17,https://www.lovart.ai/zh/pricing,35,233,6
2026-04-17,https://www.lovart.ai/zh/tools/nanobanana-pro,13,53,7
2026-04-24,https://blogs.lovart.ai/gptimage_2,2,18,4
2026-04-24,https://www.lovart.ai/,12804,48906,6
2026-04-24,https://www.lovart.ai/blog/Canva-AI-Image-Generator-Review,15,1411,4
2026-04-24,https://www.lovart.ai/blog/Freepik-AI-Image-Generator-review,0,13,7
2026-04-24,https://www.lovart.ai/blog/OpenArt-AI-Review,4,3178,5
2026-04-24,https://www.lovart.ai/blog/adobe-illustrator-alternatives,3,53,5
2026-04-24,https://www.lovart.ai/blog/ai-poster-prompts-tutorial,3,121,4
2026-04-24,https://www.lovart.ai/blog/aiease-review,0,63,8
2026-04-24,https://www.lovart.ai/blog/artlist-ai-review,0,218,4
2026-04-24,https://www.lovart.ai/blog/civit-ai-review,0,139,6
2026-04-24,https://www.lovart.ai/blog/clipfly-ai-review,0,40,9
2026-04-24,https://www.lovart.ai/blog/craiyon-ai-review,0,187,8
2026-04-24,https://www.lovart.ai/blog/create-logos-with-lovart-ai-design-agent-guide,0,6,53
2026-04-24,https://www.lovart.ai/blog/deepai-review,0,11,8
2026-04-24,https://www.lovart.ai/blog/dreamina-ai-review,1,377,9
2026-04-24,https://www.lovart.ai/blog/flora-ai-review,0,85,7
2026-04-24,https://www.lovart.ai/blog/hedra-ai-review,0,14,8
2026-04-24,https://www.lovart.ai/blog/how-to-create-linkedin-banner-with-brand-kit,1,2,3
2026-04-24,https://www.lovart.ai/blog/imagefx-review,1,653,6
2026-04-24,https://www.lovart.ai/blog/luma-dream-machine-review,1,1538,6
2026-04-24,https://www.lovart.ai/blog/medeo-ai-review,0,95,8
2026-04-24,https://www.lovart.ai/blog/media-io-review,0,95,8
2026-04-24,https://www.lovart.ai/blog/pollo-ai-review,0,12,8
2026-04-24,https://www.lovart.ai/blog/raster-PNG-vs-vector-svg-when-to-use-which,0,61,6
2026-04-24,https://www.lovart.ai/blog/seaart-review,0,210,6
2026-04-24,https://www.lovart.ai/blog/veedio-review,0,77,7
2026-04-24,https://www.lovart.ai/canvas,29,490,7
2026-04-24,https://www.lovart.ai/de/blog/dreamina-ai-review,0,2,6
2026-04-24,https://www.lovart.ai/de/blog/pollo-ai-review,0,1,7
2026-04-24,https://www.lovart.ai/features/ai-image-generator,2,154,20
2026-04-24,https://www.lovart.ai/features/ai-short-video-generator,0,4,9
2026-04-24,https://www.lovart.ai/features/ai-twitch-overlay-generator,0,7,6
2026-04-24,https://www.lovart.ai/features/blog-post-to-instagram-ai-repurposing,0,5,6
2026-04-24,https://www.lovart.ai/features/classroom-poster-design,0,24,5
2026-04-24,https://www.lovart.ai/features/diploma-design,2,6,6
2026-04-24,https://www.lovart.ai/features/e-learning-banner-design,0,6,7
2026-04-24,https://www.lovart.ai/features/event-program-design,0,26,7
2026-04-24,https://www.lovart.ai/features/food-social-media-design,0,11,5
2026-04-24,https://www.lovart.ai/features/instagram-highlight-cover-design,0,23,7
2026-04-24,https://www.lovart.ai/features/magazine-layout-design,4,29,5
2026-04-24,https://www.lovart.ai/features/nano-banana-social-media-graphics,0,1,2
2026-04-24,https://www.lovart.ai/features/product-catalog-design,0,39,7
2026-04-24,https://www.lovart.ai/features/real-estate-flyer-design,0,1,5
2026-04-24,https://www.lovart.ai/features/video-background-remover,2,12,8
2026-04-24,https://www.lovart.ai/fr/features/ai-design-agent,4,67,9
2026-04-24,https://www.lovart.ai/fr/features/ai-short-video-generator,0,8,5
2026-04-24,https://www.lovart.ai/fr/features/ai-youtube-banner-maker,0,3,7
2026-04-24,https://www.lovart.ai/fr/tools/free-ai-illustration-generator,0,35,6
2026-04-24,https://www.lovart.ai/fr/tools/free-ai-mockup-generator,5,95,5
2026-04-24,https://www.lovart.ai/fr/tools/veo3.1,0,2,6
2026-04-24,https://www.lovart.ai/inspiration,0,12,7
2026-04-24,https://www.lovart.ai/it/features/ai-brochure-design-tool,0,2,7
2026-04-24,https://www.lovart.ai/it/features/startup-logo-design,0,4,4
2026-04-24,https://www.lovart.ai/it/tools/ai-anime-generator,0,1,2
2026-04-24,https://www.lovart.ai/it/tools/banner-design,0,2,6
2026-04-24,https://www.lovart.ai/it/tools/free-ai-mockup-generator,1,24,6
2026-04-24,https://www.lovart.ai/it/tools/product-to-image-generator,1,2,2
2026-04-24,https://www.lovart.ai/ja,125,412,4
2026-04-24,https://www.lovart.ai/ja/blog/adobe-illustrator-alternatives,0,5,7
2026-04-24,https://www.lovart.ai/pricing,15,723,8
2026-04-24,https://www.lovart.ai/pt,156,294,2
2026-04-24,https://www.lovart.ai/pt/blog/seaart-review,0,1,3
2026-04-24,https://www.lovart.ai/pt/tools,0,66,9
2026-04-24,https://www.lovart.ai/pt/tools/ai-image-extender,0,30,6
2026-04-24,https://www.lovart.ai/pt/tools/chat-to-image-ai-generator,4,22,8
2026-04-24,https://www.lovart.ai/pt/tools/free-ai-illustration-generator,0,14,6
2026-04-24,https://www.lovart.ai/pt/tools/free-ai-mockup-generator,1,54,5
2026-04-24,https://www.lovart.ai/pt/tools/hailuo-2.3-ai-video-generator,0,12,6
2026-04-24,https://www.lovart.ai/r/,44,3592,8
2026-04-24,https://www.lovart.ai/ru/tools/ai-post-generator,1,26,9
2026-04-24,https://www.lovart.ai/ru/tools/free-ai-mockup-generator,7,252,7
2026-04-24,https://www.lovart.ai/ru/tools/veo3.1,0,5,4
2026-04-24,https://www.lovart.ai/tools,3,210,8
2026-04-24,https://www.lovart.ai/tools/ai-anime-generator,0,118,8
2026-04-24,https://www.lovart.ai/tools/ai-art-generator,3,410,6
2026-04-24,https://www.lovart.ai/tools/ai-lip-sync-generator,3,12,59
2026-04-24,https://www.lovart.ai/tools/chat-to-image-ai-generator,1,51,6
2026-04-24,https://www.lovart.ai/tools/free-ai-illustration-generator,2,385,8
2026-04-24,https://www.lovart.ai/tools/free-ai-mockup-generator,0,113,7
2026-04-24,https://www.lovart.ai/tools/hailuo-2.3-ai-video-generator,0,12,8
2026-04-24,https://www.lovart.ai/tools/nanobanana2,3,62,7
2026-04-24,https://www.lovart.ai/tools/veo3.1,0,14,7
2026-04-24,https://www.lovart.ai/tools/virtual-actor-creation,0,24,5
2026-04-24,https://www.lovart.ai/zh,47110,69760,1
2026-04-24,https://www.lovart.ai/zh-TW,136,2456,8
2026-04-24,https://www.lovart.ai/zh/blog/dreamina-ai-review,0,76,6
2026-04-24,https://www.lovart.ai/zh/features,6,61,9
2026-04-24,https://www.lovart.ai/zh/pricing,48,296,4
2026-04-24,https://www.lovart.ai/zh/tools/nanobanana-pro,34,148,8
2026-05-01,https://www.lovart.ai/,12315,42624,5
2026-05-01,https://www.lovart.ai/blog/Canva-AI-Image-Generator-Review,10,1376,4
2026-05-01,https://www.lovart.ai/blog/Freepik-AI-Image-Generator-review,0,116,7
2026-05-01,https://www.lovart.ai/blog/OpenArt-AI-Review,4,4308,4
2026-05-01,https://www.lovart.ai/blog/a-step-by-step-guide-to-create-a-mockup-without-photoshop,0,1,7
2026-05-01,https://www.lovart.ai/blog/adobe-illustrator-alternatives,1,59,6
2026-05-01,https://www.lovart.ai/blog/ai-design-tools-2025-lovart-ai-workflows,0,1,10
2026-05-01,https://www.lovart.ai/blog/ai-poster-optimization-tutorial,0,11,5
2026-05-01,https://www.lovart.ai/blog/ai-poster-prompts-tutorial,9,171,4
2026-05-01,https://www.lovart.ai/blog/aiease-review,0,83,7
2026-05-01,https://www.lovart.ai/blog/artlist-ai-review,0,254,4
2026-05-01,https://www.lovart.ai/blog/capcut-ai-review,0,27,8
2026-05-01,https://www.lovart.ai/blog/civit-ai-review,0,192,6
2026-05-01,https://www.lovart.ai/blog/clipfly-ai-review,0,13,9
2026-05-01,https://www.lovart.ai/blog/craiyon-ai-review,3,418,7
2026-05-01,https://www.lovart.ai/blog/deepai-review,0,123,7
2026-05-01,https://www.lovart.ai/blog/dreamina-ai-review,2,373,9
2026-05-01,https://www.lovart.ai/blog/flora-ai-review,0,149,8
2026-05-01,https://www.lovart.ai/blog/fotor-ai-review,0,15,7
2026-05-01,https://www.lovart.ai/blog/imagefx-review,2,1330,7
2026-05-01,https://www.lovart.ai/blog/lovart-ai-bueiness-first-ai-creative-workflow,0,102,8
2026-05-01,https://www.lovart.ai/blog/lovart-worlds-first-professional-ai-design-agent,1,147,9
2026-05-01,https://www.lovart.ai/blog/luma-dream-machine-review,4,1593,6
2026-05-01,https://www.lovart.ai/blog/medeo-ai-review,0,30,9
2026-05-01,https://www.lovart.ai/blog/media-io-review,0,292,7
2026-05-01,https://www.lovart.ai/blog/pollo-ai-review,0,24,8
2026-05-01,https://www.lovart.ai/blog/seaart-review,2,294,6
2026-05-01,https://www.lovart.ai/blog/steve-ai-review,0,37,6
2026-05-01,https://www.lovart.ai/canvas,38,961,7
2026-05-01,https://www.lovart.ai/de,0,14,7
2026-05-01,https://www.lovart.ai/docs/canvas/edit-text,0,1,4
2026-05-01,https://www.lovart.ai/features,3,236,9
2026-05-01,https://www.lovart.ai/features/ai-image-generator,0,59,16
2026-05-01,https://www.lovart.ai/features/ai-pinterest-pin-maker,0,1,2
2026-05-01,https://www.lovart.ai/features/ai-short-video-generator,0,14,9
2026-05-01,https://www.lovart.ai/features/ai-twitch-overlay-generator,3,31,8
2026-05-01,https://www.lovart.ai/features/ai-video-background-remover,0,25,8
2026-05-01,https://www.lovart.ai/features/blog-post-to-instagram-ai-repurposing,0,2,6
2026-05-01,https://www.lovart.ai/features/certificate-design,0,38,6
2026-05-01,https://www.lovart.ai/features/change-video-background,0,107,7
2026-05-01,https://www.lovart.ai/features/classroom-poster-design,0,44,6
2026-05-01,https://www.lovart.ai/features/diploma-design,0,16,6
2026-05-01,https://www.lovart.ai/features/event-program-design,1,29,5
2026-05-01,https://www.lovart.ai/features/magazine-layout-design,1,13,5
2026-05-01,https://www.lovart.ai/features/nano-banana-presentation-slides,0,13,7
2026-05-01,https://www.lovart.ai/features/product-catalog-design,7,78,6
2026-05-01,https://www.lovart.ai/features/video-background-changer,1,56,8
2026-05-01,https://www.lovart.ai/fr,6,564,7
2026-05-01,https://www.lovart.ai/fr/blog/clipfly-ai-review,0,3,6
2026-05-01,https://www.lovart.ai/fr/blog/dreamina-ai-review,0,11,7
2026-05-01,https://www.lovart.ai/fr/blog/lovart-worlds-first-professional-ai-design-agent,0,3,9
2026-05-01,https://www.lovart.ai/fr/features/ai-short-video-generator,0,13,7
2026-05-01,https://www.lovart.ai/fr/tools/free-ai-illustration-generator,1,47,7
2026-05-01,https://www.lovart.ai/fr/tools/free-ai-mockup-generator,4,74,4
2026-05-01,https://www.lovart.ai/it/features/cafe-menu-design,0,1,7
2026-05-01,https://www.lovart.ai/it/tools/ai-art-generator,0,1,5
2026-05-01,https://www.lovart.ai/it/tools/banner-design,0,1,6
2026-05-01,https://www.lovart.ai/it/tools/free-ai-illustration-generator,0,1,9
2026-05-01,https://www.lovart.ai/it/tools/free-ai-mockup-generator,0,27,7
2026-05-01,https://www.lovart.ai/ja,99,382,4
2026-05-01,https://www.lovart.ai/ja/blog/adobe-illustrator-alternatives,0,24,8
2026-05-01,https://www.lovart.ai/ja/features/birthday-invitation-design,0,1,8
2026-05-01,https://www.lovart.ai/ko,0,14,8
2026-05-01,https://www.lovart.ai/pricing,7,954,9
2026-05-01,https://www.lovart.ai/pt,262,1713,6
2026-05-01,https://www.lovart.ai/pt/blog/lovart-worlds-first-professional-ai-design-agent,0,42,10
2026-05-01,https://www.lovart.ai/pt/features,0,16,10
2026-05-01,https://www.lovart.ai/pt/tools/ai-background-remover,0,11,8
2026-05-01,https://www.lovart.ai/pt/tools/chat-to-image-ai-generator,1,21,7
2026-05-01,https://www.lovart.ai/pt/tools/free-ai-mockup-generator,1,25,6
2026-05-01,https://www.lovart.ai/pt/tools/hailuo-2.3-ai-video-generator,0,12,7
2026-05-01,https://www.lovart.ai/r/,36,3428,8
2026-05-01,https://www.lovart.ai/r/l7zjyvy,0,2,6
2026-05-01,https://www.lovart.ai/ru,3,89,7
2026-05-01,https://www.lovart.ai/ru/tools/ai-post-generator,0,17,8
2026-05-01,https://www.lovart.ai/ru/tools/free-ai-mockup-generator,4,190,7
2026-05-01,https://www.lovart.ai/statement/1137a3f407c243719e9f5612be8d3172,1,6,2
2026-05-01,https://www.lovart.ai/tools,0,371,9
2026-05-01,https://www.lovart.ai/tools/ai-anime-generator,0,12,9
2026-05-01,https://www.lovart.ai/tools/ai-art-generator,1,235,7
2026-05-01,https://www.lovart.ai/tools/ai-post-generator,2,22,6
2026-05-01,https://www.lovart.ai/tools/chat-to-image-ai-generator,0,27,7
2026-05-01,https://www.lovart.ai/tools/free-ai-illustration-generator,2,134,9
2026-05-01,https://www.lovart.ai/tools/free-ai-mockup-generator,0,115,7
2026-05-01,https://www.lovart.ai/tools/hailuo-2.3-ai-video-generator,0,79,8
2026-05-01,https://www.lovart.ai/tools/lesson-plan-design,2,6,5
2026-05-01,https://www.lovart.ai/tools/nanobanana2,5,13,7
2026-05-01,https://www.lovart.ai/zh,43019,69400,2
2026-05-01,https://www.lovart.ai/zh-TW,106,3504,9
2026-05-01,https://www.lovart.ai/zh/blog/lovart-worlds-first-professional-ai-design-agent,0,11,10
2026-05-01,https://www.lovart.ai/zh/changelog,0,103,9
2026-05-01,https://www.lovart.ai/zh/features,5,345,10
2026-05-01,https://www.lovart.ai/zh/inspiration,0,99,9
2026-05-01,https://www.lovart.ai/zh/pricing,137,654,6
2026-05-01,https://www.lovart.ai/zh/tools/nano-banana-free,0,11,8
2026-05-01,https://www.lovart.ai/zh/tools/nanobanana-pro,7,30,5
2026-05-08,https://insight.lovart.ai/,18,33,2
2026-05-08,https://www.lovart.ai/,9645,32687,5
2026-05-08,https://www.lovart.ai/blog/Canva-AI-Image-Generator-Review,13,1587,4
2026-05-08,https://www.lovart.ai/blog/OpenArt-AI-Review,3,4104,4
2026-05-08,https://www.lovart.ai/blog/adobe-firefly-review,4,1420,7
2026-05-08,https://www.lovart.ai/blog/adobe-illustrator-alternatives,0,12,5
2026-05-08,https://www.lovart.ai/blog/ai-poster-prompts-tutorial,7,140,4
2026-05-08,https://www.lovart.ai/blog/aiease-review,0,89,7
2026-05-08,https://www.lovart.ai/blog/artlist-ai-review,0,279,4
2026-05-08,https://www.lovart.ai/blog/capcut-ai-review,0,24,8
2026-05-08,https://www.lovart.ai/blog/civit-ai-review,1,226,6
2026-05-08,https://www.lovart.ai/blog/clipfly-ai-review,0,13,9
2026-05-08,https://www.lovart.ai/blog/craiyon-ai-review,0,521,7
2026-05-08,https://www.lovart.ai/blog/deepai-review,1,336,7
2026-05-08,https://www.lovart.ai/blog/dreamina-ai-review,0,197,9
2026-05-08,https://www.lovart.ai/blog/flora-ai-review,0,94,7
2026-05-08,https://www.lovart.ai/blog/hedra-ai-review,0,73,9
2026-05-08,https://www.lovart.ai/blog/imagefx-review,7,2002,7
2026-05-08,https://www.lovart.ai/blog/luma-dream-machine-review,3,1559,6
2026-05-08,https://www.lovart.ai/blog/medeo-ai-review,0,8,7
2026-05-08,https://www.lovart.ai/blog/media-io-review,0,212,8
2026-05-08,https://www.lovart.ai/blog/meta-imagine-ai-review,0,5,5
2026-05-08,https://www.lovart.ai/blog/pixlr-ai-image-generator-review,0,46,8
2026-05-08,https://www.lovart.ai/blog/raster-PNG-vs-vector-svg-when-to-use-which,0,14,7
2026-05-08,https://www.lovart.ai/blog/seaart-review,1,405,6
2026-05-08,https://www.lovart.ai/blog/starry-ai-reivew,0,6,4
2026-05-08,https://www.lovart.ai/blog/steve-ai-review,0,43,6
2026-05-08,https://www.lovart.ai/blog/veedio-review,0,11,7
2026-05-08,https://www.lovart.ai/blog/youtube-banner-design,0,12,16
2026-05-08,https://www.lovart.ai/canvas,60,1786,7
2026-05-08,https://www.lovart.ai/de,2,9,5
2026-05-08,https://www.lovart.ai/de/blog/dreamina-ai-review,0,2,8
2026-05-08,https://www.lovart.ai/de/blog/pixlr-ai-image-generator-review,0,1,4
2026-05-08,https://www.lovart.ai/de/features/ai-design-agent,0,1,8
2026-05-08,https://www.lovart.ai/de/tools/nano-banana-free,0,1,8
2026-05-08,https://www.lovart.ai/features,0,37,10
2026-05-08,https://www.lovart.ai/features/ai-image-generator,0,12,8
2026-05-08,https://www.lovart.ai/features/ai-twitch-overlay-generator,2,49,10
2026-05-08,https://www.lovart.ai/features/classroom-poster-design,0,55,6
2026-05-08,https://www.lovart.ai/features/concert-poster-design,1,19,7
2026-05-08,https://www.lovart.ai/features/event-program-design,3,28,6
2026-05-08,https://www.lovart.ai/features/instagram-story-layout-ideas-generator,1,16,13
2026-05-08,https://www.lovart.ai/features/magazine-layout-design,1,13,6
2026-05-08,https://www.lovart.ai/features/product-catalog-design,2,75,7
2026-05-08,https://www.lovart.ai/features/rapid-poster-ai-creation,0,2,16
2026-05-08,https://www.lovart.ai/features/tiktok-video-cover-design,0,11,7
2026-05-08,https://www.lovart.ai/fr,7,401,7
2026-05-08,https://www.lovart.ai/fr/features/ai-design-agent,0,12,10
2026-05-08,https://www.lovart.ai/fr/features/ai-short-video-generator,1,14,7
2026-05-08,https://www.lovart.ai/fr/tools/ai-anime-generator,0,2,7
2026-05-08,https://www.lovart.ai/fr/tools/ai-image-enhancer,0,1,10
2026-05-08,https://www.lovart.ai/fr/tools/free-ai-illustration-generator,0,27,7
2026-05-08,https://www.lovart.ai/fr/tools/free-ai-mockup-generator,3,49,5
2026-05-08,https://www.lovart.ai/it/tools/ai-anime-generator,0,2,4
2026-05-08,https://www.lovart.ai/it/tools/ai-cartoon-avatar,1,1,4
2026-05-08,https://www.lovart.ai/it/tools/free-ai-mockup-generator,1,11,6
2026-05-08,https://www.lovart.ai/ja,95,329,4
2026-05-08,https://www.lovart.ai/ja/blog/adobe-illustrator-alternatives,0,12,8
2026-05-08,https://www.lovart.ai/ja/tools/ai-face-swap,0,6,10
2026-05-08,https://www.lovart.ai/pricing,24,960,8
2026-05-08,https://www.lovart.ai/pt,154,879,6
2026-05-08,https://www.lovart.ai/pt/blog/seaart-review,0,8,3
2026-05-08,https://www.lovart.ai/pt/features,0,59,10
2026-05-08,https://www.lovart.ai/pt/tools/ai-image-extender,0,17,12
2026-05-08,https://www.lovart.ai/pt/tools/chat-to-image-ai-generator,1,58,7
2026-05-08,https://www.lovart.ai/pt/tools/free-ai-mockup-generator,0,23,5
2026-05-08,https://www.lovart.ai/r/,16,1623,8
2026-05-08,https://www.lovart.ai/ru,1,24,7
2026-05-08,https://www.lovart.ai/ru/tools/free-ai-mockup-generator,7,109,7
2026-05-08,https://www.lovart.ai/tools,2,444,9
2026-05-08,https://www.lovart.ai/tools/ai-anime-generator,0,8,29
2026-05-08,https://www.lovart.ai/tools/ai-art-generator,1,204,7
2026-05-08,https://www.lovart.ai/tools/ai-image-extender,0,2,18
2026-05-08,https://www.lovart.ai/tools/chat-to-image-ai-generator,1,23,7
2026-05-08,https://www.lovart.ai/tools/free-ai-illustration-generator,1,167,11
2026-05-08,https://www.lovart.ai/tools/free-ai-mockup-generator,1,116,7
2026-05-08,https://www.lovart.ai/tools/hailuo-2.3-ai-video-generator,0,125,10
2026-05-08,https://www.lovart.ai/tools/video-generator,1,2,3
2026-05-08,https://www.lovart.ai/zh,30409,50200,2
2026-05-08,https://www.lovart.ai/zh-TW,43,1709,8
2026-05-08,https://www.lovart.ai/zh/changelog,0,22,9
2026-05-08,https://www.lovart.ai/zh/features,6,171,8
2026-05-08,https://www.lovart.ai/zh/news,0,15,7
2026-05-08,https://www.lovart.ai/zh/pricing,34,497,7
2026-05-15,https://insight.lovart.ai/,38,68,2
2026-05-15,https://www.lovart.ai/,11726,40837,6
2026-05-15,https://www.lovart.ai/blog/Canva-AI-Image-Generator-Review,7,1490,5
2026-05-15,https://www.lovart.ai/blog/Freepik-AI-Image-Generator-review,0,17,16
2026-05-15,https://www.lovart.ai/blog/Leonardo-AI-Review,0,14,8
2026-05-15,https://www.lovart.ai/blog/OpenArt-AI-Review,5,5328,4
2026-05-15,https://www.lovart.ai/blog/adobe-firefly-review,0,1243,7
2026-05-15,https://www.lovart.ai/blog/adobe-firefly-review-2025-features-pricing-and-honest-hands-on-test,1,36,6
2026-05-15,https://www.lovart.ai/blog/ai-poster-prompts-tutorial,15,157,4
2026-05-15,https://www.lovart.ai/blog/aiease-review,0,73,7
2026-05-15,https://www.lovart.ai/blog/artlist-ai-review,1,231,5
2026-05-15,https://www.lovart.ai/blog/capcut-ai-review,0,56,8
2026-05-15,https://www.lovart.ai/blog/civit-ai-review,0,249,7
2026-05-15,https://www.lovart.ai/blog/clipfly-ai-review,0,13,9
2026-05-15,https://www.lovart.ai/blog/craiyon-ai-review,2,1310,6
2026-05-15,https://www.lovart.ai/blog/deepai-review,1,535,10
2026-05-15,https://www.lovart.ai/blog/dreamina-ai-review,0,117,8
2026-05-15,https://www.lovart.ai/blog/flora-ai-review,0,192,8
2026-05-15,https://www.lovart.ai/blog/hedra-ai-review,0,34,9
2026-05-15,https://www.lovart.ai/blog/higgsfield-ai-review,0,124,9
2026-05-15,https://www.lovart.ai/blog/imagefx-review,2,945,7
2026-05-15,https://www.lovart.ai/blog/imagineart-review,0,11,10
2026-05-15,https://www.lovart.ai/blog/luma-dream-machine-review,4,1692,6
2026-05-15,https://www.lovart.ai/blog/master-seedance-2-lovart-viral-tiktok-secrets,1,29,25
2026-05-15,https://www.lovart.ai/blog/medeo-ai-review,2,93,8
2026-05-15,https://www.lovart.ai/blog/media-io-review,0,260,6
2026-05-15,https://www.lovart.ai/blog/pixai-review,0,12,5
2026-05-15,https://www.lovart.ai/blog/pixlr-ai-image-generator-review,0,39,12
2026-05-15,https://www.lovart.ai/blog/raster-PNG-vs-vector-svg-when-to-use-which,0,11,7
2026-05-15,https://www.lovart.ai/blog/seaart-review,0,602,6
2026-05-15,https://www.lovart.ai/blog/steve-ai-review,0,39,6
2026-05-15,https://www.lovart.ai/blog/veedio-review,0,11,7
2026-05-15,https://www.lovart.ai/canvas,63,2054,7
2026-05-15,https://www.lovart.ai/de,0,14,9
2026-05-15,https://www.lovart.ai/de/blog/dreamina-ai-review,0,2,8
2026-05-15,https://www.lovart.ai/de/blog/fotor-ai-review,0,1,8
2026-05-15,https://www.lovart.ai/de/blog/seaart-review,0,2,3
2026-05-15,https://www.lovart.ai/de/features/cafe-menu-design,0,1,6
2026-05-15,https://www.lovart.ai/features,0,200,9
2026-05-15,https://www.lovart.ai/features/ai-short-video-generator,0,47,12
2026-05-15,https://www.lovart.ai/features/ai-twitch-overlay-generator,1,138,9
2026-05-15,https://www.lovart.ai/features/ai-youtube-banner-maker,0,16,14
2026-05-15,https://www.lovart.ai/features/classroom-poster-design,0,42,5
2026-05-15,https://www.lovart.ai/features/diploma-design,0,13,6
2026-05-15,https://www.lovart.ai/features/event-program-design,3,67,5
2026-05-15,https://www.lovart.ai/features/instagram-story-layout-ideas-generator,0,60,18
2026-05-15,https://www.lovart.ai/features/magazine-layout-design,4,96,5
2026-05-15,https://www.lovart.ai/features/product-catalog-design,3,126,7
2026-05-15,https://www.lovart.ai/features/video-background-changer,0,11,8
2026-05-15,https://www.lovart.ai/features/video-background-remover,1,16,10
2026-05-15,https://www.lovart.ai/fr,7,428,7
2026-05-15,https://www.lovart.ai/fr/blog/deevid-ai-review,0,2,7
2026-05-15,https://www.lovart.ai/fr/blog/dreamina-ai-review,0,13,9
2026-05-15,https://www.lovart.ai/fr/features/ai-short-video-generator,4,14,7
2026-05-15,https://www.lovart.ai/fr/features/video-background-remover,0,1,3
2026-05-15,https://www.lovart.ai/fr/tools/free-ai-illustration-generator,1,36,6
2026-05-15,https://www.lovart.ai/fr/tools/free-ai-mockup-generator,0,17,6
2026-05-15,https://www.lovart.ai/fr/tools/ip-avatar-design-tool,0,2,5
2026-05-15,https://www.lovart.ai/it,0,4,4
2026-05-15,https://www.lovart.ai/it/tools/ai-logo-generator,0,3,7
2026-05-15,https://www.lovart.ai/it/tools/banner-design,0,12,8
2026-05-15,https://www.lovart.ai/it/tools/free-ai-mockup-generator,1,56,6
2026-05-15,https://www.lovart.ai/ja,101,357,4
2026-05-15,https://www.lovart.ai/ja/blog/adobe-illustrator-alternatives,0,11,9
2026-05-15,https://www.lovart.ai/ja/blog/ai-poster-prompts-tutorial,0,5,4
2026-05-15,https://www.lovart.ai/ja/tools/free-ai-mockup-generator,0,6,5
2026-05-15,https://www.lovart.ai/pricing,17,1196,8
2026-05-15,https://www.lovart.ai/pt,204,845,5
2026-05-15,https://www.lovart.ai/pt/blog/seaart-review,8,31,2
2026-05-15,https://www.lovart.ai/pt/features/remove-video-background,0,17,5
2026-05-15,https://www.lovart.ai/pt/tools/ai-image-extender,0,8,12
2026-05-15,https://www.lovart.ai/pt/tools/chat-to-image-ai-generator,3,77,7
2026-05-15,https://www.lovart.ai/pt/tools/free-ai-mockup-generator,2,25,7
2026-05-15,https://www.lovart.ai/pt/tools/hailuo-2.3-ai-video-generator,0,53,6
2026-05-15,https://www.lovart.ai/r/,11,1752,8
2026-05-15,https://www.lovart.ai/ru,0,11,8
2026-05-15,https://www.lovart.ai/ru/features/ai-carousel-generator,1,13,7
2026-05-15,https://www.lovart.ai/ru/tools/free-ai-mockup-generator,1,48,7
2026-05-15,https://www.lovart.ai/tools,0,304,9
2026-05-15,https://www.lovart.ai/tools/ai-anime-generator,0,28,19
2026-05-15,https://www.lovart.ai/tools/ai-art-generator,0,215,8
2026-05-15,https://www.lovart.ai/tools/ai-lip-sync-generator,0,4,5
2026-05-15,https://www.lovart.ai/tools/chat-to-image-ai-generator,0,12,7
2026-05-15,https://www.lovart.ai/tools/free-ai-illustration-generator,2,230,12
2026-05-15,https://www.lovart.ai/tools/free-ai-mockup-generator,4,93,7
2026-05-15,https://www.lovart.ai/tools/hailuo-2.3-ai-video-generator,0,123,10
2026-05-15,https://www.lovart.ai/tools/nanobanana-pro,0,98,9
2026-05-15,https://www.lovart.ai/tools/nanobanana2,0,12,6
2026-05-15,https://www.lovart.ai/tools/text-to-image-generator,2,84,12
2026-05-15,https://www.lovart.ai/tools/veo3.1,1,51,7
2026-05-15,https://www.lovart.ai/zh,37744,62910,2
2026-05-15,https://www.lovart.ai/zh-TW,44,2375,9
2026-05-15,https://www.lovart.ai/zh-TW/pricing,0,12,8
2026-05-15,https://www.lovart.ai/zh/changelog,0,28,9
2026-05-15,https://www.lovart.ai/zh/docs/getting-started/how-lovart-works,2,56,10
2026-05-15,https://www.lovart.ai/zh/features,8,330,9
2026-05-15,https://www.lovart.ai/zh/inspiration,23,239,7
2026-05-15,https://www.lovart.ai/zh/pricing,362,878,4
2026-05-15,https://www.lovart.ai/zh/tools,7,45,12
2026-05-15,https://www.lovart.ai/zh/tools/ai-anime-generator,0,6,6
2026-05-22,https://insight.lovart.ai/,91,146,3
2026-05-22,https://www.lovart.ai/,9891,28148,5
2026-05-22,https://www.lovart.ai/actions/tools/ai-face-swap,1,8,68
2026-05-22,https://www.lovart.ai/actions/tools/ai-image-enhancer,0,15,19
2026-05-22,https://www.lovart.ai/actions/tools/ai-image-upscaler,0,24,19
2026-05-22,https://www.lovart.ai/blog/Canva-AI-Image-Generator-Review,2,262,5
2026-05-22,https://www.lovart.ai/blog/Freepik-AI-Image-Generator-review,0,14,9
2026-05-22,https://www.lovart.ai/blog/OpenArt-AI-Review,0,1468,4
2026-05-22,https://www.lovart.ai/blog/adobe-firefly-review-2025-features-pricing-and-honest-hands-on-test,3,283,9
2026-05-22,https://www.lovart.ai/blog/ai-background-wallpaper-tools-compared,1,53,11
2026-05-22,https://www.lovart.ai/blog/ai-poster-prompts-tutorial,4,140,5
2026-05-22,https://www.lovart.ai/blog/artlist-ai-review,0,63,7
2026-05-22,https://www.lovart.ai/blog/best-hailuo-ai-alternatives-in-2025-cinematic-video-tools,0,20,10
2026-05-22,https://www.lovart.ai/blog/brand-kit-clothing-boutique-lovart,0,53,5
2026-05-22,https://www.lovart.ai/blog/canva-ai-image-generator-review,1,688,5
2026-05-22,https://www.lovart.ai/blog/case-study-designer-ai-image-model-workflow,1,2,4
2026-05-22,https://www.lovart.ai/blog/civit-ai-review,0,194,7
2026-05-22,https://www.lovart.ai/blog/complete-guide-ai-clipart-vector-illustration,0,14,6
2026-05-22,https://www.lovart.ai/blog/complete-guide-ai-face-swap-photo-video,0,25,6
2026-05-22,https://www.lovart.ai/blog/complete-guide-ai-sketch-drawing-generation,0,25,5
2026-05-22,https://www.lovart.ai/blog/complete-guide-image-upscaling-resolution-ai,0,13,6
2026-05-22,https://www.lovart.ai/blog/complete-guide-text-art-ascii-typography-ai,1,14,4
2026-05-22,https://www.lovart.ai/blog/craiyon-ai-review,3,1131,6
2026-05-22,https://www.lovart.ai/blog/deepai-review,0,19,8
2026-05-22,https://www.lovart.ai/blog/hailuo-ai-review-2025-cinematic-video-generation-tested-hands-on,0,29,7
2026-05-22,https://www.lovart.ai/blog/heygen-review,0,1392,6
2026-05-22,https://www.lovart.ai/blog/higgsfield-ai-review,0,18,8
2026-05-22,https://www.lovart.ai/blog/how-to-chat-generate-channel-art-lovart,0,19,6
2026-05-22,https://www.lovart.ai/blog/how-to-create-avatars-cartoons-characters-ai,0,13,8
2026-05-22,https://www.lovart.ai/blog/how-to-create-floor-plans-architecture-ai,1,13,9
2026-05-22,https://www.lovart.ai/blog/how-to-create-linkedin-banner-with-brand-kit,2,63,6
2026-05-22,https://www.lovart.ai/blog/how-to-face-swap-ai-photos-videos,1,11,13
2026-05-22,https://www.lovart.ai/blog/how-to-make-collages-moodboards-ai,0,21,35
2026-05-22,https://www.lovart.ai/blog/how-to-remove-backgrounds-online-free-bing,0,25,7
2026-05-22,https://www.lovart.ai/blog/imagefx-review,0,469,8
2026-05-22,https://www.lovart.ai/blog/imagineart-review,0,19,6
2026-05-22,https://www.lovart.ai/blog/invideo-ai-review-2025-features-pricing-and-complete-hands-on-test,0,22,8
2026-05-22,https://www.lovart.ai/blog/luma-dream-machine-review,1,85,6
2026-05-22,https://www.lovart.ai/blog/media-io-review,3,334,5
2026-05-22,https://www.lovart.ai/blog/openart-ai-review,10,3926,5
2026-05-22,https://www.lovart.ai/blog/pixai-review,2,9,8
2026-05-22,https://www.lovart.ai/blog/pixlr-ai-image-generator-review,1,76,8
2026-05-22,https://www.lovart.ai/blog/pollo-ai-review,0,13,7
2026-05-22,https://www.lovart.ai/blog/seaart-review,0,98,7
2026-05-22,https://www.lovart.ai/blog/steve-ai-review,2,131,6
2026-05-22,https://www.lovart.ai/blog/vmaker-ai-review,0,13,4
2026-05-22,https://www.lovart.ai/canvas,62,1413,7
2026-05-22,https://www.lovart.ai/features,1,240,9
2026-05-22,https://www.lovart.ai/features/ai-short-video-generator,0,35,14
2026-05-22,https://www.lovart.ai/features/ai-twitch-overlay-generator,2,111,8
2026-05-22,https://www.lovart.ai/features/blog-post-to-instagram-ai-repurposing,0,128,7
2026-05-22,https://www.lovart.ai/features/classroom-poster-design,2,34,5
2026-05-22,https://www.lovart.ai/features/diploma-design,1,6,6
2026-05-22,https://www.lovart.ai/features/event-program-design,2,22,6
2026-05-22,https://www.lovart.ai/features/instagram-highlight-cover-design,3,105,10
2026-05-22,https://www.lovart.ai/features/instagram-story-layout-ideas-generator,0,48,19
2026-05-22,https://www.lovart.ai/features/magazine-layout-design,1,45,7
2026-05-22,https://www.lovart.ai/features/product-catalog-design,3,137,7
2026-05-22,https://www.lovart.ai/fr,10,312,7
2026-05-22,https://www.lovart.ai/fr/features/ai-short-video-generator,0,22,7
2026-05-22,https://www.lovart.ai/fr/tools/free-ai-mockup-generator,3,38,6
2026-05-22,https://www.lovart.ai/fr/tools/nanobanana2,2,3,8
2026-05-22,https://www.lovart.ai/it,0,13,9
2026-05-22,https://www.lovart.ai/it/features/seamless-carousel-post-visual-storytelling,1,2,5
2026-05-22,https://www.lovart.ai/it/tools/ai-baby-podcast-generator,1,2,6
2026-05-22,https://www.lovart.ai/it/tools/banner-design,0,17,6
2026-05-22,https://www.lovart.ai/it/tools/free-ai-mockup-generator,1,45,6
2026-05-22,https://www.lovart.ai/ja,72,361,4
2026-05-22,https://www.lovart.ai/pricing,14,942,8
2026-05-22,https://www.lovart.ai/pt,222,867,5
2026-05-22,https://www.lovart.ai/pt/tools/ai-image-extender,0,29,12
2026-05-22,https://www.lovart.ai/pt/tools/chat-to-image-ai-generator,2,84,8
2026-05-22,https://www.lovart.ai/pt/tools/free-ai-mockup-generator,1,36,5
2026-05-22,https://www.lovart.ai/pt/tools/hailuo-2.3-ai-video-generator,0,79,6
2026-05-22,https://www.lovart.ai/pt/tools/veo3.1,0,18,6
2026-05-22,https://www.lovart.ai/r/,30,1224,8
2026-05-22,https://www.lovart.ai/ru,1,11,6
2026-05-22,https://www.lovart.ai/ru/tools/free-ai-mockup-generator,7,86,7
2026-05-22,https://www.lovart.ai/tools,6,212,8
2026-05-22,https://www.lovart.ai/tools/ai-anime-generator,0,13,14
2026-05-22,https://www.lovart.ai/tools/ai-art-generator,2,85,10
2026-05-22,https://www.lovart.ai/tools/ai-image-upscaler,0,12,16
2026-05-22,https://www.lovart.ai/tools/chat-to-image-ai-generator,5,67,8
2026-05-22,https://www.lovart.ai/tools/free-ai-illustration-generator,2,220,10
2026-05-22,https://www.lovart.ai/tools/free-ai-mockup-generator,3,73,9
2026-05-22,https://www.lovart.ai/tools/hailuo-2.3-ai-video-generator,0,79,9
2026-05-22,https://www.lovart.ai/tools/nanobanana-pro,0,38,9
2026-05-22,https://www.lovart.ai/tools/text-to-image-generator,0,27,28
2026-05-22,https://www.lovart.ai/tools/veo3.1,4,171,7
2026-05-22,https://www.lovart.ai/zh,35091,56948,2
2026-05-22,https://www.lovart.ai/zh-TW,30,1205,9
2026-05-22,https://www.lovart.ai/zh-TW/features/restaurant_menu_design,0,13,7
2026-05-22,https://www.lovart.ai/zh/blog/luma-dream-machine-review,0,115,7
2026-05-22,https://www.lovart.ai/zh/changelog,4,59,8
2026-05-22,https://www.lovart.ai/zh/features,4,217,9
2026-05-22,https://www.lovart.ai/zh/inspiration,10,316,8
2026-05-22,https://www.lovart.ai/zh/news,1,12,3
2026-05-22,https://www.lovart.ai/zh/pricing,303,683,3
2026-05-22,https://www.lovart.ai/zh/tools,1,12,7
2026-05-22,https://www.lovart.ai/zh/tools/nanobanana-pro,4,8,3
2026-05-29,https://blogs.lovart.ai/uizard-vs-lovart.html,0,23,8
2026-05-29,https://insight.lovart.ai/zh/features?page=1,5,71,8
2026-05-29,https://www.lovart.ai/,9800,23182,4
2026-05-29,https://www.lovart.ai/actions/tools/ai-image-upscaler,0,21,15
2026-05-29,https://www.lovart.ai/blog/adobe-firefly-review-2025-features-pricing-and-honest-hands-on-test,4,262,6
2026-05-29,https://www.lovart.ai/blog/ai-background-wallpaper-tools-compared,0,13,8
2026-05-29,https://www.lovart.ai/blog/ai-poster-prompts-tutorial,3,71,5
2026-05-29,https://www.lovart.ai/blog/best-hailuo-ai-alternatives-in-2025-cinematic-video-tools,0,26,17
2026-05-29,https://www.lovart.ai/blog/brand-kit-clothing-boutique-lovart,0,46,6
2026-05-29,https://www.lovart.ai/blog/canva-ai-image-generator-review,15,1623,5
2026-05-29,https://www.lovart.ai/blog/civit-ai-review,0,146,8
2026-05-29,https://www.lovart.ai/blog/complete-guide-ai-art-platform-selection-2026,0,29,9
2026-05-29,https://www.lovart.ai/blog/complete-guide-ai-sketch-drawing-generation,0,12,4
2026-05-29,https://www.lovart.ai/blog/complete-guide-image-upscaling-resolution-ai,3,38,5
2026-05-29,https://www.lovart.ai/blog/craiyon-ai-review,2,511,7
2026-05-29,https://www.lovart.ai/blog/heygen-review,0,203,7
2026-05-29,https://www.lovart.ai/blog/how-to-chat-generate-3d-character-lovart,0,1,4
2026-05-29,https://www.lovart.ai/blog/how-to-chat-generate-channel-art-lovart,0,17,1
2026-05-29,https://www.lovart.ai/blog/how-to-create-avatars-cartoons-characters-ai,0,11,9
2026-05-29,https://www.lovart.ai/blog/imagefx-review,1,579,8
2026-05-29,https://www.lovart.ai/blog/invideo-ai-review-2025-features-pricing-and-complete-hands-on-test,1,13,6
2026-05-29,https://www.lovart.ai/blog/media-io-review,1,209,7
2026-05-29,https://www.lovart.ai/blog/openart-ai-review,7,4610,5
2026-05-29,https://www.lovart.ai/blog/pixai-review,0,69,8
2026-05-29,https://www.lovart.ai/blog/pixlr-ai-image-generator-review,0,14,5
2026-05-29,https://www.lovart.ai/blog/steve-ai-review,0,14,6
2026-05-29,https://www.lovart.ai/canvas,18,119,8
2026-05-29,https://www.lovart.ai/canvas?inviteCode=A8Lvtd5&newProject=true,1,47,8
2026-05-29,https://www.lovart.ai/canvas?newProject=true,6,70,7
2026-05-29,https://www.lovart.ai/de/blog/brand-kit-hair-salon-lovart,0,2,6
2026-05-29,https://www.lovart.ai/de/blog/fotor-ai-review,0,1,6
2026-05-29,https://www.lovart.ai/de/blog/pixai-review,0,66,4
2026-05-29,https://www.lovart.ai/de/features/free-online-tool,1,1,9
2026-05-29,https://www.lovart.ai/features,0,220,9
2026-05-29,https://www.lovart.ai/features/ai-instagram-feed-planner,1,12,6
2026-05-29,https://www.lovart.ai/features/ai-twitch-overlay-generator,0,170,10
2026-05-29,https://www.lovart.ai/features/certificate-design,0,23,5
2026-05-29,https://www.lovart.ai/features/event-program-design,1,54,6
2026-05-29,https://www.lovart.ai/features/instagram-highlight-cover-design,0,61,12
2026-05-29,https://www.lovart.ai/features/instagram-story-layout-ideas-generator,0,16,10
2026-05-29,https://www.lovart.ai/features/magazine-layout-design,1,23,7
2026-05-29,https://www.lovart.ai/features/price-list-design,0,11,7
2026-05-29,https://www.lovart.ai/features/product-catalog-design,1,71,7
2026-05-29,https://www.lovart.ai/features/restaurant_menu_design,0,2,4
2026-05-29,https://www.lovart.ai/fr,6,170,7
2026-05-29,https://www.lovart.ai/fr/tools/ai-baby-podcast-generator,0,2,6
2026-05-29,https://www.lovart.ai/fr/tools/ai-facebook-ad-creator,0,2,6
2026-05-29,https://www.lovart.ai/fr/tools/free-ai-illustration-generator,2,26,6
2026-05-29,https://www.lovart.ai/fr/tools/free-ai-mockup-generator,0,15,5
2026-05-29,https://www.lovart.ai/fr/tools/veo3.1,0,13,5
2026-05-29,https://www.lovart.ai/it,0,11,7
2026-05-29,https://www.lovart.ai/it/tools/ai-baby-podcast-generator,1,1,8
2026-05-29,https://www.lovart.ai/it/tools/ai-logo-generator,1,16,6
2026-05-29,https://www.lovart.ai/it/tools/free-ai-mockup-generator,0,23,6
2026-05-29,https://www.lovart.ai/it/tools/sora2,0,3,8
2026-05-29,https://www.lovart.ai/ja,49,546,4
2026-05-29,https://www.lovart.ai/ja/features/graduation-invitation-design,0,12,5
2026-05-29,https://www.lovart.ai/ja/pricing,8,14,1
2026-05-29,https://www.lovart.ai/ja/tools/free-ai-mockup-generator,0,1,5
2026-05-29,https://www.lovart.ai/ko/blog/lovart-official-chinese-entry-guide,31,278,7
2026-05-29,https://www.lovart.ai/pricing,6,602,8
2026-05-29,https://www.lovart.ai/pt,282,1006,5
2026-05-29,https://www.lovart.ai/pt/features,0,14,10
2026-05-29,https://www.lovart.ai/pt/tools/ai-background-remover,0,16,8
2026-05-29,https://www.lovart.ai/pt/tools/chat-to-image-ai-generator,1,20,7
2026-05-29,https://www.lovart.ai/pt/tools/free-ai-mockup-generator,2,68,5
2026-05-29,https://www.lovart.ai/pt/tools/hailuo-2.3-ai-video-generator,0,18,7
2026-05-29,https://www.lovart.ai/r/,8,877,9
2026-05-29,https://www.lovart.ai/tools,3,204,8
2026-05-29,https://www.lovart.ai/tools/ai-avatar-generator,0,13,11
2026-05-29,https://www.lovart.ai/tools/ai-design-agent,9,44,6
2026-05-29,https://www.lovart.ai/tools/ai-image-enhancer,0,15,7
2026-05-29,https://www.lovart.ai/tools/chat-to-image-ai-generator,1,65,5
2026-05-29,https://www.lovart.ai/tools/free-ai-illustration-generator,0,88,11
2026-05-29,https://www.lovart.ai/tools/hailuo-2-3-ai-video-generator,0,13,9
2026-05-29,https://www.lovart.ai/tools/hailuo-2.3-ai-video-generator,0,30,9
2026-05-29,https://www.lovart.ai/tools/image-to-video,5,96,6
2026-05-29,https://www.lovart.ai/tools/veo3.1,4,232,6
2026-05-29,https://www.lovart.ai/zh,37105,55827,2
2026-05-29,https://www.lovart.ai/zh-TW,54,643,8
2026-05-29,https://www.lovart.ai/zh/blog/artlist-ai-review,0,42,8
2026-05-29,https://www.lovart.ai/zh/changelog,5,40,10
2026-05-29,https://www.lovart.ai/zh/features,11,95,8
2026-05-29,https://www.lovart.ai/zh/pricing,290,825,4
2026-05-29,https://www.lovart.ai/zh/tools,0,14,8
2026-06-05,https://insight.lovart.ai/,32,66,3
2026-06-05,https://insight.lovart.ai/zh/features?page=1,1,24,8
2026-06-05,https://www.lovart.ai/,11315,27408,4
2026-06-05,https://www.lovart.ai/blog/adobe-firefly-review-2025-features-pricing-and-honest-hands-on-test,2,222,6
2026-06-05,https://www.lovart.ai/blog/ai-poster-prompts-tutorial,9,107,6
2026-06-05,https://www.lovart.ai/blog/artlist-ai-review,0,12,7
2026-06-05,https://www.lovart.ai/blog/canva-ai-image-generator-review,13,1978,4
2026-06-05,https://www.lovart.ai/blog/civit-ai-review,0,112,8
2026-06-05,https://www.lovart.ai/blog/complete-guide-ai-art-platform-selection-2026,0,334,6
2026-06-05,https://www.lovart.ai/blog/complete-guide-ai-body-age-transformation-portrait,0,1,1
2026-06-05,https://www.lovart.ai/blog/complete-guide-image-upscaling-resolution-ai,0,55,6
2026-06-05,https://www.lovart.ai/blog/craiyon-ai-review,1,574,7
2026-06-05,https://www.lovart.ai/blog/heygen-review,0,59,8
2026-06-05,https://www.lovart.ai/blog/how-to-create-linkedin-banner-with-brand-kit,0,2,8
2026-06-05,https://www.lovart.ai/blog/imagefx-review,1,712,8
2026-06-05,https://www.lovart.ai/blog/media-io-review,0,315,6
2026-06-05,https://www.lovart.ai/blog/openart-ai-review,13,4543,4
2026-06-05,https://www.lovart.ai/blog/pixai-review,1,17,8
2026-06-05,https://www.lovart.ai/blog/stable-video-diffusion-review-2025-open-source-ai-video-tested,0,8,9
2026-06-05,https://www.lovart.ai/blog/starry-ai-reivew,0,5,8
2026-06-05,https://www.lovart.ai/blog/steve-ai-review,0,41,7
2026-06-05,https://www.lovart.ai/changelog,0,13,9
2026-06-05,https://www.lovart.ai/de,0,11,6
2026-06-05,https://www.lovart.ai/de/blog/civit-ai-review,0,14,6
2026-06-05,https://www.lovart.ai/de/blog/complete-guide-ai-video-model-selection-2026,0,1,1
2026-06-05,https://www.lovart.ai/de/blog/pixai-review,0,42,5
2026-06-05,https://www.lovart.ai/de/features/book-cover-design,0,2,4
2026-06-05,https://www.lovart.ai/features,6,224,6
2026-06-05,https://www.lovart.ai/features/ai-business-card-maker,0,28,5
2026-06-05,https://www.lovart.ai/features/ai-product-catalog-maker,4,106,3
2026-06-05,https://www.lovart.ai/features/ai-twitch-overlay-generator,0,152,9
2026-06-05,https://www.lovart.ai/features/ai-twitter-x-post-generator,0,1,7
2026-06-05,https://www.lovart.ai/features/design-viral-youtube-thumbnails-ai,1,3,7
2026-06-05,https://www.lovart.ai/features/diploma-design,1,27,5
2026-06-05,https://www.lovart.ai/features/event-program-design,0,16,4
2026-06-05,https://www.lovart.ai/features/food-packaging-design,0,18,7
2026-06-05,https://www.lovart.ai/features/instagram-highlight-cover-design,2,89,13
2026-06-05,https://www.lovart.ai/features/magazine-layout-design,1,50,8
2026-06-05,https://www.lovart.ai/features/product-catalog-design,1,85,7
2026-06-05,https://www.lovart.ai/fr,10,218,5
2026-06-05,https://www.lovart.ai/fr/features/ai-short-video-generator,0,11,7
2026-06-05,https://www.lovart.ai/fr/tools/free-ai-illustration-generator,1,36,6
2026-06-05,https://www.lovart.ai/fr/tools/free-ai-mockup-generator,0,46,7
2026-06-05,https://www.lovart.ai/fr/tools/veo3.1,0,9,6
2026-06-05,https://www.lovart.ai/inspiration,1,155,7
2026-06-05,https://www.lovart.ai/it/features/ai-carousel-generator,1,2,2
2026-06-05,https://www.lovart.ai/it/features/instagram-highlight-cover-design,0,1,6
2026-06-05,https://www.lovart.ai/it/tools/ai-logo-generator,1,41,6
2026-06-05,https://www.lovart.ai/it/tools/banner-design,0,6,4
2026-06-05,https://www.lovart.ai/it/tools/free-ai-illustration-generator,0,6,7
2026-06-05,https://www.lovart.ai/it/tools/sora2,0,1,10
2026-06-05,https://www.lovart.ai/ja,132,676,4
2026-06-05,https://www.lovart.ai/ja/features/graduation-invitation-design,0,2,6
2026-06-05,https://www.lovart.ai/ja/tools/ai-cartoon-avatar,0,1,4
2026-06-05,https://www.lovart.ai/ko/blog/lovart-official-chinese-entry-guide,41,477,7
2026-06-05,https://www.lovart.ai/pricing,13,543,7
2026-06-05,https://www.lovart.ai/pt,238,975,5
2026-06-05,https://www.lovart.ai/pt/features,0,29,9
2026-06-05,https://www.lovart.ai/pt/tools/ai-background-remover,0,16,7
2026-06-05,https://www.lovart.ai/pt/tools/free-ai-illustration-generator,1,15,6
2026-06-05,https://www.lovart.ai/pt/tools/free-ai-mockup-generator,0,13,8
2026-06-05,https://www.lovart.ai/pt/tools/hailuo-2.3-ai-video-generator,0,12,7
2026-06-05,https://www.lovart.ai/r/,37,1908,6
2026-06-05,https://www.lovart.ai/ru/blog/artlist-ai-review,0,1,3
2026-06-05,https://www.lovart.ai/tools,6,564,8
2026-06-05,https://www.lovart.ai/tools/ai-art-generator,1,45,6
2026-06-05,https://www.lovart.ai/tools/ai-avatar-generator,0,55,8
2026-06-05,https://www.lovart.ai/tools/ai-baby-podcast-generator,0,9,6
2026-06-05,https://www.lovart.ai/tools/ai-background-generator,0,3,9
2026-06-05,https://www.lovart.ai/tools/ai-design-agent,1,12,2
2026-06-05,https://www.lovart.ai/tools/ai-image-upscaler,1,11,6
2026-06-05,https://www.lovart.ai/tools/chat-to-image-ai-generator,8,289,4
2026-06-05,https://www.lovart.ai/tools/free-ai-illustration-generator,1,44,12
2026-06-05,https://www.lovart.ai/tools/free-ai-mockup-generator,0,16,9
2026-06-05,https://www.lovart.ai/tools/hailuo-2-3-ai-video-generator,0,35,11
2026-06-05,https://www.lovart.ai/tools/image-to-image,0,2,2
2026-06-05,https://www.lovart.ai/tools/image-to-video,1,24,6
2026-06-05,https://www.lovart.ai/tools/text-to-image-generator,1,42,6
2026-06-05,https://www.lovart.ai/tools/veo3.1,0,32,5
2026-06-05,https://www.lovart.ai/zh,31736,54411,2
2026-06-05,https://www.lovart.ai/zh-TW,78,714,7
2026-06-05,https://www.lovart.ai/zh-TW/blog/pixai-review,0,3,7
2026-06-05,https://www.lovart.ai/zh/blog/ai-video-prompt-generator,2,15,8
2026-06-05,https://www.lovart.ai/zh/blog/artlist-ai-review,0,43,8
2026-06-05,https://www.lovart.ai/zh/blog/lovart-official-chinese-entry-guide,3,11,3
2026-06-05,https://www.lovart.ai/zh/changelog,6,97,7
2026-06-05,https://www.lovart.ai/zh/features,127,1065,3
2026-06-05,https://www.lovart.ai/zh/pricing,452,4309,4
2026-06-05,https://www.lovart.ai/zh/tools,16,151,3
2026-06-12,https://insight.lovart.ai/ko/news/lovart-design-agent-public-launch-chatcanvas,20,221,3
2026-06-12,https://www.lovart.ai/,11247,29576,3
2026-06-12,https://www.lovart.ai/blog/adobe-firefly-review-2025-features-pricing-and-honest-hands-on-test,2,67,5
2026-06-12,https://www.lovart.ai/blog/ai-poster-prompts-tutorial,6,160,5
2026-06-12,https://www.lovart.ai/blog/artlist-ai-review,0,104,7
2026-06-12,https://www.lovart.ai/blog/canva-ai-image-generator-review,5,1710,5
2026-06-12,https://www.lovart.ai/blog/civit-ai-review,0,30,8
2026-06-12,https://www.lovart.ai/blog/complete-guide-ai-body-age-transformation-portrait,0,2,4
2026-06-12,https://www.lovart.ai/blog/complete-guide-photo-expansion-uncrop-ai,0,2,2
2026-06-12,https://www.lovart.ai/blog/craiyon-ai-review,0,400,7
2026-06-12,https://www.lovart.ai/blog/dreamina-ai-review,0,3,7
2026-06-12,https://www.lovart.ai/blog/hunyuan-video-review,0,1,7
2026-06-12,https://www.lovart.ai/blog/imagefx-review,1,672,8
2026-06-12,https://www.lovart.ai/blog/lovart-ai-bueiness-first-ai-creative-workflow,1,11,3
2026-06-12,https://www.lovart.ai/blog/media-io-review,0,284,6
2026-06-12,https://www.lovart.ai/blog/openart-ai-review,10,4603,4
2026-06-12,https://www.lovart.ai/blog/pixai-review,1,152,8
2026-06-12,https://www.lovart.ai/blog/pixlr-ai-image-generator-review,0,31,4
2026-06-12,https://www.lovart.ai/blog/steve-ai-review,0,72,7
2026-06-12,https://www.lovart.ai/de,0,36,4
2026-06-12,https://www.lovart.ai/de/blog/civit-ai-review,0,27,8
2026-06-12,https://www.lovart.ai/de/blog/complete-guide-ai-interior-design-room-makeover,0,18,7
2026-06-12,https://www.lovart.ai/de/blog/craiyon-ai-review,0,31,7
2026-06-12,https://www.lovart.ai/de/blog/pixai-review,0,16,7
2026-06-12,https://www.lovart.ai/de/features/birthday-invitation-design,0,2,8
2026-06-12,https://www.lovart.ai/de/features/cafe-menu-design,0,2,2
2026-06-12,https://www.lovart.ai/features,41,1240,5
2026-06-12,https://www.lovart.ai/features/ai-business-card-maker,1,60,5
2026-06-12,https://www.lovart.ai/features/ai-company-logo-maker,0,44,6
2026-06-12,https://www.lovart.ai/features/ai-image-generator,0,43,4
2026-06-12,https://www.lovart.ai/features/ai-twitch-overlay-generator,2,81,10
2026-06-12,https://www.lovart.ai/features/ai-twitter-header-creator,0,2,8
2026-06-12,https://www.lovart.ai/features/certificate-design,0,12,3
2026-06-12,https://www.lovart.ai/features/design-viral-youtube-thumbnails-ai,1,17,6
2026-06-12,https://www.lovart.ai/features/food-packaging-design,0,18,5
2026-06-12,https://www.lovart.ai/features/instagram-highlight-cover-design,1,77,8
2026-06-12,https://www.lovart.ai/features/magazine-layout-design,5,65,6
2026-06-12,https://www.lovart.ai/features/product-catalog-design,1,153,7
2026-06-12,https://www.lovart.ai/features/product-packaging-design,0,231,6
2026-06-12,https://www.lovart.ai/fr,11,295,5
2026-06-12,https://www.lovart.ai/fr/features/ai-short-video-generator,1,6,5
2026-06-12,https://www.lovart.ai/fr/tools/free-ai-illustration-generator,0,13,6
2026-06-12,https://www.lovart.ai/inspiration,1,228,6
2026-06-12,https://www.lovart.ai/it/features/ai-short-video-generator,1,1,2
2026-06-12,https://www.lovart.ai/it/features/nano-banana-ai-model,0,1,8
2026-06-12,https://www.lovart.ai/it/features/real-estate-banner-design,0,1,7
2026-06-12,https://www.lovart.ai/it/tools/ai-logo-generator,0,32,6
2026-06-12,https://www.lovart.ai/ja,154,833,4
2026-06-12,https://www.lovart.ai/ko/blog/lovart-official-chinese-entry-guide,7,135,8
2026-06-12,https://www.lovart.ai/pricing,12,749,8
2026-06-12,https://www.lovart.ai/pt,270,1230,5
2026-06-12,https://www.lovart.ai/pt/blog/what-is-civitai-red,0,61,6
2026-06-12,https://www.lovart.ai/pt/features,0,30,10
2026-06-12,https://www.lovart.ai/pt/tools,0,14,10
2026-06-12,https://www.lovart.ai/pt/tools/ai-logo-generator,0,3,6
2026-06-12,https://www.lovart.ai/r/,62,1861,6
2026-06-12,https://www.lovart.ai/tools,2,740,8
2026-06-12,https://www.lovart.ai/tools/ai-art-generator,0,48,6
2026-06-12,https://www.lovart.ai/tools/chat-to-image-ai-generator,10,204,4
2026-06-12,https://www.lovart.ai/tools/free-ai-illustration-generator,0,59,6
2026-06-12,https://www.lovart.ai/tools/free-ai-mockup-generator,0,27,8
2026-06-12,https://www.lovart.ai/tools/text-to-image-generator,0,12,6
2026-06-12,https://www.lovart.ai/zh,30460,55085,2
2026-06-12,https://www.lovart.ai/zh-TW,18,624,8
2026-06-12,https://www.lovart.ai/zh-TW/features/concert-poster-design,0,16,9
2026-06-12,https://www.lovart.ai/zh/blog/ai-video-prompt-generator,11,207,7
2026-06-12,https://www.lovart.ai/zh/blog/nano-banana-2-vs-pro,5,180,7
2026-06-12,https://www.lovart.ai/zh/changelog,2,39,12
2026-06-12,https://www.lovart.ai/zh/features,756,6641,3
2026-06-12,https://www.lovart.ai/zh/inspiration,1,45,6
2026-06-12,https://www.lovart.ai/zh/pricing,92,1177,6
2026-06-12,https://www.lovart.ai/zh/tools,18,160,3
2026-06-12,https://www.lovart.ai/zh/tools/nanobanana-pro,23,175,7
2026-06-19,https://insight.lovart.ai/,19,44,2
2026-06-19,https://insight.lovart.ai/zh/features?page=1,2,38,4
2026-06-19,https://www.lovart.ai/,10407,29055,2
2026-06-19,https://www.lovart.ai/blog/adobe-firefly-review-2025-features-pricing-and-honest-hands-on-test,0,29,5
2026-06-19,https://www.lovart.ai/blog/ai-art-platforms-compared-2026,1,3,4
2026-06-19,https://www.lovart.ai/blog/ai-poster-prompts-tutorial,1,94,6
2026-06-19,https://www.lovart.ai/blog/artlist-ai-review,0,69,8
2026-06-19,https://www.lovart.ai/blog/canva-ai-image-generator-review,4,1524,6
2026-06-19,https://www.lovart.ai/blog/complete-guide-ai-face-retouching-portrait-editing,0,3,3
2026-06-19,https://www.lovart.ai/blog/complete-guide-image-upscaling-resolution-ai,2,24,8
2026-06-19,https://www.lovart.ai/blog/craiyon-ai-review,0,235,7
2026-06-19,https://www.lovart.ai/blog/imagefx-review,1,258,8
2026-06-19,https://www.lovart.ai/blog/media-io-review,1,229,7
2026-06-19,https://www.lovart.ai/blog/openart-ai-review,5,2434,5
2026-06-19,https://www.lovart.ai/blog/pictory-ai-review-2025-ai-video-editor-features-pricing-and-test,0,1,4
2026-06-19,https://www.lovart.ai/blog/pixai-review,0,51,9
2026-06-19,https://www.lovart.ai/blog/pixlr-ai-image-generator-review,0,18,5
2026-06-19,https://www.lovart.ai/blog/steve-ai-review,0,64,7
2026-06-19,https://www.lovart.ai/canvas,11,253,3
2026-06-19,https://www.lovart.ai/de,2,19,4
2026-06-19,https://www.lovart.ai/de/blog/craiyon-ai-review,0,76,8
2026-06-19,https://www.lovart.ai/features,91,2466,3
2026-06-19,https://www.lovart.ai/features/ai-brochure-design-tool,1,13,6
2026-06-19,https://www.lovart.ai/features/ai-business-card-maker,0,28,7
2026-06-19,https://www.lovart.ai/features/ai-company-logo-maker,0,30,6
2026-06-19,https://www.lovart.ai/features/ai-twitch-overlay-generator,0,24,5
2026-06-19,https://www.lovart.ai/features/design-viral-youtube-thumbnails-ai,4,40,6
2026-06-19,https://www.lovart.ai/features/food-packaging-design,0,17,4
2026-06-19,https://www.lovart.ai/features/instagram-highlight-cover-design,1,19,6
2026-06-19,https://www.lovart.ai/features/magazine-layout-design,3,35,6
2026-06-19,https://www.lovart.ai/features/product-catalog-design,4,244,8
2026-06-19,https://www.lovart.ai/features/product-packaging-design,0,210,6
2026-06-19,https://www.lovart.ai/fr,13,375,4
2026-06-19,https://www.lovart.ai/fr/tools/free-ai-illustration-generator,0,12,6
2026-06-19,https://www.lovart.ai/home?ls=1,2,4,7
2026-06-19,https://www.lovart.ai/inspiration,5,285,5
2026-06-19,https://www.lovart.ai/it,3,49,4
2026-06-19,https://www.lovart.ai/it/tools/ai-image-upscaler,0,1,2
2026-06-19,https://www.lovart.ai/it/tools/banner-design,0,1,9
2026-06-19,https://www.lovart.ai/it/tools/free-ai-illustration-generator,0,3,6
2026-06-19,https://www.lovart.ai/it/tools/free-ai-mockup-generator,0,12,8
2026-06-19,https://www.lovart.ai/ja,114,809,3
2026-06-19,https://www.lovart.ai/ko/blog/lovart-official-chinese-entry-guide,6,67,7
2026-06-19,https://www.lovart.ai/pricing,15,566,7
2026-06-19,https://www.lovart.ai/pt,225,1110,4
2026-06-19,https://www.lovart.ai/pt/blog/what-is-civitai-red,0,72,5
2026-06-19,https://www.lovart.ai/pt/tools/ai-image-enhancer,0,2,8
2026-06-19,https://www.lovart.ai/pt/tools/ai-pinterest-pin-maker-by-lovart,0,1,8
2026-06-19,https://www.lovart.ai/r/,34,1339,6
2026-06-19,https://www.lovart.ai/r/drz0bdf,0,9,2
2026-06-19,https://www.lovart.ai/tools,8,489,7
2026-06-19,https://www.lovart.ai/tools/ai-art-generator,2,162,5
2026-06-19,https://www.lovart.ai/tools/ai-image-extender,0,1,13
2026-06-19,https://www.lovart.ai/tools/chat-to-image-ai-generator,10,138,4
2026-06-19,https://www.lovart.ai/tools/free-ai-illustration-generator,5,151,5
2026-06-19,https://www.lovart.ai/tools/image-to-image,0,1,609
2026-06-19,https://www.lovart.ai/zh,25590,45900,2
2026-06-19,https://www.lovart.ai/zh-TW,21,284,6
2026-06-19,https://www.lovart.ai/zh/blog/ai-video-prompt-generator,6,78,6
2026-06-19,https://www.lovart.ai/zh/blog/how-to-generate-cinematic-video-prompts,0,11,7
2026-06-19,https://www.lovart.ai/zh/blog/nano-banana-2-vs-pro,2,131,6
2026-06-19,https://www.lovart.ai/zh/features,1216,9484,3
2026-06-19,https://www.lovart.ai/zh/pricing,134,648,4
2026-06-19,https://www.lovart.ai/zh/tools,5,93,6
2026-06-19,https://www.lovart.ai/zh/tools/nanobanana-pro,14,211,5
2026-06-26,https://insight.lovart.ai/,126,314,2
2026-06-26,https://insight.lovart.ai/zh/features?page=1,0,52,5
2026-06-26,https://www.lovart.ai/,10259,31533,2
2026-06-26,https://www.lovart.ai/blog/ai-poster-prompts-tutorial,3,96,5
2026-06-26,https://www.lovart.ai/blog/artlist-ai-review,0,27,8
2026-06-26,https://www.lovart.ai/blog/canva-ai-image-generator-review,4,854,7
2026-06-26,https://www.lovart.ai/blog/complete-guide-ai-avatar-digital-identity,0,90,8
2026-06-26,https://www.lovart.ai/blog/craiyon-ai-review,0,61,7
2026-06-26,https://www.lovart.ai/blog/heygen-review,0,23,8
2026-06-26,https://www.lovart.ai/blog/imagefx-review,0,216,8
2026-06-26,https://www.lovart.ai/blog/insight-2028-design-trends,0,1,1
2026-06-26,https://www.lovart.ai/blog/lovart-official-chinese-entry-guide,5,67,5
2026-06-26,https://www.lovart.ai/blog/media-io-review,0,35,9
2026-06-26,https://www.lovart.ai/blog/openart-ai-review,4,851,6
2026-06-26,https://www.lovart.ai/blog/pixai-review,0,13,8
2026-06-26,https://www.lovart.ai/canvas,4,14,2
2026-06-26,https://www.lovart.ai/canvas?newProject=true,5,107,3
2026-06-26,https://www.lovart.ai/de,2,111,2
2026-06-26,https://www.lovart.ai/de/blog/craiyon-ai-review,0,2,8
2026-06-26,https://www.lovart.ai/de/blog/pollo-ai-review,0,1,3
2026-06-26,https://www.lovart.ai/de/blog/product-catalogue-ai-guide,0,1,7
2026-06-26,https://www.lovart.ai/de/features/ai-product-catalog-maker,0,1,8
2026-06-26,https://www.lovart.ai/de/features/instagram-story-design,0,1,4
2026-06-26,https://www.lovart.ai/features,181,3587,2
2026-06-26,https://www.lovart.ai/features/ai-brochure-design-tool,0,11,5
2026-06-26,https://www.lovart.ai/features/ai-business-card-maker,1,14,4
2026-06-26,https://www.lovart.ai/features/ai-company-logo-maker,0,28,6
2026-06-26,https://www.lovart.ai/features/certificate-design,0,14,4
2026-06-26,https://www.lovart.ai/features/design-viral-youtube-thumbnails-ai,0,5,5
2026-06-26,https://www.lovart.ai/features/design-viral-youtube-thumbnails-ai-by-lovart,0,1,6
2026-06-26,https://www.lovart.ai/features/food-packaging-design,0,11,5
2026-06-26,https://www.lovart.ai/features/instagram-highlight-cover-design,0,17,6
2026-06-26,https://www.lovart.ai/features/magazine-layout-design,3,19,4
2026-06-26,https://www.lovart.ai/features/product-catalog-design,0,33,11
2026-06-26,https://www.lovart.ai/features/product-packaging-design,0,92,6
2026-06-26,https://www.lovart.ai/fr,35,592,3
2026-06-26,https://www.lovart.ai/fr/features/ai-business-card-maker,0,2,4
2026-06-26,https://www.lovart.ai/fr/features/ai-short-video-generator,0,8,8
2026-06-26,https://www.lovart.ai/fr/features/restaurant-business-card-design,0,1,8
2026-06-26,https://www.lovart.ai/fr/tools/nano-banana-free,0,2,9
2026-06-26,https://www.lovart.ai/inspiration,3,537,5
2026-06-26,https://www.lovart.ai/it,1,105,3
2026-06-26,https://www.lovart.ai/it/tools/ai-image-enhancer,1,1,7
2026-06-26,https://www.lovart.ai/it/tools/ai-image-extender,0,1,3
2026-06-26,https://www.lovart.ai/it/tools/ai-logo-generator,0,6,6
2026-06-26,https://www.lovart.ai/ja,131,1231,3
2026-06-26,https://www.lovart.ai/ja/blog/civit-ai-review,0,1,5
2026-06-26,https://www.lovart.ai/ko,0,57,3
2026-06-26,https://www.lovart.ai/ko/blog/lovart-official-chinese-entry-guide,8,183,8
2026-06-26,https://www.lovart.ai/ko/blog/pixai-review,0,12,9
2026-06-26,https://www.lovart.ai/news,6,253,3
2026-06-26,https://www.lovart.ai/pricing,17,450,6
2026-06-26,https://www.lovart.ai/pt,152,798,3
2026-06-26,https://www.lovart.ai/pt/blog/what-is-civitai-red,0,55,5
2026-06-26,https://www.lovart.ai/pt/features,0,26,9
2026-06-26,https://www.lovart.ai/pt/features/restaurant_menu_design,0,2,10
2026-06-26,https://www.lovart.ai/r/,57,1691,5
2026-06-26,https://www.lovart.ai/r/drz0bdf,0,11,3
2026-06-26,https://www.lovart.ai/tools,9,532,6
2026-06-26,https://www.lovart.ai/tools/ai-art-generator,7,273,4
2026-06-26,https://www.lovart.ai/tools/ai-background-remover,0,1,4
2026-06-26,https://www.lovart.ai/tools/ai-image-enhancer,0,5,12
2026-06-26,https://www.lovart.ai/tools/chat-to-image-ai-generator,5,128,4
2026-06-26,https://www.lovart.ai/tools/free-ai-illustration-generator,2,247,3
2026-06-26,https://www.lovart.ai/tools/nanobanana2,0,5,30
2026-06-26,https://www.lovart.ai/zh,23799,47857,2
2026-06-26,https://www.lovart.ai/zh-TW,18,668,7
2026-06-26,https://www.lovart.ai/zh/blog/artlist-ai-review,0,12,8
2026-06-26,https://www.lovart.ai/zh/blog/complete-guide-ai-texture-material-generation,2,20,5
2026-06-26,https://www.lovart.ai/zh/blog/nano-banana-2-vs-pro,0,90,7
2026-06-26,https://www.lovart.ai/zh/features,2490,18611,3
2026-06-26,https://www.lovart.ai/zh/features/infinite-chatcanvas-ai-collaboration,3,13,4
2026-06-26,https://www.lovart.ai/zh/pricing,176,1087,4
2026-06-26,https://www.lovart.ai/zh/tools,3,205,7
2026-07-03,https://insight.lovart.ai/,4,13,3
2026-07-03,https://insight.lovart.ai/zh/features?page=1,0,80,8
2026-07-03,https://www.lovart.ai/,9740,66710,4
2026-07-03,https://www.lovart.ai/blog/ai-poster-prompts-tutorial,6,75,6
2026-07-03,https://www.lovart.ai/blog/artlist-ai-review,0,33,8
2026-07-03,https://www.lovart.ai/blog/canva-ai-image-generator-review,5,913,6
2026-07-03,https://www.lovart.ai/blog/civit-ai-review,0,11,9
2026-07-03,https://www.lovart.ai/blog/complete-guide-ai-avatar-digital-identity,1,11,5
2026-07-03,https://www.lovart.ai/blog/complete-guide-ai-sketch-drawing-generation,0,12,6
2026-07-03,https://www.lovart.ai/blog/complete-guide-ai-texture-material-generation,1,34,6
2026-07-03,https://www.lovart.ai/blog/complete-guide-real-estate-marketing-design-ai,0,17,8
2026-07-03,https://www.lovart.ai/blog/craiyon-ai-review,0,152,8
2026-07-03,https://www.lovart.ai/blog/deepai-review,0,3,10
2026-07-03,https://www.lovart.ai/blog/heygen-review,0,12,9
2026-07-03,https://www.lovart.ai/blog/how-to-create-banners-display-ads-ai,0,345,6
2026-07-03,https://www.lovart.ai/blog/imagefx-review,2,494,8
2026-07-03,https://www.lovart.ai/blog/leonardo-ai-review,0,14,9
2026-07-03,https://www.lovart.ai/blog/lovart-official-chinese-entry-guide,1,36,5
2026-07-03,https://www.lovart.ai/blog/media-io-review,0,128,7
2026-07-03,https://www.lovart.ai/blog/nano-banana-2-vs-pro,0,54,6
2026-07-03,https://www.lovart.ai/blog/openart-ai-review,3,2816,5
2026-07-03,https://www.lovart.ai/blog/pixai-review,1,208,8
2026-07-03,https://www.lovart.ai/blog/pixlr-ai-image-generator-review,0,27,5
2026-07-03,https://www.lovart.ai/blog/s13-why-your-designs-look-amateur,0,12,3
2026-07-03,https://www.lovart.ai/blog/what-is-civitai-red,14,2114,6
2026-07-03,https://www.lovart.ai/de,7,121,2
2026-07-03,https://www.lovart.ai/de/blog/craiyon-ai-review,0,68,8
2026-07-03,https://www.lovart.ai/de/blog/pixai-review,0,5,4
2026-07-03,https://www.lovart.ai/de/features/birthday-invitation-design,0,1,3
2026-07-03,https://www.lovart.ai/de/features/event-poster-maker,0,1,2
2026-07-03,https://www.lovart.ai/de/tools/nano-banana-free,0,3,10
2026-07-03,https://www.lovart.ai/features,177,3993,3
2026-07-03,https://www.lovart.ai/features/ai-business-card-maker,0,24,9
2026-07-03,https://www.lovart.ai/features/ai-company-logo-maker,0,37,3
2026-07-03,https://www.lovart.ai/features/ai-image-generator,0,64,3
2026-07-03,https://www.lovart.ai/features/ai-twitch-overlay-generator,2,47,7
2026-07-03,https://www.lovart.ai/features/ai-twitter-header-creator,0,2,4
2026-07-03,https://www.lovart.ai/features/food-packaging-design,0,13,6
2026-07-03,https://www.lovart.ai/features/free-online-tool,0,2,5
2026-07-03,https://www.lovart.ai/features/instagram-highlight-cover-design,1,4,5
2026-07-03,https://www.lovart.ai/features/magazine-layout-design,2,35,5
2026-07-03,https://www.lovart.ai/features/product-catalog-design,0,60,8
2026-07-03,https://www.lovart.ai/features/product-packaging-design,0,109,5
2026-07-03,https://www.lovart.ai/fr,5,597,3
2026-07-03,https://www.lovart.ai/fr/tools/ai-background-generator,2,3,5
2026-07-03,https://www.lovart.ai/inspiration,9,930,5
2026-07-03,https://www.lovart.ai/it,2,48,3
2026-07-03,https://www.lovart.ai/it/features/banner-design,0,3,6
2026-07-03,https://www.lovart.ai/it/tools/ai-art-generator,0,1,4
2026-07-03,https://www.lovart.ai/it/tools/ai-cartoon-avatar,0,2,7
2026-07-03,https://www.lovart.ai/it/tools/ai-logo-generator,0,14,6
2026-07-03,https://www.lovart.ai/it/tools/banner-design,0,2,6
2026-07-03,https://www.lovart.ai/ja,144,1315,3
2026-07-03,https://www.lovart.ai/ja/blog/luma-dream-machine-review-2025-features-pricing-and-honest-performance-test,0,15,5
2026-07-03,https://www.lovart.ai/ja/tools,0,2,5
2026-07-03,https://www.lovart.ai/ja/tools/ai-image-extender,0,1,4
2026-07-03,https://www.lovart.ai/ko,0,11,3
2026-07-03,https://www.lovart.ai/ko/blog/lovart-official-chinese-entry-guide,11,155,8
2026-07-03,https://www.lovart.ai/news,0,261,5
2026-07-03,https://www.lovart.ai/pricing,9,472,6
2026-07-03,https://www.lovart.ai/pt,103,865,3
2026-07-03,https://www.lovart.ai/pt/blog/ai-face-swap-tools-compared,1,1,1
2026-07-03,https://www.lovart.ai/pt/blog/what-is-civitai-red,0,125,5
2026-07-03,https://www.lovart.ai/pt/features/pixel-pusher-to-creative-director,0,1,1
2026-07-03,https://www.lovart.ai/pt/tools/nano-banana-free,0,2,8
2026-07-03,https://www.lovart.ai/r/,30,2751,6
2026-07-03,https://www.lovart.ai/r/drz0bdf,1,76,3
2026-07-03,https://www.lovart.ai/tools,4,703,7
2026-07-03,https://www.lovart.ai/tools/ai-art-generator,0,368,4
2026-07-03,https://www.lovart.ai/tools/ai-brochure-maker,1,66,7
2026-07-03,https://www.lovart.ai/tools/ai-design-suite,7,123,5
2026-07-03,https://www.lovart.ai/tools/ai-email-signature,0,26,5
2026-07-03,https://www.lovart.ai/tools/ai-letterhead-maker,0,11,7
2026-07-03,https://www.lovart.ai/tools/ai-photo-editor-pro,0,1,10
2026-07-03,https://www.lovart.ai/tools/ai-scrapbook,0,59,3
2026-07-03,https://www.lovart.ai/tools/ai-snapchat-filter,0,2,8
2026-07-03,https://www.lovart.ai/tools/ai-tools-platform,0,11,5
2026-07-03,https://www.lovart.ai/tools/ai-youtube-end-screen,0,12,7
2026-07-03,https://www.lovart.ai/tools/all-in-one-design-platform,1,15,4
2026-07-03,https://www.lovart.ai/tools/chat-to-image-ai-generator,3,43,3
2026-07-03,https://www.lovart.ai/tools/creative-platform-ai,0,3,2
2026-07-03,https://www.lovart.ai/tools/free-ai-illustration-generator,5,228,5
2026-07-03,https://www.lovart.ai/tools/nanobanana2,0,3,47
2026-07-03,https://www.lovart.ai/tools/text-to-image-generator,0,27,12
2026-07-03,https://www.lovart.ai/zh,25727,48526,2
2026-07-03,https://www.lovart.ai/zh-TW,28,1782,8
2026-07-03,https://www.lovart.ai/zh-TW/blog/medeo-ai-review-2025-ai-video-creation-platform-features-and-verdict,0,11,7
2026-07-03,https://www.lovart.ai/zh-TW/tools/ai-room-planner,0,2,2
2026-07-03,https://www.lovart.ai/zh-TW/tools/nano-banana-free,0,4,5
2026-07-03,https://www.lovart.ai/zh/blog/ai-infinite-canvas-guide,3,11,5
2026-07-03,https://www.lovart.ai/zh/blog/complete-guide-ai-texture-material-generation,6,57,5
2026-07-03,https://www.lovart.ai/zh/blog/how-to-generate-cinematic-video-prompts,1,13,6
2026-07-03,https://www.lovart.ai/zh/blog/nano-banana-2-vs-pro,1,69,7
2026-07-03,https://www.lovart.ai/zh/blog/what-is-civitai-red,6,376,6
2026-07-03,https://www.lovart.ai/zh/features,3854,22121,2
2026-07-03,https://www.lovart.ai/zh/features/seedance-2-0-ai-video-generator,0,48,8
2026-07-03,https://www.lovart.ai/zh/inspiration,0,18,9
2026-07-03,https://www.lovart.ai/zh/pricing,87,1109,6
2026-07-03,https://www.lovart.ai/zh/tools,16,535,7
2026-07-03,https://www.lovart.ai/zh/tools/nanobanana-pro,0,5,4
2026-07-10,https://insight.lovart.ai/,10,22,4
2026-07-10,https://insight.lovart.ai/zh/features?page=1,2,73,7
2026-07-10,https://www.lovart.ai/,10129,43545,3
2026-07-10,https://www.lovart.ai/blog/ai-art-copyright-2026,0,1,4
2026-07-10,https://www.lovart.ai/blog/ai-poster-prompts-tutorial,4,92,5
2026-07-10,https://www.lovart.ai/blog/artlist-ai-review,0,18,9
2026-07-10,https://www.lovart.ai/blog/best-ai-design-tools-2026,0,11,8
2026-07-10,https://www.lovart.ai/blog/canva-ai-image-generator-review,0,828,6
2026-07-10,https://www.lovart.ai/blog/complete-guide-text-art-ascii-typography-ai,0,14,6
2026-07-10,https://www.lovart.ai/blog/craiyon-ai-review,0,258,7
2026-07-10,https://www.lovart.ai/blog/heygen-review,0,16,8
2026-07-10,https://www.lovart.ai/blog/how-to-use-veo3-free,4,86,6
2026-07-10,https://www.lovart.ai/blog/imagefx-review,2,418,7
2026-07-10,https://www.lovart.ai/blog/lovart-official-chinese-entry-guide,6,83,5
2026-07-10,https://www.lovart.ai/blog/media-io-review,0,16,8
2026-07-10,https://www.lovart.ai/blog/nano-banana-2-vs-pro,0,11,8
2026-07-10,https://www.lovart.ai/blog/openart-ai-review,6,3735,5
2026-07-10,https://www.lovart.ai/blog/pixai-review,0,137,9
2026-07-10,https://www.lovart.ai/blog/pixlr-ai-image-generator-review,0,81,5
2026-07-10,https://www.lovart.ai/blog/seaart-ai-alternative,0,11,2
2026-07-10,https://www.lovart.ai/blog/what-is-civitai-red,25,4119,6
2026-07-10,https://www.lovart.ai/de,6,117,2
2026-07-10,https://www.lovart.ai/de/blog/craiyon-ai-review,0,17,8
2026-07-10,https://www.lovart.ai/de/blog/how-to-generate-cinematic-video-prompts,0,1,2
2026-07-10,https://www.lovart.ai/de/blog/openart-ai-review,0,2,6
2026-07-10,https://www.lovart.ai/de/features/food-flyer-design,0,1,8
2026-07-10,https://www.lovart.ai/de/features/food-poster-design,0,1,3
2026-07-10,https://www.lovart.ai/features,220,4446,2
2026-07-10,https://www.lovart.ai/features/ai-company-logo-maker,0,13,5
2026-07-10,https://www.lovart.ai/features/ai-image-generator,2,80,4
2026-07-10,https://www.lovart.ai/features/ai-twitch-overlay-generator,0,109,9
2026-07-10,https://www.lovart.ai/features/instagram-highlight-cover-design,0,3,3
2026-07-10,https://www.lovart.ai/features/magazine-layout-design,4,133,6
2026-07-10,https://www.lovart.ai/features/product-catalog-design,0,84,7
2026-07-10,https://www.lovart.ai/features/product-packaging-design,0,55,4
2026-07-10,https://www.lovart.ai/fr,13,478,2
2026-07-10,https://www.lovart.ai/fr/features/ai-instagram-story-layout-generator,1,2,4
2026-07-10,https://www.lovart.ai/fr/features/ai-short-video-generator,0,5,6
2026-07-10,https://www.lovart.ai/fr/tools/chat-to-image-ai-generator,0,1,4
2026-07-10,https://www.lovart.ai/inspiration,13,1051,5
2026-07-10,https://www.lovart.ai/it,1,45,3
2026-07-10,https://www.lovart.ai/it/features/ai-instagram-feed-planner,0,1,5
2026-07-10,https://www.lovart.ai/it/features/facebook-post-template-generator,1,2,4
2026-07-10,https://www.lovart.ai/it/tools/ai-anime-generator,0,2,2
2026-07-10,https://www.lovart.ai/it/tools/free-ai-illustration-generator,0,1,4
2026-07-10,https://www.lovart.ai/it/tools/ip-avatar-design-tool,0,1,3
2026-07-10,https://www.lovart.ai/it/tools/text-to-image-generator,0,1,6
2026-07-10,https://www.lovart.ai/ja,118,1554,3
2026-07-10,https://www.lovart.ai/ja/blog/what-is-civitai-red,0,652,8
2026-07-10,https://www.lovart.ai/ko/blog/lovart-official-chinese-entry-guide,10,187,8
2026-07-10,https://www.lovart.ai/news,0,93,7
2026-07-10,https://www.lovart.ai/pricing,6,327,8
2026-07-10,https://www.lovart.ai/pt,73,711,3
2026-07-10,https://www.lovart.ai/pt/blog/nano-banana-2-vs-pro,0,1,9
2026-07-10,https://www.lovart.ai/pt/blog/what-is-civitai-red,1,117,6
2026-07-10,https://www.lovart.ai/pt/features,0,3,6
2026-07-10,https://www.lovart.ai/pt/tools/ai-image-enhancer,0,2,8
2026-07-10,https://www.lovart.ai/r/,8,1413,6
2026-07-10,https://www.lovart.ai/r/drz0bdf,1,28,3
2026-07-10,https://www.lovart.ai/tools,1,275,6
2026-07-10,https://www.lovart.ai/tools/ai-art-generator,6,480,3
2026-07-10,https://www.lovart.ai/tools/ai-brochure-maker,0,31,7
2026-07-10,https://www.lovart.ai/tools/ai-design-suite,2,58,3
2026-07-10,https://www.lovart.ai/tools/ai-image-generator-no-watermark,0,3,13
2026-07-10,https://www.lovart.ai/tools/ai-letterhead-maker,1,11,6
2026-07-10,https://www.lovart.ai/tools/ai-poster-maker-free,2,63,6
2026-07-10,https://www.lovart.ai/tools/ai-video-editor,4,133,6
2026-07-10,https://www.lovart.ai/tools/chat-to-image-ai-generator,8,82,4
2026-07-10,https://www.lovart.ai/tools/free-ai-illustration-generator,3,78,5
2026-07-10,https://www.lovart.ai/tools/nano-banana-free,0,3,2
2026-07-10,https://www.lovart.ai/tools/nanobanana-pro,1,7,4
2026-07-10,https://www.lovart.ai/tools/nanobanana2,0,3,14
2026-07-10,https://www.lovart.ai/tools/text-to-image-generator,1,89,7
2026-07-10,https://www.lovart.ai/topics/ai-logo-generator,0,1,5
2026-07-10,https://www.lovart.ai/zh,20976,45327,2
2026-07-10,https://www.lovart.ai/zh-TW,14,626,7
2026-07-10,https://www.lovart.ai/zh-TW/blog/what-is-civitai-red,1,83,7
2026-07-10,https://www.lovart.ai/zh/blog/artlist-ai-review,0,14,9
2026-07-10,https://www.lovart.ai/zh/blog/complete-guide-ai-texture-material-generation,3,25,5
2026-07-10,https://www.lovart.ai/zh/blog/how-to-generate-cinematic-video-prompts,4,38,6
2026-07-10,https://www.lovart.ai/zh/blog/nano-banana-2-vs-pro,0,38,8
2026-07-10,https://www.lovart.ai/zh/blog/openart-ai-review,0,120,8
2026-07-10,https://www.lovart.ai/zh/blog/what-is-civitai-red,16,589,5
2026-07-10,https://www.lovart.ai/zh/features,3221,24104,2
2026-07-10,https://www.lovart.ai/zh/pricing,43,1041,7
2026-07-10,https://www.lovart.ai/zh/tools,5,212,7
2026-07-17,https://blogs.lovart.ai/youtube-thumbnail-design-science.html,0,14,3
2026-07-17,https://insight.lovart.ai/,14,46,5
2026-07-17,https://insight.lovart.ai/zh/features?page=1,0,16,4
2026-07-17,https://www.lovart.ai/,9738,25536,2
2026-07-17,https://www.lovart.ai/blog/ai-logo-design-prompts,0,13,5
2026-07-17,https://www.lovart.ai/blog/ai-poster-prompts-tutorial,3,47,6
2026-07-17,https://www.lovart.ai/blog/canva-ai-image-generator-review,0,380,7
2026-07-17,https://www.lovart.ai/blog/complete-guide-ai-art-generation-text-to-art,0,1,3
2026-07-17,https://www.lovart.ai/blog/complete-guide-consistent-ai-character-design,0,53,4
2026-07-17,https://www.lovart.ai/blog/craiyon-ai-review,0,133,8
2026-07-17,https://www.lovart.ai/blog/freepik-ai-image-generator-review,1,79,7
2026-07-17,https://www.lovart.ai/blog/how-to-use-veo3-free,5,126,5
2026-07-17,https://www.lovart.ai/blog/hunyuan-video-review,0,16,6
2026-07-17,https://www.lovart.ai/blog/imagefx-review,3,444,7
2026-07-17,https://www.lovart.ai/blog/imagineart-review,0,11,7
2026-07-17,https://www.lovart.ai/blog/lovart-official-chinese-entry-guide,5,53,5
2026-07-17,https://www.lovart.ai/blog/media-io-review,0,95,8
2026-07-17,https://www.lovart.ai/blog/openart-ai-review,1,890,7
2026-07-17,https://www.lovart.ai/blog/pixlr-ai-image-generator-review,0,31,5
2026-07-17,https://www.lovart.ai/blog/pixverse-ai-review,0,55,8
2026-07-17,https://www.lovart.ai/blog/seaart-ai-alternative,1,11,2
2026-07-17,https://www.lovart.ai/blog/what-is-civitai-red,22,4101,6
2026-07-17,https://www.lovart.ai/canvas,10,119,5
2026-07-17,https://www.lovart.ai/de,3,153,2
2026-07-17,https://www.lovart.ai/de/blog/craiyon-ai-review,0,2,9
2026-07-17,https://www.lovart.ai/de/blog/pixai-review,0,27,5
2026-07-17,https://www.lovart.ai/de/features/magazine-layout-design,0,12,7
2026-07-17,https://www.lovart.ai/de/tools/ai-anime-generator,0,1,8
2026-07-17,https://www.lovart.ai/features,224,4184,2
2026-07-17,https://www.lovart.ai/features/ai-image-generator,0,30,2
2026-07-17,https://www.lovart.ai/features/ai-twitch-overlay-generator,0,12,4
2026-07-17,https://www.lovart.ai/features/certificate-design,0,15,4
2026-07-17,https://www.lovart.ai/features/design-viral-youtube-thumbnails-ai,1,6,7
2026-07-17,https://www.lovart.ai/features/instagram-highlight-cover-design,0,4,2
2026-07-17,https://www.lovart.ai/features/magazine-layout-design,2,66,6
2026-07-17,https://www.lovart.ai/features/nano-banana-presentation-slides,0,16,6
2026-07-17,https://www.lovart.ai/features/video-background-remover,1,73,16
2026-07-17,https://www.lovart.ai/fr,15,443,2
2026-07-17,https://www.lovart.ai/fr/features/ai-instagram-feed-planner,0,2,5
2026-07-17,https://www.lovart.ai/home?ls=1,0,35,6
2026-07-17,https://www.lovart.ai/inspiration,12,748,3
2026-07-17,https://www.lovart.ai/it,4,76,4
2026-07-17,https://www.lovart.ai/it/features/banner-design,0,5,6
2026-07-17,https://www.lovart.ai/it/tools/ai-anime-generator,0,6,5
2026-07-17,https://www.lovart.ai/it/tools/ai-logo-generator,0,2,6
2026-07-17,https://www.lovart.ai/it/tools/ai-scrapbook,2,15,10
2026-07-17,https://www.lovart.ai/ja,102,1279,4
2026-07-17,https://www.lovart.ai/ja/blog/what-is-civitai-red,4,1309,7
2026-07-17,https://www.lovart.ai/ko/blog/lovart-official-chinese-entry-guide,22,268,6
2026-07-17,https://www.lovart.ai/ko/blog/what-is-civitai-red,1,21,5
2026-07-17,https://www.lovart.ai/pricing,7,173,6
2026-07-17,https://www.lovart.ai/pt,81,836,3
2026-07-17,https://www.lovart.ai/pt/blog/what-is-civitai-red,0,132,5
2026-07-17,https://www.lovart.ai/r/,10,679,5
2026-07-17,https://www.lovart.ai/r/drz0bdf,1,37,3
2026-07-17,https://www.lovart.ai/tools,2,178,6
2026-07-17,https://www.lovart.ai/tools/ai-anime-generator,0,5,8
2026-07-17,https://www.lovart.ai/tools/ai-art-generator,13,548,3
2026-07-17,https://www.lovart.ai/tools/ai-brochure-maker,2,79,6
2026-07-17,https://www.lovart.ai/tools/ai-certificate-maker,2,24,5
2026-07-17,https://www.lovart.ai/tools/ai-design-suite,2,50,3
2026-07-17,https://www.lovart.ai/tools/ai-poster-maker-free,0,62,7
2026-07-17,https://www.lovart.ai/tools/ai-scrapbook,0,49,5
2026-07-17,https://www.lovart.ai/tools/chat-to-image-ai-generator,1,30,4
2026-07-17,https://www.lovart.ai/tools/free-ai-illustration-generator,0,35,3
2026-07-17,https://www.lovart.ai/zh,19766,42806,2
2026-07-17,https://www.lovart.ai/zh-TW,8,456,7
2026-07-17,https://www.lovart.ai/zh-TW/blog/what-is-civitai-red,3,233,8
2026-07-17,https://www.lovart.ai/zh-TW/pricing,2,14,5
2026-07-17,https://www.lovart.ai/zh/blog/ai-infinite-canvas-guide,2,25,4
2026-07-17,https://www.lovart.ai/zh/blog/complete-guide-ai-texture-material-generation,0,11,6
2026-07-17,https://www.lovart.ai/zh/blog/nano-banana-2-vs-pro,0,43,7
2026-07-17,https://www.lovart.ai/zh/blog/openart-ai-review,2,75,6
2026-07-17,https://www.lovart.ai/zh/blog/what-is-civitai-red,13,362,6
2026-07-17,https://www.lovart.ai/zh/features,2964,23200,2
2026-07-17,https://www.lovart.ai/zh/pricing,55,550,6
2026-07-17,https://www.lovart.ai/zh/tools,1,63,8
2026-07-24,https://blogs.lovart.ai/youtube-thumbnail-design-science.html,1,11,3
2026-07-24,https://www.lovart.ai/,9352,27059,2
2026-07-24,https://www.lovart.ai/blog/ai-logo-design-prompts,0,38,5
2026-07-24,https://www.lovart.ai/blog/ai-poster-prompts-tutorial,0,153,5
2026-07-24,https://www.lovart.ai/blog/ai-youtube-thumbnail-prompts,0,14,5
2026-07-24,https://www.lovart.ai/blog/complete-guide-ai-face-retouching-portrait-editing,0,15,4
2026-07-24,https://www.lovart.ai/blog/complete-guide-consistent-ai-character-design,0,82,5
2026-07-24,https://www.lovart.ai/blog/craiyon-ai-review,0,11,7
2026-07-24,https://www.lovart.ai/blog/freepik-ai-image-generator-review,1,27,6
2026-07-24,https://www.lovart.ai/blog/imagefx-review,1,165,8
2026-07-24,https://www.lovart.ai/blog/what-is-civitai-red,15,4549,6
2026-07-24,https://www.lovart.ai/canvas,1,13,7
2026-07-24,https://www.lovart.ai/canvas*,7,53,2
2026-07-24,https://www.lovart.ai/de,5,150,2
2026-07-24,https://www.lovart.ai/de/blog/civit-ai-review,0,3,8
2026-07-24,https://www.lovart.ai/de/blog/openart-ai-alternatives,2,5,8
2026-07-24,https://www.lovart.ai/de/blog/openart-ai-review,0,5,8
2026-07-24,https://www.lovart.ai/de/features/instagram-story-maker,0,1,3
2026-07-24,https://www.lovart.ai/features,281,5002,2
2026-07-24,https://www.lovart.ai/features/anniversary-card-design,0,1,3
2026-07-24,https://www.lovart.ai/features/free-online-tool,0,3,3
2026-07-24,https://www.lovart.ai/features/instagram-highlight-cover-design,1,45,6
2026-07-24,https://www.lovart.ai/features/magazine-layout-design,1,48,4
2026-07-24,https://www.lovart.ai/features/video-background-remover,0,97,17
2026-07-24,https://www.lovart.ai/fr,13,398,3
2026-07-24,https://www.lovart.ai/home?ls=1,0,37,10
2026-07-24,https://www.lovart.ai/inspiration,13,809,4
2026-07-24,https://www.lovart.ai/it,4,78,4
2026-07-24,https://www.lovart.ai/it/blog/8-best-ai-banner-ad-makers-2026,0,1,6
2026-07-24,https://www.lovart.ai/it/features/ai-google-ads-banner-generator,0,3,5
2026-07-24,https://www.lovart.ai/it/features/ai-short-video-generator,0,2,6
2026-07-24,https://www.lovart.ai/it/features/banner-design,0,16,6
2026-07-24,https://www.lovart.ai/ja,120,1548,3
2026-07-24,https://www.lovart.ai/ja/blog/what-is-civitai-red,16,1541,6
2026-07-24,https://www.lovart.ai/ja/features/diploma-design,0,1,1
2026-07-24,https://www.lovart.ai/ko/blog/lovart-official-chinese-entry-guide,13,221,6
2026-07-24,https://www.lovart.ai/ko/blog/what-is-civitai-red,5,131,4
2026-07-24,https://www.lovart.ai/news,0,44,6
2026-07-24,https://www.lovart.ai/news/nano-banana-review,0,2,11
2026-07-24,https://www.lovart.ai/pricing,5,195,8
2026-07-24,https://www.lovart.ai/pt,76,838,3
2026-07-24,https://www.lovart.ai/pt/blog/what-is-civitai-red,0,142,5
2026-07-24,https://www.lovart.ai/pt/features,0,13,9
2026-07-24,https://www.lovart.ai/pt/tools/ai-logo-generator,0,1,8
2026-07-24,https://www.lovart.ai/r/,17,942,6
2026-07-24,https://www.lovart.ai/r/drz0bdf,2,27,3
2026-07-24,https://www.lovart.ai/r/l7zjyvy,0,11,4
2026-07-24,https://www.lovart.ai/tools,5,259,7
2026-07-24,https://www.lovart.ai/tools/ai-art-generator,8,619,3
2026-07-24,https://www.lovart.ai/tools/ai-brochure-maker,1,13,6
2026-07-24,https://www.lovart.ai/tools/ai-scrapbook,0,48,5
2026-07-24,https://www.lovart.ai/tools/free-ai-illustration-generator,0,41,9
2026-07-24,https://www.lovart.ai/zh,19353,39948,1
2026-07-24,https://www.lovart.ai/zh-TW,23,819,6
2026-07-24,https://www.lovart.ai/zh-TW/blog/complete-guide-ai-face-swap-photo-video,0,18,10
2026-07-24,https://www.lovart.ai/zh-TW/blog/what-is-civitai-red,6,530,7
2026-07-24,https://www.lovart.ai/zh-TW/features/banner-design,0,13,8
2026-07-24,https://www.lovart.ai/zh/blog/artlist-ai-review,0,11,9
2026-07-24,https://www.lovart.ai/zh/blog/complete-guide-ai-texture-material-generation,0,14,7
2026-07-24,https://www.lovart.ai/zh/blog/how-to-generate-cinematic-video-prompts,8,57,5
2026-07-24,https://www.lovart.ai/zh/blog/openart-ai-review,0,37,7
2026-07-24,https://www.lovart.ai/zh/blog/what-is-civitai-red,16,946,5
2026-07-24,https://www.lovart.ai/zh/blog/zh-pdd-main-image-rules,0,36,4
2026-07-24,https://www.lovart.ai/zh/features,2833,22323,2
2026-07-24,https://www.lovart.ai/zh/pricing,52,405,5
2026-07-24,https://www.lovart.ai/zh/tools,7,72,9
2026-07-24,https://www.lovart.ai/zh/topics/zh-faq,2,44,5
2026-07-24,https://www.lovart.ai/zh/topics/zh-lovart-about,1,49,8
2026-07-24,https://www.lovart.ai/zh/topics/zh-lovart-china-guide,5,38,4
2026-07-31,https://blogs.lovart.ai/lovart-101-lovart-chatcanvas-101-complete-getting-started-guide.html,0,13,3
2026-07-31,https://blogs.lovart.ai/youtube-thumbnail-design-science.html,0,50,4
2026-07-31,https://www.lovart.ai/,9357,28516,2
2026-07-31,https://www.lovart.ai/blog/02-wiki-chatcanvas-guide,0,17,2
2026-07-31,https://www.lovart.ai/blog/ai-illustration-guide,0,17,5
2026-07-31,https://www.lovart.ai/blog/ai-poster-prompts-tutorial,1,56,5
2026-07-31,https://www.lovart.ai/blog/ai-youtube-thumbnail-prompts,0,22,4
2026-07-31,https://www.lovart.ai/blog/complete-guide-ai-face-retouching-portrait-editing,0,11,4
2026-07-31,https://www.lovart.ai/blog/complete-guide-consistent-ai-character-design,0,28,4
2026-07-31,https://www.lovart.ai/blog/freepik-ai-image-generator-review,0,39,6
2026-07-31,https://www.lovart.ai/blog/imagefx-review,0,27,8
2026-07-31,https://www.lovart.ai/blog/what-is-civitai-red,9,3376,6
2026-07-31,https://www.lovart.ai/canvas*,12,52,2
2026-07-31,https://www.lovart.ai/canvas?ls=1&newProject=true,2,40,8
2026-07-31,https://www.lovart.ai/de,3,149,2
2026-07-31,https://www.lovart.ai/de/blog/ai-body-editor-tools-compared,1,3,4
2026-07-31,https://www.lovart.ai/de/blog/craiyon-ai-review,0,50,6
2026-07-31,https://www.lovart.ai/de/blog/what-is-civitai-red,0,18,5
2026-07-31,https://www.lovart.ai/es/blog/what-is-civitai-red,0,23,6
2026-07-31,https://www.lovart.ai/features,275,4796,2
2026-07-31,https://www.lovart.ai/features/ai-short-video-generator,0,2,10
2026-07-31,https://www.lovart.ai/features/ai-twitter-header-creator,0,3,3
2026-07-31,https://www.lovart.ai/features/anniversary-card-design,0,2,8
2026-07-31,https://www.lovart.ai/features/free-online-tool,1,15,3
2026-07-31,https://www.lovart.ai/features/instagram-highlight-cover-design,0,22,4
2026-07-31,https://www.lovart.ai/features/magazine-layout-design,2,74,4
2026-07-31,https://www.lovart.ai/features/video-background-remover,0,49,14
2026-07-31,https://www.lovart.ai/fr,14,357,2
2026-07-31,https://www.lovart.ai/fr/blog/discord-community-design-guide,2,6,4
2026-07-31,https://www.lovart.ai/fr/blog/openart-ai-alternatives,0,1,3
2026-07-31,https://www.lovart.ai/fr/features/ai-short-video-generator,0,11,6
2026-07-31,https://www.lovart.ai/fr/tools/ai-face-swap-free,0,2,4
2026-07-31,https://www.lovart.ai/home?ls=1,0,39,8
2026-07-31,https://www.lovart.ai/inspiration,23,889,4
2026-07-31,https://www.lovart.ai/it,5,80,4
2026-07-31,https://www.lovart.ai/it/features/ai-short-video-generator,0,3,6
2026-07-31,https://www.lovart.ai/it/features/best-ai-image-generator-2026,0,1,8
2026-07-31,https://www.lovart.ai/ja,101,1506,3
2026-07-31,https://www.lovart.ai/ja/blog/what-is-civitai-red,8,1389,6
2026-07-31,https://www.lovart.ai/ja/features/diploma-design,0,1,4
2026-07-31,https://www.lovart.ai/ja/tools/ai-face-swap,0,1,4
2026-07-31,https://www.lovart.ai/ko,0,11,2
2026-07-31,https://www.lovart.ai/ko/blog/how-to-use-veo3-free,0,12,4
2026-07-31,https://www.lovart.ai/ko/blog/what-is-civitai-red,0,70,5
2026-07-31,https://www.lovart.ai/news,0,11,4
2026-07-31,https://www.lovart.ai/pricing,3,258,6
2026-07-31,https://www.lovart.ai/pt,96,908,4
2026-07-31,https://www.lovart.ai/pt/blog/what-is-civitai-red,0,147,5
2026-07-31,https://www.lovart.ai/pt/features,0,46,8
2026-07-31,https://www.lovart.ai/pt/pricing,0,11,9
2026-07-31,https://www.lovart.ai/pt/tools,0,11,10
2026-07-31,https://www.lovart.ai/r/,18,882,6
2026-07-31,https://www.lovart.ai/r/drz0bdf,0,14,5
2026-07-31,https://www.lovart.ai/tools,4,252,7
2026-07-31,https://www.lovart.ai/tools/ai-anime-generator,0,2,7
2026-07-31,https://www.lovart.ai/tools/ai-art-generator,16,662,4
2026-07-31,https://www.lovart.ai/tools/ai-background-generator,0,16,8
2026-07-31,https://www.lovart.ai/tools/ai-brochure-maker,2,50,7
2026-07-31,https://www.lovart.ai/tools/ai-design-suite,7,327,3
2026-07-31,https://www.lovart.ai/tools/ai-film-studio,0,12,2
2026-07-31,https://www.lovart.ai/tools/ai-scrapbook,0,13,5
2026-07-31,https://www.lovart.ai/tools/ai-short-video,0,15,2
2026-07-31,https://www.lovart.ai/tools/ai-sticker-maker,0,2,15
2026-07-31,https://www.lovart.ai/tools/ai-storyboard,0,14,1
2026-07-31,https://www.lovart.ai/tools/chat-to-image-ai-generator,4,91,4
2026-07-31,https://www.lovart.ai/tools/free-ai-illustration-generator,1,167,9
2026-07-31,https://www.lovart.ai/tools/nano-banana-free,2,20,8
2026-07-31,https://www.lovart.ai/tools/nanobanana2,1,14,14
2026-07-31,https://www.lovart.ai/tools/swap-to-video,2,13,11
2026-07-31,https://www.lovart.ai/tools/text-to-image-generator,1,26,7
2026-07-31,https://www.lovart.ai/zh,18759,37758,1
2026-07-31,https://www.lovart.ai/zh-TW,18,417,6
2026-07-31,https://www.lovart.ai/zh-TW/blog/what-is-civitai-red,5,527,7
2026-07-31,https://www.lovart.ai/zh/blog/ai-infinite-canvas-guide,1,14,4
2026-07-31,https://www.lovart.ai/zh/blog/how-to-generate-cinematic-video-prompts,4,91,6
2026-07-31,https://www.lovart.ai/zh/blog/lovart-official-chinese-authentic-guide,1,27,6
2026-07-31,https://www.lovart.ai/zh/blog/lovart-official-chinese-entry-guide,4,126,5
2026-07-31,https://www.lovart.ai/zh/blog/openart-ai-review,1,228,7
2026-07-31,https://www.lovart.ai/zh/blog/what-is-civitai-red,31,847,5
2026-07-31,https://www.lovart.ai/zh/blog/zh-pdd-main-image-rules,2,24,6
2026-07-31,https://www.lovart.ai/zh/features,2561,18741,2
2026-07-31,https://www.lovart.ai/zh/inspiration,0,11,7
2026-07-31,https://www.lovart.ai/zh/pricing,48,423,5
2026-07-31,https://www.lovart.ai/zh/tools/ai-brand-kit,0,12,9
2026-07-31,https://www.lovart.ai/zh/tools/ai-storyboard-generator,0,12,6
2026-07-31,https://www.lovart.ai/zh/tools/nano-banana-free,0,4,16
2026-07-31,https://www.lovart.ai/zh/topics/zh-faq,7,113,5
2026-08-07,https://blogs.lovart.ai/gpt_image_2,0,1,2
2026-08-07,https://blogs.lovart.ai/lovart-101-lovart-chatcanvas-101-complete-getting-started-guide.html,0,15,9
2026-08-07,https://blogs.lovart.ai/youtube-thumbnail-design-science.html,1,28,3
2026-08-07,https://blogs.lovart.ai/zh/gpt_image_2,2,187,8
2026-08-07,https://www.lovart.ai/,9004,32318,2
2026-08-07,https://www.lovart.ai/actions/tools/ai-art-generator,5,133,2
2026-08-07,https://www.lovart.ai/blog/6-best-ai-character-consistency-tools-2026,0,19,3
2026-08-07,https://www.lovart.ai/blog/ai-face-swap-tools-compared,0,2,7
2026-08-07,https://www.lovart.ai/blog/ai-poster-prompts-tutorial,0,243,5
2026-08-07,https://www.lovart.ai/blog/complete-guide-consistent-ai-character-design,1,89,5
2026-08-07,https://www.lovart.ai/blog/freepik-ai-image-generator-review,0,75,8
2026-08-07,https://www.lovart.ai/blog/how-to-create-clipart-vectors-ai,0,1,6
2026-08-07,https://www.lovart.ai/blog/imagefx-review,1,22,16
2026-08-07,https://www.lovart.ai/blog/what-is-civitai-red,9,3445,6
2026-08-07,https://www.lovart.ai/canvas*,11,48,2
2026-08-07,https://www.lovart.ai/de,3,118,4
2026-08-07,https://www.lovart.ai/de/blog/craiyon-ai-review,0,18,5
2026-08-07,https://www.lovart.ai/de/blog/lovart-official-chinese-authentic-guide,0,13,8
2026-08-07,https://www.lovart.ai/de/blog/what-is-civitai-red,0,138,6
2026-08-07,https://www.lovart.ai/de/features,0,34,7
2026-08-07,https://www.lovart.ai/es/blog/what-is-civitai-red,0,188,6
2026-08-07,https://www.lovart.ai/features,140,4229,3
2026-08-07,https://www.lovart.ai/features/ai-brochure-design-tool,0,42,6
2026-08-07,https://www.lovart.ai/features/free-online-tool,6,16,2
2026-08-07,https://www.lovart.ai/features/infinite-chatcanvas-ai-collaboration,1,153,7
2026-08-07,https://www.lovart.ai/features/instagram-highlight-cover-design,1,58,8
2026-08-07,https://www.lovart.ai/features/magazine-layout-design,1,56,4
2026-08-07,https://www.lovart.ai/features/video-background-remover,0,40,17
2026-08-07,https://www.lovart.ai/fr,8,486,3
2026-08-07,https://www.lovart.ai/home?ls=1,0,70,10
2026-08-07,https://www.lovart.ai/inspiration,25,1291,5
2026-08-07,https://www.lovart.ai/it,4,67,4
2026-08-07,https://www.lovart.ai/it/blog/8-best-ai-interior-design-apps-2026,0,1,5
2026-08-07,https://www.lovart.ai/it/features/ai-instagram-post-generator,0,1,6
2026-08-07,https://www.lovart.ai/it/tools/ai-anime-generator,0,3,4
2026-08-07,https://www.lovart.ai/it/tools/text-to-image-generator,0,2,4
2026-08-07,https://www.lovart.ai/ja,87,1178,3
2026-08-07,https://www.lovart.ai/ja/blog/adobe-illustrator-alternatives,0,1,8
2026-08-07,https://www.lovart.ai/ja/blog/what-is-civitai-red,5,1252,7
2026-08-07,https://www.lovart.ai/ja/tools/ai-poster-maker-free,1,12,6
2026-08-07,https://www.lovart.ai/ko/blog/what-is-civitai-red,0,111,5
2026-08-07,https://www.lovart.ai/news,0,141,8
2026-08-07,https://www.lovart.ai/news/lovart-design-agent-public-launch-chatcanvas,2,333,5
2026-08-07,https://www.lovart.ai/pricing,9,439,7
2026-08-07,https://www.lovart.ai/pt,75,955,4
2026-08-07,https://www.lovart.ai/pt/blog/what-is-civitai-red,0,103,5
2026-08-07,https://www.lovart.ai/pt/features,0,145,7
2026-08-07,https://www.lovart.ai/pt/pricing,0,32,9
2026-08-07,https://www.lovart.ai/pt/tools,1,139,8
2026-08-07,https://www.lovart.ai/r/,30,2434,7
2026-08-07,https://www.lovart.ai/r/drz0bdf,3,47,7
2026-08-07,https://www.lovart.ai/r/l7zjyvy,0,25,6
2026-08-07,https://www.lovart.ai/ru/blog/openart-ai-review,0,11,4
2026-08-07,https://www.lovart.ai/ru/features/ai-carousel-generator,0,15,2
2026-08-07,https://www.lovart.ai/ru/features/ai-instagram-story-layout-generator,0,11,4
2026-08-07,https://www.lovart.ai/tools,9,890,7
2026-08-07,https://www.lovart.ai/tools/ai-art-generator,10,237,4
2026-08-07,https://www.lovart.ai/tools/ai-design-suite,10,495,4
2026-08-07,https://www.lovart.ai/tools/ai-proposal-maker,0,15,2
2026-08-07,https://www.lovart.ai/tools/ai-video-generator,1,11,1
2026-08-07,https://www.lovart.ai/tools/chat-to-image-ai-generator,2,82,4
2026-08-07,https://www.lovart.ai/tools/earbuds-design,0,2,8
2026-08-07,https://www.lovart.ai/tools/free-ai-illustration-generator,1,229,8
2026-08-07,https://www.lovart.ai/tools/nano-banana-free,1,23,8
2026-08-07,https://www.lovart.ai/tools/nanobanana2,0,43,8
2026-08-07,https://www.lovart.ai/tools/text-to-image-generator,0,19,5
2026-08-07,https://www.lovart.ai/tools/video-generator,0,9,3
2026-08-07,https://www.lovart.ai/zh,19408,35606,2
2026-08-07,https://www.lovart.ai/zh-TW,30,1636,6
2026-08-07,https://www.lovart.ai/zh-TW/blog/what-is-civitai-red,7,665,7
2026-08-07,https://www.lovart.ai/zh/blog/ai-infinite-canvas-guide,0,14,8
2026-08-07,https://www.lovart.ai/zh/blog/how-to-generate-cinematic-video-prompts,7,89,6
2026-08-07,https://www.lovart.ai/zh/blog/lovart-official-chinese-authentic-guide,8,68,6
2026-08-07,https://www.lovart.ai/zh/blog/lovart-official-chinese-entry-guide,8,99,6
2026-08-07,https://www.lovart.ai/zh/blog/openart-ai-review,0,127,8
2026-08-07,https://www.lovart.ai/zh/blog/what-is-civitai-red,4,349,7
2026-08-07,https://www.lovart.ai/zh/explore,1,69,9
2026-08-07,https://www.lovart.ai/zh/features,1915,11877,3
2026-08-07,https://www.lovart.ai/zh/inspiration,0,60,9
2026-08-07,https://www.lovart.ai/zh/pricing,35,728,6
2026-08-07,https://www.lovart.ai/zh/tools,0,14,8
2026-08-07,https://www.lovart.ai/zh/tools/ai-model-generator,0,13,6
2026-08-07,https://www.lovart.ai/zh/tools/ai-storyboard-generator,3,71,8
2026-08-07,https://www.lovart.ai/zh/topics/zh-faq,9,92,6
2026-08-07,https://www.lovart.ai/zh/topics/zh-lovart-about,0,12,5
2026-08-07,https://www.lovart.ai/zh/topics/zh-lovart-china-guide,14,118,5
2026-08-14,https://blogs.lovart.ai/youtube-thumbnail-design-science.html,1,76,4
2026-08-14,https://blogs.lovart.ai/zh/gpt_image_2,0,25,7
2026-08-14,https://www.lovart.ai/,9294,36413,2
2026-08-14,https://www.lovart.ai/actions/tools/ai-art-generator,0,22,3
2026-08-14,https://www.lovart.ai/blog/6-best-ai-character-consistency-tools-2026,1,11,4
2026-08-14,https://www.lovart.ai/blog/ai-poster-design-prompts,0,11,6
2026-08-14,https://www.lovart.ai/blog/ai-poster-prompts-tutorial,0,167,4
2026-08-14,https://www.lovart.ai/blog/amazon-requirements-ai-white-background-images,0,14,6
2026-08-14,https://www.lovart.ai/blog/complete-guide-consistent-ai-character-design,0,84,5
2026-08-14,https://www.lovart.ai/blog/craiyon-ai-review,0,15,8
2026-08-14,https://www.lovart.ai/blog/freepik-ai-image-generator-review,0,170,8
2026-08-14,https://www.lovart.ai/blog/imagefx-review,0,77,8
2026-08-14,https://www.lovart.ai/blog/what-is-civitai-red,12,3916,6
2026-08-14,https://www.lovart.ai/canvas,5,87,12
2026-08-14,https://www.lovart.ai/canvas*,6,16,2
2026-08-14,https://www.lovart.ai/de,1,120,4
2026-08-14,https://www.lovart.ai/de/blog/what-is-civitai-red,1,258,5
2026-08-14,https://www.lovart.ai/de/tools/ai-storyboard-generator,0,1,2
2026-08-14,https://www.lovart.ai/de/tools/nano-banana-free,0,1,5
2026-08-14,https://www.lovart.ai/es/blog/what-is-civitai-red,1,290,6
2026-08-14,https://www.lovart.ai/features,170,3836,3
2026-08-14,https://www.lovart.ai/features/ai-brochure-design-tool,0,26,6
2026-08-14,https://www.lovart.ai/features/ai-twitter-header-creator,0,1,5
2026-08-14,https://www.lovart.ai/features/design-viral-youtube-thumbnails-ai,0,2,6
2026-08-14,https://www.lovart.ai/features/free-online-tool,15,56,2
2026-08-14,https://www.lovart.ai/features/infinite-chatcanvas-ai-collaboration,0,13,8
2026-08-14,https://www.lovart.ai/features/instagram-highlight-cover-design,1,26,9
2026-08-14,https://www.lovart.ai/features/magazine-layout-design,0,5,6
2026-08-14,https://www.lovart.ai/features/textbook-cover-design,0,14,2
2026-08-14,https://www.lovart.ai/features/video-background-remover,0,17,17
2026-08-14,https://www.lovart.ai/fr,10,561,3
2026-08-14,https://www.lovart.ai/fr/blog/nano-banana-pro-free-guide,0,1,7
2026-08-14,https://www.lovart.ai/fr/features,0,40,8
2026-08-14,https://www.lovart.ai/fr/features/ai-short-video-generator,0,3,3
2026-08-14,https://www.lovart.ai/fr/tools/ai-anime-generator,0,1,8
2026-08-14,https://www.lovart.ai/fr/tools/ai-hairstyle-changer,0,1,7
2026-08-14,https://www.lovart.ai/home?ls=1,0,160,7
2026-08-14,https://www.lovart.ai/inspiration,25,1208,5
2026-08-14,https://www.lovart.ai/it,0,58,5
2026-08-14,https://www.lovart.ai/it/blog/01-industry-hair-salon-menu-it,0,3,1
2026-08-14,https://www.lovart.ai/it/features/ai-carousel-generator,0,1,5
2026-08-14,https://www.lovart.ai/it/tools/ai-image-extender,0,1,7
2026-08-14,https://www.lovart.ai/ja,42,1021,5
2026-08-14,https://www.lovart.ai/ja/blog/what-is-civitai-red,12,1942,6
2026-08-14,https://www.lovart.ai/ja/pricing,0,13,7
2026-08-14,https://www.lovart.ai/ja/tools/ai-poster-maker-free,0,13,7
2026-08-14,https://www.lovart.ai/ko,3,36,6
2026-08-14,https://www.lovart.ai/ko/blog/what-is-civitai-red,2,78,5
2026-08-14,https://www.lovart.ai/news,0,29,8
2026-08-14,https://www.lovart.ai/news/lovart-design-agent-public-launch-chatcanvas,0,133,5
2026-08-14,https://www.lovart.ai/pricing,7,475,8
2026-08-14,https://www.lovart.ai/pt,30,961,5
2026-08-14,https://www.lovart.ai/pt/blog/how-to-use-veo3-free,0,1,6
2026-08-14,https://www.lovart.ai/pt/blog/what-is-civitai-red,0,123,5
2026-08-14,https://www.lovart.ai/pt/features,2,227,7
2026-08-14,https://www.lovart.ai/pt/pricing,0,33,12
2026-08-14,https://www.lovart.ai/pt/tools,0,183,8
2026-08-14,https://www.lovart.ai/r/,43,3244,7
2026-08-14,https://www.lovart.ai/r/drz0bdf,4,144,7
2026-08-14,https://www.lovart.ai/ru/blog/what-is-civitai-red,0,13,7
2026-08-14,https://www.lovart.ai/ru/features/ai-instagram-story-layout-generator,0,13,4
2026-08-14,https://www.lovart.ai/ru/tools/ai-anime-generator,0,3,9
2026-08-14,https://www.lovart.ai/tools,15,898,7
2026-08-14,https://www.lovart.ai/tools/ai-design-suite,8,1091,8
2026-08-14,https://www.lovart.ai/tools/chat-to-image-ai-generator,3,119,5
2026-08-14,https://www.lovart.ai/tools/free-ai-illustration-generator,3,313,6
2026-08-14,https://www.lovart.ai/tools/nano-banana-free,1,60,16
2026-08-14,https://www.lovart.ai/tools/nanobanana2,3,62,12
2026-08-14,https://www.lovart.ai/tools/swap-to-video,0,14,17
2026-08-14,https://www.lovart.ai/tools/text-to-image-generator,1,41,8
2026-08-14,https://www.lovart.ai/zh,20383,36920,2
2026-08-14,https://www.lovart.ai/zh-TW,69,2144,6
2026-08-14,https://www.lovart.ai/zh-TW/blog/what-is-civitai-red,10,764,6
2026-08-14,https://www.lovart.ai/zh/blog/ai-infinite-canvas-guide,5,36,16
2026-08-14,https://www.lovart.ai/zh/blog/artlist-ai-review,0,49,9
2026-08-14,https://www.lovart.ai/zh/blog/how-to-generate-cinematic-video-prompts,10,107,6
2026-08-14,https://www.lovart.ai/zh/blog/lovart-zhengshiban-shuoming,1,16,4
2026-08-14,https://www.lovart.ai/zh/blog/openart-ai-review,0,49,8
2026-08-14,https://www.lovart.ai/zh/blog/what-is-civitai-red,3,444,6
2026-08-14,https://www.lovart.ai/zh/features,1485,9808,3
2026-08-14,https://www.lovart.ai/zh/inspiration,0,13,9
2026-08-14,https://www.lovart.ai/zh/pricing,43,676,7
2026-08-14,https://www.lovart.ai/zh/tools,0,11,9
2026-08-14,https://www.lovart.ai/zh/tools/ai-storyboard-generator,1,39,7
2026-08-14,https://www.lovart.ai/zh/tools/online-ai-design,6,39,3
2026-08-14,https://www.lovart.ai/zh/topics/zh-faq,3,47,5
2026-08-14,https://www.lovart.ai/zh/topics/zh-lovart-about,3,99,6
2026-08-14,https://www.lovart.ai/zh/topics/zh-lovart-china-guide,17,236,5
2026-08-14,https://www.lovart.ai/zh/topics/zh-pricing-cn,10,57,2
2026-08-21,https://blogs.lovart.ai/youtube-thumbnail-design-science.html,3,41,5
2026-08-21,https://blogs.lovart.ai/zh/gpt_image_2,0,13,6
2026-08-21,https://www.lovart.ai/,9572,39924,2
2026-08-21,https://www.lovart.ai/blog/ai-poster-design-prompts,0,29,5
2026-08-21,https://www.lovart.ai/blog/ai-poster-prompts-tutorial,0,103,5
2026-08-21,https://www.lovart.ai/blog/civit-ai-review,0,2,8
2026-08-21,https://www.lovart.ai/blog/complete-guide-consistent-ai-character-design,0,99,5
2026-08-21,https://www.lovart.ai/blog/freepik-ai-image-generator-review,0,35,10
2026-08-21,https://www.lovart.ai/blog/how-to-use-veo3-free,0,12,6
2026-08-21,https://www.lovart.ai/blog/imagefx-review,0,53,9
2026-08-21,https://www.lovart.ai/blog/what-is-civitai-red,6,4083,6
2026-08-21,https://www.lovart.ai/canvas*,6,28,2
2026-08-21,https://www.lovart.ai/de,5,171,4
2026-08-21,https://www.lovart.ai/de/blog/resource-2027-design-trend-report,1,6,2
2026-08-21,https://www.lovart.ai/de/blog/virtual-influencers-brands-replacing-human-models-ai,0,1,10
2026-08-21,https://www.lovart.ai/de/blog/what-is-civitai-red,1,283,5
2026-08-21,https://www.lovart.ai/de/tools/ai-picture-generator,0,2,4
2026-08-21,https://www.lovart.ai/de/tools/nano-banana-free,0,1,7
2026-08-21,https://www.lovart.ai/docs,0,22,8
2026-08-21,https://www.lovart.ai/es,2,52,2
2026-08-21,https://www.lovart.ai/es/blog/seedance-2-0-free-guide,0,3,4
2026-08-21,https://www.lovart.ai/es/blog/what-is-civitai-red,0,198,6
2026-08-21,https://www.lovart.ai/features,158,3710,3
2026-08-21,https://www.lovart.ai/features/free-online-tool,13,38,79
2026-08-21,https://www.lovart.ai/features/infinite-chatcanvas-ai-collaboration,0,32,8
2026-08-21,https://www.lovart.ai/features/instagram-highlight-cover-design,0,13,10
2026-08-21,https://www.lovart.ai/fr,11,668,3
2026-08-21,https://www.lovart.ai/fr/blog/what-is-civitai-red,0,154,6
2026-08-21,https://www.lovart.ai/fr/features,0,50,8
2026-08-21,https://www.lovart.ai/fr/tools/free-ai-mockup-generator,0,10,9
2026-08-21,https://www.lovart.ai/fr/tools/image-to-video,1,2,2
2026-08-21,https://www.lovart.ai/fr/tools/nano-banana-free,0,3,704
2026-08-21,https://www.lovart.ai/fr/tools/nanobanana2,0,1,1245
2026-08-21,https://www.lovart.ai/home?ls=1,1,354,5
2026-08-21,https://www.lovart.ai/inspiration,25,1510,5
2026-08-21,https://www.lovart.ai/it,0,72,4
2026-08-21,https://www.lovart.ai/it/blog/7-best-ai-animal-pet-portrait-generators-2026,0,19,3
2026-08-21,https://www.lovart.ai/it/blog/8-best-ai-interior-design-apps-2026,0,1,5
2026-08-21,https://www.lovart.ai/it/blog/ai-animal-pet-generators-compared-it,0,11,3
2026-08-21,https://www.lovart.ai/it/blog/ai-price-list-maker-small-business,0,2,8
2026-08-21,https://www.lovart.ai/it/blog/what-is-civitai-red,0,12,4
2026-08-21,https://www.lovart.ai/it/features/banner-design,0,15,7
2026-08-21,https://www.lovart.ai/it/features/book-cover-design,1,4,2
2026-08-21,https://www.lovart.ai/it/tools/ai-anime-generator,0,4,6
2026-08-21,https://www.lovart.ai/ja,50,980,5
2026-08-21,https://www.lovart.ai/ja/blog/design-trends-2027,0,1,1
2026-08-21,https://www.lovart.ai/ja/blog/what-is-civitai-red,2,1763,7
2026-08-21,https://www.lovart.ai/ja/tools/ai-object-remover,0,1,3
2026-08-21,https://www.lovart.ai/ja/tools/ai-poster-maker-free,0,12,24
2026-08-21,https://www.lovart.ai/ja/tools/nano-banana-free,0,2,9
2026-08-21,https://www.lovart.ai/ko,2,28,6
2026-08-21,https://www.lovart.ai/ko/blog/what-is-civitai-red,1,112,5
2026-08-21,https://www.lovart.ai/news/lovart-design-agent-public-launch-chatcanvas,0,54,6
2026-08-21,https://www.lovart.ai/pricing,1,443,8
2026-08-21,https://www.lovart.ai/pt,19,915,4
2026-08-21,https://www.lovart.ai/pt/blog/what-is-civitai-red,1,105,5
2026-08-21,https://www.lovart.ai/pt/features,4,235,6
2026-08-21,https://www.lovart.ai/pt/pricing,0,19,8
2026-08-21,https://www.lovart.ai/pt/tools,0,180,8
2026-08-21,https://www.lovart.ai/r/,26,3932,7
2026-08-21,https://www.lovart.ai/r/drz0bdf,1,178,7
2026-08-21,https://www.lovart.ai/ru/blog/how-to-generate-ai-illustrations,0,5,2
2026-08-21,https://www.lovart.ai/ru/blog/what-is-civitai-red,0,28,6
2026-08-21,https://www.lovart.ai/tools,5,923,7
2026-08-21,https://www.lovart.ai/tools/ai-design-suite,3,1013,8
2026-08-21,https://www.lovart.ai/tools/chat-to-image-ai-generator,2,73,5
2026-08-21,https://www.lovart.ai/tools/free-ai-illustration-generator,2,328,7
2026-08-21,https://www.lovart.ai/tools/nano-banana-free,2,41,9
2026-08-21,https://www.lovart.ai/tools/nanobanana-pro,0,2,314
2026-08-21,https://www.lovart.ai/tools/text-to-image-generator,1,14,6
2026-08-21,https://www.lovart.ai/zh,20021,38599,2
2026-08-21,https://www.lovart.ai/zh-TW,50,2786,6
2026-08-21,https://www.lovart.ai/zh-TW/blog/what-is-civitai-red,20,841,6
2026-08-21,https://www.lovart.ai/zh/blog/ai-infinite-canvas-guide,1,40,18
2026-08-21,https://www.lovart.ai/zh/blog/complete-guide-ai-texture-material-generation,1,23,7
2026-08-21,https://www.lovart.ai/zh/blog/how-to-generate-cinematic-video-prompts,1,61,6
2026-08-21,https://www.lovart.ai/zh/blog/openart-ai-review,0,11,8
2026-08-21,https://www.lovart.ai/zh/blog/what-is-civitai-red,0,252,8
2026-08-21,https://www.lovart.ai/zh/blog/zh-pdd-main-image-rules,0,5,8
2026-08-21,https://www.lovart.ai/zh/designers,0,11,10
2026-08-21,https://www.lovart.ai/zh/features,940,8130,4
2026-08-21,https://www.lovart.ai/zh/inspiration,0,12,10
2026-08-21,https://www.lovart.ai/zh/pricing,51,887,7
2026-08-21,https://www.lovart.ai/zh/tools,1,88,7
2026-08-21,https://www.lovart.ai/zh/tools/free-ai-illustration-generator,0,3,3
2026-08-21,https://www.lovart.ai/zh/tools/online-ai-design,13,61,2
2026-08-21,https://www.lovart.ai/zh/topics/zh-faq,2,23,6
2026-08-21,https://www.lovart.ai/zh/topics/zh-lovart-about,5,110,6
2026-08-21,https://www.lovart.ai/zh/topics/zh-lovart-china-guide,14,236,5
2026-08-21,https://www.lovart.ai/zh/topics/zh-pricing-cn,6,63,3
2026-08-28,https://blogs.lovart.ai/youtube-thumbnail-design-science.html,0,9,3
2026-08-28,https://www.lovart.ai/,9204,42477,2
2026-08-28,https://www.lovart.ai/?sourceId=004026,0,17,13
2026-08-28,https://www.lovart.ai/blog/ai-poster-design-prompts,0,13,5
2026-08-28,https://www.lovart.ai/blog/ai-poster-prompts-tutorial,1,39,6
2026-08-28,https://www.lovart.ai/blog/canva-ai-image-generator-review,0,14,17
2026-08-28,https://www.lovart.ai/blog/complete-guide-consistent-ai-character-design,0,4,7
2026-08-28,https://www.lovart.ai/blog/freepik-ai-image-generator-review,0,34,10
2026-08-28,https://www.lovart.ai/blog/imagefx-review,0,14,8
2026-08-28,https://www.lovart.ai/blog/what-is-civitai-red,11,3854,6
2026-08-28,https://www.lovart.ai/canvas*,12,60,2
2026-08-28,https://www.lovart.ai/canvas?ls=1&newProject=true,1,27,17
2026-08-28,https://www.lovart.ai/canvas?newProject=true,2,29,5
2026-08-28,https://www.lovart.ai/de,0,54,5
2026-08-28,https://www.lovart.ai/de/blog/8-best-ai-interior-design-apps-2026,0,2,9
2026-08-28,https://www.lovart.ai/de/blog/what-is-civitai-red,1,319,5
2026-08-28,https://www.lovart.ai/de/tools/ai-baby-podcast-generator,0,1,8
2026-08-28,https://www.lovart.ai/de/tools/chat-to-image-ai-generator,1,1,1
2026-08-28,https://www.lovart.ai/es,12,177,2
2026-08-28,https://www.lovart.ai/es/blog/what-is-civitai-red,0,219,5
2026-08-28,https://www.lovart.ai/features,162,4064,3
2026-08-28,https://www.lovart.ai/features/ai-short-video-generator,0,11,19
2026-08-28,https://www.lovart.ai/features/diploma-design,0,1,5
2026-08-28,https://www.lovart.ai/features/food-recipe-card-design,0,1,3
2026-08-28,https://www.lovart.ai/features/free-online-tool,15,56,6
2026-08-28,https://www.lovart.ai/features/instagram-highlight-cover-design,0,60,10
2026-08-28,https://www.lovart.ai/fr,17,639,4
2026-08-28,https://www.lovart.ai/fr/blog/complete-guide-ai-body-age-transformation-portrait,0,1,3
2026-08-28,https://www.lovart.ai/fr/blog/craiyon-ai-review,0,1,5
2026-08-28,https://www.lovart.ai/fr/blog/how-to-choose-ai-art-platform,0,2,3
2026-08-28,https://www.lovart.ai/fr/blog/steve-ai-review,0,1,5
2026-08-28,https://www.lovart.ai/fr/blog/what-is-civitai-red,1,183,6
2026-08-28,https://www.lovart.ai/fr/features,0,12,8
2026-08-28,https://www.lovart.ai/fr/features/gpt-image-generator-ai,0,1,4
2026-08-28,https://www.lovart.ai/fr/tools/free-ai-mockup-generator,0,11,10
2026-08-28,https://www.lovart.ai/fr/tools/virtual-actor-creation,0,1,8
2026-08-28,https://www.lovart.ai/home?ls=1,0,271,6
2026-08-28,https://www.lovart.ai/inspiration,28,997,4
2026-08-28,https://www.lovart.ai/it,8,112,4
2026-08-28,https://www.lovart.ai/it/blog/veo-3-google-ai-video-generator,0,1,8
2026-08-28,https://www.lovart.ai/it/features/anniversary-card-design,0,1,3
2026-08-28,https://www.lovart.ai/it/features/nano-banana-marketing-visuals,0,1,5
2026-08-28,https://www.lovart.ai/it/tools/ai-background-generator,0,1,8
2026-08-28,https://www.lovart.ai/it/tools/ai-image-upscaler,0,1,7
2026-08-28,https://www.lovart.ai/it/tools/ai-logo-generator,0,2,3
2026-08-28,https://www.lovart.ai/ja,45,838,6
2026-08-28,https://www.lovart.ai/ja/blog/ai-student-id-card-maker,1,1,5
2026-08-28,https://www.lovart.ai/ja/blog/what-is-civitai-red,11,1716,6
2026-08-28,https://www.lovart.ai/ja/features,0,11,8
2026-08-28,https://www.lovart.ai/ja/tools/ai-emoji-generator,0,12,8
2026-08-28,https://www.lovart.ai/ja/tools/ai-poster-maker-free,0,26,7
2026-08-28,https://www.lovart.ai/ja/tools/ai-t-shirt-design,0,2,6
2026-08-28,https://www.lovart.ai/ko,0,15,7
2026-08-28,https://www.lovart.ai/ko/blog/what-is-civitai-red,0,121,5
2026-08-28,https://www.lovart.ai/news/lovart-design-agent-public-launch-chatcanvas,0,22,8
2026-08-28,https://www.lovart.ai/pricing,10,996,9
2026-08-28,https://www.lovart.ai/pt,30,989,5
2026-08-28,https://www.lovart.ai/pt/blog/what-is-civitai-red,0,72,5
2026-08-28,https://www.lovart.ai/pt/features,1,171,7
2026-08-28,https://www.lovart.ai/pt/pricing,0,41,15
2026-08-28,https://www.lovart.ai/pt/tools,0,97,8
2026-08-28,https://www.lovart.ai/pt/tools/ai-anime-generator,0,2,8
2026-08-28,https://www.lovart.ai/pt/tools/free-ai-illustration-generator,2,36,6
2026-08-28,https://www.lovart.ai/r/,23,2742,7
2026-08-28,https://www.lovart.ai/r/1f1zqly,0,11,8
2026-08-28,https://www.lovart.ai/r/drz0bdf,3,113,6
2026-08-28,https://www.lovart.ai/ru/blog/what-is-civitai-red,0,22,6
2026-08-28,https://www.lovart.ai/tools,10,1042,8
2026-08-28,https://www.lovart.ai/tools/ai-design-suite,0,610,8
2026-08-28,https://www.lovart.ai/tools/ai-image-upscaler,0,11,13
2026-08-28,https://www.lovart.ai/tools/chat-to-image-ai-generator,6,114,5
2026-08-28,https://www.lovart.ai/tools/free-ai-illustration-generator,4,368,7
2026-08-28,https://www.lovart.ai/tools/image-to-image,0,12,7
2026-08-28,https://www.lovart.ai/tools/nano-banana-free,5,131,9
2026-08-28,https://www.lovart.ai/tools/swap-to-video,0,77,21
2026-08-28,https://www.lovart.ai/tools/text-to-image-generator,0,76,12
2026-08-28,https://www.lovart.ai/zh,16379,39236,2
2026-08-28,https://www.lovart.ai/zh-TW,19,1890,6
2026-08-28,https://www.lovart.ai/zh-TW/blog/what-is-civitai-red,15,985,5
2026-08-28,https://www.lovart.ai/zh/blog/ai-infinite-canvas-guide,0,23,21
2026-08-28,https://www.lovart.ai/zh/blog/civit-ai-review,0,12,7
2026-08-28,https://www.lovart.ai/zh/blog/complete-guide-ai-texture-material-generation,0,24,7
2026-08-28,https://www.lovart.ai/zh/blog/how-to-generate-cinematic-video-prompts,3,75,6
2026-08-28,https://www.lovart.ai/zh/blog/openart-ai-review,0,86,7
2026-08-28,https://www.lovart.ai/zh/blog/what-is-civitai-red,0,227,8
2026-08-28,https://www.lovart.ai/zh/designers,3,41,9
2026-08-28,https://www.lovart.ai/zh/features,326,4676,5
2026-08-28,https://www.lovart.ai/zh/pricing,28,642,7
2026-08-28,https://www.lovart.ai/zh/tools,1,68,8
2026-08-28,https://www.lovart.ai/zh/tools/online-ai-design,1,12,3
2026-08-28,https://www.lovart.ai/zh/topics/zh-faq,4,40,6
2026-08-28,https://www.lovart.ai/zh/topics/zh-lovart-about,1,56,6
2026-08-28,https://www.lovart.ai/zh/topics/zh-lovart-china-guide,7,291,6
2026-08-28,https://www.lovart.ai/zh/topics/zh-pricing-cn,4,49,3
2026-08-28,https://www.lovart.ai/zh/topics/zh-pricing-compare,1,11,5
2026-09-04,https://blogs.lovart.ai/youtube-thumbnail-design-science.html,2,22,5
2026-09-04,https://www.lovart.ai/,8343,46145,2
2026-09-04,https://www.lovart.ai/actions,0,112,6
2026-09-04,https://www.lovart.ai/blog/ai-poster-design-prompts,1,2,6
2026-09-04,https://www.lovart.ai/blog/ai-poster-prompts-tutorial,0,30,6
2026-09-04,https://www.lovart.ai/blog/complete-guide-consistent-ai-character-design,1,54,5
2026-09-04,https://www.lovart.ai/blog/imagefx-review,0,69,8
2026-09-04,https://www.lovart.ai/blog/what-is-civitai-red,5,3989,6
2026-09-04,https://www.lovart.ai/canvas,5,198,8
2026-09-04,https://www.lovart.ai/canvas*,1,66,3
2026-09-04,https://www.lovart.ai/de,5,91,4
2026-09-04,https://www.lovart.ai/de/blog/how-to-use-veo3-free,0,2,4
2026-09-04,https://www.lovart.ai/de/blog/what-is-civitai-red,0,312,5
2026-09-04,https://www.lovart.ai/de/features/ai-brochure-design-tool,0,1,6
2026-09-04,https://www.lovart.ai/es,8,268,2
2026-09-04,https://www.lovart.ai/es/blog/what-is-civitai-red,0,270,6
2026-09-04,https://www.lovart.ai/features,139,4268,3
2026-09-04,https://www.lovart.ai/features/free-online-tool,32,205,7
2026-09-04,https://www.lovart.ai/features/instagram-highlight-cover-design,0,24,8
2026-09-04,https://www.lovart.ai/fr,5,498,3
2026-09-04,https://www.lovart.ai/fr/blog/what-is-civitai-red,0,194,5
2026-09-04,https://www.lovart.ai/fr/features,0,11,8
2026-09-04,https://www.lovart.ai/fr/tools/ai-model-generator,0,1,6
2026-09-04,https://www.lovart.ai/fr/tools/ai-poster-maker-free,0,1,4
2026-09-04,https://www.lovart.ai/fr/tools/ai-team-photo,0,1,4
2026-09-04,https://www.lovart.ai/fr/tools/free-ai-illustration-generator,0,1,4
2026-09-04,https://www.lovart.ai/fr/tools/nano-banana-free,0,12,8
2026-09-04,https://www.lovart.ai/home?ls=1,1,37,8
2026-09-04,https://www.lovart.ai/inspiration,21,942,4
2026-09-04,https://www.lovart.ai/it,5,105,4
2026-09-04,https://www.lovart.ai/it/blog/what-is-civitai-red,0,23,6
2026-09-04,https://www.lovart.ai/it/features/banner-design,0,7,9
2026-09-04,https://www.lovart.ai/it/features/flyer-design,0,1,10
2026-09-04,https://www.lovart.ai/ja,39,916,5
2026-09-04,https://www.lovart.ai/ja/blog/ai-poster-prompts-tutorial,1,1,4
2026-09-04,https://www.lovart.ai/ja/blog/what-is-civitai-red,7,1519,7
2026-09-04,https://www.lovart.ai/ja/features,0,113,8
2026-09-04,https://www.lovart.ai/ja/tools/ai-poster-maker-free,2,51,7
2026-09-04,https://www.lovart.ai/ko,2,30,5
2026-09-04,https://www.lovart.ai/ko/blog/what-is-civitai-red,1,115,6
2026-09-04,https://www.lovart.ai/pricing,8,1253,8
2026-09-04,https://www.lovart.ai/pt,14,733,4
2026-09-04,https://www.lovart.ai/pt/blog/what-is-civitai-red,0,133,5
2026-09-04,https://www.lovart.ai/pt/features,4,183,6
2026-09-04,https://www.lovart.ai/pt/tools,1,116,7
2026-09-04,https://www.lovart.ai/pt/tools/free-ai-illustration-generator,1,11,7
2026-09-04,https://www.lovart.ai/r/,26,3209,7
2026-09-04,https://www.lovart.ai/r/1f1zqly,0,6,4
2026-09-04,https://www.lovart.ai/r/drz0bdf,0,72,6
2026-09-04,https://www.lovart.ai/ru/blog/ai-student-id-card-maker,1,4,2
2026-09-04,https://www.lovart.ai/ru/blog/what-is-civitai-red,0,11,5
2026-09-04,https://www.lovart.ai/tools,4,1593,8
2026-09-04,https://www.lovart.ai/tools/ai-design-suite,0,20,8
2026-09-04,https://www.lovart.ai/tools/ai-object-remover,0,4,6
2026-09-04,https://www.lovart.ai/tools/chat-to-image-ai-generator,3,93,6
2026-09-04,https://www.lovart.ai/tools/free-ai-illustration-generator,8,300,5
2026-09-04,https://www.lovart.ai/tools/nano-banana-free,4,214,12
2026-09-04,https://www.lovart.ai/tools/text-to-image-generator,0,52,8
2026-09-04,https://www.lovart.ai/zh,13962,44029,2
2026-09-04,https://www.lovart.ai/zh-TW,13,1784,7
2026-09-04,https://www.lovart.ai/zh-TW/blog/what-is-civitai-red,21,878,5
2026-09-04,https://www.lovart.ai/zh/blog/adobe-firefly-review-2025-features-pricing-and-honest-hands-on-test,0,12,9
2026-09-04,https://www.lovart.ai/zh/blog/ai-infinite-canvas-guide,0,25,21
2026-09-04,https://www.lovart.ai/zh/blog/complete-guide-ai-face-swap-photo-video,0,13,6
2026-09-04,https://www.lovart.ai/zh/blog/complete-guide-ai-texture-material-generation,1,23,5
2026-09-04,https://www.lovart.ai/zh/blog/complete-guide-consistent-ai-character-design,1,11,12
2026-09-04,https://www.lovart.ai/zh/blog/how-to-generate-cinematic-video-prompts,1,13,7
2026-09-04,https://www.lovart.ai/zh/blog/lovart-zhongguo-fangwen,2,58,6
2026-09-04,https://www.lovart.ai/zh/blog/lovart-zhongwenban-jiaocheng,1,48,6
2026-09-04,https://www.lovart.ai/zh/blog/openart-ai-review,0,47,8
2026-09-04,https://www.lovart.ai/zh/blog/pixai-review,0,28,9
2026-09-04,https://www.lovart.ai/zh/blog/what-is-civitai-red,0,221,8
2026-09-04,https://www.lovart.ai/zh/changelog,0,22,4
2026-09-04,https://www.lovart.ai/zh/designers,0,101,6
2026-09-04,https://www.lovart.ai/zh/features,93,3735,5
2026-09-04,https://www.lovart.ai/zh/features/ai-video-generator,2,11,3
2026-09-04,https://www.lovart.ai/zh/pricing,16,595,7
2026-09-04,https://www.lovart.ai/zh/tools,0,38,9
2026-09-04,https://www.lovart.ai/zh/tools/ai-design-api,4,12,2
2026-09-04,https://www.lovart.ai/zh/topics/zh-faq,11,90,4
2026-09-04,https://www.lovart.ai/zh/topics/zh-lovart-about,0,26,6
2026-09-04,https://www.lovart.ai/zh/topics/zh-lovart-china-guide,9,348,6
2026-09-04,https://www.lovart.ai/zh/topics/zh-pricing-cn,2,27,3
