management_status,bucket,target_type,language,slug,schemaVersion,seo_noindex,ext,path,parse_error
pulled-new-language-reference,ja-new,feature,ja,ai-avatar-streaming-seedance,,,.json,_pull/ja-new/Features/ja/_dict/ai-avatar-streaming-seedance.json,
pulled-new-language-reference,ja-new,feature,ja,ai-facebook-post-designer,,,.json,_pull/ja-new/Features/ja/_dict/ai-facebook-post-designer.json,
pulled-new-language-reference,ja-new,feature,ja,ai-video-agent-for-ecommerce,,,.json,_pull/ja-new/Features/ja/_dict/ai-video-agent-for-ecommerce.json,
pulled-new-language-reference,ja-new,feature,ja,ai-video-agent-for-marketing,,,.json,_pull/ja-new/Features/ja/_dict/ai-video-agent-for-marketing.json,
pulled-new-language-reference,ja-new,feature,ja,ai-video-agent-for-tiktok,,,.json,_pull/ja-new/Features/ja/_dict/ai-video-agent-for-tiktok.json,
pulled-new-language-reference,ja-new,feature,ja,ai-video-agent-for-youtube,,,.json,_pull/ja-new/Features/ja/_dict/ai-video-agent-for-youtube.json,
pulled-new-language-reference,ja-new,feature,ja,ai-video-agent-workflow,,,.json,_pull/ja-new/Features/ja/_dict/ai-video-agent-workflow.json,
pulled-new-language-reference,ja-new,feature,ja,ai-video-agent,,,.json,_pull/ja-new/Features/ja/_dict/ai-video-agent.json,
pulled-new-language-reference,ja-new,feature,ja,ai-video-optimization,,,.json,_pull/ja-new/Features/ja/_dict/ai-video-optimization.json,
pulled-new-language-reference,ja-new,feature,ja,autonomous-ai-video-agent,,,.json,_pull/ja-new/Features/ja/_dict/autonomous-ai-video-agent.json,
pulled-new-language-reference,ja-new,feature,ja,instagram-story-layout-ideas-generator,,,.json,_pull/ja-new/Features/ja/_dict/instagram-story-layout-ideas-generator.json,
pulled-new-language-reference,ja-new,feature,ja,mcot-engine,,,.json,_pull/ja-new/Features/ja/_dict/mcot-engine.json,
pulled-new-language-reference,ja-new,feature,ja,multimodal-ai-video-agent,,,.json,_pull/ja-new/Features/ja/_dict/multimodal-ai-video-agent.json,
pulled-new-language-reference,ja-new,feature,ja,quick-poster-generation-by-lovart,,,.json,_pull/ja-new/Features/ja/_dict/quick-poster-generation-by-lovart.json,
pulled-new-language-reference,ja-new,feature,ja,seedance-batch-creative-production,,,.json,_pull/ja-new/Features/ja/_dict/seedance-batch-creative-production.json,
pulled-new-language-reference,ja-new,feature,ja,video-agent,,,.json,_pull/ja-new/Features/ja/_shared/video-agent.json,
pulled-new-language-reference,ja-new,feature,ja,_shared-keys,,,.json,_pull/ja-new/Features/ja/_stub/_shared-keys.json,
pulled-new-language-reference,ja-new,feature,ja,ai-avatar-streaming-seedance,,,.json,_pull/ja-new/Features/ja/_stub/ai-avatar-streaming-seedance.json,
pulled-new-language-reference,ja-new,feature,ja,ai-facebook-post-designer,,,.json,_pull/ja-new/Features/ja/_stub/ai-facebook-post-designer.json,
pulled-new-language-reference,ja-new,feature,ja,ai-video-agent-for-ecommerce,,,.json,_pull/ja-new/Features/ja/_stub/ai-video-agent-for-ecommerce.json,
pulled-new-language-reference,ja-new,feature,ja,ai-video-agent-for-marketing,,,.json,_pull/ja-new/Features/ja/_stub/ai-video-agent-for-marketing.json,
pulled-new-language-reference,ja-new,feature,ja,ai-video-agent-for-tiktok,,,.json,_pull/ja-new/Features/ja/_stub/ai-video-agent-for-tiktok.json,
pulled-new-language-reference,ja-new,feature,ja,ai-video-agent-for-youtube,,,.json,_pull/ja-new/Features/ja/_stub/ai-video-agent-for-youtube.json,
pulled-new-language-reference,ja-new,feature,ja,ai-video-agent-workflow,,,.json,_pull/ja-new/Features/ja/_stub/ai-video-agent-workflow.json,
pulled-new-language-reference,ja-new,feature,ja,ai-video-agent,,,.json,_pull/ja-new/Features/ja/_stub/ai-video-agent.json,
pulled-new-language-reference,ja-new,feature,ja,ai-video-optimization,,,.json,_pull/ja-new/Features/ja/_stub/ai-video-optimization.json,
pulled-new-language-reference,ja-new,feature,ja,autonomous-ai-video-agent,,,.json,_pull/ja-new/Features/ja/_stub/autonomous-ai-video-agent.json,
pulled-new-language-reference,ja-new,feature,ja,instagram-story-layout-ideas-generator,,,.json,_pull/ja-new/Features/ja/_stub/instagram-story-layout-ideas-generator.json,
pulled-new-language-reference,ja-new,feature,ja,mcot-engine,,,.json,_pull/ja-new/Features/ja/_stub/mcot-engine.json,
pulled-new-language-reference,ja-new,feature,ja,multimodal-ai-video-agent,,,.json,_pull/ja-new/Features/ja/_stub/multimodal-ai-video-agent.json,
pulled-new-language-reference,ja-new,feature,ja,quick-poster-generation-by-lovart,,,.json,_pull/ja-new/Features/ja/_stub/quick-poster-generation-by-lovart.json,
pulled-new-language-reference,ja-new,feature,ja,seedance-batch-creative-production,,,.json,_pull/ja-new/Features/ja/_stub/seedance-batch-creative-production.json,
pulled-new-language-reference,ja-new,feature,ja,[object Object],composite-v2,false,.json,_pull/ja-new/Features/ja/ai-avatar-streaming-seedance-ja.json,
pulled-new-language-reference,ja-new,feature,ja,[object Object],composite-v2,false,.json,_pull/ja-new/Features/ja/ai-facebook-post-designer-ja.json,
pulled-new-language-reference,ja-new,feature,ja,[object Object],composite-v2,false,.json,_pull/ja-new/Features/ja/ai-video-agent-for-ecommerce-ja.json,
pulled-new-language-reference,ja-new,feature,ja,[object Object],composite-v2,false,.json,_pull/ja-new/Features/ja/ai-video-agent-for-marketing-ja.json,
pulled-new-language-reference,ja-new,feature,ja,[object Object],composite-v2,false,.json,_pull/ja-new/Features/ja/ai-video-agent-for-tiktok-ja.json,
pulled-new-language-reference,ja-new,feature,ja,[object Object],composite-v2,false,.json,_pull/ja-new/Features/ja/ai-video-agent-for-youtube-ja.json,
pulled-new-language-reference,ja-new,feature,ja,[object Object],composite-v2,false,.json,_pull/ja-new/Features/ja/ai-video-agent-ja.json,
pulled-new-language-reference,ja-new,feature,ja,[object Object],composite-v2,false,.json,_pull/ja-new/Features/ja/ai-video-agent-workflow-ja.json,
pulled-new-language-reference,ja-new,feature,ja,[object Object],composite-v2,false,.json,_pull/ja-new/Features/ja/ai-video-optimization-ja.json,
pulled-new-language-reference,ja-new,feature,ja,[object Object],composite-v2,false,.json,_pull/ja-new/Features/ja/autonomous-ai-video-agent-ja.json,
pulled-new-language-reference,ja-new,feature,ja,[object Object],composite-v2,false,.json,_pull/ja-new/Features/ja/instagram-story-layout-ideas-generator-ja.json,
pulled-new-language-reference,ja-new,feature,ja,[object Object],composite-v2,false,.json,_pull/ja-new/Features/ja/mcot-engine-ja.json,
pulled-new-language-reference,ja-new,feature,ja,[object Object],composite-v2,false,.json,_pull/ja-new/Features/ja/multimodal-ai-video-agent-ja.json,
pulled-new-language-reference,ja-new,feature,ja,[object Object],composite-v2,false,.json,_pull/ja-new/Features/ja/quick-poster-generation-by-lovart-ja.json,
pulled-new-language-reference,ja-new,feature,ja,[object Object],composite-v2,false,.json,_pull/ja-new/Features/ja/seedance-batch-creative-production-ja.json,
pulled-new-language-reference,pt-new,feature,pt,ai-video-agent-for-ecommerce,,,.json,_pull/pt-new/Features/pt/_dict/ai-video-agent-for-ecommerce.json,
pulled-new-language-reference,pt-new,feature,pt,ai-video-agent-for-marketing,,,.json,_pull/pt-new/Features/pt/_dict/ai-video-agent-for-marketing.json,
pulled-new-language-reference,pt-new,feature,pt,ai-video-agent-for-tiktok,,,.json,_pull/pt-new/Features/pt/_dict/ai-video-agent-for-tiktok.json,
pulled-new-language-reference,pt-new,feature,pt,ai-video-agent-for-youtube,,,.json,_pull/pt-new/Features/pt/_dict/ai-video-agent-for-youtube.json,
pulled-new-language-reference,pt-new,feature,pt,ai-video-agent-workflow,,,.json,_pull/pt-new/Features/pt/_dict/ai-video-agent-workflow.json,
pulled-new-language-reference,pt-new,feature,pt,ai-video-agent,,,.json,_pull/pt-new/Features/pt/_dict/ai-video-agent.json,
pulled-new-language-reference,pt-new,feature,pt,autonomous-ai-video-agent,,,.json,_pull/pt-new/Features/pt/_dict/autonomous-ai-video-agent.json,
pulled-new-language-reference,pt-new,feature,pt,multimodal-ai-video-agent,,,.json,_pull/pt-new/Features/pt/_dict/multimodal-ai-video-agent.json,
pulled-new-language-reference,pt-new,feature,pt,_names,,,.json,_pull/pt-new/Features/pt/_names.json,
pulled-new-language-reference,pt-new,feature,pt,video-agent,,,.json,_pull/pt-new/Features/pt/_shared/video-agent.json,
pulled-new-language-reference,pt-new,feature,pt,_shared-keys,,,.json,_pull/pt-new/Features/pt/_stub/_shared-keys.json,
pulled-new-language-reference,pt-new,feature,pt,ai-video-agent-for-ecommerce,,,.json,_pull/pt-new/Features/pt/_stub/ai-video-agent-for-ecommerce.json,
pulled-new-language-reference,pt-new,feature,pt,ai-video-agent-for-marketing,,,.json,_pull/pt-new/Features/pt/_stub/ai-video-agent-for-marketing.json,
pulled-new-language-reference,pt-new,feature,pt,ai-video-agent-for-tiktok,,,.json,_pull/pt-new/Features/pt/_stub/ai-video-agent-for-tiktok.json,
pulled-new-language-reference,pt-new,feature,pt,ai-video-agent-for-youtube,,,.json,_pull/pt-new/Features/pt/_stub/ai-video-agent-for-youtube.json,
pulled-new-language-reference,pt-new,feature,pt,ai-video-agent-workflow,,,.json,_pull/pt-new/Features/pt/_stub/ai-video-agent-workflow.json,
pulled-new-language-reference,pt-new,feature,pt,ai-video-agent,,,.json,_pull/pt-new/Features/pt/_stub/ai-video-agent.json,
pulled-new-language-reference,pt-new,feature,pt,autonomous-ai-video-agent,,,.json,_pull/pt-new/Features/pt/_stub/autonomous-ai-video-agent.json,
pulled-new-language-reference,pt-new,feature,pt,multimodal-ai-video-agent,,,.json,_pull/pt-new/Features/pt/_stub/multimodal-ai-video-agent.json,
pulled-new-language-reference,pt-new,feature,pt,[object Object],composite-v2,false,.json,_pull/pt-new/Features/pt/ai-video-agent-for-ecommerce-pt.json,
pulled-new-language-reference,pt-new,feature,pt,[object Object],composite-v2,false,.json,_pull/pt-new/Features/pt/ai-video-agent-for-marketing-pt.json,
pulled-new-language-reference,pt-new,feature,pt,[object Object],composite-v2,false,.json,_pull/pt-new/Features/pt/ai-video-agent-for-tiktok-pt.json,
pulled-new-language-reference,pt-new,feature,pt,[object Object],composite-v2,false,.json,_pull/pt-new/Features/pt/ai-video-agent-for-youtube-pt.json,
pulled-new-language-reference,pt-new,feature,pt,[object Object],composite-v2,false,.json,_pull/pt-new/Features/pt/ai-video-agent-pt.json,
pulled-new-language-reference,pt-new,feature,pt,[object Object],composite-v2,false,.json,_pull/pt-new/Features/pt/ai-video-agent-workflow-pt.json,
pulled-new-language-reference,pt-new,feature,pt,[object Object],composite-v2,false,.json,_pull/pt-new/Features/pt/autonomous-ai-video-agent-pt.json,
pulled-new-language-reference,pt-new,feature,pt,[object Object],composite-v2,false,.json,_pull/pt-new/Features/pt/multimodal-ai-video-agent-pt.json,
pulled-new-language-reference,zh-new,feature,zh,ai-design-agent-for-freelancers,,,.json,_pull/zh-new/Features/zh/_dict/ai-design-agent-for-freelancers.json,
pulled-new-language-reference,zh-new,feature,zh,ai-design-agent,,,.json,_pull/zh-new/Features/zh/_dict/ai-design-agent.json,
pulled-new-language-reference,zh-new,feature,zh,ai-facebook-ad-creative-generator,,,.json,_pull/zh-new/Features/zh/_dict/ai-facebook-ad-creative-generator.json,
pulled-new-language-reference,zh-new,feature,zh,ai-facebook-poster-generator,,,.json,_pull/zh-new/Features/zh/_dict/ai-facebook-poster-generator.json,
pulled-new-language-reference,zh-new,feature,zh,ai-google-ads-banner-generator,,,.json,_pull/zh-new/Features/zh/_dict/ai-google-ads-banner-generator.json,
pulled-new-language-reference,zh-new,feature,zh,ai-linkedin-infographic-generator-b2b,,,.json,_pull/zh-new/Features/zh/_dict/ai-linkedin-infographic-generator-b2b.json,
pulled-new-language-reference,zh-new,feature,zh,ai-logo-maker-brand-agent,,,.json,_pull/zh-new/Features/zh/_dict/ai-logo-maker-brand-agent.json,
pulled-new-language-reference,zh-new,feature,zh,ai-poster-design-agent-nano-banana,,,.json,_pull/zh-new/Features/zh/_dict/ai-poster-design-agent-nano-banana.json,
pulled-new-language-reference,zh-new,feature,zh,ai-product-video-seedance,,,.json,_pull/zh-new/Features/zh/_dict/ai-product-video-seedance.json,
pulled-new-language-reference,zh-new,feature,zh,ai-tiktok-thumbnail-maker,,,.json,_pull/zh-new/Features/zh/_dict/ai-tiktok-thumbnail-maker.json,
pulled-new-language-reference,zh-new,feature,zh,ai-video-agent-for-ecommerce,,,.json,_pull/zh-new/Features/zh/_dict/ai-video-agent-for-ecommerce.json,
pulled-new-language-reference,zh-new,feature,zh,ai-video-agent-for-marketing,,,.json,_pull/zh-new/Features/zh/_dict/ai-video-agent-for-marketing.json,
pulled-new-language-reference,zh-new,feature,zh,ai-video-agent-for-tiktok,,,.json,_pull/zh-new/Features/zh/_dict/ai-video-agent-for-tiktok.json,
pulled-new-language-reference,zh-new,feature,zh,ai-video-agent-for-youtube,,,.json,_pull/zh-new/Features/zh/_dict/ai-video-agent-for-youtube.json,
pulled-new-language-reference,zh-new,feature,zh,ai-video-agent-workflow,,,.json,_pull/zh-new/Features/zh/_dict/ai-video-agent-workflow.json,
pulled-new-language-reference,zh-new,feature,zh,ai-video-agent,,,.json,_pull/zh-new/Features/zh/_dict/ai-video-agent.json,
pulled-new-language-reference,zh-new,feature,zh,ai-video-enhancer-remaster-veo3,,,.json,_pull/zh-new/Features/zh/_dict/ai-video-enhancer-remaster-veo3.json,
pulled-new-language-reference,zh-new,feature,zh,ai-video-optimization,,,.json,_pull/zh-new/Features/zh/_dict/ai-video-optimization.json,
pulled-new-language-reference,zh-new,feature,zh,ai-video-prompt-generator-veo-sora,,,.json,_pull/zh-new/Features/zh/_dict/ai-video-prompt-generator-veo-sora.json,
pulled-new-language-reference,zh-new,feature,zh,autonomous-ai-video-agent,,,.json,_pull/zh-new/Features/zh/_dict/autonomous-ai-video-agent.json,
pulled-new-language-reference,zh-new,feature,zh,create-editable-brand-kit-ai-agent,,,.json,_pull/zh-new/Features/zh/_dict/create-editable-brand-kit-ai-agent.json,
pulled-new-language-reference,zh-new,feature,zh,create-mockups-with-brand-kit-ai,,,.json,_pull/zh-new/Features/zh/_dict/create-mockups-with-brand-kit-ai.json,
pulled-new-language-reference,zh-new,feature,zh,create-videos-from-images-or-text-seedance,,,.json,_pull/zh-new/Features/zh/_dict/create-videos-from-images-or-text-seedance.json,
pulled-new-language-reference,zh-new,feature,zh,design-viral-youtube-thumbnails-ai-by-lovart,,,.json,_pull/zh-new/Features/zh/_dict/design-viral-youtube-thumbnails-ai-by-lovart.json,
pulled-new-language-reference,zh-new,feature,zh,design-viral-youtube-thumbnails-ai,,,.json,_pull/zh-new/Features/zh/_dict/design-viral-youtube-thumbnails-ai.json,
pulled-new-language-reference,zh-new,feature,zh,linkedin-ads-generator,,,.json,_pull/zh-new/Features/zh/_dict/linkedin-ads-generator.json,
pulled-new-language-reference,zh-new,feature,zh,linkedin-spotlight-ads-generator,,,.json,_pull/zh-new/Features/zh/_dict/linkedin-spotlight-ads-generator.json,
pulled-new-language-reference,zh-new,feature,zh,mcot-engine,,,.json,_pull/zh-new/Features/zh/_dict/mcot-engine.json,
pulled-new-language-reference,zh-new,feature,zh,multimodal-ai-video-agent,,,.json,_pull/zh-new/Features/zh/_dict/multimodal-ai-video-agent.json,
pulled-new-language-reference,zh-new,feature,zh,nano-banana-infographic-design,,,.json,_pull/zh-new/Features/zh/_dict/nano-banana-infographic-design.json,
pulled-new-language-reference,zh-new,feature,zh,nano-banana-presentation-slides,,,.json,_pull/zh-new/Features/zh/_dict/nano-banana-presentation-slides.json,
pulled-new-language-reference,zh-new,feature,zh,nano-banana-youtube-thumbnails,,,.json,_pull/zh-new/Features/zh/_dict/nano-banana-youtube-thumbnails.json,
pulled-new-language-reference,zh-new,feature,zh,quick-poster-generation-by-lovart,,,.json,_pull/zh-new/Features/zh/_dict/quick-poster-generation-by-lovart.json,
pulled-new-language-reference,zh-new,feature,zh,seedance-2-0-ai-video-generator,,,.json,_pull/zh-new/Features/zh/_dict/seedance-2-0-ai-video-generator.json,
pulled-new-language-reference,zh-new,feature,zh,seedance-2-ai-video-generator-agent,,,.json,_pull/zh-new/Features/zh/_dict/seedance-2-ai-video-generator-agent.json,
pulled-new-language-reference,zh-new,feature,zh,seedance-ai-ad-creatives,,,.json,_pull/zh-new/Features/zh/_dict/seedance-ai-ad-creatives.json,
pulled-new-language-reference,zh-new,feature,zh,seedance-ai-video-generator,,,.json,_pull/zh-new/Features/zh/_dict/seedance-ai-video-generator.json,
pulled-new-language-reference,zh-new,feature,zh,seedance-text-to-video-ai,,,.json,_pull/zh-new/Features/zh/_dict/seedance-text-to-video-ai.json,
pulled-new-language-reference,zh-new,feature,zh,seedance-viral-short-video-assets,,,.json,_pull/zh-new/Features/zh/_dict/seedance-viral-short-video-assets.json,
pulled-new-language-reference,zh-new,feature,zh,text-image-to-video-seedance,,,.json,_pull/zh-new/Features/zh/_dict/text-image-to-video-seedance.json,
pulled-new-language-reference,zh-new,feature,zh,text-to-video-ai-generator-veo3,,,.json,_pull/zh-new/Features/zh/_dict/text-to-video-ai-generator-veo3.json,
pulled-new-language-reference,zh-new,feature,zh,tiktok-video-cover-design,,,.json,_pull/zh-new/Features/zh/_dict/tiktok-video-cover-design.json,
pulled-new-language-reference,zh-new,feature,zh,youtube-thumbnail-design,,,.json,_pull/zh-new/Features/zh/_dict/youtube-thumbnail-design.json,
pulled-new-language-reference,zh-new,feature,zh,ai-design-agent,,false,.json,_pull/zh-new/Features/zh/_en-src/ai-design-agent.json,
pulled-new-language-reference,zh-new,feature,zh,ai-video-agent,,false,.json,_pull/zh-new/Features/zh/_en-src/ai-video-agent.json,
pulled-new-language-reference,zh-new,feature,zh,ai-youtube-thumbnail-generator,,false,.json,_pull/zh-new/Features/zh/_en-src/ai-youtube-thumbnail-generator.json,
pulled-new-language-reference,zh-new,feature,zh,video-agent,,,.json,_pull/zh-new/Features/zh/_shared/video-agent.json,
pulled-new-language-reference,zh-new,feature,zh,ai-design-agent-for-freelancers,,,.json,_pull/zh-new/Features/zh/_stub/ai-design-agent-for-freelancers.json,
pulled-new-language-reference,zh-new,feature,zh,ai-design-agent,,,.json,_pull/zh-new/Features/zh/_stub/ai-design-agent.json,
pulled-new-language-reference,zh-new,feature,zh,ai-facebook-ad-creative-generator,,,.json,_pull/zh-new/Features/zh/_stub/ai-facebook-ad-creative-generator.json,
pulled-new-language-reference,zh-new,feature,zh,ai-facebook-poster-generator,,,.json,_pull/zh-new/Features/zh/_stub/ai-facebook-poster-generator.json,
pulled-new-language-reference,zh-new,feature,zh,ai-google-ads-banner-generator,,,.json,_pull/zh-new/Features/zh/_stub/ai-google-ads-banner-generator.json,
pulled-new-language-reference,zh-new,feature,zh,ai-linkedin-infographic-generator-b2b,,,.json,_pull/zh-new/Features/zh/_stub/ai-linkedin-infographic-generator-b2b.json,
pulled-new-language-reference,zh-new,feature,zh,ai-logo-maker-brand-agent,,,.json,_pull/zh-new/Features/zh/_stub/ai-logo-maker-brand-agent.json,
pulled-new-language-reference,zh-new,feature,zh,ai-poster-design-agent-nano-banana,,,.json,_pull/zh-new/Features/zh/_stub/ai-poster-design-agent-nano-banana.json,
pulled-new-language-reference,zh-new,feature,zh,ai-product-video-seedance,,,.json,_pull/zh-new/Features/zh/_stub/ai-product-video-seedance.json,
pulled-new-language-reference,zh-new,feature,zh,ai-tiktok-thumbnail-maker,,,.json,_pull/zh-new/Features/zh/_stub/ai-tiktok-thumbnail-maker.json,
pulled-new-language-reference,zh-new,feature,zh,ai-video-agent-for-ecommerce,,,.json,_pull/zh-new/Features/zh/_stub/ai-video-agent-for-ecommerce.json,
pulled-new-language-reference,zh-new,feature,zh,ai-video-agent-for-marketing,,,.json,_pull/zh-new/Features/zh/_stub/ai-video-agent-for-marketing.json,
pulled-new-language-reference,zh-new,feature,zh,ai-video-agent-for-tiktok,,,.json,_pull/zh-new/Features/zh/_stub/ai-video-agent-for-tiktok.json,
pulled-new-language-reference,zh-new,feature,zh,ai-video-agent-for-youtube,,,.json,_pull/zh-new/Features/zh/_stub/ai-video-agent-for-youtube.json,
pulled-new-language-reference,zh-new,feature,zh,ai-video-agent-workflow,,,.json,_pull/zh-new/Features/zh/_stub/ai-video-agent-workflow.json,
pulled-new-language-reference,zh-new,feature,zh,ai-video-agent,,,.json,_pull/zh-new/Features/zh/_stub/ai-video-agent.json,
pulled-new-language-reference,zh-new,feature,zh,ai-video-enhancer-remaster-veo3,,,.json,_pull/zh-new/Features/zh/_stub/ai-video-enhancer-remaster-veo3.json,
pulled-new-language-reference,zh-new,feature,zh,ai-video-optimization,,,.json,_pull/zh-new/Features/zh/_stub/ai-video-optimization.json,
pulled-new-language-reference,zh-new,feature,zh,ai-video-prompt-generator-veo-sora,,,.json,_pull/zh-new/Features/zh/_stub/ai-video-prompt-generator-veo-sora.json,
pulled-new-language-reference,zh-new,feature,zh,autonomous-ai-video-agent,,,.json,_pull/zh-new/Features/zh/_stub/autonomous-ai-video-agent.json,
pulled-new-language-reference,zh-new,feature,zh,create-editable-brand-kit-ai-agent,,,.json,_pull/zh-new/Features/zh/_stub/create-editable-brand-kit-ai-agent.json,
pulled-new-language-reference,zh-new,feature,zh,create-mockups-with-brand-kit-ai,,,.json,_pull/zh-new/Features/zh/_stub/create-mockups-with-brand-kit-ai.json,
pulled-new-language-reference,zh-new,feature,zh,create-videos-from-images-or-text-seedance,,,.json,_pull/zh-new/Features/zh/_stub/create-videos-from-images-or-text-seedance.json,
pulled-new-language-reference,zh-new,feature,zh,design-viral-youtube-thumbnails-ai-by-lovart,,,.json,_pull/zh-new/Features/zh/_stub/design-viral-youtube-thumbnails-ai-by-lovart.json,
pulled-new-language-reference,zh-new,feature,zh,design-viral-youtube-thumbnails-ai,,,.json,_pull/zh-new/Features/zh/_stub/design-viral-youtube-thumbnails-ai.json,
pulled-new-language-reference,zh-new,feature,zh,linkedin-ads-generator,,,.json,_pull/zh-new/Features/zh/_stub/linkedin-ads-generator.json,
pulled-new-language-reference,zh-new,feature,zh,linkedin-spotlight-ads-generator,,,.json,_pull/zh-new/Features/zh/_stub/linkedin-spotlight-ads-generator.json,
pulled-new-language-reference,zh-new,feature,zh,mcot-engine,,,.json,_pull/zh-new/Features/zh/_stub/mcot-engine.json,
pulled-new-language-reference,zh-new,feature,zh,multimodal-ai-video-agent,,,.json,_pull/zh-new/Features/zh/_stub/multimodal-ai-video-agent.json,
pulled-new-language-reference,zh-new,feature,zh,nano-banana-infographic-design,,,.json,_pull/zh-new/Features/zh/_stub/nano-banana-infographic-design.json,
pulled-new-language-reference,zh-new,feature,zh,nano-banana-presentation-slides,,,.json,_pull/zh-new/Features/zh/_stub/nano-banana-presentation-slides.json,
pulled-new-language-reference,zh-new,feature,zh,nano-banana-youtube-thumbnails,,,.json,_pull/zh-new/Features/zh/_stub/nano-banana-youtube-thumbnails.json,
pulled-new-language-reference,zh-new,feature,zh,quick-poster-generation-by-lovart,,,.json,_pull/zh-new/Features/zh/_stub/quick-poster-generation-by-lovart.json,
pulled-new-language-reference,zh-new,feature,zh,seedance-2-0-ai-video-generator,,,.json,_pull/zh-new/Features/zh/_stub/seedance-2-0-ai-video-generator.json,
pulled-new-language-reference,zh-new,feature,zh,seedance-2-ai-video-generator-agent,,,.json,_pull/zh-new/Features/zh/_stub/seedance-2-ai-video-generator-agent.json,
pulled-new-language-reference,zh-new,feature,zh,seedance-ai-ad-creatives,,,.json,_pull/zh-new/Features/zh/_stub/seedance-ai-ad-creatives.json,
pulled-new-language-reference,zh-new,feature,zh,seedance-ai-video-generator,,,.json,_pull/zh-new/Features/zh/_stub/seedance-ai-video-generator.json,
pulled-new-language-reference,zh-new,feature,zh,seedance-text-to-video-ai,,,.json,_pull/zh-new/Features/zh/_stub/seedance-text-to-video-ai.json,
pulled-new-language-reference,zh-new,feature,zh,seedance-viral-short-video-assets,,,.json,_pull/zh-new/Features/zh/_stub/seedance-viral-short-video-assets.json,
pulled-new-language-reference,zh-new,feature,zh,text-image-to-video-seedance,,,.json,_pull/zh-new/Features/zh/_stub/text-image-to-video-seedance.json,
pulled-new-language-reference,zh-new,feature,zh,text-to-video-ai-generator-veo3,,,.json,_pull/zh-new/Features/zh/_stub/text-to-video-ai-generator-veo3.json,
pulled-new-language-reference,zh-new,feature,zh,tiktok-video-cover-design,,,.json,_pull/zh-new/Features/zh/_stub/tiktok-video-cover-design.json,
pulled-new-language-reference,zh-new,feature,zh,youtube-thumbnail-design,,,.json,_pull/zh-new/Features/zh/_stub/youtube-thumbnail-design.json,
pulled-new-language-reference,zh-new,feature,zh,[object Object],,false,.json,_pull/zh-new/Features/zh/ai-design-agent-for-freelancers-zh.json,
pulled-new-language-reference,zh-new,feature,zh,[object Object],,false,.json,_pull/zh-new/Features/zh/ai-design-agent-zh.json,
pulled-new-language-reference,zh-new,feature,zh,[object Object],,false,.json,_pull/zh-new/Features/zh/ai-facebook-ad-creative-generator-zh.json,
pulled-new-language-reference,zh-new,feature,zh,[object Object],,false,.json,_pull/zh-new/Features/zh/ai-facebook-poster-generator-zh.json,
pulled-new-language-reference,zh-new,feature,zh,[object Object],,false,.json,_pull/zh-new/Features/zh/ai-google-ads-banner-generator-zh.json,
pulled-new-language-reference,zh-new,feature,zh,[object Object],,false,.json,_pull/zh-new/Features/zh/ai-linkedin-infographic-generator-b2b-zh.json,
pulled-new-language-reference,zh-new,feature,zh,[object Object],,false,.json,_pull/zh-new/Features/zh/ai-logo-maker-brand-agent-zh.json,
pulled-new-language-reference,zh-new,feature,zh,[object Object],,false,.json,_pull/zh-new/Features/zh/ai-poster-design-agent-nano-banana-zh.json,
pulled-new-language-reference,zh-new,feature,zh,[object Object],,false,.json,_pull/zh-new/Features/zh/ai-product-video-seedance-zh.json,
pulled-new-language-reference,zh-new,feature,zh,[object Object],,false,.json,_pull/zh-new/Features/zh/ai-tiktok-thumbnail-maker-zh.json,
pulled-new-language-reference,zh-new,feature,zh,[object Object],,false,.json,_pull/zh-new/Features/zh/ai-video-agent-for-ecommerce-zh.json,
pulled-new-language-reference,zh-new,feature,zh,[object Object],,false,.json,_pull/zh-new/Features/zh/ai-video-agent-for-marketing-zh.json,
pulled-new-language-reference,zh-new,feature,zh,[object Object],,false,.json,_pull/zh-new/Features/zh/ai-video-agent-for-tiktok-zh.json,
pulled-new-language-reference,zh-new,feature,zh,[object Object],,false,.json,_pull/zh-new/Features/zh/ai-video-agent-for-youtube-zh.json,
pulled-new-language-reference,zh-new,feature,zh,[object Object],,false,.json,_pull/zh-new/Features/zh/ai-video-agent-workflow-zh.json,
pulled-new-language-reference,zh-new,feature,zh,[object Object],,false,.json,_pull/zh-new/Features/zh/ai-video-agent-zh.json,
pulled-new-language-reference,zh-new,feature,zh,[object Object],,false,.json,_pull/zh-new/Features/zh/ai-video-enhancer-remaster-veo3-zh.json,
pulled-new-language-reference,zh-new,feature,zh,[object Object],,false,.json,_pull/zh-new/Features/zh/ai-video-optimization-zh.json,
pulled-new-language-reference,zh-new,feature,zh,[object Object],,false,.json,_pull/zh-new/Features/zh/ai-video-prompt-generator-veo-sora-zh.json,
pulled-new-language-reference,zh-new,feature,zh,[object Object],,false,.json,_pull/zh-new/Features/zh/ai-youtube-thumbnail-generator-zh.json,
pulled-new-language-reference,zh-new,feature,zh,[object Object],,false,.json,_pull/zh-new/Features/zh/autonomous-ai-video-agent-zh.json,
pulled-new-language-reference,zh-new,feature,zh,[object Object],,false,.json,_pull/zh-new/Features/zh/create-editable-brand-kit-ai-agent-zh.json,
pulled-new-language-reference,zh-new,feature,zh,[object Object],,false,.json,_pull/zh-new/Features/zh/create-mockups-with-brand-kit-ai-zh.json,
pulled-new-language-reference,zh-new,feature,zh,[object Object],,false,.json,_pull/zh-new/Features/zh/create-videos-from-images-or-text-seedance-zh.json,
pulled-new-language-reference,zh-new,feature,zh,[object Object],,false,.json,_pull/zh-new/Features/zh/design-viral-youtube-thumbnails-ai-by-lovart-zh.json,
pulled-new-language-reference,zh-new,feature,zh,[object Object],,false,.json,_pull/zh-new/Features/zh/design-viral-youtube-thumbnails-ai-zh.json,
pulled-new-language-reference,zh-new,feature,zh,[object Object],,false,.json,_pull/zh-new/Features/zh/linkedin-ads-generator-zh.json,
pulled-new-language-reference,zh-new,feature,zh,[object Object],,false,.json,_pull/zh-new/Features/zh/linkedin-spotlight-ads-generator-zh.json,
pulled-new-language-reference,zh-new,feature,zh,[object Object],,false,.json,_pull/zh-new/Features/zh/mcot-engine-zh.json,
pulled-new-language-reference,zh-new,feature,zh,[object Object],,false,.json,_pull/zh-new/Features/zh/multimodal-ai-video-agent-zh.json,
pulled-new-language-reference,zh-new,feature,zh,[object Object],,false,.json,_pull/zh-new/Features/zh/nano-banana-infographic-design-zh.json,
pulled-new-language-reference,zh-new,feature,zh,[object Object],,false,.json,_pull/zh-new/Features/zh/nano-banana-presentation-slides-zh.json,
pulled-new-language-reference,zh-new,feature,zh,[object Object],,false,.json,_pull/zh-new/Features/zh/nano-banana-youtube-thumbnails-zh.json,
pulled-new-language-reference,zh-new,feature,zh,[object Object],,false,.json,_pull/zh-new/Features/zh/quick-poster-generation-by-lovart-zh.json,
pulled-new-language-reference,zh-new,feature,zh,[object Object],,false,.json,_pull/zh-new/Features/zh/seedance-2-0-ai-video-generator-zh.json,
pulled-new-language-reference,zh-new,feature,zh,[object Object],,false,.json,_pull/zh-new/Features/zh/seedance-2-ai-video-generator-agent-zh.json,
pulled-new-language-reference,zh-new,feature,zh,[object Object],,false,.json,_pull/zh-new/Features/zh/seedance-ai-ad-creatives-zh.json,
pulled-new-language-reference,zh-new,feature,zh,[object Object],,false,.json,_pull/zh-new/Features/zh/seedance-ai-video-generator-zh.json,
pulled-new-language-reference,zh-new,feature,zh,[object Object],,false,.json,_pull/zh-new/Features/zh/seedance-text-to-video-ai-zh.json,
pulled-new-language-reference,zh-new,feature,zh,[object Object],,false,.json,_pull/zh-new/Features/zh/seedance-viral-short-video-assets-zh.json,
pulled-new-language-reference,zh-new,feature,zh,[object Object],,false,.json,_pull/zh-new/Features/zh/text-image-to-video-seedance-zh.json,
pulled-new-language-reference,zh-new,feature,zh,[object Object],,false,.json,_pull/zh-new/Features/zh/text-to-video-ai-generator-veo3-zh.json,
pulled-new-language-reference,zh-new,feature,zh,[object Object],,false,.json,_pull/zh-new/Features/zh/tiktok-video-cover-design-zh.json,
pulled-new-language-reference,zh-new,feature,zh,[object Object],,false,.json,_pull/zh-new/Features/zh/youtube-thumbnail-design-zh.json,
pulled-new-language-reference,zhTW-new,feature,zh-TW,[object Object],composite-v2,false,.json,_pull/zhTW-new/Features/zh-TW/ai-video-agent-for-ecommerce-zh-TW.json,
pulled-new-language-reference,zhTW-new,feature,zh-TW,[object Object],composite-v2,false,.json,_pull/zhTW-new/Features/zh-TW/ai-video-agent-for-marketing-zh-TW.json,
pulled-new-language-reference,zhTW-new,feature,zh-TW,[object Object],composite-v2,false,.json,_pull/zhTW-new/Features/zh-TW/ai-video-agent-for-tiktok-zh-TW.json,
pulled-new-language-reference,zhTW-new,feature,zh-TW,[object Object],composite-v2,false,.json,_pull/zhTW-new/Features/zh-TW/ai-video-agent-for-youtube-zh-TW.json,
pulled-new-language-reference,zhTW-new,feature,zh-TW,[object Object],composite-v2,false,.json,_pull/zhTW-new/Features/zh-TW/ai-video-agent-workflow-zh-TW.json,
pulled-new-language-reference,zhTW-new,feature,zh-TW,[object Object],composite-v2,false,.json,_pull/zhTW-new/Features/zh-TW/ai-video-agent-zh-TW.json,
pulled-new-language-reference,zhTW-new,feature,zh-TW,[object Object],composite-v2,false,.json,_pull/zhTW-new/Features/zh-TW/ai-video-optimization-zh-TW.json,
pulled-new-language-reference,zhTW-new,feature,zh-TW,[object Object],composite-v2,false,.json,_pull/zhTW-new/Features/zh-TW/autonomous-ai-video-agent-zh-TW.json,
pulled-new-language-reference,zhTW-new,feature,zh-TW,[object Object],composite-v2,false,.json,_pull/zhTW-new/Features/zh-TW/create-videos-from-images-or-text-seedance-zh-TW.json,
pulled-new-language-reference,zhTW-new,feature,zh-TW,[object Object],composite-v2,false,.json,_pull/zhTW-new/Features/zh-TW/mcot-engine-zh-TW.json,
pulled-new-language-reference,zhTW-new,feature,zh-TW,[object Object],composite-v2,false,.json,_pull/zhTW-new/Features/zh-TW/multimodal-ai-video-agent-zh-TW.json,
pulled-new-language-reference,zhTW-new,feature,zh-TW,[object Object],composite-v2,false,.json,_pull/zhTW-new/Features/zh-TW/quick-poster-generation-by-lovart-zh-TW.json,
pulled-noindex-reference,composite,feature,en,draft-ai-logo-maker-f1,,true,.json,_pull/composite/features-full/draft-ai-logo-maker-f1-en.json,
pulled-noindex-reference,composite,feature,en,draft-ai-logo-maker-f2,,true,.json,_pull/composite/features-full/draft-ai-logo-maker-f2-en.json,
pulled-noindex-reference,composite,feature,en,draft-ai-logo-maker-f4,,true,.json,_pull/composite/features-full/draft-ai-logo-maker-f4-en.json,
pulled-noindex-reference,composite,feature,en,draft-ai-logo-maker-f5,,true,.json,_pull/composite/features-full/draft-ai-logo-maker-f5-en.json,
pulled-noindex-reference,composite,feature,en,draft-ai-logo-maker-f6,,true,.json,_pull/composite/features-full/draft-ai-logo-maker-f6-en.json,
pulled-noindex-reference,composite,feature,en,draft-ai-sales-deck-ppt-generator-f1,,true,.json,_pull/composite/features-full/draft-ai-sales-deck-ppt-generator-f1-en.json,
pulled-noindex-reference,composite,feature,en,draft-ai-sales-deck-ppt-generator-f2,,true,.json,_pull/composite/features-full/draft-ai-sales-deck-ppt-generator-f2-en.json,
pulled-noindex-reference,composite,feature,en,draft-ai-sales-deck-ppt-generator-f7,,true,.json,_pull/composite/features-full/draft-ai-sales-deck-ppt-generator-f7-en.json,
pulled-noindex-reference,composite,feature,en,draft-ai-sales-deck-ppt-generator-s1,,true,.json,_pull/composite/features-full/draft-ai-sales-deck-ppt-generator-s1-en.json,
pulled-reference,composite,,,_manifest,,,.json,_pull/composite/features-full/_manifest.json,
pulled-reference,composite,feature,en,ai-ad-thumbnail-generator,,false,.json,_pull/composite/features-full/ai-ad-thumbnail-generator-en.json,
pulled-reference,composite,feature,en,ai-affiliate-ads-generator,,false,.json,_pull/composite/features-full/ai-affiliate-ads-generator-en.json,
pulled-reference,composite,feature,en,ai-avatar-streaming-seedance,,false,.json,_pull/composite/features-full/ai-avatar-streaming-seedance-en.json,
pulled-reference,composite,feature,en,ai-background-swap-no-masking,,false,.json,_pull/composite/features-full/ai-background-swap-no-masking-en.json,
pulled-reference,composite,feature,en,ai-bakery-menu-maker,,false,.json,_pull/composite/features-full/ai-bakery-menu-maker-en.json,
pulled-reference,composite,feature,en,ai-brochure-design-tool,,false,.json,_pull/composite/features-full/ai-brochure-design-tool-en.json,
pulled-reference,composite,feature,en,ai-business-card-maker,,false,.json,_pull/composite/features-full/ai-business-card-maker-en.json,
pulled-reference,composite,feature,en,ai-carousel-generator,,false,.json,_pull/composite/features-full/ai-carousel-generator-en.json,
pulled-reference,composite,feature,en,ai-commercials-seedance,,false,.json,_pull/composite/features-full/ai-commercials-seedance-en.json,
pulled-reference,composite,feature,en,ai-company-logo-maker,,false,.json,_pull/composite/features-full/ai-company-logo-maker-en.json,
pulled-reference,composite,feature,en,ai-coupon-ad-generator,,false,.json,_pull/composite/features-full/ai-coupon-ad-generator-en.json,
pulled-reference,composite,feature,en,ai-design-agent,,false,.json,_pull/composite/features-full/ai-design-agent-en.json,
pulled-reference,composite,feature,en,ai-design-agent-for-freelancers,,false,.json,_pull/composite/features-full/ai-design-agent-for-freelancers-en.json,
pulled-reference,composite,feature,en,ai-design-marketing-agency,,false,.json,_pull/composite/features-full/ai-design-marketing-agency-en.json,
pulled-reference,composite,feature,en,ai-facebook-ad-creative-generator,,false,.json,_pull/composite/features-full/ai-facebook-ad-creative-generator-en.json,
pulled-reference,composite,feature,en,ai-facebook-post-designer,,false,.json,_pull/composite/features-full/ai-facebook-post-designer-en.json,
pulled-reference,composite,feature,en,ai-facebook-poster-generator,,false,.json,_pull/composite/features-full/ai-facebook-poster-generator-en.json,
pulled-reference,composite,feature,en,ai-giveaway-poster-generator,,false,.json,_pull/composite/features-full/ai-giveaway-poster-generator-en.json,
pulled-reference,composite,feature,en,ai-google-ads-banner-generator,,false,.json,_pull/composite/features-full/ai-google-ads-banner-generator-en.json,
pulled-reference,composite,feature,en,ai-illustration-generator-vector-nano-banana,,false,.json,_pull/composite/features-full/ai-illustration-generator-vector-nano-banana-en.json,
pulled-reference,composite,feature,en,ai-image-generator,,false,.json,_pull/composite/features-full/ai-image-generator-en.json,
pulled-reference,composite,feature,en,ai-image-generator-text-to-image,,false,.json,_pull/composite/features-full/ai-image-generator-text-to-image-en.json,
pulled-reference,composite,feature,en,ai-instagram-feed-planner,,false,.json,_pull/composite/features-full/ai-instagram-feed-planner-en.json,
pulled-reference,composite,feature,en,ai-instagram-post-generator,,false,.json,_pull/composite/features-full/ai-instagram-post-generator-en.json,
pulled-reference,composite,feature,en,ai-instagram-post-maker,,false,.json,_pull/composite/features-full/ai-instagram-post-maker-en.json,
pulled-reference,composite,feature,en,ai-instagram-story-layout-generator,,false,.json,_pull/composite/features-full/ai-instagram-story-layout-generator-en.json,
pulled-reference,composite,feature,en,ai-linkedin-infographic-generator-b2b,,false,.json,_pull/composite/features-full/ai-linkedin-infographic-generator-b2b-en.json,
pulled-reference,composite,feature,en,ai-logo-maker-brand-agent,,false,.json,_pull/composite/features-full/ai-logo-maker-brand-agent-en.json,
pulled-reference,composite,feature,en,ai-meta-ads-generator,,false,.json,_pull/composite/features-full/ai-meta-ads-generator-en.json,
pulled-reference,composite,feature,en,ai-mockup-generator,,false,.json,_pull/composite/features-full/ai-mockup-generator-en.json,
pulled-reference,composite,feature,en,ai-paid-social-ad-generator,,false,.json,_pull/composite/features-full/ai-paid-social-ad-generator-en.json,
pulled-reference,composite,feature,en,ai-picture-generator,,false,.json,_pull/composite/features-full/ai-picture-generator-en.json,
pulled-reference,composite,feature,en,ai-pinterest-pin-maker,,false,.json,_pull/composite/features-full/ai-pinterest-pin-maker-en.json,
pulled-reference,composite,feature,en,ai-poster-design-agent-nano-banana,,false,.json,_pull/composite/features-full/ai-poster-design-agent-nano-banana-en.json,
pulled-reference,composite,feature,en,ai-poster-generator-illustration-optimization,,false,.json,_pull/composite/features-full/ai-poster-generator-illustration-optimization-en.json,
pulled-reference,composite,feature,en,ai-presentation-slides-generator,,false,.json,_pull/composite/features-full/ai-presentation-slides-generator-en.json,
pulled-reference,composite,feature,en,ai-product-catalog-maker,,false,.json,_pull/composite/features-full/ai-product-catalog-maker-en.json,
pulled-reference,composite,feature,en,ai-product-display-generator,,false,.json,_pull/composite/features-full/ai-product-display-generator-en.json,
pulled-reference,composite,feature,en,ai-product-image-generator,,false,.json,_pull/composite/features-full/ai-product-image-generator-en.json,
pulled-reference,composite,feature,en,ai-product-video-seedance,,false,.json,_pull/composite/features-full/ai-product-video-seedance-en.json,
pulled-reference,composite,feature,en,ai-promotion-landing-page-generator,,false,.json,_pull/composite/features-full/ai-promotion-landing-page-generator-en.json,
pulled-reference,composite,feature,en,ai-retargeting-ad-generator,,false,.json,_pull/composite/features-full/ai-retargeting-ad-generator-en.json,
pulled-reference,composite,feature,en,ai-short-video-generator,,false,.json,_pull/composite/features-full/ai-short-video-generator-en.json,
pulled-reference,composite,feature,en,ai-social-media-content-generator,,false,.json,_pull/composite/features-full/ai-social-media-content-generator-en.json,
pulled-reference,composite,feature,en,ai-social-media-post-maker,,false,.json,_pull/composite/features-full/ai-social-media-post-maker-en.json,
pulled-reference,composite,feature,en,ai-subscribe-ad-generator,,false,.json,_pull/composite/features-full/ai-subscribe-ad-generator-en.json,
pulled-reference,composite,feature,en,ai-subscription-fatigue-utility,,false,.json,_pull/composite/features-full/ai-subscription-fatigue-utility-en.json,
pulled-reference,composite,feature,en,ai-text-to-image-generator,,false,.json,_pull/composite/features-full/ai-text-to-image-generator-en.json,
pulled-reference,composite,feature,en,ai-tiktok-thumbnail-maker,,false,.json,_pull/composite/features-full/ai-tiktok-thumbnail-maker-en.json,
pulled-reference,composite,feature,en,ai-twitch-overlay-generator,,false,.json,_pull/composite/features-full/ai-twitch-overlay-generator-en.json,
pulled-reference,composite,feature,en,ai-twitter-header-creator,,false,.json,_pull/composite/features-full/ai-twitter-header-creator-en.json,
pulled-reference,composite,feature,en,ai-twitter-x-post-generator,,false,.json,_pull/composite/features-full/ai-twitter-x-post-generator-en.json,
pulled-reference,composite,feature,en,ai-video-background-remover,,false,.json,_pull/composite/features-full/ai-video-background-remover-en.json,
pulled-reference,composite,feature,en,ai-video-enhancer-remaster-veo3,,false,.json,_pull/composite/features-full/ai-video-enhancer-remaster-veo3-en.json,
pulled-reference,composite,feature,en,ai-video-generator,,false,.json,_pull/composite/features-full/ai-video-generator-en.json,
pulled-reference,composite,feature,en,ai-video-generator-no-templates,,false,.json,_pull/composite/features-full/ai-video-generator-no-templates-en.json,
pulled-reference,composite,feature,en,ai-video-generator-text-to-video,,false,.json,_pull/composite/features-full/ai-video-generator-text-to-video-en.json,
pulled-reference,composite,feature,en,ai-video-generator-tools,,false,.json,_pull/composite/features-full/ai-video-generator-tools-en.json,
pulled-reference,composite,feature,en,ai-video-generator-workflow-by-lovart,,false,.json,_pull/composite/features-full/ai-video-generator-workflow-by-lovart-en.json,
pulled-reference,composite,feature,en,ai-video-generator-workflow,,false,.json,_pull/composite/features-full/ai-video-generator-workflow-en.json,
pulled-reference,composite,feature,en,ai-video-optimization,,false,.json,_pull/composite/features-full/ai-video-optimization-en.json,
pulled-reference,composite,feature,en,ai-video-prompt-generator-veo-sora,,false,.json,_pull/composite/features-full/ai-video-prompt-generator-veo-sora-en.json,
pulled-reference,composite,feature,en,ai-webtoon-comic-generator-seedance,,false,.json,_pull/composite/features-full/ai-webtoon-comic-generator-seedance-en.json,
pulled-reference,composite,feature,en,ai-youtube-banner-maker,,false,.json,_pull/composite/features-full/ai-youtube-banner-maker-en.json,
pulled-reference,composite,feature,en,ai-youtube-thumbnail-generator,,false,.json,_pull/composite/features-full/ai-youtube-thumbnail-generator-en.json,
pulled-reference,composite,feature,en,album-cover-design,,false,.json,_pull/composite/features-full/album-cover-design-en.json,
pulled-reference,composite,feature,en,all-in-one-ai-models,,false,.json,_pull/composite/features-full/all-in-one-ai-models-en.json,
pulled-reference,composite,feature,en,all-in-one-ai-video-generator,,false,.json,_pull/composite/features-full/all-in-one-ai-video-generator-en.json,
pulled-reference,composite,feature,en,amazon-listing-design-optimization,,false,.json,_pull/composite/features-full/amazon-listing-design-optimization-en.json,
pulled-reference,composite,feature,en,amazon-listing-image-generator,,false,.json,_pull/composite/features-full/amazon-listing-image-generator-en.json,
pulled-reference,composite,feature,en,anniversary-card-design,,false,.json,_pull/composite/features-full/anniversary-card-design-en.json,
pulled-reference,composite,feature,en,baby-shower-invitation-design,,false,.json,_pull/composite/features-full/baby-shower-invitation-design-en.json,
pulled-reference,composite,feature,en,bakery-menu-design,,false,.json,_pull/composite/features-full/bakery-menu-design-en.json,
pulled-reference,composite,feature,en,banner-design,,false,.json,_pull/composite/features-full/banner-design-en.json,
pulled-reference,composite,feature,en,bar-menu-design,,false,.json,_pull/composite/features-full/bar-menu-design-en.json,
pulled-reference,composite,feature,en,best-ai-image-generator-2026,,false,.json,_pull/composite/features-full/best-ai-image-generator-2026-en.json,
pulled-reference,composite,feature,en,birthday-invitation-design,,false,.json,_pull/composite/features-full/birthday-invitation-design-en.json,
pulled-reference,composite,feature,en,blog-post-to-instagram-ai-repurposing,,false,.json,_pull/composite/features-full/blog-post-to-instagram-ai-repurposing-en.json,
pulled-reference,composite,feature,en,book-cover-design,,false,.json,_pull/composite/features-full/book-cover-design-en.json,
pulled-reference,composite,feature,en,brand-hashtag-visual-generator,,false,.json,_pull/composite/features-full/brand-hashtag-visual-generator-en.json,
pulled-reference,composite,feature,en,brochure-design,,,.json,_pull/composite/features-full/brochure-design-en.json,
pulled-reference,composite,feature,en,cafe-menu-design,,false,.json,_pull/composite/features-full/cafe-menu-design-en.json,
pulled-reference,composite,feature,en,catering-menu-design,,false,.json,_pull/composite/features-full/catering-menu-design-en.json,
pulled-reference,composite,feature,en,certificate-design,,false,.json,_pull/composite/features-full/certificate-design-en.json,
pulled-reference,composite,feature,en,change-video-background,,false,.json,_pull/composite/features-full/change-video-background-en.json,
pulled-reference,composite,feature,en,chef-business-card-design,,false,.json,_pull/composite/features-full/chef-business-card-design-en.json,
pulled-reference,composite,feature,en,classroom-poster-design,,false,.json,_pull/composite/features-full/classroom-poster-design-en.json,
pulled-reference,composite,feature,en,company-brochure-design,,false,.json,_pull/composite/features-full/company-brochure-design-en.json,
pulled-reference,composite,feature,en,concert-poster-design,,false,.json,_pull/composite/features-full/concert-poster-design-en.json,
pulled-reference,composite,feature,en,course-material-design,,false,.json,_pull/composite/features-full/course-material-design-en.json,
pulled-reference,composite,feature,en,create-editable-brand-kit-ai-agent,,false,.json,_pull/composite/features-full/create-editable-brand-kit-ai-agent-en.json,
pulled-reference,composite,feature,en,create-mockups-with-brand-kit-ai,,false,.json,_pull/composite/features-full/create-mockups-with-brand-kit-ai-en.json,
pulled-reference,composite,feature,en,create-videos-from-images-or-text-seedance,,false,.json,_pull/composite/features-full/create-videos-from-images-or-text-seedance-en.json,
pulled-reference,composite,feature,en,custom-business-flyer-design,,false,.json,_pull/composite/features-full/custom-business-flyer-design-en.json,
pulled-reference,composite,feature,en,cv-template-design,,false,.json,_pull/composite/features-full/cv-template-design-en.json,
pulled-reference,composite,feature,en,design-viral-youtube-thumbnails-ai-by-lovart,,false,.json,_pull/composite/features-full/design-viral-youtube-thumbnails-ai-by-lovart-en.json,
pulled-reference,composite,feature,en,design-viral-youtube-thumbnails-ai,,false,.json,_pull/composite/features-full/design-viral-youtube-thumbnails-ai-en.json,
pulled-reference,composite,feature,en,diploma-design,,false,.json,_pull/composite/features-full/diploma-design-en.json,
pulled-reference,composite,feature,en,discount-banner-design,,false,.json,_pull/composite/features-full/discount-banner-design-en.json,
pulled-reference,composite,feature,en,e-learning-banner-design,,false,.json,_pull/composite/features-full/e-learning-banner-design-en.json,
pulled-reference,composite,feature,en,ecommerce-banner-design,,false,.json,_pull/composite/features-full/ecommerce-banner-design-en.json,
pulled-reference,composite,feature,en,edit-ai-generated-images,,false,.json,_pull/composite/features-full/edit-ai-generated-images-en.json,
pulled-reference,composite,feature,en,engagement-invitation-design,,false,.json,_pull/composite/features-full/engagement-invitation-design-en.json,
pulled-reference,composite,feature,en,event-poster-maker,,false,.json,_pull/composite/features-full/event-poster-maker-en.json,
pulled-reference,composite,feature,en,event-program-design,,false,.json,_pull/composite/features-full/event-program-design-en.json,
pulled-reference,composite,feature,en,facebook-cover-design,,false,.json,_pull/composite/features-full/facebook-cover-design-en.json,
pulled-reference,composite,feature,en,facebook-post-template-generator,,false,.json,_pull/composite/features-full/facebook-post-template-generator-en.json,
pulled-reference,composite,feature,en,festival-banner-design,,false,.json,_pull/composite/features-full/festival-banner-design-en.json,
pulled-reference,composite,feature,en,flyer-design,,false,.json,_pull/composite/features-full/flyer-design-en.json,
pulled-reference,composite,feature,en,food-banner-design,,false,.json,_pull/composite/features-full/food-banner-design-en.json,
pulled-reference,composite,feature,en,food-blog-header-design,,false,.json,_pull/composite/features-full/food-blog-header-design-en.json,
pulled-reference,composite,feature,en,food-delivery-app-design,,false,.json,_pull/composite/features-full/food-delivery-app-design-en.json,
pulled-reference,composite,feature,en,food-festival-poster-design,,false,.json,_pull/composite/features-full/food-festival-poster-design-en.json,
pulled-reference,composite,feature,en,food-flyer-design,,false,.json,_pull/composite/features-full/food-flyer-design-en.json,
pulled-reference,composite,feature,en,food-packaging-design,,false,.json,_pull/composite/features-full/food-packaging-design-en.json,
pulled-reference,composite,feature,en,food-photography-layout-design,,false,.json,_pull/composite/features-full/food-photography-layout-design-en.json,
pulled-reference,composite,feature,en,food-poster-design,,false,.json,_pull/composite/features-full/food-poster-design-en.json,
pulled-reference,composite,feature,en,food-recipe-card-design,,false,.json,_pull/composite/features-full/food-recipe-card-design-en.json,
pulled-reference,composite,feature,en,food-social-media-design,,false,.json,_pull/composite/features-full/food-social-media-design-en.json,
pulled-reference,composite,feature,en,food-truck-menu-design,,false,.json,_pull/composite/features-full/food-truck-menu-design-en.json,
pulled-reference,composite,feature,en,food-truck-wrap-design,,false,.json,_pull/composite/features-full/food-truck-wrap-design-en.json,
pulled-reference,composite,feature,en,free-online-tool,,false,.json,_pull/composite/features-full/free-online-tool-en.json,
pulled-reference,composite,feature,en,gpt-image-generator-ai,,false,.json,_pull/composite/features-full/gpt-image-generator-ai-en.json,
pulled-reference,composite,feature,en,graduation-invitation-design,,false,.json,_pull/composite/features-full/graduation-invitation-design-en.json,
pulled-reference,composite,feature,en,graphic-design,,false,.json,_pull/composite/features-full/graphic-design-en.json,
pulled-reference,composite,feature,en,infinite-chatcanvas-ai-collaboration,,false,.json,_pull/composite/features-full/infinite-chatcanvas-ai-collaboration-en.json,
pulled-reference,composite,feature,en,infographic-design,,false,.json,_pull/composite/features-full/infographic-design-en.json,
pulled-reference,composite,feature,en,instagram-highlight-cover-design,,false,.json,_pull/composite/features-full/instagram-highlight-cover-design-en.json,
pulled-reference,composite,feature,en,instagram-story-design,,false,.json,_pull/composite/features-full/instagram-story-design-en.json,
pulled-reference,composite,feature,en,instagram-story-layout-ideas-generator,,false,.json,_pull/composite/features-full/instagram-story-layout-ideas-generator-en.json,
pulled-reference,composite,feature,en,instagram-story-maker,,false,.json,_pull/composite/features-full/instagram-story-maker-en.json,
pulled-reference,composite,feature,en,launch-event-landing-page-generator,,false,.json,_pull/composite/features-full/launch-event-landing-page-generator-en.json,
pulled-reference,composite,feature,en,leonardo-ai-alternative,,false,.json,_pull/composite/features-full/leonardo-ai-alternative-en.json,
pulled-reference,composite,feature,en,lesson-plan-design,,false,.json,_pull/composite/features-full/lesson-plan-design-en.json,
pulled-reference,composite,feature,en,linkedin-ads-generator,,false,.json,_pull/composite/features-full/linkedin-ads-generator-en.json,
pulled-reference,composite,feature,en,linkedin-banner-design-ai-generator-by-lovart,,false,.json,_pull/composite/features-full/linkedin-banner-design-ai-generator-by-lovart-en.json,
pulled-reference,composite,feature,en,linkedin-banner-design-ai-generator,,false,.json,_pull/composite/features-full/linkedin-banner-design-ai-generator-en.json,
pulled-reference,composite,feature,en,linkedin-banner-design,,false,.json,_pull/composite/features-full/linkedin-banner-design-en.json,
pulled-reference,composite,feature,en,linkedin-spotlight-ads-generator,,false,.json,_pull/composite/features-full/linkedin-spotlight-ads-generator-en.json,
pulled-reference,composite,feature,en,magazine-layout-design,,false,.json,_pull/composite/features-full/magazine-layout-design-en.json,
pulled-reference,composite,feature,en,mcot-engine,,false,.json,_pull/composite/features-full/mcot-engine-en.json,
pulled-reference,composite,feature,en,mood-board-creation,,false,.json,_pull/composite/features-full/mood-board-creation-en.json,
pulled-reference,composite,feature,en,nano-banana-ai-model,,false,.json,_pull/composite/features-full/nano-banana-ai-model-en.json,
pulled-reference,composite,feature,en,nano-banana-best-practices,,false,.json,_pull/composite/features-full/nano-banana-best-practices-en.json,
pulled-reference,composite,feature,en,nano-banana-case-studies,,false,.json,_pull/composite/features-full/nano-banana-case-studies-en.json,
pulled-reference,composite,feature,en,nano-banana-concept-art-workflow,,false,.json,_pull/composite/features-full/nano-banana-concept-art-workflow-en.json,
pulled-reference,composite,feature,en,nano-banana-creative-brainstorming,,false,.json,_pull/composite/features-full/nano-banana-creative-brainstorming-en.json,
pulled-reference,composite,feature,en,nano-banana-digital-art-creation,,false,.json,_pull/composite/features-full/nano-banana-digital-art-creation-en.json,
pulled-reference,composite,feature,en,nano-banana-educational-materials,,false,.json,_pull/composite/features-full/nano-banana-educational-materials-en.json,
pulled-reference,composite,feature,en,nano-banana-graphic-design-workflow,,false,.json,_pull/composite/features-full/nano-banana-graphic-design-workflow-en.json,
pulled-reference,composite,feature,en,nano-banana-illustration-projects,,false,.json,_pull/composite/features-full/nano-banana-illustration-projects-en.json,
pulled-reference,composite,feature,en,nano-banana-infographic-design,,false,.json,_pull/composite/features-full/nano-banana-infographic-design-en.json,
pulled-reference,composite,feature,en,nano-banana-marketing-visuals,,false,.json,_pull/composite/features-full/nano-banana-marketing-visuals-en.json,
pulled-reference,composite,feature,en,nano-banana-presentation-slides,,false,.json,_pull/composite/features-full/nano-banana-presentation-slides-en.json,
pulled-reference,composite,feature,en,nano-banana-product-photography,,false,.json,_pull/composite/features-full/nano-banana-product-photography-en.json,
pulled-reference,composite,feature,en,nano-banana-social-media-graphics,,false,.json,_pull/composite/features-full/nano-banana-social-media-graphics-en.json,
pulled-reference,composite,feature,en,nano-banana-website-graphics,,false,.json,_pull/composite/features-full/nano-banana-website-graphics-en.json,
pulled-reference,composite,feature,en,nano-banana-workflow-optimization,,false,.json,_pull/composite/features-full/nano-banana-workflow-optimization-en.json,
pulled-reference,composite,feature,en,nano-banana-youtube-thumbnails,,false,.json,_pull/composite/features-full/nano-banana-youtube-thumbnails-en.json,
pulled-reference,composite,feature,en,no-template-popup-ads,,false,.json,_pull/composite/features-full/no-template-popup-ads-en.json,
pulled-reference,composite,feature,en,no-template-popup-ads-generator,,false,.json,_pull/composite/features-full/no-template-popup-ads-generator-en.json,
pulled-reference,composite,feature,en,nutrition-label-design,,false,.json,_pull/composite/features-full/nutrition-label-design-en.json,
pulled-reference,composite,feature,en,online-multimodal-ai-creator-seedance,,false,.json,_pull/composite/features-full/online-multimodal-ai-creator-seedance-en.json,
pulled-reference,composite,feature,en,online-store-graphics-design,,false,.json,_pull/composite/features-full/online-store-graphics-design-en.json,
pulled-reference,composite,feature,en,overcome-blank-canvas-syndrome,,false,.json,_pull/composite/features-full/overcome-blank-canvas-syndrome-en.json,
pulled-reference,composite,feature,en,party-flyer-design,,false,.json,_pull/composite/features-full/party-flyer-design-en.json,
pulled-reference,composite,feature,en,pinterest-pin-design,,false,.json,_pull/composite/features-full/pinterest-pin-design-en.json,
pulled-reference,composite,feature,en,pixel-pusher-to-creative-director,,false,.json,_pull/composite/features-full/pixel-pusher-to-creative-director-en.json,
pulled-reference,composite,feature,en,pizza-menu-design,,false,.json,_pull/composite/features-full/pizza-menu-design-en.json,
pulled-reference,composite,feature,en,portfolio-design,,false,.json,_pull/composite/features-full/portfolio-design-en.json,
pulled-reference,composite,feature,en,poster-design,,false,.json,_pull/composite/features-full/poster-design-en.json,
pulled-reference,composite,feature,en,price-list-design,,false,.json,_pull/composite/features-full/price-list-design-en.json,
pulled-reference,composite,feature,en,product-catalog-design,,false,.json,_pull/composite/features-full/product-catalog-design-en.json,
pulled-reference,composite,feature,en,product-packaging-design,,false,.json,_pull/composite/features-full/product-packaging-design-en.json,
pulled-reference,composite,feature,en,professional-corporate-presentation-design,,false,.json,_pull/composite/features-full/professional-corporate-presentation-design-en.json,
pulled-reference,composite,feature,en,professional-resume-design,,false,.json,_pull/composite/features-full/professional-resume-design-en.json,
pulled-reference,composite,feature,en,promotional-flyer-design,,false,.json,_pull/composite/features-full/promotional-flyer-design-en.json,
pulled-reference,composite,feature,en,property-brochure-design,,false,.json,_pull/composite/features-full/property-brochure-design-en.json,
pulled-reference,composite,feature,en,property-listing-design,,false,.json,_pull/composite/features-full/property-listing-design-en.json,
pulled-reference,composite,feature,en,property-report-design,,false,.json,_pull/composite/features-full/property-report-design-en.json,
pulled-reference,composite,feature,en,quick-poster-generation-by-lovart,,false,.json,_pull/composite/features-full/quick-poster-generation-by-lovart-en.json,
pulled-reference,composite,feature,en,rapid-poster-ai-creation,,false,.json,_pull/composite/features-full/rapid-poster-ai-creation-en.json,
pulled-reference,composite,feature,en,real-estate-banner-design,,false,.json,_pull/composite/features-full/real-estate-banner-design-en.json,
pulled-reference,composite,feature,en,real-estate-business-card-design,,false,.json,_pull/composite/features-full/real-estate-business-card-design-en.json,
pulled-reference,composite,feature,en,real-estate-flyer-design,,false,.json,_pull/composite/features-full/real-estate-flyer-design-en.json,
pulled-reference,composite,feature,en,real-estate-logo-design,,false,.json,_pull/composite/features-full/real-estate-logo-design-en.json,
pulled-reference,composite,feature,en,real-estate-newsletter-design,,false,.json,_pull/composite/features-full/real-estate-newsletter-design-en.json,
pulled-reference,composite,feature,en,real-estate-postcard-design,,false,.json,_pull/composite/features-full/real-estate-postcard-design-en.json,
pulled-reference,composite,feature,en,real-estate-sign-design,,false,.json,_pull/composite/features-full/real-estate-sign-design-en.json,
pulled-reference,composite,feature,en,remove-video-background,,false,.json,_pull/composite/features-full/remove-video-background-en.json,
pulled-reference,composite,feature,en,restaurant_menu_design,,false,.json,_pull/composite/features-full/restaurant_menu_design-en.json,
pulled-reference,composite,feature,en,restaurant-brochure-design,,false,.json,_pull/composite/features-full/restaurant-brochure-design-en.json,
pulled-reference,composite,feature,en,restaurant-business-card-design,,false,.json,_pull/composite/features-full/restaurant-business-card-design-en.json,
pulled-reference,composite,feature,en,restaurant-coupon-design,,false,.json,_pull/composite/features-full/restaurant-coupon-design-en.json,
pulled-reference,composite,feature,en,restaurant-door-hanger-design,,false,.json,_pull/composite/features-full/restaurant-door-hanger-design-en.json,
pulled-reference,composite,feature,en,restaurant-email-template-design,,false,.json,_pull/composite/features-full/restaurant-email-template-design-en.json,
pulled-reference,composite,feature,en,restaurant-gift-card-design,,false,.json,_pull/composite/features-full/restaurant-gift-card-design-en.json,
pulled-reference,composite,feature,en,restaurant-logo-design,,false,.json,_pull/composite/features-full/restaurant-logo-design-en.json,
pulled-reference,composite,feature,en,restaurant-loyalty-card-design,,false,.json,_pull/composite/features-full/restaurant-loyalty-card-design-en.json,
pulled-reference,composite,feature,en,restaurant-menu-design,,false,.json,_pull/composite/features-full/restaurant-menu-design-en.json,
pulled-reference,composite,feature,en,restaurant-table-tent-design,,false,.json,_pull/composite/features-full/restaurant-table-tent-design-en.json,
pulled-reference,composite,feature,en,sale-poster-design,,false,.json,_pull/composite/features-full/sale-poster-design-en.json,
pulled-reference,composite,feature,en,seamless-carousel-post-visual-storytelling,,false,.json,_pull/composite/features-full/seamless-carousel-post-visual-storytelling-en.json,
pulled-reference,composite,feature,en,secure-student-id-card-design,,false,.json,_pull/composite/features-full/secure-student-id-card-design-en.json,
pulled-reference,composite,feature,en,seedance-2-0-ai-video-generator,,false,.json,_pull/composite/features-full/seedance-2-0-ai-video-generator-en.json,
pulled-reference,composite,feature,en,seedance-2-ai-video-generator-agent,,false,.json,_pull/composite/features-full/seedance-2-ai-video-generator-agent-en.json,
pulled-reference,composite,feature,en,seedance-ai-ad-creatives,,false,.json,_pull/composite/features-full/seedance-ai-ad-creatives-en.json,
pulled-reference,composite,feature,en,seedance-ai-video-generator,,false,.json,_pull/composite/features-full/seedance-ai-video-generator-en.json,
pulled-reference,composite,feature,en,seedance-batch-creative-production,,false,.json,_pull/composite/features-full/seedance-batch-creative-production-en.json,
pulled-reference,composite,feature,en,seedance-text-to-video-ai,,false,.json,_pull/composite/features-full/seedance-text-to-video-ai-en.json,
pulled-reference,composite,feature,en,seedance-viral-matrix-operation,,false,.json,_pull/composite/features-full/seedance-viral-matrix-operation-en.json,
pulled-reference,composite,feature,en,seedance-viral-short-video-assets,,false,.json,_pull/composite/features-full/seedance-viral-short-video-assets-en.json,
pulled-reference,composite,feature,en,shopify-banner-design,,false,.json,_pull/composite/features-full/shopify-banner-design-en.json,
pulled-reference,composite,feature,en,social-media-post-design,,false,.json,_pull/composite/features-full/social-media-post-design-en.json,
pulled-reference,composite,feature,en,social-media-template-design,,false,.json,_pull/composite/features-full/social-media-template-design-en.json,
pulled-reference,composite,feature,en,startup-logo-design,,false,.json,_pull/composite/features-full/startup-logo-design-en.json,
pulled-reference,composite,feature,en,text-image-to-video-seedance,,false,.json,_pull/composite/features-full/text-image-to-video-seedance-en.json,
pulled-reference,composite,feature,en,text-to-video-ai,,false,.json,_pull/composite/features-full/text-to-video-ai-en.json,
pulled-reference,composite,feature,en,text-to-video-ai-generator-veo3,,false,.json,_pull/composite/features-full/text-to-video-ai-generator-veo3-en.json,
pulled-reference,composite,feature,en,textbook-cover-design,,false,.json,_pull/composite/features-full/textbook-cover-design-en.json,
pulled-reference,composite,feature,en,tiktok-video-cover-design,,false,.json,_pull/composite/features-full/tiktok-video-cover-design-en.json,
pulled-reference,composite,feature,en,touch-edit-ai,,false,.json,_pull/composite/features-full/touch-edit-ai-en.json,
pulled-reference,composite,feature,en,twitter-header-design,,false,.json,_pull/composite/features-full/twitter-header-design-en.json,
pulled-reference,composite,feature,en,video-background-changer,,false,.json,_pull/composite/features-full/video-background-changer-en.json,
pulled-reference,composite,feature,en,video-background-remover,,false,.json,_pull/composite/features-full/video-background-remover-en.json,
pulled-reference,composite,feature,en,wedding-invitation-design,,false,.json,_pull/composite/features-full/wedding-invitation-design-en.json,
pulled-reference,composite,feature,en,wine-label-design,,false,.json,_pull/composite/features-full/wine-label-design-en.json,
pulled-reference,composite,feature,en,worksheet-design,,false,.json,_pull/composite/features-full/worksheet-design-en.json,
pulled-reference,composite,feature,en,youtube-thumbnail-design,,false,.json,_pull/composite/features-full/youtube-thumbnail-design-en.json,
pulled-reflow-reference,features-reflow,,,_manifest,,,.json,_pull/features-reflow/_manifest.json,
pulled-reflow-reference,features-reflow,,,backup-feature-docs-en-2026-06-03,,,.ndjson,_pull/features-reflow/_overwrite/backup-feature-docs-en-2026-06-03.ndjson,
pulled-reflow-reference,features-reflow,,,backup-prod-2026-06-03.tar,,,.gz,_pull/features-reflow/_overwrite/backup-prod-2026-06-03.tar.gz,
pulled-reflow-reference,features-reflow,,,overwrite-pick-2026-06-03,,,.ndjson,_pull/features-reflow/_overwrite/overwrite-pick-2026-06-03.ndjson,
pulled-reflow-reference,features-reflow,,,rollback-2docs,,,.ndjson,_pull/features-reflow/_overwrite/rollback-2docs.ndjson,
pulled-reflow-reference,features-reflow,,,_report,,,.md,_pull/features-reflow/_report.md,
pulled-reflow-reference,features-reflow,feature,en,[object Object],composite-v2,true,.json,_pull/features-reflow/Features/en/ai-ad-thumbnail-generator-en.json,
pulled-reflow-reference,features-reflow,feature,en,[object Object],composite-v2,true,.json,_pull/features-reflow/Features/en/ai-affiliate-ads-generator-en.json,
pulled-reflow-reference,features-reflow,feature,en,[object Object],composite-v2,true,.json,_pull/features-reflow/Features/en/ai-avatar-streaming-seedance-en.json,
pulled-reflow-reference,features-reflow,feature,en,[object Object],composite-v2,true,.json,_pull/features-reflow/Features/en/ai-background-swap-no-masking-en.json,
pulled-reflow-reference,features-reflow,feature,en,[object Object],composite-v2,true,.json,_pull/features-reflow/Features/en/ai-bakery-menu-maker-en.json,
pulled-reflow-reference,features-reflow,feature,en,[object Object],composite-v2,true,.json,_pull/features-reflow/Features/en/ai-brochure-design-tool-en.json,
pulled-reflow-reference,features-reflow,feature,en,[object Object],composite-v2,true,.json,_pull/features-reflow/Features/en/ai-business-card-maker-en.json,
pulled-reflow-reference,features-reflow,feature,en,[object Object],composite-v2,true,.json,_pull/features-reflow/Features/en/ai-carousel-generator-en.json,
pulled-reflow-reference,features-reflow,feature,en,[object Object],composite-v2,true,.json,_pull/features-reflow/Features/en/ai-commercials-seedance-en.json,
pulled-reflow-reference,features-reflow,feature,en,[object Object],composite-v2,true,.json,_pull/features-reflow/Features/en/ai-company-logo-maker-en.json,
pulled-reflow-reference,features-reflow,feature,en,[object Object],composite-v2,true,.json,_pull/features-reflow/Features/en/ai-coupon-ad-generator-en.json,
pulled-reflow-reference,features-reflow,feature,en,[object Object],composite-v2,true,.json,_pull/features-reflow/Features/en/ai-design-agent-en.json,
pulled-reflow-reference,features-reflow,feature,en,[object Object],composite-v2,true,.json,_pull/features-reflow/Features/en/ai-design-agent-for-freelancers-en.json,
pulled-reflow-reference,features-reflow,feature,en,[object Object],composite-v2,true,.json,_pull/features-reflow/Features/en/ai-design-marketing-agency-en.json,
pulled-reflow-reference,features-reflow,feature,en,[object Object],composite-v2,true,.json,_pull/features-reflow/Features/en/ai-facebook-ad-creative-generator-en.json,
pulled-reflow-reference,features-reflow,feature,en,[object Object],composite-v2,true,.json,_pull/features-reflow/Features/en/ai-facebook-post-designer-en.json,
pulled-reflow-reference,features-reflow,feature,en,[object Object],composite-v2,true,.json,_pull/features-reflow/Features/en/ai-facebook-poster-generator-en.json,
pulled-reflow-reference,features-reflow,feature,en,[object Object],composite-v2,true,.json,_pull/features-reflow/Features/en/ai-giveaway-poster-generator-en.json,
pulled-reflow-reference,features-reflow,feature,en,[object Object],composite-v2,true,.json,_pull/features-reflow/Features/en/ai-google-ads-banner-generator-en.json,
pulled-reflow-reference,features-reflow,feature,en,[object Object],composite-v2,true,.json,_pull/features-reflow/Features/en/ai-illustration-generator-vector-nano-banana-en.json,
pulled-reflow-reference,features-reflow,feature,en,[object Object],composite-v2,true,.json,_pull/features-reflow/Features/en/ai-image-generator-en.json,
pulled-reflow-reference,features-reflow,feature,en,[object Object],composite-v2,true,.json,_pull/features-reflow/Features/en/ai-image-generator-text-to-image-en.json,
pulled-reflow-reference,features-reflow,feature,en,[object Object],composite-v2,true,.json,_pull/features-reflow/Features/en/ai-instagram-feed-planner-en.json,
pulled-reflow-reference,features-reflow,feature,en,[object Object],composite-v2,true,.json,_pull/features-reflow/Features/en/ai-instagram-post-generator-en.json,
pulled-reflow-reference,features-reflow,feature,en,[object Object],composite-v2,true,.json,_pull/features-reflow/Features/en/ai-instagram-post-maker-en.json,
pulled-reflow-reference,features-reflow,feature,en,[object Object],composite-v2,true,.json,_pull/features-reflow/Features/en/ai-instagram-story-layout-generator-en.json,
pulled-reflow-reference,features-reflow,feature,en,[object Object],composite-v2,true,.json,_pull/features-reflow/Features/en/ai-linkedin-infographic-generator-b2b-en.json,
pulled-reflow-reference,features-reflow,feature,en,[object Object],composite-v2,true,.json,_pull/features-reflow/Features/en/ai-logo-maker-brand-agent-en.json,
pulled-reflow-reference,features-reflow,feature,en,[object Object],composite-v2,true,.json,_pull/features-reflow/Features/en/ai-meta-ads-generator-en.json,
pulled-reflow-reference,features-reflow,feature,en,[object Object],composite-v2,true,.json,_pull/features-reflow/Features/en/ai-mockup-generator-en.json,
pulled-reflow-reference,features-reflow,feature,en,[object Object],composite-v2,true,.json,_pull/features-reflow/Features/en/ai-paid-social-ad-generator-en.json,
pulled-reflow-reference,features-reflow,feature,en,[object Object],composite-v2,true,.json,_pull/features-reflow/Features/en/ai-picture-generator-en.json,
pulled-reflow-reference,features-reflow,feature,en,[object Object],composite-v2,true,.json,_pull/features-reflow/Features/en/ai-pinterest-pin-maker-en.json,
pulled-reflow-reference,features-reflow,feature,en,[object Object],composite-v2,true,.json,_pull/features-reflow/Features/en/ai-poster-design-agent-nano-banana-en.json,
pulled-reflow-reference,features-reflow,feature,en,[object Object],composite-v2,true,.json,_pull/features-reflow/Features/en/ai-poster-generator-illustration-optimization-en.json,
pulled-reflow-reference,features-reflow,feature,en,[object Object],composite-v2,true,.json,_pull/features-reflow/Features/en/ai-presentation-slides-generator-en.json,
pulled-reflow-reference,features-reflow,feature,en,[object Object],composite-v2,true,.json,_pull/features-reflow/Features/en/ai-product-catalog-maker-en.json,
pulled-reflow-reference,features-reflow,feature,en,[object Object],composite-v2,true,.json,_pull/features-reflow/Features/en/ai-product-display-generator-en.json,
pulled-reflow-reference,features-reflow,feature,en,[object Object],composite-v2,true,.json,_pull/features-reflow/Features/en/ai-product-image-generator-en.json,
pulled-reflow-reference,features-reflow,feature,en,[object Object],composite-v2,true,.json,_pull/features-reflow/Features/en/ai-product-video-seedance-en.json,
pulled-reflow-reference,features-reflow,feature,en,[object Object],composite-v2,true,.json,_pull/features-reflow/Features/en/ai-promotion-landing-page-generator-en.json,
pulled-reflow-reference,features-reflow,feature,en,[object Object],composite-v2,true,.json,_pull/features-reflow/Features/en/ai-retargeting-ad-generator-en.json,
pulled-reflow-reference,features-reflow,feature,en,[object Object],composite-v2,true,.json,_pull/features-reflow/Features/en/ai-short-video-generator-en.json,
pulled-reflow-reference,features-reflow,feature,en,[object Object],composite-v2,true,.json,_pull/features-reflow/Features/en/ai-social-media-content-generator-en.json,
pulled-reflow-reference,features-reflow,feature,en,[object Object],composite-v2,true,.json,_pull/features-reflow/Features/en/ai-social-media-post-maker-en.json,
pulled-reflow-reference,features-reflow,feature,en,[object Object],composite-v2,true,.json,_pull/features-reflow/Features/en/ai-subscribe-ad-generator-en.json,
pulled-reflow-reference,features-reflow,feature,en,[object Object],composite-v2,true,.json,_pull/features-reflow/Features/en/ai-subscription-fatigue-utility-en.json,
pulled-reflow-reference,features-reflow,feature,en,[object Object],composite-v2,true,.json,_pull/features-reflow/Features/en/ai-text-to-image-generator-en.json,
pulled-reflow-reference,features-reflow,feature,en,[object Object],composite-v2,true,.json,_pull/features-reflow/Features/en/ai-tiktok-thumbnail-maker-en.json,
pulled-reflow-reference,features-reflow,feature,en,[object Object],composite-v2,true,.json,_pull/features-reflow/Features/en/ai-twitch-overlay-generator-en.json,
pulled-reflow-reference,features-reflow,feature,en,[object Object],composite-v2,true,.json,_pull/features-reflow/Features/en/ai-twitter-header-creator-en.json,
pulled-reflow-reference,features-reflow,feature,en,[object Object],composite-v2,true,.json,_pull/features-reflow/Features/en/ai-twitter-x-post-generator-en.json,
pulled-reflow-reference,features-reflow,feature,en,[object Object],composite-v2,true,.json,_pull/features-reflow/Features/en/ai-video-background-remover-en.json,
pulled-reflow-reference,features-reflow,feature,en,[object Object],composite-v2,true,.json,_pull/features-reflow/Features/en/ai-video-enhancer-remaster-veo3-en.json,
pulled-reflow-reference,features-reflow,feature,en,[object Object],composite-v2,true,.json,_pull/features-reflow/Features/en/ai-video-generator-en.json,
pulled-reflow-reference,features-reflow,feature,en,[object Object],composite-v2,true,.json,_pull/features-reflow/Features/en/ai-video-generator-no-templates-en.json,
pulled-reflow-reference,features-reflow,feature,en,[object Object],composite-v2,true,.json,_pull/features-reflow/Features/en/ai-video-generator-text-to-video-en.json,
pulled-reflow-reference,features-reflow,feature,en,[object Object],composite-v2,true,.json,_pull/features-reflow/Features/en/ai-video-generator-tools-en.json,
pulled-reflow-reference,features-reflow,feature,en,[object Object],composite-v2,true,.json,_pull/features-reflow/Features/en/ai-video-generator-workflow-by-lovart-en.json,
pulled-reflow-reference,features-reflow,feature,en,[object Object],composite-v2,true,.json,_pull/features-reflow/Features/en/ai-video-generator-workflow-en.json,
pulled-reflow-reference,features-reflow,feature,en,[object Object],composite-v2,true,.json,_pull/features-reflow/Features/en/ai-video-optimization-en.json,
pulled-reflow-reference,features-reflow,feature,en,[object Object],composite-v2,true,.json,_pull/features-reflow/Features/en/ai-video-prompt-generator-veo-sora-en.json,
pulled-reflow-reference,features-reflow,feature,en,[object Object],composite-v2,true,.json,_pull/features-reflow/Features/en/ai-webtoon-comic-generator-seedance-en.json,
pulled-reflow-reference,features-reflow,feature,en,[object Object],composite-v2,true,.json,_pull/features-reflow/Features/en/ai-youtube-banner-maker-en.json,
pulled-reflow-reference,features-reflow,feature,en,[object Object],composite-v2,true,.json,_pull/features-reflow/Features/en/ai-youtube-thumbnail-generator-en.json,
pulled-reflow-reference,features-reflow,feature,en,[object Object],composite-v2,true,.json,_pull/features-reflow/Features/en/album-cover-design-en.json,
pulled-reflow-reference,features-reflow,feature,en,[object Object],composite-v2,true,.json,_pull/features-reflow/Features/en/all-in-one-ai-models-en.json,
pulled-reflow-reference,features-reflow,feature,en,[object Object],composite-v2,true,.json,_pull/features-reflow/Features/en/all-in-one-ai-video-generator-en.json,
pulled-reflow-reference,features-reflow,feature,en,[object Object],composite-v2,true,.json,_pull/features-reflow/Features/en/amazon-listing-design-optimization-en.json,
pulled-reflow-reference,features-reflow,feature,en,[object Object],composite-v2,true,.json,_pull/features-reflow/Features/en/amazon-listing-image-generator-en.json,
pulled-reflow-reference,features-reflow,feature,en,[object Object],composite-v2,true,.json,_pull/features-reflow/Features/en/anniversary-card-design-en.json,
pulled-reflow-reference,features-reflow,feature,en,[object Object],composite-v2,true,.json,_pull/features-reflow/Features/en/baby-shower-invitation-design-en.json,
pulled-reflow-reference,features-reflow,feature,en,[object Object],composite-v2,true,.json,_pull/features-reflow/Features/en/bakery-menu-design-en.json,
pulled-reflow-reference,features-reflow,feature,en,[object Object],composite-v2,true,.json,_pull/features-reflow/Features/en/banner-design-en 2.json,
pulled-reflow-reference,features-reflow,feature,en,[object Object],composite-v2,true,.json,_pull/features-reflow/Features/en/banner-design-en.json,
pulled-reflow-reference,features-reflow,feature,en,[object Object],composite-v2,true,.json,_pull/features-reflow/Features/en/bar-menu-design-en 2.json,
pulled-reflow-reference,features-reflow,feature,en,[object Object],composite-v2,true,.json,_pull/features-reflow/Features/en/bar-menu-design-en.json,
pulled-reflow-reference,features-reflow,feature,en,[object Object],composite-v2,true,.json,_pull/features-reflow/Features/en/best-ai-image-generator-2026-en.json,
pulled-reflow-reference,features-reflow,feature,en,[object Object],composite-v2,true,.json,_pull/features-reflow/Features/en/birthday-invitation-design-en.json,
pulled-reflow-reference,features-reflow,feature,en,[object Object],composite-v2,true,.json,_pull/features-reflow/Features/en/blog-post-to-instagram-ai-repurposing-en.json,
pulled-reflow-reference,features-reflow,feature,en,[object Object],composite-v2,true,.json,_pull/features-reflow/Features/en/book-cover-design-en 2.json,
pulled-reflow-reference,features-reflow,feature,en,[object Object],composite-v2,true,.json,_pull/features-reflow/Features/en/book-cover-design-en.json,
pulled-reflow-reference,features-reflow,feature,en,[object Object],composite-v2,true,.json,_pull/features-reflow/Features/en/brand-hashtag-visual-generator-en.json,
pulled-reflow-reference,features-reflow,feature,en,[object Object],composite-v2,true,.json,_pull/features-reflow/Features/en/brochure-design-en.json,
pulled-reflow-reference,features-reflow,feature,en,[object Object],composite-v2,true,.json,_pull/features-reflow/Features/en/cafe-menu-design-en.json,
pulled-reflow-reference,features-reflow,feature,en,[object Object],composite-v2,true,.json,_pull/features-reflow/Features/en/catering-menu-design-en.json,
pulled-reflow-reference,features-reflow,feature,en,[object Object],composite-v2,true,.json,_pull/features-reflow/Features/en/certificate-design-en 2.json,
pulled-reflow-reference,features-reflow,feature,en,[object Object],composite-v2,true,.json,_pull/features-reflow/Features/en/certificate-design-en.json,
pulled-reflow-reference,features-reflow,feature,en,[object Object],composite-v2,true,.json,_pull/features-reflow/Features/en/change-video-background-en.json,
pulled-reflow-reference,features-reflow,feature,en,[object Object],composite-v2,true,.json,_pull/features-reflow/Features/en/chef-business-card-design-en.json,
pulled-reflow-reference,features-reflow,feature,en,[object Object],composite-v2,true,.json,_pull/features-reflow/Features/en/classroom-poster-design-en.json,
pulled-reflow-reference,features-reflow,feature,en,[object Object],composite-v2,true,.json,_pull/features-reflow/Features/en/company-brochure-design-en 2.json,
pulled-reflow-reference,features-reflow,feature,en,[object Object],composite-v2,true,.json,_pull/features-reflow/Features/en/company-brochure-design-en.json,
pulled-reflow-reference,features-reflow,feature,en,[object Object],composite-v2,true,.json,_pull/features-reflow/Features/en/concert-poster-design-en.json,
pulled-reflow-reference,features-reflow,feature,en,[object Object],composite-v2,true,.json,_pull/features-reflow/Features/en/course-material-design-en 2.json,
pulled-reflow-reference,features-reflow,feature,en,[object Object],composite-v2,true,.json,_pull/features-reflow/Features/en/course-material-design-en.json,
pulled-reflow-reference,features-reflow,feature,en,[object Object],composite-v2,true,.json,_pull/features-reflow/Features/en/create-editable-brand-kit-ai-agent-en 2.json,
pulled-reflow-reference,features-reflow,feature,en,[object Object],composite-v2,true,.json,_pull/features-reflow/Features/en/create-editable-brand-kit-ai-agent-en.json,
pulled-reflow-reference,features-reflow,feature,en,[object Object],composite-v2,true,.json,_pull/features-reflow/Features/en/create-mockups-with-brand-kit-ai-en.json,
pulled-reflow-reference,features-reflow,feature,en,[object Object],composite-v2,true,.json,_pull/features-reflow/Features/en/create-videos-from-images-or-text-seedance-en.json,
pulled-reflow-reference,features-reflow,feature,en,[object Object],composite-v2,true,.json,_pull/features-reflow/Features/en/custom-business-flyer-design-en 2.json,
pulled-reflow-reference,features-reflow,feature,en,[object Object],composite-v2,true,.json,_pull/features-reflow/Features/en/custom-business-flyer-design-en.json,
pulled-reflow-reference,features-reflow,feature,en,[object Object],composite-v2,true,.json,_pull/features-reflow/Features/en/cv-template-design-en.json,
pulled-reflow-reference,features-reflow,feature,en,[object Object],composite-v2,true,.json,_pull/features-reflow/Features/en/design-viral-youtube-thumbnails-ai-by-lovart-en 2.json,
pulled-reflow-reference,features-reflow,feature,en,[object Object],composite-v2,true,.json,_pull/features-reflow/Features/en/design-viral-youtube-thumbnails-ai-by-lovart-en.json,
pulled-reflow-reference,features-reflow,feature,en,[object Object],composite-v2,true,.json,_pull/features-reflow/Features/en/design-viral-youtube-thumbnails-ai-en 2.json,
pulled-reflow-reference,features-reflow,feature,en,[object Object],composite-v2,true,.json,_pull/features-reflow/Features/en/design-viral-youtube-thumbnails-ai-en.json,
pulled-reflow-reference,features-reflow,feature,en,[object Object],composite-v2,true,.json,_pull/features-reflow/Features/en/diploma-design-en.json,
pulled-reflow-reference,features-reflow,feature,en,[object Object],composite-v2,true,.json,_pull/features-reflow/Features/en/discount-banner-design-en.json,
pulled-reflow-reference,features-reflow,feature,en,[object Object],composite-v2,true,.json,_pull/features-reflow/Features/en/e-learning-banner-design-en 2.json,
pulled-reflow-reference,features-reflow,feature,en,[object Object],composite-v2,true,.json,_pull/features-reflow/Features/en/e-learning-banner-design-en.json,
pulled-reflow-reference,features-reflow,feature,en,[object Object],composite-v2,true,.json,_pull/features-reflow/Features/en/ecommerce-banner-design-en 2.json,
pulled-reflow-reference,features-reflow,feature,en,[object Object],composite-v2,true,.json,_pull/features-reflow/Features/en/ecommerce-banner-design-en.json,
pulled-reflow-reference,features-reflow,feature,en,[object Object],composite-v2,true,.json,_pull/features-reflow/Features/en/edit-ai-generated-images-en.json,
pulled-reflow-reference,features-reflow,feature,en,[object Object],composite-v2,true,.json,_pull/features-reflow/Features/en/engagement-invitation-design-en 2.json,
pulled-reflow-reference,features-reflow,feature,en,[object Object],composite-v2,true,.json,_pull/features-reflow/Features/en/engagement-invitation-design-en.json,
pulled-reflow-reference,features-reflow,feature,en,[object Object],composite-v2,true,.json,_pull/features-reflow/Features/en/event-poster-maker-en 2.json,
pulled-reflow-reference,features-reflow,feature,en,[object Object],composite-v2,true,.json,_pull/features-reflow/Features/en/event-poster-maker-en.json,
pulled-reflow-reference,features-reflow,feature,en,[object Object],composite-v2,true,.json,_pull/features-reflow/Features/en/event-program-design-en 2.json,
pulled-reflow-reference,features-reflow,feature,en,[object Object],composite-v2,true,.json,_pull/features-reflow/Features/en/event-program-design-en.json,
pulled-reflow-reference,features-reflow,feature,en,[object Object],composite-v2,true,.json,_pull/features-reflow/Features/en/facebook-cover-design-en 2.json,
pulled-reflow-reference,features-reflow,feature,en,[object Object],composite-v2,true,.json,_pull/features-reflow/Features/en/facebook-cover-design-en.json,
pulled-reflow-reference,features-reflow,feature,en,[object Object],composite-v2,true,.json,_pull/features-reflow/Features/en/facebook-post-template-generator-en 2.json,
pulled-reflow-reference,features-reflow,feature,en,[object Object],composite-v2,true,.json,_pull/features-reflow/Features/en/facebook-post-template-generator-en.json,
pulled-reflow-reference,features-reflow,feature,en,[object Object],composite-v2,true,.json,_pull/features-reflow/Features/en/festival-banner-design-en.json,
pulled-reflow-reference,features-reflow,feature,en,[object Object],composite-v2,true,.json,_pull/features-reflow/Features/en/flyer-design-en.json,
pulled-reflow-reference,features-reflow,feature,en,[object Object],composite-v2,true,.json,_pull/features-reflow/Features/en/food-banner-design-en.json,
pulled-reflow-reference,features-reflow,feature,en,[object Object],composite-v2,true,.json,_pull/features-reflow/Features/en/food-blog-header-design-en.json,
pulled-reflow-reference,features-reflow,feature,en,[object Object],composite-v2,true,.json,_pull/features-reflow/Features/en/food-delivery-app-design-en 2.json,
pulled-reflow-reference,features-reflow,feature,en,[object Object],composite-v2,true,.json,_pull/features-reflow/Features/en/food-delivery-app-design-en.json,
pulled-reflow-reference,features-reflow,feature,en,[object Object],composite-v2,true,.json,_pull/features-reflow/Features/en/food-festival-poster-design-en.json,
pulled-reflow-reference,features-reflow,feature,en,[object Object],composite-v2,true,.json,_pull/features-reflow/Features/en/food-flyer-design-en 2.json,
pulled-reflow-reference,features-reflow,feature,en,[object Object],composite-v2,true,.json,_pull/features-reflow/Features/en/food-flyer-design-en.json,
pulled-reflow-reference,features-reflow,feature,en,[object Object],composite-v2,true,.json,_pull/features-reflow/Features/en/food-packaging-design-en.json,
pulled-reflow-reference,features-reflow,feature,en,[object Object],composite-v2,true,.json,_pull/features-reflow/Features/en/food-photography-layout-design-en.json,
pulled-reflow-reference,features-reflow,feature,en,[object Object],composite-v2,true,.json,_pull/features-reflow/Features/en/food-poster-design-en.json,
pulled-reflow-reference,features-reflow,feature,en,[object Object],composite-v2,true,.json,_pull/features-reflow/Features/en/food-recipe-card-design-en.json,
pulled-reflow-reference,features-reflow,feature,en,[object Object],composite-v2,true,.json,_pull/features-reflow/Features/en/food-social-media-design-en 2.json,
pulled-reflow-reference,features-reflow,feature,en,[object Object],composite-v2,true,.json,_pull/features-reflow/Features/en/food-social-media-design-en.json,
pulled-reflow-reference,features-reflow,feature,en,[object Object],composite-v2,true,.json,_pull/features-reflow/Features/en/food-truck-menu-design-en 2.json,
pulled-reflow-reference,features-reflow,feature,en,[object Object],composite-v2,true,.json,_pull/features-reflow/Features/en/food-truck-menu-design-en.json,
pulled-reflow-reference,features-reflow,feature,en,[object Object],composite-v2,true,.json,_pull/features-reflow/Features/en/food-truck-wrap-design-en.json,
pulled-reflow-reference,features-reflow,feature,en,[object Object],composite-v2,true,.json,_pull/features-reflow/Features/en/free-online-tool-en 2.json,
pulled-reflow-reference,features-reflow,feature,en,[object Object],composite-v2,true,.json,_pull/features-reflow/Features/en/free-online-tool-en.json,
pulled-reflow-reference,features-reflow,feature,en,[object Object],composite-v2,true,.json,_pull/features-reflow/Features/en/gpt-image-generator-ai-en.json,
pulled-reflow-reference,features-reflow,feature,en,[object Object],composite-v2,true,.json,_pull/features-reflow/Features/en/graduation-invitation-design-en.json,
pulled-reflow-reference,features-reflow,feature,en,[object Object],composite-v2,true,.json,_pull/features-reflow/Features/en/graphic-design-en.json,
pulled-reflow-reference,features-reflow,feature,en,[object Object],composite-v2,true,.json,_pull/features-reflow/Features/en/infinite-chatcanvas-ai-collaboration-en.json,
pulled-reflow-reference,features-reflow,feature,en,[object Object],composite-v2,true,.json,_pull/features-reflow/Features/en/infographic-design-en.json,
pulled-reflow-reference,features-reflow,feature,en,[object Object],composite-v2,true,.json,_pull/features-reflow/Features/en/instagram-highlight-cover-design-en.json,
pulled-reflow-reference,features-reflow,feature,en,[object Object],composite-v2,true,.json,_pull/features-reflow/Features/en/instagram-story-design-en.json,
pulled-reflow-reference,features-reflow,feature,en,[object Object],composite-v2,true,.json,_pull/features-reflow/Features/en/instagram-story-layout-ideas-generator-en 2.json,
pulled-reflow-reference,features-reflow,feature,en,[object Object],composite-v2,true,.json,_pull/features-reflow/Features/en/instagram-story-layout-ideas-generator-en.json,
pulled-reflow-reference,features-reflow,feature,en,[object Object],composite-v2,true,.json,_pull/features-reflow/Features/en/instagram-story-maker-en 2.json,
pulled-reflow-reference,features-reflow,feature,en,[object Object],composite-v2,true,.json,_pull/features-reflow/Features/en/instagram-story-maker-en.json,
pulled-reflow-reference,features-reflow,feature,en,[object Object],composite-v2,true,.json,_pull/features-reflow/Features/en/launch-event-landing-page-generator-en.json,
pulled-reflow-reference,features-reflow,feature,en,[object Object],composite-v2,true,.json,_pull/features-reflow/Features/en/leonardo-ai-alternative-en.json,
pulled-reflow-reference,features-reflow,feature,en,[object Object],composite-v2,true,.json,_pull/features-reflow/Features/en/lesson-plan-design-en.json,
pulled-reflow-reference,features-reflow,feature,en,[object Object],composite-v2,true,.json,_pull/features-reflow/Features/en/linkedin-ads-generator-en.json,
pulled-reflow-reference,features-reflow,feature,en,[object Object],composite-v2,true,.json,_pull/features-reflow/Features/en/linkedin-banner-design-ai-generator-by-lovart-en 2.json,
pulled-reflow-reference,features-reflow,feature,en,[object Object],composite-v2,true,.json,_pull/features-reflow/Features/en/linkedin-banner-design-ai-generator-by-lovart-en.json,
pulled-reflow-reference,features-reflow,feature,en,[object Object],composite-v2,true,.json,_pull/features-reflow/Features/en/linkedin-banner-design-ai-generator-en 2.json,
pulled-reflow-reference,features-reflow,feature,en,[object Object],composite-v2,true,.json,_pull/features-reflow/Features/en/linkedin-banner-design-ai-generator-en.json,
pulled-reflow-reference,features-reflow,feature,en,[object Object],composite-v2,true,.json,_pull/features-reflow/Features/en/linkedin-banner-design-en.json,
pulled-reflow-reference,features-reflow,feature,en,[object Object],composite-v2,true,.json,_pull/features-reflow/Features/en/linkedin-spotlight-ads-generator-en.json,
pulled-reflow-reference,features-reflow,feature,en,[object Object],composite-v2,true,.json,_pull/features-reflow/Features/en/magazine-layout-design-en 2.json,
pulled-reflow-reference,features-reflow,feature,en,[object Object],composite-v2,true,.json,_pull/features-reflow/Features/en/magazine-layout-design-en.json,
pulled-reflow-reference,features-reflow,feature,en,[object Object],composite-v2,true,.json,_pull/features-reflow/Features/en/mcot-engine-en.json,
pulled-reflow-reference,features-reflow,feature,en,[object Object],composite-v2,true,.json,_pull/features-reflow/Features/en/mood-board-creation-en.json,
pulled-reflow-reference,features-reflow,feature,en,[object Object],composite-v2,true,.json,_pull/features-reflow/Features/en/nano-banana-ai-model-en 2.json,
pulled-reflow-reference,features-reflow,feature,en,[object Object],composite-v2,true,.json,_pull/features-reflow/Features/en/nano-banana-ai-model-en.json,
pulled-reflow-reference,features-reflow,feature,en,[object Object],composite-v2,true,.json,_pull/features-reflow/Features/en/nano-banana-best-practices-en 2.json,
pulled-reflow-reference,features-reflow,feature,en,[object Object],composite-v2,true,.json,_pull/features-reflow/Features/en/nano-banana-best-practices-en.json,
pulled-reflow-reference,features-reflow,feature,en,[object Object],composite-v2,true,.json,_pull/features-reflow/Features/en/nano-banana-case-studies-en.json,
pulled-reflow-reference,features-reflow,feature,en,[object Object],composite-v2,true,.json,_pull/features-reflow/Features/en/nano-banana-concept-art-workflow-en 2.json,
pulled-reflow-reference,features-reflow,feature,en,[object Object],composite-v2,true,.json,_pull/features-reflow/Features/en/nano-banana-concept-art-workflow-en.json,
pulled-reflow-reference,features-reflow,feature,en,[object Object],composite-v2,true,.json,_pull/features-reflow/Features/en/nano-banana-creative-brainstorming-en 2.json,
pulled-reflow-reference,features-reflow,feature,en,[object Object],composite-v2,true,.json,_pull/features-reflow/Features/en/nano-banana-creative-brainstorming-en.json,
pulled-reflow-reference,features-reflow,feature,en,[object Object],composite-v2,true,.json,_pull/features-reflow/Features/en/nano-banana-digital-art-creation-en 2.json,
pulled-reflow-reference,features-reflow,feature,en,[object Object],composite-v2,true,.json,_pull/features-reflow/Features/en/nano-banana-digital-art-creation-en.json,
pulled-reflow-reference,features-reflow,feature,en,[object Object],composite-v2,true,.json,_pull/features-reflow/Features/en/nano-banana-educational-materials-en 2.json,
pulled-reflow-reference,features-reflow,feature,en,[object Object],composite-v2,true,.json,_pull/features-reflow/Features/en/nano-banana-educational-materials-en.json,
pulled-reflow-reference,features-reflow,feature,en,[object Object],composite-v2,true,.json,_pull/features-reflow/Features/en/nano-banana-graphic-design-workflow-en.json,
pulled-reflow-reference,features-reflow,feature,en,[object Object],composite-v2,true,.json,_pull/features-reflow/Features/en/nano-banana-illustration-projects-en.json,
pulled-reflow-reference,features-reflow,feature,en,[object Object],composite-v2,true,.json,_pull/features-reflow/Features/en/nano-banana-infographic-design-en 2.json,
pulled-reflow-reference,features-reflow,feature,en,[object Object],composite-v2,true,.json,_pull/features-reflow/Features/en/nano-banana-infographic-design-en.json,
pulled-reflow-reference,features-reflow,feature,en,[object Object],composite-v2,true,.json,_pull/features-reflow/Features/en/nano-banana-marketing-visuals-en 2.json,
pulled-reflow-reference,features-reflow,feature,en,[object Object],composite-v2,true,.json,_pull/features-reflow/Features/en/nano-banana-marketing-visuals-en.json,
pulled-reflow-reference,features-reflow,feature,en,[object Object],composite-v2,true,.json,_pull/features-reflow/Features/en/nano-banana-presentation-slides-en 2.json,
pulled-reflow-reference,features-reflow,feature,en,[object Object],composite-v2,true,.json,_pull/features-reflow/Features/en/nano-banana-presentation-slides-en.json,
pulled-reflow-reference,features-reflow,feature,en,[object Object],composite-v2,true,.json,_pull/features-reflow/Features/en/nano-banana-product-photography-en 2.json,
pulled-reflow-reference,features-reflow,feature,en,[object Object],composite-v2,true,.json,_pull/features-reflow/Features/en/nano-banana-product-photography-en.json,
pulled-reflow-reference,features-reflow,feature,en,[object Object],composite-v2,true,.json,_pull/features-reflow/Features/en/nano-banana-social-media-graphics-en.json,
pulled-reflow-reference,features-reflow,feature,en,[object Object],composite-v2,true,.json,_pull/features-reflow/Features/en/nano-banana-website-graphics-en.json,
pulled-reflow-reference,features-reflow,feature,en,[object Object],composite-v2,true,.json,_pull/features-reflow/Features/en/nano-banana-workflow-optimization-en 2.json,
pulled-reflow-reference,features-reflow,feature,en,[object Object],composite-v2,true,.json,_pull/features-reflow/Features/en/nano-banana-workflow-optimization-en.json,
pulled-reflow-reference,features-reflow,feature,en,[object Object],composite-v2,true,.json,_pull/features-reflow/Features/en/nano-banana-youtube-thumbnails-en 2.json,
pulled-reflow-reference,features-reflow,feature,en,[object Object],composite-v2,true,.json,_pull/features-reflow/Features/en/nano-banana-youtube-thumbnails-en.json,
pulled-reflow-reference,features-reflow,feature,en,[object Object],composite-v2,true,.json,_pull/features-reflow/Features/en/no-template-popup-ads-en.json,
pulled-reflow-reference,features-reflow,feature,en,[object Object],composite-v2,true,.json,_pull/features-reflow/Features/en/no-template-popup-ads-generator-en.json,
pulled-reflow-reference,features-reflow,feature,en,[object Object],composite-v2,true,.json,_pull/features-reflow/Features/en/nutrition-label-design-en 2.json,
pulled-reflow-reference,features-reflow,feature,en,[object Object],composite-v2,true,.json,_pull/features-reflow/Features/en/nutrition-label-design-en.json,
pulled-reflow-reference,features-reflow,feature,en,[object Object],composite-v2,true,.json,_pull/features-reflow/Features/en/online-multimodal-ai-creator-seedance-en.json,
pulled-reflow-reference,features-reflow,feature,en,[object Object],composite-v2,true,.json,_pull/features-reflow/Features/en/online-store-graphics-design-en 2.json,
pulled-reflow-reference,features-reflow,feature,en,[object Object],composite-v2,true,.json,_pull/features-reflow/Features/en/online-store-graphics-design-en.json,
pulled-reflow-reference,features-reflow,feature,en,[object Object],composite-v2,true,.json,_pull/features-reflow/Features/en/overcome-blank-canvas-syndrome-en.json,
pulled-reflow-reference,features-reflow,feature,en,[object Object],composite-v2,true,.json,_pull/features-reflow/Features/en/party-flyer-design-en.json,
pulled-reflow-reference,features-reflow,feature,en,[object Object],composite-v2,true,.json,_pull/features-reflow/Features/en/pinterest-pin-design-en 2.json,
pulled-reflow-reference,features-reflow,feature,en,[object Object],composite-v2,true,.json,_pull/features-reflow/Features/en/pinterest-pin-design-en.json,
pulled-reflow-reference,features-reflow,feature,en,[object Object],composite-v2,true,.json,_pull/features-reflow/Features/en/pixel-pusher-to-creative-director-en.json,
pulled-reflow-reference,features-reflow,feature,en,[object Object],composite-v2,true,.json,_pull/features-reflow/Features/en/pizza-menu-design-en 2.json,
pulled-reflow-reference,features-reflow,feature,en,[object Object],composite-v2,true,.json,_pull/features-reflow/Features/en/pizza-menu-design-en.json,
pulled-reflow-reference,features-reflow,feature,en,[object Object],composite-v2,true,.json,_pull/features-reflow/Features/en/portfolio-design-en 2.json,
pulled-reflow-reference,features-reflow,feature,en,[object Object],composite-v2,true,.json,_pull/features-reflow/Features/en/portfolio-design-en.json,
pulled-reflow-reference,features-reflow,feature,en,[object Object],composite-v2,true,.json,_pull/features-reflow/Features/en/poster-design-en 2.json,
pulled-reflow-reference,features-reflow,feature,en,[object Object],composite-v2,true,.json,_pull/features-reflow/Features/en/poster-design-en.json,
pulled-reflow-reference,features-reflow,feature,en,[object Object],composite-v2,true,.json,_pull/features-reflow/Features/en/price-list-design-en.json,
pulled-reflow-reference,features-reflow,feature,en,[object Object],composite-v2,true,.json,_pull/features-reflow/Features/en/product-catalog-design-en 2.json,
pulled-reflow-reference,features-reflow,feature,en,[object Object],composite-v2,true,.json,_pull/features-reflow/Features/en/product-catalog-design-en.json,
pulled-reflow-reference,features-reflow,feature,en,[object Object],composite-v2,true,.json,_pull/features-reflow/Features/en/product-packaging-design-en.json,
pulled-reflow-reference,features-reflow,feature,en,[object Object],composite-v2,true,.json,_pull/features-reflow/Features/en/professional-corporate-presentation-design-en 2.json,
pulled-reflow-reference,features-reflow,feature,en,[object Object],composite-v2,true,.json,_pull/features-reflow/Features/en/professional-corporate-presentation-design-en.json,
pulled-reflow-reference,features-reflow,feature,en,[object Object],composite-v2,true,.json,_pull/features-reflow/Features/en/professional-resume-design-en.json,
pulled-reflow-reference,features-reflow,feature,en,[object Object],composite-v2,true,.json,_pull/features-reflow/Features/en/promotional-flyer-design-en.json,
pulled-reflow-reference,features-reflow,feature,en,[object Object],composite-v2,true,.json,_pull/features-reflow/Features/en/property-brochure-design-en.json,
pulled-reflow-reference,features-reflow,feature,en,[object Object],composite-v2,true,.json,_pull/features-reflow/Features/en/property-listing-design-en.json,
pulled-reflow-reference,features-reflow,feature,en,[object Object],composite-v2,true,.json,_pull/features-reflow/Features/en/property-report-design-en 2.json,
pulled-reflow-reference,features-reflow,feature,en,[object Object],composite-v2,true,.json,_pull/features-reflow/Features/en/property-report-design-en.json,
pulled-reflow-reference,features-reflow,feature,en,[object Object],composite-v2,true,.json,_pull/features-reflow/Features/en/quick-poster-generation-by-lovart-en.json,
pulled-reflow-reference,features-reflow,feature,en,[object Object],composite-v2,true,.json,_pull/features-reflow/Features/en/rapid-poster-ai-creation-en.json,
pulled-reflow-reference,features-reflow,feature,en,[object Object],composite-v2,true,.json,_pull/features-reflow/Features/en/real-estate-banner-design-en.json,
pulled-reflow-reference,features-reflow,feature,en,[object Object],composite-v2,true,.json,_pull/features-reflow/Features/en/real-estate-business-card-design-en 2.json,
pulled-reflow-reference,features-reflow,feature,en,[object Object],composite-v2,true,.json,_pull/features-reflow/Features/en/real-estate-business-card-design-en.json,
pulled-reflow-reference,features-reflow,feature,en,[object Object],composite-v2,true,.json,_pull/features-reflow/Features/en/real-estate-flyer-design-en.json,
pulled-reflow-reference,features-reflow,feature,en,[object Object],composite-v2,true,.json,_pull/features-reflow/Features/en/real-estate-logo-design-en.json,
pulled-reflow-reference,features-reflow,feature,en,[object Object],composite-v2,true,.json,_pull/features-reflow/Features/en/real-estate-newsletter-design-en 2.json,
pulled-reflow-reference,features-reflow,feature,en,[object Object],composite-v2,true,.json,_pull/features-reflow/Features/en/real-estate-newsletter-design-en.json,
pulled-reflow-reference,features-reflow,feature,en,[object Object],composite-v2,true,.json,_pull/features-reflow/Features/en/real-estate-postcard-design-en 2.json,
pulled-reflow-reference,features-reflow,feature,en,[object Object],composite-v2,true,.json,_pull/features-reflow/Features/en/real-estate-postcard-design-en.json,
pulled-reflow-reference,features-reflow,feature,en,[object Object],composite-v2,true,.json,_pull/features-reflow/Features/en/real-estate-sign-design-en.json,
pulled-reflow-reference,features-reflow,feature,en,[object Object],composite-v2,true,.json,_pull/features-reflow/Features/en/remove-video-background-en.json,
pulled-reflow-reference,features-reflow,feature,en,[object Object],composite-v2,true,.json,_pull/features-reflow/Features/en/restaurant_menu_design-en.json,
pulled-reflow-reference,features-reflow,feature,en,[object Object],composite-v2,true,.json,_pull/features-reflow/Features/en/restaurant-brochure-design-en.json,
pulled-reflow-reference,features-reflow,feature,en,[object Object],composite-v2,true,.json,_pull/features-reflow/Features/en/restaurant-business-card-design-en.json,
pulled-reflow-reference,features-reflow,feature,en,[object Object],composite-v2,true,.json,_pull/features-reflow/Features/en/restaurant-coupon-design-en.json,
pulled-reflow-reference,features-reflow,feature,en,[object Object],composite-v2,true,.json,_pull/features-reflow/Features/en/restaurant-door-hanger-design-en.json,
pulled-reflow-reference,features-reflow,feature,en,[object Object],composite-v2,true,.json,_pull/features-reflow/Features/en/restaurant-email-template-design-en.json,
pulled-reflow-reference,features-reflow,feature,en,[object Object],composite-v2,true,.json,_pull/features-reflow/Features/en/restaurant-gift-card-design-en.json,
pulled-reflow-reference,features-reflow,feature,en,[object Object],composite-v2,true,.json,_pull/features-reflow/Features/en/restaurant-logo-design-en 2.json,
pulled-reflow-reference,features-reflow,feature,en,[object Object],composite-v2,true,.json,_pull/features-reflow/Features/en/restaurant-logo-design-en.json,
pulled-reflow-reference,features-reflow,feature,en,[object Object],composite-v2,true,.json,_pull/features-reflow/Features/en/restaurant-loyalty-card-design-en 2.json,
pulled-reflow-reference,features-reflow,feature,en,[object Object],composite-v2,true,.json,_pull/features-reflow/Features/en/restaurant-loyalty-card-design-en.json,
pulled-reflow-reference,features-reflow,feature,en,[object Object],composite-v2,true,.json,_pull/features-reflow/Features/en/restaurant-menu-design-en.json,
pulled-reflow-reference,features-reflow,feature,en,[object Object],composite-v2,true,.json,_pull/features-reflow/Features/en/restaurant-table-tent-design-en.json,
pulled-reflow-reference,features-reflow,feature,en,[object Object],composite-v2,true,.json,_pull/features-reflow/Features/en/sale-poster-design-en 2.json,
pulled-reflow-reference,features-reflow,feature,en,[object Object],composite-v2,true,.json,_pull/features-reflow/Features/en/sale-poster-design-en.json,
pulled-reflow-reference,features-reflow,feature,en,[object Object],composite-v2,true,.json,_pull/features-reflow/Features/en/seamless-carousel-post-visual-storytelling-en 2.json,
pulled-reflow-reference,features-reflow,feature,en,[object Object],composite-v2,true,.json,_pull/features-reflow/Features/en/seamless-carousel-post-visual-storytelling-en.json,
pulled-reflow-reference,features-reflow,feature,en,[object Object],composite-v2,true,.json,_pull/features-reflow/Features/en/secure-student-id-card-design-en.json,
pulled-reflow-reference,features-reflow,feature,en,[object Object],composite-v2,true,.json,_pull/features-reflow/Features/en/seedance-2-0-ai-video-generator-en.json,
pulled-reflow-reference,features-reflow,feature,en,[object Object],composite-v2,true,.json,_pull/features-reflow/Features/en/seedance-2-ai-video-generator-agent-en.json,
pulled-reflow-reference,features-reflow,feature,en,[object Object],composite-v2,true,.json,_pull/features-reflow/Features/en/seedance-ai-ad-creatives-en.json,
pulled-reflow-reference,features-reflow,feature,en,[object Object],composite-v2,true,.json,_pull/features-reflow/Features/en/seedance-ai-video-generator-en 2.json,
pulled-reflow-reference,features-reflow,feature,en,[object Object],composite-v2,true,.json,_pull/features-reflow/Features/en/seedance-ai-video-generator-en.json,
pulled-reflow-reference,features-reflow,feature,en,[object Object],composite-v2,true,.json,_pull/features-reflow/Features/en/seedance-batch-creative-production-en.json,
pulled-reflow-reference,features-reflow,feature,en,[object Object],composite-v2,true,.json,_pull/features-reflow/Features/en/seedance-text-to-video-ai-en.json,
pulled-reflow-reference,features-reflow,feature,en,[object Object],composite-v2,true,.json,_pull/features-reflow/Features/en/seedance-viral-matrix-operation-en 2.json,
pulled-reflow-reference,features-reflow,feature,en,[object Object],composite-v2,true,.json,_pull/features-reflow/Features/en/seedance-viral-matrix-operation-en.json,
pulled-reflow-reference,features-reflow,feature,en,[object Object],composite-v2,true,.json,_pull/features-reflow/Features/en/seedance-viral-short-video-assets-en.json,
pulled-reflow-reference,features-reflow,feature,en,[object Object],composite-v2,true,.json,_pull/features-reflow/Features/en/shopify-banner-design-en.json,
pulled-reflow-reference,features-reflow,feature,en,[object Object],composite-v2,true,.json,_pull/features-reflow/Features/en/social-media-post-design-en.json,
pulled-reflow-reference,features-reflow,feature,en,[object Object],composite-v2,true,.json,_pull/features-reflow/Features/en/social-media-template-design-en 2.json,
pulled-reflow-reference,features-reflow,feature,en,[object Object],composite-v2,true,.json,_pull/features-reflow/Features/en/social-media-template-design-en.json,
pulled-reflow-reference,features-reflow,feature,en,[object Object],composite-v2,true,.json,_pull/features-reflow/Features/en/startup-logo-design-en.json,
pulled-reflow-reference,features-reflow,feature,en,[object Object],composite-v2,true,.json,_pull/features-reflow/Features/en/text-image-to-video-seedance-en.json,
pulled-reflow-reference,features-reflow,feature,en,[object Object],composite-v2,true,.json,_pull/features-reflow/Features/en/text-to-video-ai-en 2.json,
pulled-reflow-reference,features-reflow,feature,en,[object Object],composite-v2,true,.json,_pull/features-reflow/Features/en/text-to-video-ai-en.json,
pulled-reflow-reference,features-reflow,feature,en,[object Object],composite-v2,true,.json,_pull/features-reflow/Features/en/text-to-video-ai-generator-veo3-en.json,
pulled-reflow-reference,features-reflow,feature,en,[object Object],composite-v2,true,.json,_pull/features-reflow/Features/en/textbook-cover-design-en.json,
pulled-reflow-reference,features-reflow,feature,en,[object Object],composite-v2,true,.json,_pull/features-reflow/Features/en/tiktok-video-cover-design-en.json,
pulled-reflow-reference,features-reflow,feature,en,[object Object],composite-v2,true,.json,_pull/features-reflow/Features/en/touch-edit-ai-en.json,
pulled-reflow-reference,features-reflow,feature,en,[object Object],composite-v2,true,.json,_pull/features-reflow/Features/en/twitter-header-design-en.json,
pulled-reflow-reference,features-reflow,feature,en,[object Object],composite-v2,true,.json,_pull/features-reflow/Features/en/video-background-changer-en 2.json,
pulled-reflow-reference,features-reflow,feature,en,[object Object],composite-v2,true,.json,_pull/features-reflow/Features/en/video-background-changer-en.json,
pulled-reflow-reference,features-reflow,feature,en,[object Object],composite-v2,true,.json,_pull/features-reflow/Features/en/video-background-remover-en.json,
pulled-reflow-reference,features-reflow,feature,en,[object Object],composite-v2,true,.json,_pull/features-reflow/Features/en/wedding-invitation-design-en.json,
pulled-reflow-reference,features-reflow,feature,en,[object Object],composite-v2,true,.json,_pull/features-reflow/Features/en/wine-label-design-en.json,
pulled-reflow-reference,features-reflow,feature,en,[object Object],composite-v2,true,.json,_pull/features-reflow/Features/en/worksheet-design-en 2.json,
pulled-reflow-reference,features-reflow,feature,en,[object Object],composite-v2,true,.json,_pull/features-reflow/Features/en/worksheet-design-en.json,
pulled-reflow-reference,features-reflow,feature,en,[object Object],composite-v2,true,.json,_pull/features-reflow/Features/en/youtube-thumbnail-design-en.json,
pulled-reflow-reference,i18n-reflow,feature,de,ai-ad-thumbnail-generator,composite-v2,false,.json,_pull/i18n-reflow/Features/de/ai-ad-thumbnail-generator-de.json,
pulled-reflow-reference,i18n-reflow,feature,de,ai-affiliate-ads-generator,composite-v2,false,.json,_pull/i18n-reflow/Features/de/ai-affiliate-ads-generator-de.json,
pulled-reflow-reference,i18n-reflow,feature,de,ai-background-swap-no-masking,composite-v2,false,.json,_pull/i18n-reflow/Features/de/ai-background-swap-no-masking-de.json,
pulled-reflow-reference,i18n-reflow,feature,de,ai-bakery-menu-maker,composite-v2,false,.json,_pull/i18n-reflow/Features/de/ai-bakery-menu-maker-de.json,
pulled-reflow-reference,i18n-reflow,feature,de,ai-brochure-design-tool,composite-v2,false,.json,_pull/i18n-reflow/Features/de/ai-brochure-design-tool-de.json,
pulled-reflow-reference,i18n-reflow,feature,de,ai-business-card-maker,composite-v2,false,.json,_pull/i18n-reflow/Features/de/ai-business-card-maker-de.json,
pulled-reflow-reference,i18n-reflow,feature,de,ai-carousel-generator,composite-v2,false,.json,_pull/i18n-reflow/Features/de/ai-carousel-generator-de.json,
pulled-reflow-reference,i18n-reflow,feature,de,ai-commercials-seedance,composite-v2,false,.json,_pull/i18n-reflow/Features/de/ai-commercials-seedance-de.json,
pulled-reflow-reference,i18n-reflow,feature,de,ai-company-logo-maker,composite-v2,false,.json,_pull/i18n-reflow/Features/de/ai-company-logo-maker-de.json,
pulled-reflow-reference,i18n-reflow,feature,de,ai-coupon-ad-generator,composite-v2,false,.json,_pull/i18n-reflow/Features/de/ai-coupon-ad-generator-de.json,
pulled-reflow-reference,i18n-reflow,feature,de,ai-design-agent,composite-v2,false,.json,_pull/i18n-reflow/Features/de/ai-design-agent-de.json,
pulled-reflow-reference,i18n-reflow,feature,de,ai-design-agent-for-freelancers,composite-v2,false,.json,_pull/i18n-reflow/Features/de/ai-design-agent-for-freelancers-de.json,
pulled-reflow-reference,i18n-reflow,feature,de,ai-design-marketing-agency,composite-v2,false,.json,_pull/i18n-reflow/Features/de/ai-design-marketing-agency-de.json,
pulled-reflow-reference,i18n-reflow,feature,de,ai-facebook-ad-creative-generator,composite-v2,false,.json,_pull/i18n-reflow/Features/de/ai-facebook-ad-creative-generator-de.json,
pulled-reflow-reference,i18n-reflow,feature,de,ai-facebook-poster-generator,composite-v2,false,.json,_pull/i18n-reflow/Features/de/ai-facebook-poster-generator-de.json,
pulled-reflow-reference,i18n-reflow,feature,de,ai-giveaway-poster-generator,composite-v2,false,.json,_pull/i18n-reflow/Features/de/ai-giveaway-poster-generator-de.json,
pulled-reflow-reference,i18n-reflow,feature,de,ai-google-ads-banner-generator,composite-v2,false,.json,_pull/i18n-reflow/Features/de/ai-google-ads-banner-generator-de.json,
pulled-reflow-reference,i18n-reflow,feature,de,ai-illustration-generator-vector-nano-banana,composite-v2,false,.json,_pull/i18n-reflow/Features/de/ai-illustration-generator-vector-nano-banana-de.json,
pulled-reflow-reference,i18n-reflow,feature,de,ai-image-generator,composite-v2,false,.json,_pull/i18n-reflow/Features/de/ai-image-generator-de.json,
pulled-reflow-reference,i18n-reflow,feature,de,ai-image-generator-text-to-image,composite-v2,false,.json,_pull/i18n-reflow/Features/de/ai-image-generator-text-to-image-de.json,
pulled-reflow-reference,i18n-reflow,feature,de,ai-instagram-feed-planner,composite-v2,false,.json,_pull/i18n-reflow/Features/de/ai-instagram-feed-planner-de.json,
pulled-reflow-reference,i18n-reflow,feature,de,ai-instagram-post-generator,composite-v2,false,.json,_pull/i18n-reflow/Features/de/ai-instagram-post-generator-de.json,
pulled-reflow-reference,i18n-reflow,feature,de,ai-instagram-post-maker,composite-v2,false,.json,_pull/i18n-reflow/Features/de/ai-instagram-post-maker-de.json,
pulled-reflow-reference,i18n-reflow,feature,de,ai-instagram-story-layout-generator,composite-v2,false,.json,_pull/i18n-reflow/Features/de/ai-instagram-story-layout-generator-de.json,
pulled-reflow-reference,i18n-reflow,feature,de,ai-linkedin-infographic-generator-b2b,composite-v2,false,.json,_pull/i18n-reflow/Features/de/ai-linkedin-infographic-generator-b2b-de.json,
pulled-reflow-reference,i18n-reflow,feature,de,ai-logo-maker-brand-agent,composite-v2,false,.json,_pull/i18n-reflow/Features/de/ai-logo-maker-brand-agent-de.json,
pulled-reflow-reference,i18n-reflow,feature,de,ai-meta-ads-generator,composite-v2,false,.json,_pull/i18n-reflow/Features/de/ai-meta-ads-generator-de.json,
pulled-reflow-reference,i18n-reflow,feature,de,ai-mockup-generator,composite-v2,false,.json,_pull/i18n-reflow/Features/de/ai-mockup-generator-de.json,
pulled-reflow-reference,i18n-reflow,feature,de,ai-paid-social-ad-generator,composite-v2,false,.json,_pull/i18n-reflow/Features/de/ai-paid-social-ad-generator-de.json,
pulled-reflow-reference,i18n-reflow,feature,de,ai-picture-generator,composite-v2,false,.json,_pull/i18n-reflow/Features/de/ai-picture-generator-de.json,
pulled-reflow-reference,i18n-reflow,feature,de,ai-pinterest-pin-maker,composite-v2,false,.json,_pull/i18n-reflow/Features/de/ai-pinterest-pin-maker-de.json,
pulled-reflow-reference,i18n-reflow,feature,de,ai-poster-design-agent-nano-banana,composite-v2,false,.json,_pull/i18n-reflow/Features/de/ai-poster-design-agent-nano-banana-de.json,
pulled-reflow-reference,i18n-reflow,feature,de,ai-poster-generator-illustration-optimization,composite-v2,false,.json,_pull/i18n-reflow/Features/de/ai-poster-generator-illustration-optimization-de.json,
pulled-reflow-reference,i18n-reflow,feature,de,ai-presentation-slides-generator,composite-v2,false,.json,_pull/i18n-reflow/Features/de/ai-presentation-slides-generator-de.json,
pulled-reflow-reference,i18n-reflow,feature,de,ai-product-catalog-maker,composite-v2,false,.json,_pull/i18n-reflow/Features/de/ai-product-catalog-maker-de.json,
pulled-reflow-reference,i18n-reflow,feature,de,ai-product-display-generator,composite-v2,false,.json,_pull/i18n-reflow/Features/de/ai-product-display-generator-de.json,
pulled-reflow-reference,i18n-reflow,feature,de,ai-product-image-generator,composite-v2,false,.json,_pull/i18n-reflow/Features/de/ai-product-image-generator-de.json,
pulled-reflow-reference,i18n-reflow,feature,de,ai-product-video-seedance,composite-v2,false,.json,_pull/i18n-reflow/Features/de/ai-product-video-seedance-de.json,
pulled-reflow-reference,i18n-reflow,feature,de,ai-promotion-landing-page-generator,composite-v2,false,.json,_pull/i18n-reflow/Features/de/ai-promotion-landing-page-generator-de.json,
pulled-reflow-reference,i18n-reflow,feature,de,ai-retargeting-ad-generator,composite-v2,false,.json,_pull/i18n-reflow/Features/de/ai-retargeting-ad-generator-de.json,
pulled-reflow-reference,i18n-reflow,feature,de,ai-short-video-generator,composite-v2,false,.json,_pull/i18n-reflow/Features/de/ai-short-video-generator-de.json,
pulled-reflow-reference,i18n-reflow,feature,de,ai-social-media-content-generator,composite-v2,false,.json,_pull/i18n-reflow/Features/de/ai-social-media-content-generator-de.json,
pulled-reflow-reference,i18n-reflow,feature,de,ai-social-media-post-maker,composite-v2,false,.json,_pull/i18n-reflow/Features/de/ai-social-media-post-maker-de.json,
pulled-reflow-reference,i18n-reflow,feature,de,ai-subscribe-ad-generator,composite-v2,false,.json,_pull/i18n-reflow/Features/de/ai-subscribe-ad-generator-de.json,
pulled-reflow-reference,i18n-reflow,feature,de,ai-subscription-fatigue-utility,composite-v2,false,.json,_pull/i18n-reflow/Features/de/ai-subscription-fatigue-utility-de.json,
pulled-reflow-reference,i18n-reflow,feature,de,ai-text-to-image-generator,composite-v2,false,.json,_pull/i18n-reflow/Features/de/ai-text-to-image-generator-de.json,
pulled-reflow-reference,i18n-reflow,feature,de,ai-tiktok-thumbnail-maker,composite-v2,false,.json,_pull/i18n-reflow/Features/de/ai-tiktok-thumbnail-maker-de.json,
pulled-reflow-reference,i18n-reflow,feature,de,ai-twitter-x-post-generator,composite-v2,false,.json,_pull/i18n-reflow/Features/de/ai-twitter-x-post-generator-de.json,
pulled-reflow-reference,i18n-reflow,feature,de,ai-video-background-remover,composite-v2,false,.json,_pull/i18n-reflow/Features/de/ai-video-background-remover-de.json,
pulled-reflow-reference,i18n-reflow,feature,de,ai-video-enhancer-remaster-veo3,composite-v2,false,.json,_pull/i18n-reflow/Features/de/ai-video-enhancer-remaster-veo3-de.json,
pulled-reflow-reference,i18n-reflow,feature,de,ai-video-generator,composite-v2,false,.json,_pull/i18n-reflow/Features/de/ai-video-generator-de.json,
pulled-reflow-reference,i18n-reflow,feature,de,ai-video-generator-no-templates,composite-v2,false,.json,_pull/i18n-reflow/Features/de/ai-video-generator-no-templates-de.json,
pulled-reflow-reference,i18n-reflow,feature,de,ai-video-generator-text-to-video,composite-v2,false,.json,_pull/i18n-reflow/Features/de/ai-video-generator-text-to-video-de.json,
pulled-reflow-reference,i18n-reflow,feature,de,ai-video-generator-tools,composite-v2,false,.json,_pull/i18n-reflow/Features/de/ai-video-generator-tools-de.json,
pulled-reflow-reference,i18n-reflow,feature,de,ai-video-generator-workflow-by-lovart,composite-v2,false,.json,_pull/i18n-reflow/Features/de/ai-video-generator-workflow-by-lovart-de.json,
pulled-reflow-reference,i18n-reflow,feature,de,ai-video-generator-workflow,composite-v2,false,.json,_pull/i18n-reflow/Features/de/ai-video-generator-workflow-de.json,
pulled-reflow-reference,i18n-reflow,feature,de,ai-video-prompt-generator-veo-sora,composite-v2,false,.json,_pull/i18n-reflow/Features/de/ai-video-prompt-generator-veo-sora-de.json,
pulled-reflow-reference,i18n-reflow,feature,de,ai-webtoon-comic-generator-seedance,composite-v2,false,.json,_pull/i18n-reflow/Features/de/ai-webtoon-comic-generator-seedance-de.json,
pulled-reflow-reference,i18n-reflow,feature,de,ai-youtube-banner-maker,composite-v2,false,.json,_pull/i18n-reflow/Features/de/ai-youtube-banner-maker-de.json,
pulled-reflow-reference,i18n-reflow,feature,de,album-cover-design,composite-v2,false,.json,_pull/i18n-reflow/Features/de/album-cover-design-de.json,
pulled-reflow-reference,i18n-reflow,feature,de,all-in-one-ai-models,composite-v2,false,.json,_pull/i18n-reflow/Features/de/all-in-one-ai-models-de.json,
pulled-reflow-reference,i18n-reflow,feature,de,amazon-listing-design-optimization,composite-v2,false,.json,_pull/i18n-reflow/Features/de/amazon-listing-design-optimization-de.json,
pulled-reflow-reference,i18n-reflow,feature,de,amazon-listing-image-generator,composite-v2,false,.json,_pull/i18n-reflow/Features/de/amazon-listing-image-generator-de.json,
pulled-reflow-reference,i18n-reflow,feature,de,anniversary-card-design,composite-v2,false,.json,_pull/i18n-reflow/Features/de/anniversary-card-design-de.json,
pulled-reflow-reference,i18n-reflow,feature,de,baby-shower-invitation-design,composite-v2,false,.json,_pull/i18n-reflow/Features/de/baby-shower-invitation-design-de.json,
pulled-reflow-reference,i18n-reflow,feature,de,bakery-menu-design,composite-v2,false,.json,_pull/i18n-reflow/Features/de/bakery-menu-design-de.json,
pulled-reflow-reference,i18n-reflow,feature,de,banner-design,composite-v2,false,.json,_pull/i18n-reflow/Features/de/banner-design-de.json,
pulled-reflow-reference,i18n-reflow,feature,de,bar-menu-design,composite-v2,false,.json,_pull/i18n-reflow/Features/de/bar-menu-design-de.json,
pulled-reflow-reference,i18n-reflow,feature,de,best-ai-image-generator-2026,composite-v2,false,.json,_pull/i18n-reflow/Features/de/best-ai-image-generator-2026-de.json,
pulled-reflow-reference,i18n-reflow,feature,de,birthday-invitation-design,composite-v2,false,.json,_pull/i18n-reflow/Features/de/birthday-invitation-design-de.json,
pulled-reflow-reference,i18n-reflow,feature,de,blog-post-to-instagram-ai-repurposing,composite-v2,false,.json,_pull/i18n-reflow/Features/de/blog-post-to-instagram-ai-repurposing-de.json,
pulled-reflow-reference,i18n-reflow,feature,de,book-cover-design,composite-v2,false,.json,_pull/i18n-reflow/Features/de/book-cover-design-de.json,
pulled-reflow-reference,i18n-reflow,feature,de,brand-hashtag-visual-generator,composite-v2,false,.json,_pull/i18n-reflow/Features/de/brand-hashtag-visual-generator-de.json,
pulled-reflow-reference,i18n-reflow,feature,de,brochure-design,composite-v2,,.json,_pull/i18n-reflow/Features/de/brochure-design-de.json,
pulled-reflow-reference,i18n-reflow,feature,de,cafe-menu-design,composite-v2,false,.json,_pull/i18n-reflow/Features/de/cafe-menu-design-de.json,
pulled-reflow-reference,i18n-reflow,feature,de,catering-menu-design,composite-v2,false,.json,_pull/i18n-reflow/Features/de/catering-menu-design-de.json,
pulled-reflow-reference,i18n-reflow,feature,de,certificate-design,composite-v2,false,.json,_pull/i18n-reflow/Features/de/certificate-design-de.json,
pulled-reflow-reference,i18n-reflow,feature,de,change-video-background,composite-v2,false,.json,_pull/i18n-reflow/Features/de/change-video-background-de.json,
pulled-reflow-reference,i18n-reflow,feature,de,chef-business-card-design,composite-v2,false,.json,_pull/i18n-reflow/Features/de/chef-business-card-design-de.json,
pulled-reflow-reference,i18n-reflow,feature,de,classroom-poster-design,composite-v2,false,.json,_pull/i18n-reflow/Features/de/classroom-poster-design-de.json,
pulled-reflow-reference,i18n-reflow,feature,de,company-brochure-design,composite-v2,false,.json,_pull/i18n-reflow/Features/de/company-brochure-design-de.json,
pulled-reflow-reference,i18n-reflow,feature,de,concert-poster-design,composite-v2,false,.json,_pull/i18n-reflow/Features/de/concert-poster-design-de.json,
pulled-reflow-reference,i18n-reflow,feature,de,course-material-design,composite-v2,false,.json,_pull/i18n-reflow/Features/de/course-material-design-de.json,
pulled-reflow-reference,i18n-reflow,feature,de,create-editable-brand-kit-ai-agent,composite-v2,false,.json,_pull/i18n-reflow/Features/de/create-editable-brand-kit-ai-agent-de.json,
pulled-reflow-reference,i18n-reflow,feature,de,create-mockups-with-brand-kit-ai,composite-v2,false,.json,_pull/i18n-reflow/Features/de/create-mockups-with-brand-kit-ai-de.json,
pulled-reflow-reference,i18n-reflow,feature,de,custom-business-flyer-design,composite-v2,false,.json,_pull/i18n-reflow/Features/de/custom-business-flyer-design-de.json,
pulled-reflow-reference,i18n-reflow,feature,de,cv-template-design,composite-v2,false,.json,_pull/i18n-reflow/Features/de/cv-template-design-de.json,
pulled-reflow-reference,i18n-reflow,feature,de,design-viral-youtube-thumbnails-ai-by-lovart,composite-v2,false,.json,_pull/i18n-reflow/Features/de/design-viral-youtube-thumbnails-ai-by-lovart-de.json,
pulled-reflow-reference,i18n-reflow,feature,de,design-viral-youtube-thumbnails-ai,composite-v2,false,.json,_pull/i18n-reflow/Features/de/design-viral-youtube-thumbnails-ai-de.json,
pulled-reflow-reference,i18n-reflow,feature,de,diploma-design,composite-v2,false,.json,_pull/i18n-reflow/Features/de/diploma-design-de.json,
pulled-reflow-reference,i18n-reflow,feature,de,discount-banner-design,composite-v2,false,.json,_pull/i18n-reflow/Features/de/discount-banner-design-de.json,
pulled-reflow-reference,i18n-reflow,feature,de,e-learning-banner-design,composite-v2,false,.json,_pull/i18n-reflow/Features/de/e-learning-banner-design-de.json,
pulled-reflow-reference,i18n-reflow,feature,de,ecommerce-banner-design,composite-v2,false,.json,_pull/i18n-reflow/Features/de/ecommerce-banner-design-de.json,
pulled-reflow-reference,i18n-reflow,feature,de,edit-ai-generated-images,composite-v2,false,.json,_pull/i18n-reflow/Features/de/edit-ai-generated-images-de.json,
pulled-reflow-reference,i18n-reflow,feature,de,engagement-invitation-design,composite-v2,false,.json,_pull/i18n-reflow/Features/de/engagement-invitation-design-de.json,
pulled-reflow-reference,i18n-reflow,feature,de,event-poster-maker,composite-v2,false,.json,_pull/i18n-reflow/Features/de/event-poster-maker-de.json,
pulled-reflow-reference,i18n-reflow,feature,de,event-program-design,composite-v2,false,.json,_pull/i18n-reflow/Features/de/event-program-design-de.json,
pulled-reflow-reference,i18n-reflow,feature,de,facebook-cover-design,composite-v2,false,.json,_pull/i18n-reflow/Features/de/facebook-cover-design-de.json,
pulled-reflow-reference,i18n-reflow,feature,de,facebook-post-template-generator,composite-v2,false,.json,_pull/i18n-reflow/Features/de/facebook-post-template-generator-de.json,
pulled-reflow-reference,i18n-reflow,feature,de,festival-banner-design,composite-v2,false,.json,_pull/i18n-reflow/Features/de/festival-banner-design-de.json,
pulled-reflow-reference,i18n-reflow,feature,de,flyer-design,composite-v2,false,.json,_pull/i18n-reflow/Features/de/flyer-design-de.json,
pulled-reflow-reference,i18n-reflow,feature,de,food-banner-design,composite-v2,false,.json,_pull/i18n-reflow/Features/de/food-banner-design-de.json,
pulled-reflow-reference,i18n-reflow,feature,de,food-blog-header-design,composite-v2,false,.json,_pull/i18n-reflow/Features/de/food-blog-header-design-de.json,
pulled-reflow-reference,i18n-reflow,feature,de,food-delivery-app-design,composite-v2,false,.json,_pull/i18n-reflow/Features/de/food-delivery-app-design-de.json,
pulled-reflow-reference,i18n-reflow,feature,de,food-festival-poster-design,composite-v2,false,.json,_pull/i18n-reflow/Features/de/food-festival-poster-design-de.json,
pulled-reflow-reference,i18n-reflow,feature,de,food-flyer-design,composite-v2,false,.json,_pull/i18n-reflow/Features/de/food-flyer-design-de.json,
pulled-reflow-reference,i18n-reflow,feature,de,food-packaging-design,composite-v2,false,.json,_pull/i18n-reflow/Features/de/food-packaging-design-de.json,
pulled-reflow-reference,i18n-reflow,feature,de,food-photography-layout-design,composite-v2,false,.json,_pull/i18n-reflow/Features/de/food-photography-layout-design-de.json,
pulled-reflow-reference,i18n-reflow,feature,de,food-poster-design,composite-v2,false,.json,_pull/i18n-reflow/Features/de/food-poster-design-de.json,
pulled-reflow-reference,i18n-reflow,feature,de,food-recipe-card-design,composite-v2,false,.json,_pull/i18n-reflow/Features/de/food-recipe-card-design-de.json,
pulled-reflow-reference,i18n-reflow,feature,de,food-social-media-design,composite-v2,false,.json,_pull/i18n-reflow/Features/de/food-social-media-design-de.json,
pulled-reflow-reference,i18n-reflow,feature,de,food-truck-menu-design,composite-v2,false,.json,_pull/i18n-reflow/Features/de/food-truck-menu-design-de.json,
pulled-reflow-reference,i18n-reflow,feature,de,food-truck-wrap-design,composite-v2,false,.json,_pull/i18n-reflow/Features/de/food-truck-wrap-design-de.json,
pulled-reflow-reference,i18n-reflow,feature,de,free-online-tool,composite-v2,false,.json,_pull/i18n-reflow/Features/de/free-online-tool-de.json,
pulled-reflow-reference,i18n-reflow,feature,de,gpt-image-generator-ai,composite-v2,false,.json,_pull/i18n-reflow/Features/de/gpt-image-generator-ai-de.json,
pulled-reflow-reference,i18n-reflow,feature,de,graduation-invitation-design,composite-v2,false,.json,_pull/i18n-reflow/Features/de/graduation-invitation-design-de.json,
pulled-reflow-reference,i18n-reflow,feature,de,graphic-design,composite-v2,false,.json,_pull/i18n-reflow/Features/de/graphic-design-de.json,
pulled-reflow-reference,i18n-reflow,feature,de,infinite-chatcanvas-ai-collaboration,composite-v2,false,.json,_pull/i18n-reflow/Features/de/infinite-chatcanvas-ai-collaboration-de.json,
pulled-reflow-reference,i18n-reflow,feature,de,infographic-design,composite-v2,false,.json,_pull/i18n-reflow/Features/de/infographic-design-de.json,
pulled-reflow-reference,i18n-reflow,feature,de,instagram-highlight-cover-design,composite-v2,false,.json,_pull/i18n-reflow/Features/de/instagram-highlight-cover-design-de.json,
pulled-reflow-reference,i18n-reflow,feature,de,instagram-story-design,composite-v2,false,.json,_pull/i18n-reflow/Features/de/instagram-story-design-de.json,
pulled-reflow-reference,i18n-reflow,feature,de,instagram-story-maker,composite-v2,false,.json,_pull/i18n-reflow/Features/de/instagram-story-maker-de.json,
pulled-reflow-reference,i18n-reflow,feature,de,launch-event-landing-page-generator,composite-v2,false,.json,_pull/i18n-reflow/Features/de/launch-event-landing-page-generator-de.json,
pulled-reflow-reference,i18n-reflow,feature,de,leonardo-ai-alternative,composite-v2,false,.json,_pull/i18n-reflow/Features/de/leonardo-ai-alternative-de.json,
pulled-reflow-reference,i18n-reflow,feature,de,lesson-plan-design,composite-v2,false,.json,_pull/i18n-reflow/Features/de/lesson-plan-design-de.json,
pulled-reflow-reference,i18n-reflow,feature,de,linkedin-ads-generator,composite-v2,false,.json,_pull/i18n-reflow/Features/de/linkedin-ads-generator-de.json,
pulled-reflow-reference,i18n-reflow,feature,de,linkedin-banner-design-ai-generator-by-lovart,composite-v2,false,.json,_pull/i18n-reflow/Features/de/linkedin-banner-design-ai-generator-by-lovart-de.json,
pulled-reflow-reference,i18n-reflow,feature,de,linkedin-banner-design-ai-generator,composite-v2,false,.json,_pull/i18n-reflow/Features/de/linkedin-banner-design-ai-generator-de.json,
pulled-reflow-reference,i18n-reflow,feature,de,linkedin-banner-design,composite-v2,false,.json,_pull/i18n-reflow/Features/de/linkedin-banner-design-de.json,
pulled-reflow-reference,i18n-reflow,feature,de,linkedin-spotlight-ads-generator,composite-v2,false,.json,_pull/i18n-reflow/Features/de/linkedin-spotlight-ads-generator-de.json,
pulled-reflow-reference,i18n-reflow,feature,de,magazine-layout-design,composite-v2,false,.json,_pull/i18n-reflow/Features/de/magazine-layout-design-de.json,
pulled-reflow-reference,i18n-reflow,feature,de,mood-board-creation,composite-v2,false,.json,_pull/i18n-reflow/Features/de/mood-board-creation-de.json,
pulled-reflow-reference,i18n-reflow,feature,de,nano-banana-ai-model,composite-v2,false,.json,_pull/i18n-reflow/Features/de/nano-banana-ai-model-de.json,
pulled-reflow-reference,i18n-reflow,feature,de,nano-banana-best-practices,composite-v2,false,.json,_pull/i18n-reflow/Features/de/nano-banana-best-practices-de.json,
pulled-reflow-reference,i18n-reflow,feature,de,nano-banana-case-studies,composite-v2,false,.json,_pull/i18n-reflow/Features/de/nano-banana-case-studies-de.json,
pulled-reflow-reference,i18n-reflow,feature,de,nano-banana-concept-art-workflow,composite-v2,false,.json,_pull/i18n-reflow/Features/de/nano-banana-concept-art-workflow-de.json,
pulled-reflow-reference,i18n-reflow,feature,de,nano-banana-creative-brainstorming,composite-v2,false,.json,_pull/i18n-reflow/Features/de/nano-banana-creative-brainstorming-de.json,
pulled-reflow-reference,i18n-reflow,feature,de,nano-banana-digital-art-creation,composite-v2,false,.json,_pull/i18n-reflow/Features/de/nano-banana-digital-art-creation-de.json,
pulled-reflow-reference,i18n-reflow,feature,de,nano-banana-educational-materials,composite-v2,false,.json,_pull/i18n-reflow/Features/de/nano-banana-educational-materials-de.json,
pulled-reflow-reference,i18n-reflow,feature,de,nano-banana-graphic-design-workflow,composite-v2,false,.json,_pull/i18n-reflow/Features/de/nano-banana-graphic-design-workflow-de.json,
pulled-reflow-reference,i18n-reflow,feature,de,nano-banana-illustration-projects,composite-v2,false,.json,_pull/i18n-reflow/Features/de/nano-banana-illustration-projects-de.json,
pulled-reflow-reference,i18n-reflow,feature,de,nano-banana-infographic-design,composite-v2,false,.json,_pull/i18n-reflow/Features/de/nano-banana-infographic-design-de.json,
pulled-reflow-reference,i18n-reflow,feature,de,nano-banana-marketing-visuals,composite-v2,false,.json,_pull/i18n-reflow/Features/de/nano-banana-marketing-visuals-de.json,
pulled-reflow-reference,i18n-reflow,feature,de,nano-banana-presentation-slides,composite-v2,false,.json,_pull/i18n-reflow/Features/de/nano-banana-presentation-slides-de.json,
pulled-reflow-reference,i18n-reflow,feature,de,nano-banana-product-photography,composite-v2,false,.json,_pull/i18n-reflow/Features/de/nano-banana-product-photography-de.json,
pulled-reflow-reference,i18n-reflow,feature,de,nano-banana-social-media-graphics,composite-v2,false,.json,_pull/i18n-reflow/Features/de/nano-banana-social-media-graphics-de.json,
pulled-reflow-reference,i18n-reflow,feature,de,nano-banana-website-graphics,composite-v2,false,.json,_pull/i18n-reflow/Features/de/nano-banana-website-graphics-de.json,
pulled-reflow-reference,i18n-reflow,feature,de,nano-banana-workflow-optimization,composite-v2,false,.json,_pull/i18n-reflow/Features/de/nano-banana-workflow-optimization-de.json,
pulled-reflow-reference,i18n-reflow,feature,de,nano-banana-youtube-thumbnails,composite-v2,false,.json,_pull/i18n-reflow/Features/de/nano-banana-youtube-thumbnails-de.json,
pulled-reflow-reference,i18n-reflow,feature,de,no-template-popup-ads,composite-v2,false,.json,_pull/i18n-reflow/Features/de/no-template-popup-ads-de.json,
pulled-reflow-reference,i18n-reflow,feature,de,no-template-popup-ads-generator,composite-v2,false,.json,_pull/i18n-reflow/Features/de/no-template-popup-ads-generator-de.json,
pulled-reflow-reference,i18n-reflow,feature,de,nutrition-label-design,composite-v2,false,.json,_pull/i18n-reflow/Features/de/nutrition-label-design-de.json,
pulled-reflow-reference,i18n-reflow,feature,de,online-multimodal-ai-creator-seedance,composite-v2,false,.json,_pull/i18n-reflow/Features/de/online-multimodal-ai-creator-seedance-de.json,
pulled-reflow-reference,i18n-reflow,feature,de,online-store-graphics-design,composite-v2,false,.json,_pull/i18n-reflow/Features/de/online-store-graphics-design-de.json,
pulled-reflow-reference,i18n-reflow,feature,de,overcome-blank-canvas-syndrome,composite-v2,false,.json,_pull/i18n-reflow/Features/de/overcome-blank-canvas-syndrome-de.json,
pulled-reflow-reference,i18n-reflow,feature,de,party-flyer-design,composite-v2,false,.json,_pull/i18n-reflow/Features/de/party-flyer-design-de.json,
pulled-reflow-reference,i18n-reflow,feature,de,pinterest-pin-design,composite-v2,false,.json,_pull/i18n-reflow/Features/de/pinterest-pin-design-de.json,
pulled-reflow-reference,i18n-reflow,feature,de,pixel-pusher-to-creative-director,composite-v2,false,.json,_pull/i18n-reflow/Features/de/pixel-pusher-to-creative-director-de.json,
pulled-reflow-reference,i18n-reflow,feature,de,pizza-menu-design,composite-v2,false,.json,_pull/i18n-reflow/Features/de/pizza-menu-design-de.json,
pulled-reflow-reference,i18n-reflow,feature,de,portfolio-design,composite-v2,false,.json,_pull/i18n-reflow/Features/de/portfolio-design-de.json,
pulled-reflow-reference,i18n-reflow,feature,de,poster-design,composite-v2,false,.json,_pull/i18n-reflow/Features/de/poster-design-de.json,
pulled-reflow-reference,i18n-reflow,feature,de,price-list-design,composite-v2,false,.json,_pull/i18n-reflow/Features/de/price-list-design-de.json,
pulled-reflow-reference,i18n-reflow,feature,de,product-catalog-design,composite-v2,false,.json,_pull/i18n-reflow/Features/de/product-catalog-design-de.json,
pulled-reflow-reference,i18n-reflow,feature,de,product-packaging-design,composite-v2,false,.json,_pull/i18n-reflow/Features/de/product-packaging-design-de.json,
pulled-reflow-reference,i18n-reflow,feature,de,professional-corporate-presentation-design,composite-v2,false,.json,_pull/i18n-reflow/Features/de/professional-corporate-presentation-design-de.json,
pulled-reflow-reference,i18n-reflow,feature,de,professional-resume-design,composite-v2,false,.json,_pull/i18n-reflow/Features/de/professional-resume-design-de.json,
pulled-reflow-reference,i18n-reflow,feature,de,promotional-flyer-design,composite-v2,false,.json,_pull/i18n-reflow/Features/de/promotional-flyer-design-de.json,
pulled-reflow-reference,i18n-reflow,feature,de,property-brochure-design,composite-v2,false,.json,_pull/i18n-reflow/Features/de/property-brochure-design-de.json,
pulled-reflow-reference,i18n-reflow,feature,de,property-listing-design,composite-v2,false,.json,_pull/i18n-reflow/Features/de/property-listing-design-de.json,
pulled-reflow-reference,i18n-reflow,feature,de,property-report-design,composite-v2,false,.json,_pull/i18n-reflow/Features/de/property-report-design-de.json,
pulled-reflow-reference,i18n-reflow,feature,de,rapid-poster-ai-creation,composite-v2,false,.json,_pull/i18n-reflow/Features/de/rapid-poster-ai-creation-de.json,
pulled-reflow-reference,i18n-reflow,feature,de,real-estate-banner-design,composite-v2,false,.json,_pull/i18n-reflow/Features/de/real-estate-banner-design-de.json,
pulled-reflow-reference,i18n-reflow,feature,de,real-estate-business-card-design,composite-v2,false,.json,_pull/i18n-reflow/Features/de/real-estate-business-card-design-de.json,
pulled-reflow-reference,i18n-reflow,feature,de,real-estate-flyer-design,composite-v2,false,.json,_pull/i18n-reflow/Features/de/real-estate-flyer-design-de.json,
pulled-reflow-reference,i18n-reflow,feature,de,real-estate-logo-design,composite-v2,false,.json,_pull/i18n-reflow/Features/de/real-estate-logo-design-de.json,
pulled-reflow-reference,i18n-reflow,feature,de,real-estate-newsletter-design,composite-v2,false,.json,_pull/i18n-reflow/Features/de/real-estate-newsletter-design-de.json,
pulled-reflow-reference,i18n-reflow,feature,de,real-estate-postcard-design,composite-v2,false,.json,_pull/i18n-reflow/Features/de/real-estate-postcard-design-de.json,
pulled-reflow-reference,i18n-reflow,feature,de,real-estate-sign-design,composite-v2,false,.json,_pull/i18n-reflow/Features/de/real-estate-sign-design-de.json,
pulled-reflow-reference,i18n-reflow,feature,de,remove-video-background,composite-v2,false,.json,_pull/i18n-reflow/Features/de/remove-video-background-de.json,
pulled-reflow-reference,i18n-reflow,feature,de,restaurant_menu_design,composite-v2,false,.json,_pull/i18n-reflow/Features/de/restaurant_menu_design-de.json,
pulled-reflow-reference,i18n-reflow,feature,de,restaurant-brochure-design,composite-v2,false,.json,_pull/i18n-reflow/Features/de/restaurant-brochure-design-de.json,
pulled-reflow-reference,i18n-reflow,feature,de,restaurant-business-card-design,composite-v2,false,.json,_pull/i18n-reflow/Features/de/restaurant-business-card-design-de.json,
pulled-reflow-reference,i18n-reflow,feature,de,restaurant-coupon-design,composite-v2,false,.json,_pull/i18n-reflow/Features/de/restaurant-coupon-design-de.json,
pulled-reflow-reference,i18n-reflow,feature,de,restaurant-door-hanger-design,composite-v2,false,.json,_pull/i18n-reflow/Features/de/restaurant-door-hanger-design-de.json,
pulled-reflow-reference,i18n-reflow,feature,de,restaurant-email-template-design,composite-v2,false,.json,_pull/i18n-reflow/Features/de/restaurant-email-template-design-de.json,
pulled-reflow-reference,i18n-reflow,feature,de,restaurant-gift-card-design,composite-v2,false,.json,_pull/i18n-reflow/Features/de/restaurant-gift-card-design-de.json,
pulled-reflow-reference,i18n-reflow,feature,de,restaurant-logo-design,composite-v2,false,.json,_pull/i18n-reflow/Features/de/restaurant-logo-design-de.json,
pulled-reflow-reference,i18n-reflow,feature,de,restaurant-loyalty-card-design,composite-v2,false,.json,_pull/i18n-reflow/Features/de/restaurant-loyalty-card-design-de.json,
pulled-reflow-reference,i18n-reflow,feature,de,restaurant-menu-design,composite-v2,false,.json,_pull/i18n-reflow/Features/de/restaurant-menu-design-de.json,
pulled-reflow-reference,i18n-reflow,feature,de,restaurant-table-tent-design,composite-v2,false,.json,_pull/i18n-reflow/Features/de/restaurant-table-tent-design-de.json,
pulled-reflow-reference,i18n-reflow,feature,de,sale-poster-design,composite-v2,false,.json,_pull/i18n-reflow/Features/de/sale-poster-design-de.json,
pulled-reflow-reference,i18n-reflow,feature,de,seamless-carousel-post-visual-storytelling,composite-v2,false,.json,_pull/i18n-reflow/Features/de/seamless-carousel-post-visual-storytelling-de.json,
pulled-reflow-reference,i18n-reflow,feature,de,secure-student-id-card-design,composite-v2,false,.json,_pull/i18n-reflow/Features/de/secure-student-id-card-design-de.json,
pulled-reflow-reference,i18n-reflow,feature,de,seedance-2-0-ai-video-generator,composite-v2,false,.json,_pull/i18n-reflow/Features/de/seedance-2-0-ai-video-generator-de.json,
pulled-reflow-reference,i18n-reflow,feature,de,seedance-ai-ad-creatives,composite-v2,false,.json,_pull/i18n-reflow/Features/de/seedance-ai-ad-creatives-de.json,
pulled-reflow-reference,i18n-reflow,feature,de,seedance-ai-video-generator,composite-v2,false,.json,_pull/i18n-reflow/Features/de/seedance-ai-video-generator-de.json,
pulled-reflow-reference,i18n-reflow,feature,de,seedance-text-to-video-ai,composite-v2,false,.json,_pull/i18n-reflow/Features/de/seedance-text-to-video-ai-de.json,
pulled-reflow-reference,i18n-reflow,feature,de,seedance-viral-matrix-operation,composite-v2,false,.json,_pull/i18n-reflow/Features/de/seedance-viral-matrix-operation-de.json,
pulled-reflow-reference,i18n-reflow,feature,de,seedance-viral-short-video-assets,composite-v2,false,.json,_pull/i18n-reflow/Features/de/seedance-viral-short-video-assets-de.json,
pulled-reflow-reference,i18n-reflow,feature,de,shopify-banner-design,composite-v2,false,.json,_pull/i18n-reflow/Features/de/shopify-banner-design-de.json,
pulled-reflow-reference,i18n-reflow,feature,de,social-media-post-design,composite-v2,false,.json,_pull/i18n-reflow/Features/de/social-media-post-design-de.json,
pulled-reflow-reference,i18n-reflow,feature,de,social-media-template-design,composite-v2,false,.json,_pull/i18n-reflow/Features/de/social-media-template-design-de.json,
pulled-reflow-reference,i18n-reflow,feature,de,startup-logo-design,composite-v2,false,.json,_pull/i18n-reflow/Features/de/startup-logo-design-de.json,
pulled-reflow-reference,i18n-reflow,feature,de,text-image-to-video-seedance,composite-v2,false,.json,_pull/i18n-reflow/Features/de/text-image-to-video-seedance-de.json,
pulled-reflow-reference,i18n-reflow,feature,de,text-to-video-ai,composite-v2,false,.json,_pull/i18n-reflow/Features/de/text-to-video-ai-de.json,
pulled-reflow-reference,i18n-reflow,feature,de,text-to-video-ai-generator-veo3,composite-v2,false,.json,_pull/i18n-reflow/Features/de/text-to-video-ai-generator-veo3-de.json,
pulled-reflow-reference,i18n-reflow,feature,de,textbook-cover-design,composite-v2,false,.json,_pull/i18n-reflow/Features/de/textbook-cover-design-de.json,
pulled-reflow-reference,i18n-reflow,feature,de,tiktok-video-cover-design,composite-v2,false,.json,_pull/i18n-reflow/Features/de/tiktok-video-cover-design-de.json,
pulled-reflow-reference,i18n-reflow,feature,de,touch-edit-ai,composite-v2,false,.json,_pull/i18n-reflow/Features/de/touch-edit-ai-de.json,
pulled-reflow-reference,i18n-reflow,feature,de,twitter-header-design,composite-v2,false,.json,_pull/i18n-reflow/Features/de/twitter-header-design-de.json,
pulled-reflow-reference,i18n-reflow,feature,de,video-background-changer,composite-v2,false,.json,_pull/i18n-reflow/Features/de/video-background-changer-de.json,
pulled-reflow-reference,i18n-reflow,feature,de,video-background-remover,composite-v2,false,.json,_pull/i18n-reflow/Features/de/video-background-remover-de.json,
pulled-reflow-reference,i18n-reflow,feature,de,wedding-invitation-design,composite-v2,false,.json,_pull/i18n-reflow/Features/de/wedding-invitation-design-de.json,
pulled-reflow-reference,i18n-reflow,feature,de,wine-label-design,composite-v2,false,.json,_pull/i18n-reflow/Features/de/wine-label-design-de.json,
pulled-reflow-reference,i18n-reflow,feature,de,worksheet-design,composite-v2,false,.json,_pull/i18n-reflow/Features/de/worksheet-design-de.json,
pulled-reflow-reference,i18n-reflow,feature,de,youtube-thumbnail-design,composite-v2,false,.json,_pull/i18n-reflow/Features/de/youtube-thumbnail-design-de.json,
pulled-reflow-reference,i18n-reflow,feature,fr,ai-ad-thumbnail-generator,composite-v2,false,.json,_pull/i18n-reflow/Features/fr/ai-ad-thumbnail-generator-fr.json,
pulled-reflow-reference,i18n-reflow,feature,fr,ai-affiliate-ads-generator,composite-v2,false,.json,_pull/i18n-reflow/Features/fr/ai-affiliate-ads-generator-fr.json,
pulled-reflow-reference,i18n-reflow,feature,fr,ai-avatar-streaming-seedance,composite-v2,false,.json,_pull/i18n-reflow/Features/fr/ai-avatar-streaming-seedance-fr.json,
pulled-reflow-reference,i18n-reflow,feature,fr,ai-background-swap-no-masking,composite-v2,false,.json,_pull/i18n-reflow/Features/fr/ai-background-swap-no-masking-fr.json,
pulled-reflow-reference,i18n-reflow,feature,fr,ai-bakery-menu-maker,composite-v2,false,.json,_pull/i18n-reflow/Features/fr/ai-bakery-menu-maker-fr.json,
pulled-reflow-reference,i18n-reflow,feature,fr,ai-brochure-design-tool,composite-v2,false,.json,_pull/i18n-reflow/Features/fr/ai-brochure-design-tool-fr.json,
pulled-reflow-reference,i18n-reflow,feature,fr,ai-business-card-maker,composite-v2,false,.json,_pull/i18n-reflow/Features/fr/ai-business-card-maker-fr.json,
pulled-reflow-reference,i18n-reflow,feature,fr,ai-carousel-generator,composite-v2,false,.json,_pull/i18n-reflow/Features/fr/ai-carousel-generator-fr.json,
pulled-reflow-reference,i18n-reflow,feature,fr,ai-company-logo-maker,composite-v2,false,.json,_pull/i18n-reflow/Features/fr/ai-company-logo-maker-fr.json,
pulled-reflow-reference,i18n-reflow,feature,fr,ai-coupon-ad-generator,composite-v2,false,.json,_pull/i18n-reflow/Features/fr/ai-coupon-ad-generator-fr.json,
pulled-reflow-reference,i18n-reflow,feature,fr,ai-design-agent-for-freelancers,composite-v2,false,.json,_pull/i18n-reflow/Features/fr/ai-design-agent-for-freelancers-fr.json,
pulled-reflow-reference,i18n-reflow,feature,fr,ai-design-agent,composite-v2,false,.json,_pull/i18n-reflow/Features/fr/ai-design-agent-fr.json,
pulled-reflow-reference,i18n-reflow,feature,fr,ai-design-marketing-agency,composite-v2,false,.json,_pull/i18n-reflow/Features/fr/ai-design-marketing-agency-fr.json,
pulled-reflow-reference,i18n-reflow,feature,fr,ai-facebook-ad-creative-generator,composite-v2,false,.json,_pull/i18n-reflow/Features/fr/ai-facebook-ad-creative-generator-fr.json,
pulled-reflow-reference,i18n-reflow,feature,fr,ai-facebook-poster-generator,composite-v2,false,.json,_pull/i18n-reflow/Features/fr/ai-facebook-poster-generator-fr.json,
pulled-reflow-reference,i18n-reflow,feature,fr,ai-giveaway-poster-generator,composite-v2,false,.json,_pull/i18n-reflow/Features/fr/ai-giveaway-poster-generator-fr.json,
pulled-reflow-reference,i18n-reflow,feature,fr,ai-google-ads-banner-generator,composite-v2,false,.json,_pull/i18n-reflow/Features/fr/ai-google-ads-banner-generator-fr.json,
pulled-reflow-reference,i18n-reflow,feature,fr,ai-illustration-generator-vector-nano-banana,composite-v2,false,.json,_pull/i18n-reflow/Features/fr/ai-illustration-generator-vector-nano-banana-fr.json,
pulled-reflow-reference,i18n-reflow,feature,fr,ai-image-generator,composite-v2,false,.json,_pull/i18n-reflow/Features/fr/ai-image-generator-fr.json,
pulled-reflow-reference,i18n-reflow,feature,fr,ai-image-generator-text-to-image,composite-v2,false,.json,_pull/i18n-reflow/Features/fr/ai-image-generator-text-to-image-fr.json,
pulled-reflow-reference,i18n-reflow,feature,fr,ai-instagram-feed-planner,composite-v2,false,.json,_pull/i18n-reflow/Features/fr/ai-instagram-feed-planner-fr.json,
pulled-reflow-reference,i18n-reflow,feature,fr,ai-instagram-post-generator,composite-v2,false,.json,_pull/i18n-reflow/Features/fr/ai-instagram-post-generator-fr.json,
pulled-reflow-reference,i18n-reflow,feature,fr,ai-instagram-post-maker,composite-v2,false,.json,_pull/i18n-reflow/Features/fr/ai-instagram-post-maker-fr.json,
pulled-reflow-reference,i18n-reflow,feature,fr,ai-instagram-story-layout-generator,composite-v2,false,.json,_pull/i18n-reflow/Features/fr/ai-instagram-story-layout-generator-fr.json,
pulled-reflow-reference,i18n-reflow,feature,fr,ai-linkedin-infographic-generator-b2b,composite-v2,false,.json,_pull/i18n-reflow/Features/fr/ai-linkedin-infographic-generator-b2b-fr.json,
pulled-reflow-reference,i18n-reflow,feature,fr,ai-logo-maker-brand-agent,composite-v2,false,.json,_pull/i18n-reflow/Features/fr/ai-logo-maker-brand-agent-fr.json,
pulled-reflow-reference,i18n-reflow,feature,fr,ai-meta-ads-generator,composite-v2,false,.json,_pull/i18n-reflow/Features/fr/ai-meta-ads-generator-fr.json,
pulled-reflow-reference,i18n-reflow,feature,fr,ai-mockup-generator,composite-v2,false,.json,_pull/i18n-reflow/Features/fr/ai-mockup-generator-fr.json,
pulled-reflow-reference,i18n-reflow,feature,fr,ai-paid-social-ad-generator,composite-v2,false,.json,_pull/i18n-reflow/Features/fr/ai-paid-social-ad-generator-fr.json,
pulled-reflow-reference,i18n-reflow,feature,fr,ai-picture-generator,composite-v2,false,.json,_pull/i18n-reflow/Features/fr/ai-picture-generator-fr.json,
pulled-reflow-reference,i18n-reflow,feature,fr,ai-pinterest-pin-maker,composite-v2,false,.json,_pull/i18n-reflow/Features/fr/ai-pinterest-pin-maker-fr.json,
pulled-reflow-reference,i18n-reflow,feature,fr,ai-poster-design-agent-nano-banana,composite-v2,false,.json,_pull/i18n-reflow/Features/fr/ai-poster-design-agent-nano-banana-fr.json,
pulled-reflow-reference,i18n-reflow,feature,fr,ai-poster-generator-illustration-optimization,composite-v2,false,.json,_pull/i18n-reflow/Features/fr/ai-poster-generator-illustration-optimization-fr.json,
pulled-reflow-reference,i18n-reflow,feature,fr,ai-presentation-slides-generator,composite-v2,false,.json,_pull/i18n-reflow/Features/fr/ai-presentation-slides-generator-fr.json,
pulled-reflow-reference,i18n-reflow,feature,fr,ai-product-catalog-maker,composite-v2,false,.json,_pull/i18n-reflow/Features/fr/ai-product-catalog-maker-fr.json,
pulled-reflow-reference,i18n-reflow,feature,fr,ai-product-display-generator,composite-v2,false,.json,_pull/i18n-reflow/Features/fr/ai-product-display-generator-fr.json,
pulled-reflow-reference,i18n-reflow,feature,fr,ai-product-image-generator,composite-v2,false,.json,_pull/i18n-reflow/Features/fr/ai-product-image-generator-fr.json,
pulled-reflow-reference,i18n-reflow,feature,fr,ai-promotion-landing-page-generator,composite-v2,false,.json,_pull/i18n-reflow/Features/fr/ai-promotion-landing-page-generator-fr.json,
pulled-reflow-reference,i18n-reflow,feature,fr,ai-retargeting-ad-generator,composite-v2,false,.json,_pull/i18n-reflow/Features/fr/ai-retargeting-ad-generator-fr.json,
pulled-reflow-reference,i18n-reflow,feature,fr,ai-short-video-generator,composite-v2,false,.json,_pull/i18n-reflow/Features/fr/ai-short-video-generator-fr.json,
pulled-reflow-reference,i18n-reflow,feature,fr,ai-social-media-content-generator,composite-v2,false,.json,_pull/i18n-reflow/Features/fr/ai-social-media-content-generator-fr.json,
pulled-reflow-reference,i18n-reflow,feature,fr,ai-social-media-post-maker,composite-v2,false,.json,_pull/i18n-reflow/Features/fr/ai-social-media-post-maker-fr.json,
pulled-reflow-reference,i18n-reflow,feature,fr,ai-subscribe-ad-generator,composite-v2,false,.json,_pull/i18n-reflow/Features/fr/ai-subscribe-ad-generator-fr.json,
pulled-reflow-reference,i18n-reflow,feature,fr,ai-subscription-fatigue-utility,composite-v2,false,.json,_pull/i18n-reflow/Features/fr/ai-subscription-fatigue-utility-fr.json,
pulled-reflow-reference,i18n-reflow,feature,fr,ai-text-to-image-generator,composite-v2,false,.json,_pull/i18n-reflow/Features/fr/ai-text-to-image-generator-fr.json,
pulled-reflow-reference,i18n-reflow,feature,fr,ai-tiktok-thumbnail-maker,composite-v2,false,.json,_pull/i18n-reflow/Features/fr/ai-tiktok-thumbnail-maker-fr.json,
pulled-reflow-reference,i18n-reflow,feature,fr,ai-twitter-x-post-generator,composite-v2,false,.json,_pull/i18n-reflow/Features/fr/ai-twitter-x-post-generator-fr.json,
pulled-reflow-reference,i18n-reflow,feature,fr,ai-video-background-remover,composite-v2,false,.json,_pull/i18n-reflow/Features/fr/ai-video-background-remover-fr.json,
pulled-reflow-reference,i18n-reflow,feature,fr,ai-video-generator,composite-v2,false,.json,_pull/i18n-reflow/Features/fr/ai-video-generator-fr.json,
pulled-reflow-reference,i18n-reflow,feature,fr,ai-video-generator-no-templates,composite-v2,false,.json,_pull/i18n-reflow/Features/fr/ai-video-generator-no-templates-fr.json,
pulled-reflow-reference,i18n-reflow,feature,fr,ai-video-generator-text-to-video,composite-v2,false,.json,_pull/i18n-reflow/Features/fr/ai-video-generator-text-to-video-fr.json,
pulled-reflow-reference,i18n-reflow,feature,fr,ai-video-generator-tools,composite-v2,false,.json,_pull/i18n-reflow/Features/fr/ai-video-generator-tools-fr.json,
pulled-reflow-reference,i18n-reflow,feature,fr,ai-video-generator-workflow-by-lovart,composite-v2,false,.json,_pull/i18n-reflow/Features/fr/ai-video-generator-workflow-by-lovart-fr.json,
pulled-reflow-reference,i18n-reflow,feature,fr,ai-video-generator-workflow,composite-v2,false,.json,_pull/i18n-reflow/Features/fr/ai-video-generator-workflow-fr.json,
pulled-reflow-reference,i18n-reflow,feature,fr,ai-video-prompt-generator-veo-sora,composite-v2,false,.json,_pull/i18n-reflow/Features/fr/ai-video-prompt-generator-veo-sora-fr.json,
pulled-reflow-reference,i18n-reflow,feature,fr,ai-youtube-banner-maker,composite-v2,false,.json,_pull/i18n-reflow/Features/fr/ai-youtube-banner-maker-fr.json,
pulled-reflow-reference,i18n-reflow,feature,fr,album-cover-design,composite-v2,false,.json,_pull/i18n-reflow/Features/fr/album-cover-design-fr.json,
pulled-reflow-reference,i18n-reflow,feature,fr,all-in-one-ai-models,composite-v2,false,.json,_pull/i18n-reflow/Features/fr/all-in-one-ai-models-fr.json,
pulled-reflow-reference,i18n-reflow,feature,fr,amazon-listing-design-optimization,composite-v2,false,.json,_pull/i18n-reflow/Features/fr/amazon-listing-design-optimization-fr.json,
pulled-reflow-reference,i18n-reflow,feature,fr,amazon-listing-image-generator,composite-v2,false,.json,_pull/i18n-reflow/Features/fr/amazon-listing-image-generator-fr.json,
pulled-reflow-reference,i18n-reflow,feature,fr,anniversary-card-design,composite-v2,false,.json,_pull/i18n-reflow/Features/fr/anniversary-card-design-fr.json,
pulled-reflow-reference,i18n-reflow,feature,fr,baby-shower-invitation-design,composite-v2,false,.json,_pull/i18n-reflow/Features/fr/baby-shower-invitation-design-fr.json,
pulled-reflow-reference,i18n-reflow,feature,fr,banner-design,composite-v2,false,.json,_pull/i18n-reflow/Features/fr/banner-design-fr.json,
pulled-reflow-reference,i18n-reflow,feature,fr,bar-menu-design,composite-v2,false,.json,_pull/i18n-reflow/Features/fr/bar-menu-design-fr.json,
pulled-reflow-reference,i18n-reflow,feature,fr,best-ai-image-generator-2026,composite-v2,false,.json,_pull/i18n-reflow/Features/fr/best-ai-image-generator-2026-fr.json,
pulled-reflow-reference,i18n-reflow,feature,fr,birthday-invitation-design,composite-v2,false,.json,_pull/i18n-reflow/Features/fr/birthday-invitation-design-fr.json,
pulled-reflow-reference,i18n-reflow,feature,fr,blog-post-to-instagram-ai-repurposing,composite-v2,false,.json,_pull/i18n-reflow/Features/fr/blog-post-to-instagram-ai-repurposing-fr.json,
pulled-reflow-reference,i18n-reflow,feature,fr,book-cover-design,composite-v2,false,.json,_pull/i18n-reflow/Features/fr/book-cover-design-fr.json,
pulled-reflow-reference,i18n-reflow,feature,fr,brand-hashtag-visual-generator,composite-v2,false,.json,_pull/i18n-reflow/Features/fr/brand-hashtag-visual-generator-fr.json,
pulled-reflow-reference,i18n-reflow,feature,fr,brochure-design,composite-v2,,.json,_pull/i18n-reflow/Features/fr/brochure-design-fr.json,
pulled-reflow-reference,i18n-reflow,feature,fr,cafe-menu-design,composite-v2,false,.json,_pull/i18n-reflow/Features/fr/cafe-menu-design-fr.json,
pulled-reflow-reference,i18n-reflow,feature,fr,catering-menu-design,composite-v2,false,.json,_pull/i18n-reflow/Features/fr/catering-menu-design-fr.json,
pulled-reflow-reference,i18n-reflow,feature,fr,certificate-design,composite-v2,false,.json,_pull/i18n-reflow/Features/fr/certificate-design-fr.json,
pulled-reflow-reference,i18n-reflow,feature,fr,change-video-background,composite-v2,false,.json,_pull/i18n-reflow/Features/fr/change-video-background-fr.json,
pulled-reflow-reference,i18n-reflow,feature,fr,chef-business-card-design,composite-v2,false,.json,_pull/i18n-reflow/Features/fr/chef-business-card-design-fr.json,
pulled-reflow-reference,i18n-reflow,feature,fr,classroom-poster-design,composite-v2,false,.json,_pull/i18n-reflow/Features/fr/classroom-poster-design-fr.json,
pulled-reflow-reference,i18n-reflow,feature,fr,company-brochure-design,composite-v2,false,.json,_pull/i18n-reflow/Features/fr/company-brochure-design-fr.json,
pulled-reflow-reference,i18n-reflow,feature,fr,concert-poster-design,composite-v2,false,.json,_pull/i18n-reflow/Features/fr/concert-poster-design-fr.json,
pulled-reflow-reference,i18n-reflow,feature,fr,course-material-design,composite-v2,false,.json,_pull/i18n-reflow/Features/fr/course-material-design-fr.json,
pulled-reflow-reference,i18n-reflow,feature,fr,create-editable-brand-kit-ai-agent,composite-v2,false,.json,_pull/i18n-reflow/Features/fr/create-editable-brand-kit-ai-agent-fr.json,
pulled-reflow-reference,i18n-reflow,feature,fr,create-mockups-with-brand-kit-ai,composite-v2,false,.json,_pull/i18n-reflow/Features/fr/create-mockups-with-brand-kit-ai-fr.json,
pulled-reflow-reference,i18n-reflow,feature,fr,custom-business-flyer-design,composite-v2,false,.json,_pull/i18n-reflow/Features/fr/custom-business-flyer-design-fr.json,
pulled-reflow-reference,i18n-reflow,feature,fr,cv-template-design,composite-v2,false,.json,_pull/i18n-reflow/Features/fr/cv-template-design-fr.json,
pulled-reflow-reference,i18n-reflow,feature,fr,design-viral-youtube-thumbnails-ai-by-lovart,composite-v2,false,.json,_pull/i18n-reflow/Features/fr/design-viral-youtube-thumbnails-ai-by-lovart-fr.json,
pulled-reflow-reference,i18n-reflow,feature,fr,design-viral-youtube-thumbnails-ai,composite-v2,false,.json,_pull/i18n-reflow/Features/fr/design-viral-youtube-thumbnails-ai-fr.json,
pulled-reflow-reference,i18n-reflow,feature,fr,diploma-design,composite-v2,false,.json,_pull/i18n-reflow/Features/fr/diploma-design-fr.json,
pulled-reflow-reference,i18n-reflow,feature,fr,discount-banner-design,composite-v2,false,.json,_pull/i18n-reflow/Features/fr/discount-banner-design-fr.json,
pulled-reflow-reference,i18n-reflow,feature,fr,e-learning-banner-design,composite-v2,false,.json,_pull/i18n-reflow/Features/fr/e-learning-banner-design-fr.json,
pulled-reflow-reference,i18n-reflow,feature,fr,ecommerce-banner-design,composite-v2,false,.json,_pull/i18n-reflow/Features/fr/ecommerce-banner-design-fr.json,
pulled-reflow-reference,i18n-reflow,feature,fr,edit-ai-generated-images,composite-v2,false,.json,_pull/i18n-reflow/Features/fr/edit-ai-generated-images-fr.json,
pulled-reflow-reference,i18n-reflow,feature,fr,engagement-invitation-design,composite-v2,false,.json,_pull/i18n-reflow/Features/fr/engagement-invitation-design-fr.json,
pulled-reflow-reference,i18n-reflow,feature,fr,event-poster-maker,composite-v2,false,.json,_pull/i18n-reflow/Features/fr/event-poster-maker-fr.json,
pulled-reflow-reference,i18n-reflow,feature,fr,event-program-design,composite-v2,false,.json,_pull/i18n-reflow/Features/fr/event-program-design-fr.json,
pulled-reflow-reference,i18n-reflow,feature,fr,facebook-cover-design,composite-v2,false,.json,_pull/i18n-reflow/Features/fr/facebook-cover-design-fr.json,
pulled-reflow-reference,i18n-reflow,feature,fr,facebook-post-template-generator,composite-v2,false,.json,_pull/i18n-reflow/Features/fr/facebook-post-template-generator-fr.json,
pulled-reflow-reference,i18n-reflow,feature,fr,festival-banner-design,composite-v2,false,.json,_pull/i18n-reflow/Features/fr/festival-banner-design-fr.json,
pulled-reflow-reference,i18n-reflow,feature,fr,flyer-design,composite-v2,false,.json,_pull/i18n-reflow/Features/fr/flyer-design-fr.json,
pulled-reflow-reference,i18n-reflow,feature,fr,food-banner-design,composite-v2,false,.json,_pull/i18n-reflow/Features/fr/food-banner-design-fr.json,
pulled-reflow-reference,i18n-reflow,feature,fr,food-blog-header-design,composite-v2,false,.json,_pull/i18n-reflow/Features/fr/food-blog-header-design-fr.json,
pulled-reflow-reference,i18n-reflow,feature,fr,food-delivery-app-design,composite-v2,false,.json,_pull/i18n-reflow/Features/fr/food-delivery-app-design-fr.json,
pulled-reflow-reference,i18n-reflow,feature,fr,food-festival-poster-design,composite-v2,false,.json,_pull/i18n-reflow/Features/fr/food-festival-poster-design-fr.json,
pulled-reflow-reference,i18n-reflow,feature,fr,food-flyer-design,composite-v2,false,.json,_pull/i18n-reflow/Features/fr/food-flyer-design-fr.json,
pulled-reflow-reference,i18n-reflow,feature,fr,food-packaging-design,composite-v2,false,.json,_pull/i18n-reflow/Features/fr/food-packaging-design-fr.json,
pulled-reflow-reference,i18n-reflow,feature,fr,food-photography-layout-design,composite-v2,false,.json,_pull/i18n-reflow/Features/fr/food-photography-layout-design-fr.json,
pulled-reflow-reference,i18n-reflow,feature,fr,food-poster-design,composite-v2,false,.json,_pull/i18n-reflow/Features/fr/food-poster-design-fr.json,
pulled-reflow-reference,i18n-reflow,feature,fr,food-recipe-card-design,composite-v2,false,.json,_pull/i18n-reflow/Features/fr/food-recipe-card-design-fr.json,
pulled-reflow-reference,i18n-reflow,feature,fr,food-social-media-design,composite-v2,false,.json,_pull/i18n-reflow/Features/fr/food-social-media-design-fr.json,
pulled-reflow-reference,i18n-reflow,feature,fr,food-truck-menu-design,composite-v2,false,.json,_pull/i18n-reflow/Features/fr/food-truck-menu-design-fr.json,
pulled-reflow-reference,i18n-reflow,feature,fr,food-truck-wrap-design,composite-v2,false,.json,_pull/i18n-reflow/Features/fr/food-truck-wrap-design-fr.json,
pulled-reflow-reference,i18n-reflow,feature,fr,free-online-tool,composite-v2,false,.json,_pull/i18n-reflow/Features/fr/free-online-tool-fr.json,
pulled-reflow-reference,i18n-reflow,feature,fr,gpt-image-generator-ai,composite-v2,false,.json,_pull/i18n-reflow/Features/fr/gpt-image-generator-ai-fr.json,
pulled-reflow-reference,i18n-reflow,feature,fr,graduation-invitation-design,composite-v2,false,.json,_pull/i18n-reflow/Features/fr/graduation-invitation-design-fr.json,
pulled-reflow-reference,i18n-reflow,feature,fr,graphic-design,composite-v2,false,.json,_pull/i18n-reflow/Features/fr/graphic-design-fr.json,
pulled-reflow-reference,i18n-reflow,feature,fr,infinite-chatcanvas-ai-collaboration,composite-v2,false,.json,_pull/i18n-reflow/Features/fr/infinite-chatcanvas-ai-collaboration-fr.json,
pulled-reflow-reference,i18n-reflow,feature,fr,infographic-design,composite-v2,false,.json,_pull/i18n-reflow/Features/fr/infographic-design-fr.json,
pulled-reflow-reference,i18n-reflow,feature,fr,instagram-highlight-cover-design,composite-v2,false,.json,_pull/i18n-reflow/Features/fr/instagram-highlight-cover-design-fr.json,
pulled-reflow-reference,i18n-reflow,feature,fr,instagram-story-design,composite-v2,false,.json,_pull/i18n-reflow/Features/fr/instagram-story-design-fr.json,
pulled-reflow-reference,i18n-reflow,feature,fr,instagram-story-maker,composite-v2,false,.json,_pull/i18n-reflow/Features/fr/instagram-story-maker-fr.json,
pulled-reflow-reference,i18n-reflow,feature,fr,launch-event-landing-page-generator,composite-v2,false,.json,_pull/i18n-reflow/Features/fr/launch-event-landing-page-generator-fr.json,
pulled-reflow-reference,i18n-reflow,feature,fr,leonardo-ai-alternative,composite-v2,false,.json,_pull/i18n-reflow/Features/fr/leonardo-ai-alternative-fr.json,
pulled-reflow-reference,i18n-reflow,feature,fr,lesson-plan-design,composite-v2,false,.json,_pull/i18n-reflow/Features/fr/lesson-plan-design-fr.json,
pulled-reflow-reference,i18n-reflow,feature,fr,linkedin-ads-generator,composite-v2,false,.json,_pull/i18n-reflow/Features/fr/linkedin-ads-generator-fr.json,
pulled-reflow-reference,i18n-reflow,feature,fr,linkedin-banner-design-ai-generator-by-lovart,composite-v2,false,.json,_pull/i18n-reflow/Features/fr/linkedin-banner-design-ai-generator-by-lovart-fr.json,
pulled-reflow-reference,i18n-reflow,feature,fr,linkedin-banner-design-ai-generator,composite-v2,false,.json,_pull/i18n-reflow/Features/fr/linkedin-banner-design-ai-generator-fr.json,
pulled-reflow-reference,i18n-reflow,feature,fr,linkedin-banner-design,composite-v2,false,.json,_pull/i18n-reflow/Features/fr/linkedin-banner-design-fr.json,
pulled-reflow-reference,i18n-reflow,feature,fr,linkedin-spotlight-ads-generator,composite-v2,false,.json,_pull/i18n-reflow/Features/fr/linkedin-spotlight-ads-generator-fr.json,
pulled-reflow-reference,i18n-reflow,feature,fr,magazine-layout-design,composite-v2,false,.json,_pull/i18n-reflow/Features/fr/magazine-layout-design-fr.json,
pulled-reflow-reference,i18n-reflow,feature,fr,mood-board-creation,composite-v2,false,.json,_pull/i18n-reflow/Features/fr/mood-board-creation-fr.json,
pulled-reflow-reference,i18n-reflow,feature,fr,nano-banana-ai-model,composite-v2,false,.json,_pull/i18n-reflow/Features/fr/nano-banana-ai-model-fr.json,
pulled-reflow-reference,i18n-reflow,feature,fr,nano-banana-best-practices,composite-v2,false,.json,_pull/i18n-reflow/Features/fr/nano-banana-best-practices-fr.json,
pulled-reflow-reference,i18n-reflow,feature,fr,nano-banana-case-studies,composite-v2,false,.json,_pull/i18n-reflow/Features/fr/nano-banana-case-studies-fr.json,
pulled-reflow-reference,i18n-reflow,feature,fr,nano-banana-concept-art-workflow,composite-v2,false,.json,_pull/i18n-reflow/Features/fr/nano-banana-concept-art-workflow-fr.json,
pulled-reflow-reference,i18n-reflow,feature,fr,nano-banana-creative-brainstorming,composite-v2,false,.json,_pull/i18n-reflow/Features/fr/nano-banana-creative-brainstorming-fr.json,
pulled-reflow-reference,i18n-reflow,feature,fr,nano-banana-digital-art-creation,composite-v2,false,.json,_pull/i18n-reflow/Features/fr/nano-banana-digital-art-creation-fr.json,
pulled-reflow-reference,i18n-reflow,feature,fr,nano-banana-educational-materials,composite-v2,false,.json,_pull/i18n-reflow/Features/fr/nano-banana-educational-materials-fr.json,
pulled-reflow-reference,i18n-reflow,feature,fr,nano-banana-graphic-design-workflow,composite-v2,false,.json,_pull/i18n-reflow/Features/fr/nano-banana-graphic-design-workflow-fr.json,
pulled-reflow-reference,i18n-reflow,feature,fr,nano-banana-illustration-projects,composite-v2,false,.json,_pull/i18n-reflow/Features/fr/nano-banana-illustration-projects-fr.json,
pulled-reflow-reference,i18n-reflow,feature,fr,nano-banana-infographic-design,composite-v2,false,.json,_pull/i18n-reflow/Features/fr/nano-banana-infographic-design-fr.json,
pulled-reflow-reference,i18n-reflow,feature,fr,nano-banana-marketing-visuals,composite-v2,false,.json,_pull/i18n-reflow/Features/fr/nano-banana-marketing-visuals-fr.json,
pulled-reflow-reference,i18n-reflow,feature,fr,nano-banana-presentation-slides,composite-v2,false,.json,_pull/i18n-reflow/Features/fr/nano-banana-presentation-slides-fr.json,
pulled-reflow-reference,i18n-reflow,feature,fr,nano-banana-product-photography,composite-v2,false,.json,_pull/i18n-reflow/Features/fr/nano-banana-product-photography-fr.json,
pulled-reflow-reference,i18n-reflow,feature,fr,nano-banana-social-media-graphics,composite-v2,false,.json,_pull/i18n-reflow/Features/fr/nano-banana-social-media-graphics-fr.json,
pulled-reflow-reference,i18n-reflow,feature,fr,nano-banana-website-graphics,composite-v2,false,.json,_pull/i18n-reflow/Features/fr/nano-banana-website-graphics-fr.json,
pulled-reflow-reference,i18n-reflow,feature,fr,nano-banana-workflow-optimization,composite-v2,false,.json,_pull/i18n-reflow/Features/fr/nano-banana-workflow-optimization-fr.json,
pulled-reflow-reference,i18n-reflow,feature,fr,nano-banana-youtube-thumbnails,composite-v2,false,.json,_pull/i18n-reflow/Features/fr/nano-banana-youtube-thumbnails-fr.json,
pulled-reflow-reference,i18n-reflow,feature,fr,no-template-popup-ads,composite-v2,false,.json,_pull/i18n-reflow/Features/fr/no-template-popup-ads-fr.json,
pulled-reflow-reference,i18n-reflow,feature,fr,no-template-popup-ads-generator,composite-v2,false,.json,_pull/i18n-reflow/Features/fr/no-template-popup-ads-generator-fr.json,
pulled-reflow-reference,i18n-reflow,feature,fr,nutrition-label-design,composite-v2,false,.json,_pull/i18n-reflow/Features/fr/nutrition-label-design-fr.json,
pulled-reflow-reference,i18n-reflow,feature,fr,online-multimodal-ai-creator-seedance,composite-v2,false,.json,_pull/i18n-reflow/Features/fr/online-multimodal-ai-creator-seedance-fr.json,
pulled-reflow-reference,i18n-reflow,feature,fr,online-store-graphics-design,composite-v2,false,.json,_pull/i18n-reflow/Features/fr/online-store-graphics-design-fr.json,
pulled-reflow-reference,i18n-reflow,feature,fr,overcome-blank-canvas-syndrome,composite-v2,false,.json,_pull/i18n-reflow/Features/fr/overcome-blank-canvas-syndrome-fr.json,
pulled-reflow-reference,i18n-reflow,feature,fr,party-flyer-design,composite-v2,false,.json,_pull/i18n-reflow/Features/fr/party-flyer-design-fr.json,
pulled-reflow-reference,i18n-reflow,feature,fr,pinterest-pin-design,composite-v2,false,.json,_pull/i18n-reflow/Features/fr/pinterest-pin-design-fr.json,
pulled-reflow-reference,i18n-reflow,feature,fr,pixel-pusher-to-creative-director,composite-v2,false,.json,_pull/i18n-reflow/Features/fr/pixel-pusher-to-creative-director-fr.json,
pulled-reflow-reference,i18n-reflow,feature,fr,pizza-menu-design,composite-v2,false,.json,_pull/i18n-reflow/Features/fr/pizza-menu-design-fr.json,
pulled-reflow-reference,i18n-reflow,feature,fr,portfolio-design,composite-v2,false,.json,_pull/i18n-reflow/Features/fr/portfolio-design-fr.json,
pulled-reflow-reference,i18n-reflow,feature,fr,poster-design,composite-v2,false,.json,_pull/i18n-reflow/Features/fr/poster-design-fr.json,
pulled-reflow-reference,i18n-reflow,feature,fr,price-list-design,composite-v2,false,.json,_pull/i18n-reflow/Features/fr/price-list-design-fr.json,
pulled-reflow-reference,i18n-reflow,feature,fr,product-catalog-design,composite-v2,false,.json,_pull/i18n-reflow/Features/fr/product-catalog-design-fr.json,
pulled-reflow-reference,i18n-reflow,feature,fr,product-packaging-design,composite-v2,false,.json,_pull/i18n-reflow/Features/fr/product-packaging-design-fr.json,
pulled-reflow-reference,i18n-reflow,feature,fr,professional-corporate-presentation-design,composite-v2,false,.json,_pull/i18n-reflow/Features/fr/professional-corporate-presentation-design-fr.json,
pulled-reflow-reference,i18n-reflow,feature,fr,professional-resume-design,composite-v2,false,.json,_pull/i18n-reflow/Features/fr/professional-resume-design-fr.json,
pulled-reflow-reference,i18n-reflow,feature,fr,promotional-flyer-design,composite-v2,false,.json,_pull/i18n-reflow/Features/fr/promotional-flyer-design-fr.json,
pulled-reflow-reference,i18n-reflow,feature,fr,property-brochure-design,composite-v2,false,.json,_pull/i18n-reflow/Features/fr/property-brochure-design-fr.json,
pulled-reflow-reference,i18n-reflow,feature,fr,property-listing-design,composite-v2,false,.json,_pull/i18n-reflow/Features/fr/property-listing-design-fr.json,
pulled-reflow-reference,i18n-reflow,feature,fr,property-report-design,composite-v2,false,.json,_pull/i18n-reflow/Features/fr/property-report-design-fr.json,
pulled-reflow-reference,i18n-reflow,feature,fr,rapid-poster-ai-creation,composite-v2,false,.json,_pull/i18n-reflow/Features/fr/rapid-poster-ai-creation-fr.json,
pulled-reflow-reference,i18n-reflow,feature,fr,real-estate-banner-design,composite-v2,false,.json,_pull/i18n-reflow/Features/fr/real-estate-banner-design-fr.json,
pulled-reflow-reference,i18n-reflow,feature,fr,real-estate-business-card-design,composite-v2,false,.json,_pull/i18n-reflow/Features/fr/real-estate-business-card-design-fr.json,
pulled-reflow-reference,i18n-reflow,feature,fr,real-estate-flyer-design,composite-v2,false,.json,_pull/i18n-reflow/Features/fr/real-estate-flyer-design-fr.json,
pulled-reflow-reference,i18n-reflow,feature,fr,real-estate-logo-design,composite-v2,false,.json,_pull/i18n-reflow/Features/fr/real-estate-logo-design-fr.json,
pulled-reflow-reference,i18n-reflow,feature,fr,real-estate-newsletter-design,composite-v2,false,.json,_pull/i18n-reflow/Features/fr/real-estate-newsletter-design-fr.json,
pulled-reflow-reference,i18n-reflow,feature,fr,real-estate-postcard-design,composite-v2,false,.json,_pull/i18n-reflow/Features/fr/real-estate-postcard-design-fr.json,
pulled-reflow-reference,i18n-reflow,feature,fr,real-estate-sign-design,composite-v2,false,.json,_pull/i18n-reflow/Features/fr/real-estate-sign-design-fr.json,
pulled-reflow-reference,i18n-reflow,feature,fr,remove-video-background,composite-v2,false,.json,_pull/i18n-reflow/Features/fr/remove-video-background-fr.json,
pulled-reflow-reference,i18n-reflow,feature,fr,restaurant_menu_design,composite-v2,false,.json,_pull/i18n-reflow/Features/fr/restaurant_menu_design-fr.json,
pulled-reflow-reference,i18n-reflow,feature,fr,restaurant-brochure-design,composite-v2,false,.json,_pull/i18n-reflow/Features/fr/restaurant-brochure-design-fr.json,
pulled-reflow-reference,i18n-reflow,feature,fr,restaurant-business-card-design,composite-v2,false,.json,_pull/i18n-reflow/Features/fr/restaurant-business-card-design-fr.json,
pulled-reflow-reference,i18n-reflow,feature,fr,restaurant-coupon-design,composite-v2,false,.json,_pull/i18n-reflow/Features/fr/restaurant-coupon-design-fr.json,
pulled-reflow-reference,i18n-reflow,feature,fr,restaurant-door-hanger-design,composite-v2,false,.json,_pull/i18n-reflow/Features/fr/restaurant-door-hanger-design-fr.json,
pulled-reflow-reference,i18n-reflow,feature,fr,restaurant-email-template-design,composite-v2,false,.json,_pull/i18n-reflow/Features/fr/restaurant-email-template-design-fr.json,
pulled-reflow-reference,i18n-reflow,feature,fr,restaurant-gift-card-design,composite-v2,false,.json,_pull/i18n-reflow/Features/fr/restaurant-gift-card-design-fr.json,
pulled-reflow-reference,i18n-reflow,feature,fr,restaurant-logo-design,composite-v2,false,.json,_pull/i18n-reflow/Features/fr/restaurant-logo-design-fr.json,
pulled-reflow-reference,i18n-reflow,feature,fr,restaurant-loyalty-card-design,composite-v2,false,.json,_pull/i18n-reflow/Features/fr/restaurant-loyalty-card-design-fr.json,
pulled-reflow-reference,i18n-reflow,feature,fr,restaurant-menu-design,composite-v2,false,.json,_pull/i18n-reflow/Features/fr/restaurant-menu-design-fr.json,
pulled-reflow-reference,i18n-reflow,feature,fr,restaurant-table-tent-design,composite-v2,false,.json,_pull/i18n-reflow/Features/fr/restaurant-table-tent-design-fr.json,
pulled-reflow-reference,i18n-reflow,feature,fr,seamless-carousel-post-visual-storytelling,composite-v2,false,.json,_pull/i18n-reflow/Features/fr/seamless-carousel-post-visual-storytelling-fr.json,
pulled-reflow-reference,i18n-reflow,feature,fr,secure-student-id-card-design,composite-v2,false,.json,_pull/i18n-reflow/Features/fr/secure-student-id-card-design-fr.json,
pulled-reflow-reference,i18n-reflow,feature,fr,seedance-2-0-ai-video-generator,composite-v2,false,.json,_pull/i18n-reflow/Features/fr/seedance-2-0-ai-video-generator-fr.json,
pulled-reflow-reference,i18n-reflow,feature,fr,seedance-2-ai-video-generator-agent,composite-v2,false,.json,_pull/i18n-reflow/Features/fr/seedance-2-ai-video-generator-agent-fr.json,
pulled-reflow-reference,i18n-reflow,feature,fr,seedance-ai-ad-creatives,composite-v2,false,.json,_pull/i18n-reflow/Features/fr/seedance-ai-ad-creatives-fr.json,
pulled-reflow-reference,i18n-reflow,feature,fr,seedance-ai-video-generator,composite-v2,false,.json,_pull/i18n-reflow/Features/fr/seedance-ai-video-generator-fr.json,
pulled-reflow-reference,i18n-reflow,feature,fr,seedance-batch-creative-production,composite-v2,false,.json,_pull/i18n-reflow/Features/fr/seedance-batch-creative-production-fr.json,
pulled-reflow-reference,i18n-reflow,feature,fr,seedance-text-to-video-ai,composite-v2,false,.json,_pull/i18n-reflow/Features/fr/seedance-text-to-video-ai-fr.json,
pulled-reflow-reference,i18n-reflow,feature,fr,shopify-banner-design,composite-v2,false,.json,_pull/i18n-reflow/Features/fr/shopify-banner-design-fr.json,
pulled-reflow-reference,i18n-reflow,feature,fr,social-media-post-design,composite-v2,false,.json,_pull/i18n-reflow/Features/fr/social-media-post-design-fr.json,
pulled-reflow-reference,i18n-reflow,feature,fr,startup-logo-design,composite-v2,false,.json,_pull/i18n-reflow/Features/fr/startup-logo-design-fr.json,
pulled-reflow-reference,i18n-reflow,feature,fr,text-image-to-video-seedance,composite-v2,false,.json,_pull/i18n-reflow/Features/fr/text-image-to-video-seedance-fr.json,
pulled-reflow-reference,i18n-reflow,feature,fr,text-to-video-ai,composite-v2,false,.json,_pull/i18n-reflow/Features/fr/text-to-video-ai-fr.json,
pulled-reflow-reference,i18n-reflow,feature,fr,text-to-video-ai-generator-veo3,composite-v2,false,.json,_pull/i18n-reflow/Features/fr/text-to-video-ai-generator-veo3-fr.json,
pulled-reflow-reference,i18n-reflow,feature,fr,textbook-cover-design,composite-v2,false,.json,_pull/i18n-reflow/Features/fr/textbook-cover-design-fr.json,
pulled-reflow-reference,i18n-reflow,feature,fr,tiktok-video-cover-design,composite-v2,false,.json,_pull/i18n-reflow/Features/fr/tiktok-video-cover-design-fr.json,
pulled-reflow-reference,i18n-reflow,feature,fr,touch-edit-ai,composite-v2,false,.json,_pull/i18n-reflow/Features/fr/touch-edit-ai-fr.json,
pulled-reflow-reference,i18n-reflow,feature,fr,twitter-header-design,composite-v2,false,.json,_pull/i18n-reflow/Features/fr/twitter-header-design-fr.json,
pulled-reflow-reference,i18n-reflow,feature,fr,video-background-changer,composite-v2,false,.json,_pull/i18n-reflow/Features/fr/video-background-changer-fr.json,
pulled-reflow-reference,i18n-reflow,feature,fr,video-background-remover,composite-v2,false,.json,_pull/i18n-reflow/Features/fr/video-background-remover-fr.json,
pulled-reflow-reference,i18n-reflow,feature,fr,wedding-invitation-design,composite-v2,false,.json,_pull/i18n-reflow/Features/fr/wedding-invitation-design-fr.json,
pulled-reflow-reference,i18n-reflow,feature,fr,wine-label-design,composite-v2,false,.json,_pull/i18n-reflow/Features/fr/wine-label-design-fr.json,
pulled-reflow-reference,i18n-reflow,feature,fr,worksheet-design,composite-v2,false,.json,_pull/i18n-reflow/Features/fr/worksheet-design-fr.json,
pulled-reflow-reference,i18n-reflow,feature,fr,youtube-thumbnail-design,composite-v2,false,.json,_pull/i18n-reflow/Features/fr/youtube-thumbnail-design-fr.json,
pulled-reflow-reference,i18n-reflow,feature,it,ai-ad-thumbnail-generator,composite-v2,false,.json,_pull/i18n-reflow/Features/it/ai-ad-thumbnail-generator-it.json,
pulled-reflow-reference,i18n-reflow,feature,it,ai-affiliate-ads-generator,composite-v2,false,.json,_pull/i18n-reflow/Features/it/ai-affiliate-ads-generator-it.json,
pulled-reflow-reference,i18n-reflow,feature,it,ai-avatar-streaming-seedance,composite-v2,false,.json,_pull/i18n-reflow/Features/it/ai-avatar-streaming-seedance-it.json,
pulled-reflow-reference,i18n-reflow,feature,it,ai-background-swap-no-masking,composite-v2,false,.json,_pull/i18n-reflow/Features/it/ai-background-swap-no-masking-it.json,
pulled-reflow-reference,i18n-reflow,feature,it,ai-bakery-menu-maker,composite-v2,false,.json,_pull/i18n-reflow/Features/it/ai-bakery-menu-maker-it.json,
pulled-reflow-reference,i18n-reflow,feature,it,ai-brochure-design-tool,composite-v2,false,.json,_pull/i18n-reflow/Features/it/ai-brochure-design-tool-it.json,
pulled-reflow-reference,i18n-reflow,feature,it,ai-business-card-maker,composite-v2,false,.json,_pull/i18n-reflow/Features/it/ai-business-card-maker-it.json,
pulled-reflow-reference,i18n-reflow,feature,it,ai-carousel-generator,composite-v2,false,.json,_pull/i18n-reflow/Features/it/ai-carousel-generator-it.json,
pulled-reflow-reference,i18n-reflow,feature,it,ai-company-logo-maker,composite-v2,false,.json,_pull/i18n-reflow/Features/it/ai-company-logo-maker-it.json,
pulled-reflow-reference,i18n-reflow,feature,it,ai-coupon-ad-generator,composite-v2,false,.json,_pull/i18n-reflow/Features/it/ai-coupon-ad-generator-it.json,
pulled-reflow-reference,i18n-reflow,feature,it,ai-design-agent,composite-v2,false,.json,_pull/i18n-reflow/Features/it/ai-design-agent-it.json,
pulled-reflow-reference,i18n-reflow,feature,it,ai-facebook-poster-generator,composite-v2,false,.json,_pull/i18n-reflow/Features/it/ai-facebook-poster-generator-it.json,
pulled-reflow-reference,i18n-reflow,feature,it,ai-giveaway-poster-generator,composite-v2,false,.json,_pull/i18n-reflow/Features/it/ai-giveaway-poster-generator-it.json,
pulled-reflow-reference,i18n-reflow,feature,it,ai-google-ads-banner-generator,composite-v2,false,.json,_pull/i18n-reflow/Features/it/ai-google-ads-banner-generator-it.json,
pulled-reflow-reference,i18n-reflow,feature,it,ai-illustration-generator-vector-nano-banana,composite-v2,false,.json,_pull/i18n-reflow/Features/it/ai-illustration-generator-vector-nano-banana-it.json,
pulled-reflow-reference,i18n-reflow,feature,it,ai-image-generator-text-to-image,composite-v2,false,.json,_pull/i18n-reflow/Features/it/ai-image-generator-text-to-image-it.json,
pulled-reflow-reference,i18n-reflow,feature,it,ai-instagram-feed-planner,composite-v2,false,.json,_pull/i18n-reflow/Features/it/ai-instagram-feed-planner-it.json,
pulled-reflow-reference,i18n-reflow,feature,it,ai-instagram-post-generator,composite-v2,false,.json,_pull/i18n-reflow/Features/it/ai-instagram-post-generator-it.json,
pulled-reflow-reference,i18n-reflow,feature,it,ai-instagram-story-layout-generator,composite-v2,false,.json,_pull/i18n-reflow/Features/it/ai-instagram-story-layout-generator-it.json,
pulled-reflow-reference,i18n-reflow,feature,it,ai-linkedin-infographic-generator-b2b,composite-v2,false,.json,_pull/i18n-reflow/Features/it/ai-linkedin-infographic-generator-b2b-it.json,
pulled-reflow-reference,i18n-reflow,feature,it,ai-logo-maker-brand-agent,composite-v2,false,.json,_pull/i18n-reflow/Features/it/ai-logo-maker-brand-agent-it.json,
pulled-reflow-reference,i18n-reflow,feature,it,ai-meta-ads-generator,composite-v2,false,.json,_pull/i18n-reflow/Features/it/ai-meta-ads-generator-it.json,
pulled-reflow-reference,i18n-reflow,feature,it,ai-mockup-generator,composite-v2,false,.json,_pull/i18n-reflow/Features/it/ai-mockup-generator-it.json,
pulled-reflow-reference,i18n-reflow,feature,it,ai-paid-social-ad-generator,composite-v2,false,.json,_pull/i18n-reflow/Features/it/ai-paid-social-ad-generator-it.json,
pulled-reflow-reference,i18n-reflow,feature,it,ai-picture-generator,composite-v2,false,.json,_pull/i18n-reflow/Features/it/ai-picture-generator-it.json,
pulled-reflow-reference,i18n-reflow,feature,it,ai-pinterest-pin-maker,composite-v2,false,.json,_pull/i18n-reflow/Features/it/ai-pinterest-pin-maker-it.json,
pulled-reflow-reference,i18n-reflow,feature,it,ai-poster-design-agent-nano-banana,composite-v2,false,.json,_pull/i18n-reflow/Features/it/ai-poster-design-agent-nano-banana-it.json,
pulled-reflow-reference,i18n-reflow,feature,it,ai-poster-generator-illustration-optimization,composite-v2,false,.json,_pull/i18n-reflow/Features/it/ai-poster-generator-illustration-optimization-it.json,
pulled-reflow-reference,i18n-reflow,feature,it,ai-product-display-generator,composite-v2,false,.json,_pull/i18n-reflow/Features/it/ai-product-display-generator-it.json,
pulled-reflow-reference,i18n-reflow,feature,it,ai-product-image-generator,composite-v2,false,.json,_pull/i18n-reflow/Features/it/ai-product-image-generator-it.json,
pulled-reflow-reference,i18n-reflow,feature,it,ai-promotion-landing-page-generator,composite-v2,false,.json,_pull/i18n-reflow/Features/it/ai-promotion-landing-page-generator-it.json,
pulled-reflow-reference,i18n-reflow,feature,it,ai-retargeting-ad-generator,composite-v2,false,.json,_pull/i18n-reflow/Features/it/ai-retargeting-ad-generator-it.json,
pulled-reflow-reference,i18n-reflow,feature,it,ai-short-video-generator,composite-v2,false,.json,_pull/i18n-reflow/Features/it/ai-short-video-generator-it.json,
pulled-reflow-reference,i18n-reflow,feature,it,ai-social-media-content-generator,composite-v2,false,.json,_pull/i18n-reflow/Features/it/ai-social-media-content-generator-it.json,
pulled-reflow-reference,i18n-reflow,feature,it,ai-social-media-post-maker,composite-v2,false,.json,_pull/i18n-reflow/Features/it/ai-social-media-post-maker-it.json,
pulled-reflow-reference,i18n-reflow,feature,it,ai-subscribe-ad-generator,composite-v2,false,.json,_pull/i18n-reflow/Features/it/ai-subscribe-ad-generator-it.json,
pulled-reflow-reference,i18n-reflow,feature,it,ai-subscription-fatigue-utility,composite-v2,false,.json,_pull/i18n-reflow/Features/it/ai-subscription-fatigue-utility-it.json,
pulled-reflow-reference,i18n-reflow,feature,it,ai-text-to-image-generator,composite-v2,false,.json,_pull/i18n-reflow/Features/it/ai-text-to-image-generator-it.json,
pulled-reflow-reference,i18n-reflow,feature,it,ai-tiktok-thumbnail-maker,composite-v2,false,.json,_pull/i18n-reflow/Features/it/ai-tiktok-thumbnail-maker-it.json,
pulled-reflow-reference,i18n-reflow,feature,it,ai-twitter-x-post-generator,composite-v2,false,.json,_pull/i18n-reflow/Features/it/ai-twitter-x-post-generator-it.json,
pulled-reflow-reference,i18n-reflow,feature,it,ai-video-background-remover,composite-v2,false,.json,_pull/i18n-reflow/Features/it/ai-video-background-remover-it.json,
pulled-reflow-reference,i18n-reflow,feature,it,ai-video-generator,composite-v2,false,.json,_pull/i18n-reflow/Features/it/ai-video-generator-it.json,
pulled-reflow-reference,i18n-reflow,feature,it,ai-video-generator-no-templates,composite-v2,false,.json,_pull/i18n-reflow/Features/it/ai-video-generator-no-templates-it.json,
pulled-reflow-reference,i18n-reflow,feature,it,ai-video-generator-text-to-video,composite-v2,false,.json,_pull/i18n-reflow/Features/it/ai-video-generator-text-to-video-it.json,
pulled-reflow-reference,i18n-reflow,feature,it,ai-video-generator-tools,composite-v2,false,.json,_pull/i18n-reflow/Features/it/ai-video-generator-tools-it.json,
pulled-reflow-reference,i18n-reflow,feature,it,ai-video-generator-workflow-by-lovart,composite-v2,false,.json,_pull/i18n-reflow/Features/it/ai-video-generator-workflow-by-lovart-it.json,
pulled-reflow-reference,i18n-reflow,feature,it,ai-video-generator-workflow,composite-v2,false,.json,_pull/i18n-reflow/Features/it/ai-video-generator-workflow-it.json,
pulled-reflow-reference,i18n-reflow,feature,it,ai-video-prompt-generator-veo-sora,composite-v2,false,.json,_pull/i18n-reflow/Features/it/ai-video-prompt-generator-veo-sora-it.json,
pulled-reflow-reference,i18n-reflow,feature,it,ai-youtube-banner-maker,composite-v2,false,.json,_pull/i18n-reflow/Features/it/ai-youtube-banner-maker-it.json,
pulled-reflow-reference,i18n-reflow,feature,it,album-cover-design,composite-v2,false,.json,_pull/i18n-reflow/Features/it/album-cover-design-it.json,
pulled-reflow-reference,i18n-reflow,feature,it,all-in-one-ai-models,composite-v2,false,.json,_pull/i18n-reflow/Features/it/all-in-one-ai-models-it.json,
pulled-reflow-reference,i18n-reflow,feature,it,amazon-listing-design-optimization,composite-v2,false,.json,_pull/i18n-reflow/Features/it/amazon-listing-design-optimization-it.json,
pulled-reflow-reference,i18n-reflow,feature,it,amazon-listing-image-generator,composite-v2,false,.json,_pull/i18n-reflow/Features/it/amazon-listing-image-generator-it.json,
pulled-reflow-reference,i18n-reflow,feature,it,anniversary-card-design,composite-v2,false,.json,_pull/i18n-reflow/Features/it/anniversary-card-design-it.json,
pulled-reflow-reference,i18n-reflow,feature,it,baby-shower-invitation-design,composite-v2,false,.json,_pull/i18n-reflow/Features/it/baby-shower-invitation-design-it.json,
pulled-reflow-reference,i18n-reflow,feature,it,banner-design,composite-v2,false,.json,_pull/i18n-reflow/Features/it/banner-design-it.json,
pulled-reflow-reference,i18n-reflow,feature,it,bar-menu-design,composite-v2,false,.json,_pull/i18n-reflow/Features/it/bar-menu-design-it.json,
pulled-reflow-reference,i18n-reflow,feature,it,best-ai-image-generator-2026,composite-v2,false,.json,_pull/i18n-reflow/Features/it/best-ai-image-generator-2026-it.json,
pulled-reflow-reference,i18n-reflow,feature,it,birthday-invitation-design,composite-v2,false,.json,_pull/i18n-reflow/Features/it/birthday-invitation-design-it.json,
pulled-reflow-reference,i18n-reflow,feature,it,blog-post-to-instagram-ai-repurposing,composite-v2,false,.json,_pull/i18n-reflow/Features/it/blog-post-to-instagram-ai-repurposing-it.json,
pulled-reflow-reference,i18n-reflow,feature,it,book-cover-design,composite-v2,false,.json,_pull/i18n-reflow/Features/it/book-cover-design-it.json,
pulled-reflow-reference,i18n-reflow,feature,it,brand-hashtag-visual-generator,composite-v2,false,.json,_pull/i18n-reflow/Features/it/brand-hashtag-visual-generator-it.json,
pulled-reflow-reference,i18n-reflow,feature,it,brochure-design,composite-v2,,.json,_pull/i18n-reflow/Features/it/brochure-design-it.json,
pulled-reflow-reference,i18n-reflow,feature,it,cafe-menu-design,composite-v2,false,.json,_pull/i18n-reflow/Features/it/cafe-menu-design-it.json,
pulled-reflow-reference,i18n-reflow,feature,it,catering-menu-design,composite-v2,false,.json,_pull/i18n-reflow/Features/it/catering-menu-design-it.json,
pulled-reflow-reference,i18n-reflow,feature,it,certificate-design,composite-v2,false,.json,_pull/i18n-reflow/Features/it/certificate-design-it.json,
pulled-reflow-reference,i18n-reflow,feature,it,change-video-background,composite-v2,false,.json,_pull/i18n-reflow/Features/it/change-video-background-it.json,
pulled-reflow-reference,i18n-reflow,feature,it,chef-business-card-design,composite-v2,false,.json,_pull/i18n-reflow/Features/it/chef-business-card-design-it.json,
pulled-reflow-reference,i18n-reflow,feature,it,classroom-poster-design,composite-v2,false,.json,_pull/i18n-reflow/Features/it/classroom-poster-design-it.json,
pulled-reflow-reference,i18n-reflow,feature,it,company-brochure-design,composite-v2,false,.json,_pull/i18n-reflow/Features/it/company-brochure-design-it.json,
pulled-reflow-reference,i18n-reflow,feature,it,concert-poster-design,composite-v2,false,.json,_pull/i18n-reflow/Features/it/concert-poster-design-it.json,
pulled-reflow-reference,i18n-reflow,feature,it,create-editable-brand-kit-ai-agent,composite-v2,false,.json,_pull/i18n-reflow/Features/it/create-editable-brand-kit-ai-agent-it.json,
pulled-reflow-reference,i18n-reflow,feature,it,create-mockups-with-brand-kit-ai,composite-v2,false,.json,_pull/i18n-reflow/Features/it/create-mockups-with-brand-kit-ai-it.json,
pulled-reflow-reference,i18n-reflow,feature,it,custom-business-flyer-design,composite-v2,false,.json,_pull/i18n-reflow/Features/it/custom-business-flyer-design-it.json,
pulled-reflow-reference,i18n-reflow,feature,it,cv-template-design,composite-v2,false,.json,_pull/i18n-reflow/Features/it/cv-template-design-it.json,
pulled-reflow-reference,i18n-reflow,feature,it,design-viral-youtube-thumbnails-ai-by-lovart,composite-v2,false,.json,_pull/i18n-reflow/Features/it/design-viral-youtube-thumbnails-ai-by-lovart-it.json,
pulled-reflow-reference,i18n-reflow,feature,it,design-viral-youtube-thumbnails-ai,composite-v2,false,.json,_pull/i18n-reflow/Features/it/design-viral-youtube-thumbnails-ai-it.json,
pulled-reflow-reference,i18n-reflow,feature,it,discount-banner-design,composite-v2,false,.json,_pull/i18n-reflow/Features/it/discount-banner-design-it.json,
pulled-reflow-reference,i18n-reflow,feature,it,e-learning-banner-design,composite-v2,false,.json,_pull/i18n-reflow/Features/it/e-learning-banner-design-it.json,
pulled-reflow-reference,i18n-reflow,feature,it,ecommerce-banner-design,composite-v2,false,.json,_pull/i18n-reflow/Features/it/ecommerce-banner-design-it.json,
pulled-reflow-reference,i18n-reflow,feature,it,edit-ai-generated-images,composite-v2,false,.json,_pull/i18n-reflow/Features/it/edit-ai-generated-images-it.json,
pulled-reflow-reference,i18n-reflow,feature,it,engagement-invitation-design,composite-v2,false,.json,_pull/i18n-reflow/Features/it/engagement-invitation-design-it.json,
pulled-reflow-reference,i18n-reflow,feature,it,event-poster-maker,composite-v2,false,.json,_pull/i18n-reflow/Features/it/event-poster-maker-it.json,
pulled-reflow-reference,i18n-reflow,feature,it,event-program-design,composite-v2,false,.json,_pull/i18n-reflow/Features/it/event-program-design-it.json,
pulled-reflow-reference,i18n-reflow,feature,it,facebook-post-template-generator,composite-v2,false,.json,_pull/i18n-reflow/Features/it/facebook-post-template-generator-it.json,
pulled-reflow-reference,i18n-reflow,feature,it,festival-banner-design,composite-v2,false,.json,_pull/i18n-reflow/Features/it/festival-banner-design-it.json,
pulled-reflow-reference,i18n-reflow,feature,it,flyer-design,composite-v2,false,.json,_pull/i18n-reflow/Features/it/flyer-design-it.json,
pulled-reflow-reference,i18n-reflow,feature,it,food-banner-design,composite-v2,false,.json,_pull/i18n-reflow/Features/it/food-banner-design-it.json,
pulled-reflow-reference,i18n-reflow,feature,it,food-blog-header-design,composite-v2,false,.json,_pull/i18n-reflow/Features/it/food-blog-header-design-it.json,
pulled-reflow-reference,i18n-reflow,feature,it,food-delivery-app-design,composite-v2,false,.json,_pull/i18n-reflow/Features/it/food-delivery-app-design-it.json,
pulled-reflow-reference,i18n-reflow,feature,it,food-festival-poster-design,composite-v2,false,.json,_pull/i18n-reflow/Features/it/food-festival-poster-design-it.json,
pulled-reflow-reference,i18n-reflow,feature,it,food-flyer-design,composite-v2,false,.json,_pull/i18n-reflow/Features/it/food-flyer-design-it.json,
pulled-reflow-reference,i18n-reflow,feature,it,food-packaging-design,composite-v2,false,.json,_pull/i18n-reflow/Features/it/food-packaging-design-it.json,
pulled-reflow-reference,i18n-reflow,feature,it,food-photography-layout-design,composite-v2,false,.json,_pull/i18n-reflow/Features/it/food-photography-layout-design-it.json,
pulled-reflow-reference,i18n-reflow,feature,it,food-poster-design,composite-v2,false,.json,_pull/i18n-reflow/Features/it/food-poster-design-it.json,
pulled-reflow-reference,i18n-reflow,feature,it,food-recipe-card-design,composite-v2,false,.json,_pull/i18n-reflow/Features/it/food-recipe-card-design-it.json,
pulled-reflow-reference,i18n-reflow,feature,it,food-social-media-design,composite-v2,false,.json,_pull/i18n-reflow/Features/it/food-social-media-design-it.json,
pulled-reflow-reference,i18n-reflow,feature,it,food-truck-menu-design,composite-v2,false,.json,_pull/i18n-reflow/Features/it/food-truck-menu-design-it.json,
pulled-reflow-reference,i18n-reflow,feature,it,food-truck-wrap-design,composite-v2,false,.json,_pull/i18n-reflow/Features/it/food-truck-wrap-design-it.json,
pulled-reflow-reference,i18n-reflow,feature,it,free-online-tool,composite-v2,false,.json,_pull/i18n-reflow/Features/it/free-online-tool-it.json,
pulled-reflow-reference,i18n-reflow,feature,it,gpt-image-generator-ai,composite-v2,false,.json,_pull/i18n-reflow/Features/it/gpt-image-generator-ai-it.json,
pulled-reflow-reference,i18n-reflow,feature,it,graduation-invitation-design,composite-v2,false,.json,_pull/i18n-reflow/Features/it/graduation-invitation-design-it.json,
pulled-reflow-reference,i18n-reflow,feature,it,graphic-design,composite-v2,false,.json,_pull/i18n-reflow/Features/it/graphic-design-it.json,
pulled-reflow-reference,i18n-reflow,feature,it,infinite-chatcanvas-ai-collaboration,composite-v2,false,.json,_pull/i18n-reflow/Features/it/infinite-chatcanvas-ai-collaboration-it.json,
pulled-reflow-reference,i18n-reflow,feature,it,infographic-design,composite-v2,false,.json,_pull/i18n-reflow/Features/it/infographic-design-it.json,
pulled-reflow-reference,i18n-reflow,feature,it,instagram-story-maker,composite-v2,false,.json,_pull/i18n-reflow/Features/it/instagram-story-maker-it.json,
pulled-reflow-reference,i18n-reflow,feature,it,launch-event-landing-page-generator,composite-v2,false,.json,_pull/i18n-reflow/Features/it/launch-event-landing-page-generator-it.json,
pulled-reflow-reference,i18n-reflow,feature,it,leonardo-ai-alternative,composite-v2,false,.json,_pull/i18n-reflow/Features/it/leonardo-ai-alternative-it.json,
pulled-reflow-reference,i18n-reflow,feature,it,lesson-plan-design,composite-v2,false,.json,_pull/i18n-reflow/Features/it/lesson-plan-design-it.json,
pulled-reflow-reference,i18n-reflow,feature,it,linkedin-ads-generator,composite-v2,false,.json,_pull/i18n-reflow/Features/it/linkedin-ads-generator-it.json,
pulled-reflow-reference,i18n-reflow,feature,it,linkedin-banner-design-ai-generator-by-lovart,composite-v2,false,.json,_pull/i18n-reflow/Features/it/linkedin-banner-design-ai-generator-by-lovart-it.json,
pulled-reflow-reference,i18n-reflow,feature,it,linkedin-banner-design-ai-generator,composite-v2,false,.json,_pull/i18n-reflow/Features/it/linkedin-banner-design-ai-generator-it.json,
pulled-reflow-reference,i18n-reflow,feature,it,linkedin-banner-design,composite-v2,false,.json,_pull/i18n-reflow/Features/it/linkedin-banner-design-it.json,
pulled-reflow-reference,i18n-reflow,feature,it,linkedin-spotlight-ads-generator,composite-v2,false,.json,_pull/i18n-reflow/Features/it/linkedin-spotlight-ads-generator-it.json,
pulled-reflow-reference,i18n-reflow,feature,it,magazine-layout-design,composite-v2,false,.json,_pull/i18n-reflow/Features/it/magazine-layout-design-it.json,
pulled-reflow-reference,i18n-reflow,feature,it,mood-board-creation,composite-v2,false,.json,_pull/i18n-reflow/Features/it/mood-board-creation-it.json,
pulled-reflow-reference,i18n-reflow,feature,it,nano-banana-ai-model,composite-v2,false,.json,_pull/i18n-reflow/Features/it/nano-banana-ai-model-it.json,
pulled-reflow-reference,i18n-reflow,feature,it,nano-banana-best-practices,composite-v2,false,.json,_pull/i18n-reflow/Features/it/nano-banana-best-practices-it.json,
pulled-reflow-reference,i18n-reflow,feature,it,nano-banana-case-studies,composite-v2,false,.json,_pull/i18n-reflow/Features/it/nano-banana-case-studies-it.json,
pulled-reflow-reference,i18n-reflow,feature,it,nano-banana-concept-art-workflow,composite-v2,false,.json,_pull/i18n-reflow/Features/it/nano-banana-concept-art-workflow-it.json,
pulled-reflow-reference,i18n-reflow,feature,it,nano-banana-creative-brainstorming,composite-v2,false,.json,_pull/i18n-reflow/Features/it/nano-banana-creative-brainstorming-it.json,
pulled-reflow-reference,i18n-reflow,feature,it,nano-banana-digital-art-creation,composite-v2,false,.json,_pull/i18n-reflow/Features/it/nano-banana-digital-art-creation-it.json,
pulled-reflow-reference,i18n-reflow,feature,it,nano-banana-educational-materials,composite-v2,false,.json,_pull/i18n-reflow/Features/it/nano-banana-educational-materials-it.json,
pulled-reflow-reference,i18n-reflow,feature,it,nano-banana-graphic-design-workflow,composite-v2,false,.json,_pull/i18n-reflow/Features/it/nano-banana-graphic-design-workflow-it.json,
pulled-reflow-reference,i18n-reflow,feature,it,nano-banana-illustration-projects,composite-v2,false,.json,_pull/i18n-reflow/Features/it/nano-banana-illustration-projects-it.json,
pulled-reflow-reference,i18n-reflow,feature,it,nano-banana-infographic-design,composite-v2,false,.json,_pull/i18n-reflow/Features/it/nano-banana-infographic-design-it.json,
pulled-reflow-reference,i18n-reflow,feature,it,nano-banana-marketing-visuals,composite-v2,false,.json,_pull/i18n-reflow/Features/it/nano-banana-marketing-visuals-it.json,
pulled-reflow-reference,i18n-reflow,feature,it,nano-banana-presentation-slides,composite-v2,false,.json,_pull/i18n-reflow/Features/it/nano-banana-presentation-slides-it.json,
pulled-reflow-reference,i18n-reflow,feature,it,nano-banana-product-photography,composite-v2,false,.json,_pull/i18n-reflow/Features/it/nano-banana-product-photography-it.json,
pulled-reflow-reference,i18n-reflow,feature,it,nano-banana-social-media-graphics,composite-v2,false,.json,_pull/i18n-reflow/Features/it/nano-banana-social-media-graphics-it.json,
pulled-reflow-reference,i18n-reflow,feature,it,nano-banana-website-graphics,composite-v2,false,.json,_pull/i18n-reflow/Features/it/nano-banana-website-graphics-it.json,
pulled-reflow-reference,i18n-reflow,feature,it,nano-banana-workflow-optimization,composite-v2,false,.json,_pull/i18n-reflow/Features/it/nano-banana-workflow-optimization-it.json,
pulled-reflow-reference,i18n-reflow,feature,it,nano-banana-youtube-thumbnails,composite-v2,false,.json,_pull/i18n-reflow/Features/it/nano-banana-youtube-thumbnails-it.json,
pulled-reflow-reference,i18n-reflow,feature,it,no-template-popup-ads-generator,composite-v2,false,.json,_pull/i18n-reflow/Features/it/no-template-popup-ads-generator-it.json,
pulled-reflow-reference,i18n-reflow,feature,it,no-template-popup-ads,composite-v2,false,.json,_pull/i18n-reflow/Features/it/no-template-popup-ads-it.json,
pulled-reflow-reference,i18n-reflow,feature,it,nutrition-label-design,composite-v2,false,.json,_pull/i18n-reflow/Features/it/nutrition-label-design-it.json,
pulled-reflow-reference,i18n-reflow,feature,it,online-multimodal-ai-creator-seedance,composite-v2,false,.json,_pull/i18n-reflow/Features/it/online-multimodal-ai-creator-seedance-it.json,
pulled-reflow-reference,i18n-reflow,feature,it,online-store-graphics-design,composite-v2,false,.json,_pull/i18n-reflow/Features/it/online-store-graphics-design-it.json,
pulled-reflow-reference,i18n-reflow,feature,it,overcome-blank-canvas-syndrome,composite-v2,false,.json,_pull/i18n-reflow/Features/it/overcome-blank-canvas-syndrome-it.json,
pulled-reflow-reference,i18n-reflow,feature,it,pinterest-pin-design,composite-v2,false,.json,_pull/i18n-reflow/Features/it/pinterest-pin-design-it.json,
pulled-reflow-reference,i18n-reflow,feature,it,pixel-pusher-to-creative-director,composite-v2,false,.json,_pull/i18n-reflow/Features/it/pixel-pusher-to-creative-director-it.json,
pulled-reflow-reference,i18n-reflow,feature,it,pizza-menu-design,composite-v2,false,.json,_pull/i18n-reflow/Features/it/pizza-menu-design-it.json,
pulled-reflow-reference,i18n-reflow,feature,it,portfolio-design,composite-v2,false,.json,_pull/i18n-reflow/Features/it/portfolio-design-it.json,
pulled-reflow-reference,i18n-reflow,feature,it,poster-design,composite-v2,false,.json,_pull/i18n-reflow/Features/it/poster-design-it.json,
pulled-reflow-reference,i18n-reflow,feature,it,product-catalog-design,composite-v2,false,.json,_pull/i18n-reflow/Features/it/product-catalog-design-it.json,
pulled-reflow-reference,i18n-reflow,feature,it,product-packaging-design,composite-v2,false,.json,_pull/i18n-reflow/Features/it/product-packaging-design-it.json,
pulled-reflow-reference,i18n-reflow,feature,it,professional-corporate-presentation-design,composite-v2,false,.json,_pull/i18n-reflow/Features/it/professional-corporate-presentation-design-it.json,
pulled-reflow-reference,i18n-reflow,feature,it,professional-resume-design,composite-v2,false,.json,_pull/i18n-reflow/Features/it/professional-resume-design-it.json,
pulled-reflow-reference,i18n-reflow,feature,it,promotional-flyer-design,composite-v2,false,.json,_pull/i18n-reflow/Features/it/promotional-flyer-design-it.json,
pulled-reflow-reference,i18n-reflow,feature,it,property-brochure-design,composite-v2,false,.json,_pull/i18n-reflow/Features/it/property-brochure-design-it.json,
pulled-reflow-reference,i18n-reflow,feature,it,property-listing-design,composite-v2,false,.json,_pull/i18n-reflow/Features/it/property-listing-design-it.json,
pulled-reflow-reference,i18n-reflow,feature,it,property-report-design,composite-v2,false,.json,_pull/i18n-reflow/Features/it/property-report-design-it.json,
pulled-reflow-reference,i18n-reflow,feature,it,rapid-poster-ai-creation,composite-v2,false,.json,_pull/i18n-reflow/Features/it/rapid-poster-ai-creation-it.json,
pulled-reflow-reference,i18n-reflow,feature,it,real-estate-banner-design,composite-v2,false,.json,_pull/i18n-reflow/Features/it/real-estate-banner-design-it.json,
pulled-reflow-reference,i18n-reflow,feature,it,real-estate-business-card-design,composite-v2,false,.json,_pull/i18n-reflow/Features/it/real-estate-business-card-design-it.json,
pulled-reflow-reference,i18n-reflow,feature,it,real-estate-flyer-design,composite-v2,false,.json,_pull/i18n-reflow/Features/it/real-estate-flyer-design-it.json,
pulled-reflow-reference,i18n-reflow,feature,it,real-estate-logo-design,composite-v2,false,.json,_pull/i18n-reflow/Features/it/real-estate-logo-design-it.json,
pulled-reflow-reference,i18n-reflow,feature,it,real-estate-newsletter-design,composite-v2,false,.json,_pull/i18n-reflow/Features/it/real-estate-newsletter-design-it.json,
pulled-reflow-reference,i18n-reflow,feature,it,real-estate-postcard-design,composite-v2,false,.json,_pull/i18n-reflow/Features/it/real-estate-postcard-design-it.json,
pulled-reflow-reference,i18n-reflow,feature,it,real-estate-sign-design,composite-v2,false,.json,_pull/i18n-reflow/Features/it/real-estate-sign-design-it.json,
pulled-reflow-reference,i18n-reflow,feature,it,remove-video-background,composite-v2,false,.json,_pull/i18n-reflow/Features/it/remove-video-background-it.json,
pulled-reflow-reference,i18n-reflow,feature,it,restaurant_menu_design,composite-v2,false,.json,_pull/i18n-reflow/Features/it/restaurant_menu_design-it.json,
pulled-reflow-reference,i18n-reflow,feature,it,restaurant-brochure-design,composite-v2,false,.json,_pull/i18n-reflow/Features/it/restaurant-brochure-design-it.json,
pulled-reflow-reference,i18n-reflow,feature,it,restaurant-business-card-design,composite-v2,false,.json,_pull/i18n-reflow/Features/it/restaurant-business-card-design-it.json,
pulled-reflow-reference,i18n-reflow,feature,it,restaurant-coupon-design,composite-v2,false,.json,_pull/i18n-reflow/Features/it/restaurant-coupon-design-it.json,
pulled-reflow-reference,i18n-reflow,feature,it,restaurant-door-hanger-design,composite-v2,false,.json,_pull/i18n-reflow/Features/it/restaurant-door-hanger-design-it.json,
pulled-reflow-reference,i18n-reflow,feature,it,restaurant-email-template-design,composite-v2,false,.json,_pull/i18n-reflow/Features/it/restaurant-email-template-design-it.json,
pulled-reflow-reference,i18n-reflow,feature,it,restaurant-gift-card-design,composite-v2,false,.json,_pull/i18n-reflow/Features/it/restaurant-gift-card-design-it.json,
pulled-reflow-reference,i18n-reflow,feature,it,restaurant-logo-design,composite-v2,false,.json,_pull/i18n-reflow/Features/it/restaurant-logo-design-it.json,
pulled-reflow-reference,i18n-reflow,feature,it,restaurant-loyalty-card-design,composite-v2,false,.json,_pull/i18n-reflow/Features/it/restaurant-loyalty-card-design-it.json,
pulled-reflow-reference,i18n-reflow,feature,it,restaurant-menu-design,composite-v2,false,.json,_pull/i18n-reflow/Features/it/restaurant-menu-design-it.json,
pulled-reflow-reference,i18n-reflow,feature,it,restaurant-table-tent-design,composite-v2,false,.json,_pull/i18n-reflow/Features/it/restaurant-table-tent-design-it.json,
pulled-reflow-reference,i18n-reflow,feature,it,sale-poster-design,composite-v2,false,.json,_pull/i18n-reflow/Features/it/sale-poster-design-it.json,
pulled-reflow-reference,i18n-reflow,feature,it,seamless-carousel-post-visual-storytelling,composite-v2,false,.json,_pull/i18n-reflow/Features/it/seamless-carousel-post-visual-storytelling-it.json,
pulled-reflow-reference,i18n-reflow,feature,it,secure-student-id-card-design,composite-v2,false,.json,_pull/i18n-reflow/Features/it/secure-student-id-card-design-it.json,
pulled-reflow-reference,i18n-reflow,feature,it,seedance-2-0-ai-video-generator,composite-v2,false,.json,_pull/i18n-reflow/Features/it/seedance-2-0-ai-video-generator-it.json,
pulled-reflow-reference,i18n-reflow,feature,it,seedance-ai-ad-creatives,composite-v2,false,.json,_pull/i18n-reflow/Features/it/seedance-ai-ad-creatives-it.json,
pulled-reflow-reference,i18n-reflow,feature,it,seedance-ai-video-generator,composite-v2,false,.json,_pull/i18n-reflow/Features/it/seedance-ai-video-generator-it.json,
pulled-reflow-reference,i18n-reflow,feature,it,seedance-batch-creative-production,composite-v2,false,.json,_pull/i18n-reflow/Features/it/seedance-batch-creative-production-it.json,
pulled-reflow-reference,i18n-reflow,feature,it,shopify-banner-design,composite-v2,false,.json,_pull/i18n-reflow/Features/it/shopify-banner-design-it.json,
pulled-reflow-reference,i18n-reflow,feature,it,social-media-post-design,composite-v2,false,.json,_pull/i18n-reflow/Features/it/social-media-post-design-it.json,
pulled-reflow-reference,i18n-reflow,feature,it,social-media-template-design,composite-v2,false,.json,_pull/i18n-reflow/Features/it/social-media-template-design-it.json,
pulled-reflow-reference,i18n-reflow,feature,it,startup-logo-design,composite-v2,false,.json,_pull/i18n-reflow/Features/it/startup-logo-design-it.json,
pulled-reflow-reference,i18n-reflow,feature,it,text-image-to-video-seedance,composite-v2,false,.json,_pull/i18n-reflow/Features/it/text-image-to-video-seedance-it.json,
pulled-reflow-reference,i18n-reflow,feature,it,text-to-video-ai-generator-veo3,composite-v2,false,.json,_pull/i18n-reflow/Features/it/text-to-video-ai-generator-veo3-it.json,
pulled-reflow-reference,i18n-reflow,feature,it,text-to-video-ai,composite-v2,false,.json,_pull/i18n-reflow/Features/it/text-to-video-ai-it.json,
pulled-reflow-reference,i18n-reflow,feature,it,textbook-cover-design,composite-v2,false,.json,_pull/i18n-reflow/Features/it/textbook-cover-design-it.json,
pulled-reflow-reference,i18n-reflow,feature,it,tiktok-video-cover-design,composite-v2,false,.json,_pull/i18n-reflow/Features/it/tiktok-video-cover-design-it.json,
pulled-reflow-reference,i18n-reflow,feature,it,touch-edit-ai,composite-v2,false,.json,_pull/i18n-reflow/Features/it/touch-edit-ai-it.json,
pulled-reflow-reference,i18n-reflow,feature,it,twitter-header-design,composite-v2,false,.json,_pull/i18n-reflow/Features/it/twitter-header-design-it.json,
pulled-reflow-reference,i18n-reflow,feature,it,video-background-changer,composite-v2,false,.json,_pull/i18n-reflow/Features/it/video-background-changer-it.json,
pulled-reflow-reference,i18n-reflow,feature,it,video-background-remover,composite-v2,false,.json,_pull/i18n-reflow/Features/it/video-background-remover-it.json,
pulled-reflow-reference,i18n-reflow,feature,it,wedding-invitation-design,composite-v2,false,.json,_pull/i18n-reflow/Features/it/wedding-invitation-design-it.json,
pulled-reflow-reference,i18n-reflow,feature,it,wine-label-design,composite-v2,false,.json,_pull/i18n-reflow/Features/it/wine-label-design-it.json,
pulled-reflow-reference,i18n-reflow,feature,it,worksheet-design,composite-v2,false,.json,_pull/i18n-reflow/Features/it/worksheet-design-it.json,
pulled-reflow-reference,i18n-reflow,feature,it,youtube-thumbnail-design,composite-v2,false,.json,_pull/i18n-reflow/Features/it/youtube-thumbnail-design-it.json,
pulled-reflow-reference,i18n-reflow,feature,ja,ai-ad-thumbnail-generator,composite-v2,false,.json,_pull/i18n-reflow/Features/ja/ai-ad-thumbnail-generator-ja.json,
pulled-reflow-reference,i18n-reflow,feature,ja,ai-affiliate-ads-generator,composite-v2,false,.json,_pull/i18n-reflow/Features/ja/ai-affiliate-ads-generator-ja.json,
pulled-reflow-reference,i18n-reflow,feature,ja,[object Object],composite-v2,false,.json,_pull/i18n-reflow/Features/ja/ai-avatar-streaming-seedance-ja.json,
pulled-reflow-reference,i18n-reflow,feature,ja,ai-background-swap-no-masking,composite-v2,false,.json,_pull/i18n-reflow/Features/ja/ai-background-swap-no-masking-ja.json,
pulled-reflow-reference,i18n-reflow,feature,ja,ai-bakery-menu-maker,composite-v2,false,.json,_pull/i18n-reflow/Features/ja/ai-bakery-menu-maker-ja.json,
pulled-reflow-reference,i18n-reflow,feature,ja,ai-brochure-design-tool,composite-v2,false,.json,_pull/i18n-reflow/Features/ja/ai-brochure-design-tool-ja.json,
pulled-reflow-reference,i18n-reflow,feature,ja,ai-business-card-maker,composite-v2,false,.json,_pull/i18n-reflow/Features/ja/ai-business-card-maker-ja.json,
pulled-reflow-reference,i18n-reflow,feature,ja,ai-carousel-generator,composite-v2,false,.json,_pull/i18n-reflow/Features/ja/ai-carousel-generator-ja.json,
pulled-reflow-reference,i18n-reflow,feature,ja,ai-commercials-seedance,composite-v2,false,.json,_pull/i18n-reflow/Features/ja/ai-commercials-seedance-ja.json,
pulled-reflow-reference,i18n-reflow,feature,ja,ai-company-logo-maker,composite-v2,false,.json,_pull/i18n-reflow/Features/ja/ai-company-logo-maker-ja.json,
pulled-reflow-reference,i18n-reflow,feature,ja,ai-coupon-ad-generator,composite-v2,false,.json,_pull/i18n-reflow/Features/ja/ai-coupon-ad-generator-ja.json,
pulled-reflow-reference,i18n-reflow,feature,ja,ai-design-agent-for-freelancers,composite-v2,false,.json,_pull/i18n-reflow/Features/ja/ai-design-agent-for-freelancers-ja.json,
pulled-reflow-reference,i18n-reflow,feature,ja,ai-design-agent,composite-v2,false,.json,_pull/i18n-reflow/Features/ja/ai-design-agent-ja.json,
pulled-reflow-reference,i18n-reflow,feature,ja,ai-design-marketing-agency,composite-v2,false,.json,_pull/i18n-reflow/Features/ja/ai-design-marketing-agency-ja.json,
pulled-reflow-reference,i18n-reflow,feature,ja,ai-facebook-ad-creative-generator,composite-v2,false,.json,_pull/i18n-reflow/Features/ja/ai-facebook-ad-creative-generator-ja.json,
pulled-reflow-reference,i18n-reflow,feature,ja,[object Object],composite-v2,false,.json,_pull/i18n-reflow/Features/ja/ai-facebook-post-designer-ja.json,
pulled-reflow-reference,i18n-reflow,feature,ja,ai-facebook-poster-generator,composite-v2,false,.json,_pull/i18n-reflow/Features/ja/ai-facebook-poster-generator-ja.json,
pulled-reflow-reference,i18n-reflow,feature,ja,ai-giveaway-poster-generator,composite-v2,false,.json,_pull/i18n-reflow/Features/ja/ai-giveaway-poster-generator-ja.json,
pulled-reflow-reference,i18n-reflow,feature,ja,ai-google-ads-banner-generator,composite-v2,false,.json,_pull/i18n-reflow/Features/ja/ai-google-ads-banner-generator-ja.json,
pulled-reflow-reference,i18n-reflow,feature,ja,ai-illustration-generator-vector-nano-banana,composite-v2,false,.json,_pull/i18n-reflow/Features/ja/ai-illustration-generator-vector-nano-banana-ja.json,
pulled-reflow-reference,i18n-reflow,feature,ja,ai-image-generator,composite-v2,false,.json,_pull/i18n-reflow/Features/ja/ai-image-generator-ja.json,
pulled-reflow-reference,i18n-reflow,feature,ja,ai-image-generator-text-to-image,composite-v2,false,.json,_pull/i18n-reflow/Features/ja/ai-image-generator-text-to-image-ja.json,
pulled-reflow-reference,i18n-reflow,feature,ja,ai-instagram-feed-planner,composite-v2,false,.json,_pull/i18n-reflow/Features/ja/ai-instagram-feed-planner-ja.json,
pulled-reflow-reference,i18n-reflow,feature,ja,ai-instagram-post-generator,composite-v2,false,.json,_pull/i18n-reflow/Features/ja/ai-instagram-post-generator-ja.json,
pulled-reflow-reference,i18n-reflow,feature,ja,ai-instagram-post-maker,composite-v2,false,.json,_pull/i18n-reflow/Features/ja/ai-instagram-post-maker-ja.json,
pulled-reflow-reference,i18n-reflow,feature,ja,ai-instagram-story-layout-generator,composite-v2,false,.json,_pull/i18n-reflow/Features/ja/ai-instagram-story-layout-generator-ja.json,
pulled-reflow-reference,i18n-reflow,feature,ja,ai-linkedin-infographic-generator-b2b,composite-v2,false,.json,_pull/i18n-reflow/Features/ja/ai-linkedin-infographic-generator-b2b-ja.json,
pulled-reflow-reference,i18n-reflow,feature,ja,ai-logo-maker-brand-agent,composite-v2,false,.json,_pull/i18n-reflow/Features/ja/ai-logo-maker-brand-agent-ja.json,
pulled-reflow-reference,i18n-reflow,feature,ja,ai-meta-ads-generator,composite-v2,false,.json,_pull/i18n-reflow/Features/ja/ai-meta-ads-generator-ja.json,
pulled-reflow-reference,i18n-reflow,feature,ja,ai-mockup-generator,composite-v2,false,.json,_pull/i18n-reflow/Features/ja/ai-mockup-generator-ja.json,
pulled-reflow-reference,i18n-reflow,feature,ja,ai-paid-social-ad-generator,composite-v2,false,.json,_pull/i18n-reflow/Features/ja/ai-paid-social-ad-generator-ja.json,
pulled-reflow-reference,i18n-reflow,feature,ja,ai-picture-generator,composite-v2,false,.json,_pull/i18n-reflow/Features/ja/ai-picture-generator-ja.json,
pulled-reflow-reference,i18n-reflow,feature,ja,ai-pinterest-pin-maker,composite-v2,false,.json,_pull/i18n-reflow/Features/ja/ai-pinterest-pin-maker-ja.json,
pulled-reflow-reference,i18n-reflow,feature,ja,ai-poster-design-agent-nano-banana,composite-v2,false,.json,_pull/i18n-reflow/Features/ja/ai-poster-design-agent-nano-banana-ja.json,
pulled-reflow-reference,i18n-reflow,feature,ja,ai-poster-generator-illustration-optimization,composite-v2,false,.json,_pull/i18n-reflow/Features/ja/ai-poster-generator-illustration-optimization-ja.json,
pulled-reflow-reference,i18n-reflow,feature,ja,ai-presentation-slides-generator,composite-v2,false,.json,_pull/i18n-reflow/Features/ja/ai-presentation-slides-generator-ja.json,
pulled-reflow-reference,i18n-reflow,feature,ja,ai-product-catalog-maker,composite-v2,false,.json,_pull/i18n-reflow/Features/ja/ai-product-catalog-maker-ja.json,
pulled-reflow-reference,i18n-reflow,feature,ja,ai-product-display-generator,composite-v2,false,.json,_pull/i18n-reflow/Features/ja/ai-product-display-generator-ja.json,
pulled-reflow-reference,i18n-reflow,feature,ja,ai-product-image-generator,composite-v2,false,.json,_pull/i18n-reflow/Features/ja/ai-product-image-generator-ja.json,
pulled-reflow-reference,i18n-reflow,feature,ja,ai-product-video-seedance,composite-v2,false,.json,_pull/i18n-reflow/Features/ja/ai-product-video-seedance-ja.json,
pulled-reflow-reference,i18n-reflow,feature,ja,ai-promotion-landing-page-generator,composite-v2,false,.json,_pull/i18n-reflow/Features/ja/ai-promotion-landing-page-generator-ja.json,
pulled-reflow-reference,i18n-reflow,feature,ja,ai-retargeting-ad-generator,composite-v2,false,.json,_pull/i18n-reflow/Features/ja/ai-retargeting-ad-generator-ja.json,
pulled-reflow-reference,i18n-reflow,feature,ja,ai-short-video-generator,composite-v2,false,.json,_pull/i18n-reflow/Features/ja/ai-short-video-generator-ja.json,
pulled-reflow-reference,i18n-reflow,feature,ja,ai-social-media-content-generator,composite-v2,false,.json,_pull/i18n-reflow/Features/ja/ai-social-media-content-generator-ja.json,
pulled-reflow-reference,i18n-reflow,feature,ja,ai-social-media-post-maker,composite-v2,false,.json,_pull/i18n-reflow/Features/ja/ai-social-media-post-maker-ja.json,
pulled-reflow-reference,i18n-reflow,feature,ja,ai-subscribe-ad-generator,composite-v2,false,.json,_pull/i18n-reflow/Features/ja/ai-subscribe-ad-generator-ja.json,
pulled-reflow-reference,i18n-reflow,feature,ja,ai-subscription-fatigue-utility,composite-v2,false,.json,_pull/i18n-reflow/Features/ja/ai-subscription-fatigue-utility-ja.json,
pulled-reflow-reference,i18n-reflow,feature,ja,ai-text-to-image-generator,composite-v2,false,.json,_pull/i18n-reflow/Features/ja/ai-text-to-image-generator-ja.json,
pulled-reflow-reference,i18n-reflow,feature,ja,ai-tiktok-thumbnail-maker,composite-v2,false,.json,_pull/i18n-reflow/Features/ja/ai-tiktok-thumbnail-maker-ja.json,
pulled-reflow-reference,i18n-reflow,feature,ja,ai-twitch-overlay-generator,composite-v2,false,.json,_pull/i18n-reflow/Features/ja/ai-twitch-overlay-generator-ja.json,
pulled-reflow-reference,i18n-reflow,feature,ja,ai-twitter-header-creator,composite-v2,false,.json,_pull/i18n-reflow/Features/ja/ai-twitter-header-creator-ja.json,
pulled-reflow-reference,i18n-reflow,feature,ja,ai-twitter-x-post-generator,composite-v2,false,.json,_pull/i18n-reflow/Features/ja/ai-twitter-x-post-generator-ja.json,
pulled-reflow-reference,i18n-reflow,feature,ja,[object Object],composite-v2,false,.json,_pull/i18n-reflow/Features/ja/ai-video-agent-for-ecommerce-ja.json,
pulled-reflow-reference,i18n-reflow,feature,ja,[object Object],composite-v2,false,.json,_pull/i18n-reflow/Features/ja/ai-video-agent-for-marketing-ja.json,
pulled-reflow-reference,i18n-reflow,feature,ja,[object Object],composite-v2,false,.json,_pull/i18n-reflow/Features/ja/ai-video-agent-for-tiktok-ja.json,
pulled-reflow-reference,i18n-reflow,feature,ja,[object Object],composite-v2,false,.json,_pull/i18n-reflow/Features/ja/ai-video-agent-for-youtube-ja.json,
pulled-reflow-reference,i18n-reflow,feature,ja,[object Object],composite-v2,false,.json,_pull/i18n-reflow/Features/ja/ai-video-agent-ja.json,
pulled-reflow-reference,i18n-reflow,feature,ja,[object Object],composite-v2,false,.json,_pull/i18n-reflow/Features/ja/ai-video-agent-workflow-ja.json,
pulled-reflow-reference,i18n-reflow,feature,ja,ai-video-background-remover,composite-v2,false,.json,_pull/i18n-reflow/Features/ja/ai-video-background-remover-ja.json,
pulled-reflow-reference,i18n-reflow,feature,ja,ai-video-enhancer-remaster-veo3,composite-v2,false,.json,_pull/i18n-reflow/Features/ja/ai-video-enhancer-remaster-veo3-ja.json,
pulled-reflow-reference,i18n-reflow,feature,ja,ai-video-generator,composite-v2,false,.json,_pull/i18n-reflow/Features/ja/ai-video-generator-ja.json,
pulled-reflow-reference,i18n-reflow,feature,ja,ai-video-generator-no-templates,composite-v2,false,.json,_pull/i18n-reflow/Features/ja/ai-video-generator-no-templates-ja.json,
pulled-reflow-reference,i18n-reflow,feature,ja,ai-video-generator-text-to-video,composite-v2,false,.json,_pull/i18n-reflow/Features/ja/ai-video-generator-text-to-video-ja.json,
pulled-reflow-reference,i18n-reflow,feature,ja,ai-video-generator-tools,composite-v2,false,.json,_pull/i18n-reflow/Features/ja/ai-video-generator-tools-ja.json,
pulled-reflow-reference,i18n-reflow,feature,ja,ai-video-generator-workflow-by-lovart,composite-v2,false,.json,_pull/i18n-reflow/Features/ja/ai-video-generator-workflow-by-lovart-ja.json,
pulled-reflow-reference,i18n-reflow,feature,ja,ai-video-generator-workflow,composite-v2,false,.json,_pull/i18n-reflow/Features/ja/ai-video-generator-workflow-ja.json,
pulled-reflow-reference,i18n-reflow,feature,ja,[object Object],composite-v2,false,.json,_pull/i18n-reflow/Features/ja/ai-video-optimization-ja.json,
pulled-reflow-reference,i18n-reflow,feature,ja,ai-video-prompt-generator-veo-sora,composite-v2,false,.json,_pull/i18n-reflow/Features/ja/ai-video-prompt-generator-veo-sora-ja.json,
pulled-reflow-reference,i18n-reflow,feature,ja,ai-webtoon-comic-generator-seedance,composite-v2,false,.json,_pull/i18n-reflow/Features/ja/ai-webtoon-comic-generator-seedance-ja.json,
pulled-reflow-reference,i18n-reflow,feature,ja,ai-youtube-banner-maker,composite-v2,false,.json,_pull/i18n-reflow/Features/ja/ai-youtube-banner-maker-ja.json,
pulled-reflow-reference,i18n-reflow,feature,ja,ai-youtube-thumbnail-generator,composite-v2,false,.json,_pull/i18n-reflow/Features/ja/ai-youtube-thumbnail-generator-ja.json,
pulled-reflow-reference,i18n-reflow,feature,ja,album-cover-design,composite-v2,false,.json,_pull/i18n-reflow/Features/ja/album-cover-design-ja.json,
pulled-reflow-reference,i18n-reflow,feature,ja,all-in-one-ai-models,composite-v2,false,.json,_pull/i18n-reflow/Features/ja/all-in-one-ai-models-ja.json,
pulled-reflow-reference,i18n-reflow,feature,ja,all-in-one-ai-video-generator,composite-v2,false,.json,_pull/i18n-reflow/Features/ja/all-in-one-ai-video-generator-ja.json,
pulled-reflow-reference,i18n-reflow,feature,ja,amazon-listing-design-optimization,composite-v2,false,.json,_pull/i18n-reflow/Features/ja/amazon-listing-design-optimization-ja.json,
pulled-reflow-reference,i18n-reflow,feature,ja,amazon-listing-image-generator,composite-v2,false,.json,_pull/i18n-reflow/Features/ja/amazon-listing-image-generator-ja.json,
pulled-reflow-reference,i18n-reflow,feature,ja,anniversary-card-design,composite-v2,false,.json,_pull/i18n-reflow/Features/ja/anniversary-card-design-ja.json,
pulled-reflow-reference,i18n-reflow,feature,ja,[object Object],composite-v2,false,.json,_pull/i18n-reflow/Features/ja/autonomous-ai-video-agent-ja.json,
pulled-reflow-reference,i18n-reflow,feature,ja,baby-shower-invitation-design,composite-v2,false,.json,_pull/i18n-reflow/Features/ja/baby-shower-invitation-design-ja.json,
pulled-reflow-reference,i18n-reflow,feature,ja,bakery-menu-design,composite-v2,false,.json,_pull/i18n-reflow/Features/ja/bakery-menu-design-ja.json,
pulled-reflow-reference,i18n-reflow,feature,ja,banner-design,composite-v2,false,.json,_pull/i18n-reflow/Features/ja/banner-design-ja.json,
pulled-reflow-reference,i18n-reflow,feature,ja,bar-menu-design,composite-v2,false,.json,_pull/i18n-reflow/Features/ja/bar-menu-design-ja.json,
pulled-reflow-reference,i18n-reflow,feature,ja,best-ai-image-generator-2026,composite-v2,false,.json,_pull/i18n-reflow/Features/ja/best-ai-image-generator-2026-ja.json,
pulled-reflow-reference,i18n-reflow,feature,ja,birthday-invitation-design,composite-v2,false,.json,_pull/i18n-reflow/Features/ja/birthday-invitation-design-ja.json,
pulled-reflow-reference,i18n-reflow,feature,ja,blog-post-to-instagram-ai-repurposing,composite-v2,false,.json,_pull/i18n-reflow/Features/ja/blog-post-to-instagram-ai-repurposing-ja.json,
pulled-reflow-reference,i18n-reflow,feature,ja,book-cover-design,composite-v2,false,.json,_pull/i18n-reflow/Features/ja/book-cover-design-ja.json,
pulled-reflow-reference,i18n-reflow,feature,ja,brand-hashtag-visual-generator,composite-v2,false,.json,_pull/i18n-reflow/Features/ja/brand-hashtag-visual-generator-ja.json,
pulled-reflow-reference,i18n-reflow,feature,ja,brochure-design,composite-v2,,.json,_pull/i18n-reflow/Features/ja/brochure-design-ja.json,
pulled-reflow-reference,i18n-reflow,feature,ja,cafe-menu-design,composite-v2,false,.json,_pull/i18n-reflow/Features/ja/cafe-menu-design-ja.json,
pulled-reflow-reference,i18n-reflow,feature,ja,catering-menu-design,composite-v2,false,.json,_pull/i18n-reflow/Features/ja/catering-menu-design-ja.json,
pulled-reflow-reference,i18n-reflow,feature,ja,certificate-design,composite-v2,false,.json,_pull/i18n-reflow/Features/ja/certificate-design-ja.json,
pulled-reflow-reference,i18n-reflow,feature,ja,change-video-background,composite-v2,false,.json,_pull/i18n-reflow/Features/ja/change-video-background-ja.json,
pulled-reflow-reference,i18n-reflow,feature,ja,chef-business-card-design,composite-v2,false,.json,_pull/i18n-reflow/Features/ja/chef-business-card-design-ja.json,
pulled-reflow-reference,i18n-reflow,feature,ja,classroom-poster-design,composite-v2,false,.json,_pull/i18n-reflow/Features/ja/classroom-poster-design-ja.json,
pulled-reflow-reference,i18n-reflow,feature,ja,company-brochure-design,composite-v2,false,.json,_pull/i18n-reflow/Features/ja/company-brochure-design-ja.json,
pulled-reflow-reference,i18n-reflow,feature,ja,concert-poster-design,composite-v2,false,.json,_pull/i18n-reflow/Features/ja/concert-poster-design-ja.json,
pulled-reflow-reference,i18n-reflow,feature,ja,course-material-design,composite-v2,false,.json,_pull/i18n-reflow/Features/ja/course-material-design-ja.json,
pulled-reflow-reference,i18n-reflow,feature,ja,create-editable-brand-kit-ai-agent,composite-v2,false,.json,_pull/i18n-reflow/Features/ja/create-editable-brand-kit-ai-agent-ja.json,
pulled-reflow-reference,i18n-reflow,feature,ja,create-mockups-with-brand-kit-ai,composite-v2,false,.json,_pull/i18n-reflow/Features/ja/create-mockups-with-brand-kit-ai-ja.json,
pulled-reflow-reference,i18n-reflow,feature,ja,create-videos-from-images-or-text-seedance,composite-v2,false,.json,_pull/i18n-reflow/Features/ja/create-videos-from-images-or-text-seedance-ja.json,
pulled-reflow-reference,i18n-reflow,feature,ja,custom-business-flyer-design,composite-v2,false,.json,_pull/i18n-reflow/Features/ja/custom-business-flyer-design-ja.json,
pulled-reflow-reference,i18n-reflow,feature,ja,cv-template-design,composite-v2,false,.json,_pull/i18n-reflow/Features/ja/cv-template-design-ja.json,
pulled-reflow-reference,i18n-reflow,feature,ja,design-viral-youtube-thumbnails-ai-by-lovart,composite-v2,false,.json,_pull/i18n-reflow/Features/ja/design-viral-youtube-thumbnails-ai-by-lovart-ja.json,
pulled-reflow-reference,i18n-reflow,feature,ja,design-viral-youtube-thumbnails-ai,composite-v2,false,.json,_pull/i18n-reflow/Features/ja/design-viral-youtube-thumbnails-ai-ja.json,
pulled-reflow-reference,i18n-reflow,feature,ja,diploma-design,composite-v2,false,.json,_pull/i18n-reflow/Features/ja/diploma-design-ja.json,
pulled-reflow-reference,i18n-reflow,feature,ja,discount-banner-design,composite-v2,false,.json,_pull/i18n-reflow/Features/ja/discount-banner-design-ja.json,
pulled-reflow-reference,i18n-reflow,feature,ja,e-learning-banner-design,composite-v2,false,.json,_pull/i18n-reflow/Features/ja/e-learning-banner-design-ja.json,
pulled-reflow-reference,i18n-reflow,feature,ja,ecommerce-banner-design,composite-v2,false,.json,_pull/i18n-reflow/Features/ja/ecommerce-banner-design-ja.json,
pulled-reflow-reference,i18n-reflow,feature,ja,edit-ai-generated-images,composite-v2,false,.json,_pull/i18n-reflow/Features/ja/edit-ai-generated-images-ja.json,
pulled-reflow-reference,i18n-reflow,feature,ja,engagement-invitation-design,composite-v2,false,.json,_pull/i18n-reflow/Features/ja/engagement-invitation-design-ja.json,
pulled-reflow-reference,i18n-reflow,feature,ja,event-poster-maker,composite-v2,false,.json,_pull/i18n-reflow/Features/ja/event-poster-maker-ja.json,
pulled-reflow-reference,i18n-reflow,feature,ja,event-program-design,composite-v2,false,.json,_pull/i18n-reflow/Features/ja/event-program-design-ja.json,
pulled-reflow-reference,i18n-reflow,feature,ja,facebook-cover-design,composite-v2,false,.json,_pull/i18n-reflow/Features/ja/facebook-cover-design-ja.json,
pulled-reflow-reference,i18n-reflow,feature,ja,facebook-post-template-generator,composite-v2,false,.json,_pull/i18n-reflow/Features/ja/facebook-post-template-generator-ja.json,
pulled-reflow-reference,i18n-reflow,feature,ja,festival-banner-design,composite-v2,false,.json,_pull/i18n-reflow/Features/ja/festival-banner-design-ja.json,
pulled-reflow-reference,i18n-reflow,feature,ja,flyer-design,composite-v2,false,.json,_pull/i18n-reflow/Features/ja/flyer-design-ja.json,
pulled-reflow-reference,i18n-reflow,feature,ja,food-banner-design,composite-v2,false,.json,_pull/i18n-reflow/Features/ja/food-banner-design-ja.json,
pulled-reflow-reference,i18n-reflow,feature,ja,food-blog-header-design,composite-v2,false,.json,_pull/i18n-reflow/Features/ja/food-blog-header-design-ja.json,
pulled-reflow-reference,i18n-reflow,feature,ja,food-delivery-app-design,composite-v2,false,.json,_pull/i18n-reflow/Features/ja/food-delivery-app-design-ja.json,
pulled-reflow-reference,i18n-reflow,feature,ja,food-festival-poster-design,composite-v2,false,.json,_pull/i18n-reflow/Features/ja/food-festival-poster-design-ja.json,
pulled-reflow-reference,i18n-reflow,feature,ja,food-flyer-design,composite-v2,false,.json,_pull/i18n-reflow/Features/ja/food-flyer-design-ja.json,
pulled-reflow-reference,i18n-reflow,feature,ja,food-packaging-design,composite-v2,false,.json,_pull/i18n-reflow/Features/ja/food-packaging-design-ja.json,
pulled-reflow-reference,i18n-reflow,feature,ja,food-photography-layout-design,composite-v2,false,.json,_pull/i18n-reflow/Features/ja/food-photography-layout-design-ja.json,
pulled-reflow-reference,i18n-reflow,feature,ja,food-poster-design,composite-v2,false,.json,_pull/i18n-reflow/Features/ja/food-poster-design-ja.json,
pulled-reflow-reference,i18n-reflow,feature,ja,food-recipe-card-design,composite-v2,false,.json,_pull/i18n-reflow/Features/ja/food-recipe-card-design-ja.json,
pulled-reflow-reference,i18n-reflow,feature,ja,food-social-media-design,composite-v2,false,.json,_pull/i18n-reflow/Features/ja/food-social-media-design-ja.json,
pulled-reflow-reference,i18n-reflow,feature,ja,food-truck-menu-design,composite-v2,false,.json,_pull/i18n-reflow/Features/ja/food-truck-menu-design-ja.json,
pulled-reflow-reference,i18n-reflow,feature,ja,food-truck-wrap-design,composite-v2,false,.json,_pull/i18n-reflow/Features/ja/food-truck-wrap-design-ja.json,
pulled-reflow-reference,i18n-reflow,feature,ja,free-online-tool,composite-v2,false,.json,_pull/i18n-reflow/Features/ja/free-online-tool-ja.json,
pulled-reflow-reference,i18n-reflow,feature,ja,gpt-image-generator-ai,composite-v2,false,.json,_pull/i18n-reflow/Features/ja/gpt-image-generator-ai-ja.json,
pulled-reflow-reference,i18n-reflow,feature,ja,graduation-invitation-design,composite-v2,false,.json,_pull/i18n-reflow/Features/ja/graduation-invitation-design-ja.json,
pulled-reflow-reference,i18n-reflow,feature,ja,graphic-design,composite-v2,false,.json,_pull/i18n-reflow/Features/ja/graphic-design-ja.json,
pulled-reflow-reference,i18n-reflow,feature,ja,infinite-chatcanvas-ai-collaboration,composite-v2,false,.json,_pull/i18n-reflow/Features/ja/infinite-chatcanvas-ai-collaboration-ja.json,
pulled-reflow-reference,i18n-reflow,feature,ja,infographic-design,composite-v2,false,.json,_pull/i18n-reflow/Features/ja/infographic-design-ja.json,
pulled-reflow-reference,i18n-reflow,feature,ja,instagram-highlight-cover-design,composite-v2,false,.json,_pull/i18n-reflow/Features/ja/instagram-highlight-cover-design-ja.json,
pulled-reflow-reference,i18n-reflow,feature,ja,instagram-story-design,composite-v2,false,.json,_pull/i18n-reflow/Features/ja/instagram-story-design-ja.json,
pulled-reflow-reference,i18n-reflow,feature,ja,[object Object],composite-v2,false,.json,_pull/i18n-reflow/Features/ja/instagram-story-layout-ideas-generator-ja.json,
pulled-reflow-reference,i18n-reflow,feature,ja,instagram-story-maker,composite-v2,false,.json,_pull/i18n-reflow/Features/ja/instagram-story-maker-ja.json,
pulled-reflow-reference,i18n-reflow,feature,ja,launch-event-landing-page-generator,composite-v2,false,.json,_pull/i18n-reflow/Features/ja/launch-event-landing-page-generator-ja.json,
pulled-reflow-reference,i18n-reflow,feature,ja,leonardo-ai-alternative,composite-v2,false,.json,_pull/i18n-reflow/Features/ja/leonardo-ai-alternative-ja.json,
pulled-reflow-reference,i18n-reflow,feature,ja,lesson-plan-design,composite-v2,false,.json,_pull/i18n-reflow/Features/ja/lesson-plan-design-ja.json,
pulled-reflow-reference,i18n-reflow,feature,ja,linkedin-ads-generator,composite-v2,false,.json,_pull/i18n-reflow/Features/ja/linkedin-ads-generator-ja.json,
pulled-reflow-reference,i18n-reflow,feature,ja,linkedin-banner-design-ai-generator-by-lovart,composite-v2,false,.json,_pull/i18n-reflow/Features/ja/linkedin-banner-design-ai-generator-by-lovart-ja.json,
pulled-reflow-reference,i18n-reflow,feature,ja,linkedin-banner-design-ai-generator,composite-v2,false,.json,_pull/i18n-reflow/Features/ja/linkedin-banner-design-ai-generator-ja.json,
pulled-reflow-reference,i18n-reflow,feature,ja,linkedin-banner-design,composite-v2,false,.json,_pull/i18n-reflow/Features/ja/linkedin-banner-design-ja.json,
pulled-reflow-reference,i18n-reflow,feature,ja,linkedin-spotlight-ads-generator,composite-v2,false,.json,_pull/i18n-reflow/Features/ja/linkedin-spotlight-ads-generator-ja.json,
pulled-reflow-reference,i18n-reflow,feature,ja,magazine-layout-design,composite-v2,false,.json,_pull/i18n-reflow/Features/ja/magazine-layout-design-ja.json,
pulled-reflow-reference,i18n-reflow,feature,ja,[object Object],composite-v2,false,.json,_pull/i18n-reflow/Features/ja/mcot-engine-ja.json,
pulled-reflow-reference,i18n-reflow,feature,ja,mood-board-creation,composite-v2,false,.json,_pull/i18n-reflow/Features/ja/mood-board-creation-ja.json,
pulled-reflow-reference,i18n-reflow,feature,ja,[object Object],composite-v2,false,.json,_pull/i18n-reflow/Features/ja/multimodal-ai-video-agent-ja.json,
pulled-reflow-reference,i18n-reflow,feature,ja,nano-banana-ai-model,composite-v2,false,.json,_pull/i18n-reflow/Features/ja/nano-banana-ai-model-ja.json,
pulled-reflow-reference,i18n-reflow,feature,ja,nano-banana-best-practices,composite-v2,false,.json,_pull/i18n-reflow/Features/ja/nano-banana-best-practices-ja.json,
pulled-reflow-reference,i18n-reflow,feature,ja,nano-banana-case-studies,composite-v2,false,.json,_pull/i18n-reflow/Features/ja/nano-banana-case-studies-ja.json,
pulled-reflow-reference,i18n-reflow,feature,ja,nano-banana-concept-art-workflow,composite-v2,false,.json,_pull/i18n-reflow/Features/ja/nano-banana-concept-art-workflow-ja.json,
pulled-reflow-reference,i18n-reflow,feature,ja,nano-banana-creative-brainstorming,composite-v2,false,.json,_pull/i18n-reflow/Features/ja/nano-banana-creative-brainstorming-ja.json,
pulled-reflow-reference,i18n-reflow,feature,ja,nano-banana-digital-art-creation,composite-v2,false,.json,_pull/i18n-reflow/Features/ja/nano-banana-digital-art-creation-ja.json,
pulled-reflow-reference,i18n-reflow,feature,ja,nano-banana-educational-materials,composite-v2,false,.json,_pull/i18n-reflow/Features/ja/nano-banana-educational-materials-ja.json,
pulled-reflow-reference,i18n-reflow,feature,ja,nano-banana-graphic-design-workflow,composite-v2,false,.json,_pull/i18n-reflow/Features/ja/nano-banana-graphic-design-workflow-ja.json,
pulled-reflow-reference,i18n-reflow,feature,ja,nano-banana-illustration-projects,composite-v2,false,.json,_pull/i18n-reflow/Features/ja/nano-banana-illustration-projects-ja.json,
pulled-reflow-reference,i18n-reflow,feature,ja,nano-banana-infographic-design,composite-v2,false,.json,_pull/i18n-reflow/Features/ja/nano-banana-infographic-design-ja.json,
pulled-reflow-reference,i18n-reflow,feature,ja,nano-banana-marketing-visuals,composite-v2,false,.json,_pull/i18n-reflow/Features/ja/nano-banana-marketing-visuals-ja.json,
pulled-reflow-reference,i18n-reflow,feature,ja,nano-banana-presentation-slides,composite-v2,false,.json,_pull/i18n-reflow/Features/ja/nano-banana-presentation-slides-ja.json,
pulled-reflow-reference,i18n-reflow,feature,ja,nano-banana-product-photography,composite-v2,false,.json,_pull/i18n-reflow/Features/ja/nano-banana-product-photography-ja.json,
pulled-reflow-reference,i18n-reflow,feature,ja,nano-banana-social-media-graphics,composite-v2,false,.json,_pull/i18n-reflow/Features/ja/nano-banana-social-media-graphics-ja.json,
pulled-reflow-reference,i18n-reflow,feature,ja,nano-banana-website-graphics,composite-v2,false,.json,_pull/i18n-reflow/Features/ja/nano-banana-website-graphics-ja.json,
pulled-reflow-reference,i18n-reflow,feature,ja,nano-banana-workflow-optimization,composite-v2,false,.json,_pull/i18n-reflow/Features/ja/nano-banana-workflow-optimization-ja.json,
pulled-reflow-reference,i18n-reflow,feature,ja,nano-banana-youtube-thumbnails,composite-v2,false,.json,_pull/i18n-reflow/Features/ja/nano-banana-youtube-thumbnails-ja.json,
pulled-reflow-reference,i18n-reflow,feature,ja,no-template-popup-ads-generator,composite-v2,false,.json,_pull/i18n-reflow/Features/ja/no-template-popup-ads-generator-ja.json,
pulled-reflow-reference,i18n-reflow,feature,ja,no-template-popup-ads,composite-v2,false,.json,_pull/i18n-reflow/Features/ja/no-template-popup-ads-ja.json,
pulled-reflow-reference,i18n-reflow,feature,ja,nutrition-label-design,composite-v2,false,.json,_pull/i18n-reflow/Features/ja/nutrition-label-design-ja.json,
pulled-reflow-reference,i18n-reflow,feature,ja,online-multimodal-ai-creator-seedance,composite-v2,false,.json,_pull/i18n-reflow/Features/ja/online-multimodal-ai-creator-seedance-ja.json,
pulled-reflow-reference,i18n-reflow,feature,ja,online-store-graphics-design,composite-v2,false,.json,_pull/i18n-reflow/Features/ja/online-store-graphics-design-ja.json,
pulled-reflow-reference,i18n-reflow,feature,ja,overcome-blank-canvas-syndrome,composite-v2,false,.json,_pull/i18n-reflow/Features/ja/overcome-blank-canvas-syndrome-ja.json,
pulled-reflow-reference,i18n-reflow,feature,ja,party-flyer-design,composite-v2,false,.json,_pull/i18n-reflow/Features/ja/party-flyer-design-ja.json,
pulled-reflow-reference,i18n-reflow,feature,ja,pinterest-pin-design,composite-v2,false,.json,_pull/i18n-reflow/Features/ja/pinterest-pin-design-ja.json,
pulled-reflow-reference,i18n-reflow,feature,ja,pixel-pusher-to-creative-director,composite-v2,false,.json,_pull/i18n-reflow/Features/ja/pixel-pusher-to-creative-director-ja.json,
pulled-reflow-reference,i18n-reflow,feature,ja,pizza-menu-design,composite-v2,false,.json,_pull/i18n-reflow/Features/ja/pizza-menu-design-ja.json,
pulled-reflow-reference,i18n-reflow,feature,ja,portfolio-design,composite-v2,false,.json,_pull/i18n-reflow/Features/ja/portfolio-design-ja.json,
pulled-reflow-reference,i18n-reflow,feature,ja,poster-design,composite-v2,false,.json,_pull/i18n-reflow/Features/ja/poster-design-ja.json,
pulled-reflow-reference,i18n-reflow,feature,ja,price-list-design,composite-v2,false,.json,_pull/i18n-reflow/Features/ja/price-list-design-ja.json,
pulled-reflow-reference,i18n-reflow,feature,ja,product-catalog-design,composite-v2,false,.json,_pull/i18n-reflow/Features/ja/product-catalog-design-ja.json,
pulled-reflow-reference,i18n-reflow,feature,ja,product-packaging-design,composite-v2,false,.json,_pull/i18n-reflow/Features/ja/product-packaging-design-ja.json,
pulled-reflow-reference,i18n-reflow,feature,ja,professional-corporate-presentation-design,composite-v2,false,.json,_pull/i18n-reflow/Features/ja/professional-corporate-presentation-design-ja.json,
pulled-reflow-reference,i18n-reflow,feature,ja,professional-resume-design,composite-v2,false,.json,_pull/i18n-reflow/Features/ja/professional-resume-design-ja.json,
pulled-reflow-reference,i18n-reflow,feature,ja,promotional-flyer-design,composite-v2,false,.json,_pull/i18n-reflow/Features/ja/promotional-flyer-design-ja.json,
pulled-reflow-reference,i18n-reflow,feature,ja,property-brochure-design,composite-v2,false,.json,_pull/i18n-reflow/Features/ja/property-brochure-design-ja.json,
pulled-reflow-reference,i18n-reflow,feature,ja,property-listing-design,composite-v2,false,.json,_pull/i18n-reflow/Features/ja/property-listing-design-ja.json,
pulled-reflow-reference,i18n-reflow,feature,ja,property-report-design,composite-v2,false,.json,_pull/i18n-reflow/Features/ja/property-report-design-ja.json,
pulled-reflow-reference,i18n-reflow,feature,ja,[object Object],composite-v2,false,.json,_pull/i18n-reflow/Features/ja/quick-poster-generation-by-lovart-ja.json,
pulled-reflow-reference,i18n-reflow,feature,ja,rapid-poster-ai-creation,composite-v2,false,.json,_pull/i18n-reflow/Features/ja/rapid-poster-ai-creation-ja.json,
pulled-reflow-reference,i18n-reflow,feature,ja,real-estate-banner-design,composite-v2,false,.json,_pull/i18n-reflow/Features/ja/real-estate-banner-design-ja.json,
pulled-reflow-reference,i18n-reflow,feature,ja,real-estate-business-card-design,composite-v2,false,.json,_pull/i18n-reflow/Features/ja/real-estate-business-card-design-ja.json,
pulled-reflow-reference,i18n-reflow,feature,ja,real-estate-flyer-design,composite-v2,false,.json,_pull/i18n-reflow/Features/ja/real-estate-flyer-design-ja.json,
pulled-reflow-reference,i18n-reflow,feature,ja,real-estate-logo-design,composite-v2,false,.json,_pull/i18n-reflow/Features/ja/real-estate-logo-design-ja.json,
pulled-reflow-reference,i18n-reflow,feature,ja,real-estate-newsletter-design,composite-v2,false,.json,_pull/i18n-reflow/Features/ja/real-estate-newsletter-design-ja.json,
pulled-reflow-reference,i18n-reflow,feature,ja,real-estate-postcard-design,composite-v2,false,.json,_pull/i18n-reflow/Features/ja/real-estate-postcard-design-ja.json,
pulled-reflow-reference,i18n-reflow,feature,ja,real-estate-sign-design,composite-v2,false,.json,_pull/i18n-reflow/Features/ja/real-estate-sign-design-ja.json,
pulled-reflow-reference,i18n-reflow,feature,ja,remove-video-background,composite-v2,false,.json,_pull/i18n-reflow/Features/ja/remove-video-background-ja.json,
pulled-reflow-reference,i18n-reflow,feature,ja,restaurant_menu_design,composite-v2,false,.json,_pull/i18n-reflow/Features/ja/restaurant_menu_design-ja.json,
pulled-reflow-reference,i18n-reflow,feature,ja,restaurant-brochure-design,composite-v2,false,.json,_pull/i18n-reflow/Features/ja/restaurant-brochure-design-ja.json,
pulled-reflow-reference,i18n-reflow,feature,ja,restaurant-business-card-design,composite-v2,false,.json,_pull/i18n-reflow/Features/ja/restaurant-business-card-design-ja.json,
pulled-reflow-reference,i18n-reflow,feature,ja,restaurant-coupon-design,composite-v2,false,.json,_pull/i18n-reflow/Features/ja/restaurant-coupon-design-ja.json,
pulled-reflow-reference,i18n-reflow,feature,ja,restaurant-door-hanger-design,composite-v2,false,.json,_pull/i18n-reflow/Features/ja/restaurant-door-hanger-design-ja.json,
pulled-reflow-reference,i18n-reflow,feature,ja,restaurant-email-template-design,composite-v2,false,.json,_pull/i18n-reflow/Features/ja/restaurant-email-template-design-ja.json,
pulled-reflow-reference,i18n-reflow,feature,ja,restaurant-gift-card-design,composite-v2,false,.json,_pull/i18n-reflow/Features/ja/restaurant-gift-card-design-ja.json,
pulled-reflow-reference,i18n-reflow,feature,ja,restaurant-logo-design,composite-v2,false,.json,_pull/i18n-reflow/Features/ja/restaurant-logo-design-ja.json,
pulled-reflow-reference,i18n-reflow,feature,ja,restaurant-loyalty-card-design,composite-v2,false,.json,_pull/i18n-reflow/Features/ja/restaurant-loyalty-card-design-ja.json,
pulled-reflow-reference,i18n-reflow,feature,ja,restaurant-menu-design,composite-v2,false,.json,_pull/i18n-reflow/Features/ja/restaurant-menu-design-ja.json,
pulled-reflow-reference,i18n-reflow,feature,ja,restaurant-table-tent-design,composite-v2,false,.json,_pull/i18n-reflow/Features/ja/restaurant-table-tent-design-ja.json,
pulled-reflow-reference,i18n-reflow,feature,ja,sale-poster-design,composite-v2,false,.json,_pull/i18n-reflow/Features/ja/sale-poster-design-ja.json,
pulled-reflow-reference,i18n-reflow,feature,ja,seamless-carousel-post-visual-storytelling,composite-v2,false,.json,_pull/i18n-reflow/Features/ja/seamless-carousel-post-visual-storytelling-ja.json,
pulled-reflow-reference,i18n-reflow,feature,ja,secure-student-id-card-design,composite-v2,false,.json,_pull/i18n-reflow/Features/ja/secure-student-id-card-design-ja.json,
pulled-reflow-reference,i18n-reflow,feature,ja,seedance-2-0-ai-video-generator,composite-v2,false,.json,_pull/i18n-reflow/Features/ja/seedance-2-0-ai-video-generator-ja.json,
pulled-reflow-reference,i18n-reflow,feature,ja,seedance-2-ai-video-generator-agent,composite-v2,false,.json,_pull/i18n-reflow/Features/ja/seedance-2-ai-video-generator-agent-ja.json,
pulled-reflow-reference,i18n-reflow,feature,ja,seedance-ai-ad-creatives,composite-v2,false,.json,_pull/i18n-reflow/Features/ja/seedance-ai-ad-creatives-ja.json,
pulled-reflow-reference,i18n-reflow,feature,ja,seedance-ai-video-generator,composite-v2,false,.json,_pull/i18n-reflow/Features/ja/seedance-ai-video-generator-ja.json,
pulled-reflow-reference,i18n-reflow,feature,ja,[object Object],composite-v2,false,.json,_pull/i18n-reflow/Features/ja/seedance-batch-creative-production-ja.json,
pulled-reflow-reference,i18n-reflow,feature,ja,seedance-text-to-video-ai,composite-v2,false,.json,_pull/i18n-reflow/Features/ja/seedance-text-to-video-ai-ja.json,
pulled-reflow-reference,i18n-reflow,feature,ja,seedance-viral-matrix-operation,composite-v2,false,.json,_pull/i18n-reflow/Features/ja/seedance-viral-matrix-operation-ja.json,
pulled-reflow-reference,i18n-reflow,feature,ja,seedance-viral-short-video-assets,composite-v2,false,.json,_pull/i18n-reflow/Features/ja/seedance-viral-short-video-assets-ja.json,
pulled-reflow-reference,i18n-reflow,feature,ja,shopify-banner-design,composite-v2,false,.json,_pull/i18n-reflow/Features/ja/shopify-banner-design-ja.json,
pulled-reflow-reference,i18n-reflow,feature,ja,social-media-post-design,composite-v2,false,.json,_pull/i18n-reflow/Features/ja/social-media-post-design-ja.json,
pulled-reflow-reference,i18n-reflow,feature,ja,social-media-template-design,composite-v2,false,.json,_pull/i18n-reflow/Features/ja/social-media-template-design-ja.json,
pulled-reflow-reference,i18n-reflow,feature,ja,startup-logo-design,composite-v2,false,.json,_pull/i18n-reflow/Features/ja/startup-logo-design-ja.json,
pulled-reflow-reference,i18n-reflow,feature,ja,text-image-to-video-seedance,composite-v2,false,.json,_pull/i18n-reflow/Features/ja/text-image-to-video-seedance-ja.json,
pulled-reflow-reference,i18n-reflow,feature,ja,text-to-video-ai-generator-veo3,composite-v2,false,.json,_pull/i18n-reflow/Features/ja/text-to-video-ai-generator-veo3-ja.json,
pulled-reflow-reference,i18n-reflow,feature,ja,text-to-video-ai,composite-v2,false,.json,_pull/i18n-reflow/Features/ja/text-to-video-ai-ja.json,
pulled-reflow-reference,i18n-reflow,feature,ja,textbook-cover-design,composite-v2,false,.json,_pull/i18n-reflow/Features/ja/textbook-cover-design-ja.json,
pulled-reflow-reference,i18n-reflow,feature,ja,tiktok-video-cover-design,composite-v2,false,.json,_pull/i18n-reflow/Features/ja/tiktok-video-cover-design-ja.json,
pulled-reflow-reference,i18n-reflow,feature,ja,touch-edit-ai,composite-v2,false,.json,_pull/i18n-reflow/Features/ja/touch-edit-ai-ja.json,
pulled-reflow-reference,i18n-reflow,feature,ja,twitter-header-design,composite-v2,false,.json,_pull/i18n-reflow/Features/ja/twitter-header-design-ja.json,
pulled-reflow-reference,i18n-reflow,feature,ja,video-background-changer,composite-v2,false,.json,_pull/i18n-reflow/Features/ja/video-background-changer-ja.json,
pulled-reflow-reference,i18n-reflow,feature,ja,video-background-remover,composite-v2,false,.json,_pull/i18n-reflow/Features/ja/video-background-remover-ja.json,
pulled-reflow-reference,i18n-reflow,feature,ja,wedding-invitation-design,composite-v2,false,.json,_pull/i18n-reflow/Features/ja/wedding-invitation-design-ja.json,
pulled-reflow-reference,i18n-reflow,feature,ja,wine-label-design,composite-v2,false,.json,_pull/i18n-reflow/Features/ja/wine-label-design-ja.json,
pulled-reflow-reference,i18n-reflow,feature,ja,worksheet-design,composite-v2,false,.json,_pull/i18n-reflow/Features/ja/worksheet-design-ja.json,
pulled-reflow-reference,i18n-reflow,feature,ja,youtube-thumbnail-design,composite-v2,false,.json,_pull/i18n-reflow/Features/ja/youtube-thumbnail-design-ja.json,
pulled-reflow-reference,i18n-reflow,feature,ko,ai-ad-thumbnail-generator,composite-v2,false,.json,_pull/i18n-reflow/Features/ko/ai-ad-thumbnail-generator-ko.json,
pulled-reflow-reference,i18n-reflow,feature,ko,ai-affiliate-ads-generator,composite-v2,false,.json,_pull/i18n-reflow/Features/ko/ai-affiliate-ads-generator-ko.json,
pulled-reflow-reference,i18n-reflow,feature,ko,ai-background-swap-no-masking,composite-v2,false,.json,_pull/i18n-reflow/Features/ko/ai-background-swap-no-masking-ko.json,
pulled-reflow-reference,i18n-reflow,feature,ko,ai-bakery-menu-maker,composite-v2,false,.json,_pull/i18n-reflow/Features/ko/ai-bakery-menu-maker-ko.json,
pulled-reflow-reference,i18n-reflow,feature,ko,ai-brochure-design-tool,composite-v2,false,.json,_pull/i18n-reflow/Features/ko/ai-brochure-design-tool-ko.json,
pulled-reflow-reference,i18n-reflow,feature,ko,ai-business-card-maker,composite-v2,false,.json,_pull/i18n-reflow/Features/ko/ai-business-card-maker-ko.json,
pulled-reflow-reference,i18n-reflow,feature,ko,ai-carousel-generator,composite-v2,false,.json,_pull/i18n-reflow/Features/ko/ai-carousel-generator-ko.json,
pulled-reflow-reference,i18n-reflow,feature,ko,ai-commercials-seedance,composite-v2,false,.json,_pull/i18n-reflow/Features/ko/ai-commercials-seedance-ko.json,
pulled-reflow-reference,i18n-reflow,feature,ko,ai-company-logo-maker,composite-v2,false,.json,_pull/i18n-reflow/Features/ko/ai-company-logo-maker-ko.json,
pulled-reflow-reference,i18n-reflow,feature,ko,ai-coupon-ad-generator,composite-v2,false,.json,_pull/i18n-reflow/Features/ko/ai-coupon-ad-generator-ko.json,
pulled-reflow-reference,i18n-reflow,feature,ko,ai-design-agent-for-freelancers,composite-v2,false,.json,_pull/i18n-reflow/Features/ko/ai-design-agent-for-freelancers-ko.json,
pulled-reflow-reference,i18n-reflow,feature,ko,ai-design-agent,composite-v2,false,.json,_pull/i18n-reflow/Features/ko/ai-design-agent-ko.json,
pulled-reflow-reference,i18n-reflow,feature,ko,ai-design-marketing-agency,composite-v2,false,.json,_pull/i18n-reflow/Features/ko/ai-design-marketing-agency-ko.json,
pulled-reflow-reference,i18n-reflow,feature,ko,ai-facebook-poster-generator,composite-v2,false,.json,_pull/i18n-reflow/Features/ko/ai-facebook-poster-generator-ko.json,
pulled-reflow-reference,i18n-reflow,feature,ko,ai-giveaway-poster-generator,composite-v2,false,.json,_pull/i18n-reflow/Features/ko/ai-giveaway-poster-generator-ko.json,
pulled-reflow-reference,i18n-reflow,feature,ko,ai-google-ads-banner-generator,composite-v2,false,.json,_pull/i18n-reflow/Features/ko/ai-google-ads-banner-generator-ko.json,
pulled-reflow-reference,i18n-reflow,feature,ko,ai-illustration-generator-vector-nano-banana,composite-v2,false,.json,_pull/i18n-reflow/Features/ko/ai-illustration-generator-vector-nano-banana-ko.json,
pulled-reflow-reference,i18n-reflow,feature,ko,ai-image-generator,composite-v2,false,.json,_pull/i18n-reflow/Features/ko/ai-image-generator-ko.json,
pulled-reflow-reference,i18n-reflow,feature,ko,ai-image-generator-text-to-image,composite-v2,false,.json,_pull/i18n-reflow/Features/ko/ai-image-generator-text-to-image-ko.json,
pulled-reflow-reference,i18n-reflow,feature,ko,ai-instagram-feed-planner,composite-v2,false,.json,_pull/i18n-reflow/Features/ko/ai-instagram-feed-planner-ko.json,
pulled-reflow-reference,i18n-reflow,feature,ko,ai-instagram-post-generator,composite-v2,false,.json,_pull/i18n-reflow/Features/ko/ai-instagram-post-generator-ko.json,
pulled-reflow-reference,i18n-reflow,feature,ko,ai-instagram-post-maker,composite-v2,false,.json,_pull/i18n-reflow/Features/ko/ai-instagram-post-maker-ko.json,
pulled-reflow-reference,i18n-reflow,feature,ko,ai-instagram-story-layout-generator,composite-v2,false,.json,_pull/i18n-reflow/Features/ko/ai-instagram-story-layout-generator-ko.json,
pulled-reflow-reference,i18n-reflow,feature,ko,ai-linkedin-infographic-generator-b2b,composite-v2,false,.json,_pull/i18n-reflow/Features/ko/ai-linkedin-infographic-generator-b2b-ko.json,
pulled-reflow-reference,i18n-reflow,feature,ko,ai-logo-maker-brand-agent,composite-v2,false,.json,_pull/i18n-reflow/Features/ko/ai-logo-maker-brand-agent-ko.json,
pulled-reflow-reference,i18n-reflow,feature,ko,ai-meta-ads-generator,composite-v2,false,.json,_pull/i18n-reflow/Features/ko/ai-meta-ads-generator-ko.json,
pulled-reflow-reference,i18n-reflow,feature,ko,ai-mockup-generator,composite-v2,false,.json,_pull/i18n-reflow/Features/ko/ai-mockup-generator-ko.json,
pulled-reflow-reference,i18n-reflow,feature,ko,ai-paid-social-ad-generator,composite-v2,false,.json,_pull/i18n-reflow/Features/ko/ai-paid-social-ad-generator-ko.json,
pulled-reflow-reference,i18n-reflow,feature,ko,ai-picture-generator,composite-v2,false,.json,_pull/i18n-reflow/Features/ko/ai-picture-generator-ko.json,
pulled-reflow-reference,i18n-reflow,feature,ko,ai-pinterest-pin-maker,composite-v2,false,.json,_pull/i18n-reflow/Features/ko/ai-pinterest-pin-maker-ko.json,
pulled-reflow-reference,i18n-reflow,feature,ko,ai-poster-design-agent-nano-banana,composite-v2,false,.json,_pull/i18n-reflow/Features/ko/ai-poster-design-agent-nano-banana-ko.json,
pulled-reflow-reference,i18n-reflow,feature,ko,ai-poster-generator-illustration-optimization,composite-v2,false,.json,_pull/i18n-reflow/Features/ko/ai-poster-generator-illustration-optimization-ko.json,
pulled-reflow-reference,i18n-reflow,feature,ko,ai-presentation-slides-generator,composite-v2,false,.json,_pull/i18n-reflow/Features/ko/ai-presentation-slides-generator-ko.json,
pulled-reflow-reference,i18n-reflow,feature,ko,ai-product-catalog-maker,composite-v2,false,.json,_pull/i18n-reflow/Features/ko/ai-product-catalog-maker-ko.json,
pulled-reflow-reference,i18n-reflow,feature,ko,ai-product-display-generator,composite-v2,false,.json,_pull/i18n-reflow/Features/ko/ai-product-display-generator-ko.json,
pulled-reflow-reference,i18n-reflow,feature,ko,ai-product-image-generator,composite-v2,false,.json,_pull/i18n-reflow/Features/ko/ai-product-image-generator-ko.json,
pulled-reflow-reference,i18n-reflow,feature,ko,ai-product-video-seedance,composite-v2,false,.json,_pull/i18n-reflow/Features/ko/ai-product-video-seedance-ko.json,
pulled-reflow-reference,i18n-reflow,feature,ko,ai-promotion-landing-page-generator,composite-v2,false,.json,_pull/i18n-reflow/Features/ko/ai-promotion-landing-page-generator-ko.json,
pulled-reflow-reference,i18n-reflow,feature,ko,ai-retargeting-ad-generator,composite-v2,false,.json,_pull/i18n-reflow/Features/ko/ai-retargeting-ad-generator-ko.json,
pulled-reflow-reference,i18n-reflow,feature,ko,ai-short-video-generator,composite-v2,false,.json,_pull/i18n-reflow/Features/ko/ai-short-video-generator-ko.json,
pulled-reflow-reference,i18n-reflow,feature,ko,ai-social-media-content-generator,composite-v2,false,.json,_pull/i18n-reflow/Features/ko/ai-social-media-content-generator-ko.json,
pulled-reflow-reference,i18n-reflow,feature,ko,ai-social-media-post-maker,composite-v2,false,.json,_pull/i18n-reflow/Features/ko/ai-social-media-post-maker-ko.json,
pulled-reflow-reference,i18n-reflow,feature,ko,ai-subscribe-ad-generator,composite-v2,false,.json,_pull/i18n-reflow/Features/ko/ai-subscribe-ad-generator-ko.json,
pulled-reflow-reference,i18n-reflow,feature,ko,ai-subscription-fatigue-utility,composite-v2,false,.json,_pull/i18n-reflow/Features/ko/ai-subscription-fatigue-utility-ko.json,
pulled-reflow-reference,i18n-reflow,feature,ko,ai-text-to-image-generator,composite-v2,false,.json,_pull/i18n-reflow/Features/ko/ai-text-to-image-generator-ko.json,
pulled-reflow-reference,i18n-reflow,feature,ko,ai-tiktok-thumbnail-maker,composite-v2,false,.json,_pull/i18n-reflow/Features/ko/ai-tiktok-thumbnail-maker-ko.json,
pulled-reflow-reference,i18n-reflow,feature,ko,ai-twitter-x-post-generator,composite-v2,false,.json,_pull/i18n-reflow/Features/ko/ai-twitter-x-post-generator-ko.json,
pulled-reflow-reference,i18n-reflow,feature,ko,ai-video-background-remover,composite-v2,false,.json,_pull/i18n-reflow/Features/ko/ai-video-background-remover-ko.json,
pulled-reflow-reference,i18n-reflow,feature,ko,ai-video-enhancer-remaster-veo3,composite-v2,false,.json,_pull/i18n-reflow/Features/ko/ai-video-enhancer-remaster-veo3-ko.json,
pulled-reflow-reference,i18n-reflow,feature,ko,ai-video-generator,composite-v2,false,.json,_pull/i18n-reflow/Features/ko/ai-video-generator-ko.json,
pulled-reflow-reference,i18n-reflow,feature,ko,ai-video-generator-no-templates,composite-v2,false,.json,_pull/i18n-reflow/Features/ko/ai-video-generator-no-templates-ko.json,
pulled-reflow-reference,i18n-reflow,feature,ko,ai-video-generator-text-to-video,composite-v2,false,.json,_pull/i18n-reflow/Features/ko/ai-video-generator-text-to-video-ko.json,
pulled-reflow-reference,i18n-reflow,feature,ko,ai-video-generator-tools,composite-v2,false,.json,_pull/i18n-reflow/Features/ko/ai-video-generator-tools-ko.json,
pulled-reflow-reference,i18n-reflow,feature,ko,ai-video-generator-workflow-by-lovart,composite-v2,false,.json,_pull/i18n-reflow/Features/ko/ai-video-generator-workflow-by-lovart-ko.json,
pulled-reflow-reference,i18n-reflow,feature,ko,ai-video-generator-workflow,composite-v2,false,.json,_pull/i18n-reflow/Features/ko/ai-video-generator-workflow-ko.json,
pulled-reflow-reference,i18n-reflow,feature,ko,ai-video-optimization,composite-v2,false,.json,_pull/i18n-reflow/Features/ko/ai-video-optimization-ko.json,
pulled-reflow-reference,i18n-reflow,feature,ko,ai-video-prompt-generator-veo-sora,composite-v2,false,.json,_pull/i18n-reflow/Features/ko/ai-video-prompt-generator-veo-sora-ko.json,
pulled-reflow-reference,i18n-reflow,feature,ko,ai-webtoon-comic-generator-seedance,composite-v2,false,.json,_pull/i18n-reflow/Features/ko/ai-webtoon-comic-generator-seedance-ko.json,
pulled-reflow-reference,i18n-reflow,feature,ko,ai-youtube-banner-maker,composite-v2,false,.json,_pull/i18n-reflow/Features/ko/ai-youtube-banner-maker-ko.json,
pulled-reflow-reference,i18n-reflow,feature,ko,album-cover-design,composite-v2,false,.json,_pull/i18n-reflow/Features/ko/album-cover-design-ko.json,
pulled-reflow-reference,i18n-reflow,feature,ko,all-in-one-ai-models,composite-v2,false,.json,_pull/i18n-reflow/Features/ko/all-in-one-ai-models-ko.json,
pulled-reflow-reference,i18n-reflow,feature,ko,all-in-one-ai-video-generator,composite-v2,false,.json,_pull/i18n-reflow/Features/ko/all-in-one-ai-video-generator-ko.json,
pulled-reflow-reference,i18n-reflow,feature,ko,amazon-listing-design-optimization,composite-v2,false,.json,_pull/i18n-reflow/Features/ko/amazon-listing-design-optimization-ko.json,
pulled-reflow-reference,i18n-reflow,feature,ko,amazon-listing-image-generator,composite-v2,false,.json,_pull/i18n-reflow/Features/ko/amazon-listing-image-generator-ko.json,
pulled-reflow-reference,i18n-reflow,feature,ko,anniversary-card-design,composite-v2,false,.json,_pull/i18n-reflow/Features/ko/anniversary-card-design-ko.json,
pulled-reflow-reference,i18n-reflow,feature,ko,baby-shower-invitation-design,composite-v2,false,.json,_pull/i18n-reflow/Features/ko/baby-shower-invitation-design-ko.json,
pulled-reflow-reference,i18n-reflow,feature,ko,bakery-menu-design,composite-v2,false,.json,_pull/i18n-reflow/Features/ko/bakery-menu-design-ko.json,
pulled-reflow-reference,i18n-reflow,feature,ko,banner-design,composite-v2,false,.json,_pull/i18n-reflow/Features/ko/banner-design-ko.json,
pulled-reflow-reference,i18n-reflow,feature,ko,bar-menu-design,composite-v2,false,.json,_pull/i18n-reflow/Features/ko/bar-menu-design-ko.json,
pulled-reflow-reference,i18n-reflow,feature,ko,best-ai-image-generator-2026,composite-v2,false,.json,_pull/i18n-reflow/Features/ko/best-ai-image-generator-2026-ko.json,
pulled-reflow-reference,i18n-reflow,feature,ko,birthday-invitation-design,composite-v2,false,.json,_pull/i18n-reflow/Features/ko/birthday-invitation-design-ko.json,
pulled-reflow-reference,i18n-reflow,feature,ko,blog-post-to-instagram-ai-repurposing,composite-v2,false,.json,_pull/i18n-reflow/Features/ko/blog-post-to-instagram-ai-repurposing-ko.json,
pulled-reflow-reference,i18n-reflow,feature,ko,book-cover-design,composite-v2,false,.json,_pull/i18n-reflow/Features/ko/book-cover-design-ko.json,
pulled-reflow-reference,i18n-reflow,feature,ko,brand-hashtag-visual-generator,composite-v2,false,.json,_pull/i18n-reflow/Features/ko/brand-hashtag-visual-generator-ko.json,
pulled-reflow-reference,i18n-reflow,feature,ko,brochure-design,composite-v2,,.json,_pull/i18n-reflow/Features/ko/brochure-design-ko.json,
pulled-reflow-reference,i18n-reflow,feature,ko,cafe-menu-design,composite-v2,false,.json,_pull/i18n-reflow/Features/ko/cafe-menu-design-ko.json,
pulled-reflow-reference,i18n-reflow,feature,ko,catering-menu-design,composite-v2,false,.json,_pull/i18n-reflow/Features/ko/catering-menu-design-ko.json,
pulled-reflow-reference,i18n-reflow,feature,ko,certificate-design,composite-v2,false,.json,_pull/i18n-reflow/Features/ko/certificate-design-ko.json,
pulled-reflow-reference,i18n-reflow,feature,ko,change-video-background,composite-v2,false,.json,_pull/i18n-reflow/Features/ko/change-video-background-ko.json,
pulled-reflow-reference,i18n-reflow,feature,ko,chef-business-card-design,composite-v2,false,.json,_pull/i18n-reflow/Features/ko/chef-business-card-design-ko.json,
pulled-reflow-reference,i18n-reflow,feature,ko,classroom-poster-design,composite-v2,false,.json,_pull/i18n-reflow/Features/ko/classroom-poster-design-ko.json,
pulled-reflow-reference,i18n-reflow,feature,ko,company-brochure-design,composite-v2,false,.json,_pull/i18n-reflow/Features/ko/company-brochure-design-ko.json,
pulled-reflow-reference,i18n-reflow,feature,ko,concert-poster-design,composite-v2,false,.json,_pull/i18n-reflow/Features/ko/concert-poster-design-ko.json,
pulled-reflow-reference,i18n-reflow,feature,ko,course-material-design,composite-v2,false,.json,_pull/i18n-reflow/Features/ko/course-material-design-ko.json,
pulled-reflow-reference,i18n-reflow,feature,ko,create-editable-brand-kit-ai-agent,composite-v2,false,.json,_pull/i18n-reflow/Features/ko/create-editable-brand-kit-ai-agent-ko.json,
pulled-reflow-reference,i18n-reflow,feature,ko,create-mockups-with-brand-kit-ai,composite-v2,false,.json,_pull/i18n-reflow/Features/ko/create-mockups-with-brand-kit-ai-ko.json,
pulled-reflow-reference,i18n-reflow,feature,ko,create-videos-from-images-or-text-seedance,composite-v2,false,.json,_pull/i18n-reflow/Features/ko/create-videos-from-images-or-text-seedance-ko.json,
pulled-reflow-reference,i18n-reflow,feature,ko,custom-business-flyer-design,composite-v2,false,.json,_pull/i18n-reflow/Features/ko/custom-business-flyer-design-ko.json,
pulled-reflow-reference,i18n-reflow,feature,ko,cv-template-design,composite-v2,false,.json,_pull/i18n-reflow/Features/ko/cv-template-design-ko.json,
pulled-reflow-reference,i18n-reflow,feature,ko,design-viral-youtube-thumbnails-ai-by-lovart,composite-v2,false,.json,_pull/i18n-reflow/Features/ko/design-viral-youtube-thumbnails-ai-by-lovart-ko.json,
pulled-reflow-reference,i18n-reflow,feature,ko,design-viral-youtube-thumbnails-ai,composite-v2,false,.json,_pull/i18n-reflow/Features/ko/design-viral-youtube-thumbnails-ai-ko.json,
pulled-reflow-reference,i18n-reflow,feature,ko,diploma-design,composite-v2,false,.json,_pull/i18n-reflow/Features/ko/diploma-design-ko.json,
pulled-reflow-reference,i18n-reflow,feature,ko,discount-banner-design,composite-v2,false,.json,_pull/i18n-reflow/Features/ko/discount-banner-design-ko.json,
pulled-reflow-reference,i18n-reflow,feature,ko,e-learning-banner-design,composite-v2,false,.json,_pull/i18n-reflow/Features/ko/e-learning-banner-design-ko.json,
pulled-reflow-reference,i18n-reflow,feature,ko,ecommerce-banner-design,composite-v2,false,.json,_pull/i18n-reflow/Features/ko/ecommerce-banner-design-ko.json,
pulled-reflow-reference,i18n-reflow,feature,ko,edit-ai-generated-images,composite-v2,false,.json,_pull/i18n-reflow/Features/ko/edit-ai-generated-images-ko.json,
pulled-reflow-reference,i18n-reflow,feature,ko,engagement-invitation-design,composite-v2,false,.json,_pull/i18n-reflow/Features/ko/engagement-invitation-design-ko.json,
pulled-reflow-reference,i18n-reflow,feature,ko,event-poster-maker,composite-v2,false,.json,_pull/i18n-reflow/Features/ko/event-poster-maker-ko.json,
pulled-reflow-reference,i18n-reflow,feature,ko,event-program-design,composite-v2,false,.json,_pull/i18n-reflow/Features/ko/event-program-design-ko.json,
pulled-reflow-reference,i18n-reflow,feature,ko,facebook-cover-design,composite-v2,false,.json,_pull/i18n-reflow/Features/ko/facebook-cover-design-ko.json,
pulled-reflow-reference,i18n-reflow,feature,ko,facebook-post-template-generator,composite-v2,false,.json,_pull/i18n-reflow/Features/ko/facebook-post-template-generator-ko.json,
pulled-reflow-reference,i18n-reflow,feature,ko,festival-banner-design,composite-v2,false,.json,_pull/i18n-reflow/Features/ko/festival-banner-design-ko.json,
pulled-reflow-reference,i18n-reflow,feature,ko,flyer-design,composite-v2,false,.json,_pull/i18n-reflow/Features/ko/flyer-design-ko.json,
pulled-reflow-reference,i18n-reflow,feature,ko,food-banner-design,composite-v2,false,.json,_pull/i18n-reflow/Features/ko/food-banner-design-ko.json,
pulled-reflow-reference,i18n-reflow,feature,ko,food-blog-header-design,composite-v2,false,.json,_pull/i18n-reflow/Features/ko/food-blog-header-design-ko.json,
pulled-reflow-reference,i18n-reflow,feature,ko,food-delivery-app-design,composite-v2,false,.json,_pull/i18n-reflow/Features/ko/food-delivery-app-design-ko.json,
pulled-reflow-reference,i18n-reflow,feature,ko,food-festival-poster-design,composite-v2,false,.json,_pull/i18n-reflow/Features/ko/food-festival-poster-design-ko.json,
pulled-reflow-reference,i18n-reflow,feature,ko,food-flyer-design,composite-v2,false,.json,_pull/i18n-reflow/Features/ko/food-flyer-design-ko.json,
pulled-reflow-reference,i18n-reflow,feature,ko,food-packaging-design,composite-v2,false,.json,_pull/i18n-reflow/Features/ko/food-packaging-design-ko.json,
pulled-reflow-reference,i18n-reflow,feature,ko,food-photography-layout-design,composite-v2,false,.json,_pull/i18n-reflow/Features/ko/food-photography-layout-design-ko.json,
pulled-reflow-reference,i18n-reflow,feature,ko,food-poster-design,composite-v2,false,.json,_pull/i18n-reflow/Features/ko/food-poster-design-ko.json,
pulled-reflow-reference,i18n-reflow,feature,ko,food-recipe-card-design,composite-v2,false,.json,_pull/i18n-reflow/Features/ko/food-recipe-card-design-ko.json,
pulled-reflow-reference,i18n-reflow,feature,ko,food-social-media-design,composite-v2,false,.json,_pull/i18n-reflow/Features/ko/food-social-media-design-ko.json,
pulled-reflow-reference,i18n-reflow,feature,ko,food-truck-menu-design,composite-v2,false,.json,_pull/i18n-reflow/Features/ko/food-truck-menu-design-ko.json,
pulled-reflow-reference,i18n-reflow,feature,ko,food-truck-wrap-design,composite-v2,false,.json,_pull/i18n-reflow/Features/ko/food-truck-wrap-design-ko.json,
pulled-reflow-reference,i18n-reflow,feature,ko,free-online-tool,composite-v2,false,.json,_pull/i18n-reflow/Features/ko/free-online-tool-ko.json,
pulled-reflow-reference,i18n-reflow,feature,ko,gpt-image-generator-ai,composite-v2,false,.json,_pull/i18n-reflow/Features/ko/gpt-image-generator-ai-ko.json,
pulled-reflow-reference,i18n-reflow,feature,ko,graduation-invitation-design,composite-v2,false,.json,_pull/i18n-reflow/Features/ko/graduation-invitation-design-ko.json,
pulled-reflow-reference,i18n-reflow,feature,ko,graphic-design,composite-v2,false,.json,_pull/i18n-reflow/Features/ko/graphic-design-ko.json,
pulled-reflow-reference,i18n-reflow,feature,ko,infinite-chatcanvas-ai-collaboration,composite-v2,false,.json,_pull/i18n-reflow/Features/ko/infinite-chatcanvas-ai-collaboration-ko.json,
pulled-reflow-reference,i18n-reflow,feature,ko,infographic-design,composite-v2,false,.json,_pull/i18n-reflow/Features/ko/infographic-design-ko.json,
pulled-reflow-reference,i18n-reflow,feature,ko,instagram-highlight-cover-design,composite-v2,false,.json,_pull/i18n-reflow/Features/ko/instagram-highlight-cover-design-ko.json,
pulled-reflow-reference,i18n-reflow,feature,ko,instagram-story-design,composite-v2,false,.json,_pull/i18n-reflow/Features/ko/instagram-story-design-ko.json,
pulled-reflow-reference,i18n-reflow,feature,ko,instagram-story-maker,composite-v2,false,.json,_pull/i18n-reflow/Features/ko/instagram-story-maker-ko.json,
pulled-reflow-reference,i18n-reflow,feature,ko,launch-event-landing-page-generator,composite-v2,false,.json,_pull/i18n-reflow/Features/ko/launch-event-landing-page-generator-ko.json,
pulled-reflow-reference,i18n-reflow,feature,ko,leonardo-ai-alternative,composite-v2,false,.json,_pull/i18n-reflow/Features/ko/leonardo-ai-alternative-ko.json,
pulled-reflow-reference,i18n-reflow,feature,ko,lesson-plan-design,composite-v2,false,.json,_pull/i18n-reflow/Features/ko/lesson-plan-design-ko.json,
pulled-reflow-reference,i18n-reflow,feature,ko,linkedin-ads-generator,composite-v2,false,.json,_pull/i18n-reflow/Features/ko/linkedin-ads-generator-ko.json,
pulled-reflow-reference,i18n-reflow,feature,ko,linkedin-banner-design-ai-generator-by-lovart,composite-v2,false,.json,_pull/i18n-reflow/Features/ko/linkedin-banner-design-ai-generator-by-lovart-ko.json,
pulled-reflow-reference,i18n-reflow,feature,ko,linkedin-banner-design-ai-generator,composite-v2,false,.json,_pull/i18n-reflow/Features/ko/linkedin-banner-design-ai-generator-ko.json,
pulled-reflow-reference,i18n-reflow,feature,ko,linkedin-banner-design,composite-v2,false,.json,_pull/i18n-reflow/Features/ko/linkedin-banner-design-ko.json,
pulled-reflow-reference,i18n-reflow,feature,ko,linkedin-spotlight-ads-generator,composite-v2,false,.json,_pull/i18n-reflow/Features/ko/linkedin-spotlight-ads-generator-ko.json,
pulled-reflow-reference,i18n-reflow,feature,ko,magazine-layout-design,composite-v2,false,.json,_pull/i18n-reflow/Features/ko/magazine-layout-design-ko.json,
pulled-reflow-reference,i18n-reflow,feature,ko,mood-board-creation,composite-v2,false,.json,_pull/i18n-reflow/Features/ko/mood-board-creation-ko.json,
pulled-reflow-reference,i18n-reflow,feature,ko,nano-banana-ai-model,composite-v2,false,.json,_pull/i18n-reflow/Features/ko/nano-banana-ai-model-ko.json,
pulled-reflow-reference,i18n-reflow,feature,ko,nano-banana-best-practices,composite-v2,false,.json,_pull/i18n-reflow/Features/ko/nano-banana-best-practices-ko.json,
pulled-reflow-reference,i18n-reflow,feature,ko,nano-banana-case-studies,composite-v2,false,.json,_pull/i18n-reflow/Features/ko/nano-banana-case-studies-ko.json,
pulled-reflow-reference,i18n-reflow,feature,ko,nano-banana-concept-art-workflow,composite-v2,false,.json,_pull/i18n-reflow/Features/ko/nano-banana-concept-art-workflow-ko.json,
pulled-reflow-reference,i18n-reflow,feature,ko,nano-banana-creative-brainstorming,composite-v2,false,.json,_pull/i18n-reflow/Features/ko/nano-banana-creative-brainstorming-ko.json,
pulled-reflow-reference,i18n-reflow,feature,ko,nano-banana-digital-art-creation,composite-v2,false,.json,_pull/i18n-reflow/Features/ko/nano-banana-digital-art-creation-ko.json,
pulled-reflow-reference,i18n-reflow,feature,ko,nano-banana-educational-materials,composite-v2,false,.json,_pull/i18n-reflow/Features/ko/nano-banana-educational-materials-ko.json,
pulled-reflow-reference,i18n-reflow,feature,ko,nano-banana-graphic-design-workflow,composite-v2,false,.json,_pull/i18n-reflow/Features/ko/nano-banana-graphic-design-workflow-ko.json,
pulled-reflow-reference,i18n-reflow,feature,ko,nano-banana-illustration-projects,composite-v2,false,.json,_pull/i18n-reflow/Features/ko/nano-banana-illustration-projects-ko.json,
pulled-reflow-reference,i18n-reflow,feature,ko,nano-banana-infographic-design,composite-v2,false,.json,_pull/i18n-reflow/Features/ko/nano-banana-infographic-design-ko.json,
pulled-reflow-reference,i18n-reflow,feature,ko,nano-banana-marketing-visuals,composite-v2,false,.json,_pull/i18n-reflow/Features/ko/nano-banana-marketing-visuals-ko.json,
pulled-reflow-reference,i18n-reflow,feature,ko,nano-banana-presentation-slides,composite-v2,false,.json,_pull/i18n-reflow/Features/ko/nano-banana-presentation-slides-ko.json,
pulled-reflow-reference,i18n-reflow,feature,ko,nano-banana-product-photography,composite-v2,false,.json,_pull/i18n-reflow/Features/ko/nano-banana-product-photography-ko.json,
pulled-reflow-reference,i18n-reflow,feature,ko,nano-banana-social-media-graphics,composite-v2,false,.json,_pull/i18n-reflow/Features/ko/nano-banana-social-media-graphics-ko.json,
pulled-reflow-reference,i18n-reflow,feature,ko,nano-banana-website-graphics,composite-v2,false,.json,_pull/i18n-reflow/Features/ko/nano-banana-website-graphics-ko.json,
pulled-reflow-reference,i18n-reflow,feature,ko,nano-banana-workflow-optimization,composite-v2,false,.json,_pull/i18n-reflow/Features/ko/nano-banana-workflow-optimization-ko.json,
pulled-reflow-reference,i18n-reflow,feature,ko,nano-banana-youtube-thumbnails,composite-v2,false,.json,_pull/i18n-reflow/Features/ko/nano-banana-youtube-thumbnails-ko.json,
pulled-reflow-reference,i18n-reflow,feature,ko,no-template-popup-ads-generator,composite-v2,false,.json,_pull/i18n-reflow/Features/ko/no-template-popup-ads-generator-ko.json,
pulled-reflow-reference,i18n-reflow,feature,ko,no-template-popup-ads,composite-v2,false,.json,_pull/i18n-reflow/Features/ko/no-template-popup-ads-ko.json,
pulled-reflow-reference,i18n-reflow,feature,ko,nutrition-label-design,composite-v2,false,.json,_pull/i18n-reflow/Features/ko/nutrition-label-design-ko.json,
pulled-reflow-reference,i18n-reflow,feature,ko,online-multimodal-ai-creator-seedance,composite-v2,false,.json,_pull/i18n-reflow/Features/ko/online-multimodal-ai-creator-seedance-ko.json,
pulled-reflow-reference,i18n-reflow,feature,ko,online-store-graphics-design,composite-v2,false,.json,_pull/i18n-reflow/Features/ko/online-store-graphics-design-ko.json,
pulled-reflow-reference,i18n-reflow,feature,ko,overcome-blank-canvas-syndrome,composite-v2,false,.json,_pull/i18n-reflow/Features/ko/overcome-blank-canvas-syndrome-ko.json,
pulled-reflow-reference,i18n-reflow,feature,ko,party-flyer-design,composite-v2,false,.json,_pull/i18n-reflow/Features/ko/party-flyer-design-ko.json,
pulled-reflow-reference,i18n-reflow,feature,ko,pinterest-pin-design,composite-v2,false,.json,_pull/i18n-reflow/Features/ko/pinterest-pin-design-ko.json,
pulled-reflow-reference,i18n-reflow,feature,ko,pixel-pusher-to-creative-director,composite-v2,false,.json,_pull/i18n-reflow/Features/ko/pixel-pusher-to-creative-director-ko.json,
pulled-reflow-reference,i18n-reflow,feature,ko,pizza-menu-design,composite-v2,false,.json,_pull/i18n-reflow/Features/ko/pizza-menu-design-ko.json,
pulled-reflow-reference,i18n-reflow,feature,ko,portfolio-design,composite-v2,false,.json,_pull/i18n-reflow/Features/ko/portfolio-design-ko.json,
pulled-reflow-reference,i18n-reflow,feature,ko,poster-design,composite-v2,false,.json,_pull/i18n-reflow/Features/ko/poster-design-ko.json,
pulled-reflow-reference,i18n-reflow,feature,ko,price-list-design,composite-v2,false,.json,_pull/i18n-reflow/Features/ko/price-list-design-ko.json,
pulled-reflow-reference,i18n-reflow,feature,ko,product-catalog-design,composite-v2,false,.json,_pull/i18n-reflow/Features/ko/product-catalog-design-ko.json,
pulled-reflow-reference,i18n-reflow,feature,ko,product-packaging-design,composite-v2,false,.json,_pull/i18n-reflow/Features/ko/product-packaging-design-ko.json,
pulled-reflow-reference,i18n-reflow,feature,ko,professional-corporate-presentation-design,composite-v2,false,.json,_pull/i18n-reflow/Features/ko/professional-corporate-presentation-design-ko.json,
pulled-reflow-reference,i18n-reflow,feature,ko,professional-resume-design,composite-v2,false,.json,_pull/i18n-reflow/Features/ko/professional-resume-design-ko.json,
pulled-reflow-reference,i18n-reflow,feature,ko,promotional-flyer-design,composite-v2,false,.json,_pull/i18n-reflow/Features/ko/promotional-flyer-design-ko.json,
pulled-reflow-reference,i18n-reflow,feature,ko,property-brochure-design,composite-v2,false,.json,_pull/i18n-reflow/Features/ko/property-brochure-design-ko.json,
pulled-reflow-reference,i18n-reflow,feature,ko,property-listing-design,composite-v2,false,.json,_pull/i18n-reflow/Features/ko/property-listing-design-ko.json,
pulled-reflow-reference,i18n-reflow,feature,ko,property-report-design,composite-v2,false,.json,_pull/i18n-reflow/Features/ko/property-report-design-ko.json,
pulled-reflow-reference,i18n-reflow,feature,ko,quick-poster-generation-by-lovart,composite-v2,false,.json,_pull/i18n-reflow/Features/ko/quick-poster-generation-by-lovart-ko.json,
pulled-reflow-reference,i18n-reflow,feature,ko,rapid-poster-ai-creation,composite-v2,false,.json,_pull/i18n-reflow/Features/ko/rapid-poster-ai-creation-ko.json,
pulled-reflow-reference,i18n-reflow,feature,ko,real-estate-banner-design,composite-v2,false,.json,_pull/i18n-reflow/Features/ko/real-estate-banner-design-ko.json,
pulled-reflow-reference,i18n-reflow,feature,ko,real-estate-business-card-design,composite-v2,false,.json,_pull/i18n-reflow/Features/ko/real-estate-business-card-design-ko.json,
pulled-reflow-reference,i18n-reflow,feature,ko,real-estate-flyer-design,composite-v2,false,.json,_pull/i18n-reflow/Features/ko/real-estate-flyer-design-ko.json,
pulled-reflow-reference,i18n-reflow,feature,ko,real-estate-logo-design,composite-v2,false,.json,_pull/i18n-reflow/Features/ko/real-estate-logo-design-ko.json,
pulled-reflow-reference,i18n-reflow,feature,ko,real-estate-newsletter-design,composite-v2,false,.json,_pull/i18n-reflow/Features/ko/real-estate-newsletter-design-ko.json,
pulled-reflow-reference,i18n-reflow,feature,ko,real-estate-postcard-design,composite-v2,false,.json,_pull/i18n-reflow/Features/ko/real-estate-postcard-design-ko.json,
pulled-reflow-reference,i18n-reflow,feature,ko,real-estate-sign-design,composite-v2,false,.json,_pull/i18n-reflow/Features/ko/real-estate-sign-design-ko.json,
pulled-reflow-reference,i18n-reflow,feature,ko,remove-video-background,composite-v2,false,.json,_pull/i18n-reflow/Features/ko/remove-video-background-ko.json,
pulled-reflow-reference,i18n-reflow,feature,ko,restaurant_menu_design,composite-v2,false,.json,_pull/i18n-reflow/Features/ko/restaurant_menu_design-ko.json,
pulled-reflow-reference,i18n-reflow,feature,ko,restaurant-brochure-design,composite-v2,false,.json,_pull/i18n-reflow/Features/ko/restaurant-brochure-design-ko.json,
pulled-reflow-reference,i18n-reflow,feature,ko,restaurant-business-card-design,composite-v2,false,.json,_pull/i18n-reflow/Features/ko/restaurant-business-card-design-ko.json,
pulled-reflow-reference,i18n-reflow,feature,ko,restaurant-coupon-design,composite-v2,false,.json,_pull/i18n-reflow/Features/ko/restaurant-coupon-design-ko.json,
pulled-reflow-reference,i18n-reflow,feature,ko,restaurant-door-hanger-design,composite-v2,false,.json,_pull/i18n-reflow/Features/ko/restaurant-door-hanger-design-ko.json,
pulled-reflow-reference,i18n-reflow,feature,ko,restaurant-email-template-design,composite-v2,false,.json,_pull/i18n-reflow/Features/ko/restaurant-email-template-design-ko.json,
pulled-reflow-reference,i18n-reflow,feature,ko,restaurant-gift-card-design,composite-v2,false,.json,_pull/i18n-reflow/Features/ko/restaurant-gift-card-design-ko.json,
pulled-reflow-reference,i18n-reflow,feature,ko,restaurant-logo-design,composite-v2,false,.json,_pull/i18n-reflow/Features/ko/restaurant-logo-design-ko.json,
pulled-reflow-reference,i18n-reflow,feature,ko,restaurant-loyalty-card-design,composite-v2,false,.json,_pull/i18n-reflow/Features/ko/restaurant-loyalty-card-design-ko.json,
pulled-reflow-reference,i18n-reflow,feature,ko,restaurant-menu-design,composite-v2,false,.json,_pull/i18n-reflow/Features/ko/restaurant-menu-design-ko.json,
pulled-reflow-reference,i18n-reflow,feature,ko,restaurant-table-tent-design,composite-v2,false,.json,_pull/i18n-reflow/Features/ko/restaurant-table-tent-design-ko.json,
pulled-reflow-reference,i18n-reflow,feature,ko,sale-poster-design,composite-v2,false,.json,_pull/i18n-reflow/Features/ko/sale-poster-design-ko.json,
pulled-reflow-reference,i18n-reflow,feature,ko,seamless-carousel-post-visual-storytelling,composite-v2,false,.json,_pull/i18n-reflow/Features/ko/seamless-carousel-post-visual-storytelling-ko.json,
pulled-reflow-reference,i18n-reflow,feature,ko,secure-student-id-card-design,composite-v2,false,.json,_pull/i18n-reflow/Features/ko/secure-student-id-card-design-ko.json,
pulled-reflow-reference,i18n-reflow,feature,ko,seedance-2-0-ai-video-generator,composite-v2,false,.json,_pull/i18n-reflow/Features/ko/seedance-2-0-ai-video-generator-ko.json,
pulled-reflow-reference,i18n-reflow,feature,ko,seedance-2-ai-video-generator-agent,composite-v2,false,.json,_pull/i18n-reflow/Features/ko/seedance-2-ai-video-generator-agent-ko.json,
pulled-reflow-reference,i18n-reflow,feature,ko,seedance-ai-ad-creatives,composite-v2,false,.json,_pull/i18n-reflow/Features/ko/seedance-ai-ad-creatives-ko.json,
pulled-reflow-reference,i18n-reflow,feature,ko,seedance-ai-video-generator,composite-v2,false,.json,_pull/i18n-reflow/Features/ko/seedance-ai-video-generator-ko.json,
pulled-reflow-reference,i18n-reflow,feature,ko,seedance-text-to-video-ai,composite-v2,false,.json,_pull/i18n-reflow/Features/ko/seedance-text-to-video-ai-ko.json,
pulled-reflow-reference,i18n-reflow,feature,ko,seedance-viral-matrix-operation,composite-v2,false,.json,_pull/i18n-reflow/Features/ko/seedance-viral-matrix-operation-ko.json,
pulled-reflow-reference,i18n-reflow,feature,ko,seedance-viral-short-video-assets,composite-v2,false,.json,_pull/i18n-reflow/Features/ko/seedance-viral-short-video-assets-ko.json,
pulled-reflow-reference,i18n-reflow,feature,ko,shopify-banner-design,composite-v2,false,.json,_pull/i18n-reflow/Features/ko/shopify-banner-design-ko.json,
pulled-reflow-reference,i18n-reflow,feature,ko,social-media-post-design,composite-v2,false,.json,_pull/i18n-reflow/Features/ko/social-media-post-design-ko.json,
pulled-reflow-reference,i18n-reflow,feature,ko,social-media-template-design,composite-v2,false,.json,_pull/i18n-reflow/Features/ko/social-media-template-design-ko.json,
pulled-reflow-reference,i18n-reflow,feature,ko,startup-logo-design,composite-v2,false,.json,_pull/i18n-reflow/Features/ko/startup-logo-design-ko.json,
pulled-reflow-reference,i18n-reflow,feature,ko,text-image-to-video-seedance,composite-v2,false,.json,_pull/i18n-reflow/Features/ko/text-image-to-video-seedance-ko.json,
pulled-reflow-reference,i18n-reflow,feature,ko,text-to-video-ai-generator-veo3,composite-v2,false,.json,_pull/i18n-reflow/Features/ko/text-to-video-ai-generator-veo3-ko.json,
pulled-reflow-reference,i18n-reflow,feature,ko,text-to-video-ai,composite-v2,false,.json,_pull/i18n-reflow/Features/ko/text-to-video-ai-ko.json,
pulled-reflow-reference,i18n-reflow,feature,ko,textbook-cover-design,composite-v2,false,.json,_pull/i18n-reflow/Features/ko/textbook-cover-design-ko.json,
pulled-reflow-reference,i18n-reflow,feature,ko,tiktok-video-cover-design,composite-v2,false,.json,_pull/i18n-reflow/Features/ko/tiktok-video-cover-design-ko.json,
pulled-reflow-reference,i18n-reflow,feature,ko,touch-edit-ai,composite-v2,false,.json,_pull/i18n-reflow/Features/ko/touch-edit-ai-ko.json,
pulled-reflow-reference,i18n-reflow,feature,ko,twitter-header-design,composite-v2,false,.json,_pull/i18n-reflow/Features/ko/twitter-header-design-ko.json,
pulled-reflow-reference,i18n-reflow,feature,ko,video-background-changer,composite-v2,false,.json,_pull/i18n-reflow/Features/ko/video-background-changer-ko.json,
pulled-reflow-reference,i18n-reflow,feature,ko,video-background-remover,composite-v2,false,.json,_pull/i18n-reflow/Features/ko/video-background-remover-ko.json,
pulled-reflow-reference,i18n-reflow,feature,ko,wedding-invitation-design,composite-v2,false,.json,_pull/i18n-reflow/Features/ko/wedding-invitation-design-ko.json,
pulled-reflow-reference,i18n-reflow,feature,ko,wine-label-design,composite-v2,false,.json,_pull/i18n-reflow/Features/ko/wine-label-design-ko.json,
pulled-reflow-reference,i18n-reflow,feature,ko,worksheet-design,composite-v2,false,.json,_pull/i18n-reflow/Features/ko/worksheet-design-ko.json,
pulled-reflow-reference,i18n-reflow,feature,ko,youtube-thumbnail-design,composite-v2,false,.json,_pull/i18n-reflow/Features/ko/youtube-thumbnail-design-ko.json,
pulled-reflow-reference,i18n-reflow,feature,pt,ai-ad-thumbnail-generator,composite-v2,false,.json,_pull/i18n-reflow/Features/pt/ai-ad-thumbnail-generator-pt.json,
pulled-reflow-reference,i18n-reflow,feature,pt,ai-affiliate-ads-generator,composite-v2,false,.json,_pull/i18n-reflow/Features/pt/ai-affiliate-ads-generator-pt.json,
pulled-reflow-reference,i18n-reflow,feature,pt,ai-avatar-streaming-seedance,composite-v2,false,.json,_pull/i18n-reflow/Features/pt/ai-avatar-streaming-seedance-pt.json,
pulled-reflow-reference,i18n-reflow,feature,pt,ai-background-swap-no-masking,composite-v2,false,.json,_pull/i18n-reflow/Features/pt/ai-background-swap-no-masking-pt.json,
pulled-reflow-reference,i18n-reflow,feature,pt,ai-bakery-menu-maker,composite-v2,false,.json,_pull/i18n-reflow/Features/pt/ai-bakery-menu-maker-pt.json,
pulled-reflow-reference,i18n-reflow,feature,pt,ai-brochure-design-tool,composite-v2,false,.json,_pull/i18n-reflow/Features/pt/ai-brochure-design-tool-pt.json,
pulled-reflow-reference,i18n-reflow,feature,pt,ai-business-card-maker,composite-v2,false,.json,_pull/i18n-reflow/Features/pt/ai-business-card-maker-pt.json,
pulled-reflow-reference,i18n-reflow,feature,pt,ai-carousel-generator,composite-v2,false,.json,_pull/i18n-reflow/Features/pt/ai-carousel-generator-pt.json,
pulled-reflow-reference,i18n-reflow,feature,pt,ai-company-logo-maker,composite-v2,false,.json,_pull/i18n-reflow/Features/pt/ai-company-logo-maker-pt.json,
pulled-reflow-reference,i18n-reflow,feature,pt,ai-coupon-ad-generator,composite-v2,false,.json,_pull/i18n-reflow/Features/pt/ai-coupon-ad-generator-pt.json,
pulled-reflow-reference,i18n-reflow,feature,pt,ai-design-agent,composite-v2,false,.json,_pull/i18n-reflow/Features/pt/ai-design-agent-pt.json,
pulled-reflow-reference,i18n-reflow,feature,pt,ai-facebook-ad-creative-generator,composite-v2,false,.json,_pull/i18n-reflow/Features/pt/ai-facebook-ad-creative-generator-pt.json,
pulled-reflow-reference,i18n-reflow,feature,pt,ai-facebook-poster-generator,composite-v2,false,.json,_pull/i18n-reflow/Features/pt/ai-facebook-poster-generator-pt.json,
pulled-reflow-reference,i18n-reflow,feature,pt,ai-giveaway-poster-generator,composite-v2,false,.json,_pull/i18n-reflow/Features/pt/ai-giveaway-poster-generator-pt.json,
pulled-reflow-reference,i18n-reflow,feature,pt,ai-google-ads-banner-generator,composite-v2,false,.json,_pull/i18n-reflow/Features/pt/ai-google-ads-banner-generator-pt.json,
pulled-reflow-reference,i18n-reflow,feature,pt,ai-illustration-generator-vector-nano-banana,composite-v2,false,.json,_pull/i18n-reflow/Features/pt/ai-illustration-generator-vector-nano-banana-pt.json,
pulled-reflow-reference,i18n-reflow,feature,pt,ai-image-generator-text-to-image,composite-v2,false,.json,_pull/i18n-reflow/Features/pt/ai-image-generator-text-to-image-pt.json,
pulled-reflow-reference,i18n-reflow,feature,pt,ai-instagram-feed-planner,composite-v2,false,.json,_pull/i18n-reflow/Features/pt/ai-instagram-feed-planner-pt.json,
pulled-reflow-reference,i18n-reflow,feature,pt,ai-instagram-post-generator,composite-v2,false,.json,_pull/i18n-reflow/Features/pt/ai-instagram-post-generator-pt.json,
pulled-reflow-reference,i18n-reflow,feature,pt,ai-instagram-story-layout-generator,composite-v2,false,.json,_pull/i18n-reflow/Features/pt/ai-instagram-story-layout-generator-pt.json,
pulled-reflow-reference,i18n-reflow,feature,pt,ai-linkedin-infographic-generator-b2b,composite-v2,false,.json,_pull/i18n-reflow/Features/pt/ai-linkedin-infographic-generator-b2b-pt.json,
pulled-reflow-reference,i18n-reflow,feature,pt,ai-logo-maker-brand-agent,composite-v2,false,.json,_pull/i18n-reflow/Features/pt/ai-logo-maker-brand-agent-pt.json,
pulled-reflow-reference,i18n-reflow,feature,pt,ai-meta-ads-generator,composite-v2,false,.json,_pull/i18n-reflow/Features/pt/ai-meta-ads-generator-pt.json,
pulled-reflow-reference,i18n-reflow,feature,pt,ai-mockup-generator,composite-v2,false,.json,_pull/i18n-reflow/Features/pt/ai-mockup-generator-pt.json,
pulled-reflow-reference,i18n-reflow,feature,pt,ai-paid-social-ad-generator,composite-v2,false,.json,_pull/i18n-reflow/Features/pt/ai-paid-social-ad-generator-pt.json,
pulled-reflow-reference,i18n-reflow,feature,pt,ai-picture-generator,composite-v2,false,.json,_pull/i18n-reflow/Features/pt/ai-picture-generator-pt.json,
pulled-reflow-reference,i18n-reflow,feature,pt,ai-pinterest-pin-maker,composite-v2,false,.json,_pull/i18n-reflow/Features/pt/ai-pinterest-pin-maker-pt.json,
pulled-reflow-reference,i18n-reflow,feature,pt,ai-poster-design-agent-nano-banana,composite-v2,false,.json,_pull/i18n-reflow/Features/pt/ai-poster-design-agent-nano-banana-pt.json,
pulled-reflow-reference,i18n-reflow,feature,pt,ai-poster-generator-illustration-optimization,composite-v2,false,.json,_pull/i18n-reflow/Features/pt/ai-poster-generator-illustration-optimization-pt.json,
pulled-reflow-reference,i18n-reflow,feature,pt,ai-product-display-generator,composite-v2,false,.json,_pull/i18n-reflow/Features/pt/ai-product-display-generator-pt.json,
pulled-reflow-reference,i18n-reflow,feature,pt,ai-product-image-generator,composite-v2,false,.json,_pull/i18n-reflow/Features/pt/ai-product-image-generator-pt.json,
pulled-reflow-reference,i18n-reflow,feature,pt,ai-promotion-landing-page-generator,composite-v2,false,.json,_pull/i18n-reflow/Features/pt/ai-promotion-landing-page-generator-pt.json,
pulled-reflow-reference,i18n-reflow,feature,pt,ai-retargeting-ad-generator,composite-v2,false,.json,_pull/i18n-reflow/Features/pt/ai-retargeting-ad-generator-pt.json,
pulled-reflow-reference,i18n-reflow,feature,pt,ai-short-video-generator,composite-v2,false,.json,_pull/i18n-reflow/Features/pt/ai-short-video-generator-pt.json,
pulled-reflow-reference,i18n-reflow,feature,pt,ai-social-media-content-generator,composite-v2,false,.json,_pull/i18n-reflow/Features/pt/ai-social-media-content-generator-pt.json,
pulled-reflow-reference,i18n-reflow,feature,pt,ai-social-media-post-maker,composite-v2,false,.json,_pull/i18n-reflow/Features/pt/ai-social-media-post-maker-pt.json,
pulled-reflow-reference,i18n-reflow,feature,pt,ai-subscribe-ad-generator,composite-v2,false,.json,_pull/i18n-reflow/Features/pt/ai-subscribe-ad-generator-pt.json,
pulled-reflow-reference,i18n-reflow,feature,pt,ai-subscription-fatigue-utility,composite-v2,false,.json,_pull/i18n-reflow/Features/pt/ai-subscription-fatigue-utility-pt.json,
pulled-reflow-reference,i18n-reflow,feature,pt,ai-text-to-image-generator,composite-v2,false,.json,_pull/i18n-reflow/Features/pt/ai-text-to-image-generator-pt.json,
pulled-reflow-reference,i18n-reflow,feature,pt,ai-tiktok-thumbnail-maker,composite-v2,false,.json,_pull/i18n-reflow/Features/pt/ai-tiktok-thumbnail-maker-pt.json,
pulled-reflow-reference,i18n-reflow,feature,pt,ai-twitter-x-post-generator,composite-v2,false,.json,_pull/i18n-reflow/Features/pt/ai-twitter-x-post-generator-pt.json,
pulled-reflow-reference,i18n-reflow,feature,pt,[object Object],composite-v2,false,.json,_pull/i18n-reflow/Features/pt/ai-video-agent-for-ecommerce-pt.json,
pulled-reflow-reference,i18n-reflow,feature,pt,[object Object],composite-v2,false,.json,_pull/i18n-reflow/Features/pt/ai-video-agent-for-marketing-pt.json,
pulled-reflow-reference,i18n-reflow,feature,pt,[object Object],composite-v2,false,.json,_pull/i18n-reflow/Features/pt/ai-video-agent-for-tiktok-pt.json,
pulled-reflow-reference,i18n-reflow,feature,pt,[object Object],composite-v2,false,.json,_pull/i18n-reflow/Features/pt/ai-video-agent-for-youtube-pt.json,
pulled-reflow-reference,i18n-reflow,feature,pt,[object Object],composite-v2,false,.json,_pull/i18n-reflow/Features/pt/ai-video-agent-pt.json,
pulled-reflow-reference,i18n-reflow,feature,pt,[object Object],composite-v2,false,.json,_pull/i18n-reflow/Features/pt/ai-video-agent-workflow-pt.json,
pulled-reflow-reference,i18n-reflow,feature,pt,ai-video-background-remover,composite-v2,false,.json,_pull/i18n-reflow/Features/pt/ai-video-background-remover-pt.json,
pulled-reflow-reference,i18n-reflow,feature,pt,ai-video-generator-no-templates,composite-v2,false,.json,_pull/i18n-reflow/Features/pt/ai-video-generator-no-templates-pt.json,
pulled-reflow-reference,i18n-reflow,feature,pt,ai-video-generator,composite-v2,false,.json,_pull/i18n-reflow/Features/pt/ai-video-generator-pt.json,
pulled-reflow-reference,i18n-reflow,feature,pt,ai-video-generator-text-to-video,composite-v2,false,.json,_pull/i18n-reflow/Features/pt/ai-video-generator-text-to-video-pt.json,
pulled-reflow-reference,i18n-reflow,feature,pt,ai-video-generator-tools,composite-v2,false,.json,_pull/i18n-reflow/Features/pt/ai-video-generator-tools-pt.json,
pulled-reflow-reference,i18n-reflow,feature,pt,ai-video-generator-workflow-by-lovart,composite-v2,false,.json,_pull/i18n-reflow/Features/pt/ai-video-generator-workflow-by-lovart-pt.json,
pulled-reflow-reference,i18n-reflow,feature,pt,ai-video-generator-workflow,composite-v2,false,.json,_pull/i18n-reflow/Features/pt/ai-video-generator-workflow-pt.json,
pulled-reflow-reference,i18n-reflow,feature,pt,ai-video-prompt-generator-veo-sora,composite-v2,false,.json,_pull/i18n-reflow/Features/pt/ai-video-prompt-generator-veo-sora-pt.json,
pulled-reflow-reference,i18n-reflow,feature,pt,ai-youtube-banner-maker,composite-v2,false,.json,_pull/i18n-reflow/Features/pt/ai-youtube-banner-maker-pt.json,
pulled-reflow-reference,i18n-reflow,feature,pt,album-cover-design,composite-v2,false,.json,_pull/i18n-reflow/Features/pt/album-cover-design-pt.json,
pulled-reflow-reference,i18n-reflow,feature,pt,all-in-one-ai-models,composite-v2,false,.json,_pull/i18n-reflow/Features/pt/all-in-one-ai-models-pt.json,
pulled-reflow-reference,i18n-reflow,feature,pt,amazon-listing-design-optimization,composite-v2,false,.json,_pull/i18n-reflow/Features/pt/amazon-listing-design-optimization-pt.json,
pulled-reflow-reference,i18n-reflow,feature,pt,amazon-listing-image-generator,composite-v2,false,.json,_pull/i18n-reflow/Features/pt/amazon-listing-image-generator-pt.json,
pulled-reflow-reference,i18n-reflow,feature,pt,anniversary-card-design,composite-v2,false,.json,_pull/i18n-reflow/Features/pt/anniversary-card-design-pt.json,
pulled-reflow-reference,i18n-reflow,feature,pt,[object Object],composite-v2,false,.json,_pull/i18n-reflow/Features/pt/autonomous-ai-video-agent-pt.json,
pulled-reflow-reference,i18n-reflow,feature,pt,baby-shower-invitation-design,composite-v2,false,.json,_pull/i18n-reflow/Features/pt/baby-shower-invitation-design-pt.json,
pulled-reflow-reference,i18n-reflow,feature,pt,bakery-menu-design,composite-v2,false,.json,_pull/i18n-reflow/Features/pt/bakery-menu-design-pt.json,
pulled-reflow-reference,i18n-reflow,feature,pt,banner-design,composite-v2,false,.json,_pull/i18n-reflow/Features/pt/banner-design-pt.json,
pulled-reflow-reference,i18n-reflow,feature,pt,bar-menu-design,composite-v2,false,.json,_pull/i18n-reflow/Features/pt/bar-menu-design-pt.json,
pulled-reflow-reference,i18n-reflow,feature,pt,best-ai-image-generator-2026,composite-v2,false,.json,_pull/i18n-reflow/Features/pt/best-ai-image-generator-2026-pt.json,
pulled-reflow-reference,i18n-reflow,feature,pt,birthday-invitation-design,composite-v2,false,.json,_pull/i18n-reflow/Features/pt/birthday-invitation-design-pt.json,
pulled-reflow-reference,i18n-reflow,feature,pt,blog-post-to-instagram-ai-repurposing,composite-v2,false,.json,_pull/i18n-reflow/Features/pt/blog-post-to-instagram-ai-repurposing-pt.json,
pulled-reflow-reference,i18n-reflow,feature,pt,book-cover-design,composite-v2,false,.json,_pull/i18n-reflow/Features/pt/book-cover-design-pt.json,
pulled-reflow-reference,i18n-reflow,feature,pt,brand-hashtag-visual-generator,composite-v2,false,.json,_pull/i18n-reflow/Features/pt/brand-hashtag-visual-generator-pt.json,
pulled-reflow-reference,i18n-reflow,feature,pt,brochure-design,composite-v2,,.json,_pull/i18n-reflow/Features/pt/brochure-design-pt.json,
pulled-reflow-reference,i18n-reflow,feature,pt,catering-menu-design,composite-v2,false,.json,_pull/i18n-reflow/Features/pt/catering-menu-design-pt.json,
pulled-reflow-reference,i18n-reflow,feature,pt,certificate-design,composite-v2,false,.json,_pull/i18n-reflow/Features/pt/certificate-design-pt.json,
pulled-reflow-reference,i18n-reflow,feature,pt,change-video-background,composite-v2,false,.json,_pull/i18n-reflow/Features/pt/change-video-background-pt.json,
pulled-reflow-reference,i18n-reflow,feature,pt,chef-business-card-design,composite-v2,false,.json,_pull/i18n-reflow/Features/pt/chef-business-card-design-pt.json,
pulled-reflow-reference,i18n-reflow,feature,pt,classroom-poster-design,composite-v2,false,.json,_pull/i18n-reflow/Features/pt/classroom-poster-design-pt.json,
pulled-reflow-reference,i18n-reflow,feature,pt,company-brochure-design,composite-v2,false,.json,_pull/i18n-reflow/Features/pt/company-brochure-design-pt.json,
pulled-reflow-reference,i18n-reflow,feature,pt,concert-poster-design,composite-v2,false,.json,_pull/i18n-reflow/Features/pt/concert-poster-design-pt.json,
pulled-reflow-reference,i18n-reflow,feature,pt,course-material-design,composite-v2,false,.json,_pull/i18n-reflow/Features/pt/course-material-design-pt.json,
pulled-reflow-reference,i18n-reflow,feature,pt,create-editable-brand-kit-ai-agent,composite-v2,false,.json,_pull/i18n-reflow/Features/pt/create-editable-brand-kit-ai-agent-pt.json,
pulled-reflow-reference,i18n-reflow,feature,pt,create-mockups-with-brand-kit-ai,composite-v2,false,.json,_pull/i18n-reflow/Features/pt/create-mockups-with-brand-kit-ai-pt.json,
pulled-reflow-reference,i18n-reflow,feature,pt,custom-business-flyer-design,composite-v2,false,.json,_pull/i18n-reflow/Features/pt/custom-business-flyer-design-pt.json,
pulled-reflow-reference,i18n-reflow,feature,pt,cv-template-design,composite-v2,false,.json,_pull/i18n-reflow/Features/pt/cv-template-design-pt.json,
pulled-reflow-reference,i18n-reflow,feature,pt,design-viral-youtube-thumbnails-ai-by-lovart,composite-v2,false,.json,_pull/i18n-reflow/Features/pt/design-viral-youtube-thumbnails-ai-by-lovart-pt.json,
pulled-reflow-reference,i18n-reflow,feature,pt,design-viral-youtube-thumbnails-ai,composite-v2,false,.json,_pull/i18n-reflow/Features/pt/design-viral-youtube-thumbnails-ai-pt.json,
pulled-reflow-reference,i18n-reflow,feature,pt,discount-banner-design,composite-v2,false,.json,_pull/i18n-reflow/Features/pt/discount-banner-design-pt.json,
pulled-reflow-reference,i18n-reflow,feature,pt,e-learning-banner-design,composite-v2,false,.json,_pull/i18n-reflow/Features/pt/e-learning-banner-design-pt.json,
pulled-reflow-reference,i18n-reflow,feature,pt,ecommerce-banner-design,composite-v2,false,.json,_pull/i18n-reflow/Features/pt/ecommerce-banner-design-pt.json,
pulled-reflow-reference,i18n-reflow,feature,pt,edit-ai-generated-images,composite-v2,false,.json,_pull/i18n-reflow/Features/pt/edit-ai-generated-images-pt.json,
pulled-reflow-reference,i18n-reflow,feature,pt,engagement-invitation-design,composite-v2,false,.json,_pull/i18n-reflow/Features/pt/engagement-invitation-design-pt.json,
pulled-reflow-reference,i18n-reflow,feature,pt,event-poster-maker,composite-v2,false,.json,_pull/i18n-reflow/Features/pt/event-poster-maker-pt.json,
pulled-reflow-reference,i18n-reflow,feature,pt,event-program-design,composite-v2,false,.json,_pull/i18n-reflow/Features/pt/event-program-design-pt.json,
pulled-reflow-reference,i18n-reflow,feature,pt,facebook-cover-design,composite-v2,false,.json,_pull/i18n-reflow/Features/pt/facebook-cover-design-pt.json,
pulled-reflow-reference,i18n-reflow,feature,pt,facebook-post-template-generator,composite-v2,false,.json,_pull/i18n-reflow/Features/pt/facebook-post-template-generator-pt.json,
pulled-reflow-reference,i18n-reflow,feature,pt,festival-banner-design,composite-v2,false,.json,_pull/i18n-reflow/Features/pt/festival-banner-design-pt.json,
pulled-reflow-reference,i18n-reflow,feature,pt,flyer-design,composite-v2,false,.json,_pull/i18n-reflow/Features/pt/flyer-design-pt.json,
pulled-reflow-reference,i18n-reflow,feature,pt,food-banner-design,composite-v2,false,.json,_pull/i18n-reflow/Features/pt/food-banner-design-pt.json,
pulled-reflow-reference,i18n-reflow,feature,pt,food-blog-header-design,composite-v2,false,.json,_pull/i18n-reflow/Features/pt/food-blog-header-design-pt.json,
pulled-reflow-reference,i18n-reflow,feature,pt,food-delivery-app-design,composite-v2,false,.json,_pull/i18n-reflow/Features/pt/food-delivery-app-design-pt.json,
pulled-reflow-reference,i18n-reflow,feature,pt,food-festival-poster-design,composite-v2,false,.json,_pull/i18n-reflow/Features/pt/food-festival-poster-design-pt.json,
pulled-reflow-reference,i18n-reflow,feature,pt,food-flyer-design,composite-v2,false,.json,_pull/i18n-reflow/Features/pt/food-flyer-design-pt.json,
pulled-reflow-reference,i18n-reflow,feature,pt,food-packaging-design,composite-v2,false,.json,_pull/i18n-reflow/Features/pt/food-packaging-design-pt.json,
pulled-reflow-reference,i18n-reflow,feature,pt,food-photography-layout-design,composite-v2,false,.json,_pull/i18n-reflow/Features/pt/food-photography-layout-design-pt.json,
pulled-reflow-reference,i18n-reflow,feature,pt,food-poster-design,composite-v2,false,.json,_pull/i18n-reflow/Features/pt/food-poster-design-pt.json,
pulled-reflow-reference,i18n-reflow,feature,pt,food-recipe-card-design,composite-v2,false,.json,_pull/i18n-reflow/Features/pt/food-recipe-card-design-pt.json,
pulled-reflow-reference,i18n-reflow,feature,pt,food-social-media-design,composite-v2,false,.json,_pull/i18n-reflow/Features/pt/food-social-media-design-pt.json,
pulled-reflow-reference,i18n-reflow,feature,pt,food-truck-menu-design,composite-v2,false,.json,_pull/i18n-reflow/Features/pt/food-truck-menu-design-pt.json,
pulled-reflow-reference,i18n-reflow,feature,pt,food-truck-wrap-design,composite-v2,false,.json,_pull/i18n-reflow/Features/pt/food-truck-wrap-design-pt.json,
pulled-reflow-reference,i18n-reflow,feature,pt,free-online-tool,composite-v2,false,.json,_pull/i18n-reflow/Features/pt/free-online-tool-pt.json,
pulled-reflow-reference,i18n-reflow,feature,pt,gpt-image-generator-ai,composite-v2,false,.json,_pull/i18n-reflow/Features/pt/gpt-image-generator-ai-pt.json,
pulled-reflow-reference,i18n-reflow,feature,pt,graduation-invitation-design,composite-v2,false,.json,_pull/i18n-reflow/Features/pt/graduation-invitation-design-pt.json,
pulled-reflow-reference,i18n-reflow,feature,pt,graphic-design,composite-v2,false,.json,_pull/i18n-reflow/Features/pt/graphic-design-pt.json,
pulled-reflow-reference,i18n-reflow,feature,pt,infinite-chatcanvas-ai-collaboration,composite-v2,false,.json,_pull/i18n-reflow/Features/pt/infinite-chatcanvas-ai-collaboration-pt.json,
pulled-reflow-reference,i18n-reflow,feature,pt,infographic-design,composite-v2,false,.json,_pull/i18n-reflow/Features/pt/infographic-design-pt.json,
pulled-reflow-reference,i18n-reflow,feature,pt,instagram-highlight-cover-design,composite-v2,false,.json,_pull/i18n-reflow/Features/pt/instagram-highlight-cover-design-pt.json,
pulled-reflow-reference,i18n-reflow,feature,pt,instagram-story-maker,composite-v2,false,.json,_pull/i18n-reflow/Features/pt/instagram-story-maker-pt.json,
pulled-reflow-reference,i18n-reflow,feature,pt,launch-event-landing-page-generator,composite-v2,false,.json,_pull/i18n-reflow/Features/pt/launch-event-landing-page-generator-pt.json,
pulled-reflow-reference,i18n-reflow,feature,pt,leonardo-ai-alternative,composite-v2,false,.json,_pull/i18n-reflow/Features/pt/leonardo-ai-alternative-pt.json,
pulled-reflow-reference,i18n-reflow,feature,pt,lesson-plan-design,composite-v2,false,.json,_pull/i18n-reflow/Features/pt/lesson-plan-design-pt.json,
pulled-reflow-reference,i18n-reflow,feature,pt,linkedin-ads-generator,composite-v2,false,.json,_pull/i18n-reflow/Features/pt/linkedin-ads-generator-pt.json,
pulled-reflow-reference,i18n-reflow,feature,pt,linkedin-banner-design-ai-generator-by-lovart,composite-v2,false,.json,_pull/i18n-reflow/Features/pt/linkedin-banner-design-ai-generator-by-lovart-pt.json,
pulled-reflow-reference,i18n-reflow,feature,pt,linkedin-banner-design-ai-generator,composite-v2,false,.json,_pull/i18n-reflow/Features/pt/linkedin-banner-design-ai-generator-pt.json,
pulled-reflow-reference,i18n-reflow,feature,pt,linkedin-banner-design,composite-v2,false,.json,_pull/i18n-reflow/Features/pt/linkedin-banner-design-pt.json,
pulled-reflow-reference,i18n-reflow,feature,pt,linkedin-spotlight-ads-generator,composite-v2,false,.json,_pull/i18n-reflow/Features/pt/linkedin-spotlight-ads-generator-pt.json,
pulled-reflow-reference,i18n-reflow,feature,pt,magazine-layout-design,composite-v2,false,.json,_pull/i18n-reflow/Features/pt/magazine-layout-design-pt.json,
pulled-reflow-reference,i18n-reflow,feature,pt,mood-board-creation,composite-v2,false,.json,_pull/i18n-reflow/Features/pt/mood-board-creation-pt.json,
pulled-reflow-reference,i18n-reflow,feature,pt,[object Object],composite-v2,false,.json,_pull/i18n-reflow/Features/pt/multimodal-ai-video-agent-pt.json,
pulled-reflow-reference,i18n-reflow,feature,pt,nano-banana-ai-model,composite-v2,false,.json,_pull/i18n-reflow/Features/pt/nano-banana-ai-model-pt.json,
pulled-reflow-reference,i18n-reflow,feature,pt,nano-banana-best-practices,composite-v2,false,.json,_pull/i18n-reflow/Features/pt/nano-banana-best-practices-pt.json,
pulled-reflow-reference,i18n-reflow,feature,pt,nano-banana-case-studies,composite-v2,false,.json,_pull/i18n-reflow/Features/pt/nano-banana-case-studies-pt.json,
pulled-reflow-reference,i18n-reflow,feature,pt,nano-banana-concept-art-workflow,composite-v2,false,.json,_pull/i18n-reflow/Features/pt/nano-banana-concept-art-workflow-pt.json,
pulled-reflow-reference,i18n-reflow,feature,pt,nano-banana-creative-brainstorming,composite-v2,false,.json,_pull/i18n-reflow/Features/pt/nano-banana-creative-brainstorming-pt.json,
pulled-reflow-reference,i18n-reflow,feature,pt,nano-banana-digital-art-creation,composite-v2,false,.json,_pull/i18n-reflow/Features/pt/nano-banana-digital-art-creation-pt.json,
pulled-reflow-reference,i18n-reflow,feature,pt,nano-banana-educational-materials,composite-v2,false,.json,_pull/i18n-reflow/Features/pt/nano-banana-educational-materials-pt.json,
pulled-reflow-reference,i18n-reflow,feature,pt,nano-banana-graphic-design-workflow,composite-v2,false,.json,_pull/i18n-reflow/Features/pt/nano-banana-graphic-design-workflow-pt.json,
pulled-reflow-reference,i18n-reflow,feature,pt,nano-banana-illustration-projects,composite-v2,false,.json,_pull/i18n-reflow/Features/pt/nano-banana-illustration-projects-pt.json,
pulled-reflow-reference,i18n-reflow,feature,pt,nano-banana-infographic-design,composite-v2,false,.json,_pull/i18n-reflow/Features/pt/nano-banana-infographic-design-pt.json,
pulled-reflow-reference,i18n-reflow,feature,pt,nano-banana-marketing-visuals,composite-v2,false,.json,_pull/i18n-reflow/Features/pt/nano-banana-marketing-visuals-pt.json,
pulled-reflow-reference,i18n-reflow,feature,pt,nano-banana-presentation-slides,composite-v2,false,.json,_pull/i18n-reflow/Features/pt/nano-banana-presentation-slides-pt.json,
pulled-reflow-reference,i18n-reflow,feature,pt,nano-banana-product-photography,composite-v2,false,.json,_pull/i18n-reflow/Features/pt/nano-banana-product-photography-pt.json,
pulled-reflow-reference,i18n-reflow,feature,pt,nano-banana-social-media-graphics,composite-v2,false,.json,_pull/i18n-reflow/Features/pt/nano-banana-social-media-graphics-pt.json,
pulled-reflow-reference,i18n-reflow,feature,pt,nano-banana-website-graphics,composite-v2,false,.json,_pull/i18n-reflow/Features/pt/nano-banana-website-graphics-pt.json,
pulled-reflow-reference,i18n-reflow,feature,pt,nano-banana-workflow-optimization,composite-v2,false,.json,_pull/i18n-reflow/Features/pt/nano-banana-workflow-optimization-pt.json,
pulled-reflow-reference,i18n-reflow,feature,pt,nano-banana-youtube-thumbnails,composite-v2,false,.json,_pull/i18n-reflow/Features/pt/nano-banana-youtube-thumbnails-pt.json,
pulled-reflow-reference,i18n-reflow,feature,pt,no-template-popup-ads-generator,composite-v2,false,.json,_pull/i18n-reflow/Features/pt/no-template-popup-ads-generator-pt.json,
pulled-reflow-reference,i18n-reflow,feature,pt,no-template-popup-ads,composite-v2,false,.json,_pull/i18n-reflow/Features/pt/no-template-popup-ads-pt.json,
pulled-reflow-reference,i18n-reflow,feature,pt,nutrition-label-design,composite-v2,false,.json,_pull/i18n-reflow/Features/pt/nutrition-label-design-pt.json,
pulled-reflow-reference,i18n-reflow,feature,pt,online-multimodal-ai-creator-seedance,composite-v2,false,.json,_pull/i18n-reflow/Features/pt/online-multimodal-ai-creator-seedance-pt.json,
pulled-reflow-reference,i18n-reflow,feature,pt,online-store-graphics-design,composite-v2,false,.json,_pull/i18n-reflow/Features/pt/online-store-graphics-design-pt.json,
pulled-reflow-reference,i18n-reflow,feature,pt,overcome-blank-canvas-syndrome,composite-v2,false,.json,_pull/i18n-reflow/Features/pt/overcome-blank-canvas-syndrome-pt.json,
pulled-reflow-reference,i18n-reflow,feature,pt,pinterest-pin-design,composite-v2,false,.json,_pull/i18n-reflow/Features/pt/pinterest-pin-design-pt.json,
pulled-reflow-reference,i18n-reflow,feature,pt,pixel-pusher-to-creative-director,composite-v2,false,.json,_pull/i18n-reflow/Features/pt/pixel-pusher-to-creative-director-pt.json,
pulled-reflow-reference,i18n-reflow,feature,pt,pizza-menu-design,composite-v2,false,.json,_pull/i18n-reflow/Features/pt/pizza-menu-design-pt.json,
pulled-reflow-reference,i18n-reflow,feature,pt,portfolio-design,composite-v2,false,.json,_pull/i18n-reflow/Features/pt/portfolio-design-pt.json,
pulled-reflow-reference,i18n-reflow,feature,pt,poster-design,composite-v2,false,.json,_pull/i18n-reflow/Features/pt/poster-design-pt.json,
pulled-reflow-reference,i18n-reflow,feature,pt,product-catalog-design,composite-v2,false,.json,_pull/i18n-reflow/Features/pt/product-catalog-design-pt.json,
pulled-reflow-reference,i18n-reflow,feature,pt,product-packaging-design,composite-v2,false,.json,_pull/i18n-reflow/Features/pt/product-packaging-design-pt.json,
pulled-reflow-reference,i18n-reflow,feature,pt,professional-corporate-presentation-design,composite-v2,false,.json,_pull/i18n-reflow/Features/pt/professional-corporate-presentation-design-pt.json,
pulled-reflow-reference,i18n-reflow,feature,pt,professional-resume-design,composite-v2,false,.json,_pull/i18n-reflow/Features/pt/professional-resume-design-pt.json,
pulled-reflow-reference,i18n-reflow,feature,pt,promotional-flyer-design,composite-v2,false,.json,_pull/i18n-reflow/Features/pt/promotional-flyer-design-pt.json,
pulled-reflow-reference,i18n-reflow,feature,pt,property-brochure-design,composite-v2,false,.json,_pull/i18n-reflow/Features/pt/property-brochure-design-pt.json,
pulled-reflow-reference,i18n-reflow,feature,pt,property-listing-design,composite-v2,false,.json,_pull/i18n-reflow/Features/pt/property-listing-design-pt.json,
pulled-reflow-reference,i18n-reflow,feature,pt,property-report-design,composite-v2,false,.json,_pull/i18n-reflow/Features/pt/property-report-design-pt.json,
pulled-reflow-reference,i18n-reflow,feature,pt,rapid-poster-ai-creation,composite-v2,false,.json,_pull/i18n-reflow/Features/pt/rapid-poster-ai-creation-pt.json,
pulled-reflow-reference,i18n-reflow,feature,pt,real-estate-banner-design,composite-v2,false,.json,_pull/i18n-reflow/Features/pt/real-estate-banner-design-pt.json,
pulled-reflow-reference,i18n-reflow,feature,pt,real-estate-business-card-design,composite-v2,false,.json,_pull/i18n-reflow/Features/pt/real-estate-business-card-design-pt.json,
pulled-reflow-reference,i18n-reflow,feature,pt,real-estate-flyer-design,composite-v2,false,.json,_pull/i18n-reflow/Features/pt/real-estate-flyer-design-pt.json,
pulled-reflow-reference,i18n-reflow,feature,pt,real-estate-logo-design,composite-v2,false,.json,_pull/i18n-reflow/Features/pt/real-estate-logo-design-pt.json,
pulled-reflow-reference,i18n-reflow,feature,pt,real-estate-newsletter-design,composite-v2,false,.json,_pull/i18n-reflow/Features/pt/real-estate-newsletter-design-pt.json,
pulled-reflow-reference,i18n-reflow,feature,pt,real-estate-postcard-design,composite-v2,false,.json,_pull/i18n-reflow/Features/pt/real-estate-postcard-design-pt.json,
pulled-reflow-reference,i18n-reflow,feature,pt,real-estate-sign-design,composite-v2,false,.json,_pull/i18n-reflow/Features/pt/real-estate-sign-design-pt.json,
pulled-reflow-reference,i18n-reflow,feature,pt,remove-video-background,composite-v2,false,.json,_pull/i18n-reflow/Features/pt/remove-video-background-pt.json,
pulled-reflow-reference,i18n-reflow,feature,pt,restaurant_menu_design,composite-v2,false,.json,_pull/i18n-reflow/Features/pt/restaurant_menu_design-pt.json,
pulled-reflow-reference,i18n-reflow,feature,pt,restaurant-brochure-design,composite-v2,false,.json,_pull/i18n-reflow/Features/pt/restaurant-brochure-design-pt.json,
pulled-reflow-reference,i18n-reflow,feature,pt,restaurant-business-card-design,composite-v2,false,.json,_pull/i18n-reflow/Features/pt/restaurant-business-card-design-pt.json,
pulled-reflow-reference,i18n-reflow,feature,pt,restaurant-coupon-design,composite-v2,false,.json,_pull/i18n-reflow/Features/pt/restaurant-coupon-design-pt.json,
pulled-reflow-reference,i18n-reflow,feature,pt,restaurant-door-hanger-design,composite-v2,false,.json,_pull/i18n-reflow/Features/pt/restaurant-door-hanger-design-pt.json,
pulled-reflow-reference,i18n-reflow,feature,pt,restaurant-email-template-design,composite-v2,false,.json,_pull/i18n-reflow/Features/pt/restaurant-email-template-design-pt.json,
pulled-reflow-reference,i18n-reflow,feature,pt,restaurant-gift-card-design,composite-v2,false,.json,_pull/i18n-reflow/Features/pt/restaurant-gift-card-design-pt.json,
pulled-reflow-reference,i18n-reflow,feature,pt,restaurant-logo-design,composite-v2,false,.json,_pull/i18n-reflow/Features/pt/restaurant-logo-design-pt.json,
pulled-reflow-reference,i18n-reflow,feature,pt,restaurant-loyalty-card-design,composite-v2,false,.json,_pull/i18n-reflow/Features/pt/restaurant-loyalty-card-design-pt.json,
pulled-reflow-reference,i18n-reflow,feature,pt,restaurant-menu-design,composite-v2,false,.json,_pull/i18n-reflow/Features/pt/restaurant-menu-design-pt.json,
pulled-reflow-reference,i18n-reflow,feature,pt,restaurant-table-tent-design,composite-v2,false,.json,_pull/i18n-reflow/Features/pt/restaurant-table-tent-design-pt.json,
pulled-reflow-reference,i18n-reflow,feature,pt,sale-poster-design,composite-v2,false,.json,_pull/i18n-reflow/Features/pt/sale-poster-design-pt.json,
pulled-reflow-reference,i18n-reflow,feature,pt,seamless-carousel-post-visual-storytelling,composite-v2,false,.json,_pull/i18n-reflow/Features/pt/seamless-carousel-post-visual-storytelling-pt.json,
pulled-reflow-reference,i18n-reflow,feature,pt,secure-student-id-card-design,composite-v2,false,.json,_pull/i18n-reflow/Features/pt/secure-student-id-card-design-pt.json,
pulled-reflow-reference,i18n-reflow,feature,pt,seedance-2-0-ai-video-generator,composite-v2,false,.json,_pull/i18n-reflow/Features/pt/seedance-2-0-ai-video-generator-pt.json,
pulled-reflow-reference,i18n-reflow,feature,pt,seedance-ai-ad-creatives,composite-v2,false,.json,_pull/i18n-reflow/Features/pt/seedance-ai-ad-creatives-pt.json,
pulled-reflow-reference,i18n-reflow,feature,pt,seedance-ai-video-generator,composite-v2,false,.json,_pull/i18n-reflow/Features/pt/seedance-ai-video-generator-pt.json,
pulled-reflow-reference,i18n-reflow,feature,pt,seedance-batch-creative-production,composite-v2,false,.json,_pull/i18n-reflow/Features/pt/seedance-batch-creative-production-pt.json,
pulled-reflow-reference,i18n-reflow,feature,pt,seedance-text-to-video-ai,composite-v2,false,.json,_pull/i18n-reflow/Features/pt/seedance-text-to-video-ai-pt.json,
pulled-reflow-reference,i18n-reflow,feature,pt,social-media-post-design,composite-v2,false,.json,_pull/i18n-reflow/Features/pt/social-media-post-design-pt.json,
pulled-reflow-reference,i18n-reflow,feature,pt,social-media-template-design,composite-v2,false,.json,_pull/i18n-reflow/Features/pt/social-media-template-design-pt.json,
pulled-reflow-reference,i18n-reflow,feature,pt,startup-logo-design,composite-v2,false,.json,_pull/i18n-reflow/Features/pt/startup-logo-design-pt.json,
pulled-reflow-reference,i18n-reflow,feature,pt,text-image-to-video-seedance,composite-v2,false,.json,_pull/i18n-reflow/Features/pt/text-image-to-video-seedance-pt.json,
pulled-reflow-reference,i18n-reflow,feature,pt,text-to-video-ai-generator-veo3,composite-v2,false,.json,_pull/i18n-reflow/Features/pt/text-to-video-ai-generator-veo3-pt.json,
pulled-reflow-reference,i18n-reflow,feature,pt,text-to-video-ai,composite-v2,false,.json,_pull/i18n-reflow/Features/pt/text-to-video-ai-pt.json,
pulled-reflow-reference,i18n-reflow,feature,pt,textbook-cover-design,composite-v2,false,.json,_pull/i18n-reflow/Features/pt/textbook-cover-design-pt.json,
pulled-reflow-reference,i18n-reflow,feature,pt,tiktok-video-cover-design,composite-v2,false,.json,_pull/i18n-reflow/Features/pt/tiktok-video-cover-design-pt.json,
pulled-reflow-reference,i18n-reflow,feature,pt,touch-edit-ai,composite-v2,false,.json,_pull/i18n-reflow/Features/pt/touch-edit-ai-pt.json,
pulled-reflow-reference,i18n-reflow,feature,pt,twitter-header-design,composite-v2,false,.json,_pull/i18n-reflow/Features/pt/twitter-header-design-pt.json,
pulled-reflow-reference,i18n-reflow,feature,pt,video-background-changer,composite-v2,false,.json,_pull/i18n-reflow/Features/pt/video-background-changer-pt.json,
pulled-reflow-reference,i18n-reflow,feature,pt,video-background-remover,composite-v2,false,.json,_pull/i18n-reflow/Features/pt/video-background-remover-pt.json,
pulled-reflow-reference,i18n-reflow,feature,pt,wedding-invitation-design,composite-v2,false,.json,_pull/i18n-reflow/Features/pt/wedding-invitation-design-pt.json,
pulled-reflow-reference,i18n-reflow,feature,pt,wine-label-design,composite-v2,false,.json,_pull/i18n-reflow/Features/pt/wine-label-design-pt.json,
pulled-reflow-reference,i18n-reflow,feature,pt,worksheet-design,composite-v2,false,.json,_pull/i18n-reflow/Features/pt/worksheet-design-pt.json,
pulled-reflow-reference,i18n-reflow,feature,pt,youtube-thumbnail-design,composite-v2,false,.json,_pull/i18n-reflow/Features/pt/youtube-thumbnail-design-pt.json,
pulled-reflow-reference,i18n-reflow,feature,ru,ai-ad-thumbnail-generator,composite-v2,false,.json,_pull/i18n-reflow/Features/ru/ai-ad-thumbnail-generator-ru.json,
pulled-reflow-reference,i18n-reflow,feature,ru,ai-affiliate-ads-generator,composite-v2,false,.json,_pull/i18n-reflow/Features/ru/ai-affiliate-ads-generator-ru.json,
pulled-reflow-reference,i18n-reflow,feature,ru,ai-background-swap-no-masking,composite-v2,false,.json,_pull/i18n-reflow/Features/ru/ai-background-swap-no-masking-ru.json,
pulled-reflow-reference,i18n-reflow,feature,ru,ai-bakery-menu-maker,composite-v2,false,.json,_pull/i18n-reflow/Features/ru/ai-bakery-menu-maker-ru.json,
pulled-reflow-reference,i18n-reflow,feature,ru,ai-brochure-design-tool,composite-v2,false,.json,_pull/i18n-reflow/Features/ru/ai-brochure-design-tool-ru.json,
pulled-reflow-reference,i18n-reflow,feature,ru,ai-business-card-maker,composite-v2,false,.json,_pull/i18n-reflow/Features/ru/ai-business-card-maker-ru.json,
pulled-reflow-reference,i18n-reflow,feature,ru,ai-carousel-generator,composite-v2,false,.json,_pull/i18n-reflow/Features/ru/ai-carousel-generator-ru.json,
pulled-reflow-reference,i18n-reflow,feature,ru,ai-commercials-seedance,composite-v2,false,.json,_pull/i18n-reflow/Features/ru/ai-commercials-seedance-ru.json,
pulled-reflow-reference,i18n-reflow,feature,ru,ai-company-logo-maker,composite-v2,false,.json,_pull/i18n-reflow/Features/ru/ai-company-logo-maker-ru.json,
pulled-reflow-reference,i18n-reflow,feature,ru,ai-coupon-ad-generator,composite-v2,false,.json,_pull/i18n-reflow/Features/ru/ai-coupon-ad-generator-ru.json,
pulled-reflow-reference,i18n-reflow,feature,ru,ai-design-agent,composite-v2,false,.json,_pull/i18n-reflow/Features/ru/ai-design-agent-ru.json,
pulled-reflow-reference,i18n-reflow,feature,ru,ai-facebook-poster-generator,composite-v2,false,.json,_pull/i18n-reflow/Features/ru/ai-facebook-poster-generator-ru.json,
pulled-reflow-reference,i18n-reflow,feature,ru,ai-giveaway-poster-generator,composite-v2,false,.json,_pull/i18n-reflow/Features/ru/ai-giveaway-poster-generator-ru.json,
pulled-reflow-reference,i18n-reflow,feature,ru,ai-google-ads-banner-generator,composite-v2,false,.json,_pull/i18n-reflow/Features/ru/ai-google-ads-banner-generator-ru.json,
pulled-reflow-reference,i18n-reflow,feature,ru,ai-illustration-generator-vector-nano-banana,composite-v2,false,.json,_pull/i18n-reflow/Features/ru/ai-illustration-generator-vector-nano-banana-ru.json,
pulled-reflow-reference,i18n-reflow,feature,ru,ai-image-generator-text-to-image,composite-v2,false,.json,_pull/i18n-reflow/Features/ru/ai-image-generator-text-to-image-ru.json,
pulled-reflow-reference,i18n-reflow,feature,ru,ai-instagram-feed-planner,composite-v2,false,.json,_pull/i18n-reflow/Features/ru/ai-instagram-feed-planner-ru.json,
pulled-reflow-reference,i18n-reflow,feature,ru,ai-instagram-post-generator,composite-v2,false,.json,_pull/i18n-reflow/Features/ru/ai-instagram-post-generator-ru.json,
pulled-reflow-reference,i18n-reflow,feature,ru,ai-instagram-story-layout-generator,composite-v2,false,.json,_pull/i18n-reflow/Features/ru/ai-instagram-story-layout-generator-ru.json,
pulled-reflow-reference,i18n-reflow,feature,ru,ai-linkedin-infographic-generator-b2b,composite-v2,false,.json,_pull/i18n-reflow/Features/ru/ai-linkedin-infographic-generator-b2b-ru.json,
pulled-reflow-reference,i18n-reflow,feature,ru,ai-logo-maker-brand-agent,composite-v2,false,.json,_pull/i18n-reflow/Features/ru/ai-logo-maker-brand-agent-ru.json,
pulled-reflow-reference,i18n-reflow,feature,ru,ai-meta-ads-generator,composite-v2,false,.json,_pull/i18n-reflow/Features/ru/ai-meta-ads-generator-ru.json,
pulled-reflow-reference,i18n-reflow,feature,ru,ai-mockup-generator,composite-v2,false,.json,_pull/i18n-reflow/Features/ru/ai-mockup-generator-ru.json,
pulled-reflow-reference,i18n-reflow,feature,ru,ai-paid-social-ad-generator,composite-v2,false,.json,_pull/i18n-reflow/Features/ru/ai-paid-social-ad-generator-ru.json,
pulled-reflow-reference,i18n-reflow,feature,ru,ai-picture-generator,composite-v2,false,.json,_pull/i18n-reflow/Features/ru/ai-picture-generator-ru.json,
pulled-reflow-reference,i18n-reflow,feature,ru,ai-pinterest-pin-maker,composite-v2,false,.json,_pull/i18n-reflow/Features/ru/ai-pinterest-pin-maker-ru.json,
pulled-reflow-reference,i18n-reflow,feature,ru,ai-poster-design-agent-nano-banana,composite-v2,false,.json,_pull/i18n-reflow/Features/ru/ai-poster-design-agent-nano-banana-ru.json,
pulled-reflow-reference,i18n-reflow,feature,ru,ai-poster-generator-illustration-optimization,composite-v2,false,.json,_pull/i18n-reflow/Features/ru/ai-poster-generator-illustration-optimization-ru.json,
pulled-reflow-reference,i18n-reflow,feature,ru,ai-product-display-generator,composite-v2,false,.json,_pull/i18n-reflow/Features/ru/ai-product-display-generator-ru.json,
pulled-reflow-reference,i18n-reflow,feature,ru,ai-product-image-generator,composite-v2,false,.json,_pull/i18n-reflow/Features/ru/ai-product-image-generator-ru.json,
pulled-reflow-reference,i18n-reflow,feature,ru,ai-product-video-seedance,composite-v2,false,.json,_pull/i18n-reflow/Features/ru/ai-product-video-seedance-ru.json,
pulled-reflow-reference,i18n-reflow,feature,ru,ai-promotion-landing-page-generator,composite-v2,false,.json,_pull/i18n-reflow/Features/ru/ai-promotion-landing-page-generator-ru.json,
pulled-reflow-reference,i18n-reflow,feature,ru,ai-retargeting-ad-generator,composite-v2,false,.json,_pull/i18n-reflow/Features/ru/ai-retargeting-ad-generator-ru.json,
pulled-reflow-reference,i18n-reflow,feature,ru,ai-short-video-generator,composite-v2,false,.json,_pull/i18n-reflow/Features/ru/ai-short-video-generator-ru.json,
pulled-reflow-reference,i18n-reflow,feature,ru,ai-social-media-content-generator,composite-v2,false,.json,_pull/i18n-reflow/Features/ru/ai-social-media-content-generator-ru.json,
pulled-reflow-reference,i18n-reflow,feature,ru,ai-social-media-post-maker,composite-v2,false,.json,_pull/i18n-reflow/Features/ru/ai-social-media-post-maker-ru.json,
pulled-reflow-reference,i18n-reflow,feature,ru,ai-subscribe-ad-generator,composite-v2,false,.json,_pull/i18n-reflow/Features/ru/ai-subscribe-ad-generator-ru.json,
pulled-reflow-reference,i18n-reflow,feature,ru,ai-subscription-fatigue-utility,composite-v2,false,.json,_pull/i18n-reflow/Features/ru/ai-subscription-fatigue-utility-ru.json,
pulled-reflow-reference,i18n-reflow,feature,ru,ai-text-to-image-generator,composite-v2,false,.json,_pull/i18n-reflow/Features/ru/ai-text-to-image-generator-ru.json,
pulled-reflow-reference,i18n-reflow,feature,ru,ai-tiktok-thumbnail-maker,composite-v2,false,.json,_pull/i18n-reflow/Features/ru/ai-tiktok-thumbnail-maker-ru.json,
pulled-reflow-reference,i18n-reflow,feature,ru,ai-twitter-x-post-generator,composite-v2,false,.json,_pull/i18n-reflow/Features/ru/ai-twitter-x-post-generator-ru.json,
pulled-reflow-reference,i18n-reflow,feature,ru,ai-video-background-remover,composite-v2,false,.json,_pull/i18n-reflow/Features/ru/ai-video-background-remover-ru.json,
pulled-reflow-reference,i18n-reflow,feature,ru,ai-video-generator-no-templates,composite-v2,false,.json,_pull/i18n-reflow/Features/ru/ai-video-generator-no-templates-ru.json,
pulled-reflow-reference,i18n-reflow,feature,ru,ai-video-generator,composite-v2,false,.json,_pull/i18n-reflow/Features/ru/ai-video-generator-ru.json,
pulled-reflow-reference,i18n-reflow,feature,ru,ai-video-generator-text-to-video,composite-v2,false,.json,_pull/i18n-reflow/Features/ru/ai-video-generator-text-to-video-ru.json,
pulled-reflow-reference,i18n-reflow,feature,ru,ai-video-generator-tools,composite-v2,false,.json,_pull/i18n-reflow/Features/ru/ai-video-generator-tools-ru.json,
pulled-reflow-reference,i18n-reflow,feature,ru,ai-video-generator-workflow-by-lovart,composite-v2,false,.json,_pull/i18n-reflow/Features/ru/ai-video-generator-workflow-by-lovart-ru.json,
pulled-reflow-reference,i18n-reflow,feature,ru,ai-video-generator-workflow,composite-v2,false,.json,_pull/i18n-reflow/Features/ru/ai-video-generator-workflow-ru.json,
pulled-reflow-reference,i18n-reflow,feature,ru,ai-webtoon-comic-generator-seedance,composite-v2,false,.json,_pull/i18n-reflow/Features/ru/ai-webtoon-comic-generator-seedance-ru.json,
pulled-reflow-reference,i18n-reflow,feature,ru,ai-youtube-banner-maker,composite-v2,false,.json,_pull/i18n-reflow/Features/ru/ai-youtube-banner-maker-ru.json,
pulled-reflow-reference,i18n-reflow,feature,ru,album-cover-design,composite-v2,false,.json,_pull/i18n-reflow/Features/ru/album-cover-design-ru.json,
pulled-reflow-reference,i18n-reflow,feature,ru,all-in-one-ai-models,composite-v2,false,.json,_pull/i18n-reflow/Features/ru/all-in-one-ai-models-ru.json,
pulled-reflow-reference,i18n-reflow,feature,ru,amazon-listing-design-optimization,composite-v2,false,.json,_pull/i18n-reflow/Features/ru/amazon-listing-design-optimization-ru.json,
pulled-reflow-reference,i18n-reflow,feature,ru,amazon-listing-image-generator,composite-v2,false,.json,_pull/i18n-reflow/Features/ru/amazon-listing-image-generator-ru.json,
pulled-reflow-reference,i18n-reflow,feature,ru,anniversary-card-design,composite-v2,false,.json,_pull/i18n-reflow/Features/ru/anniversary-card-design-ru.json,
pulled-reflow-reference,i18n-reflow,feature,ru,baby-shower-invitation-design,composite-v2,false,.json,_pull/i18n-reflow/Features/ru/baby-shower-invitation-design-ru.json,
pulled-reflow-reference,i18n-reflow,feature,ru,bakery-menu-design,composite-v2,false,.json,_pull/i18n-reflow/Features/ru/bakery-menu-design-ru.json,
pulled-reflow-reference,i18n-reflow,feature,ru,banner-design,composite-v2,false,.json,_pull/i18n-reflow/Features/ru/banner-design-ru.json,
pulled-reflow-reference,i18n-reflow,feature,ru,bar-menu-design,composite-v2,false,.json,_pull/i18n-reflow/Features/ru/bar-menu-design-ru.json,
pulled-reflow-reference,i18n-reflow,feature,ru,best-ai-image-generator-2026,composite-v2,false,.json,_pull/i18n-reflow/Features/ru/best-ai-image-generator-2026-ru.json,
pulled-reflow-reference,i18n-reflow,feature,ru,birthday-invitation-design,composite-v2,false,.json,_pull/i18n-reflow/Features/ru/birthday-invitation-design-ru.json,
pulled-reflow-reference,i18n-reflow,feature,ru,book-cover-design,composite-v2,false,.json,_pull/i18n-reflow/Features/ru/book-cover-design-ru.json,
pulled-reflow-reference,i18n-reflow,feature,ru,brand-hashtag-visual-generator,composite-v2,false,.json,_pull/i18n-reflow/Features/ru/brand-hashtag-visual-generator-ru.json,
pulled-reflow-reference,i18n-reflow,feature,ru,brochure-design,composite-v2,,.json,_pull/i18n-reflow/Features/ru/brochure-design-ru.json,
pulled-reflow-reference,i18n-reflow,feature,ru,cafe-menu-design,composite-v2,false,.json,_pull/i18n-reflow/Features/ru/cafe-menu-design-ru.json,
pulled-reflow-reference,i18n-reflow,feature,ru,catering-menu-design,composite-v2,false,.json,_pull/i18n-reflow/Features/ru/catering-menu-design-ru.json,
pulled-reflow-reference,i18n-reflow,feature,ru,certificate-design,composite-v2,false,.json,_pull/i18n-reflow/Features/ru/certificate-design-ru.json,
pulled-reflow-reference,i18n-reflow,feature,ru,change-video-background,composite-v2,false,.json,_pull/i18n-reflow/Features/ru/change-video-background-ru.json,
pulled-reflow-reference,i18n-reflow,feature,ru,chef-business-card-design,composite-v2,false,.json,_pull/i18n-reflow/Features/ru/chef-business-card-design-ru.json,
pulled-reflow-reference,i18n-reflow,feature,ru,classroom-poster-design,composite-v2,false,.json,_pull/i18n-reflow/Features/ru/classroom-poster-design-ru.json,
pulled-reflow-reference,i18n-reflow,feature,ru,company-brochure-design,composite-v2,false,.json,_pull/i18n-reflow/Features/ru/company-brochure-design-ru.json,
pulled-reflow-reference,i18n-reflow,feature,ru,concert-poster-design,composite-v2,false,.json,_pull/i18n-reflow/Features/ru/concert-poster-design-ru.json,
pulled-reflow-reference,i18n-reflow,feature,ru,course-material-design,composite-v2,false,.json,_pull/i18n-reflow/Features/ru/course-material-design-ru.json,
pulled-reflow-reference,i18n-reflow,feature,ru,create-editable-brand-kit-ai-agent,composite-v2,false,.json,_pull/i18n-reflow/Features/ru/create-editable-brand-kit-ai-agent-ru.json,
pulled-reflow-reference,i18n-reflow,feature,ru,create-mockups-with-brand-kit-ai,composite-v2,false,.json,_pull/i18n-reflow/Features/ru/create-mockups-with-brand-kit-ai-ru.json,
pulled-reflow-reference,i18n-reflow,feature,ru,custom-business-flyer-design,composite-v2,false,.json,_pull/i18n-reflow/Features/ru/custom-business-flyer-design-ru.json,
pulled-reflow-reference,i18n-reflow,feature,ru,cv-template-design,composite-v2,false,.json,_pull/i18n-reflow/Features/ru/cv-template-design-ru.json,
pulled-reflow-reference,i18n-reflow,feature,ru,design-viral-youtube-thumbnails-ai-by-lovart,composite-v2,false,.json,_pull/i18n-reflow/Features/ru/design-viral-youtube-thumbnails-ai-by-lovart-ru.json,
pulled-reflow-reference,i18n-reflow,feature,ru,design-viral-youtube-thumbnails-ai,composite-v2,false,.json,_pull/i18n-reflow/Features/ru/design-viral-youtube-thumbnails-ai-ru.json,
pulled-reflow-reference,i18n-reflow,feature,ru,diploma-design,composite-v2,false,.json,_pull/i18n-reflow/Features/ru/diploma-design-ru.json,
pulled-reflow-reference,i18n-reflow,feature,ru,discount-banner-design,composite-v2,false,.json,_pull/i18n-reflow/Features/ru/discount-banner-design-ru.json,
pulled-reflow-reference,i18n-reflow,feature,ru,e-learning-banner-design,composite-v2,false,.json,_pull/i18n-reflow/Features/ru/e-learning-banner-design-ru.json,
pulled-reflow-reference,i18n-reflow,feature,ru,ecommerce-banner-design,composite-v2,false,.json,_pull/i18n-reflow/Features/ru/ecommerce-banner-design-ru.json,
pulled-reflow-reference,i18n-reflow,feature,ru,edit-ai-generated-images,composite-v2,false,.json,_pull/i18n-reflow/Features/ru/edit-ai-generated-images-ru.json,
pulled-reflow-reference,i18n-reflow,feature,ru,engagement-invitation-design,composite-v2,false,.json,_pull/i18n-reflow/Features/ru/engagement-invitation-design-ru.json,
pulled-reflow-reference,i18n-reflow,feature,ru,event-poster-maker,composite-v2,false,.json,_pull/i18n-reflow/Features/ru/event-poster-maker-ru.json,
pulled-reflow-reference,i18n-reflow,feature,ru,event-program-design,composite-v2,false,.json,_pull/i18n-reflow/Features/ru/event-program-design-ru.json,
pulled-reflow-reference,i18n-reflow,feature,ru,facebook-cover-design,composite-v2,false,.json,_pull/i18n-reflow/Features/ru/facebook-cover-design-ru.json,
pulled-reflow-reference,i18n-reflow,feature,ru,facebook-post-template-generator,composite-v2,false,.json,_pull/i18n-reflow/Features/ru/facebook-post-template-generator-ru.json,
pulled-reflow-reference,i18n-reflow,feature,ru,festival-banner-design,composite-v2,false,.json,_pull/i18n-reflow/Features/ru/festival-banner-design-ru.json,
pulled-reflow-reference,i18n-reflow,feature,ru,flyer-design,composite-v2,false,.json,_pull/i18n-reflow/Features/ru/flyer-design-ru.json,
pulled-reflow-reference,i18n-reflow,feature,ru,food-banner-design,composite-v2,false,.json,_pull/i18n-reflow/Features/ru/food-banner-design-ru.json,
pulled-reflow-reference,i18n-reflow,feature,ru,food-blog-header-design,composite-v2,false,.json,_pull/i18n-reflow/Features/ru/food-blog-header-design-ru.json,
pulled-reflow-reference,i18n-reflow,feature,ru,food-delivery-app-design,composite-v2,false,.json,_pull/i18n-reflow/Features/ru/food-delivery-app-design-ru.json,
pulled-reflow-reference,i18n-reflow,feature,ru,food-festival-poster-design,composite-v2,false,.json,_pull/i18n-reflow/Features/ru/food-festival-poster-design-ru.json,
pulled-reflow-reference,i18n-reflow,feature,ru,food-flyer-design,composite-v2,false,.json,_pull/i18n-reflow/Features/ru/food-flyer-design-ru.json,
pulled-reflow-reference,i18n-reflow,feature,ru,food-packaging-design,composite-v2,false,.json,_pull/i18n-reflow/Features/ru/food-packaging-design-ru.json,
pulled-reflow-reference,i18n-reflow,feature,ru,food-photography-layout-design,composite-v2,false,.json,_pull/i18n-reflow/Features/ru/food-photography-layout-design-ru.json,
pulled-reflow-reference,i18n-reflow,feature,ru,food-poster-design,composite-v2,false,.json,_pull/i18n-reflow/Features/ru/food-poster-design-ru.json,
pulled-reflow-reference,i18n-reflow,feature,ru,food-recipe-card-design,composite-v2,false,.json,_pull/i18n-reflow/Features/ru/food-recipe-card-design-ru.json,
pulled-reflow-reference,i18n-reflow,feature,ru,food-social-media-design,composite-v2,false,.json,_pull/i18n-reflow/Features/ru/food-social-media-design-ru.json,
pulled-reflow-reference,i18n-reflow,feature,ru,food-truck-menu-design,composite-v2,false,.json,_pull/i18n-reflow/Features/ru/food-truck-menu-design-ru.json,
pulled-reflow-reference,i18n-reflow,feature,ru,food-truck-wrap-design,composite-v2,false,.json,_pull/i18n-reflow/Features/ru/food-truck-wrap-design-ru.json,
pulled-reflow-reference,i18n-reflow,feature,ru,free-online-tool,composite-v2,false,.json,_pull/i18n-reflow/Features/ru/free-online-tool-ru.json,
pulled-reflow-reference,i18n-reflow,feature,ru,gpt-image-generator-ai,composite-v2,false,.json,_pull/i18n-reflow/Features/ru/gpt-image-generator-ai-ru.json,
pulled-reflow-reference,i18n-reflow,feature,ru,graduation-invitation-design,composite-v2,false,.json,_pull/i18n-reflow/Features/ru/graduation-invitation-design-ru.json,
pulled-reflow-reference,i18n-reflow,feature,ru,graphic-design,composite-v2,false,.json,_pull/i18n-reflow/Features/ru/graphic-design-ru.json,
pulled-reflow-reference,i18n-reflow,feature,ru,infinite-chatcanvas-ai-collaboration,composite-v2,false,.json,_pull/i18n-reflow/Features/ru/infinite-chatcanvas-ai-collaboration-ru.json,
pulled-reflow-reference,i18n-reflow,feature,ru,infographic-design,composite-v2,false,.json,_pull/i18n-reflow/Features/ru/infographic-design-ru.json,
pulled-reflow-reference,i18n-reflow,feature,ru,instagram-highlight-cover-design,composite-v2,false,.json,_pull/i18n-reflow/Features/ru/instagram-highlight-cover-design-ru.json,
pulled-reflow-reference,i18n-reflow,feature,ru,instagram-story-design,composite-v2,false,.json,_pull/i18n-reflow/Features/ru/instagram-story-design-ru.json,
pulled-reflow-reference,i18n-reflow,feature,ru,instagram-story-maker,composite-v2,false,.json,_pull/i18n-reflow/Features/ru/instagram-story-maker-ru.json,
pulled-reflow-reference,i18n-reflow,feature,ru,launch-event-landing-page-generator,composite-v2,false,.json,_pull/i18n-reflow/Features/ru/launch-event-landing-page-generator-ru.json,
pulled-reflow-reference,i18n-reflow,feature,ru,leonardo-ai-alternative,composite-v2,false,.json,_pull/i18n-reflow/Features/ru/leonardo-ai-alternative-ru.json,
pulled-reflow-reference,i18n-reflow,feature,ru,lesson-plan-design,composite-v2,false,.json,_pull/i18n-reflow/Features/ru/lesson-plan-design-ru.json,
pulled-reflow-reference,i18n-reflow,feature,ru,linkedin-ads-generator,composite-v2,false,.json,_pull/i18n-reflow/Features/ru/linkedin-ads-generator-ru.json,
pulled-reflow-reference,i18n-reflow,feature,ru,linkedin-banner-design-ai-generator-by-lovart,composite-v2,false,.json,_pull/i18n-reflow/Features/ru/linkedin-banner-design-ai-generator-by-lovart-ru.json,
pulled-reflow-reference,i18n-reflow,feature,ru,linkedin-banner-design-ai-generator,composite-v2,false,.json,_pull/i18n-reflow/Features/ru/linkedin-banner-design-ai-generator-ru.json,
pulled-reflow-reference,i18n-reflow,feature,ru,linkedin-banner-design,composite-v2,false,.json,_pull/i18n-reflow/Features/ru/linkedin-banner-design-ru.json,
pulled-reflow-reference,i18n-reflow,feature,ru,linkedin-spotlight-ads-generator,composite-v2,false,.json,_pull/i18n-reflow/Features/ru/linkedin-spotlight-ads-generator-ru.json,
pulled-reflow-reference,i18n-reflow,feature,ru,magazine-layout-design,composite-v2,false,.json,_pull/i18n-reflow/Features/ru/magazine-layout-design-ru.json,
pulled-reflow-reference,i18n-reflow,feature,ru,mood-board-creation,composite-v2,false,.json,_pull/i18n-reflow/Features/ru/mood-board-creation-ru.json,
pulled-reflow-reference,i18n-reflow,feature,ru,nano-banana-ai-model,composite-v2,false,.json,_pull/i18n-reflow/Features/ru/nano-banana-ai-model-ru.json,
pulled-reflow-reference,i18n-reflow,feature,ru,nano-banana-best-practices,composite-v2,false,.json,_pull/i18n-reflow/Features/ru/nano-banana-best-practices-ru.json,
pulled-reflow-reference,i18n-reflow,feature,ru,nano-banana-case-studies,composite-v2,false,.json,_pull/i18n-reflow/Features/ru/nano-banana-case-studies-ru.json,
pulled-reflow-reference,i18n-reflow,feature,ru,nano-banana-concept-art-workflow,composite-v2,false,.json,_pull/i18n-reflow/Features/ru/nano-banana-concept-art-workflow-ru.json,
pulled-reflow-reference,i18n-reflow,feature,ru,nano-banana-creative-brainstorming,composite-v2,false,.json,_pull/i18n-reflow/Features/ru/nano-banana-creative-brainstorming-ru.json,
pulled-reflow-reference,i18n-reflow,feature,ru,nano-banana-digital-art-creation,composite-v2,false,.json,_pull/i18n-reflow/Features/ru/nano-banana-digital-art-creation-ru.json,
pulled-reflow-reference,i18n-reflow,feature,ru,nano-banana-educational-materials,composite-v2,false,.json,_pull/i18n-reflow/Features/ru/nano-banana-educational-materials-ru.json,
pulled-reflow-reference,i18n-reflow,feature,ru,nano-banana-graphic-design-workflow,composite-v2,false,.json,_pull/i18n-reflow/Features/ru/nano-banana-graphic-design-workflow-ru.json,
pulled-reflow-reference,i18n-reflow,feature,ru,nano-banana-illustration-projects,composite-v2,false,.json,_pull/i18n-reflow/Features/ru/nano-banana-illustration-projects-ru.json,
pulled-reflow-reference,i18n-reflow,feature,ru,nano-banana-infographic-design,composite-v2,false,.json,_pull/i18n-reflow/Features/ru/nano-banana-infographic-design-ru.json,
pulled-reflow-reference,i18n-reflow,feature,ru,nano-banana-marketing-visuals,composite-v2,false,.json,_pull/i18n-reflow/Features/ru/nano-banana-marketing-visuals-ru.json,
pulled-reflow-reference,i18n-reflow,feature,ru,nano-banana-presentation-slides,composite-v2,false,.json,_pull/i18n-reflow/Features/ru/nano-banana-presentation-slides-ru.json,
pulled-reflow-reference,i18n-reflow,feature,ru,nano-banana-product-photography,composite-v2,false,.json,_pull/i18n-reflow/Features/ru/nano-banana-product-photography-ru.json,
pulled-reflow-reference,i18n-reflow,feature,ru,nano-banana-social-media-graphics,composite-v2,false,.json,_pull/i18n-reflow/Features/ru/nano-banana-social-media-graphics-ru.json,
pulled-reflow-reference,i18n-reflow,feature,ru,nano-banana-website-graphics,composite-v2,false,.json,_pull/i18n-reflow/Features/ru/nano-banana-website-graphics-ru.json,
pulled-reflow-reference,i18n-reflow,feature,ru,nano-banana-workflow-optimization,composite-v2,false,.json,_pull/i18n-reflow/Features/ru/nano-banana-workflow-optimization-ru.json,
pulled-reflow-reference,i18n-reflow,feature,ru,nano-banana-youtube-thumbnails,composite-v2,false,.json,_pull/i18n-reflow/Features/ru/nano-banana-youtube-thumbnails-ru.json,
pulled-reflow-reference,i18n-reflow,feature,ru,no-template-popup-ads-generator,composite-v2,false,.json,_pull/i18n-reflow/Features/ru/no-template-popup-ads-generator-ru.json,
pulled-reflow-reference,i18n-reflow,feature,ru,no-template-popup-ads,composite-v2,false,.json,_pull/i18n-reflow/Features/ru/no-template-popup-ads-ru.json,
pulled-reflow-reference,i18n-reflow,feature,ru,nutrition-label-design,composite-v2,false,.json,_pull/i18n-reflow/Features/ru/nutrition-label-design-ru.json,
pulled-reflow-reference,i18n-reflow,feature,ru,online-multimodal-ai-creator-seedance,composite-v2,false,.json,_pull/i18n-reflow/Features/ru/online-multimodal-ai-creator-seedance-ru.json,
pulled-reflow-reference,i18n-reflow,feature,ru,online-store-graphics-design,composite-v2,false,.json,_pull/i18n-reflow/Features/ru/online-store-graphics-design-ru.json,
pulled-reflow-reference,i18n-reflow,feature,ru,overcome-blank-canvas-syndrome,composite-v2,false,.json,_pull/i18n-reflow/Features/ru/overcome-blank-canvas-syndrome-ru.json,
pulled-reflow-reference,i18n-reflow,feature,ru,party-flyer-design,composite-v2,false,.json,_pull/i18n-reflow/Features/ru/party-flyer-design-ru.json,
pulled-reflow-reference,i18n-reflow,feature,ru,pinterest-pin-design,composite-v2,false,.json,_pull/i18n-reflow/Features/ru/pinterest-pin-design-ru.json,
pulled-reflow-reference,i18n-reflow,feature,ru,pixel-pusher-to-creative-director,composite-v2,false,.json,_pull/i18n-reflow/Features/ru/pixel-pusher-to-creative-director-ru.json,
pulled-reflow-reference,i18n-reflow,feature,ru,pizza-menu-design,composite-v2,false,.json,_pull/i18n-reflow/Features/ru/pizza-menu-design-ru.json,
pulled-reflow-reference,i18n-reflow,feature,ru,portfolio-design,composite-v2,false,.json,_pull/i18n-reflow/Features/ru/portfolio-design-ru.json,
pulled-reflow-reference,i18n-reflow,feature,ru,poster-design,composite-v2,false,.json,_pull/i18n-reflow/Features/ru/poster-design-ru.json,
pulled-reflow-reference,i18n-reflow,feature,ru,price-list-design,composite-v2,false,.json,_pull/i18n-reflow/Features/ru/price-list-design-ru.json,
pulled-reflow-reference,i18n-reflow,feature,ru,product-catalog-design,composite-v2,false,.json,_pull/i18n-reflow/Features/ru/product-catalog-design-ru.json,
pulled-reflow-reference,i18n-reflow,feature,ru,product-packaging-design,composite-v2,false,.json,_pull/i18n-reflow/Features/ru/product-packaging-design-ru.json,
pulled-reflow-reference,i18n-reflow,feature,ru,professional-corporate-presentation-design,composite-v2,false,.json,_pull/i18n-reflow/Features/ru/professional-corporate-presentation-design-ru.json,
pulled-reflow-reference,i18n-reflow,feature,ru,professional-resume-design,composite-v2,false,.json,_pull/i18n-reflow/Features/ru/professional-resume-design-ru.json,
pulled-reflow-reference,i18n-reflow,feature,ru,promotional-flyer-design,composite-v2,false,.json,_pull/i18n-reflow/Features/ru/promotional-flyer-design-ru.json,
pulled-reflow-reference,i18n-reflow,feature,ru,property-brochure-design,composite-v2,false,.json,_pull/i18n-reflow/Features/ru/property-brochure-design-ru.json,
pulled-reflow-reference,i18n-reflow,feature,ru,property-listing-design,composite-v2,false,.json,_pull/i18n-reflow/Features/ru/property-listing-design-ru.json,
pulled-reflow-reference,i18n-reflow,feature,ru,property-report-design,composite-v2,false,.json,_pull/i18n-reflow/Features/ru/property-report-design-ru.json,
pulled-reflow-reference,i18n-reflow,feature,ru,rapid-poster-ai-creation,composite-v2,false,.json,_pull/i18n-reflow/Features/ru/rapid-poster-ai-creation-ru.json,
pulled-reflow-reference,i18n-reflow,feature,ru,real-estate-banner-design,composite-v2,false,.json,_pull/i18n-reflow/Features/ru/real-estate-banner-design-ru.json,
pulled-reflow-reference,i18n-reflow,feature,ru,real-estate-business-card-design,composite-v2,false,.json,_pull/i18n-reflow/Features/ru/real-estate-business-card-design-ru.json,
pulled-reflow-reference,i18n-reflow,feature,ru,real-estate-flyer-design,composite-v2,false,.json,_pull/i18n-reflow/Features/ru/real-estate-flyer-design-ru.json,
pulled-reflow-reference,i18n-reflow,feature,ru,real-estate-logo-design,composite-v2,false,.json,_pull/i18n-reflow/Features/ru/real-estate-logo-design-ru.json,
pulled-reflow-reference,i18n-reflow,feature,ru,real-estate-newsletter-design,composite-v2,false,.json,_pull/i18n-reflow/Features/ru/real-estate-newsletter-design-ru.json,
pulled-reflow-reference,i18n-reflow,feature,ru,real-estate-sign-design,composite-v2,false,.json,_pull/i18n-reflow/Features/ru/real-estate-sign-design-ru.json,
pulled-reflow-reference,i18n-reflow,feature,ru,remove-video-background,composite-v2,false,.json,_pull/i18n-reflow/Features/ru/remove-video-background-ru.json,
pulled-reflow-reference,i18n-reflow,feature,ru,restaurant_menu_design,composite-v2,false,.json,_pull/i18n-reflow/Features/ru/restaurant_menu_design-ru.json,
pulled-reflow-reference,i18n-reflow,feature,ru,restaurant-brochure-design,composite-v2,false,.json,_pull/i18n-reflow/Features/ru/restaurant-brochure-design-ru.json,
pulled-reflow-reference,i18n-reflow,feature,ru,restaurant-business-card-design,composite-v2,false,.json,_pull/i18n-reflow/Features/ru/restaurant-business-card-design-ru.json,
pulled-reflow-reference,i18n-reflow,feature,ru,restaurant-coupon-design,composite-v2,false,.json,_pull/i18n-reflow/Features/ru/restaurant-coupon-design-ru.json,
pulled-reflow-reference,i18n-reflow,feature,ru,restaurant-door-hanger-design,composite-v2,false,.json,_pull/i18n-reflow/Features/ru/restaurant-door-hanger-design-ru.json,
pulled-reflow-reference,i18n-reflow,feature,ru,restaurant-email-template-design,composite-v2,false,.json,_pull/i18n-reflow/Features/ru/restaurant-email-template-design-ru.json,
pulled-reflow-reference,i18n-reflow,feature,ru,restaurant-gift-card-design,composite-v2,false,.json,_pull/i18n-reflow/Features/ru/restaurant-gift-card-design-ru.json,
pulled-reflow-reference,i18n-reflow,feature,ru,restaurant-logo-design,composite-v2,false,.json,_pull/i18n-reflow/Features/ru/restaurant-logo-design-ru.json,
pulled-reflow-reference,i18n-reflow,feature,ru,restaurant-loyalty-card-design,composite-v2,false,.json,_pull/i18n-reflow/Features/ru/restaurant-loyalty-card-design-ru.json,
pulled-reflow-reference,i18n-reflow,feature,ru,restaurant-menu-design,composite-v2,false,.json,_pull/i18n-reflow/Features/ru/restaurant-menu-design-ru.json,
pulled-reflow-reference,i18n-reflow,feature,ru,restaurant-table-tent-design,composite-v2,false,.json,_pull/i18n-reflow/Features/ru/restaurant-table-tent-design-ru.json,
pulled-reflow-reference,i18n-reflow,feature,ru,sale-poster-design,composite-v2,false,.json,_pull/i18n-reflow/Features/ru/sale-poster-design-ru.json,
pulled-reflow-reference,i18n-reflow,feature,ru,seamless-carousel-post-visual-storytelling,composite-v2,false,.json,_pull/i18n-reflow/Features/ru/seamless-carousel-post-visual-storytelling-ru.json,
pulled-reflow-reference,i18n-reflow,feature,ru,secure-student-id-card-design,composite-v2,false,.json,_pull/i18n-reflow/Features/ru/secure-student-id-card-design-ru.json,
pulled-reflow-reference,i18n-reflow,feature,ru,seedance-2-0-ai-video-generator,composite-v2,false,.json,_pull/i18n-reflow/Features/ru/seedance-2-0-ai-video-generator-ru.json,
pulled-reflow-reference,i18n-reflow,feature,ru,seedance-ai-ad-creatives,composite-v2,false,.json,_pull/i18n-reflow/Features/ru/seedance-ai-ad-creatives-ru.json,
pulled-reflow-reference,i18n-reflow,feature,ru,seedance-ai-video-generator,composite-v2,false,.json,_pull/i18n-reflow/Features/ru/seedance-ai-video-generator-ru.json,
pulled-reflow-reference,i18n-reflow,feature,ru,seedance-text-to-video-ai,composite-v2,false,.json,_pull/i18n-reflow/Features/ru/seedance-text-to-video-ai-ru.json,
pulled-reflow-reference,i18n-reflow,feature,ru,seedance-viral-matrix-operation,composite-v2,false,.json,_pull/i18n-reflow/Features/ru/seedance-viral-matrix-operation-ru.json,
pulled-reflow-reference,i18n-reflow,feature,ru,seedance-viral-short-video-assets,composite-v2,false,.json,_pull/i18n-reflow/Features/ru/seedance-viral-short-video-assets-ru.json,
pulled-reflow-reference,i18n-reflow,feature,ru,shopify-banner-design,composite-v2,false,.json,_pull/i18n-reflow/Features/ru/shopify-banner-design-ru.json,
pulled-reflow-reference,i18n-reflow,feature,ru,social-media-post-design,composite-v2,false,.json,_pull/i18n-reflow/Features/ru/social-media-post-design-ru.json,
pulled-reflow-reference,i18n-reflow,feature,ru,social-media-template-design,composite-v2,false,.json,_pull/i18n-reflow/Features/ru/social-media-template-design-ru.json,
pulled-reflow-reference,i18n-reflow,feature,ru,startup-logo-design,composite-v2,false,.json,_pull/i18n-reflow/Features/ru/startup-logo-design-ru.json,
pulled-reflow-reference,i18n-reflow,feature,ru,text-image-to-video-seedance,composite-v2,false,.json,_pull/i18n-reflow/Features/ru/text-image-to-video-seedance-ru.json,
pulled-reflow-reference,i18n-reflow,feature,ru,text-to-video-ai-generator-veo3,composite-v2,false,.json,_pull/i18n-reflow/Features/ru/text-to-video-ai-generator-veo3-ru.json,
pulled-reflow-reference,i18n-reflow,feature,ru,text-to-video-ai,composite-v2,false,.json,_pull/i18n-reflow/Features/ru/text-to-video-ai-ru.json,
pulled-reflow-reference,i18n-reflow,feature,ru,textbook-cover-design,composite-v2,false,.json,_pull/i18n-reflow/Features/ru/textbook-cover-design-ru.json,
pulled-reflow-reference,i18n-reflow,feature,ru,tiktok-video-cover-design,composite-v2,false,.json,_pull/i18n-reflow/Features/ru/tiktok-video-cover-design-ru.json,
pulled-reflow-reference,i18n-reflow,feature,ru,touch-edit-ai,composite-v2,false,.json,_pull/i18n-reflow/Features/ru/touch-edit-ai-ru.json,
pulled-reflow-reference,i18n-reflow,feature,ru,twitter-header-design,composite-v2,false,.json,_pull/i18n-reflow/Features/ru/twitter-header-design-ru.json,
pulled-reflow-reference,i18n-reflow,feature,ru,video-background-changer,composite-v2,false,.json,_pull/i18n-reflow/Features/ru/video-background-changer-ru.json,
pulled-reflow-reference,i18n-reflow,feature,ru,video-background-remover,composite-v2,false,.json,_pull/i18n-reflow/Features/ru/video-background-remover-ru.json,
pulled-reflow-reference,i18n-reflow,feature,ru,wedding-invitation-design,composite-v2,false,.json,_pull/i18n-reflow/Features/ru/wedding-invitation-design-ru.json,
pulled-reflow-reference,i18n-reflow,feature,ru,wine-label-design,composite-v2,false,.json,_pull/i18n-reflow/Features/ru/wine-label-design-ru.json,
pulled-reflow-reference,i18n-reflow,feature,ru,worksheet-design,composite-v2,false,.json,_pull/i18n-reflow/Features/ru/worksheet-design-ru.json,
pulled-reflow-reference,i18n-reflow,feature,ru,youtube-thumbnail-design,composite-v2,false,.json,_pull/i18n-reflow/Features/ru/youtube-thumbnail-design-ru.json,
pulled-reflow-reference,i18n-reflow,feature,zh-TW,ai-ad-thumbnail-generator,composite-v2,false,.json,_pull/i18n-reflow/Features/zh-TW/ai-ad-thumbnail-generator-zh-TW.json,
pulled-reflow-reference,i18n-reflow,feature,zh-TW,ai-affiliate-ads-generator,composite-v2,false,.json,_pull/i18n-reflow/Features/zh-TW/ai-affiliate-ads-generator-zh-TW.json,
pulled-reflow-reference,i18n-reflow,feature,zh-TW,ai-avatar-streaming-seedance,composite-v2,false,.json,_pull/i18n-reflow/Features/zh-TW/ai-avatar-streaming-seedance-zh-TW.json,
pulled-reflow-reference,i18n-reflow,feature,zh-TW,ai-background-swap-no-masking,composite-v2,false,.json,_pull/i18n-reflow/Features/zh-TW/ai-background-swap-no-masking-zh-TW.json,
pulled-reflow-reference,i18n-reflow,feature,zh-TW,ai-bakery-menu-maker,composite-v2,false,.json,_pull/i18n-reflow/Features/zh-TW/ai-bakery-menu-maker-zh-TW.json,
pulled-reflow-reference,i18n-reflow,feature,zh-TW,ai-brochure-design-tool,composite-v2,false,.json,_pull/i18n-reflow/Features/zh-TW/ai-brochure-design-tool-zh-TW.json,
pulled-reflow-reference,i18n-reflow,feature,zh-TW,ai-business-card-maker,composite-v2,false,.json,_pull/i18n-reflow/Features/zh-TW/ai-business-card-maker-zh-TW.json,
pulled-reflow-reference,i18n-reflow,feature,zh-TW,ai-carousel-generator,composite-v2,false,.json,_pull/i18n-reflow/Features/zh-TW/ai-carousel-generator-zh-TW.json,
pulled-reflow-reference,i18n-reflow,feature,zh-TW,ai-commercials-seedance,composite-v2,false,.json,_pull/i18n-reflow/Features/zh-TW/ai-commercials-seedance-zh-TW.json,
pulled-reflow-reference,i18n-reflow,feature,zh-TW,ai-company-logo-maker,composite-v2,false,.json,_pull/i18n-reflow/Features/zh-TW/ai-company-logo-maker-zh-TW.json,
pulled-reflow-reference,i18n-reflow,feature,zh-TW,ai-coupon-ad-generator,composite-v2,false,.json,_pull/i18n-reflow/Features/zh-TW/ai-coupon-ad-generator-zh-TW.json,
pulled-reflow-reference,i18n-reflow,feature,zh-TW,ai-design-agent-for-freelancers,composite-v2,false,.json,_pull/i18n-reflow/Features/zh-TW/ai-design-agent-for-freelancers-zh-TW.json,
pulled-reflow-reference,i18n-reflow,feature,zh-TW,ai-design-agent,composite-v2,false,.json,_pull/i18n-reflow/Features/zh-TW/ai-design-agent-zh-TW.json,
pulled-reflow-reference,i18n-reflow,feature,zh-TW,ai-design-marketing-agency,composite-v2,false,.json,_pull/i18n-reflow/Features/zh-TW/ai-design-marketing-agency-zh-TW.json,
pulled-reflow-reference,i18n-reflow,feature,zh-TW,ai-facebook-ad-creative-generator,composite-v2,false,.json,_pull/i18n-reflow/Features/zh-TW/ai-facebook-ad-creative-generator-zh-TW.json,
pulled-reflow-reference,i18n-reflow,feature,zh-TW,ai-facebook-post-designer,composite-v2,false,.json,_pull/i18n-reflow/Features/zh-TW/ai-facebook-post-designer-zh-TW.json,
pulled-reflow-reference,i18n-reflow,feature,zh-TW,ai-facebook-poster-generator,composite-v2,false,.json,_pull/i18n-reflow/Features/zh-TW/ai-facebook-poster-generator-zh-TW.json,
pulled-reflow-reference,i18n-reflow,feature,zh-TW,ai-giveaway-poster-generator,composite-v2,false,.json,_pull/i18n-reflow/Features/zh-TW/ai-giveaway-poster-generator-zh-TW.json,
pulled-reflow-reference,i18n-reflow,feature,zh-TW,ai-google-ads-banner-generator,composite-v2,false,.json,_pull/i18n-reflow/Features/zh-TW/ai-google-ads-banner-generator-zh-TW.json,
pulled-reflow-reference,i18n-reflow,feature,zh-TW,ai-illustration-generator-vector-nano-banana,composite-v2,false,.json,_pull/i18n-reflow/Features/zh-TW/ai-illustration-generator-vector-nano-banana-zh-TW.json,
pulled-reflow-reference,i18n-reflow,feature,zh-TW,ai-image-generator-text-to-image,composite-v2,false,.json,_pull/i18n-reflow/Features/zh-TW/ai-image-generator-text-to-image-zh-TW.json,
pulled-reflow-reference,i18n-reflow,feature,zh-TW,ai-image-generator,composite-v2,false,.json,_pull/i18n-reflow/Features/zh-TW/ai-image-generator-zh-TW.json,
pulled-reflow-reference,i18n-reflow,feature,zh-TW,ai-instagram-feed-planner,composite-v2,false,.json,_pull/i18n-reflow/Features/zh-TW/ai-instagram-feed-planner-zh-TW.json,
pulled-reflow-reference,i18n-reflow,feature,zh-TW,ai-instagram-post-generator,composite-v2,false,.json,_pull/i18n-reflow/Features/zh-TW/ai-instagram-post-generator-zh-TW.json,
pulled-reflow-reference,i18n-reflow,feature,zh-TW,ai-instagram-post-maker,composite-v2,false,.json,_pull/i18n-reflow/Features/zh-TW/ai-instagram-post-maker-zh-TW.json,
pulled-reflow-reference,i18n-reflow,feature,zh-TW,ai-instagram-story-layout-generator,composite-v2,false,.json,_pull/i18n-reflow/Features/zh-TW/ai-instagram-story-layout-generator-zh-TW.json,
pulled-reflow-reference,i18n-reflow,feature,zh-TW,ai-linkedin-infographic-generator-b2b,composite-v2,false,.json,_pull/i18n-reflow/Features/zh-TW/ai-linkedin-infographic-generator-b2b-zh-TW.json,
pulled-reflow-reference,i18n-reflow,feature,zh-TW,ai-logo-maker-brand-agent,composite-v2,false,.json,_pull/i18n-reflow/Features/zh-TW/ai-logo-maker-brand-agent-zh-TW.json,
pulled-reflow-reference,i18n-reflow,feature,zh-TW,ai-meta-ads-generator,composite-v2,false,.json,_pull/i18n-reflow/Features/zh-TW/ai-meta-ads-generator-zh-TW.json,
pulled-reflow-reference,i18n-reflow,feature,zh-TW,ai-mockup-generator,composite-v2,false,.json,_pull/i18n-reflow/Features/zh-TW/ai-mockup-generator-zh-TW.json,
pulled-reflow-reference,i18n-reflow,feature,zh-TW,ai-paid-social-ad-generator,composite-v2,false,.json,_pull/i18n-reflow/Features/zh-TW/ai-paid-social-ad-generator-zh-TW.json,
pulled-reflow-reference,i18n-reflow,feature,zh-TW,ai-picture-generator,composite-v2,false,.json,_pull/i18n-reflow/Features/zh-TW/ai-picture-generator-zh-TW.json,
pulled-reflow-reference,i18n-reflow,feature,zh-TW,ai-pinterest-pin-maker,composite-v2,false,.json,_pull/i18n-reflow/Features/zh-TW/ai-pinterest-pin-maker-zh-TW.json,
pulled-reflow-reference,i18n-reflow,feature,zh-TW,ai-poster-design-agent-nano-banana,composite-v2,false,.json,_pull/i18n-reflow/Features/zh-TW/ai-poster-design-agent-nano-banana-zh-TW.json,
pulled-reflow-reference,i18n-reflow,feature,zh-TW,ai-poster-generator-illustration-optimization,composite-v2,false,.json,_pull/i18n-reflow/Features/zh-TW/ai-poster-generator-illustration-optimization-zh-TW.json,
pulled-reflow-reference,i18n-reflow,feature,zh-TW,ai-presentation-slides-generator,composite-v2,false,.json,_pull/i18n-reflow/Features/zh-TW/ai-presentation-slides-generator-zh-TW.json,
pulled-reflow-reference,i18n-reflow,feature,zh-TW,ai-product-catalog-maker,composite-v2,false,.json,_pull/i18n-reflow/Features/zh-TW/ai-product-catalog-maker-zh-TW.json,
pulled-reflow-reference,i18n-reflow,feature,zh-TW,ai-product-display-generator,composite-v2,false,.json,_pull/i18n-reflow/Features/zh-TW/ai-product-display-generator-zh-TW.json,
pulled-reflow-reference,i18n-reflow,feature,zh-TW,ai-product-image-generator,composite-v2,false,.json,_pull/i18n-reflow/Features/zh-TW/ai-product-image-generator-zh-TW.json,
pulled-reflow-reference,i18n-reflow,feature,zh-TW,ai-product-video-seedance,composite-v2,false,.json,_pull/i18n-reflow/Features/zh-TW/ai-product-video-seedance-zh-TW.json,
pulled-reflow-reference,i18n-reflow,feature,zh-TW,ai-promotion-landing-page-generator,composite-v2,false,.json,_pull/i18n-reflow/Features/zh-TW/ai-promotion-landing-page-generator-zh-TW.json,
pulled-reflow-reference,i18n-reflow,feature,zh-TW,ai-retargeting-ad-generator,composite-v2,false,.json,_pull/i18n-reflow/Features/zh-TW/ai-retargeting-ad-generator-zh-TW.json,
pulled-reflow-reference,i18n-reflow,feature,zh-TW,ai-short-video-generator,composite-v2,false,.json,_pull/i18n-reflow/Features/zh-TW/ai-short-video-generator-zh-TW.json,
pulled-reflow-reference,i18n-reflow,feature,zh-TW,ai-social-media-content-generator,composite-v2,false,.json,_pull/i18n-reflow/Features/zh-TW/ai-social-media-content-generator-zh-TW.json,
pulled-reflow-reference,i18n-reflow,feature,zh-TW,ai-social-media-post-maker,composite-v2,false,.json,_pull/i18n-reflow/Features/zh-TW/ai-social-media-post-maker-zh-TW.json,
pulled-reflow-reference,i18n-reflow,feature,zh-TW,ai-subscribe-ad-generator,composite-v2,false,.json,_pull/i18n-reflow/Features/zh-TW/ai-subscribe-ad-generator-zh-TW.json,
pulled-reflow-reference,i18n-reflow,feature,zh-TW,ai-subscription-fatigue-utility,composite-v2,false,.json,_pull/i18n-reflow/Features/zh-TW/ai-subscription-fatigue-utility-zh-TW.json,
pulled-reflow-reference,i18n-reflow,feature,zh-TW,ai-text-to-image-generator,composite-v2,false,.json,_pull/i18n-reflow/Features/zh-TW/ai-text-to-image-generator-zh-TW.json,
pulled-reflow-reference,i18n-reflow,feature,zh-TW,ai-tiktok-thumbnail-maker,composite-v2,false,.json,_pull/i18n-reflow/Features/zh-TW/ai-tiktok-thumbnail-maker-zh-TW.json,
pulled-reflow-reference,i18n-reflow,feature,zh-TW,ai-twitch-overlay-generator,composite-v2,false,.json,_pull/i18n-reflow/Features/zh-TW/ai-twitch-overlay-generator-zh-TW.json,
pulled-reflow-reference,i18n-reflow,feature,zh-TW,ai-twitter-header-creator,composite-v2,false,.json,_pull/i18n-reflow/Features/zh-TW/ai-twitter-header-creator-zh-TW.json,
pulled-reflow-reference,i18n-reflow,feature,zh-TW,ai-twitter-x-post-generator,composite-v2,false,.json,_pull/i18n-reflow/Features/zh-TW/ai-twitter-x-post-generator-zh-TW.json,
pulled-reflow-reference,i18n-reflow,feature,zh-TW,[object Object],composite-v2,false,.json,_pull/i18n-reflow/Features/zh-TW/ai-video-agent-for-ecommerce-zh-TW.json,
pulled-reflow-reference,i18n-reflow,feature,zh-TW,[object Object],composite-v2,false,.json,_pull/i18n-reflow/Features/zh-TW/ai-video-agent-for-marketing-zh-TW.json,
pulled-reflow-reference,i18n-reflow,feature,zh-TW,[object Object],composite-v2,false,.json,_pull/i18n-reflow/Features/zh-TW/ai-video-agent-for-tiktok-zh-TW.json,
pulled-reflow-reference,i18n-reflow,feature,zh-TW,[object Object],composite-v2,false,.json,_pull/i18n-reflow/Features/zh-TW/ai-video-agent-for-youtube-zh-TW.json,
pulled-reflow-reference,i18n-reflow,feature,zh-TW,[object Object],composite-v2,false,.json,_pull/i18n-reflow/Features/zh-TW/ai-video-agent-workflow-zh-TW.json,
pulled-reflow-reference,i18n-reflow,feature,zh-TW,[object Object],composite-v2,false,.json,_pull/i18n-reflow/Features/zh-TW/ai-video-agent-zh-TW.json,
pulled-reflow-reference,i18n-reflow,feature,zh-TW,ai-video-background-remover,composite-v2,false,.json,_pull/i18n-reflow/Features/zh-TW/ai-video-background-remover-zh-TW.json,
pulled-reflow-reference,i18n-reflow,feature,zh-TW,ai-video-enhancer-remaster-veo3,composite-v2,false,.json,_pull/i18n-reflow/Features/zh-TW/ai-video-enhancer-remaster-veo3-zh-TW.json,
pulled-reflow-reference,i18n-reflow,feature,zh-TW,ai-video-generator-no-templates,composite-v2,false,.json,_pull/i18n-reflow/Features/zh-TW/ai-video-generator-no-templates-zh-TW.json,
pulled-reflow-reference,i18n-reflow,feature,zh-TW,ai-video-generator-text-to-video,composite-v2,false,.json,_pull/i18n-reflow/Features/zh-TW/ai-video-generator-text-to-video-zh-TW.json,
pulled-reflow-reference,i18n-reflow,feature,zh-TW,ai-video-generator-tools,composite-v2,false,.json,_pull/i18n-reflow/Features/zh-TW/ai-video-generator-tools-zh-TW.json,
pulled-reflow-reference,i18n-reflow,feature,zh-TW,ai-video-generator-workflow-by-lovart,composite-v2,false,.json,_pull/i18n-reflow/Features/zh-TW/ai-video-generator-workflow-by-lovart-zh-TW.json,
pulled-reflow-reference,i18n-reflow,feature,zh-TW,ai-video-generator-workflow,composite-v2,false,.json,_pull/i18n-reflow/Features/zh-TW/ai-video-generator-workflow-zh-TW.json,
pulled-reflow-reference,i18n-reflow,feature,zh-TW,ai-video-generator,composite-v2,false,.json,_pull/i18n-reflow/Features/zh-TW/ai-video-generator-zh-TW.json,
pulled-reflow-reference,i18n-reflow,feature,zh-TW,[object Object],composite-v2,false,.json,_pull/i18n-reflow/Features/zh-TW/ai-video-optimization-zh-TW.json,
pulled-reflow-reference,i18n-reflow,feature,zh-TW,ai-video-prompt-generator-veo-sora,composite-v2,false,.json,_pull/i18n-reflow/Features/zh-TW/ai-video-prompt-generator-veo-sora-zh-TW.json,
pulled-reflow-reference,i18n-reflow,feature,zh-TW,ai-webtoon-comic-generator-seedance,composite-v2,false,.json,_pull/i18n-reflow/Features/zh-TW/ai-webtoon-comic-generator-seedance-zh-TW.json,
pulled-reflow-reference,i18n-reflow,feature,zh-TW,ai-youtube-banner-maker,composite-v2,false,.json,_pull/i18n-reflow/Features/zh-TW/ai-youtube-banner-maker-zh-TW.json,
pulled-reflow-reference,i18n-reflow,feature,zh-TW,ai-youtube-thumbnail-generator,composite-v2,false,.json,_pull/i18n-reflow/Features/zh-TW/ai-youtube-thumbnail-generator-zh-TW.json,
pulled-reflow-reference,i18n-reflow,feature,zh-TW,album-cover-design,composite-v2,false,.json,_pull/i18n-reflow/Features/zh-TW/album-cover-design-zh-TW.json,
pulled-reflow-reference,i18n-reflow,feature,zh-TW,all-in-one-ai-models,composite-v2,false,.json,_pull/i18n-reflow/Features/zh-TW/all-in-one-ai-models-zh-TW.json,
pulled-reflow-reference,i18n-reflow,feature,zh-TW,all-in-one-ai-video-generator,composite-v2,false,.json,_pull/i18n-reflow/Features/zh-TW/all-in-one-ai-video-generator-zh-TW.json,
pulled-reflow-reference,i18n-reflow,feature,zh-TW,amazon-listing-design-optimization,composite-v2,false,.json,_pull/i18n-reflow/Features/zh-TW/amazon-listing-design-optimization-zh-TW.json,
pulled-reflow-reference,i18n-reflow,feature,zh-TW,amazon-listing-image-generator,composite-v2,false,.json,_pull/i18n-reflow/Features/zh-TW/amazon-listing-image-generator-zh-TW.json,
pulled-reflow-reference,i18n-reflow,feature,zh-TW,anniversary-card-design,composite-v2,false,.json,_pull/i18n-reflow/Features/zh-TW/anniversary-card-design-zh-TW.json,
pulled-reflow-reference,i18n-reflow,feature,zh-TW,[object Object],composite-v2,false,.json,_pull/i18n-reflow/Features/zh-TW/autonomous-ai-video-agent-zh-TW.json,
pulled-reflow-reference,i18n-reflow,feature,zh-TW,baby-shower-invitation-design,composite-v2,false,.json,_pull/i18n-reflow/Features/zh-TW/baby-shower-invitation-design-zh-TW.json,
pulled-reflow-reference,i18n-reflow,feature,zh-TW,bakery-menu-design,composite-v2,false,.json,_pull/i18n-reflow/Features/zh-TW/bakery-menu-design-zh-TW.json,
pulled-reflow-reference,i18n-reflow,feature,zh-TW,banner-design,composite-v2,false,.json,_pull/i18n-reflow/Features/zh-TW/banner-design-zh-TW.json,
pulled-reflow-reference,i18n-reflow,feature,zh-TW,bar-menu-design,composite-v2,false,.json,_pull/i18n-reflow/Features/zh-TW/bar-menu-design-zh-TW.json,
pulled-reflow-reference,i18n-reflow,feature,zh-TW,best-ai-image-generator-2026,composite-v2,false,.json,_pull/i18n-reflow/Features/zh-TW/best-ai-image-generator-2026-zh-TW.json,
pulled-reflow-reference,i18n-reflow,feature,zh-TW,birthday-invitation-design,composite-v2,false,.json,_pull/i18n-reflow/Features/zh-TW/birthday-invitation-design-zh-TW.json,
pulled-reflow-reference,i18n-reflow,feature,zh-TW,blog-post-to-instagram-ai-repurposing,composite-v2,false,.json,_pull/i18n-reflow/Features/zh-TW/blog-post-to-instagram-ai-repurposing-zh-TW.json,
pulled-reflow-reference,i18n-reflow,feature,zh-TW,book-cover-design,composite-v2,false,.json,_pull/i18n-reflow/Features/zh-TW/book-cover-design-zh-TW.json,
pulled-reflow-reference,i18n-reflow,feature,zh-TW,brand-hashtag-visual-generator,composite-v2,false,.json,_pull/i18n-reflow/Features/zh-TW/brand-hashtag-visual-generator-zh-TW.json,
pulled-reflow-reference,i18n-reflow,feature,zh-TW,brochure-design,composite-v2,,.json,_pull/i18n-reflow/Features/zh-TW/brochure-design-zh-TW.json,
pulled-reflow-reference,i18n-reflow,feature,zh-TW,cafe-menu-design,composite-v2,false,.json,_pull/i18n-reflow/Features/zh-TW/cafe-menu-design-zh-TW.json,
pulled-reflow-reference,i18n-reflow,feature,zh-TW,catering-menu-design,composite-v2,false,.json,_pull/i18n-reflow/Features/zh-TW/catering-menu-design-zh-TW.json,
pulled-reflow-reference,i18n-reflow,feature,zh-TW,certificate-design,composite-v2,false,.json,_pull/i18n-reflow/Features/zh-TW/certificate-design-zh-TW.json,
pulled-reflow-reference,i18n-reflow,feature,zh-TW,change-video-background,composite-v2,false,.json,_pull/i18n-reflow/Features/zh-TW/change-video-background-zh-TW.json,
pulled-reflow-reference,i18n-reflow,feature,zh-TW,chef-business-card-design,composite-v2,false,.json,_pull/i18n-reflow/Features/zh-TW/chef-business-card-design-zh-TW.json,
pulled-reflow-reference,i18n-reflow,feature,zh-TW,classroom-poster-design,composite-v2,false,.json,_pull/i18n-reflow/Features/zh-TW/classroom-poster-design-zh-TW.json,
pulled-reflow-reference,i18n-reflow,feature,zh-TW,company-brochure-design,composite-v2,false,.json,_pull/i18n-reflow/Features/zh-TW/company-brochure-design-zh-TW.json,
pulled-reflow-reference,i18n-reflow,feature,zh-TW,concert-poster-design,composite-v2,false,.json,_pull/i18n-reflow/Features/zh-TW/concert-poster-design-zh-TW.json,
pulled-reflow-reference,i18n-reflow,feature,zh-TW,course-material-design,composite-v2,false,.json,_pull/i18n-reflow/Features/zh-TW/course-material-design-zh-TW.json,
pulled-reflow-reference,i18n-reflow,feature,zh-TW,create-editable-brand-kit-ai-agent,composite-v2,false,.json,_pull/i18n-reflow/Features/zh-TW/create-editable-brand-kit-ai-agent-zh-TW.json,
pulled-reflow-reference,i18n-reflow,feature,zh-TW,create-mockups-with-brand-kit-ai,composite-v2,false,.json,_pull/i18n-reflow/Features/zh-TW/create-mockups-with-brand-kit-ai-zh-TW.json,
pulled-reflow-reference,i18n-reflow,feature,zh-TW,[object Object],composite-v2,false,.json,_pull/i18n-reflow/Features/zh-TW/create-videos-from-images-or-text-seedance-zh-TW.json,
pulled-reflow-reference,i18n-reflow,feature,zh-TW,custom-business-flyer-design,composite-v2,false,.json,_pull/i18n-reflow/Features/zh-TW/custom-business-flyer-design-zh-TW.json,
pulled-reflow-reference,i18n-reflow,feature,zh-TW,cv-template-design,composite-v2,false,.json,_pull/i18n-reflow/Features/zh-TW/cv-template-design-zh-TW.json,
pulled-reflow-reference,i18n-reflow,feature,zh-TW,design-viral-youtube-thumbnails-ai-by-lovart,composite-v2,false,.json,_pull/i18n-reflow/Features/zh-TW/design-viral-youtube-thumbnails-ai-by-lovart-zh-TW.json,
pulled-reflow-reference,i18n-reflow,feature,zh-TW,design-viral-youtube-thumbnails-ai,composite-v2,false,.json,_pull/i18n-reflow/Features/zh-TW/design-viral-youtube-thumbnails-ai-zh-TW.json,
pulled-reflow-reference,i18n-reflow,feature,zh-TW,diploma-design,composite-v2,false,.json,_pull/i18n-reflow/Features/zh-TW/diploma-design-zh-TW.json,
pulled-reflow-reference,i18n-reflow,feature,zh-TW,discount-banner-design,composite-v2,false,.json,_pull/i18n-reflow/Features/zh-TW/discount-banner-design-zh-TW.json,
pulled-reflow-reference,i18n-reflow,feature,zh-TW,e-learning-banner-design,composite-v2,false,.json,_pull/i18n-reflow/Features/zh-TW/e-learning-banner-design-zh-TW.json,
pulled-reflow-reference,i18n-reflow,feature,zh-TW,ecommerce-banner-design,composite-v2,false,.json,_pull/i18n-reflow/Features/zh-TW/ecommerce-banner-design-zh-TW.json,
pulled-reflow-reference,i18n-reflow,feature,zh-TW,edit-ai-generated-images,composite-v2,false,.json,_pull/i18n-reflow/Features/zh-TW/edit-ai-generated-images-zh-TW.json,
pulled-reflow-reference,i18n-reflow,feature,zh-TW,engagement-invitation-design,composite-v2,false,.json,_pull/i18n-reflow/Features/zh-TW/engagement-invitation-design-zh-TW.json,
pulled-reflow-reference,i18n-reflow,feature,zh-TW,event-poster-maker,composite-v2,false,.json,_pull/i18n-reflow/Features/zh-TW/event-poster-maker-zh-TW.json,
pulled-reflow-reference,i18n-reflow,feature,zh-TW,event-program-design,composite-v2,false,.json,_pull/i18n-reflow/Features/zh-TW/event-program-design-zh-TW.json,
pulled-reflow-reference,i18n-reflow,feature,zh-TW,facebook-cover-design,composite-v2,false,.json,_pull/i18n-reflow/Features/zh-TW/facebook-cover-design-zh-TW.json,
pulled-reflow-reference,i18n-reflow,feature,zh-TW,facebook-post-template-generator,composite-v2,false,.json,_pull/i18n-reflow/Features/zh-TW/facebook-post-template-generator-zh-TW.json,
pulled-reflow-reference,i18n-reflow,feature,zh-TW,festival-banner-design,composite-v2,false,.json,_pull/i18n-reflow/Features/zh-TW/festival-banner-design-zh-TW.json,
pulled-reflow-reference,i18n-reflow,feature,zh-TW,flyer-design,composite-v2,false,.json,_pull/i18n-reflow/Features/zh-TW/flyer-design-zh-TW.json,
pulled-reflow-reference,i18n-reflow,feature,zh-TW,food-banner-design,composite-v2,false,.json,_pull/i18n-reflow/Features/zh-TW/food-banner-design-zh-TW.json,
pulled-reflow-reference,i18n-reflow,feature,zh-TW,food-blog-header-design,composite-v2,false,.json,_pull/i18n-reflow/Features/zh-TW/food-blog-header-design-zh-TW.json,
pulled-reflow-reference,i18n-reflow,feature,zh-TW,food-delivery-app-design,composite-v2,false,.json,_pull/i18n-reflow/Features/zh-TW/food-delivery-app-design-zh-TW.json,
pulled-reflow-reference,i18n-reflow,feature,zh-TW,food-festival-poster-design,composite-v2,false,.json,_pull/i18n-reflow/Features/zh-TW/food-festival-poster-design-zh-TW.json,
pulled-reflow-reference,i18n-reflow,feature,zh-TW,food-flyer-design,composite-v2,false,.json,_pull/i18n-reflow/Features/zh-TW/food-flyer-design-zh-TW.json,
pulled-reflow-reference,i18n-reflow,feature,zh-TW,food-packaging-design,composite-v2,false,.json,_pull/i18n-reflow/Features/zh-TW/food-packaging-design-zh-TW.json,
pulled-reflow-reference,i18n-reflow,feature,zh-TW,food-photography-layout-design,composite-v2,false,.json,_pull/i18n-reflow/Features/zh-TW/food-photography-layout-design-zh-TW.json,
pulled-reflow-reference,i18n-reflow,feature,zh-TW,food-poster-design,composite-v2,false,.json,_pull/i18n-reflow/Features/zh-TW/food-poster-design-zh-TW.json,
pulled-reflow-reference,i18n-reflow,feature,zh-TW,food-recipe-card-design,composite-v2,false,.json,_pull/i18n-reflow/Features/zh-TW/food-recipe-card-design-zh-TW.json,
pulled-reflow-reference,i18n-reflow,feature,zh-TW,food-social-media-design,composite-v2,false,.json,_pull/i18n-reflow/Features/zh-TW/food-social-media-design-zh-TW.json,
pulled-reflow-reference,i18n-reflow,feature,zh-TW,food-truck-menu-design,composite-v2,false,.json,_pull/i18n-reflow/Features/zh-TW/food-truck-menu-design-zh-TW.json,
pulled-reflow-reference,i18n-reflow,feature,zh-TW,food-truck-wrap-design,composite-v2,false,.json,_pull/i18n-reflow/Features/zh-TW/food-truck-wrap-design-zh-TW.json,
pulled-reflow-reference,i18n-reflow,feature,zh-TW,free-online-tool,composite-v2,false,.json,_pull/i18n-reflow/Features/zh-TW/free-online-tool-zh-TW.json,
pulled-reflow-reference,i18n-reflow,feature,zh-TW,gpt-image-generator-ai,composite-v2,false,.json,_pull/i18n-reflow/Features/zh-TW/gpt-image-generator-ai-zh-TW.json,
pulled-reflow-reference,i18n-reflow,feature,zh-TW,graduation-invitation-design,composite-v2,false,.json,_pull/i18n-reflow/Features/zh-TW/graduation-invitation-design-zh-TW.json,
pulled-reflow-reference,i18n-reflow,feature,zh-TW,graphic-design,composite-v2,false,.json,_pull/i18n-reflow/Features/zh-TW/graphic-design-zh-TW.json,
pulled-reflow-reference,i18n-reflow,feature,zh-TW,infinite-chatcanvas-ai-collaboration,composite-v2,false,.json,_pull/i18n-reflow/Features/zh-TW/infinite-chatcanvas-ai-collaboration-zh-TW.json,
pulled-reflow-reference,i18n-reflow,feature,zh-TW,infographic-design,composite-v2,false,.json,_pull/i18n-reflow/Features/zh-TW/infographic-design-zh-TW.json,
pulled-reflow-reference,i18n-reflow,feature,zh-TW,instagram-highlight-cover-design,composite-v2,false,.json,_pull/i18n-reflow/Features/zh-TW/instagram-highlight-cover-design-zh-TW.json,
pulled-reflow-reference,i18n-reflow,feature,zh-TW,instagram-story-design,composite-v2,false,.json,_pull/i18n-reflow/Features/zh-TW/instagram-story-design-zh-TW.json,
pulled-reflow-reference,i18n-reflow,feature,zh-TW,instagram-story-layout-ideas-generator,composite-v2,false,.json,_pull/i18n-reflow/Features/zh-TW/instagram-story-layout-ideas-generator-zh-TW.json,
pulled-reflow-reference,i18n-reflow,feature,zh-TW,instagram-story-maker,composite-v2,false,.json,_pull/i18n-reflow/Features/zh-TW/instagram-story-maker-zh-TW.json,
pulled-reflow-reference,i18n-reflow,feature,zh-TW,launch-event-landing-page-generator,composite-v2,false,.json,_pull/i18n-reflow/Features/zh-TW/launch-event-landing-page-generator-zh-TW.json,
pulled-reflow-reference,i18n-reflow,feature,zh-TW,leonardo-ai-alternative,composite-v2,false,.json,_pull/i18n-reflow/Features/zh-TW/leonardo-ai-alternative-zh-TW.json,
pulled-reflow-reference,i18n-reflow,feature,zh-TW,lesson-plan-design,composite-v2,false,.json,_pull/i18n-reflow/Features/zh-TW/lesson-plan-design-zh-TW.json,
pulled-reflow-reference,i18n-reflow,feature,zh-TW,linkedin-ads-generator,composite-v2,false,.json,_pull/i18n-reflow/Features/zh-TW/linkedin-ads-generator-zh-TW.json,
pulled-reflow-reference,i18n-reflow,feature,zh-TW,linkedin-banner-design-ai-generator-by-lovart,composite-v2,false,.json,_pull/i18n-reflow/Features/zh-TW/linkedin-banner-design-ai-generator-by-lovart-zh-TW.json,
pulled-reflow-reference,i18n-reflow,feature,zh-TW,linkedin-banner-design-ai-generator,composite-v2,false,.json,_pull/i18n-reflow/Features/zh-TW/linkedin-banner-design-ai-generator-zh-TW.json,
pulled-reflow-reference,i18n-reflow,feature,zh-TW,linkedin-banner-design,composite-v2,false,.json,_pull/i18n-reflow/Features/zh-TW/linkedin-banner-design-zh-TW.json,
pulled-reflow-reference,i18n-reflow,feature,zh-TW,linkedin-spotlight-ads-generator,composite-v2,false,.json,_pull/i18n-reflow/Features/zh-TW/linkedin-spotlight-ads-generator-zh-TW.json,
pulled-reflow-reference,i18n-reflow,feature,zh-TW,magazine-layout-design,composite-v2,false,.json,_pull/i18n-reflow/Features/zh-TW/magazine-layout-design-zh-TW.json,
pulled-reflow-reference,i18n-reflow,feature,zh-TW,[object Object],composite-v2,false,.json,_pull/i18n-reflow/Features/zh-TW/mcot-engine-zh-TW.json,
pulled-reflow-reference,i18n-reflow,feature,zh-TW,mood-board-creation,composite-v2,false,.json,_pull/i18n-reflow/Features/zh-TW/mood-board-creation-zh-TW.json,
pulled-reflow-reference,i18n-reflow,feature,zh-TW,[object Object],composite-v2,false,.json,_pull/i18n-reflow/Features/zh-TW/multimodal-ai-video-agent-zh-TW.json,
pulled-reflow-reference,i18n-reflow,feature,zh-TW,nano-banana-ai-model,composite-v2,false,.json,_pull/i18n-reflow/Features/zh-TW/nano-banana-ai-model-zh-TW.json,
pulled-reflow-reference,i18n-reflow,feature,zh-TW,nano-banana-best-practices,composite-v2,false,.json,_pull/i18n-reflow/Features/zh-TW/nano-banana-best-practices-zh-TW.json,
pulled-reflow-reference,i18n-reflow,feature,zh-TW,nano-banana-case-studies,composite-v2,false,.json,_pull/i18n-reflow/Features/zh-TW/nano-banana-case-studies-zh-TW.json,
pulled-reflow-reference,i18n-reflow,feature,zh-TW,nano-banana-concept-art-workflow,composite-v2,false,.json,_pull/i18n-reflow/Features/zh-TW/nano-banana-concept-art-workflow-zh-TW.json,
pulled-reflow-reference,i18n-reflow,feature,zh-TW,nano-banana-creative-brainstorming,composite-v2,false,.json,_pull/i18n-reflow/Features/zh-TW/nano-banana-creative-brainstorming-zh-TW.json,
pulled-reflow-reference,i18n-reflow,feature,zh-TW,nano-banana-digital-art-creation,composite-v2,false,.json,_pull/i18n-reflow/Features/zh-TW/nano-banana-digital-art-creation-zh-TW.json,
pulled-reflow-reference,i18n-reflow,feature,zh-TW,nano-banana-educational-materials,composite-v2,false,.json,_pull/i18n-reflow/Features/zh-TW/nano-banana-educational-materials-zh-TW.json,
pulled-reflow-reference,i18n-reflow,feature,zh-TW,nano-banana-graphic-design-workflow,composite-v2,false,.json,_pull/i18n-reflow/Features/zh-TW/nano-banana-graphic-design-workflow-zh-TW.json,
pulled-reflow-reference,i18n-reflow,feature,zh-TW,nano-banana-illustration-projects,composite-v2,false,.json,_pull/i18n-reflow/Features/zh-TW/nano-banana-illustration-projects-zh-TW.json,
pulled-reflow-reference,i18n-reflow,feature,zh-TW,nano-banana-infographic-design,composite-v2,false,.json,_pull/i18n-reflow/Features/zh-TW/nano-banana-infographic-design-zh-TW.json,
pulled-reflow-reference,i18n-reflow,feature,zh-TW,nano-banana-marketing-visuals,composite-v2,false,.json,_pull/i18n-reflow/Features/zh-TW/nano-banana-marketing-visuals-zh-TW.json,
pulled-reflow-reference,i18n-reflow,feature,zh-TW,nano-banana-presentation-slides,composite-v2,false,.json,_pull/i18n-reflow/Features/zh-TW/nano-banana-presentation-slides-zh-TW.json,
pulled-reflow-reference,i18n-reflow,feature,zh-TW,nano-banana-product-photography,composite-v2,false,.json,_pull/i18n-reflow/Features/zh-TW/nano-banana-product-photography-zh-TW.json,
pulled-reflow-reference,i18n-reflow,feature,zh-TW,nano-banana-social-media-graphics,composite-v2,false,.json,_pull/i18n-reflow/Features/zh-TW/nano-banana-social-media-graphics-zh-TW.json,
pulled-reflow-reference,i18n-reflow,feature,zh-TW,nano-banana-website-graphics,composite-v2,false,.json,_pull/i18n-reflow/Features/zh-TW/nano-banana-website-graphics-zh-TW.json,
pulled-reflow-reference,i18n-reflow,feature,zh-TW,nano-banana-workflow-optimization,composite-v2,false,.json,_pull/i18n-reflow/Features/zh-TW/nano-banana-workflow-optimization-zh-TW.json,
pulled-reflow-reference,i18n-reflow,feature,zh-TW,nano-banana-youtube-thumbnails,composite-v2,false,.json,_pull/i18n-reflow/Features/zh-TW/nano-banana-youtube-thumbnails-zh-TW.json,
pulled-reflow-reference,i18n-reflow,feature,zh-TW,no-template-popup-ads-generator,composite-v2,false,.json,_pull/i18n-reflow/Features/zh-TW/no-template-popup-ads-generator-zh-TW.json,
pulled-reflow-reference,i18n-reflow,feature,zh-TW,no-template-popup-ads,composite-v2,false,.json,_pull/i18n-reflow/Features/zh-TW/no-template-popup-ads-zh-TW.json,
pulled-reflow-reference,i18n-reflow,feature,zh-TW,nutrition-label-design,composite-v2,false,.json,_pull/i18n-reflow/Features/zh-TW/nutrition-label-design-zh-TW.json,
pulled-reflow-reference,i18n-reflow,feature,zh-TW,online-multimodal-ai-creator-seedance,composite-v2,false,.json,_pull/i18n-reflow/Features/zh-TW/online-multimodal-ai-creator-seedance-zh-TW.json,
pulled-reflow-reference,i18n-reflow,feature,zh-TW,online-store-graphics-design,composite-v2,false,.json,_pull/i18n-reflow/Features/zh-TW/online-store-graphics-design-zh-TW.json,
pulled-reflow-reference,i18n-reflow,feature,zh-TW,overcome-blank-canvas-syndrome,composite-v2,false,.json,_pull/i18n-reflow/Features/zh-TW/overcome-blank-canvas-syndrome-zh-TW.json,
pulled-reflow-reference,i18n-reflow,feature,zh-TW,party-flyer-design,composite-v2,false,.json,_pull/i18n-reflow/Features/zh-TW/party-flyer-design-zh-TW.json,
pulled-reflow-reference,i18n-reflow,feature,zh-TW,pinterest-pin-design,composite-v2,false,.json,_pull/i18n-reflow/Features/zh-TW/pinterest-pin-design-zh-TW.json,
pulled-reflow-reference,i18n-reflow,feature,zh-TW,pixel-pusher-to-creative-director,composite-v2,false,.json,_pull/i18n-reflow/Features/zh-TW/pixel-pusher-to-creative-director-zh-TW.json,
pulled-reflow-reference,i18n-reflow,feature,zh-TW,pizza-menu-design,composite-v2,false,.json,_pull/i18n-reflow/Features/zh-TW/pizza-menu-design-zh-TW.json,
pulled-reflow-reference,i18n-reflow,feature,zh-TW,portfolio-design,composite-v2,false,.json,_pull/i18n-reflow/Features/zh-TW/portfolio-design-zh-TW.json,
pulled-reflow-reference,i18n-reflow,feature,zh-TW,poster-design,composite-v2,false,.json,_pull/i18n-reflow/Features/zh-TW/poster-design-zh-TW.json,
pulled-reflow-reference,i18n-reflow,feature,zh-TW,price-list-design,composite-v2,false,.json,_pull/i18n-reflow/Features/zh-TW/price-list-design-zh-TW.json,
pulled-reflow-reference,i18n-reflow,feature,zh-TW,product-catalog-design,composite-v2,false,.json,_pull/i18n-reflow/Features/zh-TW/product-catalog-design-zh-TW.json,
pulled-reflow-reference,i18n-reflow,feature,zh-TW,product-packaging-design,composite-v2,false,.json,_pull/i18n-reflow/Features/zh-TW/product-packaging-design-zh-TW.json,
pulled-reflow-reference,i18n-reflow,feature,zh-TW,professional-corporate-presentation-design,composite-v2,false,.json,_pull/i18n-reflow/Features/zh-TW/professional-corporate-presentation-design-zh-TW.json,
pulled-reflow-reference,i18n-reflow,feature,zh-TW,professional-resume-design,composite-v2,false,.json,_pull/i18n-reflow/Features/zh-TW/professional-resume-design-zh-TW.json,
pulled-reflow-reference,i18n-reflow,feature,zh-TW,promotional-flyer-design,composite-v2,false,.json,_pull/i18n-reflow/Features/zh-TW/promotional-flyer-design-zh-TW.json,
pulled-reflow-reference,i18n-reflow,feature,zh-TW,property-brochure-design,composite-v2,false,.json,_pull/i18n-reflow/Features/zh-TW/property-brochure-design-zh-TW.json,
pulled-reflow-reference,i18n-reflow,feature,zh-TW,property-listing-design,composite-v2,false,.json,_pull/i18n-reflow/Features/zh-TW/property-listing-design-zh-TW.json,
pulled-reflow-reference,i18n-reflow,feature,zh-TW,property-report-design,composite-v2,false,.json,_pull/i18n-reflow/Features/zh-TW/property-report-design-zh-TW.json,
pulled-reflow-reference,i18n-reflow,feature,zh-TW,[object Object],composite-v2,false,.json,_pull/i18n-reflow/Features/zh-TW/quick-poster-generation-by-lovart-zh-TW.json,
pulled-reflow-reference,i18n-reflow,feature,zh-TW,rapid-poster-ai-creation,composite-v2,false,.json,_pull/i18n-reflow/Features/zh-TW/rapid-poster-ai-creation-zh-TW.json,
pulled-reflow-reference,i18n-reflow,feature,zh-TW,real-estate-banner-design,composite-v2,false,.json,_pull/i18n-reflow/Features/zh-TW/real-estate-banner-design-zh-TW.json,
pulled-reflow-reference,i18n-reflow,feature,zh-TW,real-estate-business-card-design,composite-v2,false,.json,_pull/i18n-reflow/Features/zh-TW/real-estate-business-card-design-zh-TW.json,
pulled-reflow-reference,i18n-reflow,feature,zh-TW,real-estate-flyer-design,composite-v2,false,.json,_pull/i18n-reflow/Features/zh-TW/real-estate-flyer-design-zh-TW.json,
pulled-reflow-reference,i18n-reflow,feature,zh-TW,real-estate-logo-design,composite-v2,false,.json,_pull/i18n-reflow/Features/zh-TW/real-estate-logo-design-zh-TW.json,
pulled-reflow-reference,i18n-reflow,feature,zh-TW,real-estate-newsletter-design,composite-v2,false,.json,_pull/i18n-reflow/Features/zh-TW/real-estate-newsletter-design-zh-TW.json,
pulled-reflow-reference,i18n-reflow,feature,zh-TW,real-estate-postcard-design,composite-v2,false,.json,_pull/i18n-reflow/Features/zh-TW/real-estate-postcard-design-zh-TW.json,
pulled-reflow-reference,i18n-reflow,feature,zh-TW,real-estate-sign-design,composite-v2,false,.json,_pull/i18n-reflow/Features/zh-TW/real-estate-sign-design-zh-TW.json,
pulled-reflow-reference,i18n-reflow,feature,zh-TW,remove-video-background,composite-v2,false,.json,_pull/i18n-reflow/Features/zh-TW/remove-video-background-zh-TW.json,
pulled-reflow-reference,i18n-reflow,feature,zh-TW,restaurant_menu_design,composite-v2,false,.json,_pull/i18n-reflow/Features/zh-TW/restaurant_menu_design-zh-TW.json,
pulled-reflow-reference,i18n-reflow,feature,zh-TW,restaurant-brochure-design,composite-v2,false,.json,_pull/i18n-reflow/Features/zh-TW/restaurant-brochure-design-zh-TW.json,
pulled-reflow-reference,i18n-reflow,feature,zh-TW,restaurant-business-card-design,composite-v2,false,.json,_pull/i18n-reflow/Features/zh-TW/restaurant-business-card-design-zh-TW.json,
pulled-reflow-reference,i18n-reflow,feature,zh-TW,restaurant-coupon-design,composite-v2,false,.json,_pull/i18n-reflow/Features/zh-TW/restaurant-coupon-design-zh-TW.json,
pulled-reflow-reference,i18n-reflow,feature,zh-TW,restaurant-door-hanger-design,composite-v2,false,.json,_pull/i18n-reflow/Features/zh-TW/restaurant-door-hanger-design-zh-TW.json,
pulled-reflow-reference,i18n-reflow,feature,zh-TW,restaurant-email-template-design,composite-v2,false,.json,_pull/i18n-reflow/Features/zh-TW/restaurant-email-template-design-zh-TW.json,
pulled-reflow-reference,i18n-reflow,feature,zh-TW,restaurant-gift-card-design,composite-v2,false,.json,_pull/i18n-reflow/Features/zh-TW/restaurant-gift-card-design-zh-TW.json,
pulled-reflow-reference,i18n-reflow,feature,zh-TW,restaurant-logo-design,composite-v2,false,.json,_pull/i18n-reflow/Features/zh-TW/restaurant-logo-design-zh-TW.json,
pulled-reflow-reference,i18n-reflow,feature,zh-TW,restaurant-loyalty-card-design,composite-v2,false,.json,_pull/i18n-reflow/Features/zh-TW/restaurant-loyalty-card-design-zh-TW.json,
pulled-reflow-reference,i18n-reflow,feature,zh-TW,restaurant-menu-design,composite-v2,false,.json,_pull/i18n-reflow/Features/zh-TW/restaurant-menu-design-zh-TW.json,
pulled-reflow-reference,i18n-reflow,feature,zh-TW,restaurant-table-tent-design,composite-v2,false,.json,_pull/i18n-reflow/Features/zh-TW/restaurant-table-tent-design-zh-TW.json,
pulled-reflow-reference,i18n-reflow,feature,zh-TW,sale-poster-design,composite-v2,false,.json,_pull/i18n-reflow/Features/zh-TW/sale-poster-design-zh-TW.json,
pulled-reflow-reference,i18n-reflow,feature,zh-TW,seamless-carousel-post-visual-storytelling,composite-v2,false,.json,_pull/i18n-reflow/Features/zh-TW/seamless-carousel-post-visual-storytelling-zh-TW.json,
pulled-reflow-reference,i18n-reflow,feature,zh-TW,secure-student-id-card-design,composite-v2,false,.json,_pull/i18n-reflow/Features/zh-TW/secure-student-id-card-design-zh-TW.json,
pulled-reflow-reference,i18n-reflow,feature,zh-TW,seedance-2-0-ai-video-generator,composite-v2,false,.json,_pull/i18n-reflow/Features/zh-TW/seedance-2-0-ai-video-generator-zh-TW.json,
pulled-reflow-reference,i18n-reflow,feature,zh-TW,seedance-2-ai-video-generator-agent,composite-v2,false,.json,_pull/i18n-reflow/Features/zh-TW/seedance-2-ai-video-generator-agent-zh-TW.json,
pulled-reflow-reference,i18n-reflow,feature,zh-TW,seedance-ai-ad-creatives,composite-v2,false,.json,_pull/i18n-reflow/Features/zh-TW/seedance-ai-ad-creatives-zh-TW.json,
pulled-reflow-reference,i18n-reflow,feature,zh-TW,seedance-ai-video-generator,composite-v2,false,.json,_pull/i18n-reflow/Features/zh-TW/seedance-ai-video-generator-zh-TW.json,
pulled-reflow-reference,i18n-reflow,feature,zh-TW,seedance-batch-creative-production,composite-v2,false,.json,_pull/i18n-reflow/Features/zh-TW/seedance-batch-creative-production-zh-TW.json,
pulled-reflow-reference,i18n-reflow,feature,zh-TW,seedance-text-to-video-ai,composite-v2,false,.json,_pull/i18n-reflow/Features/zh-TW/seedance-text-to-video-ai-zh-TW.json,
pulled-reflow-reference,i18n-reflow,feature,zh-TW,seedance-viral-matrix-operation,composite-v2,false,.json,_pull/i18n-reflow/Features/zh-TW/seedance-viral-matrix-operation-zh-TW.json,
pulled-reflow-reference,i18n-reflow,feature,zh-TW,seedance-viral-short-video-assets,composite-v2,false,.json,_pull/i18n-reflow/Features/zh-TW/seedance-viral-short-video-assets-zh-TW.json,
pulled-reflow-reference,i18n-reflow,feature,zh-TW,shopify-banner-design,composite-v2,false,.json,_pull/i18n-reflow/Features/zh-TW/shopify-banner-design-zh-TW.json,
pulled-reflow-reference,i18n-reflow,feature,zh-TW,social-media-post-design,composite-v2,false,.json,_pull/i18n-reflow/Features/zh-TW/social-media-post-design-zh-TW.json,
pulled-reflow-reference,i18n-reflow,feature,zh-TW,social-media-template-design,composite-v2,false,.json,_pull/i18n-reflow/Features/zh-TW/social-media-template-design-zh-TW.json,
pulled-reflow-reference,i18n-reflow,feature,zh-TW,startup-logo-design,composite-v2,false,.json,_pull/i18n-reflow/Features/zh-TW/startup-logo-design-zh-TW.json,
pulled-reflow-reference,i18n-reflow,feature,zh-TW,text-image-to-video-seedance,composite-v2,false,.json,_pull/i18n-reflow/Features/zh-TW/text-image-to-video-seedance-zh-TW.json,
pulled-reflow-reference,i18n-reflow,feature,zh-TW,text-to-video-ai-generator-veo3,composite-v2,false,.json,_pull/i18n-reflow/Features/zh-TW/text-to-video-ai-generator-veo3-zh-TW.json,
pulled-reflow-reference,i18n-reflow,feature,zh-TW,text-to-video-ai,composite-v2,false,.json,_pull/i18n-reflow/Features/zh-TW/text-to-video-ai-zh-TW.json,
pulled-reflow-reference,i18n-reflow,feature,zh-TW,textbook-cover-design,composite-v2,false,.json,_pull/i18n-reflow/Features/zh-TW/textbook-cover-design-zh-TW.json,
pulled-reflow-reference,i18n-reflow,feature,zh-TW,tiktok-video-cover-design,composite-v2,false,.json,_pull/i18n-reflow/Features/zh-TW/tiktok-video-cover-design-zh-TW.json,
pulled-reflow-reference,i18n-reflow,feature,zh-TW,touch-edit-ai,composite-v2,false,.json,_pull/i18n-reflow/Features/zh-TW/touch-edit-ai-zh-TW.json,
pulled-reflow-reference,i18n-reflow,feature,zh-TW,twitter-header-design,composite-v2,false,.json,_pull/i18n-reflow/Features/zh-TW/twitter-header-design-zh-TW.json,
pulled-reflow-reference,i18n-reflow,feature,zh-TW,video-background-changer,composite-v2,false,.json,_pull/i18n-reflow/Features/zh-TW/video-background-changer-zh-TW.json,
pulled-reflow-reference,i18n-reflow,feature,zh-TW,video-background-remover,composite-v2,false,.json,_pull/i18n-reflow/Features/zh-TW/video-background-remover-zh-TW.json,
pulled-reflow-reference,i18n-reflow,feature,zh-TW,wedding-invitation-design,composite-v2,false,.json,_pull/i18n-reflow/Features/zh-TW/wedding-invitation-design-zh-TW.json,
pulled-reflow-reference,i18n-reflow,feature,zh-TW,wine-label-design,composite-v2,false,.json,_pull/i18n-reflow/Features/zh-TW/wine-label-design-zh-TW.json,
pulled-reflow-reference,i18n-reflow,feature,zh-TW,worksheet-design,composite-v2,false,.json,_pull/i18n-reflow/Features/zh-TW/worksheet-design-zh-TW.json,
pulled-reflow-reference,i18n-reflow,feature,zh-TW,youtube-thumbnail-design,composite-v2,false,.json,_pull/i18n-reflow/Features/zh-TW/youtube-thumbnail-design-zh-TW.json,
pulled-reflow-reference,i18n-reflow,feature,zh,[object Object],composite-v2,false,.json,_pull/i18n-reflow/Features/zh/ai-design-agent-for-freelancers-zh.json,
pulled-reflow-reference,i18n-reflow,feature,zh,[object Object],composite-v2,false,.json,_pull/i18n-reflow/Features/zh/ai-design-agent-zh.json,
pulled-reflow-reference,i18n-reflow,feature,zh,[object Object],composite-v2,false,.json,_pull/i18n-reflow/Features/zh/ai-facebook-ad-creative-generator-zh.json,
pulled-reflow-reference,i18n-reflow,feature,zh,[object Object],composite-v2,false,.json,_pull/i18n-reflow/Features/zh/ai-facebook-poster-generator-zh.json,
pulled-reflow-reference,i18n-reflow,feature,zh,[object Object],composite-v2,false,.json,_pull/i18n-reflow/Features/zh/ai-google-ads-banner-generator-zh.json,
pulled-reflow-reference,i18n-reflow,feature,zh,[object Object],composite-v2,false,.json,_pull/i18n-reflow/Features/zh/ai-linkedin-infographic-generator-b2b-zh.json,
pulled-reflow-reference,i18n-reflow,feature,zh,[object Object],composite-v2,false,.json,_pull/i18n-reflow/Features/zh/ai-logo-maker-brand-agent-zh.json,
pulled-reflow-reference,i18n-reflow,feature,zh,[object Object],composite-v2,false,.json,_pull/i18n-reflow/Features/zh/ai-poster-design-agent-nano-banana-zh.json,
pulled-reflow-reference,i18n-reflow,feature,zh,[object Object],composite-v2,false,.json,_pull/i18n-reflow/Features/zh/ai-product-video-seedance-zh.json,
pulled-reflow-reference,i18n-reflow,feature,zh,[object Object],composite-v2,false,.json,_pull/i18n-reflow/Features/zh/ai-tiktok-thumbnail-maker-zh.json,
pulled-reflow-reference,i18n-reflow,feature,zh,[object Object],composite-v2,false,.json,_pull/i18n-reflow/Features/zh/ai-video-agent-for-ecommerce-zh.json,
pulled-reflow-reference,i18n-reflow,feature,zh,[object Object],composite-v2,false,.json,_pull/i18n-reflow/Features/zh/ai-video-agent-for-marketing-zh.json,
pulled-reflow-reference,i18n-reflow,feature,zh,[object Object],composite-v2,false,.json,_pull/i18n-reflow/Features/zh/ai-video-agent-for-tiktok-zh.json,
pulled-reflow-reference,i18n-reflow,feature,zh,[object Object],composite-v2,false,.json,_pull/i18n-reflow/Features/zh/ai-video-agent-for-youtube-zh.json,
pulled-reflow-reference,i18n-reflow,feature,zh,[object Object],composite-v2,false,.json,_pull/i18n-reflow/Features/zh/ai-video-agent-workflow-zh.json,
pulled-reflow-reference,i18n-reflow,feature,zh,[object Object],composite-v2,false,.json,_pull/i18n-reflow/Features/zh/ai-video-agent-zh.json,
pulled-reflow-reference,i18n-reflow,feature,zh,[object Object],composite-v2,false,.json,_pull/i18n-reflow/Features/zh/ai-video-enhancer-remaster-veo3-zh.json,
pulled-reflow-reference,i18n-reflow,feature,zh,ai-video-generator,composite-v2,false,.json,_pull/i18n-reflow/Features/zh/ai-video-generator-zh.json,
pulled-reflow-reference,i18n-reflow,feature,zh,[object Object],composite-v2,false,.json,_pull/i18n-reflow/Features/zh/ai-video-optimization-zh.json,
pulled-reflow-reference,i18n-reflow,feature,zh,[object Object],composite-v2,false,.json,_pull/i18n-reflow/Features/zh/ai-video-prompt-generator-veo-sora-zh.json,
pulled-reflow-reference,i18n-reflow,feature,zh,[object Object],composite-v2,false,.json,_pull/i18n-reflow/Features/zh/ai-youtube-thumbnail-generator-zh.json,
pulled-reflow-reference,i18n-reflow,feature,zh,[object Object],composite-v2,false,.json,_pull/i18n-reflow/Features/zh/autonomous-ai-video-agent-zh.json,
pulled-reflow-reference,i18n-reflow,feature,zh,brochure-design,composite-v2,,.json,_pull/i18n-reflow/Features/zh/brochure-design-zh.json,
pulled-reflow-reference,i18n-reflow,feature,zh,[object Object],composite-v2,false,.json,_pull/i18n-reflow/Features/zh/create-editable-brand-kit-ai-agent-zh.json,
pulled-reflow-reference,i18n-reflow,feature,zh,[object Object],composite-v2,false,.json,_pull/i18n-reflow/Features/zh/create-mockups-with-brand-kit-ai-zh.json,
pulled-reflow-reference,i18n-reflow,feature,zh,[object Object],composite-v2,false,.json,_pull/i18n-reflow/Features/zh/create-videos-from-images-or-text-seedance-zh.json,
pulled-reflow-reference,i18n-reflow,feature,zh,[object Object],composite-v2,false,.json,_pull/i18n-reflow/Features/zh/design-viral-youtube-thumbnails-ai-by-lovart-zh.json,
pulled-reflow-reference,i18n-reflow,feature,zh,[object Object],composite-v2,false,.json,_pull/i18n-reflow/Features/zh/design-viral-youtube-thumbnails-ai-zh.json,
pulled-reflow-reference,i18n-reflow,feature,zh,[object Object],composite-v2,false,.json,_pull/i18n-reflow/Features/zh/linkedin-ads-generator-zh.json,
pulled-reflow-reference,i18n-reflow,feature,zh,[object Object],composite-v2,false,.json,_pull/i18n-reflow/Features/zh/linkedin-spotlight-ads-generator-zh.json,
pulled-reflow-reference,i18n-reflow,feature,zh,[object Object],composite-v2,false,.json,_pull/i18n-reflow/Features/zh/mcot-engine-zh.json,
pulled-reflow-reference,i18n-reflow,feature,zh,[object Object],composite-v2,false,.json,_pull/i18n-reflow/Features/zh/multimodal-ai-video-agent-zh.json,
pulled-reflow-reference,i18n-reflow,feature,zh,[object Object],composite-v2,false,.json,_pull/i18n-reflow/Features/zh/nano-banana-infographic-design-zh.json,
pulled-reflow-reference,i18n-reflow,feature,zh,[object Object],composite-v2,false,.json,_pull/i18n-reflow/Features/zh/nano-banana-presentation-slides-zh.json,
pulled-reflow-reference,i18n-reflow,feature,zh,[object Object],composite-v2,false,.json,_pull/i18n-reflow/Features/zh/nano-banana-youtube-thumbnails-zh.json,
pulled-reflow-reference,i18n-reflow,feature,zh,[object Object],composite-v2,false,.json,_pull/i18n-reflow/Features/zh/quick-poster-generation-by-lovart-zh.json,
pulled-reflow-reference,i18n-reflow,feature,zh,[object Object],composite-v2,false,.json,_pull/i18n-reflow/Features/zh/seedance-2-0-ai-video-generator-zh.json,
pulled-reflow-reference,i18n-reflow,feature,zh,[object Object],composite-v2,false,.json,_pull/i18n-reflow/Features/zh/seedance-2-ai-video-generator-agent-zh.json,
pulled-reflow-reference,i18n-reflow,feature,zh,[object Object],composite-v2,false,.json,_pull/i18n-reflow/Features/zh/seedance-ai-ad-creatives-zh.json,
pulled-reflow-reference,i18n-reflow,feature,zh,[object Object],composite-v2,false,.json,_pull/i18n-reflow/Features/zh/seedance-ai-video-generator-zh.json,
pulled-reflow-reference,i18n-reflow,feature,zh,[object Object],composite-v2,false,.json,_pull/i18n-reflow/Features/zh/seedance-text-to-video-ai-zh.json,
pulled-reflow-reference,i18n-reflow,feature,zh,[object Object],composite-v2,false,.json,_pull/i18n-reflow/Features/zh/seedance-viral-short-video-assets-zh.json,
pulled-reflow-reference,i18n-reflow,feature,zh,[object Object],composite-v2,false,.json,_pull/i18n-reflow/Features/zh/text-image-to-video-seedance-zh.json,
pulled-reflow-reference,i18n-reflow,feature,zh,[object Object],composite-v2,false,.json,_pull/i18n-reflow/Features/zh/text-to-video-ai-generator-veo3-zh.json,
pulled-reflow-reference,i18n-reflow,feature,zh,[object Object],composite-v2,false,.json,_pull/i18n-reflow/Features/zh/tiktok-video-cover-design-zh.json,
pulled-reflow-reference,i18n-reflow,feature,zh,[object Object],composite-v2,false,.json,_pull/i18n-reflow/Features/zh/youtube-thumbnail-design-zh.json,
