issue_type,language,slug,_id,title,createdAt,seoTitle,url,action
"duplicate-(lang,slug)",zh,ai-avatar-generator,21dd4b6c-e23a-4440-ae85-b234c9ca57ac-zh,AI 头像生成器 | 一键创建专业虚拟形象与数字人 | Lovart,2026-07-12,AI 头像生成器 | 一键创建专业虚拟形象与数字人 | Lovart,https:/www.lovart.ai/zh/ai-avatar-generator,"PATCH: 保留最合适的 1/2 (按 _createdAt), 其他 mark stale + redirect to kept"
"duplicate-(lang,slug)",zh,ai-avatar-generator,tools-ai-avatar-generator-zh,AI 虚拟形象生成器 | Lovart,2026-07-13,AI 虚拟形象生成器 | Lovart,https:/www.lovart.ai/zh/ai-avatar-generator,"PATCH: 保留最合适的 2/2 (按 _createdAt), 其他 mark stale + redirect to kept"
"duplicate-(lang,slug)",zh-TW,ai-avatar-generator,21dd4b6c-e23a-4440-ae85-b234c9ca57ac-zh-TW,AI頭像生成器 |創建會說話的頭像和虛擬角色 |洛瓦特,2026-07-12,AI AI Avatar Generator — 即時建立專業設計 | Lovart,https:/www.lovart.ai/zh-TW/ai-avatar-generator,"PATCH: 保留最合适的 1/2 (按 _createdAt), 其他 mark stale + redirect to kept"
"duplicate-(lang,slug)",zh-TW,ai-avatar-generator,tools-ai-avatar-generator-zh-TW,AI 虛擬形象生成器|Lovart,2026-07-13,AI 虛擬形象生成器 | Lovart,https:/www.lovart.ai/zh-TW/ai-avatar-generator,"PATCH: 保留最合适的 2/2 (按 _createdAt), 其他 mark stale + redirect to kept"
"duplicate-(lang,slug)",fr,ai-design-agent,73328639-b683-4758-9516-66f864b97d9a-fr,Ai Design Agent | Lovart,2026-07-12,ai-design-agent | Lovart,https:/www.lovart.ai/fr/ai-design-agent,"PATCH: 保留最合适的 1/2 (按 _createdAt), 其他 mark stale + redirect to kept"
"duplicate-(lang,slug)",fr,ai-design-agent,features-ai-design-agent-fr,Agent IA Lovart : branding et workflow créatif autonome,2026-05-22,Agent IA Lovart : branding et workflow créatif autonome,https:/www.lovart.ai/fr/ai-design-agent,"PATCH: 保留最合适的 2/2 (按 _createdAt), 其他 mark stale + redirect to kept"
"duplicate-(lang,slug)",it,ai-design-agent,73328639-b683-4758-9516-66f864b97d9a-it,Agente di progettazione AI | Branding autonomo e flusso di lavoro creativo | Lov,2026-07-12,Agente di progettazione AI | Branding autonomo e flusso di lavoro creativo | Lov,https:/www.lovart.ai/it/ai-design-agent,"PATCH: 保留最合适的 1/2 (按 _createdAt), 其他 mark stale + redirect to kept"
"duplicate-(lang,slug)",it,ai-design-agent,features-ai-design-agent-it,Agente IA Lovart: branding autonomo e flusso creativo,2026-05-22,Agente IA Lovart: branding autonomo e flusso creativo,https:/www.lovart.ai/it/ai-design-agent,"PATCH: 保留最合适的 2/2 (按 _createdAt), 其他 mark stale + redirect to kept"
"duplicate-(lang,slug)",ja,ai-design-agent,73328639-b683-4758-9516-66f864b97d9a-ja,AIデザインエージェント |自律的なブランディングとクリエイティブ ワークフロー |ロヴァート,2026-07-12,AI AI Design Agent — プロフェッショナルなデザインを瞬時に作成 | Lovart,https:/www.lovart.ai/ja/ai-design-agent,"PATCH: 保留最合适的 1/2 (按 _createdAt), 其他 mark stale + redirect to kept"
"duplicate-(lang,slug)",ja,ai-design-agent,features-ai-design-agent-ja,AIデザインエージェント：自律ブランディングと創造的ワークフロー,2026-05-22,AIデザインエージェント：自律ブランディングと創造的ワークフロー,https:/www.lovart.ai/ja/ai-design-agent,"PATCH: 保留最合适的 2/2 (按 _createdAt), 其他 mark stale + redirect to kept"
"duplicate-(lang,slug)",ko,ai-design-agent,73328639-b683-4758-9516-66f864b97d9a-ko,AI 디자인 에이전트 | 자율적인 브랜딩 및 크리에이티브 워크플로우 | 로바트,2026-07-12,AI AI Design Agent — 전문적인 디자인을 즉시 제작 | Lovart,https:/www.lovart.ai/ko/ai-design-agent,"PATCH: 保留最合适的 1/2 (按 _createdAt), 其他 mark stale + redirect to kept"
"duplicate-(lang,slug)",ko,ai-design-agent,features-ai-design-agent-ko,AI 디자인 에이전트: 자동 브랜딩 & 창작 워크플로우 | Lovart,2026-05-22,AI 디자인 에이전트: 자동 브랜딩 & 창작 워크플로우 | Lovart,https:/www.lovart.ai/ko/ai-design-agent,"PATCH: 保留最合适的 2/2 (按 _createdAt), 其他 mark stale + redirect to kept"
"duplicate-(lang,slug)",pt,ai-design-agent,73328639-b683-4758-9516-66f864b97d9a-pt,Agente de design de IA | Branding autônomo e fluxo de trabalho criativo | Lovart,2026-07-12,Agente de design de IA | Branding autônomo e fluxo de trabalho criativo | Lovart,https:/www.lovart.ai/pt/ai-design-agent,"PATCH: 保留最合适的 1/2 (按 _createdAt), 其他 mark stale + redirect to kept"
"duplicate-(lang,slug)",pt,ai-design-agent,features-ai-design-agent-pt,Agente de Design com IA: Fluxo Criativo e Marca Autônoma | Lovart,2026-05-22,Agente de Design com IA: Fluxo Criativo e Marca Autônoma | Lovart,https:/www.lovart.ai/pt/ai-design-agent,"PATCH: 保留最合适的 2/2 (按 _createdAt), 其他 mark stale + redirect to kept"
"duplicate-(lang,slug)",ru,ai-design-agent,73328639-b683-4758-9516-66f864b97d9a-ru,Агент по разработке искусственного интеллекта | Автономный брендинг и творческий,2026-07-12,ИИ AI Design Agent — Создайте профессиональный дизайн мгновенно | Lovart,https:/www.lovart.ai/ru/ai-design-agent,"PATCH: 保留最合适的 1/2 (按 _createdAt), 其他 mark stale + redirect to kept"
"duplicate-(lang,slug)",ru,ai-design-agent,features-ai-design-agent-ru,ИИ-дизайнер: автономный брендинг и креатив | Lovart,2026-05-22,ИИ-дизайнер: автономный брендинг и креатив | Lovart,https:/www.lovart.ai/ru/ai-design-agent,"PATCH: 保留最合适的 2/2 (按 _createdAt), 其他 mark stale + redirect to kept"
"duplicate-(lang,slug)",de,ai-mockup-generator,ai-mockup-generator-de,KI-Mockup-Generator: Erstelle fotorealistische Produktszenen | Lovart,2026-05-22,KI-Mockup-Generator: Erstelle fotorealistische Produktszenen | Lovart,https:/www.lovart.ai/de/ai-mockup-generator,"PATCH: 保留最合适的 1/2 (按 _createdAt), 其他 mark stale + redirect to kept"
"duplicate-(lang,slug)",de,ai-mockup-generator,tools-ai-mockup-generator-de,Ai Mockup Generator | Lovart,2026-07-12,ai-mockup-generator | Lovart,https:/www.lovart.ai/de/ai-mockup-generator,"PATCH: 保留最合适的 2/2 (按 _createdAt), 其他 mark stale + redirect to kept"
"duplicate-(lang,slug)",en,ai-mockup-generator,ai-mockup-generator-en,AI Mockup Generator: Create Photorealistic Product Scenes | Lovart,2026-07-12,AI Mockup Generator: Create Photorealistic Product Scenes | Lovart,https:/www.lovart.ai/en/ai-mockup-generator,"PATCH: 保留最合适的 1/2 (按 _createdAt), 其他 mark stale + redirect to kept"
"duplicate-(lang,slug)",en,ai-mockup-generator,tools-ai-mockup-generator-en,mockup 生成器 | Lovart,2026-07-12,mockup 生成器 | Lovart,https:/www.lovart.ai/en/ai-mockup-generator,"PATCH: 保留最合适的 2/2 (按 _createdAt), 其他 mark stale + redirect to kept"
"duplicate-(lang,slug)",en,ai-product-image-generator,ai-product-image-generator-en,AI Google Shopping Feed Image Generator: Create Compliant Product Photos | Lovar,2026-07-12,AI Product Image Generator — Google Shopping Photos | Lovart,https:/www.lovart.ai/en/ai-product-image-generator,"PATCH: 保留最合适的 1/2 (按 _createdAt), 其他 mark stale + redirect to kept"
"duplicate-(lang,slug)",en,ai-product-image-generator,tools-ai-product-image-generator-en,AI Product Image Generator | PDP & Marketplace Visuals | Lovart,2026-07-12,AI Product Image Generator | PDP & Marketplace Visuals | Lovart,https:/www.lovart.ai/en/ai-product-image-generator,"PATCH: 保留最合适的 2/2 (按 _createdAt), 其他 mark stale + redirect to kept"
"duplicate-(lang,slug)",ja,create-videos-from-images-or-text-seedance,bea97c568706424eb0ffe290e6f1a71b-ja,create videos from images or text seedance | Lovart,2026-07-12,create videos from images or text seedance | Lovart,https:/www.lovart.ai/ja/create-videos-from-images-or-text-seedance,"PATCH: 保留最合适的 1/2 (按 _createdAt), 其他 mark stale + redirect to kept"
"duplicate-(lang,slug)",ja,create-videos-from-images-or-text-seedance,features-create-videos-from-images-or-text-seedance-ja,画像やテキストから動画生成「Seedance 2.0」｜Lovart,2026-05-22,画像やテキストから動画生成「Seedance 2.0」｜Lovart,https:/www.lovart.ai/ja/create-videos-from-images-or-text-seedance,"PATCH: 保留最合适的 2/2 (按 _createdAt), 其他 mark stale + redirect to kept"
"duplicate-(lang,slug)",zh-TW,brochure-design,composite-brochure-design-zh-TW,Professional Brochure Design Made Simple — AI Brochure Maker by Lovart,2026-07-12,Professional Brochure Design Made Simple — AI Brochure Maker by Lovart,https:/www.lovart.ai/zh-TW/brochure-design,"PATCH: 保留最合适的 1/2 (按 _createdAt), 其他 mark stale + redirect to kept"
"duplicate-(lang,slug)",zh-TW,brochure-design,features-brochure-design-zh-TW,Brochure Design | Lovart,2026-07-12,Brochure Design | Lovart,https:/www.lovart.ai/zh-TW/brochure-design,"PATCH: 保留最合适的 2/2 (按 _createdAt), 其他 mark stale + redirect to kept"
"duplicate-(lang,slug)",fr,ai-business-card-maker,features-ai-business-card-maker-fr,chef 商务 卡片 设计 | Lovart,2026-07-12,chef 商务 卡片 设计 | Lovart,https:/www.lovart.ai/fr/ai-business-card-maker,"PATCH: 保留最合适的 1/2 (按 _createdAt), 其他 mark stale + redirect to kept"
"duplicate-(lang,slug)",fr,ai-business-card-maker,tools-ai-business-card-maker-fr,Ai Business Card Maker | Lovart,2026-07-12,ai-business-card-maker | Lovart,https:/www.lovart.ai/fr/ai-business-card-maker,"PATCH: 保留最合适的 2/2 (按 _createdAt), 其他 mark stale + redirect to kept"
"duplicate-(lang,slug)",it,ai-business-card-maker,features-ai-business-card-maker-it,chef 商务 卡片 设计 | Lovart,2026-07-12,chef 商务 卡片 设计 | Lovart,https:/www.lovart.ai/it/ai-business-card-maker,"PATCH: 保留最合适的 1/2 (按 _createdAt), 其他 mark stale + redirect to kept"
"duplicate-(lang,slug)",it,ai-business-card-maker,tools-ai-business-card-maker-it,Ai Business Card Maker | Lovart,2026-07-12,ai-business-card-maker | Lovart,https:/www.lovart.ai/it/ai-business-card-maker,"PATCH: 保留最合适的 2/2 (按 _createdAt), 其他 mark stale + redirect to kept"
"duplicate-(lang,slug)",it,ai-facebook-poster-generator,features-ai-facebook-poster-generator-it,Generatore di poster Facebook IA | Lovart,2026-07-12,Generatore di poster Facebook IA | Lovart,https:/www.lovart.ai/it/ai-facebook-poster-generator,"PATCH: 保留最合适的 1/2 (按 _createdAt), 其他 mark stale + redirect to kept"
"duplicate-(lang,slug)",it,ai-facebook-poster-generator,features-ai-facebook-poster-generator-pt,AI Facebook Poster Generator | Lovart,2026-07-12,AI Facebook Poster Generator | Lovart,https:/www.lovart.ai/it/ai-facebook-poster-generator,"PATCH: 保留最合适的 2/2 (按 _createdAt), 其他 mark stale + redirect to kept"
"duplicate-(lang,slug)",fr,ai-mockup-generator,features-ai-mockup-generator-fr,Générateur de maquettes IA : créez des scènes réalistes | Lovart,2026-05-22,Générateur de maquettes IA : créez des scènes réalistes | Lovart,https:/www.lovart.ai/fr/ai-mockup-generator,"PATCH: 保留最合适的 1/2 (按 _createdAt), 其他 mark stale + redirect to kept"
"duplicate-(lang,slug)",fr,ai-mockup-generator,tools-ai-mockup-generator-fr,Ai Mockup Generator | Lovart,2026-07-12,ai-mockup-generator | Lovart,https:/www.lovart.ai/fr/ai-mockup-generator,"PATCH: 保留最合适的 2/2 (按 _createdAt), 其他 mark stale + redirect to kept"
"duplicate-(lang,slug)",it,ai-mockup-generator,features-ai-mockup-generator-it,Generatore di mockup IA: scene prodotto fotorealistiche | Lovart,2026-05-22,Generatore di mockup IA: scene prodotto fotorealistiche | Lovart,https:/www.lovart.ai/it/ai-mockup-generator,"PATCH: 保留最合适的 1/2 (按 _createdAt), 其他 mark stale + redirect to kept"
"duplicate-(lang,slug)",it,ai-mockup-generator,tools-ai-mockup-generator-it,Ai Mockup Generator | Lovart,2026-07-12,ai-mockup-generator | Lovart,https:/www.lovart.ai/it/ai-mockup-generator,"PATCH: 保留最合适的 2/2 (按 _createdAt), 其他 mark stale + redirect to kept"
"duplicate-(lang,slug)",ru,ai-mockup-generator,features-ai-mockup-generator-ru,Генератор мокапов ИИ: фотореалистичные сцены | Lovart,2026-05-22,Генератор мокапов ИИ: фотореалистичные сцены | Lovart,https:/www.lovart.ai/ru/ai-mockup-generator,"PATCH: 保留最合适的 1/2 (按 _createdAt), 其他 mark stale + redirect to kept"
"duplicate-(lang,slug)",ru,ai-mockup-generator,tools-ai-mockup-generator-ru,Ai Mockup Generator | Lovart,2026-07-12,ai-mockup-generator | Lovart,https:/www.lovart.ai/ru/ai-mockup-generator,"PATCH: 保留最合适的 2/2 (按 _createdAt), 其他 mark stale + redirect to kept"
"duplicate-(lang,slug)",zh-TW,ai-mockup-generator,features-ai-mockup-generator-zh-TW,Ai Mockup Generator | Lovart,2026-07-12,Ai Mockup Generator | Lovart,https:/www.lovart.ai/zh-TW/ai-mockup-generator,"PATCH: 保留最合适的 1/2 (按 _createdAt), 其他 mark stale + redirect to kept"
"duplicate-(lang,slug)",zh-TW,ai-mockup-generator,tools-ai-mockup-generator-zh-TW,Ai Mockup Generator | Lovart,2026-07-12,ai-mockup-generator | Lovart,https:/www.lovart.ai/zh-TW/ai-mockup-generator,"PATCH: 保留最合适的 2/2 (按 _createdAt), 其他 mark stale + redirect to kept"
"duplicate-(lang,slug)",fr,ai-picture-generator,features-ai-picture-generator-fr,affiliate ads 生成器 | Lovart,2026-07-12,affiliate ads 生成器 | Lovart,https:/www.lovart.ai/fr/ai-picture-generator,"PATCH: 保留最合适的 1/2 (按 _createdAt), 其他 mark stale + redirect to kept"
"duplicate-(lang,slug)",fr,ai-picture-generator,tools-ai-picture-generator-fr,Générateur d'Images IA | Lovart,2026-07-13,Générateur d'Images IA Gratuit | Créez des Images à partir de Texte — Lovart,https:/www.lovart.ai/fr/ai-picture-generator,"PATCH: 保留最合适的 2/2 (按 _createdAt), 其他 mark stale + redirect to kept"
"duplicate-(lang,slug)",ja,ai-picture-generator,features-ai-picture-generator-ja,affiliate ads 生成器 | Lovart,2026-07-12,affiliate ads 生成器 | Lovart,https:/www.lovart.ai/ja/ai-picture-generator,"PATCH: 保留最合适的 1/2 (按 _createdAt), 其他 mark stale + redirect to kept"
"duplicate-(lang,slug)",ja,ai-picture-generator,tools-ai-picture-generator-ja,AI画像生成|Lovart,2026-07-13,AI画像生成 | テキストからプロ品質の画像を瞬時に作成 | Lovart,https:/www.lovart.ai/ja/ai-picture-generator,"PATCH: 保留最合适的 2/2 (按 _createdAt), 其他 mark stale + redirect to kept"
"duplicate-(lang,slug)",zh-TW,ai-picture-generator,features-ai-picture-generator-zh-TW,Lovart AI圖片生成器：專業視覺與文字創作,2026-07-12,Lovart AI圖片生成器：專業視覺與文字創作,https:/www.lovart.ai/zh-TW/ai-picture-generator,"PATCH: 保留最合适的 1/2 (按 _createdAt), 其他 mark stale + redirect to kept"
"duplicate-(lang,slug)",zh-TW,ai-picture-generator,tools-ai-picture-generator-zh-TW,AI 圖片生成器|Lovart,2026-07-13,AI 圖片生成器 | Lovart,https:/www.lovart.ai/zh-TW/ai-picture-generator,"PATCH: 保留最合适的 2/2 (按 _createdAt), 其他 mark stale + redirect to kept"
"duplicate-(lang,slug)",fr,ai-video-generator,features-ai-video-generator-fr,"Créez des vidéos IA avec Sora 2, Veo 3 & Kling | Lovart",2026-05-22,"Créez des vidéos IA avec Sora 2, Veo 3 & Kling | Lovart",https:/www.lovart.ai/fr/ai-video-generator,"PATCH: 保留最合适的 1/2 (按 _createdAt), 其他 mark stale + redirect to kept"
"duplicate-(lang,slug)",fr,ai-video-generator,tools-ai-video-generator-fr,Générateur vidéo IA | Transformez des images et du texte en vidéo | Lovart,2026-06-03,Générateur vidéo IA | Transformez des images et du texte en vidéo | Lovart,https:/www.lovart.ai/fr/ai-video-generator,"PATCH: 保留最合适的 2/2 (按 _createdAt), 其他 mark stale + redirect to kept"
"duplicate-(lang,slug)",it,ai-video-generator,features-ai-video-generator-it,"Generatore video IA: crea con Sora 2, Veo 3 & Kling | Lovart",2026-05-22,"Generatore video IA: crea con Sora 2, Veo 3 & Kling | Lovart",https:/www.lovart.ai/it/ai-video-generator,"PATCH: 保留最合适的 1/2 (按 _createdAt), 其他 mark stale + redirect to kept"
"duplicate-(lang,slug)",it,ai-video-generator,tools-ai-video-generator-it,Generatore video AI | Trasforma immagini e testo in video | Lovart,2026-06-03,Generatore video AI | Trasforma immagini e testo in video | Lovart,https:/www.lovart.ai/it/ai-video-generator,"PATCH: 保留最合适的 2/2 (按 _createdAt), 其他 mark stale + redirect to kept"
"duplicate-(lang,slug)",ja,ai-video-generator,features-ai-video-generator-ja,Sora 2、Veo 3、Klingで動画生成｜Lovart,2026-05-22,Sora 2、Veo 3、Klingで動画生成｜Lovart,https:/www.lovart.ai/ja/ai-video-generator,"PATCH: 保留最合适的 1/2 (按 _createdAt), 其他 mark stale + redirect to kept"
"duplicate-(lang,slug)",ja,ai-video-generator,tools-ai-video-generator-ja,AI Video Generator |画像とテキストをビデオに変換 |ロヴァート,2026-06-03,AI AI Video Generator — プロフェッショナルなデザインを瞬時に作成 | Lovart,https:/www.lovart.ai/ja/ai-video-generator,"PATCH: 保留最合适的 2/2 (按 _createdAt), 其他 mark stale + redirect to kept"
"duplicate-(lang,slug)",ko,ai-video-generator,features-ai-video-generator-ko,"소라2, 비오3, 클링으로 만드는 AI 영상 | Lovart",2026-05-22,"소라2, 비오3, 클링으로 만드는 AI 영상 | Lovart",https:/www.lovart.ai/ko/ai-video-generator,"PATCH: 保留最合适的 1/2 (按 _createdAt), 其他 mark stale + redirect to kept"
"duplicate-(lang,slug)",ko,ai-video-generator,tools-ai-video-generator-ko,AI 영상 생성기 | 이미지와 텍스트를 비디오로 전환 | 로바트,2026-06-03,AI AI Video Generator — 전문적인 디자인을 즉시 제작 | Lovart,https:/www.lovart.ai/ko/ai-video-generator,"PATCH: 保留最合适的 2/2 (按 _createdAt), 其他 mark stale + redirect to kept"
"duplicate-(lang,slug)",pt,ai-video-generator,features-ai-video-generator-pt,"Gerador de Vídeos com IA: Sora 2, Veo 3 & Kling | Lovart",2026-05-22,"Gerador de Vídeos com IA: Sora 2, Veo 3 & Kling | Lovart",https:/www.lovart.ai/pt/ai-video-generator,"PATCH: 保留最合适的 1/2 (按 _createdAt), 其他 mark stale + redirect to kept"
"duplicate-(lang,slug)",pt,ai-video-generator,tools-ai-video-generator-pt,Gerador de vídeo AI | Transforme imagens e texto em vídeo | Lovart,2026-06-03,Gerador de vídeo AI | Transforme imagens e texto em vídeo | Lovart,https:/www.lovart.ai/pt/ai-video-generator,"PATCH: 保留最合适的 2/2 (按 _createdAt), 其他 mark stale + redirect to kept"
"duplicate-(lang,slug)",ru,ai-video-generator,features-ai-video-generator-ru,"Генератор ИИ-видео: Sora 2, Veo 3, Kling | Lovart",2026-05-22,"Генератор ИИ-видео: Sora 2, Veo 3, Kling | Lovart",https:/www.lovart.ai/ru/ai-video-generator,"PATCH: 保留最合适的 1/2 (按 _createdAt), 其他 mark stale + redirect to kept"
"duplicate-(lang,slug)",ru,ai-video-generator,tools-ai-video-generator-ru,Видеогенератор AI | Превратите изображения и текст в видео | Ловарт,2026-05-26,ИИ AI Video Generator — Создайте профессиональный дизайн мгновенно | Lovart,https:/www.lovart.ai/ru/ai-video-generator,"PATCH: 保留最合适的 2/2 (按 _createdAt), 其他 mark stale + redirect to kept"
"duplicate-(lang,slug)",en,text-to-video-ai,features-text-to-video-ai-en,"AI Text-to-Video Generator: Create with Sora 2, Veo 3 & Kling | Lovart",2026-07-12,"AI Text-to-Video Generator: Create with Sora 2, Veo 3 & Kling | Lovart",https:/www.lovart.ai/en/text-to-video-ai,"PATCH: 保留最合适的 1/2 (按 _createdAt), 其他 mark stale + redirect to kept"
"duplicate-(lang,slug)",en,text-to-video-ai,tools-text-to-video-ai-en,text 视频 | Lovart,2026-07-12,text 视频 | Lovart,https:/www.lovart.ai/en/text-to-video-ai,"PATCH: 保留最合适的 2/2 (按 _createdAt), 其他 mark stale + redirect to kept"
"duplicate-(lang,slug)",de,image-to-video-ai,tools-image-to-video-ai-de,Image To Video Ai | Lovart,2026-07-12,image-to-video-ai | Lovart,https:/www.lovart.ai/de/image-to-video-ai,"PATCH: 保留最合适的 1/2 (按 _createdAt), 其他 mark stale + redirect to kept"
"duplicate-(lang,slug)",de,image-to-video-ai,topic-image-to-video-ai-de,Bild-zu-Video-KI — Statische Bilder mit MCoT Engine animieren | Lovart,2026-07-12,Bild-zu-Video-KI: Verwandeln Sie Fotos in professionelle Videos | Lovart,https:/www.lovart.ai/de/image-to-video-ai,"PATCH: 保留最合适的 2/2 (按 _createdAt), 其他 mark stale + redirect to kept"
"duplicate-(lang,slug)",fr,image-to-video-ai,tools-image-to-video-ai-fr,Image To Video Ai | Lovart,2026-07-12,image-to-video-ai | Lovart,https:/www.lovart.ai/fr/image-to-video-ai,"PATCH: 保留最合适的 1/2 (按 _createdAt), 其他 mark stale + redirect to kept"
"duplicate-(lang,slug)",fr,image-to-video-ai,topic-image-to-video-ai-fr,IA Image vers Vidéo — Animez des Images Fixes avec le Moteur MCoT | Lovart,2026-07-12,IA Image vers Vidéo : Transformez vos Photos en Vidéos Professionnelles | Lovart,https:/www.lovart.ai/fr/image-to-video-ai,"PATCH: 保留最合适的 2/2 (按 _createdAt), 其他 mark stale + redirect to kept"
"duplicate-(lang,slug)",it,image-to-video-ai,tools-image-to-video-ai-it,Image To Video Ai | Lovart,2026-07-12,image-to-video-ai | Lovart,https:/www.lovart.ai/it/image-to-video-ai,"PATCH: 保留最合适的 1/2 (按 _createdAt), 其他 mark stale + redirect to kept"
"duplicate-(lang,slug)",it,image-to-video-ai,topic-image-to-video-ai-it,IA da Immagine a Video — Anima Immagini Statiche con il Motore MCoT | Lovart,2026-07-12,IA Immagine-Video: Trasforma le Tue Foto in Video Professionali | Lovart,https:/www.lovart.ai/it/image-to-video-ai,"PATCH: 保留最合适的 2/2 (按 _createdAt), 其他 mark stale + redirect to kept"
"duplicate-(lang,slug)",ru,image-to-video-ai,tools-image-to-video-ai-ru,Image To Video Ai | Lovart,2026-07-12,image-to-video-ai | Lovart,https:/www.lovart.ai/ru/image-to-video-ai,"PATCH: 保留最合适的 1/2 (按 _createdAt), 其他 mark stale + redirect to kept"
"duplicate-(lang,slug)",ru,image-to-video-ai,topic-image-to-video-ai-ru,ИИ преобразования изображений в видео — Анимируйте фото с движком MCoT | Lovart,2026-07-12,ИИ-конвертер изображений в видео: превратите фото в ролики | Lovart,https:/www.lovart.ai/ru/image-to-video-ai,"PATCH: 保留最合适的 2/2 (按 _createdAt), 其他 mark stale + redirect to kept"
twin-multilang,en,ai-caricature-maker,00b9bca6-f8f0-4984-a460-acb4dc554be2,AI Caricature Maker — Turn Photos into Hand-Drawn Caricatures|Lovart,2026-07-12,AI Caricature Maker | Photo to Caricature in 30 Seconds | Lovart,/.../ai-caricature-maker,CHECK: 5 langs 都创建; 验证每语言版内容是否仍差异化或已退化为 i18n copy
twin-multilang,en,ai-tiktok-content-creator,054e8d1a-c72a-4efc-9bce-26e51ab8baf7,AI TikTok Content Creator | Lovart,2026-07-12,AI TikTok Content Creator | Lovart,/.../ai-tiktok-content-creator,CHECK: 5 langs 都创建; 验证每语言版内容是否仍差异化或已退化为 i18n copy
twin-multilang,en,ai-video-editor-api,09133d79-d584-4193-a046-c180e863df67,AI Video Editor API | Lovart,2026-07-12,AI Video Editor API | Lovart,/.../ai-video-editor-api,CHECK: 6 langs 都创建; 验证每语言版内容是否仍差异化或已退化为 i18n copy
twin-multilang,en,ai-logo-maker-no-watermark,0a118e5a-2478-4faa-ab3d-5087ad9540f8,AI Logo Maker No Watermark | Lovart,2026-07-12,AI Logo Maker No Watermark | Lovart,/.../ai-logo-maker-no-watermark,CHECK: 5 langs 都创建; 验证每语言版内容是否仍差异化或已退化为 i18n copy
twin-multilang,en,ai-creative-suite-enterprise,0fbfec90-a8dc-4843-b4fe-1bef3576d6e9,AI Creative Suite Enterprise: Professional creative suite enterprise with AI | L,2026-07-12,AI Creative Suite Enterprise: Professional creative suite enterprise w,/.../ai-creative-suite-enterprise,CHECK: 6 langs 都创建; 验证每语言版内容是否仍差异化或已退化为 i18n copy
twin-multilang,en,ai-model-generator,117f41cd-f952-4e22-9478-32d55148aa9b,AI Model Generator: Professional model generator with AI | Lovart,2026-07-12,AI Model Generator: Professional model generator with AI | Lovart,/.../ai-model-generator,CHECK: 6 langs 都创建; 验证每语言版内容是否仍差异化或已退化为 i18n copy
twin-multilang,en,ai-design-api,120ca7f3-f20e-42f5-a96a-8dc7a662a3e7,AI Design Api: Professional design api with AI | Lovart,2026-07-12,AI Design Api: Professional design api with AI | Lovart,/.../ai-design-api,CHECK: 6 langs 都创建; 验证每语言版内容是否仍差异化或已退化为 i18n copy
twin-multilang,en,ai-text-to-video-api,2062c4fc-a577-4b60-8aa5-90f638fb3179,AI Text to Video Api: Professional text to video api with AI | Lovart,2026-07-12,AI Text to Video Api: Professional text to video api with AI | Lovart,/.../ai-text-to-video-api,CHECK: 6 langs 都创建; 验证每语言版内容是否仍差异化或已退化为 i18n copy
twin-multilang,en,ai-banner-maker-free,212c49b3-36ce-43bb-96e8-41c1dedc23c8,AI Banner Maker Free: Professional banner maker free with AI | Lovart,2026-07-12,AI Banner Maker Free: Professional banner maker free with AI | Lovart,/.../ai-banner-maker-free,CHECK: 6 langs 都创建; 验证每语言版内容是否仍差异化或已退化为 i18n copy
twin-multilang,en,ai-avatar-generator,21dd4b6c-e23a-4440-ae85-b234c9ca57ac,AI Avatar Generator | Create Talking Avatars & Virtual Characters | Lovart,2026-07-12,AI Avatar Generator | Create Talking Avatars & Virtual Characters | Lovart,/.../ai-avatar-generator,CHECK: 8 langs 都创建; 验证每语言版内容是否仍差异化或已退化为 i18n copy
twin-multilang,en,ai-content-format-converter,28f0795c-9838-4bf8-960c-d38636fd1644,AI Content Format Converter: Professional content format converter with AI | Lov,2026-07-12,AI Content Format Converter: Professional content format converter wit,/.../ai-content-format-converter,CHECK: 6 langs 都创建; 验证每语言版内容是否仍差异化或已退化为 i18n copy
twin-multilang,en,ai-carousel-ad-maker,30a01668-5eaf-4b2d-ac90-07f06dc0ca12,AI Carousel ad Maker: Professional carousel ad maker with AI | Lovart,2026-07-12,AI Carousel ad Maker: Professional carousel ad maker with AI | Lovart,/.../ai-carousel-ad-maker,CHECK: 6 langs 都创建; 验证每语言版内容是否仍差异化或已退化为 i18n copy
twin-multilang,en,ai-image-to-sketch,31cff776-244b-4c51-9fdb-2c47120e96a4,AI Image to Sketch: Professional image to sketch with AI | Lovart,2026-07-12,AI Image to Sketch: Professional image to sketch with AI | Lovart,/.../ai-image-to-sketch,CHECK: 5 langs 都创建; 验证每语言版内容是否仍差异化或已退化为 i18n copy
twin-multilang,en,ai-storefront-designer,378f3b60-18d7-409f-adb4-e8ce99e4584d,AI Storefront Designer: Professional storefront designer with AI | Lovart,2026-07-12,AI Storefront Designer: Professional storefront designe... | Lovart,/.../ai-storefront-designer,CHECK: 5 langs 都创建; 验证每语言版内容是否仍差异化或已退化为 i18n copy
twin-multilang,en,ai-face-swap-free,379ee963-9147-49c8-8e2d-8168c42269b3,AI Face Swap Free: Professional face swap free with AI | Lovart,2026-07-12,AI Face Swap Free: Professional face swap free with AI | Lovart,/.../ai-face-swap-free,CHECK: 6 langs 都创建; 验证每语言版内容是否仍差异化或已退化为 i18n copy
twin-multilang,en,ai-picture-generator,3UegeIr7AncH8xyeTeKeTF,AI Picture Generator: Create Original Images from Text | Lovart,2026-07-12,AI Picture Generator: Create Original Images from Text | Lovart,/.../ai-picture-generator,CHECK: 9 langs 都创建; 验证每语言版内容是否仍差异化或已退化为 i18n copy
twin-multilang,en,image-to-video,3a6e478d-6305-4ae5-8810-3b40d8217451,Image to Video AI | Turn Photos into Animated Videos | Lovart,2026-07-12,Image to Video AI | Turn Photos into Animated Videos | Lovart,/.../image-to-video,CHECK: 8 langs 都创建; 验证每语言版内容是否仍差异化或已退化为 i18n copy
twin-multilang,en,ai-image-generator-for-social-media,3aa93b8f-e197-44bf-ac11-a9414116a85c,AI Image Generator For Social Media: Professional image generator for social med,2026-07-12,AI Image Generator For Social Media: Professional image... | Lovart,/.../ai-image-generator-for-social-media,CHECK: 5 langs 都创建; 验证每语言版内容是否仍差异化或已退化为 i18n copy
twin-multilang,en,ai-video-to-gif,3bcd4a72-1322-47de-ba8c-d567adf35e94,AI Video to Gif: Professional video to gif with AI | Lovart,2026-07-12,AI Video to Gif: Professional video to gif with AI | Lovart,/.../ai-video-to-gif,CHECK: 6 langs 都创建; 验证每语言版内容是否仍差异化或已退化为 i18n copy
twin-multilang,de,ai-design-agent,ai-design-agent-de,KI-Design-Agent: Autonomes Branding & kreativer Workflow | Lovart,2026-05-22,KI-Design-Agent: Autonomes Branding & kreativer Workflow | Lovart,/.../ai-design-agent,CHECK: 10 langs 都创建; 验证每语言版内容是否仍差异化或已退化为 i18n copy
twin-multilang,en,ai-logo-generator-landing-agent-workflow,7lkXZLdh1pbHZ59ujeY3tr,Ai Logo Generator Landing Agent Workflow | Lovart,2026-07-12,Ai Logo Generator Landing Agent Workflow | Lovart,/.../ai-logo-generator-landing-agent-workflow,CHECK: 6 langs 都创建; 验证每语言版内容是否仍差异化或已退化为 i18n copy
twin-multilang,en,brand-video-landing-agent-workflow,7lkXZLdh1pbHZ59ujeYLeZ,Brand Video Landing Agent Workflow | Lovart,2026-07-12,Brand Video Landing Agent Workflow | Lovart,/.../brand-video-landing-agent-workflow,CHECK: 7 langs 都创建; 验证每语言版内容是否仍差异化或已退化为 i18n copy
twin-multilang,en,marketing-video-ai-landing-agent-workflow,7lkXZLdh1pbHZ59ujeYOmd,Marketing Video Ai Landing Agent Workflow | Lovart,2026-07-12,Marketing Video Ai Landing Agent Workflow | Lovart,/.../marketing-video-ai-landing-agent-workflow,CHECK: 7 langs 都创建; 验证每语言版内容是否仍差异化或已退化为 i18n copy
twin-multilang,en,ai-design-generator-landing-agent-workflow,7lkXZLdh1pbHZ59ujeYWDX,Ai Design Generator Landing Agent Workflow | Lovart,2026-07-12,Ai Design Generator Landing Agent Workflow | Lovart,/.../ai-design-generator-landing-agent-workflow,CHECK: 7 langs 都创建; 验证每语言版内容是否仍差异化或已退化为 i18n copy
twin-multilang,de,hailuo-2-3-ai-video-generator,87dfcbaa-1526-4595-81ce-abe660c0e9b8-de,Hailuo 2.3 AI-Videogenerator | Realistisches Bewegungsvideo | Lovart,2026-06-03,Hailuo 2.3 AI-Videogenerator | Realistisches Bewegungsvideo | Lovart,/.../hailuo-2-3-ai-video-generator,CHECK: 9 langs 都创建; 验证每语言版内容是否仍差异化或已退化为 i18n copy
twin-multilang,en,ai-banner-landing-agent-workflow,Ip5hch9IxGqVzC92pw1tVu,Ai Banner Landing Agent Workflow | Lovart,2026-07-12,Ai Banner Landing Agent Workflow | Lovart,/.../ai-banner-landing-agent-workflow,CHECK: 8 langs 都创建; 验证每语言版内容是否仍差异化或已退化为 i18n copy
twin-multilang,ja,ai-face-swap,tools-ai-face-swap-ja,AI顔交換 |写真内の顔をシームレスに交換 |ロヴァート,2026-05-22,AI AI Face Swap — プロフェッショナルなデザインを瞬時に作成 | Lovart,/.../ai-face-swap,CHECK: 8 langs 都创建; 验证每语言版内容是否仍差异化或已退化为 i18n copy
twin-multilang,de,ai-ad-thumbnail-generator,ai-ad-thumbnail-generator-de,ad thumbnail 生成器 | Lovart,2026-05-22,ad thumbnail 生成器 | Lovart,/.../ai-ad-thumbnail-generator,CHECK: 9 langs 都创建; 验证每语言版内容是否仍差异化或已退化为 i18n copy
twin-multilang,en,ai-affiliate-ads-generator,ai-affiliate-ads-generator-en,AI Affiliate Ad Generator: Create High-CTR Ads Instantly | Lovart,2026-07-12,AI Affiliate Ad Generator: Create High-CTR Ads Instantly | Lovart,/.../ai-affiliate-ads-generator,CHECK: 7 langs 都创建; 验证每语言版内容是否仍差异化或已退化为 i18n copy
twin-multilang,fr,ai-avatar-streaming-seedance,features-ai-avatar-streaming-seedance-fr,Streaming IA 24/7 & Clips Auto | Lovart,2026-05-22,Streaming IA 24/7 & Clips Auto | Lovart,/.../ai-avatar-streaming-seedance,CHECK: 6 langs 都创建; 验证每语言版内容是否仍差异化或已退化为 i18n copy
twin-multilang,de,ai-background-swap-no-masking,ai-background-swap-no-masking-de,Sofortiger KI-Hintergrundtausch: Kein Maskieren nötig,2026-05-22,Sofortiger KI-Hintergrundtausch: Kein Maskieren nötig,/.../ai-background-swap-no-masking,CHECK: 9 langs 都创建; 验证每语言版内容是否仍差异化或已退化为 i18n copy
twin-multilang,de,ai-bakery-menu-maker,ai-bakery-menu-maker-de,KI-Bäckerei-Menü-Design: Erstelle Speisekarten & Preise | Lovart,2026-05-22,KI-Bäckerei-Menü-Design: Erstelle Speisekarten & Preise | Lovart,/.../ai-bakery-menu-maker,CHECK: 9 langs 都创建; 验证每语言版内容是否仍差异化或已退化为 i18n copy
twin-multilang,de,ai-brochure-design-tool,ai-brochure-design-tool-de,company 宣传册 设计 | Lovart,2026-07-12,company 宣传册 设计 | Lovart,/.../ai-brochure-design-tool,CHECK: 6 langs 都创建; 验证每语言版内容是否仍差异化或已退化为 i18n copy
twin-multilang,de,ai-carousel-generator,ai-carousel-generator-de,KI-Karussell-Generator: Erstelle nahtlose Social-Media-Slides – Lovart,2026-05-22,KI-Karussell-Generator: Erstelle nahtlose Social-Media-Slides – Lovart,/.../ai-carousel-generator,CHECK: 9 langs 都创建; 验证每语言版内容是否仍差异化或已退化为 i18n copy
twin-multilang,en,ai-company-logo-maker,ai-company-logo-maker-en,Create Your Company Logo with AI in Minutes | Lovart,2026-07-12,Create Your Company Logo with AI in Minutes | Lovart,/.../ai-company-logo-maker,CHECK: 6 langs 都创建; 验证每语言版内容是否仍差异化或已退化为 i18n copy
twin-multilang,de,ai-coupon-ad-generator,ai-coupon-ad-generator-de,KI-Coupon-Anzeigengenerator: Erstelle Rabatt-Anzeigen & Gutscheine | Lovart,2026-05-22,KI-Coupon-Anzeigengenerator: Erstelle Rabatt-Anzeigen & Gutscheine | Lovart,/.../ai-coupon-ad-generator,CHECK: 9 langs 都创建; 验证每语言版内容是否仍差异化或已退化为 i18n copy
twin-multilang,en,ai-design-for-fitness-wellness-hub,ai-design-for-fitness-wellness-hub-en,AI Design Solution for Fitness & Wellness,2026-07-12,AI Design Solution for Fitness & Wellness | Lovart,/.../ai-design-for-fitness-wellness-hub,CHECK: 6 langs 都创建; 验证每语言版内容是否仍差异化或已退化为 i18n copy
twin-multilang,de,ai-design-marketing-agency,ai-design-marketing-agency-de,Deine KI-Design- & Marketing-Agentur: Kampagnen sofort automatisieren,2026-05-22,Deine KI-Design- & Marketing-Agentur: Kampagnen sofort automatisieren,/.../ai-design-marketing-agency,CHECK: 6 langs 都创建; 验证每语言版内容是否仍差异化或已退化为 i18n copy
twin-multilang,en,ai-design-solution-for-creators,ai-design-solution-for-creators-en,AI Design Solution for Creators,2026-07-12,AI Design Solution for Creators | Lovart,/.../ai-design-solution-for-creators,CHECK: 6 langs 都创建; 验证每语言版内容是否仍差异化或已退化为 i18n copy
twin-multilang,en,ai-design-solution-for-marketing-teams,ai-design-solution-for-marketing-teams-en,AI Design Solution for Marketing Teams,2026-07-12,AI Design Solution for Marketing Teams | Lovart,/.../ai-design-solution-for-marketing-teams,CHECK: 9 langs 都创建; 验证每语言版内容是否仍差异化或已退化为 i18n copy
twin-multilang,en,ai-design-solution-for-saas,ai-design-solution-for-saas-en,AI Design Solution for B2B SaaS,2026-07-12,AI Design Solution for B2B SaaS | Lovart,/.../ai-design-solution-for-saas,CHECK: 6 langs 都创建; 验证每语言版内容是否仍差异化或已退化为 i18n copy
twin-multilang,de,ai-facebook-ad-creative-generator,ai-facebook-ad-creative-generator-de,Ai Facebook Ad Creative Generator | Lovart,2026-05-22,Ai Facebook Ad Creative Generator | Lovart,/.../ai-facebook-ad-creative-generator,CHECK: 6 langs 都创建; 验证每语言版内容是否仍差异化或已退化为 i18n copy
twin-multilang,en,ai-facebook-poster-generator,ai-facebook-poster-generator-en,Ai Facebook Poster Generator | Lovart,2026-07-12,Ai Facebook Poster Generator | Lovart,/.../ai-facebook-poster-generator,CHECK: 9 langs 都创建; 验证每语言版内容是否仍差异化或已退化为 i18n copy
twin-multilang,de,ai-giveaway-poster-generator,ai-giveaway-poster-generator-de,KI-Gewinnspiel-Poster: Virale Grafiken erstellen - Lovart,2026-05-22,KI-Gewinnspiel-Poster: Virale Grafiken erstellen - Lovart,/.../ai-giveaway-poster-generator,CHECK: 9 langs 都创建; 验证每语言版内容是否仍差异化或已退化为 i18n copy
twin-multilang,de,ai-google-ads-banner-generator,ai-google-ads-banner-generator-de,google ads 横幅 生成器 | Lovart,2026-07-12,google ads 横幅 生成器 | Lovart,/.../ai-google-ads-banner-generator,CHECK: 6 langs 都创建; 验证每语言版内容是否仍差异化或已退化为 i18n copy
twin-multilang,de,ai-illustration-generator-vector-nano-banana,ai-illustration-generator-vector-nano-banana-de,illustration projects | Lovart,2026-07-12,illustration projects | Lovart,/.../ai-illustration-generator-vector-nano-banana,CHECK: 5 langs 都创建; 验证每语言版内容是否仍差异化或已退化为 i18n copy
twin-multilang,de,ai-instagram-feed-planner,ai-instagram-feed-planner-de,KI-Instagram-Feed-Generator: Plane & gestalte einheitliche Grids | Lovart,2026-05-22,KI-Instagram-Feed-Generator: Plane & gestalte einheitliche Grids | Lovart,/.../ai-instagram-feed-planner,CHECK: 7 langs 都创建; 验证每语言版内容是否仍差异化或已退化为 i18n copy
twin-multilang,de,ai-instagram-post-generator,ai-instagram-post-generator-de,twitter x post 生成器 | Lovart,2026-07-12,twitter x post 生成器 | Lovart,/.../ai-instagram-post-generator,CHECK: 5 langs 都创建; 验证每语言版内容是否仍差异化或已退化为 i18n copy
twin-multilang,de,ai-instagram-post-maker,ai-instagram-post-maker-de,instagram post 制作 | Lovart,2026-07-12,instagram post 制作 | Lovart,/.../ai-instagram-post-maker,CHECK: 6 langs 都创建; 验证每语言版内容是否仍差异化或已退化为 i18n copy
twin-multilang,de,ai-instagram-story-layout-generator,ai-instagram-story-layout-generator-de,KI-Instagram-Story-Generator: Ästhetische Layouts in Sekunden | Lovart,2026-05-22,KI-Instagram-Story-Generator: Ästhetische Layouts in Sekunden | Lovart,/.../ai-instagram-story-layout-generator,CHECK: 7 langs 都创建; 验证每语言版内容是否仍差异化或已退化为 i18n copy
twin-multilang,de,ai-linkedin-infographic-generator-b2b,ai-linkedin-infographic-generator-b2b-de,linkedin 横幅 设计 生成器 | Lovart,2026-07-12,linkedin 横幅 设计 生成器 | Lovart,/.../ai-linkedin-infographic-generator-b2b,CHECK: 6 langs 都创建; 验证每语言版内容是否仍差异化或已退化为 i18n copy
twin-multilang,de,ai-logo-maker-brand-agent,ai-logo-maker-brand-agent-de,标志 制作 品牌 代理 | Lovart,2026-07-12,标志 制作 品牌 代理 | Lovart,/.../ai-logo-maker-brand-agent,CHECK: 5 langs 都创建; 验证每语言版内容是否仍差异化或已退化为 i18n copy
twin-multilang,de,ai-meta-ads-generator,ai-meta-ads-generator-de,KI-Meta-Anzeigengenerator: Erstelle hochkonvertierende Facebook- & Instagram-Cre,2026-05-22,KI-Meta-Anzeigengenerator: Erstelle hochkonvertierende Facebook- & Instagram-Cre,/.../ai-meta-ads-generator,CHECK: 9 langs 都创建; 验证每语言版内容是否仍差异化或已退化为 i18n copy
twin-multilang,de,ai-mockup-generator,ai-mockup-generator-de,KI-Mockup-Generator: Erstelle fotorealistische Produktszenen | Lovart,2026-05-22,KI-Mockup-Generator: Erstelle fotorealistische Produktszenen | Lovart,/.../ai-mockup-generator,CHECK: 10 langs 都创建; 验证每语言版内容是否仍差异化或已退化为 i18n copy
twin-multilang,de,ai-paid-social-ad-generator,ai-paid-social-ad-generator-de,KI-Anzeigengenerator für Social Ads mit hoher CTR | Lovart,2026-05-22,KI-Anzeigengenerator für Social Ads mit hoher CTR | Lovart,/.../ai-paid-social-ad-generator,CHECK: 9 langs 都创建; 验证每语言版内容是否仍差异化或已退化为 i18n copy
twin-multilang,de,ai-pinterest-pin-maker,ai-pinterest-pin-maker-de,KI-Pinterest-Pin-Generator: Erstelle virale Pins sofort | Lovart,2026-05-22,KI-Pinterest-Pin-Generator: Erstelle virale Pins sofort | Lovart,/.../ai-pinterest-pin-maker,CHECK: 9 langs 都创建; 验证每语言版内容是否仍差异化或已退化为 i18n copy
twin-multilang,en,ai-poster-design-agent-nano-banana,ai-poster-design-agent-nano-banana-en,AI Poster Generator: Design Professional Posters with Lovart Agent,2026-07-12,AI Poster Generator: Design Professional Posters with L... | Lovart,/.../ai-poster-design-agent-nano-banana,CHECK: 6 langs 都创建; 验证每语言版内容是否仍差异化或已退化为 i18n copy
twin-multilang,de,ai-poster-generator-illustration-optimization,ai-poster-generator-illustration-optimization-de,facebook 海报 生成器 | Lovart,2026-07-12,facebook 海报 生成器 | Lovart,/.../ai-poster-generator-illustration-optimization,CHECK: 7 langs 都创建; 验证每语言版内容是否仍差异化或已退化为 i18n copy
twin-multilang,de,ai-presentation-slides-generator,ai-presentation-slides-generator-de,KI-Präsentationsfolien-Generator: Pitch Decks erstellen | Lovart,2026-05-22,KI-Präsentationsfolien-Generator: Pitch Decks erstellen | Lovart,/.../ai-presentation-slides-generator,CHECK: 6 langs 都创建; 验证每语言版内容是否仍差异化或已退化为 i18n copy
twin-multilang,de,ai-product-image-generator,ai-product-image-generator-de,KI-Google-Shopping-Feed-Bildgenerator: Erstelle konforme Produktfotos | Lovart,2026-05-22,KI-Google-Shopping-Feed-Bildgenerator: Erstelle konforme Produktfotos | Lovart,/.../ai-product-image-generator,CHECK: 9 langs 都创建; 验证每语言版内容是否仍差异化或已退化为 i18n copy
twin-multilang,de,ai-product-video-seedance,ai-product-video-seedance-de,Verwandle Produktfotos mit Seedance 2.0 in 4K-KI-Videos | Lovart,2026-05-22,Verwandle Produktfotos mit Seedance 2.0 in 4K-KI-Videos | Lovart,/.../ai-product-video-seedance,CHECK: 6 langs 都创建; 验证每语言版内容是否仍差异化或已退化为 i18n copy
twin-multilang,de,ai-promotion-landing-page-generator,ai-promotion-landing-page-generator-de,KI-Promotion-Seiten-Builder | Erstelle verkaufsstarke Sites - Lovart,2026-05-22,KI-Promotion-Seiten-Builder | Erstelle verkaufsstarke Sites - Lovart,/.../ai-promotion-landing-page-generator,CHECK: 7 langs 都创建; 验证每语言版内容是否仍差异化或已退化为 i18n copy
twin-multilang,de,ai-retargeting-ad-generator,ai-retargeting-ad-generator-de,KI-Retargeting-Anzeigen: Verkäufe mit dynamischen Creatives zurückgewinnen | Lov,2026-05-22,KI-Retargeting-Anzeigen: Verkäufe mit dynamischen Creatives zurückgewinnen | Lov,/.../ai-retargeting-ad-generator,CHECK: 9 langs 都创建; 验证每语言版内容是否仍差异化或已退化为 i18n copy
twin-multilang,de,ai-short-video-generator,ai-short-video-generator-de,KI-Kurzvideo-Generator: Virale Shorts & Reels | Lovart,2026-05-22,KI-Kurzvideo-Generator: Virale Shorts & Reels | Lovart,/.../ai-short-video-generator,CHECK: 9 langs 都创建; 验证每语言版内容是否仍差异化或已退化为 i18n copy
twin-multilang,de,ai-social-media-content-generator,ai-social-media-content-generator-de,social media content 生成器 | Lovart,2026-07-12,social media content 生成器 | Lovart,/.../ai-social-media-content-generator,CHECK: 9 langs 都创建; 验证每语言版内容是否仍差异化或已退化为 i18n copy
twin-multilang,de,ai-social-media-post-maker,ai-social-media-post-maker-de,KI-Social-Media-Post-Ersteller: Virale Inhalte & Anzeigen | Lovart,2026-05-22,KI-Social-Media-Post-Ersteller: Virale Inhalte & Anzeigen | Lovart,/.../ai-social-media-post-maker,CHECK: 9 langs 都创建; 验证每语言版内容是否仍差异化或已退化为 i18n copy
twin-multilang,de,ai-subscribe-ad-generator,ai-subscribe-ad-generator-de,KI-Abo-Anzeigengenerator: Designe Pop-ups & Banner | Lovart,2026-05-22,KI-Abo-Anzeigengenerator: Designe Pop-ups & Banner | Lovart,/.../ai-subscribe-ad-generator,CHECK: 7 langs 都创建; 验证每语言版内容是否仍差异化或已退化为 i18n copy
twin-multilang,de,ai-subscription-fatigue-utility,ai-subscription-fatigue-utility-de,Warum Kreative KI-Abos für Lovarts Design-Agent kündigen,2026-05-22,Warum Kreative KI-Abos für Lovarts Design-Agent kündigen,/.../ai-subscription-fatigue-utility,CHECK: 9 langs 都创建; 验证每语言版内容是否仍差异化或已退化为 i18n copy
twin-multilang,en,ai-tiktok-thumbnail-maker,ai-tiktok-thumbnail-maker-en,AI TikTok Thumbnail Maker: Create Viral Covers with High CTR | Lovart,2026-07-12,AI TikTok Thumbnail Maker: Create Viral Covers with High CTR | Lovart,/.../ai-tiktok-thumbnail-maker,CHECK: 5 langs 都创建; 验证每语言版内容是否仍差异化或已退化为 i18n copy
twin-multilang,de,ai-twitter-x-post-generator,ai-twitter-x-post-generator-de,KI-Twitter-Poster | Virale X-Grafiken & Memes – Lovart,2026-05-22,KI-Twitter-Poster | Virale X-Grafiken & Memes – Lovart,/.../ai-twitter-x-post-generator,CHECK: 9 langs 都创建; 验证每语言版内容是否仍差异化或已退化为 i18n copy
twin-multilang,de,ai-video-background-remover,ai-video-background-remover-de,Bester KI-Video-Hintergrundentferner: Hintergründe sofort ändern | Lovart,2026-05-22,Bester KI-Video-Hintergrundentferner: Hintergründe sofort ändern | Lovart,/.../ai-video-background-remover,CHECK: 7 langs 都创建; 验证每语言版内容是否仍差异化或已退化为 i18n copy
twin-multilang,de,ai-video-enhancer-remaster-veo3,ai-video-enhancer-remaster-veo3-de,KI-Video-Remastering: Upscaling & Stiltransfer mit Veo 3 | Lovart,2026-05-22,KI-Video-Remastering: Upscaling & Stiltransfer mit Veo 3 | Lovart,/.../ai-video-enhancer-remaster-veo3,CHECK: 5 langs 都创建; 验证每语言版内容是否仍差异化或已退化为 i18n copy
twin-multilang,fr,ai-video-generator,features-ai-video-generator-fr,"Créez des vidéos IA avec Sora 2, Veo 3 & Kling | Lovart",2026-05-22,"Créez des vidéos IA avec Sora 2, Veo 3 & Kling | Lovart",/.../ai-video-generator,CHECK: 10 langs 都创建; 验证每语言版内容是否仍差异化或已退化为 i18n copy
twin-multilang,de,ai-video-generator-no-templates,ai-video-generator-no-templates-de,KI-Videogenerator: Erstelle eigene Videos aus Text | Lovart,2026-05-22,KI-Videogenerator: Erstelle eigene Videos aus Text | Lovart,/.../ai-video-generator-no-templates,CHECK: 9 langs 都创建; 验证每语言版内容是否仍差异化或已退化为 i18n copy
twin-multilang,de,ai-video-generator-text-to-video,ai-video-generator-text-to-video-de,Kostenloser KI-Videogenerator: Erstelle Kinofilme aus Text & Bild | Lovart,2026-05-22,Kostenloser KI-Videogenerator: Erstelle Kinofilme aus Text & Bild | Lovart,/.../ai-video-generator-text-to-video,CHECK: 9 langs 都创建; 验证每语言版内容是否仍差异化或已退化为 i18n copy
twin-multilang,de,ai-video-generator-tools,ai-video-generator-tools-de,"KI-Videogenerator: Erstelle mit Sora 2, Veo 3 & Kling | Lovart",2026-05-22,"KI-Videogenerator: Erstelle mit Sora 2, Veo 3 & Kling | Lovart",/.../ai-video-generator-tools,CHECK: 7 langs 都创建; 验证每语言版内容是否仍差异化或已退化为 i18n copy
twin-multilang,de,ai-video-generator-workflow-by-lovart,ai-video-generator-workflow-by-lovart-de,Meistere den ultimativen KI-Video-Workflow: Vom Skript zum Bildschirm,2026-05-22,Meistere den ultimativen KI-Video-Workflow: Vom Skript zum Bildschirm,/.../ai-video-generator-workflow-by-lovart,CHECK: 7 langs 都创建; 验证每语言版内容是否仍差异化或已退化为 i18n copy
twin-multilang,en,ai-video-generator-workflow,ai-video-generator-workflow-en,"AI Video Generator: Create Cinematic Videos with Sora 2, Veo 3 & Kling | Lovart",2026-07-12,"AI Video Generator — Sora 2, Veo 3 & Kling | Lovart",/.../ai-video-generator-workflow,CHECK: 6 langs 都创建; 验证每语言版内容是否仍差异化或已退化为 i18n copy
twin-multilang,de,ai-video-prompt-generator-veo-sora,ai-video-prompt-generator-veo-sora-de,视频 prompt 生成器 veo sora | Lovart,2026-07-12,视频 prompt 生成器 veo sora | Lovart,/.../ai-video-prompt-generator-veo-sora,CHECK: 6 langs 都创建; 验证每语言版内容是否仍差异化或已退化为 i18n copy
twin-multilang,de,ai-youtube-banner-maker,ai-youtube-banner-maker-de,设计 viral youtube thumbnails | Lovart,2026-07-12,设计 viral youtube thumbnails | Lovart,/.../ai-youtube-banner-maker,CHECK: 7 langs 都创建; 验证每语言版内容是否仍差异化或已退化为 i18n copy
twin-multilang,ja,album-cover-design,features-album-cover-design-ja,ミュージシャン向けAIアルバムデザイン,2026-05-22,ミュージシャン向けAIアルバムデザイン,/.../album-cover-design,CHECK: 8 langs 都创建; 验证每语言版内容是否仍差异化或已退化为 i18n copy
twin-multilang,de,all-in-one-ai-models,all-in-one-ai-models-de,"All-in-One-KI-Studio: Zugriff auf Flux, Veo 3, Kling & Nano Banana | Lovart",2026-05-22,"All-in-One-KI-Studio: Zugriff auf Flux, Veo 3, Kling & Nano Banana | Lovart",/.../all-in-one-ai-models,CHECK: 9 langs 都创建; 验证每语言版内容是否仍差异化或已退化为 i18n copy
twin-multilang,de,amazon-listing-design-optimization,amazon-listing-design-optimization-de,KI-Design für Amazon: Bilder & Listings optimieren,2026-05-22,KI-Design für Amazon: Bilder & Listings optimieren,/.../amazon-listing-design-optimization,CHECK: 9 langs 都创建; 验证每语言版内容是否仍差异化或已退化为 i18n copy
twin-multilang,de,amazon-listing-image-generator,amazon-listing-image-generator-de,Bester KI-Amazon-Listing-Bildgenerator,2026-05-22,Bester KI-Amazon-Listing-Bildgenerator,/.../amazon-listing-image-generator,CHECK: 7 langs 都创建; 验证每语言版内容是否仍差异化或已退化为 i18n copy
twin-multilang,de,anniversary-card-design,anniversary-card-design-de,KI-Jubiläumskarten-Generator für Paare & Familien,2026-05-22,KI-Jubiläumskarten-Generator für Paare & Familien,/.../anniversary-card-design,CHECK: 9 langs 都创建; 验证每语言版内容是否仍差异化或已退化为 i18n copy
twin-multilang,ja,baby-shower-invitation-design,features-baby-shower-invitation-design-ja,プロが作る簡単ベビーシャワー招待状,2026-05-22,プロが作る簡単ベビーシャワー招待状,/.../baby-shower-invitation-design,CHECK: 9 langs 都创建; 验证每语言版内容是否仍差异化或已退化为 i18n copy
twin-multilang,de,bakery-menu-design,bakery-menu-design-de,"Bäckerei-Menü-Design, das Kunden nach deinen Backwaren verlangen lässt | Lovart ",2026-05-22,"Bäckerei-Menü-Design, das Kunden nach deinen Backwaren verlangen lässt | Lovart ",/.../bakery-menu-design,CHECK: 7 langs 都创建; 验证每语言版内容是否仍差异化或已退化为 i18n copy
twin-multilang,de,bar-menu-design,bar-menu-design-de,"Cocktailkarten-Design mit KI, das den Durchschnittsbon in Bars & Restaurants ste",2026-05-22,"Cocktailkarten-Design mit KI, das den Durchschnittsbon in Bars & Restaurants ste",/.../bar-menu-design,CHECK: 9 langs 都创建; 验证每语言版内容是否仍差异化或已退化为 i18n copy
twin-multilang,de,best-ai-image-generator-2026,best-ai-image-generator-2026-de,"Bester KI-Bildgenerator 2026: Nano Banana, Flux & mehr | Lovart",2026-05-22,"Bester KI-Bildgenerator 2026: Nano Banana, Flux & mehr | Lovart",/.../best-ai-image-generator-2026,CHECK: 9 langs 都创建; 验证每语言版内容是否仍差异化或已退化为 i18n copy
twin-multilang,ja,birthday-invitation-design,features-birthday-invitation-design-ja,AIで作る心に残る誕生日招待状,2026-05-22,AIで作る心に残る誕生日招待状,/.../birthday-invitation-design,CHECK: 6 langs 都创建; 验证每语言版内容是否仍差异化或已退化为 i18n copy
twin-multilang,de,blog-post-to-instagram-ai-repurposing,blog-post-to-instagram-ai-repurposing-de,Blogbeiträge in Sekunden zu Instagram-Karussells umwandeln | Lovart KI,2026-05-22,Blogbeiträge in Sekunden zu Instagram-Karussells umwandeln | Lovart KI,/.../blog-post-to-instagram-ai-repurposing,CHECK: 8 langs 都创建; 验证每语言版内容是否仍差异化或已退化为 i18n copy
twin-multilang,de,book-cover-design,book-cover-design-de,KI-Buchcover-Generator | Lovart Design für Print & E-Book,2026-05-22,KI-Buchcover-Generator | Lovart Design für Print & E-Book,/.../book-cover-design,CHECK: 9 langs 都创建; 验证每语言版内容是否仍差异化或已退化为 i18n copy
twin-multilang,en,brand-hashtag-visual-generator,brand-hashtag-visual-generator-en,AI Brand Hashtag Visual Generator: Create Viral Social Cards | Lovart,2026-07-12,AI Brand Hashtag Visual Generator: Create Viral Social Cards | Lovart,/.../brand-hashtag-visual-generator,CHECK: 5 langs 都创建; 验证每语言版内容是否仍差异化或已退化为 i18n copy
twin-multilang,en,cafe-menu-design,cafe-menu-design-en,Professional Cafe Menu Design for Coffee Shops & Bakeries | Custom Beverage Menu,2026-07-12,AI Cafe Menu Design for Coffee Shops | Lovart,/.../cafe-menu-design,CHECK: 5 langs 都创建; 验证每语言版内容是否仍差异化或已退化为 i18n copy
twin-multilang,ja,catering-menu-design,features-catering-menu-design-ja,イベント予約増加のための特注メニュー設計,2026-05-22,イベント予約増加のための特注メニュー設計,/.../catering-menu-design,CHECK: 6 langs 都创建; 验证每语言版内容是否仍差异化或已退化为 i18n copy
twin-multilang,en,certificate-design,certificate-design-en,Create Professional Award Certificates in Minutes | AI Certificate Design for Or,2026-07-12,AI Certificate Maker — Award Certificates | Lovart,/.../certificate-design,CHECK: 6 langs 都创建; 验证每语言版内容是否仍差异化或已退化为 i18n copy
twin-multilang,de,change-video-background,change-video-background-de,Hintergrund mit KI ändern | Szenenwechsel | Lovart,2026-05-22,Hintergrund mit KI ändern | Szenenwechsel | Lovart,/.../change-video-background,CHECK: 7 langs 都创建; 验证每语言版内容是否仍差异化或已退化为 i18n copy
twin-multilang,ja,chef-business-card-design,features-chef-business-card-design-ja,料理人の個性を引き出す名刺デザイン,2026-05-22,料理人の個性を引き出す名刺デザイン,/.../chef-business-card-design,CHECK: 6 langs 都创建; 验证每语言版内容是否仍差异化或已退化为 i18n copy
twin-multilang,de,classroom-poster-design,classroom-poster-design-de,KI-Poster-Gestalter für Lehrer | Mehr Lernspaß – Lovart,2026-05-22,KI-Poster-Gestalter für Lehrer | Mehr Lernspaß – Lovart,/.../classroom-poster-design,CHECK: 9 langs 都创建; 验证每语言版内容是否仍差异化或已退化为 i18n copy
twin-multilang,de,company-brochure-design,company-brochure-design-de,company 宣传册 设计 | Lovart,2026-07-12,company 宣传册 设计 | Lovart,/.../company-brochure-design,CHECK: 5 langs 都创建; 验证每语言版内容是否仍差异化或已退化为 i18n copy
twin-multilang,en,brochure-design,composite-brochure-design-en,Professional Brochure Design Made Simple — AI Brochure Maker by Lovart,2026-07-12,Professional Brochure Design Made Simple — AI Brochure ... | Lovart,/.../brochure-design,CHECK: 7 langs 都创建; 验证每语言版内容是否仍差异化或已退化为 i18n copy
twin-multilang,ja,concert-poster-design,features-concert-poster-design-ja,プロのコンサートポスター、簡単デザイン,2026-05-22,プロのコンサートポスター、簡単デザイン,/.../concert-poster-design,CHECK: 7 langs 都创建; 验证每语言版内容是否仍差异化或已退化为 i18n copy
twin-multilang,de,create-editable-brand-kit-ai-agent,create-editable-brand-kit-ai-agent-de,So erstellst du in Sekunden ein editierbares Brand Kit mit Lovart KI-Design-Agen,2026-05-22,So erstellst du in Sekunden ein editierbares Brand Kit mit Lovart KI-Design-Agen,/.../create-editable-brand-kit-ai-agent,CHECK: 9 langs 都创建; 验证每语言版内容是否仍差异化或已退化为 i18n copy
twin-multilang,de,create-mockups-with-brand-kit-ai,create-mockups-with-brand-kit-ai-de,So erstellst du realistische Mockups mit deinem Brand Kit in Lovart,2026-05-22,So erstellst du realistische Mockups mit deinem Brand Kit in Lovart,/.../create-mockups-with-brand-kit-ai,CHECK: 9 langs 都创建; 验证每语言版内容是否仍差异化或已退化为 i18n copy
twin-multilang,de,custom-business-flyer-design,custom-business-flyer-design-de,custom 商务 flyer 设计 | Lovart,2026-07-12,custom 商务 flyer 设计 | Lovart,/.../custom-business-flyer-design,CHECK: 7 langs 都创建; 验证每语言版内容是否仍差异化或已退化为 i18n copy
twin-multilang,de,cv-template-design,cv-template-design-de,Professionelles CV-Design mit KI für akademische & internationale Karrieren,2026-05-22,Professionelles CV-Design mit KI für akademische & internationale Karrieren,/.../cv-template-design,CHECK: 7 langs 都创建; 验证每语言版内容是否仍差异化或已退化为 i18n copy
twin-multilang,de,design-viral-youtube-thumbnails-ai-by-lovart,design-viral-youtube-thumbnails-ai-by-lovart-de,KI-YouTube-Thumbnails designen: CTR sofort steigern | Lovart,2026-05-22,KI-YouTube-Thumbnails designen: CTR sofort steigern | Lovart,/.../design-viral-youtube-thumbnails-ai-by-lovart,CHECK: 9 langs 都创建; 验证每语言版内容是否仍差异化或已退化为 i18n copy
twin-multilang,de,design-viral-youtube-thumbnails-ai,design-viral-youtube-thumbnails-ai-de,Erstelle virale YouTube-Thumbnails mit KI | Lovart,2026-05-22,Erstelle virale YouTube-Thumbnails mit KI | Lovart,/.../design-viral-youtube-thumbnails-ai,CHECK: 7 langs 都创建; 验证每语言版内容是否仍差异化或已退化为 i18n copy
twin-multilang,de,discount-banner-design,discount-banner-design-de,KI‑Discount‑Banner: Hohe Conversion,2026-05-22,KI‑Discount‑Banner: Hohe Conversion,/.../discount-banner-design,CHECK: 9 langs 都创建; 验证每语言版内容是否仍差异化或已退化为 i18n copy
twin-multilang,en,ai-image-generator-landing-trial-now,draft-ai-image-generator-landing-trial-now-en,Ai Image Generator Landing Trial Now | Lovart,2026-07-12,Ai Image Generator Landing Trial Now | Lovart,/.../ai-image-generator-landing-trial-now,CHECK: 5 langs 都创建; 验证每语言版内容是否仍差异化或已退化为 i18n copy
twin-multilang,en,ai-logo-generator-landing-trial-now,draft-ai-logo-generator-landing-trial-now-en,Ai Logo Generator Landing Trial Now | Lovart,2026-07-12,Ai Logo Generator Landing Trial Now | Lovart,/.../ai-logo-generator-landing-trial-now,CHECK: 7 langs 都创建; 验证每语言版内容是否仍差异化或已退化为 i18n copy
twin-multilang,en,background-remover-landing-trial-now,draft-background-remover-landing-trial-now-en,Background Remover Landing Trial Now | Lovart,2026-07-12,Background Remover Landing Trial Now | Lovart,/.../background-remover-landing-trial-now,CHECK: 9 langs 都创建; 验证每语言版内容是否仍差异化或已退化为 i18n copy
twin-multilang,en,hailuo-ai-video-generator-landing-trial-now,draft-hailuo-ai-video-generator-landing-trial-now-en,Hailuo Ai Video Generator Landing Trial Now | Lovart,2026-07-12,Hailuo Ai Video Generator Landing Trial Now | Lovart,/.../hailuo-ai-video-generator-landing-trial-now,CHECK: 7 langs 都创建; 验证每语言版内容是否仍差异化或已退化为 i18n copy
twin-multilang,en,midjourney-image-generation-landing-trial-now,draft-midjourney-image-generation-landing-trial-now-en,Midjourney Image Generation Landing Trial Now | Lovart,2026-07-12,Midjourney Image Generation Landing Trial Now | Lovart,/.../midjourney-image-generation-landing-trial-now,CHECK: 6 langs 都创建; 验证每语言版内容是否仍差异化或已退化为 i18n copy
twin-multilang,en,seedance-video-generation-landing-trial-now,draft-seedance-video-generation-landing-trial-now-en,Seedance Video Generation Landing Trial Now | Lovart,2026-07-12,Seedance Video Generation Landing Trial Now | Lovart,/.../seedance-video-generation-landing-trial-now,CHECK: 8 langs 都创建; 验证每语言版内容是否仍差异化或已退化为 i18n copy
twin-multilang,en,seedream-image-generation-landing-trial-now,draft-seedream-image-generation-landing-trial-now-en,Seedream Image Generation Landing Trial Now | Lovart,2026-07-12,Seedream Image Generation Landing Trial Now | Lovart,/.../seedream-image-generation-landing-trial-now,CHECK: 6 langs 都创建; 验证每语言版内容是否仍差异化或已退化为 i18n copy
twin-multilang,en,sora-video-generation-landing-trial-now,draft-sora-video-generation-landing-trial-now-en,Sora Video Generation Landing Trial Now | Lovart,2026-07-12,Sora Video Generation Landing Trial Now | Lovart,/.../sora-video-generation-landing-trial-now,CHECK: 7 langs 都创建; 验证每语言版内容是否仍差异化或已退化为 i18n copy
twin-multilang,en,talking-avatar-landing-trial-now,draft-talking-avatar-landing-trial-now-en,Talking Avatar Landing Trial Now | Lovart,2026-07-12,Talking Avatar Landing Trial Now | Lovart,/.../talking-avatar-landing-trial-now,CHECK: 6 langs 都创建; 验证每语言版内容是否仍差异化或已退化为 i18n copy
twin-multilang,en,text-to-image-landing-trial-now,draft-text-to-image-landing-trial-now-en,Text To Image Landing Trial Now | Lovart,2026-07-12,Text To Image Landing Trial Now | Lovart,/.../text-to-image-landing-trial-now,CHECK: 8 langs 都创建; 验证每语言版内容是否仍差异化或已退化为 i18n copy
twin-multilang,en,draft-brand-manager-scenarios-b,drafts.draft-brand-manager-scenarios-b-en,Draft Brand Manager Scenarios B | Lovart,2026-07-12,Draft Brand Manager Scenarios B | Lovart,/.../draft-brand-manager-scenarios-b,CHECK: 8 langs 都创建; 验证每语言版内容是否仍差异化或已退化为 i18n copy
twin-multilang,en,draft-brand-manager-scenarios-blog,drafts.draft-brand-manager-scenarios-blog-en,Draft Brand Manager Scenarios Blog | Lovart,2026-07-12,Draft Brand Manager Scenarios Blog | Lovart,/.../draft-brand-manager-scenarios-blog,CHECK: 6 langs 都创建; 验证每语言版内容是否仍差异化或已退化为 i18n copy
twin-multilang,en,draft-brand-manager-scenarios-portrait,drafts.draft-brand-manager-scenarios-portrait-en,Draft Brand Manager Scenarios Portrait | Lovart,2026-07-12,Draft Brand Manager Scenarios Portrait | Lovart,/.../draft-brand-manager-scenarios-portrait,CHECK: 6 langs 都创建; 验证每语言版内容是否仍差异化或已退化为 i18n copy
twin-multilang,en,draft-brand-manager-scenarios-reviews4,drafts.draft-brand-manager-scenarios-reviews4-en,Draft Brand Manager Scenarios Reviews4 | Lovart,2026-07-12,Draft Brand Manager Scenarios Reviews4 | Lovart,/.../draft-brand-manager-scenarios-reviews4,CHECK: 7 langs 都创建; 验证每语言版内容是否仍差异化或已退化为 i18n copy
twin-multilang,en,draft-brand-manager-scenarios-vertical,drafts.draft-brand-manager-scenarios-vertical-en,Draft Brand Manager Scenarios Vertical | Lovart,2026-07-12,Draft Brand Manager Scenarios Vertical | Lovart,/.../draft-brand-manager-scenarios-vertical,CHECK: 6 langs 都创建; 验证每语言版内容是否仍差异化或已退化为 i18n copy
twin-multilang,en,draft-ecommerce-operator-scenarios-b,drafts.draft-ecommerce-operator-scenarios-b-en,Draft Ecommerce Operator Scenarios B | Lovart,2026-07-12,Draft Ecommerce Operator Scenarios B | Lovart,/.../draft-ecommerce-operator-scenarios-b,CHECK: 6 langs 都创建; 验证每语言版内容是否仍差异化或已退化为 i18n copy
twin-multilang,en,draft-ecommerce-operator-scenarios-before-after,drafts.draft-ecommerce-operator-scenarios-before-after-en,Draft Ecommerce Operator Scenarios Before After | Lovart,2026-07-12,Draft Ecommerce Operator Scenarios Before After | Lovart,/.../draft-ecommerce-operator-scenarios-before-after,CHECK: 5 langs 都创建; 验证每语言版内容是否仍差异化或已退化为 i18n copy
twin-multilang,en,draft-ecommerce-operator-scenarios-blog,drafts.draft-ecommerce-operator-scenarios-blog-en,Draft Ecommerce Operator Scenarios Blog | Lovart,2026-07-12,Draft Ecommerce Operator Scenarios Blog | Lovart,/.../draft-ecommerce-operator-scenarios-blog,CHECK: 9 langs 都创建; 验证每语言版内容是否仍差异化或已退化为 i18n copy
twin-multilang,en,draft-ecommerce-operator-scenarios-cinematic,drafts.draft-ecommerce-operator-scenarios-cinematic-en,Draft Ecommerce Operator Scenarios Cinematic | Lovart,2026-07-12,Draft Ecommerce Operator Scenarios Cinematic | Lovart,/.../draft-ecommerce-operator-scenarios-cinematic,CHECK: 8 langs 都创建; 验证每语言版内容是否仍差异化或已退化为 i18n copy
twin-multilang,en,draft-ecommerce-operator-scenarios-portrait,drafts.draft-ecommerce-operator-scenarios-portrait-en,Draft Ecommerce Operator Scenarios Portrait | Lovart,2026-07-12,Draft Ecommerce Operator Scenarios Portrait | Lovart,/.../draft-ecommerce-operator-scenarios-portrait,CHECK: 7 langs 都创建; 验证每语言版内容是否仍差异化或已退化为 i18n copy
twin-multilang,en,draft-ecommerce-operator-scenarios-reviews4,drafts.draft-ecommerce-operator-scenarios-reviews4-en,Draft Ecommerce Operator Scenarios Reviews4 | Lovart,2026-07-12,Draft Ecommerce Operator Scenarios Reviews4 | Lovart,/.../draft-ecommerce-operator-scenarios-reviews4,CHECK: 5 langs 都创建; 验证每语言版内容是否仍差异化或已退化为 i18n copy
twin-multilang,en,draft-ecommerce-operator-scenarios-showcase,drafts.draft-ecommerce-operator-scenarios-showcase-en,Draft Ecommerce Operator Scenarios Showcase | Lovart,2026-07-12,Draft Ecommerce Operator Scenarios Showcase | Lovart,/.../draft-ecommerce-operator-scenarios-showcase,CHECK: 6 langs 都创建; 验证每语言版内容是否仍差异化或已退化为 i18n copy
twin-multilang,en,draft-ecommerce-operator-scenarios-stacked,drafts.draft-ecommerce-operator-scenarios-stacked-en,Draft Ecommerce Operator Scenarios Stacked | Lovart,2026-07-12,Draft Ecommerce Operator Scenarios Stacked | Lovart,/.../draft-ecommerce-operator-scenarios-stacked,CHECK: 6 langs 都创建; 验证每语言版内容是否仍差异化或已退化为 i18n copy
twin-multilang,en,draft-ecommerce-operator-scenarios-testimonial,drafts.draft-ecommerce-operator-scenarios-testimonial-en,Draft Ecommerce Operator Scenarios Testimonial | Lovart,2026-07-12,Draft Ecommerce Operator Scenarios Testimonial | Lovart,/.../draft-ecommerce-operator-scenarios-testimonial,CHECK: 6 langs 都创建; 验证每语言版内容是否仍差异化或已退化为 i18n copy
twin-multilang,en,draft-freelance-designer-scenarios-before-after,drafts.draft-freelance-designer-scenarios-before-after-en,Draft Freelance Designer Scenarios Before After | Lovart,2026-07-12,Draft Freelance Designer Scenarios Before After | Lovart,/.../draft-freelance-designer-scenarios-before-after,CHECK: 7 langs 都创建; 验证每语言版内容是否仍差异化或已退化为 i18n copy
twin-multilang,en,draft-freelance-designer-scenarios-bento2,drafts.draft-freelance-designer-scenarios-bento2-en,Draft Freelance Designer Scenarios Bento2 | Lovart,2026-07-12,Draft Freelance Designer Scenarios Bento2 | Lovart,/.../draft-freelance-designer-scenarios-bento2,CHECK: 8 langs 都创建; 验证每语言版内容是否仍差异化或已退化为 i18n copy
twin-multilang,en,draft-freelance-designer-scenarios-bento6,drafts.draft-freelance-designer-scenarios-bento6-en,Draft Freelance Designer Scenarios Bento6 | Lovart,2026-07-12,Draft Freelance Designer Scenarios Bento6 | Lovart,/.../draft-freelance-designer-scenarios-bento6,CHECK: 9 langs 都创建; 验证每语言版内容是否仍差异化或已退化为 i18n copy
twin-multilang,en,draft-freelance-designer-scenarios-blog,drafts.draft-freelance-designer-scenarios-blog-en,Draft Freelance Designer Scenarios Blog | Lovart,2026-07-12,Draft Freelance Designer Scenarios Blog | Lovart,/.../draft-freelance-designer-scenarios-blog,CHECK: 6 langs 都创建; 验证每语言版内容是否仍差异化或已退化为 i18n copy
twin-multilang,en,draft-freelance-designer-scenarios-cinematic,drafts.draft-freelance-designer-scenarios-cinematic-en,Draft Freelance Designer Scenarios Cinematic | Lovart,2026-07-12,Draft Freelance Designer Scenarios Cinematic | Lovart,/.../draft-freelance-designer-scenarios-cinematic,CHECK: 7 langs 都创建; 验证每语言版内容是否仍差异化或已退化为 i18n copy
twin-multilang,en,draft-freelance-designer-scenarios-portrait,drafts.draft-freelance-designer-scenarios-portrait-en,Draft Freelance Designer Scenarios Portrait | Lovart,2026-07-12,Draft Freelance Designer Scenarios Portrait | Lovart,/.../draft-freelance-designer-scenarios-portrait,CHECK: 7 langs 都创建; 验证每语言版内容是否仍差异化或已退化为 i18n copy
twin-multilang,en,draft-freelance-designer-scenarios-stacked,drafts.draft-freelance-designer-scenarios-stacked-en,Draft Freelance Designer Scenarios Stacked | Lovart,2026-07-12,Draft Freelance Designer Scenarios Stacked | Lovart,/.../draft-freelance-designer-scenarios-stacked,CHECK: 8 langs 都创建; 验证每语言版内容是否仍差异化或已退化为 i18n copy
twin-multilang,en,draft-freelance-designer-scenarios-vertical,drafts.draft-freelance-designer-scenarios-vertical-en,Draft Freelance Designer Scenarios Vertical | Lovart,2026-07-12,Draft Freelance Designer Scenarios Vertical | Lovart,/.../draft-freelance-designer-scenarios-vertical,CHECK: 6 langs 都创建; 验证每语言版内容是否仍差异化或已退化为 i18n copy
twin-multilang,en,draft-marketing-director-scenarios-a,drafts.draft-marketing-director-scenarios-a-en,Draft Marketing Director Scenarios A | Lovart,2026-07-12,Draft Marketing Director Scenarios A | Lovart,/.../draft-marketing-director-scenarios-a,CHECK: 7 langs 都创建; 验证每语言版内容是否仍差异化或已退化为 i18n copy
twin-multilang,en,draft-marketing-director-scenarios-before-after,drafts.draft-marketing-director-scenarios-before-after-en,Draft Marketing Director Scenarios Before After | Lovart,2026-07-12,Draft Marketing Director Scenarios Before After | Lovart,/.../draft-marketing-director-scenarios-before-after,CHECK: 5 langs 都创建; 验证每语言版内容是否仍差异化或已退化为 i18n copy
twin-multilang,en,draft-marketing-director-scenarios-bento2,drafts.draft-marketing-director-scenarios-bento2-en,Draft Marketing Director Scenarios Bento2 | Lovart,2026-07-12,Draft Marketing Director Scenarios Bento2 | Lovart,/.../draft-marketing-director-scenarios-bento2,CHECK: 8 langs 都创建; 验证每语言版内容是否仍差异化或已退化为 i18n copy
twin-multilang,en,draft-marketing-director-scenarios-blog,drafts.draft-marketing-director-scenarios-blog-en,Draft Marketing Director Scenarios Blog | Lovart,2026-07-12,Draft Marketing Director Scenarios Blog | Lovart,/.../draft-marketing-director-scenarios-blog,CHECK: 6 langs 都创建; 验证每语言版内容是否仍差异化或已退化为 i18n copy
twin-multilang,en,draft-marketing-director-scenarios-journey,drafts.draft-marketing-director-scenarios-journey-en,Draft Marketing Director Scenarios Journey | Lovart,2026-07-12,Draft Marketing Director Scenarios Journey | Lovart,/.../draft-marketing-director-scenarios-journey,CHECK: 5 langs 都创建; 验证每语言版内容是否仍差异化或已退化为 i18n copy
twin-multilang,en,draft-marketing-director-scenarios-reviews4,drafts.draft-marketing-director-scenarios-reviews4-en,Draft Marketing Director Scenarios Reviews4 | Lovart,2026-07-12,Draft Marketing Director Scenarios Reviews4 | Lovart,/.../draft-marketing-director-scenarios-reviews4,CHECK: 8 langs 都创建; 验证每语言版内容是否仍差异化或已退化为 i18n copy
twin-multilang,en,draft-marketing-director-scenarios-showcase,drafts.draft-marketing-director-scenarios-showcase-en,Draft Marketing Director Scenarios Showcase | Lovart,2026-07-12,Draft Marketing Director Scenarios Showcase | Lovart,/.../draft-marketing-director-scenarios-showcase,CHECK: 8 langs 都创建; 验证每语言版内容是否仍差异化或已退化为 i18n copy
twin-multilang,en,draft-marketing-director-scenarios-vertical,drafts.draft-marketing-director-scenarios-vertical-en,Draft Marketing Director Scenarios Vertical | Lovart,2026-07-12,Draft Marketing Director Scenarios Vertical | Lovart,/.../draft-marketing-director-scenarios-vertical,CHECK: 6 langs 都创建; 验证每语言版内容是否仍差异化或已退化为 i18n copy
twin-multilang,en,draft-social-media-manager-scenarios-b,drafts.draft-social-media-manager-scenarios-b-en,Draft Social Media Manager Scenarios B | Lovart,2026-07-12,Draft Social Media Manager Scenarios B | Lovart,/.../draft-social-media-manager-scenarios-b,CHECK: 5 langs 都创建; 验证每语言版内容是否仍差异化或已退化为 i18n copy
twin-multilang,en,draft-social-media-manager-scenarios-before-after,drafts.draft-social-media-manager-scenarios-before-after-en,Draft Social Media Manager Scenarios Before After | Lovart,2026-07-12,Draft Social Media Manager Scenarios Before After | Lovart,/.../draft-social-media-manager-scenarios-before-after,CHECK: 8 langs 都创建; 验证每语言版内容是否仍差异化或已退化为 i18n copy
twin-multilang,en,draft-social-media-manager-scenarios-blog,drafts.draft-social-media-manager-scenarios-blog-en,Draft Social Media Manager Scenarios Blog | Lovart,2026-07-12,Draft Social Media Manager Scenarios Blog | Lovart,/.../draft-social-media-manager-scenarios-blog,CHECK: 6 langs 都创建; 验证每语言版内容是否仍差异化或已退化为 i18n copy
twin-multilang,en,draft-social-media-manager-scenarios-cinematic,drafts.draft-social-media-manager-scenarios-cinematic-en,Draft Social Media Manager Scenarios Cinematic | Lovart,2026-07-12,Draft Social Media Manager Scenarios Cinematic | Lovart,/.../draft-social-media-manager-scenarios-cinematic,CHECK: 8 langs 都创建; 验证每语言版内容是否仍差异化或已退化为 i18n copy
twin-multilang,en,draft-social-media-manager-scenarios-journey,drafts.draft-social-media-manager-scenarios-journey-en,Draft Social Media Manager Scenarios Journey | Lovart,2026-07-12,Draft Social Media Manager Scenarios Journey | Lovart,/.../draft-social-media-manager-scenarios-journey,CHECK: 5 langs 都创建; 验证每语言版内容是否仍差异化或已退化为 i18n copy
twin-multilang,en,draft-social-media-manager-scenarios-portrait,drafts.draft-social-media-manager-scenarios-portrait-en,Draft Social Media Manager Scenarios Portrait | Lovart,2026-07-12,Draft Social Media Manager Scenarios Portrait | Lovart,/.../draft-social-media-manager-scenarios-portrait,CHECK: 5 langs 都创建; 验证每语言版内容是否仍差异化或已退化为 i18n copy
twin-multilang,en,draft-social-media-manager-scenarios-stacked,drafts.draft-social-media-manager-scenarios-stacked-en,Draft Social Media Manager Scenarios Stacked | Lovart,2026-07-12,Draft Social Media Manager Scenarios Stacked | Lovart,/.../draft-social-media-manager-scenarios-stacked,CHECK: 8 langs 都创建; 验证每语言版内容是否仍差异化或已退化为 i18n copy
twin-multilang,en,draft-social-media-manager-scenarios-testimonial,drafts.draft-social-media-manager-scenarios-testimonial-en,Draft Social Media Manager Scenarios Testimonial | Lovart,2026-07-12,Draft Social Media Manager Scenarios Testimonial | Lovart,/.../draft-social-media-manager-scenarios-testimonial,CHECK: 7 langs 都创建; 验证每语言版内容是否仍差异化或已退化为 i18n copy
twin-multilang,en,draft-social-media-manager-scenarios-vertical,drafts.draft-social-media-manager-scenarios-vertical-en,Draft Social Media Manager Scenarios Vertical | Lovart,2026-07-12,Draft Social Media Manager Scenarios Vertical | Lovart,/.../draft-social-media-manager-scenarios-vertical,CHECK: 5 langs 都创建; 验证每语言版内容是否仍差异化或已退化为 i18n copy
twin-multilang,en,restaurant_menu_design,drafts.features-restaurant_menu_design-en,Professional Restaurant Menu Design Made Simple,2026-07-12,AI Restaurant Menu Design — Professional Menus in Minutes | Lovart,/.../restaurant_menu_design,CHECK: 5 langs 都创建; 验证每语言版内容是否仍差异化或已退化为 i18n copy
twin-multilang,de,draft-brand-manager-scenarios-bento2,drafts.scenarios-draft-brand-manager-scenarios-bento2-de,AI Design for Brand Managers — 双成果聚焦 | Lovart,2026-07-12,AI Design for Brand Managers — 双成果聚焦 | Lovart,/.../draft-brand-manager-scenarios-bento2,CHECK: 5 langs 都创建; 验证每语言版内容是否仍差异化或已退化为 i18n copy
twin-multilang,de,draft-brand-manager-scenarios-cinematic,drafts.scenarios-draft-brand-manager-scenarios-cinematic-de,AI Design for Brand Managers — 影院首屏 | Lovart,2026-07-12,AI Design for Brand Managers — 影院首屏 | Lovart,/.../draft-brand-manager-scenarios-cinematic,CHECK: 6 langs 都创建; 验证每语言版内容是否仍差异化或已退化为 i18n copy
twin-multilang,fr,draft-brand-manager-scenarios-journey,drafts.scenarios-draft-brand-manager-scenarios-journey-fr,AI Design for Brand Managers — 旅程首屏 | Lovart,2026-07-12,AI Design for Brand Managers — 旅程首屏 | Lovart,/.../draft-brand-manager-scenarios-journey,CHECK: 7 langs 都创建; 验证每语言版内容是否仍差异化或已退化为 i18n copy
twin-multilang,de,draft-brand-manager-scenarios-showcase,drafts.scenarios-draft-brand-manager-scenarios-showcase-de,AI Design for Brand Managers — 案例横滑 | Lovart,2026-07-12,AI Design for Brand Managers — 案例横滑 | Lovart,/.../draft-brand-manager-scenarios-showcase,CHECK: 6 langs 都创建; 验证每语言版内容是否仍差异化或已退化为 i18n copy
twin-multilang,de,draft-brand-manager-scenarios-stacked,drafts.scenarios-draft-brand-manager-scenarios-stacked-de,AI Design for Brand Managers — 案例纵叠 | Lovart,2026-07-12,AI Design for Brand Managers — 案例纵叠 | Lovart,/.../draft-brand-manager-scenarios-stacked,CHECK: 7 langs 都创建; 验证每语言版内容是否仍差异化或已退化为 i18n copy
twin-multilang,de,draft-brand-manager-scenarios-testimonial,drafts.scenarios-draft-brand-manager-scenarios-testimonial-de,AI Design for Brand Managers — 叙事证言 | Lovart,2026-07-12,AI Design for Brand Managers — 叙事证言 | Lovart,/.../draft-brand-manager-scenarios-testimonial,CHECK: 7 langs 都创建; 验证每语言版内容是否仍差异化或已退化为 i18n copy
twin-multilang,de,draft-ecommerce-operator-scenarios-bento2,drafts.scenarios-draft-ecommerce-operator-scenarios-bento2-de,AI Design for E-Commerce Operators — 双成果聚焦 | Lovart,2026-07-12,AI Design for E-Commerce Operators — 双成果聚焦 | Lovart,/.../draft-ecommerce-operator-scenarios-bento2,CHECK: 7 langs 都创建; 验证每语言版内容是否仍差异化或已退化为 i18n copy
twin-multilang,de,draft-ecommerce-operator-scenarios-bento6,drafts.scenarios-draft-ecommerce-operator-scenarios-bento6-de,AI Design for E-Commerce Operators — 六格能力图 | Lovart,2026-07-12,AI Design for E-Commerce Operators — 六格能力图 | Lovart,/.../draft-ecommerce-operator-scenarios-bento6,CHECK: 6 langs 都创建; 验证每语言版内容是否仍差异化或已退化为 i18n copy
twin-multilang,de,draft-ecommerce-operator-scenarios-journey,drafts.scenarios-draft-ecommerce-operator-scenarios-journey-de,AI Design for E-Commerce Operators — 旅程首屏 | Lovart,2026-07-12,AI Design for E-Commerce Operators — 旅程首屏 | Lovart,/.../draft-ecommerce-operator-scenarios-journey,CHECK: 6 langs 都创建; 验证每语言版内容是否仍差异化或已退化为 i18n copy
twin-multilang,fr,draft-freelance-designer-scenarios-a,drafts.scenarios-draft-freelance-designer-scenarios-a-fr,AI Design for Freelance Designers — 基准（Tab A） | Lovart,2026-07-12,AI Design for Freelance Designers — 基准（Tab A） | Lovart,/.../draft-freelance-designer-scenarios-a,CHECK: 6 langs 都创建; 验证每语言版内容是否仍差异化或已退化为 i18n copy
twin-multilang,fr,draft-freelance-designer-scenarios-journey,drafts.scenarios-draft-freelance-designer-scenarios-journey-fr,AI Design for Freelance Designers — 旅程首屏 | Lovart,2026-07-12,AI Design for Freelance Designers — 旅程首屏 | Lovart,/.../draft-freelance-designer-scenarios-journey,CHECK: 5 langs 都创建; 验证每语言版内容是否仍差异化或已退化为 i18n copy
twin-multilang,fr,draft-freelance-designer-scenarios-showcase,drafts.scenarios-draft-freelance-designer-scenarios-showcase-fr,AI Design for Freelance Designers — 案例横滑 | Lovart,2026-07-12,AI Design for Freelance Designers — 案例横滑 | Lovart,/.../draft-freelance-designer-scenarios-showcase,CHECK: 7 langs 都创建; 验证每语言版内容是否仍差异化或已退化为 i18n copy
twin-multilang,de,draft-marketing-director-scenarios-portrait,drafts.scenarios-draft-marketing-director-scenarios-portrait-de,AI Design for Marketing Directors — 三类场景入口 | Lovart,2026-07-12,AI Design for Marketing Directors — 三类场景入口 | Lovart,/.../draft-marketing-director-scenarios-portrait,CHECK: 5 langs 都创建; 验证每语言版内容是否仍差异化或已退化为 i18n copy
twin-multilang,de,draft-marketing-director-scenarios-stacked,drafts.scenarios-draft-marketing-director-scenarios-stacked-de,AI Design for Marketing Directors — 案例纵叠 | Lovart,2026-07-12,AI Design for Marketing Directors — 案例纵叠 | Lovart,/.../draft-marketing-director-scenarios-stacked,CHECK: 7 langs 都创建; 验证每语言版内容是否仍差异化或已退化为 i18n copy
twin-multilang,de,draft-marketing-director-scenarios-testimonial,drafts.scenarios-draft-marketing-director-scenarios-testimonial-de,AI Design for Marketing Directors — 叙事证言 | Lovart,2026-07-12,AI Design for Marketing Directors — 叙事证言 | Lovart,/.../draft-marketing-director-scenarios-testimonial,CHECK: 5 langs 都创建; 验证每语言版内容是否仍差异化或已退化为 i18n copy
twin-multilang,de,draft-social-media-manager-scenarios-a,drafts.scenarios-draft-social-media-manager-scenarios-a-de,AI Design for Social Media Managers — 基准（Tab A） | Lovart,2026-07-12,AI Design for Social Media Managers — 基准（Tab A） | Lovart,/.../draft-social-media-manager-scenarios-a,CHECK: 5 langs 都创建; 验证每语言版内容是否仍差异化或已退化为 i18n copy
twin-multilang,it,draft-social-media-manager-scenarios-bento2,drafts.scenarios-draft-social-media-manager-scenarios-bento2-it,AI Design for Social Media Managers — 双成果聚焦 | Lovart,2026-07-12,AI Design for Social Media Managers — 双成果聚焦 | Lovart,/.../draft-social-media-manager-scenarios-bento2,CHECK: 6 langs 都创建; 验证每语言版内容是否仍差异化或已退化为 i18n copy
twin-multilang,fr,draft-social-media-manager-scenarios-bento6,drafts.scenarios-draft-social-media-manager-scenarios-bento6-fr,AI Design for Social Media Managers — 六格能力图 | Lovart,2026-07-12,AI Design for Social Media Managers — 六格能力图 | Lovart,/.../draft-social-media-manager-scenarios-bento6,CHECK: 5 langs 都创建; 验证每语言版内容是否仍差异化或已退化为 i18n copy
twin-multilang,de,draft-social-media-manager-scenarios-reviews4,drafts.scenarios-draft-social-media-manager-scenarios-reviews4-de,AI Design for Social Media Managers — 四列评价墙 | Lovart,2026-07-12,AI Design for Social Media Managers — 四列评价墙 | Lovart,/.../draft-social-media-manager-scenarios-reviews4,CHECK: 9 langs 都创建; 验证每语言版内容是否仍差异化或已退化为 i18n copy
twin-multilang,ja,e-learning-banner-design,features-e-learning-banner-design-ja,プロeラーニングバナーで受講率アップ,2026-05-22,プロeラーニングバナーで受講率アップ,/.../e-learning-banner-design,CHECK: 5 langs 都创建; 验证每语言版内容是否仍差异化或已退化为 i18n copy
twin-multilang,ja,ecommerce-banner-design,features-ecommerce-banner-design-ja,プロが手掛ける売れるバナーデザイン,2026-05-22,プロが手掛ける売れるバナーデザイン,/.../ecommerce-banner-design,CHECK: 5 langs 都创建; 验证每语言版内容是否仍差异化或已退化为 i18n copy
twin-multilang,de,edit-ai-generated-images,edit-ai-generated-images-de,Präzise Steuerung: KI-Bilder sofort mit Lovart Agent bearbeiten,2026-05-22,Präzise Steuerung: KI-Bilder sofort mit Lovart Agent bearbeiten,/.../edit-ai-generated-images,CHECK: 7 langs 都创建; 验证每语言版内容是否仍差异化或已退化为 i18n copy
twin-multilang,ja,engagement-invitation-design,features-engagement-invitation-design-ja,プロの招待状デザインを簡単に,2026-05-22,プロの招待状デザインを簡単に,/.../engagement-invitation-design,CHECK: 9 langs 都创建; 验证每语言版内容是否仍差异化或已退化为 i18n copy
twin-multilang,ja,event-poster-maker,features-event-poster-maker-ja,AIイベントポスター生成｜スマートデザインのLovart,2026-05-22,AIイベントポスター生成｜スマートデザインのLovart,/.../event-poster-maker,CHECK: 7 langs 都创建; 验证每语言版内容是否仍差异化或已退化为 i18n copy
twin-multilang,de,event-program-design,event-program-design-de,KI-Eventprogramm-Gestalter für druckreife Designs | Lovart,2026-05-22,KI-Eventprogramm-Gestalter für druckreife Designs | Lovart,/.../event-program-design,CHECK: 9 langs 都创建; 验证每语言版内容是否仍差异化或已退化为 i18n copy
twin-multilang,de,facebook-cover-design,facebook-cover-design-de,"KI-Facebook-Cover, die Vertrauen & Kunden gewinnen | Lovart",2026-05-22,"KI-Facebook-Cover, die Vertrauen & Kunden gewinnen | Lovart",/.../facebook-cover-design,CHECK: 8 langs 都创建; 验证每语言版内容是否仍差异化或已退化为 i18n copy
twin-multilang,de,facebook-post-template-generator,facebook-post-template-generator-de,KI-Facebook-Post-Generator: Vorlagen in Sekunden | Lovart,2026-05-22,KI-Facebook-Post-Generator: Vorlagen in Sekunden | Lovart,/.../facebook-post-template-generator,CHECK: 7 langs 都创建; 验证每语言版内容是否仍差异化或已退化为 i18n copy
twin-multilang,en,ai-business-card-maker,tools-ai-business-card-maker-en,商务 卡片 制作 | Lovart,2026-07-12,商务 卡片 制作 | Lovart,/.../ai-business-card-maker,CHECK: 9 langs 都创建; 验证每语言版内容是否仍差异化或已退化为 i18n copy
twin-multilang,fr,ai-image-generator-text-to-image,features-ai-image-generator-text-to-image-fr,text 图像 生成器 | Lovart,2026-07-12,text 图像 生成器 | Lovart,/.../ai-image-generator-text-to-image,CHECK: 5 langs 都创建; 验证每语言版内容是否仍差异化或已退化为 i18n copy
twin-multilang,zh,ai-video-agent,features-ai-video-agent-zh,AI 视频智能体：规划、生成并打磨短片与电影感片段 | Lovart,2026-06-05,AI 视频智能体：规划、生成并打磨短片与电影感片段 | Lovart,/.../ai-video-agent,CHECK: 5 langs 都创建; 验证每语言版内容是否仍差异化或已退化为 i18n copy
twin-multilang,zh,ai-video-agent-for-ecommerce,features-ai-video-agent-for-ecommerce-zh,面向电商的 AI 视频智能体：把产品静帧变成动态视频 | Lovart,2026-06-05,面向电商的 AI 视频智能体：把产品静帧变成动态视频 | Lovart,/.../ai-video-agent-for-ecommerce,CHECK: 5 langs 都创建; 验证每语言版内容是否仍差异化或已退化为 i18n copy
twin-multilang,zh,ai-video-agent-for-tiktok,features-ai-video-agent-for-tiktok-zh,面向 TikTok 的 AI 视频智能体：日更竖版短视频 | Lovart,2026-06-05,面向 TikTok 的 AI 视频智能体：日更竖版短视频 | Lovart,/.../ai-video-agent-for-tiktok,CHECK: 5 langs 都创建; 验证每语言版内容是否仍差异化或已退化为 i18n copy
twin-multilang,zh,ai-video-agent-workflow,features-ai-video-agent-workflow-zh,可复用的 AI 视频智能体工作流：从需求到多渠道导出 | Lovart,2026-06-05,可复用的 AI 视频智能体工作流：从需求到多渠道导出 | Lovart,/.../ai-video-agent-workflow,CHECK: 5 langs 都创建; 验证每语言版内容是否仍差异化或已退化为 i18n copy
twin-multilang,ja,banner-design,features-banner-design-ja,プロ広告用バナー制作｜高効果デジタルバナーを簡単作成,2026-05-22,プロ広告用バナー制作｜高効果デジタルバナーを簡単作成,/.../banner-design,CHECK: 6 langs 都创建; 验证每语言版内容是否仍差异化或已退化为 i18n copy
twin-multilang,ja,festival-banner-design,features-festival-banner-design-ja,来場を促すプロの祭りバナー,2026-05-22,来場を促すプロの祭りバナー,/.../festival-banner-design,CHECK: 5 langs 都创建; 验证每语言版内容是否仍差异化或已退化为 i18n copy
twin-multilang,it,flyer-design,features-flyer-design-it,promotional flyer 设计 | Lovart,2026-07-12,promotional flyer 设计 | Lovart,/.../flyer-design,CHECK: 6 langs 都创建; 验证每语言版内容是否仍差异化或已退化为 i18n copy
twin-multilang,de,food-banner-design,food-banner-design-de,KI-Designed Food-Banner für mehr Online-Engagement,2026-05-22,KI-Designed Food-Banner für mehr Online-Engagement,/.../food-banner-design,CHECK: 9 langs 都创建; 验证每语言版内容是否仍差异化或已退化为 i18n copy
twin-multilang,de,food-blog-header-design,food-blog-header-design-de,Lebendiger Food-Blog-Header mit KI-Design für mehr Leser,2026-05-22,Lebendiger Food-Blog-Header mit KI-Design für mehr Leser,/.../food-blog-header-design,CHECK: 9 langs 都创建; 验证每语言版内容是否仍差异化或已退化为 i18n copy
twin-multilang,de,food-delivery-app-design,food-delivery-app-design-de,"Intuitives UI-Design für Essensliefer-Apps mit KI, das Bestellungen & Treue stei",2026-05-22,"Intuitives UI-Design für Essensliefer-Apps mit KI, das Bestellungen & Treue stei",/.../food-delivery-app-design,CHECK: 9 langs 都创建; 验证每语言版内容是否仍差异化或已退化为 i18n copy
twin-multilang,de,food-festival-poster-design,food-festival-poster-design-de,KI-Design für auffällige Food-Festival-Plakate,2026-05-22,KI-Design für auffällige Food-Festival-Plakate,/.../food-festival-poster-design,CHECK: 9 langs 都创建; 验证每语言版内容是否仍差异化或已退化为 i18n copy
twin-multilang,it,food-flyer-design,features-food-flyer-design-it,promotional flyer 设计 | Lovart,2026-07-12,promotional flyer 设计 | Lovart,/.../food-flyer-design,CHECK: 5 langs 都创建; 验证每语言版内容是否仍差异化或已退化为 i18n copy
twin-multilang,de,food-packaging-design,food-packaging-design-de,Professionelle Lebensmittelverpackungen & Etiketten mit KI gestalten,2026-05-22,Professionelle Lebensmittelverpackungen & Etiketten mit KI gestalten,/.../food-packaging-design,CHECK: 7 langs 都创建; 验证每语言版内容是否仍差异化或已退化为 i18n copy
twin-multilang,ja,food-photography-layout-design,features-food-photography-layout-design-ja,料理写真を魅せるプロの構図術,2026-05-22,料理写真を魅せるプロの構図術,/.../food-photography-layout-design,CHECK: 5 langs 都创建; 验证每语言版内容是否仍差异化或已退化为 i18n copy
twin-multilang,ja,food-poster-design,features-food-poster-design-ja,魅力的な飲食店ポスターで売上向上,2026-05-22,魅力的な飲食店ポスターで売上向上,/.../food-poster-design,CHECK: 6 langs 都创建; 验证每语言版内容是否仍差异化或已退化为 i18n copy
twin-multilang,ja,food-recipe-card-design,features-food-recipe-card-design-ja,AIで美しいレシピカード作成　わかりやすい料理手順｜Lovart,2026-05-22,AIで美しいレシピカード作成　わかりやすい料理手順｜Lovart,/.../food-recipe-card-design,CHECK: 7 langs 都创建; 验证每语言版内容是否仍差异化或已退化为 i18n copy
twin-multilang,de,food-social-media-design,food-social-media-design-de,"Augenöffnende Food-Designs für Social Media, die Engagement steigern",2026-05-22,"Augenöffnende Food-Designs für Social Media, die Engagement steigern",/.../food-social-media-design,CHECK: 9 langs 都创建; 验证每语言版内容是否仍差异化或已退化为 i18n copy
twin-multilang,ja,food-truck-menu-design,features-food-truck-menu-design-ja,売上と回転率を上げるキッチンカーメニュー,2026-05-22,売上と回転率を上げるキッチンカーメニュー,/.../food-truck-menu-design,CHECK: 8 langs 都创建; 验证每语言版内容是否仍差异化或已退化为 i18n copy
twin-multilang,de,food-truck-wrap-design,food-truck-wrap-design-de,Lovart KI: Food-Truck-Designs für mehr Kunden und Buchungen,2026-05-22,Lovart KI: Food-Truck-Designs für mehr Kunden und Buchungen,/.../food-truck-wrap-design,CHECK: 9 langs 都创建; 验证每语言版内容是否仍差异化或已退化为 i18n copy
twin-multilang,de,free-online-tool,free-online-tool-de,Nano Banana – Kostenloses KI-Design-Tool für Profi-Ergebnisse ohne Abo,2026-05-22,Nano Banana – Kostenloses KI-Design-Tool für Profi-Ergebnisse ohne Abo,/.../free-online-tool,CHECK: 9 langs 都创建; 验证每语言版内容是否仍差异化或已退化为 i18n copy
twin-multilang,de,gpt-image-generator-ai,gpt-image-generator-ai-de,KI-Bildgenerator: Komplexe Diagramme & logikbasierte KI-Kunst | Lovart,2026-05-22,KI-Bildgenerator: Komplexe Diagramme & logikbasierte KI-Kunst | Lovart,/.../gpt-image-generator-ai,CHECK: 9 langs 都创建; 验证每语言版内容是否仍差异化或已退化为 i18n copy
twin-multilang,fr,graduation-invitation-design,features-graduation-invitation-design-fr,graduation invitation 设计 | Lovart,2026-07-12,graduation invitation 设计 | Lovart,/.../graduation-invitation-design,CHECK: 6 langs 都创建; 验证每语言版内容是否仍差异化或已退化为 i18n copy
twin-multilang,de,graphic-design,graphic-design-de,Professionelles Grafikdesign leicht gemacht | Erstelle eigene KI-Visuals,2026-05-22,Professionelles Grafikdesign leicht gemacht | Erstelle eigene KI-Visuals,/.../graphic-design,CHECK: 9 langs 都创建; 验证每语言版内容是否仍差异化或已退化为 i18n copy
twin-multilang,de,infinite-chatcanvas-ai-collaboration,infinite-chatcanvas-ai-collaboration-de,Lovart: Die ultimative KI-Design-Leinwand für UI,2026-05-22,Lovart: Die ultimative KI-Design-Leinwand für UI,/.../infinite-chatcanvas-ai-collaboration,CHECK: 9 langs 都创建; 验证每语言版内容是否仍差异化或已退化为 i18n copy
twin-multilang,de,infographic-design,infographic-design-de,Professionelle Infografiken mit KI | Daten wirkungsvoll visualisieren,2026-05-22,Professionelle Infografiken mit KI | Daten wirkungsvoll visualisieren,/.../infographic-design,CHECK: 9 langs 都创建; 验证每语言版内容是否仍差异化或已退化为 i18n copy
twin-multilang,de,instagram-highlight-cover-design,instagram-highlight-cover-design-de,"Instagram-Highlight-Cover, die Besucher in Follower verwandeln | Lovart KI",2026-05-22,"Instagram-Highlight-Cover, die Besucher in Follower verwandeln | Lovart KI",/.../instagram-highlight-cover-design,CHECK: 8 langs 都创建; 验证每语言版内容是否仍差异化或已退化为 i18n copy
twin-multilang,de,instagram-story-design,instagram-story-design-de,Instagram Story Vorlagen mit KI einfach gestalten,2026-05-22,Instagram Story Vorlagen mit KI einfach gestalten,/.../instagram-story-design,CHECK: 7 langs 都创建; 验证每语言版内容是否仍差异化或已退化为 i18n copy
twin-multilang,de,instagram-story-maker,instagram-story-maker-de,KI-Instagram-Story-Generator: Erstelle virale 9:16-Visuals | Lovart,2026-05-22,KI-Instagram-Story-Generator: Erstelle virale 9:16-Visuals | Lovart,/.../instagram-story-maker,CHECK: 9 langs 都创建; 验证每语言版内容是否仍差异化或已退化为 i18n copy
twin-multilang,de,launch-event-landing-page-generator,launch-event-landing-page-generator-de,"KI-Launch-Event-Designer: Branding, Assets & Landing Pages sofort erstellen",2026-05-22,"KI-Launch-Event-Designer: Branding, Assets & Landing Pages sofort erstellen",/.../launch-event-landing-page-generator,CHECK: 9 langs 都创建; 验证每语言版内容是否仍差异化或已退化为 i18n copy
twin-multilang,de,leonardo-ai-alternative,leonardo-ai-alternative-de,Die ultimative Leonardo KI-Alternative: Design dominieren mit Nano Banana Pro,2026-05-22,Die ultimative Leonardo KI-Alternative: Design dominieren mit Nano Banana Pro,/.../leonardo-ai-alternative,CHECK: 9 langs 都创建; 验证每语言版内容是否仍差异化或已退化为 i18n copy
twin-multilang,de,lesson-plan-design,lesson-plan-design-de,KI-gestützte lehrplankonforme Unterrichtspläne in Minuten | Lovart,2026-05-22,KI-gestützte lehrplankonforme Unterrichtspläne in Minuten | Lovart,/.../lesson-plan-design,CHECK: 9 langs 都创建; 验证每语言版内容是否仍差异化或已退化为 i18n copy
twin-multilang,en,linkedin-ads-generator,features-linkedin-ads-generator-en,AI LinkedIn Ad Generator: Create Professional B2B Visuals | Lovart,2026-07-12,AI LinkedIn Ad Generator: Create Professional B2B Visuals | Lovart,/.../linkedin-ads-generator,CHECK: 6 langs 都创建; 验证每语言版内容是否仍差异化或已退化为 i18n copy
twin-multilang,fr,linkedin-banner-design-ai-generator-by-lovart,features-linkedin-banner-design-ai-generator-by-lovart-fr,linkedin 横幅 设计 生成器 | Lovart,2026-07-12,linkedin 横幅 设计 生成器 | Lovart,/.../linkedin-banner-design-ai-generator-by-lovart,CHECK: 7 langs 都创建; 验证每语言版内容是否仍差异化或已退化为 i18n copy
twin-multilang,en,linkedin-banner-design-ai-generator,features-linkedin-banner-design-ai-generator-en,Design Professional LinkedIn Banners with AI: Stand Out Instantly | Lovart,2026-07-12,AI LinkedIn Banner Generator — Professional Profile & Company Banners | Lovart,/.../linkedin-banner-design-ai-generator,CHECK: 5 langs 都创建; 验证每语言版内容是否仍差异化或已退化为 i18n copy
twin-multilang,fr,linkedin-banner-design,features-linkedin-banner-design-fr,Bannières LinkedIn boostées par IA | Attirez recruteurs & opportunités | Lovart,2026-05-22,Bannières LinkedIn boostées par IA | Attirez recruteurs & opportunités | Lovart,/.../linkedin-banner-design,CHECK: 8 langs 都创建; 验证每语言版内容是否仍差异化或已退化为 i18n copy
twin-multilang,en,magazine-layout-design,features-magazine-layout-design-en,Professional Magazine Layout Design Tool | AI-Powered Magazine Design Software,2026-07-12,Magazine Layout Design — Create Stunning Layouts with AI | Lovart,/.../magazine-layout-design,CHECK: 5 langs 都创建; 验证每语言版内容是否仍差异化或已退化为 i18n copy
twin-multilang,de,mood-board-creation,mood-board-creation-de,Moodboard-Erstellung – KI-Design-Tools für Stil & Markenkonzepte,2026-05-22,Moodboard-Erstellung – KI-Design-Tools für Stil & Markenkonzepte,/.../mood-board-creation,CHECK: 7 langs 都创建; 验证每语言版内容是否仍差异化或已退化为 i18n copy
twin-multilang,de,nano-banana-ai-model,nano-banana-ai-model-de,Nano Banana Ai Model | Lovart,2026-05-22,Nano Banana Ai Model | Lovart,/.../nano-banana-ai-model,CHECK: 9 langs 都创建; 验证每语言版内容是否仍差异化或已退化为 i18n copy
twin-multilang,de,nano-banana-best-practices,nano-banana-best-practices-de,Nano Banana Best Practices – Profi-Tipps für Qualität und Effizienz mit KI,2026-05-22,Nano Banana Best Practices – Profi-Tipps für Qualität und Effizienz mit KI,/.../nano-banana-best-practices,CHECK: 7 langs 都创建; 验证每语言版内容是否仍差异化或已退化为 i18n copy
twin-multilang,de,nano-banana-case-studies,nano-banana-case-studies-de,Nano Banana Fallstudien – Echte Erfolgsgeschichten mit KI von Lovart,2026-05-22,Nano Banana Fallstudien – Echte Erfolgsgeschichten mit KI von Lovart,/.../nano-banana-case-studies,CHECK: 9 langs 都创建; 验证每语言版内容是否仍差异化或已退化为 i18n copy
twin-multilang,de,nano-banana-concept-art-workflow,nano-banana-concept-art-workflow-de,KI-gestützter Pre-Production-Workflow für Nano-Banana-Konzeptkunst in Spielen | ,2026-05-22,KI-gestützter Pre-Production-Workflow für Nano-Banana-Konzeptkunst in Spielen | ,/.../nano-banana-concept-art-workflow,CHECK: 7 langs 都创建; 验证每语言版内容是否仍差异化或已退化为 i18n copy
twin-multilang,de,nano-banana-creative-brainstorming,nano-banana-creative-brainstorming-de,Kreatives Brainstorming mit KI – Ideen und Innovationen mit Lovart,2026-05-22,Kreatives Brainstorming mit KI – Ideen und Innovationen mit Lovart,/.../nano-banana-creative-brainstorming,CHECK: 9 langs 都创建; 验证每语言版内容是否仍差异化或已退化为 i18n copy
twin-multilang,en,nano-banana-digital-art-creation,features-nano-banana-digital-art-creation-en,Nano Banana AI Art Generator - Create Professional Digital Paintings & Simplify ,2026-07-12,Nano Banana AI Digital Art Generator | Lovart,/.../nano-banana-digital-art-creation,CHECK: 6 langs 都创建; 验证每语言版内容是否仍差异化或已退化为 i18n copy
twin-multilang,de,nano-banana-educational-materials,nano-banana-educational-materials-de,KI-Nano-Bananen-Lernmaterial-Generator – Smartes Design,2026-05-22,KI-Nano-Bananen-Lernmaterial-Generator – Smartes Design,/.../nano-banana-educational-materials,CHECK: 7 langs 都创建; 验证每语言版内容是否仍差异化或已退化为 i18n copy
twin-multilang,de,nano-banana-graphic-design-workflow,nano-banana-graphic-design-workflow-de,KI-gestützter Banana-Design-Workflow für kreative Effizienz,2026-05-22,KI-gestützter Banana-Design-Workflow für kreative Effizienz,/.../nano-banana-graphic-design-workflow,CHECK: 9 langs 都创建; 验证每语言版内容是否仍差异化或已退化为 i18n copy
twin-multilang,de,nano-banana-illustration-projects,nano-banana-illustration-projects-de,"Nano-Bananen-Illustrationen – Profi-Buch-, Redaktions- & Werbegrafik | Lovart KI",2026-05-22,"Nano-Bananen-Illustrationen – Profi-Buch-, Redaktions- & Werbegrafik | Lovart KI",/.../nano-banana-illustration-projects,CHECK: 9 langs 都创建; 验证每语言版内容是否仍差异化或已退化为 i18n copy
twin-multilang,de,nano-banana-infographic-design,nano-banana-infographic-design-de,Nano-Bananen-Infografik: Daten in Ergebnisse verwandeln mit Lovart,2026-05-22,Nano-Bananen-Infografik: Daten in Ergebnisse verwandeln mit Lovart,/.../nano-banana-infographic-design,CHECK: 9 langs 都创建; 验证每语言版内容是否仍差异化或已退化为 i18n copy
twin-multilang,de,nano-banana-marketing-visuals,nano-banana-marketing-visuals-de,Nano-Bananen-Marketing-Visuals – KI-Grafiken für mehr Engagement und Conversions,2026-05-22,Nano-Bananen-Marketing-Visuals – KI-Grafiken für mehr Engagement und Conversions,/.../nano-banana-marketing-visuals,CHECK: 9 langs 都创建; 验证每语言版内容是否仍差异化或已退化为 i18n copy
twin-multilang,de,nano-banana-presentation-slides,nano-banana-presentation-slides-de,"Nano-Bananen-Präsentationsfolien für Sales, Pitches & Training | Mit Lovart gest",2026-05-22,"Nano-Bananen-Präsentationsfolien für Sales, Pitches & Training | Mit Lovart gest",/.../nano-banana-presentation-slides,CHECK: 9 langs 都创建; 验证每语言版内容是否仍差异化或已退化为 i18n copy
twin-multilang,de,nano-banana-product-photography,nano-banana-product-photography-de,KI-Nano-Bananen-Produktfotografie – Automatische Beleuchtung & Hintergründe,2026-05-22,KI-Nano-Bananen-Produktfotografie – Automatische Beleuchtung & Hintergründe,/.../nano-banana-product-photography,CHECK: 9 langs 都创建; 验证每语言版内容是否仍差异化或已退化为 i18n copy
twin-multilang,ja,nano-banana-social-media-graphics,features-nano-banana-social-media-graphics-ja,マーケター・代理店・クリエイター向けSNS画像作成事例｜Lovart AI,2026-05-22,マーケター・代理店・クリエイター向けSNS画像作成事例｜Lovart AI,/.../nano-banana-social-media-graphics,CHECK: 8 langs 都创建; 验证每语言版内容是否仍差异化或已退化为 i18n copy
twin-multilang,de,nano-banana-website-graphics,nano-banana-website-graphics-de,KI-Webseiten-Grafikgenerator – Nano Banana Engine für High‑Performance UX,2026-05-22,KI-Webseiten-Grafikgenerator – Nano Banana Engine für High‑Performance UX,/.../nano-banana-website-graphics,CHECK: 9 langs 都创建; 验证每语言版内容是否仍差异化或已退化为 i18n copy
twin-multilang,de,nano-banana-workflow-optimization,nano-banana-workflow-optimization-de,Nano-Banana-Workflow-Optimierung mit KI,2026-05-22,Nano-Banana-Workflow-Optimierung mit KI,/.../nano-banana-workflow-optimization,CHECK: 9 langs 都创建; 验证每语言版内容是否仍差异化或已退化为 i18n copy
twin-multilang,de,nano-banana-youtube-thumbnails,nano-banana-youtube-thumbnails-de,Nano-Banana-YouTube-Thumbnails – Virale KI-Grafiken für mehr Klicks,2026-05-22,Nano-Banana-YouTube-Thumbnails – Virale KI-Grafiken für mehr Klicks,/.../nano-banana-youtube-thumbnails,CHECK: 7 langs 都创建; 验证每语言版内容是否仍差异化或已退化为 i18n copy
twin-multilang,de,no-template-popup-ads,no-template-popup-ads-de,KI-Pop-up-Anzeigengenerator: Individuelle Ads ohne Vorlagen | Lovart,2026-05-22,KI-Pop-up-Anzeigengenerator: Individuelle Ads ohne Vorlagen | Lovart,/.../no-template-popup-ads,CHECK: 7 langs 都创建; 验证每语言版内容是否仍差异化或已退化为 i18n copy
twin-multilang,de,no-template-popup-ads-generator,no-template-popup-ads-generator-de,KI-Pop-up-Anzeigengenerator | Erstelle hochkonvertierende Anzeigen ohne Vorlagen,2026-05-22,KI-Pop-up-Anzeigengenerator | Erstelle hochkonvertierende Anzeigen ohne Vorlagen,/.../no-template-popup-ads-generator,CHECK: 9 langs 都创建; 验证每语言版内容是否仍差异化或已退化为 i18n copy
twin-multilang,ja,nutrition-label-design,features-nutrition-label-design-ja,食品向けプロ向け栄養表示デザイン,2026-05-22,食品向けプロ向け栄養表示デザイン,/.../nutrition-label-design,CHECK: 7 langs 都创建; 验证每语言版内容是否仍差异化或已退化为 i18n copy
twin-multilang,de,online-store-graphics-design,online-store-graphics-design-de,KI-optimierte Grafiken für deinen Onlineshop,2026-05-22,KI-optimierte Grafiken für deinen Onlineshop,/.../online-store-graphics-design,CHECK: 7 langs 都创建; 验证每语言版内容是否仍差异化或已退化为 i18n copy
twin-multilang,de,overcome-blank-canvas-syndrome,overcome-blank-canvas-syndrome-de,Überwinde das leere Blatt: Starte deine Kreativität mit KI,2026-05-22,Überwinde das leere Blatt: Starte deine Kreativität mit KI,/.../overcome-blank-canvas-syndrome,CHECK: 9 langs 都创建; 验证每语言版内容是否仍差异化或已退化为 i18n copy
twin-multilang,de,party-flyer-design,party-flyer-design-de,Party-Flyer mit KI: Starkes Design leicht gemacht,2026-05-22,Party-Flyer mit KI: Starkes Design leicht gemacht,/.../party-flyer-design,CHECK: 5 langs 都创建; 验证每语言版内容是否仍差异化或已退化为 i18n copy
twin-multilang,fr,pinterest-pin-design,features-pinterest-pin-design-fr,pinterest pin 制作 | Lovart,2026-07-12,pinterest pin 制作 | Lovart,/.../pinterest-pin-design,CHECK: 5 langs 都创建; 验证每语言版内容是否仍差异化或已退化为 i18n copy
twin-multilang,de,pixel-pusher-to-creative-director,pixel-pusher-to-creative-director-de,Vom Pixel-Schieber zum Creative Director mit KI | Lovart,2026-05-22,Vom Pixel-Schieber zum Creative Director mit KI | Lovart,/.../pixel-pusher-to-creative-director,CHECK: 7 langs 都创建; 验证每语言版内容是否仍差异化或已退化为 i18n copy
twin-multilang,de,pizza-menu-design,pizza-menu-design-de,"Professionelles Pizzamenu-Design mit KI, das Bestellungen & Umsatz steigert",2026-05-22,"Professionelles Pizzamenu-Design mit KI, das Bestellungen & Umsatz steigert",/.../pizza-menu-design,CHECK: 9 langs 都创建; 验证每语言版内容是否仍差异化或已退化为 i18n copy
twin-multilang,ja,portfolio-design,features-portfolio-design-ja,AIで実現するクリエイティブなポートフォリオ,2026-05-22,AIで実現するクリエイティブなポートフォリオ,/.../portfolio-design,CHECK: 8 langs 都创建; 验证每语言版内容是否仍差异化或已退化为 i18n copy
twin-multilang,de,price-list-design,price-list-design-de,"Erstelle individuelle Preislisten, die mehr Kunden gewinnen | Lovart KI-Design-A",2026-05-22,"Erstelle individuelle Preislisten, die mehr Kunden gewinnen | Lovart KI-Design-A",/.../price-list-design,CHECK: 7 langs 都创建; 验证每语言版内容是否仍差异化或已退化为 i18n copy
twin-multilang,it,product-catalog-design,features-product-catalog-design-it,product packaging 设计 | Lovart,2026-07-12,product packaging 设计 | Lovart,/.../product-catalog-design,CHECK: 6 langs 都创建; 验证每语言版内容是否仍差异化或已退化为 i18n copy
twin-multilang,de,product-packaging-design,product-packaging-design-de,"Individuelle Verpackungsdesigns mit KI, die im Regal überzeugen",2026-05-22,"Individuelle Verpackungsdesigns mit KI, die im Regal überzeugen",/.../product-packaging-design,CHECK: 9 langs 都创建; 验证每语言版内容是否仍差异化或已退化为 i18n copy
twin-multilang,de,professional-corporate-presentation-design,professional-corporate-presentation-design-de,"Erstelle überzeugende Business-Präsentationen in Minuten | KI-Folien für Sales, ",2026-05-22,"Erstelle überzeugende Business-Präsentationen in Minuten | KI-Folien für Sales, ",/.../professional-corporate-presentation-design,CHECK: 9 langs 都创建; 验证每语言版内容是否仍差异化或已退化为 i18n copy
twin-multilang,ja,professional-resume-design,features-professional-resume-design-ja,2025年対応のプロフェッショナル職務経歴書,2026-05-22,2025年対応のプロフェッショナル職務経歴書,/.../professional-resume-design,CHECK: 7 langs 都创建; 验证每语言版内容是否仍差异化或已退化为 i18n copy
twin-multilang,de,promotional-flyer-design,promotional-flyer-design-de,"Individuelles Werbeflyer-Design mit KI, das echte Ergebnisse liefert",2026-05-22,"Individuelles Werbeflyer-Design mit KI, das echte Ergebnisse liefert",/.../promotional-flyer-design,CHECK: 9 langs 都创建; 验证每语言版内容是否仍差异化或已退化为 i18n copy
twin-multilang,fr,property-brochure-design,features-property-brochure-design-fr,Gagnez plus de mandats avec l'IA Lovart,2026-05-22,Gagnez plus de mandats avec l'IA Lovart,/.../property-brochure-design,CHECK: 8 langs 都创建; 验证每语言版内容是否仍差异化或已退化为 i18n copy
twin-multilang,ja,property-listing-design,features-property-listing-design-ja,プロ物件掲載デザインテンプレートで不動産マーケ向上,2026-05-22,プロ物件掲載デザインテンプレートで不動産マーケ向上,/.../property-listing-design,CHECK: 7 langs 都创建; 验证每语言版内容是否仍差异化或已退化为 i18n copy
twin-multilang,ja,property-report-design,features-property-report-design-ja,不動産プロ向け物件報告書テンプレート,2026-05-22,不動産プロ向け物件報告書テンプレート,/.../property-report-design,CHECK: 6 langs 都创建; 验证每语言版内容是否仍差异化或已退化为 i18n copy
twin-multilang,en,rapid-poster-ai-creation,features-rapid-poster-ai-creation-en,Best AI Poster Generator & Maker: Create Custom Posters in Seconds | Lovart,2026-07-12,Best AI Poster Generator & Maker: Create Custom Posters in Seconds | Lovart,/.../rapid-poster-ai-creation,CHECK: 6 langs 都创建; 验证每语言版内容是否仍差异化或已退化为 i18n copy
twin-multilang,it,real-estate-banner-design,features-real-estate-banner-design-it,real estate sign 设计 | Lovart,2026-07-12,real estate sign 设计 | Lovart,/.../real-estate-banner-design,CHECK: 5 langs 都创建; 验证每语言版内容是否仍差异化或已退化为 i18n copy
twin-multilang,de,real-estate-business-card-design,real-estate-business-card-design-de,Professionelle Immobilien-Visitenkarten mit KI gestalten,2026-05-22,Professionelle Immobilien-Visitenkarten mit KI gestalten,/.../real-estate-business-card-design,CHECK: 9 langs 都创建; 验证每语言版内容是否仍差异化或已退化为 i18n copy
twin-multilang,ja,real-estate-flyer-design,features-real-estate-flyer-design-ja,プロが作る不動産チラシ、簡単に,2026-05-22,プロが作る不動産チラシ、簡単に,/.../real-estate-flyer-design,CHECK: 6 langs 都创建; 验证每语言版内容是否仍差异化或已退化为 i18n copy
twin-multilang,de,real-estate-logo-design,real-estate-logo-design-de,Professionelles Immobilien-Logo-Design mit KI | Einzigartige Markenidentitäten f,2026-05-22,Professionelles Immobilien-Logo-Design mit KI | Einzigartige Markenidentitäten f,/.../real-estate-logo-design,CHECK: 7 langs 都创建; 验证每语言版内容是否仍差异化或已退化为 i18n copy
twin-multilang,ja,real-estate-newsletter-design,features-real-estate-newsletter-design-ja,プロの不動産ニュースで顧客関係強化,2026-05-22,プロの不動産ニュースで顧客関係強化,/.../real-estate-newsletter-design,CHECK: 8 langs 都创建; 验证每语言版内容是否仍差异化或已退化为 i18n copy
twin-multilang,ja,real-estate-postcard-design,features-real-estate-postcard-design-ja,プロ不動産はがきデザイン｜高反響ダイレクトメール,2026-05-22,プロ不動産はがきデザイン｜高反響ダイレクトメール,/.../real-estate-postcard-design,CHECK: 8 langs 都创建; 验证每语言版内容是否仍差异化或已退化为 i18n copy
twin-multilang,ja,real-estate-sign-design,features-real-estate-sign-design-ja,プロが手掛ける不動産看板で集客,2026-05-22,プロが手掛ける不動産看板で集客,/.../real-estate-sign-design,CHECK: 5 langs 都创建; 验证每语言版内容是否仍差异化或已退化为 i18n copy
twin-multilang,de,remove-video-background,remove-video-background-de,KI-Video-Hintergrundentferner | Transparenter Video Maker | Lovart,2026-05-22,KI-Video-Hintergrundentferner | Transparenter Video Maker | Lovart,/.../remove-video-background,CHECK: 9 langs 都创建; 验证每语言版内容是否仍差异化或已退化为 i18n copy
twin-multilang,en,restaurant-brochure-design,features-restaurant-brochure-design-en,Professional Restaurant Brochure Design That Attracts Diners,2026-07-12,Professional Restaurant Brochure Design That Attracts D... | Lovart,/.../restaurant-brochure-design,CHECK: 6 langs 都创建; 验证每语言版内容是否仍差异化或已退化为 i18n copy
twin-multilang,de,restaurant-business-card-design,restaurant-business-card-design-de,Professionelles Restaurant-Business-Card-Design mit KI für bleibende Eindrücke,2026-05-22,Professionelles Restaurant-Business-Card-Design mit KI für bleibende Eindrücke,/.../restaurant-business-card-design,CHECK: 9 langs 都创建; 验证每语言版内容是否仍差异化或已退化为 i18n copy
twin-multilang,de,restaurant-door-hanger-design,restaurant-door-hanger-design-de,"KI-Türhänger-Designs für Restaurants, die lokale Bestellungen fördern",2026-05-22,"KI-Türhänger-Designs für Restaurants, die lokale Bestellungen fördern",/.../restaurant-door-hanger-design,CHECK: 7 langs 都创建; 验证每语言版内容是否仍差异化或已退化为 i18n copy
twin-multilang,de,restaurant-email-template-design,restaurant-email-template-design-de,KI-Design für Restaurant-E-Mails: Mehr Bestellungen & Reservierungen,2026-05-22,KI-Design für Restaurant-E-Mails: Mehr Bestellungen & Reservierungen,/.../restaurant-email-template-design,CHECK: 7 langs 都创建; 验证每语言版内容是否仍差异化或已退化为 i18n copy
twin-multilang,de,restaurant-gift-card-design,restaurant-gift-card-design-de,KI-Geschenkkarten-Design für mehr Umsatz & Reichweite,2026-05-22,KI-Geschenkkarten-Design für mehr Umsatz & Reichweite,/.../restaurant-gift-card-design,CHECK: 9 langs 都创建; 验证每语言版内容是否仍差异化或已退化为 i18n copy
twin-multilang,de,restaurant-logo-design,restaurant-logo-design-de,KI-Restaurant-Logos für deine Marke,2026-05-22,KI-Restaurant-Logos für deine Marke,/.../restaurant-logo-design,CHECK: 7 langs 都创建; 验证每语言版内容是否仍差异化或已退化为 i18n copy
twin-multilang,en,restaurant-menu-design,features-restaurant-menu-design-en,Professional Restaurant Menu Design | Appetizing & Profit-Boosting Menu Layouts ,2026-07-12,AI Restaurant Menu Designer — Profit-Boosting | Lovart,/.../restaurant-menu-design,CHECK: 7 langs 都创建; 验证每语言版内容是否仍差异化或已退化为 i18n copy
twin-multilang,de,restaurant-table-tent-design,restaurant-table-tent-design-de,KI-Tischaufsteller-Design steigert Verkäufe,2026-05-22,KI-Tischaufsteller-Design steigert Verkäufe,/.../restaurant-table-tent-design,CHECK: 9 langs 都创建; 验证每语言版内容是否仍差异化或已退化为 i18n copy
twin-multilang,de,sale-poster-design,sale-poster-design-de,"Individuelle Verkaufsplakate mit KI, die Kunden anziehen und Umsatz steigern",2026-05-22,"Individuelle Verkaufsplakate mit KI, die Kunden anziehen und Umsatz steigern",/.../sale-poster-design,CHECK: 6 langs 都创建; 验证每语言版内容是否仍差异化或已退化为 i18n copy
twin-multilang,de,seamless-carousel-post-visual-storytelling,seamless-carousel-post-visual-storytelling-de,Visuelles Storytelling: Nahtlose Karussell-Posts mit KI-Design-Agent | Lovart,2026-05-22,Visuelles Storytelling: Nahtlose Karussell-Posts mit KI-Design-Agent | Lovart,/.../seamless-carousel-post-visual-storytelling,CHECK: 9 langs 都创建; 验证每语言版内容是否仍差异化或已退化为 i18n copy
twin-multilang,ja,secure-student-id-card-design,features-secure-student-id-card-design-ja,プロの学生証デザイン｜安全でカスタマイズ可能なAIソリューション,2026-05-22,プロの学生証デザイン｜安全でカスタマイズ可能なAIソリューション,/.../secure-student-id-card-design,CHECK: 8 langs 都创建; 验证每语言版内容是否仍差异化或已退化为 i18n copy
twin-multilang,de,seedance-2-0-ai-video-generator,seedance-2-0-ai-video-generator-de,Lovart: Seedance 2.0 KI-Videogenerator mit Audio & Multi-Shot-Konsistenz,2026-05-22,Lovart: Seedance 2.0 KI-Videogenerator mit Audio & Multi-Shot-Konsistenz,/.../seedance-2-0-ai-video-generator,CHECK: 9 langs 都创建; 验证每语言版内容是否仍差异化或已退化为 i18n copy
twin-multilang,de,seedance-ai-ad-creatives,seedance-ai-ad-creatives-de,Hochkonvertierende Anzeigen mit Seedance 2.0 | Lovart,2026-05-22,Hochkonvertierende Anzeigen mit Seedance 2.0 | Lovart,/.../seedance-ai-ad-creatives,CHECK: 7 langs 都创建; 验证每语言版内容是否仍差异化或已退化为 i18n copy
twin-multilang,en,seedance-ai-video-generator,features-seedance-ai-video-generator-en,Seedance AI Video Generator: Create Cinematic & Fluid Motion Videos | Lovart,2026-07-12,Seedance AI Video Generator | Lovart,/.../seedance-ai-video-generator,CHECK: 6 langs 都创建; 验证每语言版内容是否仍差异化或已退化为 i18n copy
twin-multilang,ja,seedance-text-to-video-ai,features-seedance-text-to-video-ai-ja,最高の動画生成AI：Seedance 2.0,2026-05-22,最高の動画生成AI：Seedance 2.0,/.../seedance-text-to-video-ai,CHECK: 7 langs 都创建; 验证每语言版内容是否仍差异化或已退化为 i18n copy
twin-multilang,de,shopify-banner-design,shopify-banner-design-de,KI-Shopify-Banner-Generator | Smarte Banner für hohe Conversion,2026-05-22,KI-Shopify-Banner-Generator | Smarte Banner für hohe Conversion,/.../shopify-banner-design,CHECK: 8 langs 都创建; 验证每语言版内容是否仍差异化或已退化为 i18n copy
twin-multilang,fr,social-media-post-design,features-social-media-post-design-fr,social media post 制作 | Lovart,2026-07-12,social media post 制作 | Lovart,/.../social-media-post-design,CHECK: 6 langs 都创建; 验证每语言版内容是否仍差异化或已退化为 i18n copy
twin-multilang,de,social-media-template-design,social-media-template-design-de,KI-Design für einheitliche Social-Media-Vorlagen,2026-05-22,KI-Design für einheitliche Social-Media-Vorlagen,/.../social-media-template-design,CHECK: 8 langs 都创建; 验证每语言版内容是否仍差异化或已退化为 i18n copy
twin-multilang,ja,startup-logo-design,features-startup-logo-design-ja,スタートアップのロゴで差をつける,2026-05-22,スタートアップのロゴで差をつける,/.../startup-logo-design,CHECK: 6 langs 都创建; 验证每语言版内容是否仍差异化或已退化为 i18n copy
twin-multilang,fr,text-image-to-video-seedance,features-text-image-to-video-seedance-fr,Créez des vidéos à partir de texte et d'images avec Seedance 2.0 | Lovart,2026-05-22,Créez des vidéos à partir de texte et d'images avec Seedance 2.0 | Lovart,/.../text-image-to-video-seedance,CHECK: 8 langs 都创建; 验证每语言版内容是否仍差异化或已退化为 i18n copy
twin-multilang,de,text-to-video-ai,text-to-video-ai-de,"KI-Text-zu-Video: Erstelle mit Sora 2, Veo 3 & Kling | Lovart",2026-05-22,"KI-Text-zu-Video: Erstelle mit Sora 2, Veo 3 & Kling | Lovart",/.../text-to-video-ai,CHECK: 9 langs 都创建; 验证每语言版内容是否仍差异化或已退化为 i18n copy
twin-multilang,de,text-to-video-ai-generator-veo3,text-to-video-ai-generator-veo3-de,KI-Video-Generator: Erstelle Kinofilme mit Veo 3 | Lovart,2026-05-22,KI-Video-Generator: Erstelle Kinofilme mit Veo 3 | Lovart,/.../text-to-video-ai-generator-veo3,CHECK: 9 langs 都创建; 验证每语言版内容是否仍差异化或已退化为 i18n copy
twin-multilang,de,touch-edit-ai,touch-edit-ai-de,Touch Edit: KI-Objektbearbeitung & generative Füllung | Lovart,2026-05-22,Touch Edit: KI-Objektbearbeitung & generative Füllung | Lovart,/.../touch-edit-ai,CHECK: 9 langs 都创建; 验证每语言版内容是否仍差异化或已退化为 i18n copy
twin-multilang,ja,twitter-header-design,features-twitter-header-design-ja,権威構築とフォロワー増加のAIヘッダーデザイン,2026-05-22,権威構築とフォロワー増加のAIヘッダーデザイン,/.../twitter-header-design,CHECK: 5 langs 都创建; 验证每语言版内容是否仍差异化或已退化为 i18n copy
twin-multilang,de,video-background-changer,video-background-changer-de,KI-Videohintergrund wechseln | Lovart,2026-05-22,KI-Videohintergrund wechseln | Lovart,/.../video-background-changer,CHECK: 9 langs 都创建; 验证每语言版内容是否仍差异化或已退化为 i18n copy
twin-multilang,de,video-background-remover,video-background-remover-de,Kostenloser KI-Video-Hintergrundentferner | Transparente Videos | Lovart,2026-05-22,Kostenloser KI-Video-Hintergrundentferner | Transparente Videos | Lovart,/.../video-background-remover,CHECK: 9 langs 都创建; 验证每语言版内容是否仍差异化或已退化为 i18n copy
twin-multilang,de,wedding-invitation-design,wedding-invitation-design-de,"KI-Hochzeitseinladung, die zu eurer Liebesgeschichte passt",2026-05-22,"KI-Hochzeitseinladung, die zu eurer Liebesgeschichte passt",/.../wedding-invitation-design,CHECK: 9 langs 都创建; 验证每语言版内容是否仍差异化或已退化为 i18n copy
twin-multilang,ja,wine-label-design,features-wine-label-design-ja,売れるワインラベルデザイン｜高級ブランド向け,2026-05-22,売れるワインラベルデザイン｜高級ブランド向け,/.../wine-label-design,CHECK: 6 langs 都创建; 验证每语言版内容是否仍差异化或已退化为 i18n copy
twin-multilang,fr,worksheet-design,features-worksheet-design-fr,Création de fiches éducatives IA avec Lovart,2026-07-12,Création de fiches éducatives IA avec Lovart,/.../worksheet-design,CHECK: 5 langs 都创建; 验证每语言版内容是否仍差异化或已退化为 i18n copy
twin-multilang,en,good-design-for-business-owners,good-design-for-business-owners-en,Good Design for Business Owners,2026-07-12,Good Design for Business Owners | Lovart,/.../good-design-for-business-owners,CHECK: 8 langs 都创建; 验证每语言版内容是否仍差异化或已退化为 i18n copy
twin-multilang,en,good-design-for-marketers,good-design-for-marketers-en,Good Design for Marketers,2026-07-12,Good Design for Marketers | Lovart,/.../good-design-for-marketers,CHECK: 8 langs 都创建; 验证每语言版内容是否仍差异化或已退化为 i18n copy
twin-multilang,fr,ai-design-for-small-business-hub,solutions-ai-design-for-small-business-hub-fr,AI Design Solution for Local Business,2026-07-12,AI Design Solution for Local Business | Lovart,/.../ai-design-for-small-business-hub,CHECK: 5 langs 都创建; 验证每语言版内容是否仍差异化或已退化为 i18n copy
twin-multilang,de,ai-design-solution-for-agencies,solutions-ai-design-solution-for-agencies-de,AI Design Solution for Agencies,2026-07-12,AI Design Solution for Agencies | Lovart,/.../ai-design-solution-for-agencies,CHECK: 5 langs 都创建; 验证每语言版内容是否仍差异化或已退化为 i18n copy
twin-multilang,de,agentic-design-platform,tools-agentic-design-platform-de,KI-Agentic AI Design Platform — Intelligent Creative Automation | Lovart,2026-07-12,KI-Agentic AI Design Platform — Intelligent Creative Automation | Lovart,/.../agentic-design-platform,CHECK: 9 langs 都创建; 验证每语言版内容是否仍差异化或已退化为 i18n copy
twin-multilang,zh,ai-3d-animation,tools-ai-3d-animation-zh,AI 3D 动画|Lovart,2026-07-13,AI 3D 动画 | Lovart,/.../ai-3d-animation,CHECK: 6 langs 都创建; 验证每语言版内容是否仍差异化或已退化为 i18n copy
twin-multilang,zh,ai-3d-model-generator,tools-ai-3d-model-generator-zh,AI 3D 模型生成器|Lovart,2026-07-13,AI 3D 模型生成器 | Lovart,/.../ai-3d-model-generator,CHECK: 5 langs 都创建; 验证每语言版内容是否仍差异化或已退化为 i18n copy
twin-multilang,fr,ai-3d-texture-free,tools-ai-3d-texture-free-fr,[FR] Free AI 3D Texture Generator — PBR Materials | Lovart,2026-07-12,[FR] Free AI 3D Texture Generator — PBR Materials | Lovart,/.../ai-3d-texture-free,CHECK: 6 langs 都创建; 验证每语言版内容是否仍差异化或已退化为 i18n copy
twin-multilang,de,ai-3d-texture-generator,tools-ai-3d-texture-generator-de,Ai 3D Texture Generator | Lovart,2026-07-12,ai-3d-texture-generator | Lovart,/.../ai-3d-texture-generator,CHECK: 6 langs 都创建; 验证每语言版内容是否仍差异化或已退化为 i18n copy
twin-multilang,en,ai-3d-textures,tools-ai-3d-textures-en,3D textures | Lovart,2026-07-12,3D textures | Lovart,/.../ai-3d-textures,CHECK: 5 langs 都创建; 验证每语言版内容是否仍差异化或已退化为 i18n copy
twin-multilang,de,ai-agent-platform,tools-ai-agent-platform-de,Ai Agent Platform | Lovart,2026-07-12,ai-agent-platform | Lovart,/.../ai-agent-platform,CHECK: 9 langs 都创建; 验证每语言版内容是否仍差异化或已退化为 i18n copy
twin-multilang,it,ai-ai-short-video,tools-ai-ai-short-video-it,[IT] AI Short Video Creator — Quick Social Video Production | Lovart,2026-07-12,[IT] AI Short Video Creator — Quick Social Video Production | Lovart,/.../ai-ai-short-video,CHECK: 5 langs 都创建; 验证每语言版内容是否仍差异化或已退化为 i18n copy
twin-multilang,de,ai-ai-shorts,tools-ai-ai-shorts-de,[DE] AI Shorts Maker — Create Viral Short-Form Videos | Lovart,2026-07-12,[DE] AI Shorts Maker — Create Viral Short-Form Videos | Lovart,/.../ai-ai-shorts,CHECK: 7 langs 都创建; 验证每语言版内容是否仍差异化或已退化为 i18n copy
twin-multilang,de,ai-animation-generator,tools-ai-animation-generator-de,[DE] Free AI Animation Generator — Create Animated Videos Online | Lovart,2026-07-12,[DE] Free AI Animation Generator — Create Animated Videos Online | Lovart,/.../ai-animation-generator,CHECK: 7 langs 都创建; 验证每语言版内容是否仍差异化或已退化为 i18n copy
twin-multilang,de,ai-anime-generator,tools-ai-anime-generator-de,Ai Anime Generator | Lovart,2026-07-12,ai-anime-generator | Lovart,/.../ai-anime-generator,CHECK: 8 langs 都创建; 验证每语言版内容是否仍差异化或已退化为 i18n copy
twin-multilang,en,ai-anime-video,tools-ai-anime-video-en,动漫 视频 | Lovart,2026-07-12,动漫 视频 | Lovart,/.../ai-anime-video,CHECK: 6 langs 都创建; 验证每语言版内容是否仍差异化或已退化为 i18n copy
twin-multilang,en,ai-api-access,tools-ai-api-access-en,API 接入 | Lovart,2026-07-12,API 接入 | Lovart,/.../ai-api-access,CHECK: 8 langs 都创建; 验证每语言版内容是否仍差异化或已退化为 i18n copy
twin-multilang,fr,ai-app-design,tools-ai-app-design-fr,[FR] AI App Screen Designer — Create Mobile App Mockups | Lovart,2026-07-12,[FR] AI App Screen Designer — Create Mobile App Mockups | Lovart,/.../ai-app-design,CHECK: 6 langs 都创建; 验证每语言版内容是否仍差异化或已退化为 i18n copy
twin-multilang,en,ai-assets-library,tools-ai-assets-library-en,资源 素材库 | Lovart,2026-07-12,资源 素材库 | Lovart,/.../ai-assets-library,CHECK: 7 langs 都创建; 验证每语言版内容是否仍差异化或已退化为 i18n copy
twin-multilang,de,ai-baby-announcement,tools-ai-baby-announcement-de,Ai Baby Announcement | Lovart,2026-07-12,ai-baby-announcement | Lovart,/.../ai-baby-announcement,CHECK: 8 langs 都创建; 验证每语言版内容是否仍差异化或已退化为 i18n copy
twin-multilang,de,ai-background-blur,tools-ai-background-blur-de,[DE] AI Background Blur Tool — Blur Photo Backgrounds Instantly | Lovart,2026-07-12,[DE] AI Background Blur Tool — Blur Photo Backgrounds Instantly | Lovart,/.../ai-background-blur,CHECK: 6 langs 都创建; 验证每语言版内容是否仍差异化或已退化为 i18n copy
twin-multilang,de,ai-background-remover,tools-ai-background-remover-de,Ai Background Remover | Lovart,2026-07-12,ai-background-remover | Lovart,/.../ai-background-remover,CHECK: 7 langs 都创建; 验证每语言版内容是否仍差异化或已退化为 i18n copy
twin-multilang,de,ai-banner-maker,tools-ai-banner-maker-de,Ai Banner Maker | Lovart,2026-07-12,ai-banner-maker | Lovart,/.../ai-banner-maker,CHECK: 9 langs 都创建; 验证每语言版内容是否仍差异化或已退化为 i18n copy
twin-multilang,fr,ai-bdr-toolkit,tools-ai-bdr-toolkit-fr,[FR] AI Sales Design Toolkit — BDR & Sales Enablement Graphics | Lovart,2026-07-12,[FR] AI Sales Design Toolkit — BDR & Sales Enablement Graphics | Lovart,/.../ai-bdr-toolkit,CHECK: 8 langs 都创建; 验证每语言版内容是否仍差异化或已退化为 i18n copy
twin-multilang,de,ai-billboard-design,tools-ai-billboard-design-de,[DE] AI Billboard Designer — Create Outdoor Advertising Designs | Lovart,2026-07-12,[DE] AI Billboard Designer — Create Outdoor Advertising Designs | Lovart,/.../ai-billboard-design,CHECK: 7 langs 都创建; 验证每语言版内容是否仍差异化或已退化为 i18n copy
twin-multilang,en,ai-book-cover-maker,tools-ai-book-cover-maker-en,书籍 封面 制作 | Lovart,2026-07-12,书籍 封面 制作 | Lovart,/.../ai-book-cover-maker,CHECK: 6 langs 都创建; 验证每语言版内容是否仍差异化或已退化为 i18n copy
twin-multilang,fr,ai-brand-campaign,tools-ai-brand-campaign-fr,[FR] AI Brand Campaign Designer — Complete Campaign Assets | Lovart,2026-07-12,[FR] AI Brand Campaign Designer — Complete Campaign Assets | Lovart,/.../ai-brand-campaign,CHECK: 5 langs 都创建; 验证每语言版内容是否仍差异化或已退化为 i18n copy
twin-multilang,de,ai-brand-creator,tools-ai-brand-creator-de,Ai Brand Creator | Lovart,2026-07-12,ai-brand-creator | Lovart,/.../ai-brand-creator,CHECK: 5 langs 都创建; 验证每语言版内容是否仍差异化或已退化为 i18n copy
twin-multilang,de,ai-brand-guidelines,tools-ai-brand-guidelines-de,Ai Brand Guidelines | Lovart,2026-07-12,ai-brand-guidelines | Lovart,/.../ai-brand-guidelines,CHECK: 5 langs 都创建; 验证每语言版内容是否仍差异化或已退化为 i18n copy
twin-multilang,en,ai-brand-identity,tools-ai-brand-identity-en,品牌 识别 | Lovart,2026-07-12,品牌 识别 | Lovart,/.../ai-brand-identity,CHECK: 6 langs 都创建; 验证每语言版内容是否仍差异化或已退化为 i18n copy
twin-multilang,de,ai-brand-kit,tools-ai-brand-kit-de,Ai Brand Kit | Lovart,2026-07-12,ai-brand-kit | Lovart,/.../ai-brand-kit,CHECK: 6 langs 都创建; 验证每语言版内容是否仍差异化或已退化为 i18n copy
twin-multilang,fr,ai-brand-tool,tools-ai-brand-tool-fr,[FR] AI Brand Tool — Build & Manage Your Brand | Lovart,2026-07-12,[FR] AI Brand Tool — Build & Manage Your Brand | Lovart,/.../ai-brand-tool,CHECK: 5 langs 都创建; 验证每语言版内容是否仍差异化或已退化为 i18n copy
twin-multilang,en,ai-branding-kit,tools-ai-branding-kit-en,branding 套件 | Lovart,2026-07-12,branding 套件 | Lovart,/.../ai-branding-kit,CHECK: 5 langs 都创建; 验证每语言版内容是否仍差异化或已退化为 i18n copy
twin-multilang,de,ai-brochure-maker,tools-ai-brochure-maker-de,Ai Brochure Maker | Lovart,2026-07-12,ai-brochure-maker | Lovart,/.../ai-brochure-maker,CHECK: 6 langs 都创建; 验证每语言版内容是否仍差异化或已退化为 i18n copy
twin-multilang,de,ai-business-card-scanner,tools-ai-business-card-scanner-de,[DE] AI Business Card Designer — Digital & Print Business Cards | Lovart,2026-07-12,[DE] AI Business Card Designer — Digital & Print Business Cards | Lovart,/.../ai-business-card-scanner,CHECK: 5 langs 都创建; 验证每语言版内容是否仍差异化或已退化为 i18n copy
twin-multilang,de,ai-card-maker,tools-ai-card-maker-de,Ai Card Maker | Lovart,2026-07-12,ai-card-maker | Lovart,/.../ai-card-maker,CHECK: 7 langs 都创建; 验证每语言版内容是否仍差异化或已退化为 i18n copy
twin-multilang,de,ai-carousel-maker,tools-ai-carousel-maker-de,Ai Carousel Maker | Lovart,2026-07-12,ai-carousel-maker | Lovart,/.../ai-carousel-maker,CHECK: 9 langs 都创建; 验证每语言版内容是否仍差异化或已退化为 i18n copy
twin-multilang,de,ai-catalog-maker,tools-ai-catalog-maker-de,Ai Catalog Maker | Lovart,2026-07-12,ai-catalog-maker | Lovart,/.../ai-catalog-maker,CHECK: 7 langs 都创建; 验证每语言版内容是否仍差异化或已退化为 i18n copy
twin-multilang,de,ai-certificate-maker,tools-ai-certificate-maker-de,[DE] Free AI Certificate Maker — Design Custom Certificates | Lovart,2026-07-12,[DE] Free AI Certificate Maker — Design Custom Certificates | Lovart,/.../ai-certificate-maker,CHECK: 7 langs 都创建; 验证每语言版内容是否仍差异化或已退化为 i18n copy
twin-multilang,de,ai-chat-pdf,tools-ai-chat-pdf-de,Ai Chat Pdf | Lovart,2026-07-12,ai-chat-pdf | Lovart,/.../ai-chat-pdf,CHECK: 8 langs 都创建; 验证每语言版内容是否仍差异化或已退化为 i18n copy
twin-multilang,de,ai-cinema-studio,tools-ai-cinema-studio-de,Ai Cinema Studio | Lovart,2026-07-12,ai-cinema-studio | Lovart,/.../ai-cinema-studio,CHECK: 7 langs 都创建; 验证每语言版内容是否仍差异化或已退化为 i18n copy
twin-multilang,de,ai-cinematic-video,tools-ai-cinematic-video-de,[DE] AI Cinematic Video Generator — Create Hollywood-Style Videos | Lovart,2026-07-12,[DE] AI Cinematic Video Generator — Create Hollywood-Style Videos | Lovart,/.../ai-cinematic-video,CHECK: 7 langs 都创建; 验证每语言版内容是否仍差异化或已退化为 i18n copy
twin-multilang,en,ai-clothing-mockup,tools-ai-clothing-mockup-en,clothing mockup | Lovart,2026-07-12,clothing mockup | Lovart,/.../ai-clothing-mockup,CHECK: 6 langs 都创建; 验证每语言版内容是否仍差异化或已退化为 i18n copy
twin-multilang,en,ai-coaching-branding,tools-ai-coaching-branding-en,coaching branding | Lovart,2026-07-12,coaching branding | Lovart,/.../ai-coaching-branding,CHECK: 6 langs 都创建; 验证每语言版内容是否仍差异化或已退化为 i18n copy
twin-multilang,de,ai-commercial-generator,tools-ai-commercial-generator-de,Ai Commercial Generator | Lovart,2026-07-12,ai-commercial-generator | Lovart,/.../ai-commercial-generator,CHECK: 8 langs 都创建; 验证每语言版内容是否仍差异化或已退化为 i18n copy
twin-multilang,de,ai-community-design,tools-ai-community-design-de,[DE] AI Design Community — Connect & Create Together | Lovart,2026-07-12,[DE] AI Design Community — Connect & Create Together | Lovart,/.../ai-community-design,CHECK: 6 langs 都创建; 验证每语言版内容是否仍差异化或已退化为 i18n copy
twin-multilang,en,ai-comparison-chart,tools-ai-comparison-chart-en,comparison chart | Lovart,2026-07-12,comparison chart | Lovart,/.../ai-comparison-chart,CHECK: 5 langs 都创建; 验证每语言版内容是否仍差异化或已退化为 i18n copy
twin-multilang,de,ai-consistent-character,tools-ai-consistent-character-de,Ai Consistent Character | Lovart,2026-07-12,ai-consistent-character | Lovart,/.../ai-consistent-character,CHECK: 6 langs 都创建; 验证每语言版内容是否仍差异化或已退化为 i18n copy
twin-multilang,en,ai-content-authenticity,tools-ai-content-authenticity-en,content authenticity | Lovart,2026-07-12,content authenticity | Lovart,/.../ai-content-authenticity,CHECK: 5 langs 都创建; 验证每语言版内容是否仍差异化或已退化为 i18n copy
twin-multilang,de,ai-content-calendar,tools-ai-content-calendar-de,[DE] AI Content Calendar Designer — Plan & Design Content | Lovart,2026-07-12,[DE] AI Content Calendar Designer — Plan & Design Content | Lovart,/.../ai-content-calendar,CHECK: 8 langs 都创建; 验证每语言版内容是否仍差异化或已退化为 i18n copy
twin-multilang,en,ai-content-creator,tools-ai-content-creator-en,content 创建器 | Lovart,2026-07-12,content 创建器 | Lovart,/.../ai-content-creator,CHECK: 5 langs 都创建; 验证每语言版内容是否仍差异化或已退化为 i18n copy
twin-multilang,en,ai-content-safety,tools-ai-content-safety-en,content safety | Lovart,2026-07-12,content safety | Lovart,/.../ai-content-safety,CHECK: 7 langs 都创建; 验证每语言版内容是否仍差异化或已退化为 i18n copy
twin-multilang,en,ai-controlnet,tools-ai-controlnet-en,controlnet | Lovart,2026-07-12,controlnet | Lovart,/.../ai-controlnet,CHECK: 6 langs 都创建; 验证每语言版内容是否仍差异化或已退化为 i18n copy
twin-multilang,en,ai-copilot-design,tools-ai-copilot-design-en,copilot 设计 | Lovart,2026-07-12,copilot 设计 | Lovart,/.../ai-copilot-design,CHECK: 7 langs 都创建; 验证每语言版内容是否仍差异化或已退化为 i18n copy
twin-multilang,de,ai-coupon-maker,tools-ai-coupon-maker-de,[DE] AI Coupon Maker — Design Promotional Coupons & Vouchers | Lovart,2026-07-12,[DE] AI Coupon Maker — Design Promotional Coupons & Vouchers | Lovart,/.../ai-coupon-maker,CHECK: 8 langs 都创建; 验证每语言版内容是否仍差异化或已退化为 i18n copy
twin-multilang,de,ai-creative-suite,tools-ai-creative-suite-de,Ai Creative Suite | Lovart,2026-07-12,ai-creative-suite | Lovart,/.../ai-creative-suite,CHECK: 8 langs 都创建; 验证每语言版内容是否仍差异化或已退化为 i18n copy
twin-multilang,de,ai-creative-tool,tools-ai-creative-tool-de,Ai Creative Tool | Lovart,2026-07-12,ai-creative-tool | Lovart,/.../ai-creative-tool,CHECK: 7 langs 都创建; 验证每语言版内容是否仍差异化或已退化为 i18n copy
twin-multilang,de,ai-crisis-communication,tools-ai-crisis-communication-de,[DE] AI Crisis Communication Template — Emergency Response Documents | Lovart,2026-07-12,[DE] AI Crisis Communication Template — Emergency Response Documents | Lovart,/.../ai-crisis-communication,CHECK: 6 langs 都创建; 验证每语言版内容是否仍差异化或已退化为 i18n copy
twin-multilang,de,ai-custom-font,tools-ai-custom-font-de,Ai Custom Font | Lovart,2026-07-12,ai-custom-font | Lovart,/.../ai-custom-font,CHECK: 8 langs 都创建; 验证每语言版内容是否仍差异化或已退化为 i18n copy
twin-multilang,de,ai-data-visualization,tools-ai-data-visualization-de,Ai Data Visualization | Lovart,2026-07-12,ai-data-visualization | Lovart,/.../ai-data-visualization,CHECK: 6 langs 都创建; 验证每语言版内容是否仍差异化或已退化为 i18n copy
twin-multilang,de,ai-design-agency,tools-ai-design-agency-de,Ai Design Agency | Lovart,2026-07-12,ai-design-agency | Lovart,/.../ai-design-agency,CHECK: 8 langs 都创建; 验证每语言版内容是否仍差异化或已退化为 i18n copy
twin-multilang,de,ai-design-alternative,tools-ai-design-alternative-de,[DE] AI Design Alternative — Switch to Intelligent Design | Lovart,2026-07-12,[DE] AI Design Alternative — Switch to Intelligent Design | Lovart,/.../ai-design-alternative,CHECK: 6 langs 都创建; 验证每语言版内容是否仍差异化或已退化为 i18n copy
twin-multilang,en,ai-design-asset-library,tools-ai-design-asset-library-en,设计 asset 素材库 | Lovart,2026-07-12,设计 asset 素材库 | Lovart,/.../ai-design-asset-library,CHECK: 5 langs 都创建; 验证每语言版内容是否仍差异化或已退化为 i18n copy
twin-multilang,en,ai-design-canvas,tools-ai-design-canvas-en,设计 canvas | Lovart,2026-07-12,设计 canvas | Lovart,/.../ai-design-canvas,CHECK: 5 langs 都创建; 验证每语言版内容是否仍差异化或已退化为 i18n copy
twin-multilang,de,ai-design-enterprise-team,tools-ai-design-enterprise-team-de,[DE] AI Design for Enterprise Teams — Corporate Creative Platform | Lovart,2026-07-12,[DE] AI Design for Enterprise Teams — Corporate Creative Platform | Lovart,/.../ai-design-enterprise-team,CHECK: 6 langs 都创建; 验证每语言版内容是否仍差异化或已退化为 i18n copy
twin-multilang,fr,ai-design-for-agencies,tools-ai-design-for-agencies-fr,[FR] AI Design for Agencies — Agency Creative Automation | Lovart,2026-07-12,[FR] AI Design for Agencies — Agency Creative Automation | Lovart,/.../ai-design-for-agencies,CHECK: 6 langs 都创建; 验证每语言版内容是否仍差异化或已退化为 i18n copy
twin-multilang,en,ai-design-for-business-owners,tools-ai-design-for-business-owners-en,设计 商务 owners | Lovart,2026-07-12,设计 商务 owners | Lovart,/.../ai-design-for-business-owners,CHECK: 5 langs 都创建; 验证每语言版内容是否仍差异化或已退化为 i18n copy
twin-multilang,de,ai-design-for-creators,tools-ai-design-for-creators-de,Ai Design For Creators | Lovart,2026-07-12,ai-design-for-creators | Lovart,/.../ai-design-for-creators,CHECK: 7 langs 都创建; 验证每语言版内容是否仍差异化或已退化为 i18n copy
twin-multilang,de,ai-design-for-designers,tools-ai-design-for-designers-de,Ai Design For Designers | Lovart,2026-07-12,ai-design-for-designers | Lovart,/.../ai-design-for-designers,CHECK: 8 langs 都创建; 验证每语言版内容是否仍差异化或已退化为 i18n copy
twin-multilang,de,ai-design-for-developers,tools-ai-design-for-developers-de,Ai Design For Developers | Lovart,2026-07-12,ai-design-for-developers | Lovart,/.../ai-design-for-developers,CHECK: 7 langs 都创建; 验证每语言版内容是否仍差异化或已退化为 i18n copy
twin-multilang,de,ai-design-for-enterprise,tools-ai-design-for-enterprise-de,Ai Design For Enterprise | Lovart,2026-07-12,ai-design-for-enterprise | Lovart,/.../ai-design-for-enterprise,CHECK: 7 langs 都创建; 验证每语言版内容是否仍差异化或已退化为 i18n copy
twin-multilang,it,ai-design-for-filmmakers,tools-ai-design-for-filmmakers-it,[IT] AI Design for Filmmakers — Film & Video Design Tools | Lovart,2026-07-12,[IT] AI Design for Filmmakers — Film & Video Design Tools | Lovart,/.../ai-design-for-filmmakers,CHECK: 6 langs 都创建; 验证每语言版内容是否仍差异化或已退化为 i18n copy
twin-multilang,ja,ai-design-for-product-managers,tools-ai-design-for-product-managers-ja,[JA] AI Design for Product Managers — Product Marketing Assets | Lovart,2026-07-12,[JA] AI Design for Product Managers — Product Marketing Assets | Lovart,/.../ai-design-for-product-managers,CHECK: 5 langs 都创建; 验证每语言版内容是否仍差异化或已退化为 i18n copy
twin-multilang,fr,ai-ebook-cover-maker,tools-ai-ebook-cover-maker-fr,[FR] Free AI Ebook Cover Maker — Design Professional Book Covers | Lovart,2026-07-12,[FR] Free AI Ebook Cover Maker — Design Professional Book Covers | Lovart,/.../ai-ebook-cover-maker,CHECK: 7 langs 都创建; 验证每语言版内容是否仍差异化或已退化为 i18n copy
twin-multilang,zh,ai-emoji-generator,tools-ai-emoji-generator-zh,AI 表情符号生成器 | Lovart,2026-07-13,AI 表情符号生成器 | Lovart,/.../ai-emoji-generator,CHECK: 6 langs 都创建; 验证每语言版内容是否仍差异化或已退化为 i18n copy
twin-multilang,de,ai-flyer-maker,tools-ai-flyer-maker-de,Ai Flyer Maker | Lovart,2026-07-12,ai-flyer-maker | Lovart,/.../ai-flyer-maker,CHECK: 7 langs 都创建; 验证每语言版内容是否仍差异化或已退化为 i18n copy
twin-multilang,zh,ai-hairstyle-changer,tools-ai-hairstyle-changer-zh,AI 发型试戴 | Lovart,2026-07-13,AI 发型试戴 | Lovart,/.../ai-hairstyle-changer,CHECK: 6 langs 都创建; 验证每语言版内容是否仍差异化或已退化为 i18n copy
twin-multilang,en,ai-infographic-creator,tools-ai-infographic-creator-en,infographic 创建器 | Lovart,2026-07-12,infographic 创建器 | Lovart,/.../ai-infographic-creator,CHECK: 8 langs 都创建; 验证每语言版内容是否仍差异化或已退化为 i18n copy
twin-multilang,de,ai-instagram-posts,tools-ai-instagram-posts-de,[DE] AI Instagram Post Maker — Design Grid-Ready Content | Lovart,2026-07-12,[DE] AI Instagram Post Maker — Design Grid-Ready Content | Lovart,/.../ai-instagram-posts,CHECK: 6 langs 都创建; 验证每语言版内容是否仍差异化或已退化为 i18n copy
twin-multilang,de,ai-interior-design,tools-ai-interior-design-de,[DE] AI Interior Design Generator — Visualize Room Makeovers | Lovart,2026-07-12,[DE] AI Interior Design Generator — Visualize Room Makeovers | Lovart,/.../ai-interior-design,CHECK: 5 langs 都创建; 验证每语言版内容是否仍差异化或已退化为 i18n copy
twin-multilang,de,ai-invitation-maker,tools-ai-invitation-maker-de,Ai Invitation Maker | Lovart,2026-07-12,ai-invitation-maker | Lovart,/.../ai-invitation-maker,CHECK: 5 langs 都创建; 验证每语言版内容是否仍差异化或已退化为 i18n copy
twin-multilang,it,ai-logo-design,tools-ai-logo-design-it,[IT] AI Logo Design Tool — Professional Logo Creator | Lovart,2026-07-12,[IT] AI Logo Design Tool — Professional Logo Creator | Lovart,/.../ai-logo-design,CHECK: 5 langs 都创建; 验证每语言版内容是否仍差异化或已退化为 i18n copy
twin-multilang,ja,ai-logo-generator,topic-ai-logo-generator-ja,AIロゴジェネレーター — プロ品質のブランドロゴを数分で | Lovart,2026-07-12,AIロゴジェネレーター：ブランドアイデンティティを数分で作成 | Lovart,/.../ai-logo-generator,CHECK: 8 langs 都创建; 验证每语言版内容是否仍差异化或已退化为 i18n copy
twin-multilang,de,ai-online-photo-editor,tools-ai-online-photo-editor-de,[DE] AI Online Photo Editor — Edit Images in Browser | Lovart,2026-07-12,[DE] AI Online Photo Editor — Edit Images in Browser | Lovart,/.../ai-online-photo-editor,CHECK: 6 langs 都创建; 验证每语言版内容是否仍差异化或已退化为 i18n copy
twin-multilang,de,ai-pet-portrait,tools-ai-pet-portrait-de,Ai Pet Portrait | Lovart,2026-07-12,ai-pet-portrait | Lovart,/.../ai-pet-portrait,CHECK: 5 langs 都创建; 验证每语言版内容是否仍差异化或已退化为 i18n copy
twin-multilang,zh,ai-photo-editor-free,tools-ai-photo-editor-free-zh,AI 照片编辑器免费 | Lovart,2026-07-13,AI 照片编辑器免费 | Lovart,/.../ai-photo-editor-free,CHECK: 6 langs 都创建; 验证每语言版内容是否仍差异化或已退化为 i18n copy
twin-multilang,en,ai-photo-editor-online,tools-ai-photo-editor-online-en,photo 编辑器 online | Lovart,2026-07-12,photo 编辑器 online | Lovart,/.../ai-photo-editor-online,CHECK: 6 langs 都创建; 验证每语言版内容是否仍差异化或已退化为 i18n copy
twin-multilang,de,ai-poster-creator,tools-ai-poster-creator-de,[DE] AI Poster Creator — Design Professional Posters | Lovart,2026-07-12,[DE] AI Poster Creator — Design Professional Posters | Lovart,/.../ai-poster-creator,CHECK: 6 langs 都创建; 验证每语言版内容是否仍差异化或已退化为 i18n copy
twin-multilang,de,ai-poster-maker,tools-ai-poster-maker-de,[DE] ai-poster-maker,2026-07-12,KI AI Poster Maker — Erstellen Sie professionelle Designs sofort | Lovart,/.../ai-poster-maker,CHECK: 8 langs 都创建; 验证每语言版内容是否仍差异化或已退化为 i18n copy
twin-multilang,zh,ai-poster-maker-free,tools-ai-poster-maker-free-zh,AI 海报生成器免费 | Lovart,2026-07-13,AI 海报生成器免费 | Lovart,/.../ai-poster-maker-free,CHECK: 6 langs 都创建; 验证每语言版内容是否仍差异化或已退化为 i18n copy
twin-multilang,en,ai-product-photography,tools-ai-product-photography-en,AI Product Photography — Studio Shots in 60 Seconds|Lovart,2026-07-12,AI Product Photography | Studio Shots | Lovart,/.../ai-product-photography,CHECK: 5 langs 都创建; 验证每语言版内容是否仍差异化或已退化为 i18n copy
twin-multilang,en,ai-social-media-content,tools-ai-social-media-content-en,social media content | Lovart,2026-07-12,social media content | Lovart,/.../ai-social-media-content,CHECK: 8 langs 都创建; 验证每语言版内容是否仍差异化或已退化为 i18n copy
twin-multilang,zh,ai-storyboard-generator,tools-ai-storyboard-generator-zh,AI 分镜脚本生成器 | Lovart,2026-07-13,AI 分镜脚本生成器 | Lovart,/.../ai-storyboard-generator,CHECK: 5 langs 都创建; 验证每语言版内容是否仍差异化或已退化为 i18n copy
twin-multilang,en,ai-t-shirt-design,tools-ai-t-shirt-design-en,t shirt 设计 | Lovart,2026-07-12,t shirt 设计 | Lovart,/.../ai-t-shirt-design,CHECK: 8 langs 都创建; 验证每语言版内容是否仍差异化或已退化为 i18n copy
twin-multilang,de,ai-vector-generator,tools-ai-vector-generator-de,[DE] AI Vector Generator — Create SVG Vectors from Text | Lovart,2026-07-12,[DE] AI Vector Generator — Create SVG Vectors from Text | Lovart,/.../ai-vector-generator,CHECK: 5 langs 都创建; 验证每语言版内容是否仍差异化或已退化为 i18n copy
twin-multilang,fr,ai-video-ad-generator-seedance,tools-ai-video-ad-generator-seedance-fr,Générateur de publicité vidéo IA Seedance | Annonces de produits performants | L,2026-05-22,Générateur de publicité vidéo IA Seedance | Annonces de produits performants | L,/.../ai-video-ad-generator-seedance,CHECK: 8 langs 都创建; 验证每语言版内容是否仍差异化或已退化为 i18n copy
twin-multilang,de,ai-video-generator-free,tools-ai-video-generator-free-de,Ai Video Generator Free | Lovart,2026-07-12,ai-video-generator-free | Lovart,/.../ai-video-generator-free,CHECK: 7 langs 都创建; 验证每语言版内容是否仍差异化或已退化为 i18n copy
twin-multilang,de,ai-vs-chatgpt-design,tools-ai-vs-chatgpt-design-de,Ai Vs Chatgpt Design | Lovart,2026-07-12,ai-vs-chatgpt-design | Lovart,/.../ai-vs-chatgpt-design,CHECK: 6 langs 都创建; 验证每语言版内容是否仍差异化或已退化为 i18n copy
twin-multilang,de,ai-wedding-invitation,tools-ai-wedding-invitation-de,Ai Wedding Invitation | Lovart,2026-07-12,ai-wedding-invitation | Lovart,/.../ai-wedding-invitation,CHECK: 7 langs 都创建; 验证每语言版内容是否仍差异化或已退化为 i18n copy
twin-multilang,zh,ai-youtube-thumbnail-maker,tools-ai-youtube-thumbnail-maker-zh,AI YouTube 缩略图生成器 | Lovart,2026-07-13,AI YouTube 缩略图生成器 | Lovart,/.../ai-youtube-thumbnail-maker,CHECK: 6 langs 都创建; 验证每语言版内容是否仍差异化或已退化为 i18n copy
twin-multilang,de,ai-youtube-thumbnails,tools-ai-youtube-thumbnails-de,Ai Youtube Thumbnails | Lovart,2026-07-12,ai-youtube-thumbnails | Lovart,/.../ai-youtube-thumbnails,CHECK: 7 langs 都创建; 验证每语言版内容是否仍差异化或已退化为 i18n copy
twin-multilang,de,alternative-to-figma,tools-alternative-to-figma-de,Alternative To Figma | Lovart,2026-07-12,alternative-to-figma | Lovart,/.../alternative-to-figma,CHECK: 7 langs 都创建; 验证每语言版内容是否仍差异化或已退化为 i18n copy
twin-multilang,it,better-than-ai-design,tools-better-than-ai-design-it,[IT] Better Than Basic AI Design — Professional Output | Lovart,2026-07-12,[IT] Better Than Basic AI Design — Professional Output | Lovart,/.../better-than-ai-design,CHECK: 5 langs 都创建; 验证每语言版内容是否仍差异化或已退化为 i18n copy
twin-multilang,de,image-to-video-ai,topic-image-to-video-ai-de,Bild-zu-Video-KI — Statische Bilder mit MCoT Engine animieren | Lovart,2026-07-12,Bild-zu-Video-KI: Verwandeln Sie Fotos in professionelle Videos | Lovart,/.../image-to-video-ai,CHECK: 8 langs 都创建; 验证每语言版内容是否仍差异化或已退化为 i18n copy
twin-multilang,de,mac-ai-design,tools-mac-ai-design-de,[DE] AI Design for Mac — Native macOS Application | Lovart,2026-07-12,[DE] AI Design for Mac — Native macOS Application | Lovart,/.../mac-ai-design,CHECK: 5 langs 都创建; 验证每语言版内容是否仍差异化或已退化为 i18n copy
twin-multilang,de,mobile-design-app,tools-mobile-design-app-de,Mobile Design App | Lovart,2026-07-12,mobile-design-app | Lovart,/.../mobile-design-app,CHECK: 7 langs 都创建; 验证每语言版内容是否仍差异化或已退化为 i18n copy
twin-multilang,de,multi-agent-design,tools-multi-agent-design-de,[DE] Multi-Agent Design System — Collaborative AI Creation | Lovart,2026-07-12,[DE] Multi-Agent Design System — Collaborative AI Creation | Lovart,/.../multi-agent-design,CHECK: 8 langs 都创建; 验证每语言版内容是否仍差异化或已退化为 i18n copy
twin-multilang,de,multi-format-export,tools-multi-format-export-de,Multi Format Export | Lovart,2026-07-12,multi-format-export | Lovart,/.../multi-format-export,CHECK: 7 langs 都创建; 验证每语言版内容是否仍差异化或已退化为 i18n copy
twin-multilang,de,multi-model-ai,tools-multi-model-ai-de,Multi Model Ai | Lovart,2026-07-12,multi-model-ai | Lovart,/.../multi-model-ai,CHECK: 8 langs 都创建; 验证每语言版内容是否仍差异化或已退化为 i18n copy
twin-multilang,en,no-code-ai-design,tools-no-code-ai-design-en,no code 设计 | Lovart,2026-07-12,no code 设计 | Lovart,/.../no-code-ai-design,CHECK: 7 langs 都创建; 验证每语言版内容是否仍差异化或已退化为 i18n copy
twin-multilang,fr,no-experience-needed,tools-no-experience-needed-fr,[FR] No Design Experience Needed — AI Does the Work | Lovart,2026-07-12,[FR] No Design Experience Needed — AI Does the Work | Lovart,/.../no-experience-needed,CHECK: 5 langs 都创建; 验证每语言版内容是否仍差异化或已退化为 i18n copy
twin-multilang,de,node-based-ai-design,tools-node-based-ai-design-de,Node Based Ai Design | Lovart,2026-07-12,node-based-ai-design | Lovart,/.../node-based-ai-design,CHECK: 9 langs 都创建; 验证每语言版内容是否仍差异化或已退化为 i18n copy
twin-multilang,de,on-brand-ai,tools-on-brand-ai-de,On Brand Ai | Lovart,2026-07-12,on-brand-ai | Lovart,/.../on-brand-ai,CHECK: 6 langs 都创建; 验证每语言版内容是否仍差异化或已退化为 i18n copy
twin-multilang,de,one-click-ai-design,tools-one-click-ai-design-de,One Click Ai Design | Lovart,2026-07-12,one-click-ai-design | Lovart,/.../one-click-ai-design,CHECK: 8 langs 都创建; 验证每语言版内容是否仍差异化或已退化为 i18n copy
twin-multilang,de,online-ai-design,tools-online-ai-design-de,[DE] Online AI Design Platform — Create in Your Browser | Lovart,2026-07-12,[DE] Online AI Design Platform — Create in Your Browser | Lovart,/.../online-ai-design,CHECK: 6 langs 都创建; 验证每语言版内容是否仍差异化或已退化为 i18n copy
twin-multilang,fr,online-design-platform,tools-online-design-platform-fr,[FR] Online AI Design Platform — Browser-Based Creation | Lovart,2026-07-12,[FR] Online AI Design Platform — Browser-Based Creation | Lovart,/.../online-design-platform,CHECK: 6 langs 都创建; 验证每语言版内容是否仍差异化或已退化为 i18n copy
twin-multilang,de,photoreal-ai,tools-photoreal-ai-de,Photoreal Ai | Lovart,2026-07-12,photoreal-ai | Lovart,/.../photoreal-ai,CHECK: 7 langs 都创建; 验证每语言版内容是否仍差异化或已退化为 i18n copy
twin-multilang,de,photorealism-ai,tools-photorealism-ai-de,[DE] AI Photorealism — Ultra-Realistic Image Generation | Lovart,2026-07-12,[DE] AI Photorealism — Ultra-Realistic Image Generation | Lovart,/.../photorealism-ai,CHECK: 6 langs 都创建; 验证每语言版内容是否仍差异化或已退化为 i18n copy
twin-multilang,de,privacy-first-design,tools-privacy-first-design-de,Privacy First Design | Lovart,2026-07-12,privacy-first-design | Lovart,/.../privacy-first-design,CHECK: 6 langs 都创建; 验证每语言版内容是否仍差异化或已退化为 i18n copy
twin-multilang,de,professional-ai-design,tools-professional-ai-design-de,[DE] Professional AI Design — Agency-Quality Output | Lovart,2026-07-12,[DE] Professional AI Design — Agency-Quality Output | Lovart,/.../professional-ai-design,CHECK: 6 langs 都创建; 验证每语言版内容是否仍差异化或已退化为 i18n copy
twin-multilang,ja,professional-results-ai,tools-professional-results-ai-ja,AIプロ品質出力 | デザイナー級の仕上がりを | Lovart,2026-07-12,AIプロ品質出力 デザイナー級の仕上がり | Lovart,/.../professional-results-ai,CHECK: 6 langs 都创建; 验证每语言版内容是否仍差异化或已退化为 i18n copy
twin-multilang,de,ready-to-publish-design,tools-ready-to-publish-design-de,Ready To Publish Design | Lovart,2026-07-12,ready-to-publish-design | Lovart,/.../ready-to-publish-design,CHECK: 5 langs 都创建; 验证每语言版内容是否仍差异化或已退化为 i18n copy
twin-multilang,de,real-time-ai-generation,tools-real-time-ai-generation-de,Real Time Ai Generation | Lovart,2026-07-12,real-time-ai-generation | Lovart,/.../real-time-ai-generation,CHECK: 5 langs 都创建; 验证每语言版内容是否仍差异化或已退化为 i18n copy
twin-multilang,en,real-time-editing-ai,tools-real-time-editing-ai-en,real time editing | Lovart,2026-07-12,real time editing | Lovart,/.../real-time-editing-ai,CHECK: 6 langs 都创建; 验证每语言版内容是否仍差异化或已退化为 i18n copy
twin-multilang,de,research-design-tool,tools-research-design-tool-de,Research Design Tool | Lovart,2026-07-12,research-design-tool | Lovart,/.../research-design-tool,CHECK: 8 langs 都创建; 验证每语言版内容是否仍差异化或已退化为 i18n copy
twin-multilang,de,rpg-character-designer,tools-rpg-character-designer-de,Rpg Character Designer | Lovart,2026-07-12,rpg-character-designer | Lovart,/.../rpg-character-designer,CHECK: 6 langs 都创建; 验证每语言版内容是否仍差异化或已退化为 i18n copy
twin-multilang,fr,save-time-design,tools-save-time-design-fr,[FR] Save Time on Design — AI Automation for Creatives | Lovart,2026-07-12,[FR] Save Time on Design — AI Automation for Creatives | Lovart,/.../save-time-design,CHECK: 6 langs 都创建; 验证每语言版内容是否仍差异化或已退化为 i18n copy
twin-multilang,de,sdxl-alternative,tools-sdxl-alternative-de,[DE] SDXL Alternative — Next-Gen AI Image Generation | Lovart,2026-07-12,[DE] SDXL Alternative — Next-Gen AI Image Generation | Lovart,/.../sdxl-alternative,CHECK: 5 langs 都创建; 验证每语言版内容是否仍差异化或已退化为 i18n copy
twin-multilang,de,seedance-2-ai-video-ad-generator-high-conversion,tools-seedance-2-ai-video-ad-generator-high-conversion-de,AI-Videoanzeigengenerator | Videoanzeigen mit hoher Konversion | Lovart,2026-05-22,AI-Videoanzeigengenerator | Videoanzeigen mit hoher Konversion | Lovart,/.../seedance-2-ai-video-ad-generator-high-conversion,CHECK: 7 langs 都创建; 验证每语言版内容是否仍差异化或已退化为 i18n copy
twin-multilang,de,seedance-2-ai-video-generator,tools-seedance-2-ai-video-generator-de,Seedance 2.0 KI-Videogenerator | Kommerzielles Produktvideo | Lovart,2026-05-22,Seedance 2.0 KI-Videogenerator | Kommerzielles Produktvideo | Lovart,/.../seedance-2-ai-video-generator,CHECK: 9 langs 都创建; 验证每语言版内容是否仍差异化或已退化为 i18n copy
twin-multilang,de,seedance-ai-video-ads-generation,tools-seedance-ai-video-ads-generation-de,AI-Videoanzeigen-Generator | Erstellung von Performance-Videoanzeigen | Lovart,2026-05-22,AI-Videoanzeigen-Generator | Erstellung von Performance-Videoanzeigen | Lovart,/.../seedance-ai-video-ads-generation,CHECK: 6 langs 都创建; 验证每语言版内容是否仍差异化或已退化为 i18n copy
twin-multilang,de,smb-ai-design,tools-smb-ai-design-de,[DE] SMB AI Design Solution — Small Business Creative Tools | Lovart,2026-07-12,[DE] SMB AI Design Solution — Small Business Creative Tools | Lovart,/.../smb-ai-design,CHECK: 5 langs 都创建; 验证每语言版内容是否仍差异化或已退化为 i18n copy
twin-multilang,de,sora2,tools-sora2-de,Sora2 | Lovart,2026-05-22,sora2 | Lovart,/.../sora2,CHECK: 9 langs 都创建; 验证每语言版内容是否仍差异化或已退化为 i18n copy
twin-multilang,de,stunning-ai-designs,tools-stunning-ai-designs-de,[DE] Stunning AI Designs — Beautiful Visuals Instantly | Lovart,2026-07-12,[DE] Stunning AI Designs — Beautiful Visuals Instantly | Lovart,/.../stunning-ai-designs,CHECK: 5 langs 都创建; 验证每语言版内容是否仍差异化或已退化为 i18n copy
twin-multilang,de,swap-to-video,tools-swap-to-video-de,Swap To Video | Lovart,2026-05-22,swap-to-video | Lovart,/.../swap-to-video,CHECK: 10 langs 都创建; 验证每语言版内容是否仍差异化或已退化为 i18n copy
twin-multilang,de,team-collaboration-design,tools-team-collaboration-design-de,Team Collaboration Design | Lovart,2026-07-12,team-collaboration-design | Lovart,/.../team-collaboration-design,CHECK: 5 langs 都创建; 验证每语言版内容是否仍差异化或已退化为 i18n copy
twin-multilang,de,team-workspace-design,tools-team-workspace-design-de,[DE] Team Design Workspace — Collaborative AI Creation | Lovart,2026-07-12,[DE] Team Design Workspace — Collaborative AI Creation | Lovart,/.../team-workspace-design,CHECK: 5 langs 都创建; 验证每语言版内容是否仍差异化或已退化为 i18n copy
twin-multilang,de,turn-ideas-into-designs,tools-turn-ideas-into-designs-de,Turn Ideas Into Designs | Lovart,2026-07-12,turn-ideas-into-designs | Lovart,/.../turn-ideas-into-designs,CHECK: 9 langs 都创建; 验证每语言版内容是否仍差异化或已退化为 i18n copy
twin-multilang,de,veo3.1,tools-veo3.1-de,Veo3.1 | Lovart,2026-05-22,veo3.1 | Lovart,/.../veo3.1,CHECK: 10 langs 都创建; 验证每语言版内容是否仍差异化或已退化为 i18n copy
twin-multilang,de,version-control-design,tools-version-control-design-de,[DE] AI Design Version Control — Track Every Iteration | Lovart,2026-07-12,[DE] AI Design Version Control — Track Every Iteration | Lovart,/.../version-control-design,CHECK: 5 langs 都创建; 验证每语言版内容是否仍差异化或已退化为 i18n copy
twin-multilang,de,video-generator,tools-video-generator-de,KI-Videogenerator | Erstellen Sie kanalbereite Videoanzeigen | Lovart,2026-05-22,"Kostenloser KI-Videogenerator Online — Ads, Shorts & Reels | Lovart",/.../video-generator,CHECK: 7 langs 都创建; 验证每语言版内容是否仍差异化或已退化为 i18n copy
twin-multilang,de,virtual-actor-creation,tools-virtual-actor-creation-de,AI Virtual Actor Generator | Realistische KI-Darsteller | Lovart,2026-05-22,AI Virtual Actor Generator | Realistische KI-Darsteller | Lovart,/.../virtual-actor-creation,CHECK: 9 langs 都创建; 验证每语言版内容是否仍差异化或已退化为 i18n copy
twin-multilang,de,web-app-ai-design,tools-web-app-ai-design-de,[DE] Web App AI Design — Browser-Based Creative Suite | Lovart,2026-07-12,[DE] Web App AI Design — Browser-Based Creative Suite | Lovart,/.../web-app-ai-design,CHECK: 6 langs 都创建; 验证每语言版内容是否仍差异化或已退化为 i18n copy
twin-multilang,de,windows-ai-design,tools-windows-ai-design-de,Windows Ai Design | Lovart,2026-07-12,windows-ai-design | Lovart,/.../windows-ai-design,CHECK: 7 langs 都创建; 验证每语言版内容是否仍差异化或已退化为 i18n copy
twin-multilang,de,ai-ad-generator-landing-agent-workflow,topic-ai-ad-generator-landing-agent-workflow-de,AI Ad Generator — Agent-Led AI Ad Generator | Lovart,2026-07-12,AI Ad Generator — Agent-Led AI Ad Generator | Lovart,/.../ai-ad-generator-landing-agent-workflow,CHECK: 6 langs 都创建; 验证每语言版内容是否仍差异化或已退化为 i18n copy
twin-multilang,fr,ai-avatar-landing-agent-workflow,topic-ai-avatar-landing-agent-workflow-fr,AI Avatar Maker — Agent-Led AI Avatar Maker | Lovart,2026-07-12,AI Avatar Maker — Agent-Led AI Avatar Maker | Lovart,/.../ai-avatar-landing-agent-workflow,CHECK: 7 langs 都创建; 验证每语言版内容是否仍差异化或已退化为 i18n copy
twin-multilang,de,ai-avatar-landing-trial-now,topic-ai-avatar-landing-trial-now-de,"AI Avatar — Presenters, Spokespersons and Brand Mascots | Lovart",2026-07-12,"AI Avatar — Presenters, Spokespersons and Brand Mascots | Lovart",/.../ai-avatar-landing-trial-now,CHECK: 7 langs 都创建; 验证每语言版内容是否仍差异化或已退化为 i18n copy
twin-multilang,de,canva-ai-image-generator-landing-trial-now,topic-canva-ai-image-generator-landing-trial-now-de,"AI Image Generator for Campaign Teams — Agent-Led, Not Template-Only | Lovart",2026-07-12,"AI Image Generator for Campaign Teams — Agent-Led, Not Template-Only | Lovart",/.../canva-ai-image-generator-landing-trial-now,CHECK: 5 langs 都创建; 验证每语言版内容是否仍差异化或已退化为 i18n copy
twin-multilang,fr,character-consistency-landing-agent-workflow,topic-character-consistency-landing-agent-workflow-fr,Character Consistency — Agent-Led Character Consistency Across Scenes | Lovart,2026-07-12,Character Consistency — Agent-Led Character Consistency Across Scenes | Lovart,/.../character-consistency-landing-agent-workflow,CHECK: 7 langs 都创建; 验证每语言版内容是否仍差异化或已退化为 i18n copy
twin-multilang,de,dall-e-image-generation-landing-trial-now,topic-dall-e-image-generation-landing-trial-now-de,DALL-E Style Image Generation — Multi-Model Agent on Lovart,2026-07-12,DALL-E Style Image Generation — Multi-Model Agent on Lovart,/.../dall-e-image-generation-landing-trial-now,CHECK: 5 langs 都创建; 验证每语言版内容是否仍差异化或已退化为 i18n copy
twin-multilang,fr,flux-image-generation-landing-trial-now,topic-flux-image-generation-landing-trial-now-fr,FLUX Image Generation — Multi-Model Agent on Lovart,2026-07-12,FLUX Image Generation — Multi-Model Agent on Lovart,/.../flux-image-generation-landing-trial-now,CHECK: 5 langs 都创建; 验证每语言版内容是否仍差异化或已退化为 i18n copy
twin-multilang,it,lip-sync-landing-agent-workflow,topic-lip-sync-landing-agent-workflow-it,AI Lip Sync — Agent-Led AI Lip Sync | Lovart,2026-07-12,AI Lip Sync — Agent-Led AI Lip Sync | Lovart,/.../lip-sync-landing-agent-workflow,CHECK: 6 langs 都创建; 验证每语言版内容是否仍差异化或已退化为 i18n copy
twin-multilang,fr,lip-sync-landing-trial-now,topic-lip-sync-landing-trial-now-fr,Lip Sync — Talking Head and UGC-Style Video | Lovart,2026-07-12,Lip Sync — Talking Head and UGC-Style Video | Lovart,/.../lip-sync-landing-trial-now,CHECK: 6 langs 都创建; 验证每语言版内容是否仍差异化或已退化为 i18n copy
twin-multilang,de,lovart-tool-trial-landing-trial-now,topic-lovart-tool-trial-landing-trial-now-de,Try Lovart AI Design Agent — Landing (trial-now) | Lovart,2026-07-12,Try Lovart AI Design Agent — Landing (trial-now) | Lovart,/.../lovart-tool-trial-landing-trial-now,CHECK: 7 langs 都创建; 验证每语言版内容是否仍差异化或已退化为 i18n copy
twin-multilang,de,social-media-video-landing-agent-workflow,topic-social-media-video-landing-agent-workflow-de,AI Social Video — Agent-Led AI Social Media Video Generator | Lovart,2026-07-12,AI Social Video — Agent-Led AI Social Media Video Generator | Lovart,/.../social-media-video-landing-agent-workflow,CHECK: 5 langs 都创建; 验证每语言版内容是否仍差异化或已退化为 i18n copy
twin-multilang,it,talking-avatar-landing-agent-workflow,topic-talking-avatar-landing-agent-workflow-it,AI Talking Avatar — Agent-Led AI Talking Avatar Generator | Lovart,2026-07-12,AI Talking Avatar — Agent-Led AI Talking Avatar Generator | Lovart,/.../talking-avatar-landing-agent-workflow,CHECK: 7 langs 都创建; 验证每语言版内容是否仍差异化或已退化为 i18n copy
