url,language,category,slug,title
https:/www.lovart.ai/tools/ai-caricature-maker,en,tool,ai-caricature-maker,AI Caricature Maker — Turn Photos into Hand-Drawn Caricatures|Lovart
https:/www.lovart.ai/tools/ai-tiktok-content-creator,en,tool,ai-tiktok-content-creator,AI TikTok Content Creator | Lovart
https:/www.lovart.ai/tools/best-ai-video-generator-2026,en,tool,best-ai-video-generator-2026,Best AI Video Generator 2026 | Lovart
https:/www.lovart.ai/tools/ai-video-editor-api,en,tool,ai-video-editor-api,AI Video Editor API | Lovart
https:/www.lovart.ai/tools/ai-logo-maker-no-watermark,en,tool,ai-logo-maker-no-watermark,AI Logo Maker No Watermark | Lovart
https:/www.lovart.ai/zh/tools/ai-avatar-generator,zh,tool,ai-avatar-generator,AI 头像生成器 | 一键创建专业虚拟形象与数字人 | Lovart
https:/www.lovart.ai/de/tools/image-to-video,de,tool,image-to-video,Image To Video | Lovart
https:/www.lovart.ai/fr/tools/image-to-video,fr,tool,image-to-video,Image To Video | Lovart
https:/www.lovart.ai/zh/tools/ai-design-agent,zh,tool,ai-design-agent,AI 设计代理 | 自主品牌与创意全流程 | Lovart
https:/www.lovart.ai/ai-logo-generator-landing-agent-workflow,en,topic,ai-logo-generator-landing-agent-workflow,Ai Logo Generator Landing Agent Workflow | Lovart
https:/www.lovart.ai/brand-video-landing-agent-workflow,en,topic,brand-video-landing-agent-workflow,Brand Video Landing Agent Workflow | Lovart
https:/www.lovart.ai/marketing-video-ai-landing-agent-workflow,en,topic,marketing-video-ai-landing-agent-workflow,Marketing Video Ai Landing Agent Workflow | Lovart
https:/www.lovart.ai/ai-design-generator-landing-agent-workflow,en,topic,ai-design-generator-landing-agent-workflow,Ai Design Generator Landing Agent Workflow | Lovart
https:/www.lovart.ai/zh/tools/hailuo-2-3-ai-video-generator,zh,tool,hailuo-2-3-ai-video-generator,Hailuo 2.3 AI 视频生成器 | 逼真动态视频创作 | Lovart
https:/www.lovart.ai/ai-banner-landing-agent-workflow,en,topic,ai-banner-landing-agent-workflow,Ai Banner Landing Agent Workflow | Lovart
https:/www.lovart.ai/de/features/ai-ad-thumbnail-generator,de,feature,ai-ad-thumbnail-generator,ad thumbnail 生成器 | Lovart
https:/www.lovart.ai/features/ai-avatar-streaming-seedance,en,feature,ai-avatar-streaming-seedance,Ai Avatar Streaming Seedance | Lovart
https:/www.lovart.ai/de/features/ai-brochure-design-tool,de,feature,ai-brochure-design-tool,company 宣传册 设计 | Lovart
https:/www.lovart.ai/features/ai-commercials-seedance,en,feature,ai-commercials-seedance,Ai Commercials Seedance | Lovart
https:/www.lovart.ai/features/ai-design-marketing-agency,en,feature,ai-design-marketing-agency,Ai Design Marketing Agency | Lovart
https:/www.lovart.ai/de/features/ai-facebook-ad-creative-generator,de,feature,ai-facebook-ad-creative-generator,Ai Facebook Ad Creative Generator | Lovart
https:/www.lovart.ai/features/ai-facebook-poster-generator,en,feature,ai-facebook-poster-generator,Ai Facebook Poster Generator | Lovart
https:/www.lovart.ai/de/features/ai-google-ads-banner-generator,de,feature,ai-google-ads-banner-generator,google ads 横幅 生成器 | Lovart
https:/www.lovart.ai/de/features/ai-illustration-generator-vector-nano-banana,de,feature,ai-illustration-generator-vector-nano-banana,illustration projects | Lovart
https:/www.lovart.ai/de/features/ai-image-generator,de,feature,ai-image-generator,text 图像 生成器 | Lovart
https:/www.lovart.ai/de/features/ai-instagram-post-generator,de,feature,ai-instagram-post-generator,twitter x post 生成器 | Lovart
https:/www.lovart.ai/de/features/ai-instagram-post-maker,de,feature,ai-instagram-post-maker,instagram post 制作 | Lovart
https:/www.lovart.ai/de/features/ai-linkedin-infographic-generator-b2b,de,feature,ai-linkedin-infographic-generator-b2b,linkedin 横幅 设计 生成器 | Lovart
https:/www.lovart.ai/de/features/ai-logo-maker-brand-agent,de,feature,ai-logo-maker-brand-agent,标志 制作 品牌 代理 | Lovart
https:/www.lovart.ai/de/features/ai-poster-generator-illustration-optimization,de,feature,ai-poster-generator-illustration-optimization,facebook 海报 生成器 | Lovart
https:/www.lovart.ai/features/ai-product-video-seedance,en,feature,ai-product-video-seedance,Ai Product Video Seedance | Lovart
https:/www.lovart.ai/de/features/ai-social-media-content-generator,de,feature,ai-social-media-content-generator,social media content 生成器 | Lovart
https:/www.lovart.ai/features/ai-text-to-image-generator,en,feature,ai-text-to-image-generator,Ai Text To Image Generator | Lovart
https:/www.lovart.ai/de/features/ai-video-prompt-generator-veo-sora,de,feature,ai-video-prompt-generator-veo-sora,视频 prompt 生成器 veo sora | Lovart
https:/www.lovart.ai/de/features/ai-webtoon-comic-generator-seedance,de,feature,ai-webtoon-comic-generator-seedance,seedance 视频 生成器 | Lovart
https:/www.lovart.ai/de/features/ai-youtube-banner-maker,de,feature,ai-youtube-banner-maker,设计 viral youtube thumbnails | Lovart
https:/www.lovart.ai/de/features/album-cover-design,de,feature,album-cover-design,书籍 封面 设计 | Lovart
https:/www.lovart.ai/de/features/baby-shower-invitation-design,de,feature,baby-shower-invitation-design,baby shower invitation 设计 | Lovart
https:/www.lovart.ai/features/best-ai-image-generator-2026,en,feature,best-ai-image-generator-2026,Best Ai Image Generator 2026 | Lovart
https:/www.lovart.ai/de/features/catering-menu-design,de,feature,catering-menu-design,cafe menu 设计 | Lovart
https:/www.lovart.ai/de/features/chef-business-card-design,de,feature,chef-business-card-design,chef 商务 卡片 设计 | Lovart
https:/www.lovart.ai/de/features/company-brochure-design,de,feature,company-brochure-design,company 宣传册 设计 | Lovart
https:/www.lovart.ai/fr/features/brochure-design,fr,feature,brochure-design,宣传册 设计 | Lovart
https:/www.lovart.ai/it/features/brochure-design,it,feature,brochure-design,宣传册 设计 | Lovart
https:/www.lovart.ai/ja/features/brochure-design,ja,feature,brochure-design,宣传册 设计 | Lovart
https:/www.lovart.ai/ko/features/brochure-design,ko,feature,brochure-design,宣传册 设计 | Lovart
https:/www.lovart.ai/ru/features/brochure-design,ru,feature,brochure-design,宣传册 设计 | Lovart
https:/www.lovart.ai/de/features/concert-poster-design,de,feature,concert-poster-design,concert 海报 设计 | Lovart
https:/www.lovart.ai/features/create-videos-from-images-or-text-seedance,en,feature,create-videos-from-images-or-text-seedance,Create Videos From Images Or Text Seedance | Lovart
https:/www.lovart.ai/de/features/custom-business-flyer-design,de,feature,custom-business-flyer-design,custom 商务 flyer 设计 | Lovart
https:/www.lovart.ai/ai-illustration-generator-landing-trial-now,en,topic,ai-illustration-generator-landing-trial-now,Ai Illustration Generator Landing Trial Now | Lovart
https:/www.lovart.ai/ai-image-generator-landing-trial-now,en,topic,ai-image-generator-landing-trial-now,Ai Image Generator Landing Trial Now | Lovart
https:/www.lovart.ai/ai-logo-generator-landing-trial-now,en,topic,ai-logo-generator-landing-trial-now,Ai Logo Generator Landing Trial Now | Lovart
https:/www.lovart.ai/background-remover-landing-trial-now,en,topic,background-remover-landing-trial-now,Background Remover Landing Trial Now | Lovart
https:/www.lovart.ai/freepik-ai-image-generator-landing-gallery-detail,en,topic,freepik-ai-image-generator-landing-gallery-detail,Freepik Ai Image Generator Landing Gallery Detail | Lovart
https:/www.lovart.ai/hailuo-ai-video-generator-landing-trial-now,en,topic,hailuo-ai-video-generator-landing-trial-now,Hailuo Ai Video Generator Landing Trial Now | Lovart
https:/www.lovart.ai/midjourney-image-generation-landing-trial-now,en,topic,midjourney-image-generation-landing-trial-now,Midjourney Image Generation Landing Trial Now | Lovart
https:/www.lovart.ai/seedance-video-generation-landing-trial-now,en,topic,seedance-video-generation-landing-trial-now,Seedance Video Generation Landing Trial Now | Lovart
https:/www.lovart.ai/seedream-image-generation-landing-trial-now,en,topic,seedream-image-generation-landing-trial-now,Seedream Image Generation Landing Trial Now | Lovart
https:/www.lovart.ai/sora-video-generation-landing-trial-now,en,topic,sora-video-generation-landing-trial-now,Sora Video Generation Landing Trial Now | Lovart
https:/www.lovart.ai/talking-avatar-landing-trial-now,en,topic,talking-avatar-landing-trial-now,Talking Avatar Landing Trial Now | Lovart
https:/www.lovart.ai/text-to-image-landing-trial-now,en,topic,text-to-image-landing-trial-now,Text To Image Landing Trial Now | Lovart
https:/www.lovart.ai/veo-3-video-generation-landing-trial-now,en,topic,veo-3-video-generation-landing-trial-now,Veo 3 Video Generation Landing Trial Now | Lovart
https:/www.lovart.ai/fr/tools/ai-design-agent,fr,tool,ai-design-agent,Ai Design Agent | Lovart
https:/www.lovart.ai/ja/features/create-videos-from-images-or-text-seedance,ja,feature,create-videos-from-images-or-text-seedance,create videos from images or text seedance | Lovart
https:/www.lovart.ai/draft-brand-manager-scenarios-b,en,scenario,draft-brand-manager-scenarios-b,Draft Brand Manager Scenarios B | Lovart
https:/www.lovart.ai/draft-brand-manager-scenarios-blog,en,scenario,draft-brand-manager-scenarios-blog,Draft Brand Manager Scenarios Blog | Lovart
https:/www.lovart.ai/draft-brand-manager-scenarios-portrait,en,scenario,draft-brand-manager-scenarios-portrait,Draft Brand Manager Scenarios Portrait | Lovart
https:/www.lovart.ai/draft-brand-manager-scenarios-reviews4,en,scenario,draft-brand-manager-scenarios-reviews4,Draft Brand Manager Scenarios Reviews4 | Lovart
https:/www.lovart.ai/draft-brand-manager-scenarios-vertical,en,scenario,draft-brand-manager-scenarios-vertical,Draft Brand Manager Scenarios Vertical | Lovart
https:/www.lovart.ai/draft-ecommerce-operator-scenarios-b,en,scenario,draft-ecommerce-operator-scenarios-b,Draft Ecommerce Operator Scenarios B | Lovart
https:/www.lovart.ai/draft-ecommerce-operator-scenarios-before-after,en,scenario,draft-ecommerce-operator-scenarios-before-after,Draft Ecommerce Operator Scenarios Before After | Lovart
https:/www.lovart.ai/draft-ecommerce-operator-scenarios-blog,en,scenario,draft-ecommerce-operator-scenarios-blog,Draft Ecommerce Operator Scenarios Blog | Lovart
https:/www.lovart.ai/draft-ecommerce-operator-scenarios-cinematic,en,scenario,draft-ecommerce-operator-scenarios-cinematic,Draft Ecommerce Operator Scenarios Cinematic | Lovart
https:/www.lovart.ai/draft-ecommerce-operator-scenarios-portrait,en,scenario,draft-ecommerce-operator-scenarios-portrait,Draft Ecommerce Operator Scenarios Portrait | Lovart
https:/www.lovart.ai/draft-ecommerce-operator-scenarios-reviews4,en,scenario,draft-ecommerce-operator-scenarios-reviews4,Draft Ecommerce Operator Scenarios Reviews4 | Lovart
https:/www.lovart.ai/draft-ecommerce-operator-scenarios-showcase,en,scenario,draft-ecommerce-operator-scenarios-showcase,Draft Ecommerce Operator Scenarios Showcase | Lovart
https:/www.lovart.ai/draft-ecommerce-operator-scenarios-stacked,en,scenario,draft-ecommerce-operator-scenarios-stacked,Draft Ecommerce Operator Scenarios Stacked | Lovart
https:/www.lovart.ai/draft-ecommerce-operator-scenarios-testimonial,en,scenario,draft-ecommerce-operator-scenarios-testimonial,Draft Ecommerce Operator Scenarios Testimonial | Lovart
https:/www.lovart.ai/draft-ecommerce-operator-scenarios-vertical,en,scenario,draft-ecommerce-operator-scenarios-vertical,Draft Ecommerce Operator Scenarios Vertical | Lovart
https:/www.lovart.ai/draft-freelance-designer-scenarios-b,en,scenario,draft-freelance-designer-scenarios-b,Draft Freelance Designer Scenarios B | Lovart
https:/www.lovart.ai/draft-freelance-designer-scenarios-before-after,en,scenario,draft-freelance-designer-scenarios-before-after,Draft Freelance Designer Scenarios Before After | Lovart
https:/www.lovart.ai/draft-freelance-designer-scenarios-bento2,en,scenario,draft-freelance-designer-scenarios-bento2,Draft Freelance Designer Scenarios Bento2 | Lovart
https:/www.lovart.ai/draft-freelance-designer-scenarios-bento6,en,scenario,draft-freelance-designer-scenarios-bento6,Draft Freelance Designer Scenarios Bento6 | Lovart
https:/www.lovart.ai/draft-freelance-designer-scenarios-blog,en,scenario,draft-freelance-designer-scenarios-blog,Draft Freelance Designer Scenarios Blog | Lovart
https:/www.lovart.ai/draft-freelance-designer-scenarios-cinematic,en,scenario,draft-freelance-designer-scenarios-cinematic,Draft Freelance Designer Scenarios Cinematic | Lovart
https:/www.lovart.ai/draft-freelance-designer-scenarios-portrait,en,scenario,draft-freelance-designer-scenarios-portrait,Draft Freelance Designer Scenarios Portrait | Lovart
https:/www.lovart.ai/draft-freelance-designer-scenarios-reviews4,en,scenario,draft-freelance-designer-scenarios-reviews4,Draft Freelance Designer Scenarios Reviews4 | Lovart
https:/www.lovart.ai/draft-freelance-designer-scenarios-stacked,en,scenario,draft-freelance-designer-scenarios-stacked,Draft Freelance Designer Scenarios Stacked | Lovart
https:/www.lovart.ai/draft-freelance-designer-scenarios-vertical,en,scenario,draft-freelance-designer-scenarios-vertical,Draft Freelance Designer Scenarios Vertical | Lovart
https:/www.lovart.ai/draft-marketing-director-scenarios-a,en,scenario,draft-marketing-director-scenarios-a,Draft Marketing Director Scenarios A | Lovart
https:/www.lovart.ai/draft-marketing-director-scenarios-b,en,scenario,draft-marketing-director-scenarios-b,Draft Marketing Director Scenarios B | Lovart
https:/www.lovart.ai/draft-marketing-director-scenarios-before-after,en,scenario,draft-marketing-director-scenarios-before-after,Draft Marketing Director Scenarios Before After | Lovart
https:/www.lovart.ai/draft-marketing-director-scenarios-bento2,en,scenario,draft-marketing-director-scenarios-bento2,Draft Marketing Director Scenarios Bento2 | Lovart
https:/www.lovart.ai/draft-marketing-director-scenarios-blog,en,scenario,draft-marketing-director-scenarios-blog,Draft Marketing Director Scenarios Blog | Lovart
https:/www.lovart.ai/draft-marketing-director-scenarios-journey,en,scenario,draft-marketing-director-scenarios-journey,Draft Marketing Director Scenarios Journey | Lovart
https:/www.lovart.ai/draft-marketing-director-scenarios-reviews4,en,scenario,draft-marketing-director-scenarios-reviews4,Draft Marketing Director Scenarios Reviews4 | Lovart
https:/www.lovart.ai/draft-marketing-director-scenarios-showcase,en,scenario,draft-marketing-director-scenarios-showcase,Draft Marketing Director Scenarios Showcase | Lovart
https:/www.lovart.ai/draft-marketing-director-scenarios-vertical,en,scenario,draft-marketing-director-scenarios-vertical,Draft Marketing Director Scenarios Vertical | Lovart
https:/www.lovart.ai/draft-social-media-manager-scenarios-b,en,scenario,draft-social-media-manager-scenarios-b,Draft Social Media Manager Scenarios B | Lovart
https:/www.lovart.ai/draft-social-media-manager-scenarios-before-after,en,scenario,draft-social-media-manager-scenarios-before-after,Draft Social Media Manager Scenarios Before After | Lovart
https:/www.lovart.ai/draft-social-media-manager-scenarios-blog,en,scenario,draft-social-media-manager-scenarios-blog,Draft Social Media Manager Scenarios Blog | Lovart
https:/www.lovart.ai/draft-social-media-manager-scenarios-cinematic,en,scenario,draft-social-media-manager-scenarios-cinematic,Draft Social Media Manager Scenarios Cinematic | Lovart
https:/www.lovart.ai/draft-social-media-manager-scenarios-journey,en,scenario,draft-social-media-manager-scenarios-journey,Draft Social Media Manager Scenarios Journey | Lovart
https:/www.lovart.ai/draft-social-media-manager-scenarios-portrait,en,scenario,draft-social-media-manager-scenarios-portrait,Draft Social Media Manager Scenarios Portrait | Lovart
https:/www.lovart.ai/draft-social-media-manager-scenarios-stacked,en,scenario,draft-social-media-manager-scenarios-stacked,Draft Social Media Manager Scenarios Stacked | Lovart
https:/www.lovart.ai/draft-social-media-manager-scenarios-testimonial,en,scenario,draft-social-media-manager-scenarios-testimonial,Draft Social Media Manager Scenarios Testimonial | Lovart
https:/www.lovart.ai/draft-social-media-manager-scenarios-vertical,en,scenario,draft-social-media-manager-scenarios-vertical,Draft Social Media Manager Scenarios Vertical | Lovart
https:/www.lovart.ai/it/features/ai-facebook-poster-generator,it,feature,ai-facebook-poster-generator,AI Facebook Poster Generator | Lovart
https:/www.lovart.ai/fr/features/ai-picture-generator,fr,feature,ai-picture-generator,affiliate ads 生成器 | Lovart
https:/www.lovart.ai/zh-TW/features/brochure-design,zh-TW,feature,brochure-design,Brochure Design | Lovart
https:/www.lovart.ai/zh-TW/features/draft-ai-logo-maker-f4,zh-TW,feature,draft-ai-logo-maker-f4,Draft Ai Logo Maker F4 | Lovart
https:/www.lovart.ai/zh-TW/features/draft-ai-sales-deck-ppt-generator-f1,zh-TW,feature,draft-ai-sales-deck-ppt-generator-f1,Draft Ai Sales Deck Ppt Generator F1 | Lovart
https:/www.lovart.ai/zh-TW/features/draft-ai-sales-deck-ppt-generator-f2,zh-TW,feature,draft-ai-sales-deck-ppt-generator-f2,Draft Ai Sales Deck Ppt Generator F2 | Lovart
https:/www.lovart.ai/zh-TW/features/draft-ai-sales-deck-ppt-generator-s1,zh-TW,feature,draft-ai-sales-deck-ppt-generator-s1,Draft Ai Sales Deck Ppt Generator S1 | Lovart
https:/www.lovart.ai/it/features/restaurant_menu_design,it,feature,restaurant_menu_design,restaurant_menu_design | Lovart
https:/www.lovart.ai/pt/features/restaurant_menu_design,pt,feature,restaurant_menu_design,restaurant_menu_design | Lovart
https:/www.lovart.ai/ru/features/restaurant_menu_design,ru,feature,restaurant_menu_design,restaurant_menu_design | Lovart
https:/www.lovart.ai/zh-TW/features/restaurant_menu_design,zh-TW,feature,restaurant_menu_design,Restaurant_Menu_Design | Lovart
https:/www.lovart.ai/zh-TW/tools/ai-avatar-generator,zh-TW,tool,ai-avatar-generator,AI 虛擬形象生成器|Lovart
https:/www.lovart.ai/fr/tools/ai-business-card-maker,fr,tool,ai-business-card-maker,Ai Business Card Maker | Lovart
https:/www.lovart.ai/it/tools/ai-business-card-maker,it,tool,ai-business-card-maker,Ai Business Card Maker | Lovart
https:/www.lovart.ai/de/tools/ai-mockup-generator,de,tool,ai-mockup-generator,Ai Mockup Generator | Lovart
https:/www.lovart.ai/tools/ai-mockup-generator,en,tool,ai-mockup-generator,mockup 生成器 | Lovart
https:/www.lovart.ai/fr/tools/ai-mockup-generator,fr,tool,ai-mockup-generator,Ai Mockup Generator | Lovart
https:/www.lovart.ai/it/tools/ai-mockup-generator,it,tool,ai-mockup-generator,Ai Mockup Generator | Lovart
https:/www.lovart.ai/ru/tools/ai-mockup-generator,ru,tool,ai-mockup-generator,Ai Mockup Generator | Lovart
https:/www.lovart.ai/zh-TW/tools/ai-mockup-generator,zh-TW,tool,ai-mockup-generator,Ai Mockup Generator | Lovart
https:/www.lovart.ai/ja/tools/ai-picture-generator,ja,tool,ai-picture-generator,AI画像生成|Lovart
https:/www.lovart.ai/zh-TW/tools/ai-picture-generator,zh-TW,tool,ai-picture-generator,AI 圖片生成器|Lovart
https:/www.lovart.ai/tools/draft-ai-logo-maker-t1,en,tool,draft-ai-logo-maker-t1,draft 标志 制作 t1 | Lovart
https:/www.lovart.ai/tools/draft-ai-sales-deck-ppt-generator-t1,en,tool,draft-ai-sales-deck-ppt-generator-t1,draft sales deck ppt 生成器 t1 | Lovart
https:/www.lovart.ai/de/tools/image-to-video-ai,de,tool,image-to-video-ai,Image To Video Ai | Lovart
https:/www.lovart.ai/fr/tools/image-to-video-ai,fr,tool,image-to-video-ai,Image To Video Ai | Lovart
https:/www.lovart.ai/tools/text-to-video-ai,en,tool,text-to-video-ai,text 视频 | Lovart
https:/www.lovart.ai/de/features/e-learning-banner-design,de,feature,e-learning-banner-design,e learning 横幅 设计 | Lovart
https:/www.lovart.ai/de/features/ecommerce-banner-design,de,feature,ecommerce-banner-design,e learning 横幅 设计 | Lovart
https:/www.lovart.ai/de/features/engagement-invitation-design,de,feature,engagement-invitation-design,engagement invitation 设计 | Lovart
https:/www.lovart.ai/de/features/event-poster-maker,de,feature,event-poster-maker,event 海报 制作 | Lovart
https:/www.lovart.ai/zh-TW/features/ai-ad-thumbnail-generator,zh-TW,feature,ai-ad-thumbnail-generator,Ai Ad Thumbnail Generator | Lovart
https:/www.lovart.ai/fr/features/ai-affiliate-ads-generator,fr,feature,ai-affiliate-ads-generator,affiliate ads 生成器 | Lovart
https:/www.lovart.ai/it/features/ai-affiliate-ads-generator,it,feature,ai-affiliate-ads-generator,affiliate ads 生成器 | Lovart
https:/www.lovart.ai/ja/features/ai-affiliate-ads-generator,ja,feature,ai-affiliate-ads-generator,affiliate ads 生成器 | Lovart
https:/www.lovart.ai/ko/features/ai-affiliate-ads-generator,ko,feature,ai-affiliate-ads-generator,affiliate ads 生成器 | Lovart
https:/www.lovart.ai/ru/features/ai-affiliate-ads-generator,ru,feature,ai-affiliate-ads-generator,affiliate ads 生成器 | Lovart
https:/www.lovart.ai/zh-TW/features/ai-affiliate-ads-generator,zh-TW,feature,ai-affiliate-ads-generator,Ai Affiliate Ads Generator | Lovart
https:/www.lovart.ai/zh-TW/features/ai-avatar-streaming-seedance,zh-TW,feature,ai-avatar-streaming-seedance,Ai Avatar Streaming Seedance | Lovart
https:/www.lovart.ai/zh-TW/features/ai-background-swap-no-masking,zh-TW,feature,ai-background-swap-no-masking,Ai Background Swap No Masking | Lovart
https:/www.lovart.ai/zh-TW/features/ai-bakery-menu-maker,zh-TW,feature,ai-bakery-menu-maker,Ai Bakery Menu Maker | Lovart
https:/www.lovart.ai/it/features/ai-brochure-design-tool,it,feature,ai-brochure-design-tool,company 宣传册 设计 | Lovart
https:/www.lovart.ai/ja/features/ai-brochure-design-tool,ja,feature,ai-brochure-design-tool,company 宣传册 设计 | Lovart
https:/www.lovart.ai/pt/features/ai-brochure-design-tool,pt,feature,ai-brochure-design-tool,company 宣传册 设计 | Lovart
https:/www.lovart.ai/ru/features/ai-brochure-design-tool,ru,feature,ai-brochure-design-tool,company 宣传册 设计 | Lovart
https:/www.lovart.ai/ko/features/ai-business-card-maker,ko,feature,ai-business-card-maker,chef 商务 卡片 设计 | Lovart
https:/www.lovart.ai/ru/features/ai-business-card-maker,ru,feature,ai-business-card-maker,chef 商务 卡片 设计 | Lovart
https:/www.lovart.ai/zh-TW/features/ai-carousel-generator,zh-TW,feature,ai-carousel-generator,Ai Carousel Generator | Lovart
https:/www.lovart.ai/ru/features/ai-commercials-seedance,ru,feature,ai-commercials-seedance,commercials seedance | Lovart
https:/www.lovart.ai/zh-TW/features/ai-commercials-seedance,zh-TW,feature,ai-commercials-seedance,Ai Commercials Seedance | Lovart
https:/www.lovart.ai/it/features/ai-company-logo-maker,it,feature,ai-company-logo-maker,company 标志 制作 | Lovart
https:/www.lovart.ai/ja/features/ai-company-logo-maker,ja,feature,ai-company-logo-maker,company 标志 制作 | Lovart
https:/www.lovart.ai/pt/features/ai-company-logo-maker,pt,feature,ai-company-logo-maker,company 标志 制作 | Lovart
https:/www.lovart.ai/ru/features/ai-company-logo-maker,ru,feature,ai-company-logo-maker,company 标志 制作 | Lovart
https:/www.lovart.ai/zh-TW/features/ai-company-logo-maker,zh-TW,feature,ai-company-logo-maker,Ai Company Logo Maker | Lovart
https:/www.lovart.ai/zh-TW/features/ai-coupon-ad-generator,zh-TW,feature,ai-coupon-ad-generator,Ai Coupon Ad Generator | Lovart
https:/www.lovart.ai/fr/features/ai-design-agent-for-freelancers,fr,feature,ai-design-agent-for-freelancers,视频 代理 instagram reels | Lovart
https:/www.lovart.ai/zh-TW/features/ai-design-marketing-agency,zh-TW,feature,ai-design-marketing-agency,Ai Design Marketing Agency | Lovart
https:/www.lovart.ai/zh-TW/features/ai-facebook-ad-creative-generator,zh-TW,feature,ai-facebook-ad-creative-generator,Ai Facebook Ad Creative Generator | Lovart
https:/www.lovart.ai/zh-TW/features/ai-facebook-post-designer,zh-TW,feature,ai-facebook-post-designer,Ai Facebook Post Designer | Lovart
https:/www.lovart.ai/de/features/ai-facebook-poster-generator,de,feature,ai-facebook-poster-generator,KI Facebook Poster Generator | Lovart
https:/www.lovart.ai/fr/features/ai-facebook-poster-generator,fr,feature,ai-facebook-poster-generator,facebook 海报 生成器 | Lovart
https:/www.lovart.ai/ja/features/ai-facebook-poster-generator,ja,feature,ai-facebook-poster-generator,AI Facebook Poster Generator | Lovart
https:/www.lovart.ai/ko/features/ai-facebook-poster-generator,ko,feature,ai-facebook-poster-generator,AI Facebook Poster Generator | Lovart
https:/www.lovart.ai/ru/features/ai-facebook-poster-generator,ru,feature,ai-facebook-poster-generator,AI Facebook Poster Generator | Lovart
https:/www.lovart.ai/zh/features/ai-facebook-poster-generator,zh,feature,ai-facebook-poster-generator,AI Facebook 海报生成器 | 即时做出刷屏活动广告 | Lovart
https:/www.lovart.ai/zh-TW/features/ai-facebook-poster-generator,zh-TW,feature,ai-facebook-poster-generator,Ai Facebook Poster Generator | Lovart
https:/www.lovart.ai/zh-TW/features/ai-giveaway-poster-generator,zh-TW,feature,ai-giveaway-poster-generator,Ai Giveaway Poster Generator | Lovart
https:/www.lovart.ai/ja/features/ai-google-ads-banner-generator,ja,feature,ai-google-ads-banner-generator,google ads 横幅 生成器 | Lovart
https:/www.lovart.ai/pt/features/ai-google-ads-banner-generator,pt,feature,ai-google-ads-banner-generator,google ads 横幅 生成器 | Lovart
https:/www.lovart.ai/ru/features/ai-google-ads-banner-generator,ru,feature,ai-google-ads-banner-generator,google ads 横幅 生成器 | Lovart
https:/www.lovart.ai/zh-TW/features/ai-google-ads-banner-generator,zh-TW,feature,ai-google-ads-banner-generator,Ai Google Ads Banner Generator | Lovart
https:/www.lovart.ai/it/features/ai-illustration-generator-vector-nano-banana,it,feature,ai-illustration-generator-vector-nano-banana,illustration projects | Lovart
https:/www.lovart.ai/ja/features/ai-illustration-generator-vector-nano-banana,ja,feature,ai-illustration-generator-vector-nano-banana,illustration projects | Lovart
https:/www.lovart.ai/ko/features/ai-illustration-generator-vector-nano-banana,ko,feature,ai-illustration-generator-vector-nano-banana,illustration projects | Lovart
https:/www.lovart.ai/pt/features/ai-illustration-generator-vector-nano-banana,pt,feature,ai-illustration-generator-vector-nano-banana,illustration projects | Lovart
https:/www.lovart.ai/fr/features/ai-image-generator,fr,feature,ai-image-generator,text 图像 生成器 | Lovart
https:/www.lovart.ai/ja/features/ai-image-generator,ja,feature,ai-image-generator,text 图像 生成器 | Lovart
https:/www.lovart.ai/fr/features/ai-image-generator-text-to-image,fr,feature,ai-image-generator-text-to-image,text 图像 生成器 | Lovart
https:/www.lovart.ai/ja/features/ai-image-generator-text-to-image,ja,feature,ai-image-generator-text-to-image,text 图像 生成器 | Lovart
https:/www.lovart.ai/ko/features/ai-image-generator-text-to-image,ko,feature,ai-image-generator-text-to-image,text 图像 生成器 | Lovart
https:/www.lovart.ai/pt/features/ai-image-generator-text-to-image,pt,feature,ai-image-generator-text-to-image,text 图像 生成器 | Lovart
https:/www.lovart.ai/fr/features/ai-instagram-post-generator,fr,feature,ai-instagram-post-generator,twitter x post 生成器 | Lovart
https:/www.lovart.ai/ja/features/ai-instagram-post-generator,ja,feature,ai-instagram-post-generator,twitter x post 生成器 | Lovart
https:/www.lovart.ai/pt/features/ai-instagram-post-generator,pt,feature,ai-instagram-post-generator,twitter x post 生成器 | Lovart
https:/www.lovart.ai/fr/features/ai-instagram-post-maker,fr,feature,ai-instagram-post-maker,instagram post 制作 | Lovart
https:/www.lovart.ai/ja/features/ai-instagram-post-maker,ja,feature,ai-instagram-post-maker,instagram post 制作 | Lovart
https:/www.lovart.ai/ko/features/ai-instagram-post-maker,ko,feature,ai-instagram-post-maker,instagram post 制作 | Lovart
https:/www.lovart.ai/zh-TW/features/ai-instagram-post-maker,zh-TW,feature,ai-instagram-post-maker,Ai Instagram Post Maker | Lovart
https:/www.lovart.ai/fr/features/ai-linkedin-infographic-generator-b2b,fr,feature,ai-linkedin-infographic-generator-b2b,linkedin 横幅 设计 生成器 | Lovart
https:/www.lovart.ai/it/features/ai-linkedin-infographic-generator-b2b,it,feature,ai-linkedin-infographic-generator-b2b,linkedin 横幅 设计 生成器 | Lovart
https:/www.lovart.ai/ja/features/ai-linkedin-infographic-generator-b2b,ja,feature,ai-linkedin-infographic-generator-b2b,linkedin 横幅 设计 生成器 | Lovart
https:/www.lovart.ai/ko/features/ai-linkedin-infographic-generator-b2b,ko,feature,ai-linkedin-infographic-generator-b2b,linkedin 横幅 设计 生成器 | Lovart
https:/www.lovart.ai/pt/features/ai-linkedin-infographic-generator-b2b,pt,feature,ai-linkedin-infographic-generator-b2b,linkedin 横幅 设计 生成器 | Lovart
https:/www.lovart.ai/ja/features/ai-logo-maker-brand-agent,ja,feature,ai-logo-maker-brand-agent,标志 制作 品牌 代理 | Lovart
https:/www.lovart.ai/ko/features/ai-logo-maker-brand-agent,ko,feature,ai-logo-maker-brand-agent,标志 制作 品牌 代理 | Lovart
https:/www.lovart.ai/zh-TW/features/ai-logo-maker-brand-agent,zh-TW,feature,ai-logo-maker-brand-agent,Ai Logo Maker Brand Agent | Lovart
https:/www.lovart.ai/zh-TW/features/ai-meta-ads-generator,zh-TW,feature,ai-meta-ads-generator,Ai Meta Ads Generator | Lovart
https:/www.lovart.ai/zh-TW/features/ai-paid-social-ad-generator,zh-TW,feature,ai-paid-social-ad-generator,Ai Paid Social Ad Generator | Lovart
https:/www.lovart.ai/ko/features/ai-picture-generator,ko,feature,ai-picture-generator,affiliate ads 生成器 | Lovart
https:/www.lovart.ai/pt/features/ai-picture-generator,pt,feature,ai-picture-generator,affiliate ads 生成器 | Lovart
https:/www.lovart.ai/ru/features/ai-picture-generator,ru,feature,ai-picture-generator,affiliate ads 生成器 | Lovart
https:/www.lovart.ai/zh-TW/features/ai-pinterest-pin-maker,zh-TW,feature,ai-pinterest-pin-maker,Ai Pinterest Pin Maker | Lovart
https:/www.lovart.ai/fr/features/ai-poster-design-agent-nano-banana,fr,feature,ai-poster-design-agent-nano-banana,海报 设计 代理 | Lovart
https:/www.lovart.ai/it/features/ai-poster-design-agent-nano-banana,it,feature,ai-poster-design-agent-nano-banana,海报 设计 代理 | Lovart
https:/www.lovart.ai/ja/features/ai-poster-design-agent-nano-banana,ja,feature,ai-poster-design-agent-nano-banana,海报 设计 代理 | Lovart
https:/www.lovart.ai/ru/features/ai-poster-design-agent-nano-banana,ru,feature,ai-poster-design-agent-nano-banana,海报 设计 代理 | Lovart
https:/www.lovart.ai/zh-TW/features/ai-poster-design-agent-nano-banana,zh-TW,feature,ai-poster-design-agent-nano-banana,Ai Poster Design Agent Nano Banana | Lovart
https:/www.lovart.ai/fr/features/ai-poster-generator-illustration-optimization,fr,feature,ai-poster-generator-illustration-optimization,facebook 海报 生成器 | Lovart
https:/www.lovart.ai/it/features/ai-poster-generator-illustration-optimization,it,feature,ai-poster-generator-illustration-optimization,facebook 海报 生成器 | Lovart
https:/www.lovart.ai/ja/features/ai-poster-generator-illustration-optimization,ja,feature,ai-poster-generator-illustration-optimization,facebook 海报 生成器 | Lovart
https:/www.lovart.ai/ko/features/ai-poster-generator-illustration-optimization,ko,feature,ai-poster-generator-illustration-optimization,facebook 海报 生成器 | Lovart
https:/www.lovart.ai/pt/features/ai-poster-generator-illustration-optimization,pt,feature,ai-poster-generator-illustration-optimization,facebook 海报 生成器 | Lovart
https:/www.lovart.ai/ru/features/ai-poster-generator-illustration-optimization,ru,feature,ai-poster-generator-illustration-optimization,facebook 海报 生成器 | Lovart
https:/www.lovart.ai/zh-TW/features/ai-presentation-slides-generator,zh-TW,feature,ai-presentation-slides-generator,Ai Presentation Slides Generator | Lovart
https:/www.lovart.ai/it/features/ai-product-display-generator,it,feature,ai-product-display-generator,product display 生成器 | Lovart
https:/www.lovart.ai/ru/features/ai-product-display-generator,ru,feature,ai-product-display-generator,product display 生成器 | Lovart
https:/www.lovart.ai/zh-TW/features/ai-product-display-generator,zh-TW,feature,ai-product-display-generator,Ai Product Display Generator | Lovart
https:/www.lovart.ai/zh-TW/features/ai-product-image-generator,zh-TW,feature,ai-product-image-generator,Ai Product Image Generator | Lovart
https:/www.lovart.ai/zh-TW/features/ai-product-video-seedance,zh-TW,feature,ai-product-video-seedance,Ai Product Video Seedance | Lovart
https:/www.lovart.ai/zh-TW/features/ai-retargeting-ad-generator,zh-TW,feature,ai-retargeting-ad-generator,Ai Retargeting Ad Generator | Lovart
https:/www.lovart.ai/zh-TW/features/ai-short-video-generator,zh-TW,feature,ai-short-video-generator,Ai Short Video Generator | Lovart
https:/www.lovart.ai/fr/features/ai-social-media-content-generator,fr,feature,ai-social-media-content-generator,social media content 生成器 | Lovart
https:/www.lovart.ai/it/features/ai-social-media-content-generator,it,feature,ai-social-media-content-generator,social media content 生成器 | Lovart
https:/www.lovart.ai/ja/features/ai-social-media-content-generator,ja,feature,ai-social-media-content-generator,social media content 生成器 | Lovart
https:/www.lovart.ai/ko/features/ai-social-media-content-generator,ko,feature,ai-social-media-content-generator,social media content 生成器 | Lovart
https:/www.lovart.ai/pt/features/ai-social-media-content-generator,pt,feature,ai-social-media-content-generator,social media content 生成器 | Lovart
https:/www.lovart.ai/ru/features/ai-social-media-content-generator,ru,feature,ai-social-media-content-generator,social media content 生成器 | Lovart
https:/www.lovart.ai/zh-TW/features/ai-social-media-content-generator,zh-TW,feature,ai-social-media-content-generator,Ai Social Media Content Generator | Lovart
https:/www.lovart.ai/zh-TW/features/ai-social-media-post-maker,zh-TW,feature,ai-social-media-post-maker,Ai Social Media Post Maker | Lovart
https:/www.lovart.ai/zh-TW/features/ai-subscription-fatigue-utility,zh-TW,feature,ai-subscription-fatigue-utility,Ai Subscription Fatigue Utility | Lovart
https:/www.lovart.ai/ja/features/ai-text-to-image-generator,ja,feature,ai-text-to-image-generator,text 图像 生成器 | Lovart
https:/www.lovart.ai/ru/features/ai-text-to-image-generator,ru,feature,ai-text-to-image-generator,text 图像 生成器 | Lovart
https:/www.lovart.ai/zh-TW/features/ai-text-to-image-generator,zh-TW,feature,ai-text-to-image-generator,Ai Text To Image Generator | Lovart
https:/www.lovart.ai/fr/features/ai-tiktok-thumbnail-maker,fr,feature,ai-tiktok-thumbnail-maker,tiktok thumbnail 制作 | Lovart
https:/www.lovart.ai/ja/features/ai-tiktok-thumbnail-maker,ja,feature,ai-tiktok-thumbnail-maker,tiktok thumbnail 制作 | Lovart
https:/www.lovart.ai/ko/features/ai-tiktok-thumbnail-maker,ko,feature,ai-tiktok-thumbnail-maker,tiktok thumbnail 制作 | Lovart
https:/www.lovart.ai/zh-TW/features/ai-tiktok-thumbnail-maker,zh-TW,feature,ai-tiktok-thumbnail-maker,Ai Tiktok Thumbnail Maker | Lovart
https:/www.lovart.ai/ja/features/ai-twitch-overlay-generator,ja,feature,ai-twitch-overlay-generator,affiliate ads 生成器 | Lovart
https:/www.lovart.ai/zh-TW/features/ai-twitter-header-creator,zh-TW,feature,ai-twitter-header-creator,Ai Twitter Header Creator | Lovart
https:/www.lovart.ai/zh-TW/features/ai-twitter-x-post-generator,zh-TW,feature,ai-twitter-x-post-generator,Ai Twitter X Post Generator | Lovart
https:/www.lovart.ai/zh-TW/features/ai-video-agent-for-ads,zh-TW,feature,ai-video-agent-for-ads,Ai Video Agent For Ads | Lovart
https:/www.lovart.ai/zh-TW/features/ai-video-agent-for-ecommerce,zh-TW,feature,ai-video-agent-for-ecommerce,Ai Video Agent For Ecommerce | Lovart
https:/www.lovart.ai/zh-TW/features/ai-video-agent-for-instagram-reels,zh-TW,feature,ai-video-agent-for-instagram-reels,Ai Video Agent For Instagram Reels | Lovart
https:/www.lovart.ai/zh-TW/features/ai-video-agent-for-tiktok,zh-TW,feature,ai-video-agent-for-tiktok,Ai Video Agent For Tiktok | Lovart
https:/www.lovart.ai/zh-TW/features/ai-video-agent-workflow,zh-TW,feature,ai-video-agent-workflow,Ai Video Agent Workflow | Lovart
https:/www.lovart.ai/zh-TW/features/ai-video-agent,zh-TW,feature,ai-video-agent,Ai Video Agent | Lovart
https:/www.lovart.ai/zh-TW/features/ai-video-enhancer-remaster-veo3,zh-TW,feature,ai-video-enhancer-remaster-veo3,Ai Video Enhancer Remaster Veo3 | Lovart
https:/www.lovart.ai/zh-TW/features/ai-video-generator-no-templates,zh-TW,feature,ai-video-generator-no-templates,Ai Video Generator No Templates | Lovart
https:/www.lovart.ai/zh-TW/features/ai-video-generator-text-to-video,zh-TW,feature,ai-video-generator-text-to-video,Ai Video Generator Text To Video | Lovart
https:/www.lovart.ai/it/features/ai-video-generator-workflow,it,feature,ai-video-generator-workflow,视频 生成器 workflow | Lovart
https:/www.lovart.ai/ja/features/ai-video-generator-workflow,ja,feature,ai-video-generator-workflow,视频 生成器 workflow | Lovart
https:/www.lovart.ai/ko/features/ai-video-generator-workflow,ko,feature,ai-video-generator-workflow,视频 生成器 workflow | Lovart
https:/www.lovart.ai/ru/features/ai-video-generator-workflow,ru,feature,ai-video-generator-workflow,视频 生成器 workflow | Lovart
https:/www.lovart.ai/zh-TW/features/ai-video-generator-workflow,zh-TW,feature,ai-video-generator-workflow,Ai Video Generator Workflow | Lovart
https:/www.lovart.ai/zh-TW/features/ai-video-generator,zh-TW,feature,ai-video-generator,Ai Video Generator | Lovart
https:/www.lovart.ai/zh-TW/features/ai-video-optimization,zh-TW,feature,ai-video-optimization,Ai Video Optimization | Lovart
https:/www.lovart.ai/it/features/ai-video-prompt-generator-veo-sora,it,feature,ai-video-prompt-generator-veo-sora,视频 prompt 生成器 veo sora | Lovart
https:/www.lovart.ai/ja/features/ai-video-prompt-generator-veo-sora,ja,feature,ai-video-prompt-generator-veo-sora,视频 prompt 生成器 veo sora | Lovart
https:/www.lovart.ai/ko/features/ai-video-prompt-generator-veo-sora,ko,feature,ai-video-prompt-generator-veo-sora,视频 prompt 生成器 veo sora | Lovart
https:/www.lovart.ai/zh-TW/features/ai-video-prompt-generator-veo-sora,zh-TW,feature,ai-video-prompt-generator-veo-sora,Ai Video Prompt Generator Veo Sora | Lovart
https:/www.lovart.ai/it/features/ai-youtube-banner-maker,it,feature,ai-youtube-banner-maker,设计 viral youtube thumbnails | Lovart
https:/www.lovart.ai/ja/features/ai-youtube-banner-maker,ja,feature,ai-youtube-banner-maker,设计 viral youtube thumbnails | Lovart
https:/www.lovart.ai/ko/features/ai-youtube-banner-maker,ko,feature,ai-youtube-banner-maker,设计 viral youtube thumbnails | Lovart
https:/www.lovart.ai/pt/features/ai-youtube-banner-maker,pt,feature,ai-youtube-banner-maker,设计 viral youtube thumbnails | Lovart
https:/www.lovart.ai/ru/features/ai-youtube-banner-maker,ru,feature,ai-youtube-banner-maker,设计 viral youtube thumbnails | Lovart
https:/www.lovart.ai/ja/features/ai-youtube-thumbnail-generator,ja,feature,ai-youtube-thumbnail-generator,ad thumbnail 生成器 | Lovart
https:/www.lovart.ai/fr/features/album-cover-design,fr,feature,album-cover-design,书籍 封面 设计 | Lovart
https:/www.lovart.ai/it/features/album-cover-design,it,feature,album-cover-design,书籍 封面 设计 | Lovart
https:/www.lovart.ai/ko/features/album-cover-design,ko,feature,album-cover-design,书籍 封面 设计 | Lovart
https:/www.lovart.ai/pt/features/album-cover-design,pt,feature,album-cover-design,书籍 封面 设计 | Lovart
https:/www.lovart.ai/ru/features/album-cover-design,ru,feature,album-cover-design,书籍 封面 设计 | Lovart
https:/www.lovart.ai/zh-TW/features/all-in-one-ai-models,zh-TW,feature,all-in-one-ai-models,All In One Ai Models | Lovart
https:/www.lovart.ai/zh-TW/features/all-in-one-ai-video-generator,zh-TW,feature,all-in-one-ai-video-generator,All In One Ai Video Generator | Lovart
https:/www.lovart.ai/zh-TW/features/amazon-listing-design-optimization,zh-TW,feature,amazon-listing-design-optimization,Amazon Listing Design Optimization | Lovart
https:/www.lovart.ai/zh-TW/features/anniversary-card-design,zh-TW,feature,anniversary-card-design,Anniversary Card Design | Lovart
https:/www.lovart.ai/fr/features/baby-shower-invitation-design,fr,feature,baby-shower-invitation-design,baby shower invitation 设计 | Lovart
https:/www.lovart.ai/it/features/baby-shower-invitation-design,it,feature,baby-shower-invitation-design,baby shower invitation 设计 | Lovart
https:/www.lovart.ai/ko/features/baby-shower-invitation-design,ko,feature,baby-shower-invitation-design,baby shower invitation 设计 | Lovart
https:/www.lovart.ai/pt/features/baby-shower-invitation-design,pt,feature,baby-shower-invitation-design,baby shower invitation 设计 | Lovart
https:/www.lovart.ai/ru/features/baby-shower-invitation-design,ru,feature,baby-shower-invitation-design,baby shower invitation 设计 | Lovart
https:/www.lovart.ai/zh-TW/features/baby-shower-invitation-design,zh-TW,feature,baby-shower-invitation-design,Baby Shower Invitation Design | Lovart
https:/www.lovart.ai/zh-TW/features/bakery-menu-design,zh-TW,feature,bakery-menu-design,Bakery Menu Design | Lovart
https:/www.lovart.ai/fr/features/banner-design,fr,feature,banner-design,e learning 横幅 设计 | Lovart
https:/www.lovart.ai/it/features/banner-design,it,feature,banner-design,e learning 横幅 设计 | Lovart
https:/www.lovart.ai/ko/features/banner-design,ko,feature,banner-design,e learning 横幅 设计 | Lovart
https:/www.lovart.ai/pt/features/banner-design,pt,feature,banner-design,e learning 横幅 设计 | Lovart
https:/www.lovart.ai/ru/features/banner-design,ru,feature,banner-design,e learning 横幅 设计 | Lovart
https:/www.lovart.ai/zh-TW/features/bar-menu-design,zh-TW,feature,bar-menu-design,Bar Menu Design | Lovart
https:/www.lovart.ai/zh-TW/features/best-ai-image-generator-2026,zh-TW,feature,best-ai-image-generator-2026,Best Ai Image Generator 2026 | Lovart
https:/www.lovart.ai/ko/features/birthday-invitation-design,ko,feature,birthday-invitation-design,birthday invitation 设计 | Lovart
https:/www.lovart.ai/pt/features/birthday-invitation-design,pt,feature,birthday-invitation-design,birthday invitation 设计 | Lovart
https:/www.lovart.ai/ru/features/birthday-invitation-design,ru,feature,birthday-invitation-design,birthday invitation 设计 | Lovart
https:/www.lovart.ai/zh-TW/features/birthday-invitation-design,zh-TW,feature,birthday-invitation-design,Birthday Invitation Design | Lovart
https:/www.lovart.ai/zh-TW/features/blog-post-to-instagram-ai-repurposing,zh-TW,feature,blog-post-to-instagram-ai-repurposing,Blog Post To Instagram Ai Repurposing | Lovart
https:/www.lovart.ai/zh-TW/features/book-cover-design,zh-TW,feature,book-cover-design,Book Cover Design | Lovart
https:/www.lovart.ai/fr/features/brand-hashtag-visual-generator,fr,feature,brand-hashtag-visual-generator,品牌 hashtag visual 生成器 | Lovart
https:/www.lovart.ai/ko/features/brand-hashtag-visual-generator,ko,feature,brand-hashtag-visual-generator,品牌 hashtag visual 生成器 | Lovart
https:/www.lovart.ai/pt/features/brand-hashtag-visual-generator,pt,feature,brand-hashtag-visual-generator,品牌 hashtag visual 生成器 | Lovart
https:/www.lovart.ai/zh-TW/features/brand-hashtag-visual-generator,zh-TW,feature,brand-hashtag-visual-generator,Brand Hashtag Visual Generator | Lovart
https:/www.lovart.ai/it/features/cafe-menu-design,it,feature,cafe-menu-design,cafe menu 设计 | Lovart
https:/www.lovart.ai/ko/features/cafe-menu-design,ko,feature,cafe-menu-design,cafe menu 设计 | Lovart
https:/www.lovart.ai/ru/features/cafe-menu-design,ru,feature,cafe-menu-design,cafe menu 设计 | Lovart
https:/www.lovart.ai/zh-TW/features/cafe-menu-design,zh-TW,feature,cafe-menu-design,Cafe Menu Design | Lovart
https:/www.lovart.ai/it/features/catering-menu-design,it,feature,catering-menu-design,cafe menu 设计 | Lovart
https:/www.lovart.ai/ko/features/catering-menu-design,ko,feature,catering-menu-design,cafe menu 设计 | Lovart
https:/www.lovart.ai/pt/features/catering-menu-design,pt,feature,catering-menu-design,cafe menu 设计 | Lovart
https:/www.lovart.ai/ja/features/certificate-design,ja,feature,certificate-design,certificate 设计 | Lovart
https:/www.lovart.ai/ko/features/certificate-design,ko,feature,certificate-design,certificate 设计 | Lovart
https:/www.lovart.ai/pt/features/certificate-design,pt,feature,certificate-design,certificate 设计 | Lovart
https:/www.lovart.ai/ru/features/certificate-design,ru,feature,certificate-design,certificate 设计 | Lovart
https:/www.lovart.ai/zh-TW/features/certificate-design,zh-TW,feature,certificate-design,Certificate Design | Lovart
https:/www.lovart.ai/it/features/chef-business-card-design,it,feature,chef-business-card-design,chef 商务 卡片 设计 | Lovart
https:/www.lovart.ai/ko/features/chef-business-card-design,ko,feature,chef-business-card-design,chef 商务 卡片 设计 | Lovart
https:/www.lovart.ai/zh-TW/features/chef-business-card-design,zh-TW,feature,chef-business-card-design,Chef Business Card Design | Lovart
https:/www.lovart.ai/zh-TW/features/classroom-poster-design,zh-TW,feature,classroom-poster-design,Classroom Poster Design | Lovart
https:/www.lovart.ai/it/features/company-brochure-design,it,feature,company-brochure-design,company 宣传册 设计 | Lovart
https:/www.lovart.ai/ko/features/company-brochure-design,ko,feature,company-brochure-design,company 宣传册 设计 | Lovart
https:/www.lovart.ai/zh-TW/features/company-brochure-design,zh-TW,feature,company-brochure-design,Company Brochure Design | Lovart
https:/www.lovart.ai/ko/features/concert-poster-design,ko,feature,concert-poster-design,concert 海报 设计 | Lovart
https:/www.lovart.ai/pt/features/concert-poster-design,pt,feature,concert-poster-design,concert 海报 设计 | Lovart
https:/www.lovart.ai/ru/features/concert-poster-design,ru,feature,concert-poster-design,concert 海报 设计 | Lovart
https:/www.lovart.ai/zh-TW/features/concert-poster-design,zh-TW,feature,concert-poster-design,Concert Poster Design | Lovart
https:/www.lovart.ai/zh-TW/features/create-editable-brand-kit-ai-agent,zh-TW,feature,create-editable-brand-kit-ai-agent,Create Editable Brand Kit Ai Agent | Lovart
https:/www.lovart.ai/zh-TW/features/create-mockups-with-brand-kit-ai,zh-TW,feature,create-mockups-with-brand-kit-ai,Create Mockups With Brand Kit Ai | Lovart
https:/www.lovart.ai/zh-TW/features/create-videos-from-images-or-text-seedance,zh-TW,feature,create-videos-from-images-or-text-seedance,Create Videos From Images Or Text Seedance | Lovart
https:/www.lovart.ai/fr/features/custom-business-flyer-design,fr,feature,custom-business-flyer-design,custom 商务 flyer 设计 | Lovart
https:/www.lovart.ai/it/features/custom-business-flyer-design,it,feature,custom-business-flyer-design,custom 商务 flyer 设计 | Lovart
https:/www.lovart.ai/ja/features/custom-business-flyer-design,ja,feature,custom-business-flyer-design,custom 商务 flyer 设计 | Lovart
https:/www.lovart.ai/pt/features/custom-business-flyer-design,pt,feature,custom-business-flyer-design,custom 商务 flyer 设计 | Lovart
https:/www.lovart.ai/zh-TW/features/custom-business-flyer-design,zh-TW,feature,custom-business-flyer-design,Custom Business Flyer Design | Lovart
https:/www.lovart.ai/zh-TW/features/design-viral-youtube-thumbnails-ai-by-lovart,zh-TW,feature,design-viral-youtube-thumbnails-ai-by-lovart,Design Viral Youtube Thumbnails Ai By Lovart | Lovart
https:/www.lovart.ai/zh-TW/features/diploma-design,zh-TW,feature,diploma-design,Diploma Design | Lovart
https:/www.lovart.ai/zh-TW/features/discount-banner-design,zh-TW,feature,discount-banner-design,Discount Banner Design | Lovart
https:/www.lovart.ai/it/features/e-learning-banner-design,it,feature,e-learning-banner-design,e learning 横幅 设计 | Lovart
https:/www.lovart.ai/zh-TW/features/e-learning-banner-design,zh-TW,feature,e-learning-banner-design,E Learning Banner Design | Lovart
https:/www.lovart.ai/fr/features/ecommerce-banner-design,fr,feature,ecommerce-banner-design,e learning 横幅 设计 | Lovart
https:/www.lovart.ai/ko/features/ecommerce-banner-design,ko,feature,ecommerce-banner-design,e learning 横幅 设计 | Lovart
https:/www.lovart.ai/fr/features/engagement-invitation-design,fr,feature,engagement-invitation-design,engagement invitation 设计 | Lovart
https:/www.lovart.ai/it/features/engagement-invitation-design,it,feature,engagement-invitation-design,engagement invitation 设计 | Lovart
https:/www.lovart.ai/ko/features/engagement-invitation-design,ko,feature,engagement-invitation-design,engagement invitation 设计 | Lovart
https:/www.lovart.ai/pt/features/engagement-invitation-design,pt,feature,engagement-invitation-design,engagement invitation 设计 | Lovart
https:/www.lovart.ai/ru/features/engagement-invitation-design,ru,feature,engagement-invitation-design,engagement invitation 设计 | Lovart
https:/www.lovart.ai/zh-TW/features/engagement-invitation-design,zh-TW,feature,engagement-invitation-design,Engagement Invitation Design | Lovart
https:/www.lovart.ai/fr/features/event-poster-maker,fr,feature,event-poster-maker,event 海报 制作 | Lovart
https:/www.lovart.ai/it/features/event-poster-maker,it,feature,event-poster-maker,event 海报 制作 | Lovart
https:/www.lovart.ai/ko/features/event-poster-maker,ko,feature,event-poster-maker,event 海报 制作 | Lovart
https:/www.lovart.ai/zh-TW/features/event-poster-maker,zh-TW,feature,event-poster-maker,Event Poster Maker | Lovart
https:/www.lovart.ai/zh-TW/features/event-program-design,zh-TW,feature,event-program-design,Event Program Design | Lovart
https:/www.lovart.ai/zh-TW/features/facebook-cover-design,zh-TW,feature,facebook-cover-design,Facebook Cover Design | Lovart
https:/www.lovart.ai/ko/features/festival-banner-design,ko,feature,festival-banner-design,festival 横幅 设计 | Lovart
https:/www.lovart.ai/zh-TW/features/festival-banner-design,zh-TW,feature,festival-banner-design,Festival Banner Design | Lovart
https:/www.lovart.ai/it/features/flyer-design,it,feature,flyer-design,promotional flyer 设计 | Lovart
https:/www.lovart.ai/ja/features/flyer-design,ja,feature,flyer-design,promotional flyer 设计 | Lovart
https:/www.lovart.ai/ko/features/flyer-design,ko,feature,flyer-design,promotional flyer 设计 | Lovart
https:/www.lovart.ai/pt/features/flyer-design,pt,feature,flyer-design,promotional flyer 设计 | Lovart
https:/www.lovart.ai/zh-TW/features/food-banner-design,zh-TW,feature,food-banner-design,Food Banner Design | Lovart
https:/www.lovart.ai/zh-TW/features/food-blog-header-design,zh-TW,feature,food-blog-header-design,Food Blog Header Design | Lovart
https:/www.lovart.ai/zh-TW/features/food-delivery-app-design,zh-TW,feature,food-delivery-app-design,Food Delivery App Design | Lovart
https:/www.lovart.ai/zh-TW/features/food-festival-poster-design,zh-TW,feature,food-festival-poster-design,Food Festival Poster Design | Lovart
https:/www.lovart.ai/it/features/food-flyer-design,it,feature,food-flyer-design,promotional flyer 设计 | Lovart
https:/www.lovart.ai/ja/features/food-flyer-design,ja,feature,food-flyer-design,promotional flyer 设计 | Lovart
https:/www.lovart.ai/ko/features/food-flyer-design,ko,feature,food-flyer-design,promotional flyer 设计 | Lovart
https:/www.lovart.ai/ru/features/food-flyer-design,ru,feature,food-flyer-design,promotional flyer 设计 | Lovart
https:/www.lovart.ai/it/features/food-photography-layout-design,it,feature,food-photography-layout-design,food photography layout 设计 | Lovart
https:/www.lovart.ai/ru/features/food-photography-layout-design,ru,feature,food-photography-layout-design,food photography layout 设计 | Lovart
https:/www.lovart.ai/zh-TW/features/food-photography-layout-design,zh-TW,feature,food-photography-layout-design,Food Photography Layout Design | Lovart
https:/www.lovart.ai/fr/features/food-poster-design,fr,feature,food-poster-design,food festival 海报 设计 | Lovart
https:/www.lovart.ai/it/features/food-poster-design,it,feature,food-poster-design,food festival 海报 设计 | Lovart
https:/www.lovart.ai/ko/features/food-poster-design,ko,feature,food-poster-design,food festival 海报 设计 | Lovart
https:/www.lovart.ai/fr/features/food-recipe-card-design,fr,feature,food-recipe-card-design,chef 商务 卡片 设计 | Lovart
https:/www.lovart.ai/it/features/food-recipe-card-design,it,feature,food-recipe-card-design,chef 商务 卡片 设计 | Lovart
https:/www.lovart.ai/ko/features/food-recipe-card-design,ko,feature,food-recipe-card-design,chef 商务 卡片 设计 | Lovart
https:/www.lovart.ai/ru/features/food-recipe-card-design,ru,feature,food-recipe-card-design,chef 商务 卡片 设计 | Lovart
https:/www.lovart.ai/zh-TW/features/food-social-media-design,zh-TW,feature,food-social-media-design,Food Social Media Design | Lovart
https:/www.lovart.ai/fr/features/food-truck-menu-design,fr,feature,food-truck-menu-design,food truck menu 设计 | Lovart
https:/www.lovart.ai/it/features/food-truck-menu-design,it,feature,food-truck-menu-design,food truck menu 设计 | Lovart
https:/www.lovart.ai/pt/features/food-truck-menu-design,pt,feature,food-truck-menu-design,food truck menu 设计 | Lovart
https:/www.lovart.ai/ru/features/food-truck-menu-design,ru,feature,food-truck-menu-design,food truck menu 设计 | Lovart
https:/www.lovart.ai/zh-TW/features/food-truck-menu-design,zh-TW,feature,food-truck-menu-design,Food Truck Menu Design | Lovart
https:/www.lovart.ai/zh-TW/features/food-truck-wrap-design,zh-TW,feature,food-truck-wrap-design,Food Truck Wrap Design | Lovart
https:/www.lovart.ai/zh-TW/features/free-online-tool,zh-TW,feature,free-online-tool,Free Online Tool | Lovart
https:/www.lovart.ai/zh-TW/features/gpt-image-generator-ai,zh-TW,feature,gpt-image-generator-ai,Gpt Image Generator Ai | Lovart
https:/www.lovart.ai/fr/features/graduation-invitation-design,fr,feature,graduation-invitation-design,graduation invitation 设计 | Lovart
https:/www.lovart.ai/ja/features/graduation-invitation-design,ja,feature,graduation-invitation-design,graduation invitation 设计 | Lovart
https:/www.lovart.ai/ko/features/graduation-invitation-design,ko,feature,graduation-invitation-design,graduation invitation 设计 | Lovart
https:/www.lovart.ai/zh-TW/features/graduation-invitation-design,zh-TW,feature,graduation-invitation-design,Graduation Invitation Design | Lovart
https:/www.lovart.ai/zh-TW/features/graphic-design,zh-TW,feature,graphic-design,Graphic Design | Lovart
https:/www.lovart.ai/zh-TW/features/image-to-video-agent,zh-TW,feature,image-to-video-agent,Image To Video Agent | Lovart
https:/www.lovart.ai/zh-TW/features/infinite-chatcanvas-ai-collaboration,zh-TW,feature,infinite-chatcanvas-ai-collaboration,Infinite Chatcanvas Ai Collaboration | Lovart
https:/www.lovart.ai/zh-TW/features/infographic-design,zh-TW,feature,infographic-design,Infographic Design | Lovart
https:/www.lovart.ai/zh-TW/features/instagram-highlight-cover-design,zh-TW,feature,instagram-highlight-cover-design,Instagram Highlight Cover Design | Lovart
https:/www.lovart.ai/zh-TW/features/instagram-story-design,zh-TW,feature,instagram-story-design,Instagram Story Design | Lovart
https:/www.lovart.ai/zh-TW/features/instagram-story-layout-ideas-generator,zh-TW,feature,instagram-story-layout-ideas-generator,Instagram Story Layout Ideas Generator | Lovart
https:/www.lovart.ai/zh-TW/features/instagram-story-maker,zh-TW,feature,instagram-story-maker,Instagram Story Maker | Lovart
https:/www.lovart.ai/zh-TW/features/launch-event-landing-page-generator,zh-TW,feature,launch-event-landing-page-generator,Launch Event Landing Page Generator | Lovart
https:/www.lovart.ai/zh-TW/features/leonardo-ai-alternative,zh-TW,feature,leonardo-ai-alternative,Leonardo Ai Alternative | Lovart
https:/www.lovart.ai/zh-TW/features/lesson-plan-design,zh-TW,feature,lesson-plan-design,Lesson Plan Design | Lovart
https:/www.lovart.ai/fr/features/linkedin-ads-generator,fr,feature,linkedin-ads-generator,linkedin ads 生成器 | Lovart
https:/www.lovart.ai/ko/features/linkedin-ads-generator,ko,feature,linkedin-ads-generator,linkedin ads 生成器 | Lovart
https:/www.lovart.ai/ru/features/linkedin-ads-generator,ru,feature,linkedin-ads-generator,linkedin ads 生成器 | Lovart
https:/www.lovart.ai/zh-TW/features/linkedin-ads-generator,zh-TW,feature,linkedin-ads-generator,Linkedin Ads Generator | Lovart
https:/www.lovart.ai/fr/features/linkedin-banner-design-ai-generator-by-lovart,fr,feature,linkedin-banner-design-ai-generator-by-lovart,linkedin 横幅 设计 生成器 | Lovart
https:/www.lovart.ai/it/features/linkedin-banner-design-ai-generator-by-lovart,it,feature,linkedin-banner-design-ai-generator-by-lovart,linkedin 横幅 设计 生成器 | Lovart
https:/www.lovart.ai/ja/features/linkedin-banner-design-ai-generator-by-lovart,ja,feature,linkedin-banner-design-ai-generator-by-lovart,linkedin 横幅 设计 生成器 | Lovart
https:/www.lovart.ai/ko/features/linkedin-banner-design-ai-generator-by-lovart,ko,feature,linkedin-banner-design-ai-generator-by-lovart,linkedin 横幅 设计 生成器 | Lovart
https:/www.lovart.ai/pt/features/linkedin-banner-design-ai-generator-by-lovart,pt,feature,linkedin-banner-design-ai-generator-by-lovart,linkedin 横幅 设计 生成器 | Lovart
https:/www.lovart.ai/fr/features/linkedin-banner-design-ai-generator,fr,feature,linkedin-banner-design-ai-generator,linkedin 横幅 设计 生成器 | Lovart
https:/www.lovart.ai/it/features/linkedin-banner-design-ai-generator,it,feature,linkedin-banner-design-ai-generator,linkedin 横幅 设计 生成器 | Lovart
https:/www.lovart.ai/ja/features/linkedin-banner-design-ai-generator,ja,feature,linkedin-banner-design-ai-generator,linkedin 横幅 设计 生成器 | Lovart
https:/www.lovart.ai/zh-TW/features/linkedin-banner-design-ai-generator,zh-TW,feature,linkedin-banner-design-ai-generator,Linkedin Banner Design Ai Generator | Lovart
https:/www.lovart.ai/ja/features/linkedin-banner-design,ja,feature,linkedin-banner-design,linkedin 横幅 设计 | Lovart
https:/www.lovart.ai/ko/features/linkedin-banner-design,ko,feature,linkedin-banner-design,linkedin 横幅 设计 | Lovart
https:/www.lovart.ai/zh-TW/features/linkedin-banner-design,zh-TW,feature,linkedin-banner-design,Linkedin Banner Design | Lovart
https:/www.lovart.ai/it/features/linkedin-spotlight-ads-generator,it,feature,linkedin-spotlight-ads-generator,linkedin spotlight ads 生成器 | Lovart
https:/www.lovart.ai/ko/features/linkedin-spotlight-ads-generator,ko,feature,linkedin-spotlight-ads-generator,linkedin spotlight ads 生成器 | Lovart
https:/www.lovart.ai/zh-TW/features/linkedin-spotlight-ads-generator,zh-TW,feature,linkedin-spotlight-ads-generator,Linkedin Spotlight Ads Generator | Lovart
https:/www.lovart.ai/fr/features/magazine-layout-design,fr,feature,magazine-layout-design,magazine layout 设计 | Lovart
https:/www.lovart.ai/ja/features/magazine-layout-design,ja,feature,magazine-layout-design,magazine layout 设计 | Lovart
https:/www.lovart.ai/zh-TW/features/magazine-layout-design,zh-TW,feature,magazine-layout-design,Magazine Layout Design | Lovart
https:/www.lovart.ai/zh-TW/features/mcot-engine,zh-TW,feature,mcot-engine,Mcot Engine | Lovart
https:/www.lovart.ai/fr/features/nano-banana-ai-model,fr,feature,nano-banana-ai-model,Nano Banana Ai Model | Lovart
https:/www.lovart.ai/it/features/nano-banana-ai-model,it,feature,nano-banana-ai-model,Nano Banana Ai Model | Lovart
https:/www.lovart.ai/ja/features/nano-banana-ai-model,ja,feature,nano-banana-ai-model,Nano Banana Ai Model | Lovart
https:/www.lovart.ai/ko/features/nano-banana-ai-model,ko,feature,nano-banana-ai-model,Nano Banana Ai Model | Lovart
https:/www.lovart.ai/pt/features/nano-banana-ai-model,pt,feature,nano-banana-ai-model,Nano Banana Ai Model | Lovart
https:/www.lovart.ai/ru/features/nano-banana-ai-model,ru,feature,nano-banana-ai-model,Nano Banana Ai Model | Lovart
https:/www.lovart.ai/zh-TW/features/nano-banana-ai-model,zh-TW,feature,nano-banana-ai-model,Nano Banana Ai Model | Lovart
https:/www.lovart.ai/zh-TW/features/nano-banana-case-studies,zh-TW,feature,nano-banana-case-studies,Nano Banana Case Studies | Lovart
https:/www.lovart.ai/zh-TW/features/nano-banana-creative-brainstorming,zh-TW,feature,nano-banana-creative-brainstorming,Nano Banana Creative Brainstorming | Lovart
https:/www.lovart.ai/it/features/nano-banana-digital-art-creation,it,feature,nano-banana-digital-art-creation,digital art creation | Lovart
https:/www.lovart.ai/ja/features/nano-banana-digital-art-creation,ja,feature,nano-banana-digital-art-creation,digital art creation | Lovart
https:/www.lovart.ai/ko/features/nano-banana-digital-art-creation,ko,feature,nano-banana-digital-art-creation,digital art creation | Lovart
https:/www.lovart.ai/zh-TW/features/nano-banana-digital-art-creation,zh-TW,feature,nano-banana-digital-art-creation,Nano Banana Digital Art Creation | Lovart
https:/www.lovart.ai/zh-TW/features/nano-banana-graphic-design-workflow,zh-TW,feature,nano-banana-graphic-design-workflow,Nano Banana Graphic Design Workflow | Lovart
https:/www.lovart.ai/zh-TW/features/nano-banana-illustration-projects,zh-TW,feature,nano-banana-illustration-projects,Nano Banana Illustration Projects | Lovart
https:/www.lovart.ai/zh-TW/features/nano-banana-infographic-design,zh-TW,feature,nano-banana-infographic-design,Nano Banana Infographic Design | Lovart
https:/www.lovart.ai/zh-TW/features/nano-banana-marketing-visuals,zh-TW,feature,nano-banana-marketing-visuals,Nano Banana Marketing Visuals | Lovart
https:/www.lovart.ai/zh-TW/features/nano-banana-presentation-slides,zh-TW,feature,nano-banana-presentation-slides,Nano Banana Presentation Slides | Lovart
https:/www.lovart.ai/zh-TW/features/nano-banana-product-photography,zh-TW,feature,nano-banana-product-photography,Nano Banana Product Photography | Lovart
https:/www.lovart.ai/fr/features/nano-banana-social-media-graphics,fr,feature,nano-banana-social-media-graphics,social media graphics | Lovart
https:/www.lovart.ai/pt/features/nano-banana-social-media-graphics,pt,feature,nano-banana-social-media-graphics,social media graphics | Lovart
https:/www.lovart.ai/ru/features/nano-banana-social-media-graphics,ru,feature,nano-banana-social-media-graphics,social media graphics | Lovart
https:/www.lovart.ai/zh-TW/features/nano-banana-social-media-graphics,zh-TW,feature,nano-banana-social-media-graphics,Nano Banana Social Media Graphics | Lovart
https:/www.lovart.ai/zh-TW/features/nano-banana-website-graphics,zh-TW,feature,nano-banana-website-graphics,Nano Banana Website Graphics | Lovart
https:/www.lovart.ai/zh-TW/features/nano-banana-workflow-optimization,zh-TW,feature,nano-banana-workflow-optimization,Nano Banana Workflow Optimization | Lovart
https:/www.lovart.ai/zh-TW/features/no-template-popup-ads-generator,zh-TW,feature,no-template-popup-ads-generator,No Template Popup Ads Generator | Lovart
https:/www.lovart.ai/fr/features/nutrition-label-design,fr,feature,nutrition-label-design,nutrition label 设计 | Lovart
https:/www.lovart.ai/pt/features/nutrition-label-design,pt,feature,nutrition-label-design,nutrition label 设计 | Lovart
https:/www.lovart.ai/ru/features/nutrition-label-design,ru,feature,nutrition-label-design,nutrition label 设计 | Lovart
https:/www.lovart.ai/zh-TW/features/nutrition-label-design,zh-TW,feature,nutrition-label-design,Nutrition Label Design | Lovart
https:/www.lovart.ai/it/features/online-multimodal-ai-creator-seedance,it,feature,online-multimodal-ai-creator-seedance,twitter header 创建器 | Lovart
https:/www.lovart.ai/ja/features/online-multimodal-ai-creator-seedance,ja,feature,online-multimodal-ai-creator-seedance,twitter header 创建器 | Lovart
https:/www.lovart.ai/ko/features/online-multimodal-ai-creator-seedance,ko,feature,online-multimodal-ai-creator-seedance,twitter header 创建器 | Lovart
https:/www.lovart.ai/pt/features/online-multimodal-ai-creator-seedance,pt,feature,online-multimodal-ai-creator-seedance,twitter header 创建器 | Lovart
https:/www.lovart.ai/zh-TW/features/overcome-blank-canvas-syndrome,zh-TW,feature,overcome-blank-canvas-syndrome,Overcome Blank Canvas Syndrome | Lovart
https:/www.lovart.ai/fr/features/pinterest-pin-design,fr,feature,pinterest-pin-design,pinterest pin 制作 | Lovart
https:/www.lovart.ai/it/features/pinterest-pin-design,it,feature,pinterest-pin-design,pinterest pin 制作 | Lovart
https:/www.lovart.ai/ja/features/pinterest-pin-design,ja,feature,pinterest-pin-design,pinterest pin 制作 | Lovart
https:/www.lovart.ai/ko/features/pinterest-pin-design,ko,feature,pinterest-pin-design,pinterest pin 制作 | Lovart
https:/www.lovart.ai/ru/features/pinterest-pin-design,ru,feature,pinterest-pin-design,pinterest pin 制作 | Lovart
https:/www.lovart.ai/zh-TW/features/pizza-menu-design,zh-TW,feature,pizza-menu-design,Pizza Menu Design | Lovart
https:/www.lovart.ai/fr/features/portfolio-design,fr,feature,portfolio-design,portfolio 设计 | Lovart
https:/www.lovart.ai/it/features/portfolio-design,it,feature,portfolio-design,portfolio 设计 | Lovart
https:/www.lovart.ai/pt/features/portfolio-design,pt,feature,portfolio-design,portfolio 设计 | Lovart
https:/www.lovart.ai/ru/features/portfolio-design,ru,feature,portfolio-design,portfolio 设计 | Lovart
https:/www.lovart.ai/zh-TW/features/portfolio-design,zh-TW,feature,portfolio-design,Portfolio Design | Lovart
https:/www.lovart.ai/ja/features/poster-design,ja,feature,poster-design,classroom 海报 设计 | Lovart
https:/www.lovart.ai/pt/features/poster-design,pt,feature,poster-design,classroom 海报 设计 | Lovart
https:/www.lovart.ai/zh-TW/features/price-list-design,zh-TW,feature,price-list-design,Price List Design | Lovart
https:/www.lovart.ai/it/features/product-catalog-design,it,feature,product-catalog-design,product packaging 设计 | Lovart
https:/www.lovart.ai/ja/features/product-catalog-design,ja,feature,product-catalog-design,product packaging 设计 | Lovart
https:/www.lovart.ai/ko/features/product-catalog-design,ko,feature,product-catalog-design,product packaging 设计 | Lovart
https:/www.lovart.ai/pt/features/product-catalog-design,pt,feature,product-catalog-design,product packaging 设计 | Lovart
https:/www.lovart.ai/zh-TW/features/product-packaging-design,zh-TW,feature,product-packaging-design,Product Packaging Design | Lovart
https:/www.lovart.ai/zh-TW/features/professional-corporate-presentation-design,zh-TW,feature,professional-corporate-presentation-design,Professional Corporate Presentation Design | Lovart
https:/www.lovart.ai/it/features/professional-resume-design,it,feature,professional-resume-design,professional resume 设计 | Lovart
https:/www.lovart.ai/ko/features/professional-resume-design,ko,feature,professional-resume-design,professional resume 设计 | Lovart
https:/www.lovart.ai/pt/features/professional-resume-design,pt,feature,professional-resume-design,professional resume 设计 | Lovart
https:/www.lovart.ai/zh-TW/features/professional-resume-design,zh-TW,feature,professional-resume-design,Professional Resume Design | Lovart
https:/www.lovart.ai/zh-TW/features/promotional-flyer-design,zh-TW,feature,promotional-flyer-design,Promotional Flyer Design | Lovart
https:/www.lovart.ai/pt/features/property-brochure-design,pt,feature,property-brochure-design,property 宣传册 设计 | Lovart
https:/www.lovart.ai/ru/features/property-brochure-design,ru,feature,property-brochure-design,property 宣传册 设计 | Lovart
https:/www.lovart.ai/zh-TW/features/property-brochure-design,zh-TW,feature,property-brochure-design,Property Brochure Design | Lovart
https:/www.lovart.ai/fr/features/property-listing-design,fr,feature,property-listing-design,property listing 设计 | Lovart
https:/www.lovart.ai/it/features/property-listing-design,it,feature,property-listing-design,property listing 设计 | Lovart
https:/www.lovart.ai/ko/features/property-listing-design,ko,feature,property-listing-design,property listing 设计 | Lovart
https:/www.lovart.ai/ru/features/property-listing-design,ru,feature,property-listing-design,property listing 设计 | Lovart
https:/www.lovart.ai/zh-TW/features/property-listing-design,zh-TW,feature,property-listing-design,Property Listing Design | Lovart
https:/www.lovart.ai/fr/features/property-report-design,fr,feature,property-report-design,property listing 设计 | Lovart
https:/www.lovart.ai/ko/features/property-report-design,ko,feature,property-report-design,property listing 设计 | Lovart
https:/www.lovart.ai/ru/features/property-report-design,ru,feature,property-report-design,property listing 设计 | Lovart
https:/www.lovart.ai/ko/features/quick-poster-generation-by-lovart,ko,feature,quick-poster-generation-by-lovart,设计 viral youtube thumbnails | Lovart
https:/www.lovart.ai/fr/features/rapid-poster-ai-creation,fr,feature,rapid-poster-ai-creation,rapid 海报 creation | Lovart
https:/www.lovart.ai/pt/features/rapid-poster-ai-creation,pt,feature,rapid-poster-ai-creation,rapid 海报 creation | Lovart
https:/www.lovart.ai/ru/features/rapid-poster-ai-creation,ru,feature,rapid-poster-ai-creation,rapid 海报 creation | Lovart
https:/www.lovart.ai/zh-TW/features/rapid-poster-ai-creation,zh-TW,feature,rapid-poster-ai-creation,Rapid Poster Ai Creation | Lovart
https:/www.lovart.ai/it/features/real-estate-banner-design,it,feature,real-estate-banner-design,real estate sign 设计 | Lovart
https:/www.lovart.ai/ja/features/real-estate-banner-design,ja,feature,real-estate-banner-design,real estate sign 设计 | Lovart
https:/www.lovart.ai/ru/features/real-estate-banner-design,ru,feature,real-estate-banner-design,real estate sign 设计 | Lovart
https:/www.lovart.ai/zh-TW/features/real-estate-business-card-design,zh-TW,feature,real-estate-business-card-design,Real Estate Business Card Design | Lovart
https:/www.lovart.ai/fr/features/real-estate-flyer-design,fr,feature,real-estate-flyer-design,real estate flyer 设计 | Lovart
https:/www.lovart.ai/it/features/real-estate-flyer-design,it,feature,real-estate-flyer-design,real estate flyer 设计 | Lovart
https:/www.lovart.ai/ko/features/real-estate-flyer-design,ko,feature,real-estate-flyer-design,real estate flyer 设计 | Lovart
https:/www.lovart.ai/zh-TW/features/real-estate-flyer-design,zh-TW,feature,real-estate-flyer-design,Real Estate Flyer Design | Lovart
https:/www.lovart.ai/fr/features/real-estate-newsletter-design,fr,feature,real-estate-newsletter-design,real estate newsletter 设计 | Lovart
https:/www.lovart.ai/it/features/real-estate-newsletter-design,it,feature,real-estate-newsletter-design,real estate newsletter 设计 | Lovart
https:/www.lovart.ai/pt/features/real-estate-newsletter-design,pt,feature,real-estate-newsletter-design,real estate newsletter 设计 | Lovart
https:/www.lovart.ai/ru/features/real-estate-newsletter-design,ru,feature,real-estate-newsletter-design,real estate newsletter 设计 | Lovart
https:/www.lovart.ai/zh-TW/features/real-estate-newsletter-design,zh-TW,feature,real-estate-newsletter-design,Real Estate Newsletter Design | Lovart
https:/www.lovart.ai/fr/features/real-estate-postcard-design,fr,feature,real-estate-postcard-design,real estate postcard 设计 | Lovart
https:/www.lovart.ai/it/features/real-estate-postcard-design,it,feature,real-estate-postcard-design,real estate postcard 设计 | Lovart
https:/www.lovart.ai/ko/features/real-estate-postcard-design,ko,feature,real-estate-postcard-design,real estate postcard 设计 | Lovart
https:/www.lovart.ai/pt/features/real-estate-postcard-design,pt,feature,real-estate-postcard-design,real estate postcard 设计 | Lovart
https:/www.lovart.ai/zh-TW/features/real-estate-postcard-design,zh-TW,feature,real-estate-postcard-design,Real Estate Postcard Design | Lovart
https:/www.lovart.ai/ko/features/real-estate-sign-design,ko,feature,real-estate-sign-design,real estate sign 设计 | Lovart
https:/www.lovart.ai/ru/features/real-estate-sign-design,ru,feature,real-estate-sign-design,real estate sign 设计 | Lovart
https:/www.lovart.ai/zh-TW/features/real-estate-sign-design,zh-TW,feature,real-estate-sign-design,Real Estate Sign Design | Lovart
https:/www.lovart.ai/zh-TW/features/remove-video-background,zh-TW,feature,remove-video-background,Remove Video Background | Lovart
https:/www.lovart.ai/it/features/restaurant-brochure-design,it,feature,restaurant-brochure-design,restaurant 宣传册 设计 | Lovart
https:/www.lovart.ai/ko/features/restaurant-brochure-design,ko,feature,restaurant-brochure-design,restaurant 宣传册 设计 | Lovart
https:/www.lovart.ai/pt/features/restaurant-brochure-design,pt,feature,restaurant-brochure-design,restaurant 宣传册 设计 | Lovart
https:/www.lovart.ai/zh-TW/features/restaurant-brochure-design,zh-TW,feature,restaurant-brochure-design,Restaurant Brochure Design | Lovart
https:/www.lovart.ai/zh-TW/features/restaurant-business-card-design,zh-TW,feature,restaurant-business-card-design,Restaurant Business Card Design | Lovart
https:/www.lovart.ai/it/features/restaurant-coupon-design,it,feature,restaurant-coupon-design,restaurant 商务 卡片 设计 | Lovart
https:/www.lovart.ai/zh-TW/features/restaurant-gift-card-design,zh-TW,feature,restaurant-gift-card-design,Restaurant Gift Card Design | Lovart
https:/www.lovart.ai/pt/features/restaurant-loyalty-card-design,pt,feature,restaurant-loyalty-card-design,restaurant 商务 卡片 设计 | Lovart
https:/www.lovart.ai/ru/features/restaurant-loyalty-card-design,ru,feature,restaurant-loyalty-card-design,restaurant 商务 卡片 设计 | Lovart
https:/www.lovart.ai/fr/features/restaurant-menu-design,fr,feature,restaurant-menu-design,restaurant menu 设计 | Lovart
https:/www.lovart.ai/it/features/restaurant-menu-design,it,feature,restaurant-menu-design,restaurant menu 设计 | Lovart
https:/www.lovart.ai/pt/features/restaurant-menu-design,pt,feature,restaurant-menu-design,restaurant menu 设计 | Lovart
https:/www.lovart.ai/ru/features/restaurant-menu-design,ru,feature,restaurant-menu-design,restaurant menu 设计 | Lovart
https:/www.lovart.ai/zh-TW/features/restaurant-menu-design,zh-TW,feature,restaurant-menu-design,Restaurant Menu Design | Lovart
https:/www.lovart.ai/zh-TW/features/restaurant-table-tent-design,zh-TW,feature,restaurant-table-tent-design,Restaurant Table Tent Design | Lovart
https:/www.lovart.ai/ja/features/restaurant-menu-design,ja,feature,restaurant-menu-design,restaurant_menu_design | Lovart
https:/www.lovart.ai/zh-TW/features/seamless-carousel-post-visual-storytelling,zh-TW,feature,seamless-carousel-post-visual-storytelling,Seamless Carousel Post Visual Storytelling | Lovart
https:/www.lovart.ai/fr/features/secure-student-id-card-design,fr,feature,secure-student-id-card-design,secure student id 卡片 设计 | Lovart
https:/www.lovart.ai/ko/features/secure-student-id-card-design,ko,feature,secure-student-id-card-design,secure student id 卡片 设计 | Lovart
https:/www.lovart.ai/pt/features/secure-student-id-card-design,pt,feature,secure-student-id-card-design,secure student id 卡片 设计 | Lovart
https:/www.lovart.ai/ru/features/secure-student-id-card-design,ru,feature,secure-student-id-card-design,secure student id 卡片 设计 | Lovart
https:/www.lovart.ai/zh-TW/features/secure-student-id-card-design,zh-TW,feature,secure-student-id-card-design,Secure Student Id Card Design | Lovart
https:/www.lovart.ai/zh-TW/features/seedance-2-0-ai-video-generator,zh-TW,feature,seedance-2-0-ai-video-generator,Seedance 2 0 Ai Video Generator | Lovart
https:/www.lovart.ai/ja/features/seedance-2-ai-video-generator-agent,ja,feature,seedance-2-ai-video-generator-agent,seedance 0 视频 生成器 | Lovart
https:/www.lovart.ai/ko/features/seedance-2-ai-video-generator-agent,ko,feature,seedance-2-ai-video-generator-agent,seedance 0 视频 生成器 | Lovart
https:/www.lovart.ai/it/features/seedance-ai-video-generator,it,feature,seedance-ai-video-generator,seedance 视频 生成器 | Lovart
https:/www.lovart.ai/ja/features/seedance-ai-video-generator,ja,feature,seedance-ai-video-generator,seedance 视频 生成器 | Lovart
https:/www.lovart.ai/ko/features/seedance-ai-video-generator,ko,feature,seedance-ai-video-generator,seedance 视频 生成器 | Lovart
https:/www.lovart.ai/zh-TW/features/seedance-ai-video-generator,zh-TW,feature,seedance-ai-video-generator,Seedance Ai Video Generator | Lovart
https:/www.lovart.ai/features/seedance-text-to-video-ai,en,feature,seedance-text-to-video-ai,Seedance Text To Video Ai | Lovart
https:/www.lovart.ai/fr/features/seedance-text-to-video-ai,fr,feature,seedance-text-to-video-ai,seedance text 视频 | Lovart
https:/www.lovart.ai/pt/features/seedance-text-to-video-ai,pt,feature,seedance-text-to-video-ai,seedance text 视频 | Lovart
https:/www.lovart.ai/zh-TW/features/seedance-text-to-video-ai,zh-TW,feature,seedance-text-to-video-ai,Seedance Text To Video Ai | Lovart
https:/www.lovart.ai/zh-TW/features/shopify-banner-design,zh-TW,feature,shopify-banner-design,Shopify Banner Design | Lovart
https:/www.lovart.ai/fr/features/social-media-post-design,fr,feature,social-media-post-design,social media post 制作 | Lovart
https:/www.lovart.ai/ja/features/social-media-post-design,ja,feature,social-media-post-design,social media post 制作 | Lovart
https:/www.lovart.ai/pt/features/social-media-post-design,pt,feature,social-media-post-design,social media post 制作 | Lovart
https:/www.lovart.ai/ru/features/social-media-post-design,ru,feature,social-media-post-design,social media post 制作 | Lovart
https:/www.lovart.ai/zh-TW/features/social-media-template-design,zh-TW,feature,social-media-template-design,Social Media Template Design | Lovart
https:/www.lovart.ai/ko/features/startup-logo-design,ko,feature,startup-logo-design,startup 标志 设计 | Lovart
https:/www.lovart.ai/pt/features/startup-logo-design,pt,feature,startup-logo-design,startup 标志 设计 | Lovart
https:/www.lovart.ai/ru/features/startup-logo-design,ru,feature,startup-logo-design,startup 标志 设计 | Lovart
https:/www.lovart.ai/zh-TW/features/startup-logo-design,zh-TW,feature,startup-logo-design,Startup Logo Design | Lovart
https:/www.lovart.ai/zh-TW/features/text-image-to-video-seedance,zh-TW,feature,text-image-to-video-seedance,Text Image To Video Seedance | Lovart
https:/www.lovart.ai/zh-TW/features/text-to-video-agent,zh-TW,feature,text-to-video-agent,Text To Video Agent | Lovart
https:/www.lovart.ai/zh-TW/features/text-to-video-ai-generator-veo3,zh-TW,feature,text-to-video-ai-generator-veo3,Text To Video Ai Generator Veo3 | Lovart
https:/www.lovart.ai/zh-TW/features/text-to-video-ai,zh-TW,feature,text-to-video-ai,Text To Video Ai | Lovart
https:/www.lovart.ai/ru/features/textbook-cover-design,ru,feature,textbook-cover-design,书籍 封面 设计 | Lovart
https:/www.lovart.ai/fr/features/tiktok-video-cover-design,fr,feature,tiktok-video-cover-design,书籍 封面 设计 | Lovart
https:/www.lovart.ai/it/features/tiktok-video-cover-design,it,feature,tiktok-video-cover-design,书籍 封面 设计 | Lovart
https:/www.lovart.ai/ja/features/tiktok-video-cover-design,ja,feature,tiktok-video-cover-design,书籍 封面 设计 | Lovart
https:/www.lovart.ai/ko/features/tiktok-video-cover-design,ko,feature,tiktok-video-cover-design,书籍 封面 设计 | Lovart
https:/www.lovart.ai/zh-TW/features/touch-edit-ai,zh-TW,feature,touch-edit-ai,Touch Edit Ai | Lovart
https:/www.lovart.ai/it/features/twitter-header-design,it,feature,twitter-header-design,twitter header 设计 | Lovart
https:/www.lovart.ai/ko/features/twitter-header-design,ko,feature,twitter-header-design,twitter header 设计 | Lovart
https:/www.lovart.ai/zh-TW/features/twitter-header-design,zh-TW,feature,twitter-header-design,Twitter Header Design | Lovart
https:/www.lovart.ai/zh-TW/features/video-background-changer,zh-TW,feature,video-background-changer,Video Background Changer | Lovart
https:/www.lovart.ai/zh-TW/features/video-background-remover,zh-TW,feature,video-background-remover,Video Background Remover | Lovart
https:/www.lovart.ai/zh-TW/features/wedding-invitation-design,zh-TW,feature,wedding-invitation-design,Wedding Invitation Design | Lovart
https:/www.lovart.ai/ko/features/wine-label-design,ko,feature,wine-label-design,wine label 设计 | Lovart
https:/www.lovart.ai/pt/features/wine-label-design,pt,feature,wine-label-design,wine label 设计 | Lovart
https:/www.lovart.ai/ru/features/wine-label-design,ru,feature,wine-label-design,wine label 设计 | Lovart
https:/www.lovart.ai/zh-TW/features/wine-label-design,zh-TW,feature,wine-label-design,Wine Label Design | Lovart
https:/www.lovart.ai/fr/features/youtube-thumbnail-design,fr,feature,youtube-thumbnail-design,设计 viral youtube thumbnails | Lovart
https:/www.lovart.ai/it/features/youtube-thumbnail-design,it,feature,youtube-thumbnail-design,设计 viral youtube thumbnails | Lovart
https:/www.lovart.ai/pt/features/youtube-thumbnail-design,pt,feature,youtube-thumbnail-design,设计 viral youtube thumbnails | Lovart
https:/www.lovart.ai/de/features/festival-banner-design,de,feature,festival-banner-design,festival 横幅 设计 | Lovart
https:/www.lovart.ai/de/features/flyer-design,de,feature,flyer-design,promotional flyer 设计 | Lovart
https:/www.lovart.ai/de/features/food-flyer-design,de,feature,food-flyer-design,promotional flyer 设计 | Lovart
https:/www.lovart.ai/de/features/food-poster-design,de,feature,food-poster-design,food festival 海报 设计 | Lovart
https:/www.lovart.ai/de/features/food-recipe-card-design,de,feature,food-recipe-card-design,chef 商务 卡片 设计 | Lovart
https:/www.lovart.ai/de/features/food-truck-menu-design,de,feature,food-truck-menu-design,food truck menu 设计 | Lovart
https:/www.lovart.ai/features/free-online-tool,en,feature,free-online-tool,Free Online Tool | Lovart
https:/www.lovart.ai/de/features/graduation-invitation-design,de,feature,graduation-invitation-design,graduation invitation 设计 | Lovart
https:/www.lovart.ai/de/features/linkedin-ads-generator,de,feature,linkedin-ads-generator,linkedin ads 生成器 | Lovart
https:/www.lovart.ai/de/features/linkedin-banner-design-ai-generator-by-lovart,de,feature,linkedin-banner-design-ai-generator-by-lovart,linkedin 横幅 设计 生成器 | Lovart
https:/www.lovart.ai/de/features/magazine-layout-design,de,feature,magazine-layout-design,magazine layout 设计 | Lovart
https:/www.lovart.ai/de/features/nano-banana-ai-model,de,feature,nano-banana-ai-model,Nano Banana Ai Model | Lovart
https:/www.lovart.ai/de/features/nano-banana-digital-art-creation,de,feature,nano-banana-digital-art-creation,digital art creation | Lovart
https:/www.lovart.ai/de/features/nano-banana-social-media-graphics,de,feature,nano-banana-social-media-graphics,social media graphics | Lovart
https:/www.lovart.ai/de/features/nutrition-label-design,de,feature,nutrition-label-design,nutrition label 设计 | Lovart
https:/www.lovart.ai/de/features/portfolio-design,de,feature,portfolio-design,portfolio 设计 | Lovart
https:/www.lovart.ai/de/features/product-catalog-design,de,feature,product-catalog-design,product packaging 设计 | Lovart
https:/www.lovart.ai/de/features/professional-resume-design,de,feature,professional-resume-design,professional resume 设计 | Lovart
https:/www.lovart.ai/de/features/property-brochure-design,de,feature,property-brochure-design,property 宣传册 设计 | Lovart
https:/www.lovart.ai/de/features/property-report-design,de,feature,property-report-design,property listing 设计 | Lovart
https:/www.lovart.ai/de/features/rapid-poster-ai-creation,de,feature,rapid-poster-ai-creation,rapid 海报 creation | Lovart
https:/www.lovart.ai/de/features/real-estate-banner-design,de,feature,real-estate-banner-design,real estate sign 设计 | Lovart
https:/www.lovart.ai/de/features/real-estate-newsletter-design,de,feature,real-estate-newsletter-design,real estate newsletter 设计 | Lovart
https:/www.lovart.ai/de/features/real-estate-postcard-design,de,feature,real-estate-postcard-design,real estate postcard 设计 | Lovart
https:/www.lovart.ai/de/features/restaurant-brochure-design,de,feature,restaurant-brochure-design,restaurant 宣传册 设计 | Lovart
https:/www.lovart.ai/de/features/restaurant-coupon-design,de,feature,restaurant-coupon-design,restaurant 商务 卡片 设计 | Lovart
https:/www.lovart.ai/de/features/secure-student-id-card-design,de,feature,secure-student-id-card-design,secure student id 卡片 设计 | Lovart
https:/www.lovart.ai/de/features/seedance-ai-video-generator,de,feature,seedance-ai-video-generator,seedance 视频 生成器 | Lovart
https:/www.lovart.ai/de/features/seedance-text-to-video-ai,de,feature,seedance-text-to-video-ai,seedance text 视频 | Lovart
https:/www.lovart.ai/de/features/social-media-post-design,de,feature,social-media-post-design,social media post 制作 | Lovart
https:/www.lovart.ai/de/features/textbook-cover-design,de,feature,textbook-cover-design,书籍 封面 设计 | Lovart
https:/www.lovart.ai/zh/tools/agentic-design-platform,zh,tool,agentic-design-platform,AI 自主设计平台 | 智能创意自动化 | Lovart
https:/www.lovart.ai/de/tools/ai-3d-animation,de,tool,ai-3d-animation,KI-3D-Animation|Lovart
https:/www.lovart.ai/tools/ai-3d-animation,en,tool,ai-3d-animation,AI 3D Animation Generator — 3D Animation in 30 Seconds|Lovart
https:/www.lovart.ai/fr/tools/ai-3d-animation,fr,tool,ai-3d-animation,Animation 3D IA | Lovart
https:/www.lovart.ai/ja/tools/ai-3d-animation,ja,tool,ai-3d-animation,AI 3Dアニメーション生成|Lovart
https:/www.lovart.ai/zh/tools/ai-3d-animation,zh,tool,ai-3d-animation,AI 3D 动画|Lovart
https:/www.lovart.ai/zh-TW/tools/ai-3d-animation,zh-TW,tool,ai-3d-animation,AI 3D 動畫|Lovart
https:/www.lovart.ai/tools/ai-3d-model-generator,en,tool,ai-3d-model-generator,AI 3D Model Generator — 3D Models in 60 Seconds|Lovart
https:/www.lovart.ai/fr/tools/ai-3d-model-generator,fr,tool,ai-3d-model-generator,Générateur de Modèles 3D IA | Lovart
https:/www.lovart.ai/ja/tools/ai-3d-model-generator,ja,tool,ai-3d-model-generator,AI 3Dモデルジェネレーター|Lovart
https:/www.lovart.ai/zh/tools/ai-3d-model-generator,zh,tool,ai-3d-model-generator,AI 3D 模型生成器|Lovart
https:/www.lovart.ai/zh-TW/tools/ai-3d-model-generator,zh-TW,tool,ai-3d-model-generator,AI 3Dモデル生成|Lovart
https:/www.lovart.ai/zh/tools/ai-3d-texture-free,zh,tool,ai-3d-texture-free,免费 AI 3D 纹理生成器 | PBR 材质即时生成 | Lovart
https:/www.lovart.ai/de/tools/ai-3d-texture-generator,de,tool,ai-3d-texture-generator,Ai 3D Texture Generator | Lovart
https:/www.lovart.ai/tools/ai-3d-texture-generator,en,tool,ai-3d-texture-generator,3D 纹理 生成器 | Lovart
https:/www.lovart.ai/fr/tools/ai-3d-texture-generator,fr,tool,ai-3d-texture-generator,Ai 3D Texture Generator | Lovart
https:/www.lovart.ai/it/tools/ai-3d-texture-generator,it,tool,ai-3d-texture-generator,Ai 3D Texture Generator | Lovart
https:/www.lovart.ai/ko/tools/ai-3d-texture-generator,ko,tool,ai-3d-texture-generator,Ai 3D Texture Generator | Lovart
https:/www.lovart.ai/zh/tools/ai-3d-texture-generator,zh,tool,ai-3d-texture-generator,3D 纹理 生成器 | Lovart
https:/www.lovart.ai/zh/tools/ai-3d-texture,zh,tool,ai-3d-texture,3D 纹理 | Lovart
https:/www.lovart.ai/tools/ai-3d-textures,en,tool,ai-3d-textures,3D textures | Lovart
https:/www.lovart.ai/fr/tools/ai-3d-textures,fr,tool,ai-3d-textures,Ai 3D Textures | Lovart
https:/www.lovart.ai/ja/tools/ai-3d-textures,ja,tool,ai-3d-textures,AI 3Dテクスチャ生成 | テキストからPBRマテリアルを Lovart
https:/www.lovart.ai/pt/tools/ai-3d-textures,pt,tool,ai-3d-textures,Ai 3D Textures | Lovart
https:/www.lovart.ai/zh-TW/tools/ai-3d-textures,zh-TW,tool,ai-3d-textures,Ai 3D Textures | Lovart
https:/www.lovart.ai/tools/ai-4k-resolution,en,tool,ai-4k-resolution,4K resolution | Lovart
https:/www.lovart.ai/it/tools/ai-4k-resolution,it,tool,ai-4k-resolution,Ai 4K Resolution | Lovart
https:/www.lovart.ai/ja/tools/ai-4k-resolution,ja,tool,ai-4k-resolution,Ai 4K Resolution | Lovart
https:/www.lovart.ai/pt/tools/ai-4k-resolution,pt,tool,ai-4k-resolution,Ai 4K Resolution | Lovart
https:/www.lovart.ai/zh/tools/ai-4k-upscaler,zh,tool,ai-4k-upscaler,4K 放大器 | Lovart
https:/www.lovart.ai/de/tools/ai-agent-platform,de,tool,ai-agent-platform,Ai Agent Platform | Lovart
https:/www.lovart.ai/tools/ai-agent-platform,en,tool,ai-agent-platform,代理 平台 | Lovart
https:/www.lovart.ai/fr/tools/ai-agent-platform,fr,tool,ai-agent-platform,Ai Agent Platform | Lovart
https:/www.lovart.ai/it/tools/ai-agent-platform,it,tool,ai-agent-platform,Ai Agent Platform | Lovart
https:/www.lovart.ai/ja/tools/ai-agent-platform,ja,tool,ai-agent-platform,AIエージェントプラットフォーム | 自律型AIで自動化 | Lovart
https:/www.lovart.ai/ko/tools/ai-agent-platform,ko,tool,ai-agent-platform,Ai Agent Platform | Lovart
https:/www.lovart.ai/pt/tools/ai-agent-platform,pt,tool,ai-agent-platform,Ai Agent Platform | Lovart
https:/www.lovart.ai/zh/tools/ai-agent-platform,zh,tool,ai-agent-platform,代理 平台 | Lovart
https:/www.lovart.ai/zh-TW/tools/ai-agent-platform,zh-TW,tool,ai-agent-platform,Ai Agent Platform | Lovart
https:/www.lovart.ai/tools/ai-ai-audio-voice-generator,en,tool,ai-ai-audio-voice-generator,AI Voice Generator — Voiceovers in 30 Seconds|Lovart
https:/www.lovart.ai/zh/tools/ai-ai-short-video,zh,tool,ai-ai-short-video,短视频 视频 | Lovart
https:/www.lovart.ai/tools/ai-album-cover,en,tool,ai-album-cover,专辑 封面 | Lovart
https:/www.lovart.ai/tools/ai-album-cover-generator,en,tool,ai-album-cover-generator,AI Album Cover Generator — Music Album Art in 60 Seconds|Lovart
https:/www.lovart.ai/it/tools/ai-album-cover,it,tool,ai-album-cover,Ai Album Cover | Lovart
https:/www.lovart.ai/ru/tools/ai-album-cover,ru,tool,ai-album-cover,Ai Album Cover | Lovart
https:/www.lovart.ai/zh/tools/ai-album-cover,zh,tool,ai-album-cover,专辑 封面 | Lovart
https:/www.lovart.ai/tools/ai-animation-generator-free,en,tool,ai-animation-generator-free,Free AI Animation Generator — Text and Photo to Animated Video|Lovart
https:/www.lovart.ai/zh/tools/ai-animation-generator,zh,tool,ai-animation-generator,动画 生成器 | Lovart
https:/www.lovart.ai/tools/ai-animation-tutorial,en,tool,ai-animation-tutorial,AI Animation Tutorial — Learn to Animate in 30 Minutes|Lovart
https:/www.lovart.ai/de/tools/ai-anime-generator,de,tool,ai-anime-generator,Ai Anime Generator | Lovart
https:/www.lovart.ai/fr/tools/ai-anime-generator,fr,tool,ai-anime-generator,Ai Anime Generator | Lovart
https:/www.lovart.ai/zh/tools/ai-anime-generator,zh,tool,ai-anime-generator,动漫 生成器 | Lovart
https:/www.lovart.ai/zh-TW/tools/ai-anime-generator,zh-TW,tool,ai-anime-generator,Ai Anime Generator | Lovart
https:/www.lovart.ai/tools/ai-anime-video,en,tool,ai-anime-video,动漫 视频 | Lovart
https:/www.lovart.ai/ko/tools/ai-anime-video,ko,tool,ai-anime-video,Ai Anime Video | Lovart
https:/www.lovart.ai/pt/tools/ai-anime-video,pt,tool,ai-anime-video,Ai Anime Video | Lovart
https:/www.lovart.ai/ru/tools/ai-anime-video,ru,tool,ai-anime-video,Ai Anime Video | Lovart
https:/www.lovart.ai/zh/tools/ai-anime-video,zh,tool,ai-anime-video,动漫 视频 | Lovart
https:/www.lovart.ai/zh-TW/tools/ai-anime-video,zh-TW,tool,ai-anime-video,Ai Anime Video | Lovart
https:/www.lovart.ai/tools/ai-api-access,en,tool,ai-api-access,API 接入 | Lovart
https:/www.lovart.ai/fr/tools/ai-api-access,fr,tool,ai-api-access,Ai Api Access | Lovart
https:/www.lovart.ai/it/tools/ai-api-access,it,tool,ai-api-access,Ai Api Access | Lovart
https:/www.lovart.ai/ja/tools/ai-api-access,ja,tool,ai-api-access,AI API接入 | LovartのAI機能をAPIで利用 | Lovart
https:/www.lovart.ai/ko/tools/ai-api-access,ko,tool,ai-api-access,Ai Api Access | Lovart
https:/www.lovart.ai/pt/tools/ai-api-access,pt,tool,ai-api-access,Ai Api Access | Lovart
https:/www.lovart.ai/ru/tools/ai-api-access,ru,tool,ai-api-access,Ai Api Access | Lovart
https:/www.lovart.ai/zh/tools/ai-api-access,zh,tool,ai-api-access,API 接入 | Lovart
https:/www.lovart.ai/zh/tools/ai-app-design,zh,tool,ai-app-design,应用 设计 | Lovart
https:/www.lovart.ai/tools/ai-app-icon-generator,en,tool,ai-app-icon-generator,AI App Icon Generator — Custom App Icons in 30 Seconds|Lovart
https:/www.lovart.ai/tools/ai-artwork-generator,en,tool,ai-artwork-generator,AI Artwork Generator | Create Original Fine Art with AI | Lovart
https:/www.lovart.ai/tools/ai-assets-library,en,tool,ai-assets-library,资源 素材库 | Lovart
https:/www.lovart.ai/ja/tools/ai-assets-library,ja,tool,ai-assets-library,AI素材管理ライブラリ | ブランド素材を一括管理 | Lovart
https:/www.lovart.ai/ko/tools/ai-assets-library,ko,tool,ai-assets-library,Ai Assets Library | Lovart
https:/www.lovart.ai/pt/tools/ai-assets-library,pt,tool,ai-assets-library,Ai Assets Library | Lovart
https:/www.lovart.ai/ru/tools/ai-assets-library,ru,tool,ai-assets-library,Ai Assets Library | Lovart
https:/www.lovart.ai/zh/tools/ai-assets-library,zh,tool,ai-assets-library,资源 素材库 | Lovart
https:/www.lovart.ai/zh-TW/tools/ai-assets-library,zh-TW,tool,ai-assets-library,Ai Assets Library | Lovart
https:/www.lovart.ai/tools/ai-audio-voice-generator,en,tool,ai-audio-voice-generator,AI Voice Generator — Voiceovers in 30 Seconds|Lovart
https:/www.lovart.ai/tools/ai-avatar-generator-app,en,tool,ai-avatar-generator-app,AI Avatar Generator App — Talking Avatars from Any Photo|Lovart
https:/www.lovart.ai/de/tools/ai-avatar-generator,de,tool,ai-avatar-generator,KI-Avatar-Generator|Lovart
https:/www.lovart.ai/fr/tools/ai-avatar-generator,fr,tool,ai-avatar-generator,Générateur d'Avatar IA Parlant | Lovart
https:/www.lovart.ai/de/tools/ai-baby-announcement,de,tool,ai-baby-announcement,Ai Baby Announcement | Lovart
https:/www.lovart.ai/tools/ai-baby-announcement,en,tool,ai-baby-announcement,baby 公告 | Lovart
https:/www.lovart.ai/fr/tools/ai-baby-announcement,fr,tool,ai-baby-announcement,Ai Baby Announcement | Lovart
https:/www.lovart.ai/it/tools/ai-baby-announcement,it,tool,ai-baby-announcement,Ai Baby Announcement | Lovart
https:/www.lovart.ai/ja/tools/ai-baby-announcement,ja,tool,ai-baby-announcement,AI赤ちゃん誕生カード作成 | テキストからお知らせ画像 | Lovart
https:/www.lovart.ai/ko/tools/ai-baby-announcement,ko,tool,ai-baby-announcement,Ai Baby Announcement | Lovart
https:/www.lovart.ai/pt/tools/ai-baby-announcement,pt,tool,ai-baby-announcement,Ai Baby Announcement | Lovart
https:/www.lovart.ai/zh/tools/ai-baby-announcement,zh,tool,ai-baby-announcement,baby 公告 | Lovart
https:/www.lovart.ai/tools/ai-baby-name-generator,en,tool,ai-baby-name-generator,AI Baby Name Generator | Find the Perfect Name for Your Family | Lovart
https:/www.lovart.ai/de/tools/ai-background-remover,de,tool,ai-background-remover,Ai Background Remover | Lovart
https:/www.lovart.ai/it/tools/ai-background-remover,it,tool,ai-background-remover,Ai Background Remover | Lovart
https:/www.lovart.ai/ja/tools/ai-background-remover,ja,tool,ai-background-remover,Ai Background Remover | Lovart
https:/www.lovart.ai/pt/tools/ai-background-remover,pt,tool,ai-background-remover,Ai Background Remover | Lovart
https:/www.lovart.ai/ru/tools/ai-background-remover,ru,tool,ai-background-remover,Ai Background Remover | Lovart
https:/www.lovart.ai/zh/tools/ai-background-remover,zh,tool,ai-background-remover,背景 移除 | Lovart
https:/www.lovart.ai/tools/ai-banner-creator,en,tool,ai-banner-creator,横幅 创建器 | Lovart
https:/www.lovart.ai/fr/tools/ai-banner-creator,fr,tool,ai-banner-creator,Ai Banner Creator | Lovart
https:/www.lovart.ai/it/tools/ai-banner-creator,it,tool,ai-banner-creator,Ai Banner Creator | Lovart
https:/www.lovart.ai/ko/tools/ai-banner-creator,ko,tool,ai-banner-creator,Ai Banner Creator | Lovart
https:/www.lovart.ai/tools/ai-banner-generator,en,tool,ai-banner-generator,AI Banner Generator — Web and Display Banners in 60 Seconds|Lovart
https:/www.lovart.ai/de/tools/ai-banner-maker,de,tool,ai-banner-maker,Ai Banner Maker | Lovart
https:/www.lovart.ai/tools/ai-banner-maker,en,tool,ai-banner-maker,横幅 制作 | Lovart
https:/www.lovart.ai/fr/tools/ai-banner-maker,fr,tool,ai-banner-maker,Ai Banner Maker | Lovart
https:/www.lovart.ai/de/tools/ai-banner-maker-free,de,tool,ai-banner-maker-free,KI-Banner-Generator kostenlos|Lovart
https:/www.lovart.ai/fr/tools/ai-banner-maker-free,fr,tool,ai-banner-maker-free,Générateur de Bannières Gratuit | Lovart
https:/www.lovart.ai/ja/tools/ai-banner-maker-free,ja,tool,ai-banner-maker-free,無料AIバナーメーカー|Lovart
https:/www.lovart.ai/zh/tools/ai-banner-maker-free,zh,tool,ai-banner-maker-free,AI 横幅生成器免费 | Lovart
https:/www.lovart.ai/zh-TW/tools/ai-banner-maker-free,zh-TW,tool,ai-banner-maker-free,AI 橫幅生成器免費|Lovart
https:/www.lovart.ai/it/tools/ai-banner-maker,it,tool,ai-banner-maker,Ai Banner Maker | Lovart
https:/www.lovart.ai/ja/tools/ai-banner-maker,ja,tool,ai-banner-maker,AIバナー作成ツール | テキストからバナーを生成 | Lovart
https:/www.lovart.ai/pt/tools/ai-banner-maker,pt,tool,ai-banner-maker,Ai Banner Maker | Lovart
https:/www.lovart.ai/ru/tools/ai-banner-maker,ru,tool,ai-banner-maker,Ai Banner Maker | Lovart
https:/www.lovart.ai/zh/tools/ai-banner-maker,zh,tool,ai-banner-maker,横幅 制作 | Lovart
https:/www.lovart.ai/zh-TW/tools/ai-banner-maker,zh-TW,tool,ai-banner-maker,Ai Banner Maker | Lovart
https:/www.lovart.ai/zh/tools/ai-batch-processing,zh,tool,ai-batch-processing,批量 处理 | Lovart
https:/www.lovart.ai/zh/tools/ai-bdr-toolkit,zh,tool,ai-bdr-toolkit,bdr 工具集 | Lovart
https:/www.lovart.ai/de/tools/ai-best-ai-video-generator-2026,de,tool,ai-best-ai-video-generator-2026,Bester KI-Videogenerator 2026|Lovart
https:/www.lovart.ai/fr/tools/ai-best-ai-video-generator-2026,fr,tool,ai-best-ai-video-generator-2026,Meilleur Générateur Vidéo IA 2026 | Lovart
https:/www.lovart.ai/ja/tools/ai-best-ai-video-generator-2026,ja,tool,ai-best-ai-video-generator-2026,2026年版 ベストAI動画生成ツール|Lovart
https:/www.lovart.ai/de/tools/ai-birthday-card,de,tool,ai-birthday-card,Ai Birthday Card | Lovart
https:/www.lovart.ai/tools/ai-birthday-card,en,tool,ai-birthday-card,birthday 卡片 | Lovart
https:/www.lovart.ai/zh-TW/tools/ai-birthday-card,zh-TW,tool,ai-birthday-card,Ai Birthday Card | Lovart
https:/www.lovart.ai/tools/ai-blog-image-generator,en,tool,ai-blog-image-generator,AI Blog Image Generator — Cover Images in 30 Seconds|Lovart
https:/www.lovart.ai/tools/ai-book-cover-generator,en,tool,ai-book-cover-generator,AI Book Cover Generator — Custom Book Covers in 60 Seconds|Lovart
https:/www.lovart.ai/tools/ai-book-cover-maker,en,tool,ai-book-cover-maker,书籍 封面 制作 | Lovart
https:/www.lovart.ai/fr/tools/ai-book-cover-maker,fr,tool,ai-book-cover-maker,Ai Book Cover Maker | Lovart
https:/www.lovart.ai/ko/tools/ai-book-cover-maker,ko,tool,ai-book-cover-maker,Ai Book Cover Maker | Lovart
https:/www.lovart.ai/ru/tools/ai-book-cover-maker,ru,tool,ai-book-cover-maker,Ai Book Cover Maker | Lovart
https:/www.lovart.ai/zh/tools/ai-book-cover-maker,zh,tool,ai-book-cover-maker,书籍 封面 制作 | Lovart
https:/www.lovart.ai/zh-TW/tools/ai-book-cover-maker,zh-TW,tool,ai-book-cover-maker,Ai Book Cover Maker | Lovart
https:/www.lovart.ai/zh/tools/ai-brand-campaign,zh,tool,ai-brand-campaign,品牌 营销活动 | Lovart
https:/www.lovart.ai/de/tools/ai-brand-creator,de,tool,ai-brand-creator,Ai Brand Creator | Lovart
https:/www.lovart.ai/tools/ai-brand-creator,en,tool,ai-brand-creator,品牌 创建器 | Lovart
https:/www.lovart.ai/fr/tools/ai-brand-creator,fr,tool,ai-brand-creator,Ai Brand Creator | Lovart
https:/www.lovart.ai/ja/tools/ai-brand-creator,ja,tool,ai-brand-creator,AIブランドクリエイター | テキストからブランドを構築 | Lovart
https:/www.lovart.ai/pt/tools/ai-brand-creator,pt,tool,ai-brand-creator,Ai Brand Creator | Lovart
https:/www.lovart.ai/de/tools/ai-brand-guidelines,de,tool,ai-brand-guidelines,Ai Brand Guidelines | Lovart
https:/www.lovart.ai/tools/ai-brand-guidelines,en,tool,ai-brand-guidelines,品牌 guidelines | Lovart
https:/www.lovart.ai/ru/tools/ai-brand-guidelines,ru,tool,ai-brand-guidelines,Ai Brand Guidelines | Lovart
https:/www.lovart.ai/zh/tools/ai-brand-guidelines,zh,tool,ai-brand-guidelines,品牌 guidelines | Lovart
https:/www.lovart.ai/zh-TW/tools/ai-brand-guidelines,zh-TW,tool,ai-brand-guidelines,Ai Brand Guidelines | Lovart
https:/www.lovart.ai/tools/ai-brand-identity,en,tool,ai-brand-identity,品牌 识别 | Lovart
https:/www.lovart.ai/fr/tools/ai-brand-identity,fr,tool,ai-brand-identity,Ai Brand Identity | Lovart
https:/www.lovart.ai/it/tools/ai-brand-identity,it,tool,ai-brand-identity,Ai Brand Identity | Lovart
https:/www.lovart.ai/ja/tools/ai-brand-identity,ja,tool,ai-brand-identity,AIブランドアイデンティティ | 統一感あるブランドを構築 | Lovart
https:/www.lovart.ai/pt/tools/ai-brand-identity,pt,tool,ai-brand-identity,Ai Brand Identity | Lovart
https:/www.lovart.ai/zh/tools/ai-brand-identity,zh,tool,ai-brand-identity,品牌 识别 | Lovart
https:/www.lovart.ai/de/tools/ai-brand-kit,de,tool,ai-brand-kit,Ai Brand Kit | Lovart
https:/www.lovart.ai/tools/ai-brand-kit,en,tool,ai-brand-kit,品牌 套件 | Lovart
https:/www.lovart.ai/fr/tools/ai-brand-kit,fr,tool,ai-brand-kit,Ai Brand Kit | Lovart
https:/www.lovart.ai/ja/tools/ai-brand-kit,ja,tool,ai-brand-kit,AIブランドキット | ブランド素材をAIで一元管理 | Lovart
https:/www.lovart.ai/ko/tools/ai-brand-kit,ko,tool,ai-brand-kit,Ai Brand Kit | Lovart
https:/www.lovart.ai/zh/tools/ai-brand-kit,zh,tool,ai-brand-kit,品牌 套件 | Lovart
https:/www.lovart.ai/tools/ai-branding-kit,en,tool,ai-branding-kit,branding 套件 | Lovart
https:/www.lovart.ai/ja/tools/ai-branding-kit,ja,tool,ai-branding-kit,AIブランディングキット | ブランド構築をAIで完結 | Lovart
https:/www.lovart.ai/ko/tools/ai-branding-kit,ko,tool,ai-branding-kit,Ai Branding Kit | Lovart
https:/www.lovart.ai/zh/tools/ai-branding-kit,zh,tool,ai-branding-kit,branding 套件 | Lovart
https:/www.lovart.ai/zh-TW/tools/ai-branding-kit,zh-TW,tool,ai-branding-kit,Ai Branding Kit | Lovart
https:/www.lovart.ai/de/tools/ai-brochure-maker,de,tool,ai-brochure-maker,Ai Brochure Maker | Lovart
https:/www.lovart.ai/tools/ai-brochure-maker,en,tool,ai-brochure-maker,宣传册 制作 | Lovart
https:/www.lovart.ai/fr/tools/ai-brochure-maker,fr,tool,ai-brochure-maker,Ai Brochure Maker | Lovart
https:/www.lovart.ai/it/tools/ai-brochure-maker,it,tool,ai-brochure-maker,Ai Brochure Maker | Lovart
https:/www.lovart.ai/zh/tools/ai-brochure-maker,zh,tool,ai-brochure-maker,宣传册 制作 | Lovart
https:/www.lovart.ai/zh-TW/tools/ai-brochure-maker,zh-TW,tool,ai-brochure-maker,Ai Brochure Maker | Lovart
https:/www.lovart.ai/tools/ai-business-card-generator,en,tool,ai-business-card-generator,AI Business Card Generator — Professional Cards in 60 Seconds|Lovart
https:/www.lovart.ai/tools/ai-business-card-maker,en,tool,ai-business-card-maker,商务 卡片 制作 | Lovart
https:/www.lovart.ai/ja/tools/ai-business-card-maker,ja,tool,ai-business-card-maker,AI名刺作成 | テキストから名刺デザインを生成 | Lovart
https:/www.lovart.ai/pt/tools/ai-business-card-maker,pt,tool,ai-business-card-maker,Ai Business Card Maker | Lovart
https:/www.lovart.ai/zh/tools/ai-business-card-maker,zh,tool,ai-business-card-maker,商务 卡片 制作 | Lovart
https:/www.lovart.ai/zh/tools/ai-business-card-scanner,zh,tool,ai-business-card-scanner,商务 卡片 scanner | Lovart
https:/www.lovart.ai/de/tools/ai-card-maker,de,tool,ai-card-maker,Ai Card Maker | Lovart
https:/www.lovart.ai/tools/ai-card-maker,en,tool,ai-card-maker,卡片 制作 | Lovart
https:/www.lovart.ai/fr/tools/ai-card-maker,fr,tool,ai-card-maker,Ai Card Maker | Lovart
https:/www.lovart.ai/it/tools/ai-card-maker,it,tool,ai-card-maker,Ai Card Maker | Lovart
https:/www.lovart.ai/ko/tools/ai-card-maker,ko,tool,ai-card-maker,Ai Card Maker | Lovart
https:/www.lovart.ai/pt/tools/ai-card-maker,pt,tool,ai-card-maker,Ai Card Maker | Lovart
https:/www.lovart.ai/zh-TW/tools/ai-card-maker,zh-TW,tool,ai-card-maker,Ai Card Maker | Lovart
https:/www.lovart.ai/de/tools/ai-caricature-maker,de,tool,ai-caricature-maker,AI-Karikatur-Generator | Lovart
https:/www.lovart.ai/fr/tools/ai-caricature-maker,fr,tool,ai-caricature-maker,Générateur de Caricature IA | Lovart
https:/www.lovart.ai/zh/tools/ai-caricature-maker,zh,tool,ai-caricature-maker,AI 漫画肖像生成器 | 手绘风格漫画 | Lovart
https:/www.lovart.ai/zh-TW/tools/ai-caricature-maker,zh-TW,tool,ai-caricature-maker,AI 漫畫肖像生成器|Lovart
https:/www.lovart.ai/de/tools/ai-carousel-ad-maker,de,tool,ai-carousel-ad-maker,KI-Karussell-Werbung|Lovart
https:/www.lovart.ai/fr/tools/ai-carousel-ad-maker,fr,tool,ai-carousel-ad-maker,Générateur de Carrousel Publicitaire IA | Lovart
https:/www.lovart.ai/ja/tools/ai-carousel-ad-maker,ja,tool,ai-carousel-ad-maker,AIカルーセル広告メーカー|Lovart
https:/www.lovart.ai/zh/tools/ai-carousel-ad-maker,zh,tool,ai-carousel-ad-maker,AI 轮播广告生成器 | Lovart
https:/www.lovart.ai/zh-TW/tools/ai-carousel-ad-maker,zh-TW,tool,ai-carousel-ad-maker,AI 輪播廣告生成器|Lovart
https:/www.lovart.ai/de/tools/ai-carousel-maker,de,tool,ai-carousel-maker,Ai Carousel Maker | Lovart
https:/www.lovart.ai/tools/ai-carousel-maker,en,tool,ai-carousel-maker,carousel 制作 | Lovart
https:/www.lovart.ai/fr/tools/ai-carousel-maker,fr,tool,ai-carousel-maker,Ai Carousel Maker | Lovart
https:/www.lovart.ai/it/tools/ai-carousel-maker,it,tool,ai-carousel-maker,Ai Carousel Maker | Lovart
https:/www.lovart.ai/ja/tools/ai-carousel-maker,ja,tool,ai-carousel-maker,AIカルーセル作成 | SNS用スライドをテキストから生成 | Lovart
https:/www.lovart.ai/ko/tools/ai-carousel-maker,ko,tool,ai-carousel-maker,Ai Carousel Maker | Lovart
https:/www.lovart.ai/ru/tools/ai-carousel-maker,ru,tool,ai-carousel-maker,Ai Carousel Maker | Lovart
https:/www.lovart.ai/zh/tools/ai-carousel-maker,zh,tool,ai-carousel-maker,carousel 制作 | Lovart
https:/www.lovart.ai/zh-TW/tools/ai-carousel-maker,zh-TW,tool,ai-carousel-maker,Ai Carousel Maker | Lovart
https:/www.lovart.ai/de/tools/ai-catalog-creator,de,tool,ai-catalog-creator,Ai Catalog Creator | Lovart
https:/www.lovart.ai/tools/ai-catalog-creator,en,tool,ai-catalog-creator,catalog 创建器 | Lovart
https:/www.lovart.ai/it/tools/ai-catalog-creator,it,tool,ai-catalog-creator,Ai Catalog Creator | Lovart
https:/www.lovart.ai/ko/tools/ai-catalog-creator,ko,tool,ai-catalog-creator,Ai Catalog Creator | Lovart
https:/www.lovart.ai/de/tools/ai-catalog-maker,de,tool,ai-catalog-maker,Ai Catalog Maker | Lovart
https:/www.lovart.ai/tools/ai-catalog-maker,en,tool,ai-catalog-maker,catalog 制作 | Lovart
https:/www.lovart.ai/fr/tools/ai-catalog-maker,fr,tool,ai-catalog-maker,Ai Catalog Maker | Lovart
https:/www.lovart.ai/ko/tools/ai-catalog-maker,ko,tool,ai-catalog-maker,Ai Catalog Maker | Lovart
https:/www.lovart.ai/pt/tools/ai-catalog-maker,pt,tool,ai-catalog-maker,Ai Catalog Maker | Lovart
https:/www.lovart.ai/ru/tools/ai-catalog-maker,ru,tool,ai-catalog-maker,Ai Catalog Maker | Lovart
https:/www.lovart.ai/zh/tools/ai-catalog-maker,zh,tool,ai-catalog-maker,catalog 制作 | Lovart
https:/www.lovart.ai/zh/tools/ai-certificate-maker,zh,tool,ai-certificate-maker,certificate 制作 | Lovart
https:/www.lovart.ai/tools/ai-character-generator,en,tool,ai-character-generator,AI Character Generator — Custom Characters in 30 Seconds|Lovart
https:/www.lovart.ai/de/tools/ai-chat-pdf,de,tool,ai-chat-pdf,Ai Chat Pdf | Lovart
https:/www.lovart.ai/tools/ai-chat-pdf,en,tool,ai-chat-pdf,chat pdf | Lovart
https:/www.lovart.ai/fr/tools/ai-chat-pdf,fr,tool,ai-chat-pdf,Ai Chat Pdf | Lovart
https:/www.lovart.ai/it/tools/ai-chat-pdf,it,tool,ai-chat-pdf,Ai Chat Pdf | Lovart
https:/www.lovart.ai/ja/tools/ai-chat-pdf,ja,tool,ai-chat-pdf,AIチャットPDF | PDF文書と会話するAIツール | Lovart
https:/www.lovart.ai/pt/tools/ai-chat-pdf,pt,tool,ai-chat-pdf,Ai Chat Pdf | Lovart
https:/www.lovart.ai/ru/tools/ai-chat-pdf,ru,tool,ai-chat-pdf,Ai Chat Pdf | Lovart
https:/www.lovart.ai/zh-TW/tools/ai-chat-pdf,zh-TW,tool,ai-chat-pdf,Ai Chat Pdf | Lovart
https:/www.lovart.ai/de/tools/ai-cinema-studio,de,tool,ai-cinema-studio,Ai Cinema Studio | Lovart
https:/www.lovart.ai/tools/ai-cinema-studio,en,tool,ai-cinema-studio,cinema studio | Lovart
https:/www.lovart.ai/it/tools/ai-cinema-studio,it,tool,ai-cinema-studio,Ai Cinema Studio | Lovart
https:/www.lovart.ai/ja/tools/ai-cinema-studio,ja,tool,ai-cinema-studio,AIシネマスタジオ | 映画品質のビデオをAIで生成 | Lovart
https:/www.lovart.ai/ko/tools/ai-cinema-studio,ko,tool,ai-cinema-studio,Ai Cinema Studio | Lovart
https:/www.lovart.ai/zh/tools/ai-cinema-studio,zh,tool,ai-cinema-studio,cinema studio | Lovart
https:/www.lovart.ai/zh-TW/tools/ai-cinema-studio,zh-TW,tool,ai-cinema-studio,Ai Cinema Studio | Lovart
https:/www.lovart.ai/zh/tools/ai-cinematic-video,zh,tool,ai-cinematic-video,cinematic 视频 | Lovart
https:/www.lovart.ai/tools/ai-clothing-mockup,en,tool,ai-clothing-mockup,clothing mockup | Lovart
https:/www.lovart.ai/fr/tools/ai-clothing-mockup,fr,tool,ai-clothing-mockup,Ai Clothing Mockup | Lovart
https:/www.lovart.ai/ja/tools/ai-clothing-mockup,ja,tool,ai-clothing-mockup,AI衣料品モックアップ | テキストから衣類デザインを生成 | Lovart
https:/www.lovart.ai/pt/tools/ai-clothing-mockup,pt,tool,ai-clothing-mockup,Ai Clothing Mockup | Lovart
https:/www.lovart.ai/zh/tools/ai-clothing-mockup,zh,tool,ai-clothing-mockup,clothing mockup | Lovart
https:/www.lovart.ai/zh-TW/tools/ai-clothing-mockup,zh-TW,tool,ai-clothing-mockup,Ai Clothing Mockup | Lovart
https:/www.lovart.ai/tools/ai-coaching-branding,en,tool,ai-coaching-branding,coaching branding | Lovart
https:/www.lovart.ai/fr/tools/ai-coaching-branding,fr,tool,ai-coaching-branding,Ai Coaching Branding | Lovart
https:/www.lovart.ai/ko/tools/ai-coaching-branding,ko,tool,ai-coaching-branding,Ai Coaching Branding | Lovart
https:/www.lovart.ai/ru/tools/ai-coaching-branding,ru,tool,ai-coaching-branding,Ai Coaching Branding | Lovart
https:/www.lovart.ai/zh/tools/ai-coaching-branding,zh,tool,ai-coaching-branding,coaching branding | Lovart
https:/www.lovart.ai/zh-TW/tools/ai-coaching-branding,zh-TW,tool,ai-coaching-branding,Ai Coaching Branding | Lovart
https:/www.lovart.ai/tools/ai-color-palette-generator,en,tool,ai-color-palette-generator,AI Color Palette Generator — Custom Palettes in 30 Seconds|Lovart
https:/www.lovart.ai/de/tools/ai-commercial-generator,de,tool,ai-commercial-generator,Ai Commercial Generator | Lovart
https:/www.lovart.ai/tools/ai-commercial-generator,en,tool,ai-commercial-generator,commercial 生成器 | Lovart
https:/www.lovart.ai/it/tools/ai-commercial-generator,it,tool,ai-commercial-generator,Ai Commercial Generator | Lovart
https:/www.lovart.ai/ja/tools/ai-commercial-generator,ja,tool,ai-commercial-generator,AI CM生成 | テキストからCM動画を自動生成 | Lovart
https:/www.lovart.ai/pt/tools/ai-commercial-generator,pt,tool,ai-commercial-generator,Ai Commercial Generator | Lovart
https:/www.lovart.ai/ru/tools/ai-commercial-generator,ru,tool,ai-commercial-generator,Ai Commercial Generator | Lovart
https:/www.lovart.ai/zh/tools/ai-commercial-generator,zh,tool,ai-commercial-generator,commercial 生成器 | Lovart
https:/www.lovart.ai/zh-TW/tools/ai-commercial-generator,zh-TW,tool,ai-commercial-generator,Ai Commercial Generator | Lovart
https:/www.lovart.ai/tools/ai-commercial-photography,en,tool,ai-commercial-photography,AI Commercial Photography — Product and Brand Photography in 60 Seconds|Lovart
https:/www.lovart.ai/zh/tools/ai-community-design,zh,tool,ai-community-design,community 设计 | Lovart
https:/www.lovart.ai/tools/ai-company-profile,en,tool,ai-company-profile,company profile | Lovart
https:/www.lovart.ai/it/tools/ai-company-profile,it,tool,ai-company-profile,Ai Company Profile | Lovart
https:/www.lovart.ai/ja/tools/ai-company-profile,ja,tool,ai-company-profile,AI会社概要作成 | 企業プロフィールをテキストから生成 | Lovart
https:/www.lovart.ai/zh-TW/tools/ai-company-profile,zh-TW,tool,ai-company-profile,Ai Company Profile | Lovart
https:/www.lovart.ai/tools/ai-comparison-chart,en,tool,ai-comparison-chart,comparison chart | Lovart
https:/www.lovart.ai/fr/tools/ai-comparison-chart,fr,tool,ai-comparison-chart,Ai Comparison Chart | Lovart
https:/www.lovart.ai/it/tools/ai-comparison-chart,it,tool,ai-comparison-chart,Ai Comparison Chart | Lovart
https:/www.lovart.ai/ja/tools/ai-comparison-chart,ja,tool,ai-comparison-chart,AI比較チャート作成 | テキストから比較表を生成 | Lovart
https:/www.lovart.ai/zh-TW/tools/ai-comparison-chart,zh-TW,tool,ai-comparison-chart,Ai Comparison Chart | Lovart
https:/www.lovart.ai/de/tools/ai-consistent-character,de,tool,ai-consistent-character,Ai Consistent Character | Lovart
https:/www.lovart.ai/tools/ai-consistent-character,en,tool,ai-consistent-character,consistent character | Lovart
https:/www.lovart.ai/fr/tools/ai-consistent-character,fr,tool,ai-consistent-character,Ai Consistent Character | Lovart
https:/www.lovart.ai/it/tools/ai-consistent-character,it,tool,ai-consistent-character,Ai Consistent Character | Lovart
https:/www.lovart.ai/ko/tools/ai-consistent-character,ko,tool,ai-consistent-character,Ai Consistent Character | Lovart
https:/www.lovart.ai/ru/tools/ai-consistent-character,ru,tool,ai-consistent-character,Ai Consistent Character | Lovart
https:/www.lovart.ai/tools/ai-content-authenticity,en,tool,ai-content-authenticity,content authenticity | Lovart
https:/www.lovart.ai/fr/tools/ai-content-authenticity,fr,tool,ai-content-authenticity,Ai Content Authenticity | Lovart
https:/www.lovart.ai/ko/tools/ai-content-authenticity,ko,tool,ai-content-authenticity,Ai Content Authenticity | Lovart
https:/www.lovart.ai/zh/tools/ai-content-authenticity,zh,tool,ai-content-authenticity,content authenticity | Lovart
https:/www.lovart.ai/zh-TW/tools/ai-content-authenticity,zh-TW,tool,ai-content-authenticity,Ai Content Authenticity | Lovart
https:/www.lovart.ai/zh/tools/ai-content-calendar,zh,tool,ai-content-calendar,content calendar | Lovart
https:/www.lovart.ai/tools/ai-content-creator,en,tool,ai-content-creator,content 创建器 | Lovart
https:/www.lovart.ai/fr/tools/ai-content-creator,fr,tool,ai-content-creator,Ai Content Creator | Lovart
https:/www.lovart.ai/ja/tools/ai-content-creator,ja,tool,ai-content-creator,AIコンテンツ生成ツール | テキストから記事・画像を生成 | Lovart
https:/www.lovart.ai/ko/tools/ai-content-creator,ko,tool,ai-content-creator,Ai Content Creator | Lovart
https:/www.lovart.ai/pt/tools/ai-content-creator,pt,tool,ai-content-creator,Ai Content Creator | Lovart
https:/www.lovart.ai/de/tools/ai-content-format-converter,de,tool,ai-content-format-converter,KI-Format-Konverter|Lovart
https:/www.lovart.ai/fr/tools/ai-content-format-converter,fr,tool,ai-content-format-converter,Convertisseur de Formats IA | Lovart
https:/www.lovart.ai/ja/tools/ai-content-format-converter,ja,tool,ai-content-format-converter,AIコンテンツフォーマット変換|Lovart
https:/www.lovart.ai/zh/tools/ai-content-format-converter,zh,tool,ai-content-format-converter,AI 内容格式转换器 | Lovart
https:/www.lovart.ai/zh-TW/tools/ai-content-format-converter,zh-TW,tool,ai-content-format-converter,AI 內容格式轉換器|Lovart
https:/www.lovart.ai/tools/ai-content-safety,en,tool,ai-content-safety,content safety | Lovart
https:/www.lovart.ai/fr/tools/ai-content-safety,fr,tool,ai-content-safety,Ai Content Safety | Lovart
https:/www.lovart.ai/ja/tools/ai-content-safety,ja,tool,ai-content-safety,AIコンテンツ安全検出 | 不適切コンテンツを自動検出 | Lovart
https:/www.lovart.ai/ko/tools/ai-content-safety,ko,tool,ai-content-safety,Ai Content Safety | Lovart
https:/www.lovart.ai/ru/tools/ai-content-safety,ru,tool,ai-content-safety,Ai Content Safety | Lovart
https:/www.lovart.ai/zh/tools/ai-content-safety,zh,tool,ai-content-safety,content safety | Lovart
https:/www.lovart.ai/zh-TW/tools/ai-content-safety,zh-TW,tool,ai-content-safety,Ai Content Safety | Lovart
https:/www.lovart.ai/tools/ai-controlnet,en,tool,ai-controlnet,controlnet | Lovart
https:/www.lovart.ai/it/tools/ai-controlnet,it,tool,ai-controlnet,Ai Controlnet | Lovart
https:/www.lovart.ai/ja/tools/ai-controlnet,ja,tool,ai-controlnet,AI ControlNet | ポーズと構図を精密制御 | Lovart
https:/www.lovart.ai/ko/tools/ai-controlnet,ko,tool,ai-controlnet,Ai Controlnet | Lovart
https:/www.lovart.ai/pt/tools/ai-controlnet,pt,tool,ai-controlnet,Ai Controlnet | Lovart
https:/www.lovart.ai/ru/tools/ai-controlnet,ru,tool,ai-controlnet,Ai Controlnet | Lovart
https:/www.lovart.ai/tools/ai-copilot-design,en,tool,ai-copilot-design,copilot 设计 | Lovart
https:/www.lovart.ai/fr/tools/ai-copilot-design,fr,tool,ai-copilot-design,Ai Copilot Design | Lovart
https:/www.lovart.ai/it/tools/ai-copilot-design,it,tool,ai-copilot-design,Ai Copilot Design | Lovart
https:/www.lovart.ai/ja/tools/ai-copilot-design,ja,tool,ai-copilot-design,AIデザインコパイロット | あなたのデザインをAIがサポート | Lovart
https:/www.lovart.ai/ko/tools/ai-copilot-design,ko,tool,ai-copilot-design,Ai Copilot Design | Lovart
https:/www.lovart.ai/zh/tools/ai-copilot-design,zh,tool,ai-copilot-design,copilot 设计 | Lovart
https:/www.lovart.ai/zh-TW/tools/ai-copilot-design,zh-TW,tool,ai-copilot-design,Ai Copilot Design | Lovart
https:/www.lovart.ai/zh/tools/ai-coupon-maker,zh,tool,ai-coupon-maker,coupon 制作 | Lovart
https:/www.lovart.ai/de/tools/ai-creative-suite,de,tool,ai-creative-suite,Ai Creative Suite | Lovart
https:/www.lovart.ai/tools/ai-creative-suite,en,tool,ai-creative-suite,creative suite | Lovart
https:/www.lovart.ai/de/tools/ai-creative-suite-enterprise,de,tool,ai-creative-suite-enterprise,KI-Kreativ-Suite Enterprise|Lovart
https:/www.lovart.ai/fr/tools/ai-creative-suite-enterprise,fr,tool,ai-creative-suite-enterprise,Suite Créative IA Entreprise | Lovart
https:/www.lovart.ai/ja/tools/ai-creative-suite-enterprise,ja,tool,ai-creative-suite-enterprise,AIクリエイティブスイート エンタープライズ|Lovart
https:/www.lovart.ai/zh/tools/ai-creative-suite-enterprise,zh,tool,ai-creative-suite-enterprise,AI 创意套件企业版|Lovart
https:/www.lovart.ai/zh-TW/tools/ai-creative-suite-enterprise,zh-TW,tool,ai-creative-suite-enterprise,AIクリエイティブスイート企業版|Lovart
https:/www.lovart.ai/fr/tools/ai-creative-suite,fr,tool,ai-creative-suite,Ai Creative Suite | Lovart
https:/www.lovart.ai/it/tools/ai-creative-suite,it,tool,ai-creative-suite,Ai Creative Suite | Lovart
https:/www.lovart.ai/ko/tools/ai-creative-suite,ko,tool,ai-creative-suite,Ai Creative Suite | Lovart
https:/www.lovart.ai/pt/tools/ai-creative-suite,pt,tool,ai-creative-suite,Ai Creative Suite | Lovart
https:/www.lovart.ai/ru/tools/ai-creative-suite,ru,tool,ai-creative-suite,Ai Creative Suite | Lovart
https:/www.lovart.ai/zh/tools/ai-creative-suite,zh,tool,ai-creative-suite,creative suite | Lovart
https:/www.lovart.ai/de/tools/ai-creative-tool,de,tool,ai-creative-tool,Ai Creative Tool | Lovart
https:/www.lovart.ai/tools/ai-creative-tool,en,tool,ai-creative-tool,creative tool | Lovart
https:/www.lovart.ai/fr/tools/ai-creative-tool,fr,tool,ai-creative-tool,Ai Creative Tool | Lovart
https:/www.lovart.ai/ja/tools/ai-creative-tool,ja,tool,ai-creative-tool,AIクリエイティブツール | デザインをAIで革新 | Lovart
https:/www.lovart.ai/ko/tools/ai-creative-tool,ko,tool,ai-creative-tool,Ai Creative Tool | Lovart
https:/www.lovart.ai/ru/tools/ai-creative-tool,ru,tool,ai-creative-tool,Ai Creative Tool | Lovart
https:/www.lovart.ai/zh/tools/ai-creative-tool,zh,tool,ai-creative-tool,creative tool | Lovart
https:/www.lovart.ai/de/tools/ai-custom-font,de,tool,ai-custom-font,Ai Custom Font | Lovart
https:/www.lovart.ai/tools/ai-custom-font,en,tool,ai-custom-font,custom font | Lovart
https:/www.lovart.ai/fr/tools/ai-custom-font,fr,tool,ai-custom-font,Ai Custom Font | Lovart
https:/www.lovart.ai/ko/tools/ai-custom-font,ko,tool,ai-custom-font,Ai Custom Font | Lovart
https:/www.lovart.ai/pt/tools/ai-custom-font,pt,tool,ai-custom-font,Ai Custom Font | Lovart
https:/www.lovart.ai/ru/tools/ai-custom-font,ru,tool,ai-custom-font,Ai Custom Font | Lovart
https:/www.lovart.ai/zh/tools/ai-custom-font,zh,tool,ai-custom-font,custom font | Lovart
https:/www.lovart.ai/zh-TW/tools/ai-custom-font,zh-TW,tool,ai-custom-font,Ai Custom Font | Lovart
https:/www.lovart.ai/de/tools/ai-data-visualization,de,tool,ai-data-visualization,Ai Data Visualization | Lovart
https:/www.lovart.ai/tools/ai-data-visualization,en,tool,ai-data-visualization,data visualization | Lovart
https:/www.lovart.ai/it/tools/ai-data-visualization,it,tool,ai-data-visualization,Ai Data Visualization | Lovart
https:/www.lovart.ai/ja/tools/ai-data-visualization,ja,tool,ai-data-visualization,AIデータ可視化 | テキストからグラフを生成 | Lovart
https:/www.lovart.ai/pt/tools/ai-data-visualization,pt,tool,ai-data-visualization,Ai Data Visualization | Lovart
https:/www.lovart.ai/zh/tools/ai-data-visualization,zh,tool,ai-data-visualization,data visualization | Lovart
https:/www.lovart.ai/de/tools/ai-design-agency,de,tool,ai-design-agency,Ai Design Agency | Lovart
https:/www.lovart.ai/tools/ai-design-agency,en,tool,ai-design-agency,设计 agency | Lovart
https:/www.lovart.ai/fr/tools/ai-design-agency,fr,tool,ai-design-agency,Ai Design Agency | Lovart
https:/www.lovart.ai/it/tools/ai-design-agency,it,tool,ai-design-agency,Ai Design Agency | Lovart
https:/www.lovart.ai/ja/tools/ai-design-agency,ja,tool,ai-design-agency,AIデザインエージェンシー | デザイン制作をAIで自動化 | Lovart
https:/www.lovart.ai/ko/tools/ai-design-agency,ko,tool,ai-design-agency,Ai Design Agency | Lovart
https:/www.lovart.ai/ru/tools/ai-design-agency,ru,tool,ai-design-agency,Ai Design Agency | Lovart
https:/www.lovart.ai/zh/tools/ai-design-agency,zh,tool,ai-design-agency,设计 agency | Lovart
https:/www.lovart.ai/de/tools/ai-design-api,de,tool,ai-design-api,KI-Design-API|Lovart
https:/www.lovart.ai/fr/tools/ai-design-api,fr,tool,ai-design-api,API de Design IA | Lovart
https:/www.lovart.ai/ja/tools/ai-design-api,ja,tool,ai-design-api,AIデザインAPI|Lovart
https:/www.lovart.ai/zh/tools/ai-design-api,zh,tool,ai-design-api,AI 设计 API|Lovart
https:/www.lovart.ai/zh-TW/tools/ai-design-api,zh-TW,tool,ai-design-api,AIデザインAPI|Lovart
https:/www.lovart.ai/tools/ai-design-asset-library,en,tool,ai-design-asset-library,设计 asset 素材库 | Lovart
https:/www.lovart.ai/fr/tools/ai-design-asset-library,fr,tool,ai-design-asset-library,Ai Design Asset Library | Lovart
https:/www.lovart.ai/ja/tools/ai-design-asset-library,ja,tool,ai-design-asset-library,AIデザイン素材管理 | ブランド素材をAIで自動整理 | Lovart
https:/www.lovart.ai/ru/tools/ai-design-asset-library,ru,tool,ai-design-asset-library,Ai Design Asset Library | Lovart
https:/www.lovart.ai/zh/tools/ai-design-asset-library,zh,tool,ai-design-asset-library,设计 asset 素材库 | Lovart
https:/www.lovart.ai/tools/ai-design-canvas,en,tool,ai-design-canvas,设计 canvas | Lovart
https:/www.lovart.ai/ko/tools/ai-design-canvas,ko,tool,ai-design-canvas,Ai Design Canvas | Lovart
https:/www.lovart.ai/pt/tools/ai-design-canvas,pt,tool,ai-design-canvas,Ai Design Canvas | Lovart
https:/www.lovart.ai/ru/tools/ai-design-canvas,ru,tool,ai-design-canvas,Ai Design Canvas | Lovart
https:/www.lovart.ai/zh-TW/tools/ai-design-canvas,zh-TW,tool,ai-design-canvas,Ai Design Canvas | Lovart
https:/www.lovart.ai/zh/tools/ai-design-for-agencies,zh,tool,ai-design-for-agencies,设计 agencies | Lovart
https:/www.lovart.ai/tools/ai-design-for-business-owners,en,tool,ai-design-for-business-owners,设计 商务 owners | Lovart
https:/www.lovart.ai/fr/tools/ai-design-for-business-owners,fr,tool,ai-design-for-business-owners,Ai Design For Business Owners | Lovart
https:/www.lovart.ai/ja/tools/ai-design-for-business-owners,ja,tool,ai-design-for-business-owners,経営者向けAIデザイン | テキストでプロ品質の制作物 | Lovart
https:/www.lovart.ai/pt/tools/ai-design-for-business-owners,pt,tool,ai-design-for-business-owners,Ai Design For Business Owners | Lovart
https:/www.lovart.ai/zh/tools/ai-design-for-business-owners,zh,tool,ai-design-for-business-owners,设计 商务 owners | Lovart
https:/www.lovart.ai/de/tools/ai-design-for-creators,de,tool,ai-design-for-creators,Ai Design For Creators | Lovart
https:/www.lovart.ai/tools/ai-design-for-creators,en,tool,ai-design-for-creators,设计 creators | Lovart
https:/www.lovart.ai/fr/tools/ai-design-for-creators,fr,tool,ai-design-for-creators,Ai Design For Creators | Lovart
https:/www.lovart.ai/it/tools/ai-design-for-creators,it,tool,ai-design-for-creators,Ai Design For Creators | Lovart
https:/www.lovart.ai/ja/tools/ai-design-for-creators,ja,tool,ai-design-for-creators,クリエイター向けAIデザイン | テキストからプロ品質の制作物 | Lovart
https:/www.lovart.ai/ru/tools/ai-design-for-creators,ru,tool,ai-design-for-creators,Ai Design For Creators | Lovart
https:/www.lovart.ai/zh-TW/tools/ai-design-for-creators,zh-TW,tool,ai-design-for-creators,Ai Design For Creators | Lovart
https:/www.lovart.ai/de/tools/ai-design-for-designers,de,tool,ai-design-for-designers,Ai Design For Designers | Lovart
https:/www.lovart.ai/tools/ai-design-for-designers,en,tool,ai-design-for-designers,设计 designers | Lovart
https:/www.lovart.ai/it/tools/ai-design-for-designers,it,tool,ai-design-for-designers,Ai Design For Designers | Lovart
https:/www.lovart.ai/ja/tools/ai-design-for-designers,ja,tool,ai-design-for-designers,デザイナー向けAIツール | デザインワークフローをAIで加速 | Lovart
https:/www.lovart.ai/ko/tools/ai-design-for-designers,ko,tool,ai-design-for-designers,Ai Design For Designers | Lovart
https:/www.lovart.ai/pt/tools/ai-design-for-designers,pt,tool,ai-design-for-designers,Ai Design For Designers | Lovart
https:/www.lovart.ai/zh/tools/ai-design-for-designers,zh,tool,ai-design-for-designers,设计 designers | Lovart
https:/www.lovart.ai/zh-TW/tools/ai-design-for-designers,zh-TW,tool,ai-design-for-designers,Ai Design For Designers | Lovart
https:/www.lovart.ai/de/tools/ai-design-for-developers,de,tool,ai-design-for-developers,Ai Design For Developers | Lovart
https:/www.lovart.ai/tools/ai-design-for-developers,en,tool,ai-design-for-developers,设计 developers | Lovart
https:/www.lovart.ai/fr/tools/ai-design-for-developers,fr,tool,ai-design-for-developers,Ai Design For Developers | Lovart
https:/www.lovart.ai/it/tools/ai-design-for-developers,it,tool,ai-design-for-developers,Ai Design For Developers | Lovart
https:/www.lovart.ai/ja/tools/ai-design-for-developers,ja,tool,ai-design-for-developers,開発者向けAIデザイン | コード不要でUI/ビジュアル生成 | Lovart
https:/www.lovart.ai/pt/tools/ai-design-for-developers,pt,tool,ai-design-for-developers,Ai Design For Developers | Lovart
https:/www.lovart.ai/zh/tools/ai-design-for-developers,zh,tool,ai-design-for-developers,设计 developers | Lovart
https:/www.lovart.ai/de/tools/ai-design-for-enterprise,de,tool,ai-design-for-enterprise,Ai Design For Enterprise | Lovart
https:/www.lovart.ai/tools/ai-design-for-enterprise,en,tool,ai-design-for-enterprise,设计 enterprise | Lovart
https:/www.lovart.ai/ko/tools/ai-design-for-enterprise,ko,tool,ai-design-for-enterprise,Ai Design For Enterprise | Lovart
https:/www.lovart.ai/pt/tools/ai-design-for-enterprise,pt,tool,ai-design-for-enterprise,Ai Design For Enterprise | Lovart
https:/www.lovart.ai/ru/tools/ai-design-for-enterprise,ru,tool,ai-design-for-enterprise,Ai Design For Enterprise | Lovart
https:/www.lovart.ai/zh/tools/ai-design-for-enterprise,zh,tool,ai-design-for-enterprise,设计 enterprise | Lovart
https:/www.lovart.ai/zh-TW/tools/ai-design-for-enterprise,zh-TW,tool,ai-design-for-enterprise,Ai Design For Enterprise | Lovart
https:/www.lovart.ai/zh/tools/ai-design-for-marketers,zh,tool,ai-design-for-marketers,设计 marketers | Lovart
https:/www.lovart.ai/zh/tools/ai-design-for-product-managers,zh,tool,ai-design-for-product-managers,设计 product managers | Lovart
https:/www.lovart.ai/tools/ai-design-integrations,en,tool,ai-design-integrations,设计 integrations | Lovart
https:/www.lovart.ai/tools/ai-design-maker,en,tool,ai-design-maker,设计 制作 | Lovart
https:/www.lovart.ai/tools/ai-design-marketer,en,tool,ai-design-marketer,设计 marketer | Lovart
https:/www.lovart.ai/tools/ai-design-platform,en,tool,ai-design-platform,设计 平台 | Lovart
https:/www.lovart.ai/tools/ai-design-product-manager,en,tool,ai-design-product-manager,设计 product manager | Lovart
https:/www.lovart.ai/tools/ai-design-system,en,tool,ai-design-system,设计 system | Lovart
https:/www.lovart.ai/tools/ai-design-system-enterprise,en,tool,ai-design-system-enterprise,AI Design System for Enterprise — Centralized Brand Governance|Lovart
https:/www.lovart.ai/tools/ai-design-templates,en,tool,ai-design-templates,设计 templates | Lovart
https:/www.lovart.ai/tools/ai-design-tool,en,tool,ai-design-tool,设计 tool | Lovart
https:/www.lovart.ai/tools/ai-digital-designer,en,tool,ai-digital-designer,digital designer | Lovart
https:/www.lovart.ai/tools/ai-diploma-maker,en,tool,ai-diploma-maker,diploma 制作 | Lovart
https:/www.lovart.ai/tools/ai-discord-emoji,en,tool,ai-discord-emoji,discord emoji | Lovart
https:/www.lovart.ai/tools/ai-display-ad-designer,en,tool,ai-display-ad-designer,AI Display Ad Designer — Google Display Network Ads in 60 Seconds|Lovart
https:/www.lovart.ai/zh/tools/ai-ebook-cover-maker,zh,tool,ai-ebook-cover-maker,ebook 封面 制作 | Lovart
https:/www.lovart.ai/tools/ai-ebook-maker,en,tool,ai-ebook-maker,ebook 制作 | Lovart
https:/www.lovart.ai/tools/ai-ecommerce-design,en,tool,ai-ecommerce-design,ecommerce 设计 | Lovart
https:/www.lovart.ai/tools/ai-email-signature,en,tool,ai-email-signature,email signature | Lovart
https:/www.lovart.ai/tools/ai-email-template,en,tool,ai-email-template,email template | Lovart
https:/www.lovart.ai/de/tools/ai-emoji-generator,de,tool,ai-emoji-generator,KI-Emoji-Generator|Lovart
https:/www.lovart.ai/tools/ai-emoji-generator,en,tool,ai-emoji-generator,AI Emoji Generator — Build a Custom Sticker Pack in Minutes|Lovart
https:/www.lovart.ai/fr/tools/ai-emoji-generator,fr,tool,ai-emoji-generator,Générateur d'Émojis Personnalisés | Lovart
https:/www.lovart.ai/ja/tools/ai-emoji-generator,ja,tool,ai-emoji-generator,AIカスタム絵文字ジェネレーター|Lovart
https:/www.lovart.ai/zh/tools/ai-emoji-generator,zh,tool,ai-emoji-generator,AI 表情符号生成器 | Lovart
https:/www.lovart.ai/zh-TW/tools/ai-emoji-generator,zh-TW,tool,ai-emoji-generator,AI 表情符號生成器|Lovart
https:/www.lovart.ai/tools/ai-emoji-sticker-maker-free,en,tool,ai-emoji-sticker-maker-free,Free AI Emoji Sticker Maker — Custom Emoji Stickers in 30 Seconds|Lovart
https:/www.lovart.ai/tools/ai-etsy-listing,en,tool,ai-etsy-listing,etsy listing | Lovart
https:/www.lovart.ai/tools/ai-event-branding,en,tool,ai-event-branding,event branding | Lovart
https:/www.lovart.ai/tools/ai-event-poster,en,tool,ai-event-poster,event 海报 | Lovart
https:/www.lovart.ai/tools/ai-expand-tool,en,tool,ai-expand-tool,expand tool | Lovart
https:/www.lovart.ai/tools/ai-explainer-video-generator,en,tool,ai-explainer-video-generator,AI Explainer Video Generator — Explainer Videos in 60 Seconds|Lovart
https:/www.lovart.ai/de/tools/ai-face-swap,de,tool,ai-face-swap,Ai Face Swap | Lovart
https:/www.lovart.ai/fr/tools/ai-face-swap,fr,tool,ai-face-swap,Ai Face Swap | Lovart
https:/www.lovart.ai/de/tools/ai-face-swap-free,de,tool,ai-face-swap-free,Kostenloser KI-Gesichtsaustausch|Lovart
https:/www.lovart.ai/fr/tools/ai-face-swap-free,fr,tool,ai-face-swap-free,Échange de Visage Gratuit IA | Lovart
https:/www.lovart.ai/ja/tools/ai-face-swap-free,ja,tool,ai-face-swap-free,AI顔交換（無料）|Lovart
https:/www.lovart.ai/zh/tools/ai-face-swap-free,zh,tool,ai-face-swap-free,AI 换脸免费 | Lovart
https:/www.lovart.ai/zh-TW/tools/ai-face-swap-free,zh-TW,tool,ai-face-swap-free,AI 換臉免費|Lovart
https:/www.lovart.ai/tools/ai-facebook-ad-designer,en,tool,ai-facebook-ad-designer,AI Facebook Ad Designer — Multi-Format Ads in 60 Seconds|Lovart
https:/www.lovart.ai/tools/ai-fact-sheet,en,tool,ai-fact-sheet,fact sheet | Lovart
https:/www.lovart.ai/tools/ai-fashion-design,en,tool,ai-fashion-design,fashion 设计 | Lovart
https:/www.lovart.ai/tools/ai-file-converter,en,tool,ai-file-converter,file converter | Lovart
https:/www.lovart.ai/tools/ai-flashcard-maker,en,tool,ai-flashcard-maker,flashcard 制作 | Lovart
https:/www.lovart.ai/tools/ai-flyer-distribution,en,tool,ai-flyer-distribution,flyer distribution | Lovart
https:/www.lovart.ai/tools/ai-flyer-generator,en,tool,ai-flyer-generator,AI Flyer Generator — Event and Real Estate Flyers in 60 Seconds|Lovart
https:/www.lovart.ai/de/tools/ai-flyer-maker,de,tool,ai-flyer-maker,Ai Flyer Maker | Lovart
https:/www.lovart.ai/tools/ai-flyer-maker,en,tool,ai-flyer-maker,flyer 制作 | Lovart
https:/www.lovart.ai/ja/tools/ai-flyer-maker,ja,tool,ai-flyer-maker,AIチラシ作成 | テキストからチラシを自動生成 | Lovart
https:/www.lovart.ai/ko/tools/ai-flyer-maker,ko,tool,ai-flyer-maker,Ai Flyer Maker | Lovart
https:/www.lovart.ai/pt/tools/ai-flyer-maker,pt,tool,ai-flyer-maker,Ai Flyer Maker | Lovart
https:/www.lovart.ai/zh/tools/ai-flyer-maker,zh,tool,ai-flyer-maker,flyer 制作 | Lovart
https:/www.lovart.ai/zh-TW/tools/ai-flyer-maker,zh-TW,tool,ai-flyer-maker,Ai Flyer Maker | Lovart
https:/www.lovart.ai/tools/ai-gif-maker,en,tool,ai-gif-maker,gif 制作 | Lovart
https:/www.lovart.ai/tools/ai-graphic-design,en,tool,ai-graphic-design,graphic 设计 | Lovart
https:/www.lovart.ai/tools/ai-graphic-design-generator,en,tool,ai-graphic-design-generator,graphic 设计 生成器 | Lovart
https:/www.lovart.ai/tools/ai-graphic-maker,en,tool,ai-graphic-maker,graphic 制作 | Lovart
https:/www.lovart.ai/tools/ai-greeting-card-generator,en,tool,ai-greeting-card-generator,AI Greeting Card Generator — Custom Cards in 60 Seconds|Lovart
https:/www.lovart.ai/de/tools/ai-hairstyle-changer,de,tool,ai-hairstyle-changer,KI-Frisuren-Anprobe|Lovart
https:/www.lovart.ai/tools/ai-hairstyle-changer,en,tool,ai-hairstyle-changer,AI Hairstyle Changer — Try Any Hairstyle on Your Photo in 30 Seconds|Lovart
https:/www.lovart.ai/fr/tools/ai-hairstyle-changer,fr,tool,ai-hairstyle-changer,Essayage Coiffure Virtuel IA | Lovart
https:/www.lovart.ai/ja/tools/ai-hairstyle-changer,ja,tool,ai-hairstyle-changer,AIヘアスタイルチェンジャー|Lovart
https:/www.lovart.ai/zh/tools/ai-hairstyle-changer,zh,tool,ai-hairstyle-changer,AI 发型试戴 | Lovart
https:/www.lovart.ai/zh-TW/tools/ai-hairstyle-changer,zh-TW,tool,ai-hairstyle-changer,AI 髮型試戴|Lovart
https:/www.lovart.ai/tools/ai-illustration-set,en,tool,ai-illustration-set,illustration set | Lovart
https:/www.lovart.ai/tools/ai-image-generator-download,en,tool,ai-image-generator-download,AI Image Generator — Free Download in 4K|Lovart
https:/www.lovart.ai/fr/tools/ai-image-generator-for-social-media,fr,tool,ai-image-generator-for-social-media,Générateur d'Images IA pour Réseaux Sociaux | Lovart
https:/www.lovart.ai/ja/tools/ai-image-generator-for-social-media,ja,tool,ai-image-generator-for-social-media,SNS向けAI画像生成|Lovart
https:/www.lovart.ai/zh/tools/ai-image-generator-for-social-media,zh,tool,ai-image-generator-for-social-media,AI 社媒图片生成器|Lovart
https:/www.lovart.ai/zh-TW/tools/ai-image-generator-for-social-media,zh-TW,tool,ai-image-generator-for-social-media,SNS画像生成|Lovart
https:/www.lovart.ai/tools/ai-image-resizer,en,tool,ai-image-resizer,图像 resizer | Lovart
https:/www.lovart.ai/tools/ai-image-style-transfer,en,tool,ai-image-style-transfer,AI Image Style Transfer — Apply Any Style in 30 Seconds|Lovart
https:/www.lovart.ai/tools/ai-image-to-cartoon,en,tool,ai-image-to-cartoon,AI Image to Cartoon Converter — Photo to Cartoon Style in 30 Seconds|Lovart
https:/www.lovart.ai/tools/ai-image-to-image,en,tool,ai-image-to-image,图像 图像 | Lovart
https:/www.lovart.ai/fr/tools/ai-image-to-sketch,fr,tool,ai-image-to-sketch,Convertisseur Photo en Croquis IA | Lovart
https:/www.lovart.ai/ja/tools/ai-image-to-sketch,ja,tool,ai-image-to-sketch,AI画像→スケッチ変換|Lovart
https:/www.lovart.ai/zh/tools/ai-image-to-sketch,zh,tool,ai-image-to-sketch,AI 图片转素描|Lovart
https:/www.lovart.ai/zh-TW/tools/ai-image-to-sketch,zh-TW,tool,ai-image-to-sketch,AIスケッチ変換|Lovart
https:/www.lovart.ai/tools/ai-infographic-creator,en,tool,ai-infographic-creator,infographic 创建器 | Lovart
https:/www.lovart.ai/fr/tools/ai-infographic-creator,fr,tool,ai-infographic-creator,Ai Infographic Creator | Lovart
https:/www.lovart.ai/it/tools/ai-infographic-creator,it,tool,ai-infographic-creator,Ai Infographic Creator | Lovart
https:/www.lovart.ai/ja/tools/ai-infographic-creator,ja,tool,ai-infographic-creator,Ai Infographic Creator | Lovart
https:/www.lovart.ai/ko/tools/ai-infographic-creator,ko,tool,ai-infographic-creator,Ai Infographic Creator | Lovart
https:/www.lovart.ai/pt/tools/ai-infographic-creator,pt,tool,ai-infographic-creator,Ai Infographic Creator | Lovart
https:/www.lovart.ai/ru/tools/ai-infographic-creator,ru,tool,ai-infographic-creator,Ai Infographic Creator | Lovart
https:/www.lovart.ai/zh-TW/tools/ai-infographic-creator,zh-TW,tool,ai-infographic-creator,Ai Infographic Creator | Lovart
https:/www.lovart.ai/tools/ai-infographic-maker,en,tool,ai-infographic-maker,infographic 制作 | Lovart
https:/www.lovart.ai/tools/ai-instagram-post,en,tool,ai-instagram-post,instagram post | Lovart
https:/www.lovart.ai/zh/tools/ai-instagram-posts,zh,tool,ai-instagram-posts,instagram posts | Lovart
https:/www.lovart.ai/tools/ai-instagram-reels-creator,en,tool,ai-instagram-reels-creator,AI Instagram Reels Creator — Engaging Reels in 60 Seconds|Lovart
https:/www.lovart.ai/tools/ai-instrumental-music-generator,en,tool,ai-instrumental-music-generator,AI Instrumental Music Generator — Custom Instrumentals in 30 Seconds|Lovart
https:/www.lovart.ai/zh/tools/ai-interior-design,zh,tool,ai-interior-design,interior 设计 | Lovart
https:/www.lovart.ai/de/tools/ai-invitation-maker,de,tool,ai-invitation-maker,Ai Invitation Maker | Lovart
https:/www.lovart.ai/tools/ai-invitation-maker,en,tool,ai-invitation-maker,invitation 制作 | Lovart
https:/www.lovart.ai/fr/tools/ai-invitation-maker,fr,tool,ai-invitation-maker,Ai Invitation Maker | Lovart
https:/www.lovart.ai/zh/tools/ai-invitation-maker,zh,tool,ai-invitation-maker,invitation 制作 | Lovart
https:/www.lovart.ai/zh-TW/tools/ai-invitation-maker,zh-TW,tool,ai-invitation-maker,Ai Invitation Maker | Lovart
https:/www.lovart.ai/tools/ai-landing-page-designer,en,tool,ai-landing-page-designer,AI Landing Page Designer — High-Converting Pages in 60 Seconds|Lovart
https:/www.lovart.ai/tools/ai-lesson-plan,en,tool,ai-lesson-plan,lesson plan | Lovart
https:/www.lovart.ai/tools/ai-letterhead-maker,en,tool,ai-letterhead-maker,letterhead 制作 | Lovart
https:/www.lovart.ai/tools/ai-linkedin-banner,en,tool,ai-linkedin-banner,linkedin 横幅 | Lovart
https:/www.lovart.ai/tools/ai-linkedin-branding,en,tool,ai-linkedin-branding,linkedin branding | Lovart
https:/www.lovart.ai/tools/ai-logo-creator-free,en,tool,ai-logo-creator-free,标志 创建器 | Lovart
https:/www.lovart.ai/zh/tools/ai-logo-design,zh,tool,ai-logo-design,标志 设计 | Lovart
https:/www.lovart.ai/tools/ai-logo-generator,en,tool,ai-logo-generator,AI Logo Generator — Professional Logos in 30 Seconds|Lovart
https:/www.lovart.ai/de/tools/ai-logo-maker-no-watermark,de,tool,ai-logo-maker-no-watermark,KI-Logo-Maker ohne Wasserzeichen|Lovart
https:/www.lovart.ai/fr/tools/ai-logo-maker-no-watermark,fr,tool,ai-logo-maker-no-watermark,Générateur de Logo Sans Filigrane | Lovart
https:/www.lovart.ai/zh/tools/ai-logo-maker-no-watermark,zh,tool,ai-logo-maker-no-watermark,AI Logo 生成器无水印 | Lovart
https:/www.lovart.ai/zh-TW/tools/ai-logo-maker-no-watermark,zh-TW,tool,ai-logo-maker-no-watermark,AI Logo 生成器無水印|Lovart
https:/www.lovart.ai/tools/ai-magazine-cover,en,tool,ai-magazine-cover,magazine 封面 | Lovart
https:/www.lovart.ai/tools/ai-magic-studio,en,tool,ai-magic-studio,magic studio | Lovart
https:/www.lovart.ai/tools/ai-marketing-kit,en,tool,ai-marketing-kit,marketing 套件 | Lovart
https:/www.lovart.ai/tools/ai-media-creator,en,tool,ai-media-creator,media 创建器 | Lovart
https:/www.lovart.ai/tools/ai-medium-article,en,tool,ai-medium-article,medium article | Lovart
https:/www.lovart.ai/tools/ai-meme-generator,en,tool,ai-meme-generator,meme 生成器 | Lovart
https:/www.lovart.ai/tools/ai-menu-creator,en,tool,ai-menu-creator,menu 创建器 | Lovart
https:/www.lovart.ai/tools/ai-menu-generator,en,tool,ai-menu-generator,AI Menu Generator — Restaurant and Cafe Menus in 60 Seconds|Lovart
https:/www.lovart.ai/ja/tools/ai-mockup-generator,ja,tool,ai-mockup-generator,AIモックアップ生成 | テキストから商品画像を生成 | Lovart
https:/www.lovart.ai/zh/tools/ai-mockup-generator,zh,tool,ai-mockup-generator,mockup 生成器 | Lovart
https:/www.lovart.ai/tools/ai-model-access,en,tool,ai-model-access,model 接入 | Lovart
https:/www.lovart.ai/de/tools/ai-model-generator,de,tool,ai-model-generator,KI-Model-Generator|Lovart
https:/www.lovart.ai/fr/tools/ai-model-generator,fr,tool,ai-model-generator,Générateur de Mannequins IA | Lovart
https:/www.lovart.ai/ja/tools/ai-model-generator,ja,tool,ai-model-generator,AIモデルジェネレーター|Lovart
https:/www.lovart.ai/zh/tools/ai-model-generator,zh,tool,ai-model-generator,AI 模特生成器|Lovart
https:/www.lovart.ai/zh-TW/tools/ai-model-generator,zh-TW,tool,ai-model-generator,AI 模特生成器|Lovart
https:/www.lovart.ai/tools/ai-mood-board-generator,en,tool,ai-mood-board-generator,AI Mood Board Generator — Brand Discovery in 60 Seconds|Lovart
https:/www.lovart.ai/tools/ai-moodboard,en,tool,ai-moodboard,moodboard | Lovart
https:/www.lovart.ai/tools/ai-motion-control,en,tool,ai-motion-control,motion control | Lovart
https:/www.lovart.ai/tools/ai-motion-graphics,en,tool,ai-motion-graphics,motion graphics | Lovart
https:/www.lovart.ai/tools/ai-music-generator,en,tool,ai-music-generator,AI Music Generator — Royalty-Free Music in 30 Seconds|Lovart
https:/www.lovart.ai/tools/ai-newsletter-designer,en,tool,ai-newsletter-designer,AI Newsletter Designer — Email Campaigns in 60 Seconds|Lovart
https:/www.lovart.ai/tools/ai-newsletter-image-generator,en,tool,ai-newsletter-image-generator,AI Newsletter Image Generator — Email Campaign Images in 30 Seconds|Lovart
https:/www.lovart.ai/zh/tools/ai-online-photo-editor,zh,tool,ai-online-photo-editor,online photo 编辑器 | Lovart
https:/www.lovart.ai/tools/ai-organizational-chart,en,tool,ai-organizational-chart,organizational chart | Lovart
https:/www.lovart.ai/tools/ai-packaging-design,en,tool,ai-packaging-design,packaging 设计 | Lovart
https:/www.lovart.ai/tools/ai-packaging-design-generator,en,tool,ai-packaging-design-generator,AI Packaging Design Generator — Product Packaging in 60 Seconds|Lovart
https:/www.lovart.ai/tools/ai-pattern-generator,en,tool,ai-pattern-generator,AI Pattern Generator — Custom Patterns in 30 Seconds|Lovart
https:/www.lovart.ai/tools/ai-pdf-editor,en,tool,ai-pdf-editor,pdf 编辑器 | Lovart
https:/www.lovart.ai/de/tools/ai-pet-portrait,de,tool,ai-pet-portrait,Ai Pet Portrait | Lovart
https:/www.lovart.ai/tools/ai-pet-portrait,en,tool,ai-pet-portrait,pet portrait | Lovart
https:/www.lovart.ai/fr/tools/ai-pet-portrait,fr,tool,ai-pet-portrait,Ai Pet Portrait | Lovart
https:/www.lovart.ai/ru/tools/ai-pet-portrait,ru,tool,ai-pet-portrait,Ai Pet Portrait | Lovart
https:/www.lovart.ai/zh-TW/tools/ai-pet-portrait,zh-TW,tool,ai-pet-portrait,Ai Pet Portrait | Lovart
https:/www.lovart.ai/tools/ai-pfp-generator,en,tool,ai-pfp-generator,AI Profile Picture Generator — Custom PFPs in 30 Seconds|Lovart
https:/www.lovart.ai/tools/ai-phone-case-design,en,tool,ai-phone-case-design,phone case 设计 | Lovart
https:/www.lovart.ai/tools/ai-photo-editor,en,tool,ai-photo-editor,"AI Photo Editor — One-Click Retouch, Replace, Restore|Lovart"
https:/www.lovart.ai/de/tools/ai-photo-editor-free,de,tool,ai-photo-editor-free,KI-Foto-Editor kostenlos|Lovart
https:/www.lovart.ai/tools/ai-photo-editor-free,en,tool,ai-photo-editor-free,"Free AI Photo Editor — Retouch, Replace, Restore|Lovart"
https:/www.lovart.ai/fr/tools/ai-photo-editor-free,fr,tool,ai-photo-editor-free,Éditeur Photo Gratuit IA | Lovart
https:/www.lovart.ai/ja/tools/ai-photo-editor-free,ja,tool,ai-photo-editor-free,無料AI写真編集|Lovart
https:/www.lovart.ai/zh/tools/ai-photo-editor-free,zh,tool,ai-photo-editor-free,AI 照片编辑器免费 | Lovart
https:/www.lovart.ai/zh-TW/tools/ai-photo-editor-free,zh-TW,tool,ai-photo-editor-free,AI 照片編輯器免費|Lovart
https:/www.lovart.ai/tools/ai-photo-editor-online,en,tool,ai-photo-editor-online,photo 编辑器 online | Lovart
https:/www.lovart.ai/fr/tools/ai-photo-editor-online,fr,tool,ai-photo-editor-online,Ai Photo Editor Online | Lovart
https:/www.lovart.ai/ko/tools/ai-photo-editor-online,ko,tool,ai-photo-editor-online,Ai Photo Editor Online | Lovart
https:/www.lovart.ai/pt/tools/ai-photo-editor-online,pt,tool,ai-photo-editor-online,Ai Photo Editor Online | Lovart
https:/www.lovart.ai/zh/tools/ai-photo-editor-online,zh,tool,ai-photo-editor-online,photo 编辑器 online | Lovart
https:/www.lovart.ai/zh-TW/tools/ai-photo-editor-online,zh-TW,tool,ai-photo-editor-online,Ai Photo Editor Online | Lovart
https:/www.lovart.ai/tools/ai-photo-editor-pro,en,tool,ai-photo-editor-pro,photo 编辑器 | Lovart
https:/www.lovart.ai/tools/ai-photo-enhancer,en,tool,ai-photo-enhancer,photo enhancer | Lovart
https:/www.lovart.ai/tools/ai-photo-retouch,en,tool,ai-photo-retouch,photo retouch | Lovart
https:/www.lovart.ai/de/tools/ai-picture-generator,de,tool,ai-picture-generator,KI-Bild-Generator|Lovart
https:/www.lovart.ai/zh/tools/ai-picture-generator,zh,tool,ai-picture-generator,AI 图片生成器 | Lovart
https:/www.lovart.ai/tools/ai-podcast-branding,en,tool,ai-podcast-branding,podcast branding | Lovart
https:/www.lovart.ai/tools/ai-podcast-cover,en,tool,ai-podcast-cover,podcast 封面 | Lovart
https:/www.lovart.ai/tools/ai-podcast-cover-generator,en,tool,ai-podcast-cover-generator,AI Podcast Cover Generator — Podcast Art in 60 Seconds|Lovart
https:/www.lovart.ai/tools/ai-podcast-generator,en,tool,ai-podcast-generator,AI Podcast Generator — Multi-Speaker Podcasts in 60 Seconds|Lovart
https:/www.lovart.ai/tools/ai-post-generator,en,tool,ai-post-generator,post 生成器 | Lovart
https:/www.lovart.ai/zh/tools/ai-poster-creator,zh,tool,ai-poster-creator,海报 创建器 | Lovart
https:/www.lovart.ai/tools/ai-poster-generator,en,tool,ai-poster-generator,AI Poster Generator — Text to Print-Ready Poster in 60 Seconds|Lovart
https:/www.lovart.ai/de/tools/ai-poster-maker-free,de,tool,ai-poster-maker-free,Kostenloser KI-Plakat-Generator|Lovart
https:/www.lovart.ai/tools/ai-poster-maker-free,en,tool,ai-poster-maker-free,Free AI Poster Maker — Design Professional Posters in 60 Seconds|Lovart
https:/www.lovart.ai/fr/tools/ai-poster-maker-free,fr,tool,ai-poster-maker-free,Générateur d'Affiches Gratuit IA | Lovart
https:/www.lovart.ai/ja/tools/ai-poster-maker-free,ja,tool,ai-poster-maker-free,AIポスターメーカー（無料）|Lovart
https:/www.lovart.ai/zh/tools/ai-poster-maker-free,zh,tool,ai-poster-maker-free,AI 海报生成器免费 | Lovart
https:/www.lovart.ai/zh-TW/tools/ai-poster-maker-free,zh-TW,tool,ai-poster-maker-free,AI 海報生成器免費|Lovart
https:/www.lovart.ai/zh/tools/ai-poster-maker,zh,tool,ai-poster-maker,海报 制作 | Lovart
https:/www.lovart.ai/tools/ai-powered-design,en,tool,ai-powered-design,powered 设计 | Lovart
https:/www.lovart.ai/tools/ai-print-design,en,tool,ai-print-design,print 设计 | Lovart
https:/www.lovart.ai/tools/ai-product-demo-video,en,tool,ai-product-demo-video,AI Product Demo Video Generator — Demos in 60 Seconds|Lovart
https:/www.lovart.ai/tools/ai-product-imagery-generator,en,tool,ai-product-imagery-generator,AI Product Imagery Generator — E-commerce Product Photos in 60 Seconds|Lovart
https:/www.lovart.ai/tools/ai-product-mockup-generator,en,tool,ai-product-mockup-generator,AI Product Mockup Generator — Realistic Mockups in 30 Seconds|Lovart
https:/www.lovart.ai/tools/ai-product-photography,en,tool,ai-product-photography,AI Product Photography — Studio Shots in 60 Seconds|Lovart
https:/www.lovart.ai/fr/tools/ai-product-photography,fr,tool,ai-product-photography,Ai Product Photography | Lovart
https:/www.lovart.ai/ko/tools/ai-product-photography,ko,tool,ai-product-photography,Ai Product Photography | Lovart
https:/www.lovart.ai/pt/tools/ai-product-photography,pt,tool,ai-product-photography,Ai Product Photography | Lovart
https:/www.lovart.ai/ru/tools/ai-product-photography,ru,tool,ai-product-photography,Ai Product Photography | Lovart
https:/www.lovart.ai/tools/ai-production-house,en,tool,ai-production-house,production house | Lovart
https:/www.lovart.ai/tools/ai-project-management,en,tool,ai-project-management,project management | Lovart
https:/www.lovart.ai/tools/ai-proposal-maker,en,tool,ai-proposal-maker,proposal 制作 | Lovart
https:/www.lovart.ai/tools/ai-qr-code-generator,en,tool,ai-qr-code-generator,qr code 生成器 | Lovart
https:/www.lovart.ai/tools/ai-recipe-card,en,tool,ai-recipe-card,recipe 卡片 | Lovart
https:/www.lovart.ai/tools/ai-remove-object,en,tool,ai-remove-object,remove object | Lovart
https:/www.lovart.ai/tools/ai-report-maker,en,tool,ai-report-maker,report 制作 | Lovart
https:/www.lovart.ai/tools/ai-restaurant-branding,en,tool,ai-restaurant-branding,restaurant branding | Lovart
https:/www.lovart.ai/tools/ai-resume-generator,en,tool,ai-resume-generator,AI Resume Generator — Professional Resumes in 60 Seconds|Lovart
https:/www.lovart.ai/tools/ai-retail-display-generator,en,tool,ai-retail-display-generator,AI Retail Display Generator — Store Signage and POP in 60 Seconds|Lovart
https:/www.lovart.ai/tools/ai-roadmap,en,tool,ai-roadmap,roadmap | Lovart
https:/www.lovart.ai/tools/ai-room-planner,en,tool,ai-room-planner,room planner | Lovart
https:/www.lovart.ai/tools/ai-sales-playbook,en,tool,ai-sales-playbook,sales playbook | Lovart
https:/www.lovart.ai/tools/ai-scrapbook,en,tool,ai-scrapbook,scrapbook | Lovart
https:/www.lovart.ai/tools/ai-screenshot-editor,en,tool,ai-screenshot-editor,screenshot 编辑器 | Lovart
https:/www.lovart.ai/tools/ai-snapchat-filter,en,tool,ai-snapchat-filter,snapchat filter | Lovart
https:/www.lovart.ai/tools/ai-social-media-content,en,tool,ai-social-media-content,social media content | Lovart
https:/www.lovart.ai/fr/tools/ai-social-media-content,fr,tool,ai-social-media-content,Ai Social Media Content | Lovart
https:/www.lovart.ai/it/tools/ai-social-media-content,it,tool,ai-social-media-content,Ai Social Media Content | Lovart
https:/www.lovart.ai/ja/tools/ai-social-media-content,ja,tool,ai-social-media-content,AI SNSコンテンツ生成 | テキストから投稿用画像を Lovart
https:/www.lovart.ai/pt/tools/ai-social-media-content,pt,tool,ai-social-media-content,Ai Social Media Content | Lovart
https:/www.lovart.ai/ru/tools/ai-social-media-content,ru,tool,ai-social-media-content,Ai Social Media Content | Lovart
https:/www.lovart.ai/zh/tools/ai-social-media-content,zh,tool,ai-social-media-content,social media content | Lovart
https:/www.lovart.ai/zh-TW/tools/ai-social-media-content,zh-TW,tool,ai-social-media-content,Ai Social Media Content | Lovart
https:/www.lovart.ai/tools/ai-social-media,en,tool,ai-social-media,social media | Lovart
https:/www.lovart.ai/tools/ai-social-media-post-generator,en,tool,ai-social-media-post-generator,AI Social Media Post Generator — Posts and Captions in 30 Seconds|Lovart
https:/www.lovart.ai/tools/ai-sound-effects-generator,en,tool,ai-sound-effects-generator,AI Sound Effects Generator — Custom SFX in 30 Seconds|Lovart
https:/www.lovart.ai/tools/ai-sticker-generator,en,tool,ai-sticker-generator,AI Sticker Generator — Custom Stickers in 30 Seconds|Lovart
https:/www.lovart.ai/tools/ai-sticker-maker-free,en,tool,ai-sticker-maker-free,Free AI Sticker Maker — Custom Stickers in 30 Seconds|Lovart
https:/www.lovart.ai/tools/ai-stock-image-generator,en,tool,ai-stock-image-generator,stock 图像 生成器 | Lovart
https:/www.lovart.ai/tools/ai-stock-photo-generator,en,tool,ai-stock-photo-generator,stock photo 生成器 | Lovart
https:/www.lovart.ai/tools/ai-stock-photos,en,tool,ai-stock-photos,stock photos | Lovart
https:/www.lovart.ai/fr/tools/ai-storefront-designer,fr,tool,ai-storefront-designer,Designer de Vitrine IA | Lovart
https:/www.lovart.ai/ja/tools/ai-storefront-designer,ja,tool,ai-storefront-designer,AIストアフロントデザイナー|Lovart
https:/www.lovart.ai/zh/tools/ai-storefront-designer,zh,tool,ai-storefront-designer,AI 店铺装修设计器|Lovart
https:/www.lovart.ai/zh-TW/tools/ai-storefront-designer,zh-TW,tool,ai-storefront-designer,AIストアフロントデザイナー|Lovart
https:/www.lovart.ai/de/tools/ai-storyboard-generator,de,tool,ai-storyboard-generator,KI-Storyboard-Generator|Lovart
https:/www.lovart.ai/tools/ai-storyboard-generator,en,tool,ai-storyboard-generator,AI Storyboard Generator — Frame-by-Frame Visual Stories in 60 Seconds|Lovart
https:/www.lovart.ai/fr/tools/ai-storyboard-generator,fr,tool,ai-storyboard-generator,Générateur de Storyboard IA | Lovart
https:/www.lovart.ai/zh/tools/ai-storyboard-generator,zh,tool,ai-storyboard-generator,AI 分镜脚本生成器 | Lovart
https:/www.lovart.ai/zh-TW/tools/ai-storyboard-generator,zh-TW,tool,ai-storyboard-generator,AI 分鏡腳本生成器|Lovart
https:/www.lovart.ai/tools/ai-style-transfer-generator,en,tool,ai-style-transfer-generator,AI Style Transfer — Apply Any Art Style in 30 Seconds|Lovart
https:/www.lovart.ai/tools/ai-t-shirt-design,en,tool,ai-t-shirt-design,t shirt 设计 | Lovart
https:/www.lovart.ai/it/tools/ai-t-shirt-design,it,tool,ai-t-shirt-design,Ai T Shirt Design | Lovart
https:/www.lovart.ai/ja/tools/ai-t-shirt-design,ja,tool,ai-t-shirt-design,AI Tシャツデザイン | テキストからTシャツを生成 | Lovart
https:/www.lovart.ai/ko/tools/ai-t-shirt-design,ko,tool,ai-t-shirt-design,Ai T Shirt Design | Lovart
https:/www.lovart.ai/pt/tools/ai-t-shirt-design,pt,tool,ai-t-shirt-design,Ai T Shirt Design | Lovart
https:/www.lovart.ai/ru/tools/ai-t-shirt-design,ru,tool,ai-t-shirt-design,Ai T Shirt Design | Lovart
https:/www.lovart.ai/zh/tools/ai-t-shirt-design,zh,tool,ai-t-shirt-design,t shirt 设计 | Lovart
https:/www.lovart.ai/zh-TW/tools/ai-t-shirt-design,zh-TW,tool,ai-t-shirt-design,Ai T Shirt Design | Lovart
https:/www.lovart.ai/tools/ai-talking-avatar,en,tool,ai-talking-avatar,talking 头像 | Lovart
https:/www.lovart.ai/tools/ai-tattoo-design-generator,en,tool,ai-tattoo-design-generator,AI Tattoo Design Generator — Custom Designs in 30 Seconds|Lovart
https:/www.lovart.ai/tools/ai-tattoo-generator,en,tool,ai-tattoo-generator,AI Tattoo Generator — Custom Designs in 30 Seconds|Lovart
https:/www.lovart.ai/tools/ai-team-photo,en,tool,ai-team-photo,team photo | Lovart
https:/www.lovart.ai/tools/ai-template-library,en,tool,ai-template-library,template 素材库 | Lovart
https:/www.lovart.ai/tools/ai-templates-infographic,en,tool,ai-templates-infographic,AI Infographic Templates — Data Visualizations in 60 Seconds|Lovart
https:/www.lovart.ai/tools/ai-tender-document,en,tool,ai-tender-document,tender document | Lovart
https:/www.lovart.ai/de/tools/ai-text-to-video-api,de,tool,ai-text-to-video-api,KI-Text-zu-Video-API|Lovart
https:/www.lovart.ai/fr/tools/ai-text-to-video-api,fr,tool,ai-text-to-video-api,API Texte vers Vidéo IA | Lovart
https:/www.lovart.ai/ja/tools/ai-text-to-video-api,ja,tool,ai-text-to-video-api,テキスト→動画API|Lovart
https:/www.lovart.ai/zh/tools/ai-text-to-video-api,zh,tool,ai-text-to-video-api,AI 文字转视频 API|Lovart
https:/www.lovart.ai/zh-TW/tools/ai-text-to-video-api,zh-TW,tool,ai-text-to-video-api,AI 文字轉影片 API|Lovart
https:/www.lovart.ai/tools/ai-thank-you-card,en,tool,ai-thank-you-card,thank you 卡片 | Lovart
https:/www.lovart.ai/tools/ai-thumbnail-creator,en,tool,ai-thumbnail-creator,thumbnail 创建器 | Lovart
https:/www.lovart.ai/tools/ai-thumbnail-generator,en,tool,ai-thumbnail-generator,"AI Thumbnail Generator — YouTube, TikTok, and Podcast Covers|Lovart"
https:/www.lovart.ai/tools/ai-thumbnail-maker,en,tool,ai-thumbnail-maker,thumbnail 制作 | Lovart
https:/www.lovart.ai/tools/ai-tiktok-branding,en,tool,ai-tiktok-branding,tiktok branding | Lovart
https:/www.lovart.ai/de/tools/ai-tiktok-content-creator,de,tool,ai-tiktok-content-creator,KI-TikTok-Content-Creator|Lovart
https:/www.lovart.ai/fr/tools/ai-tiktok-content-creator,fr,tool,ai-tiktok-content-creator,Créateur de Contenu TikTok IA | Lovart
https:/www.lovart.ai/zh/tools/ai-tiktok-content-creator,zh,tool,ai-tiktok-content-creator,AI TikTok 内容创作器 | Lovart
https:/www.lovart.ai/zh-TW/tools/ai-tiktok-content-creator,zh-TW,tool,ai-tiktok-content-creator,AI TikTok 內容創作器|Lovart
https:/www.lovart.ai/tools/ai-tiktok-content-generator,en,tool,ai-tiktok-content-generator,AI TikTok Content Generator — Viral Videos in 60 Seconds|Lovart
https:/www.lovart.ai/tools/ai-tiktok-template,en,tool,ai-tiktok-template,tiktok template | Lovart
https:/www.lovart.ai/tools/ai-toolkit-design,en,tool,ai-toolkit-design,工具集 设计 | Lovart
https:/www.lovart.ai/tools/ai-training-manual,en,tool,ai-training-manual,training manual | Lovart
https:/www.lovart.ai/tools/ai-twitch-banner,en,tool,ai-twitch-banner,twitch 横幅 | Lovart
https:/www.lovart.ai/tools/ai-twitch-overlay,en,tool,ai-twitch-overlay,twitch overlay | Lovart
https:/www.lovart.ai/tools/ai-typography-generator,en,tool,ai-typography-generator,AI Typography Generator — Custom Typography in 30 Seconds|Lovart
https:/www.lovart.ai/tools/ai-ugc-generator,en,tool,ai-ugc-generator,ugc 生成器 | Lovart
https:/www.lovart.ai/tools/ai-vector-art-generator,en,tool,ai-vector-art-generator,AI Vector Art Generator — Text to SVG in 30 Seconds|Lovart
https:/www.lovart.ai/tools/ai-vector-free,en,tool,ai-vector-free,vector | Lovart
https:/www.lovart.ai/tools/ai-vector-graphics,en,tool,ai-vector-graphics,vector graphics | Lovart
https:/www.lovart.ai/tools/ai-video-collage-maker,en,tool,ai-video-collage-maker,AI Video Collage Maker — Multi-Clip Video in 60 Seconds|Lovart
https:/www.lovart.ai/tools/ai-video-compressor,en,tool,ai-video-compressor,视频 compressor | Lovart
https:/www.lovart.ai/tools/ai-video-editing,en,tool,ai-video-editing,视频 editing | Lovart
https:/www.lovart.ai/de/tools/ai-video-editor-api,de,tool,ai-video-editor-api,KI-Video-Editor-API|Lovart
https:/www.lovart.ai/fr/tools/ai-video-editor-api,fr,tool,ai-video-editor-api,API d'Édition Vidéo IA | Lovart
https:/www.lovart.ai/ja/tools/ai-video-editor-api,ja,tool,ai-video-editor-api,AI動画編集API|Lovart
https:/www.lovart.ai/zh/tools/ai-video-editor-api,zh,tool,ai-video-editor-api,AI 视频编辑 API|Lovart
https:/www.lovart.ai/zh-TW/tools/ai-video-editor-api,zh-TW,tool,ai-video-editor-api,AI 影片編輯 API|Lovart
https:/www.lovart.ai/tools/ai-video-editor,en,tool,ai-video-editor,视频 编辑器 | Lovart
https:/www.lovart.ai/tools/ai-video-effects,en,tool,ai-video-effects,视频 effects | Lovart
https:/www.lovart.ai/de/tools/ai-video-generator-free,de,tool,ai-video-generator-free,Ai Video Generator Free | Lovart
https:/www.lovart.ai/tools/ai-video-generator-free,en,tool,ai-video-generator-free,视频 生成器 | Lovart
https:/www.lovart.ai/fr/tools/ai-video-generator-free,fr,tool,ai-video-generator-free,Ai Video Generator Free | Lovart
https:/www.lovart.ai/it/tools/ai-video-generator-free,it,tool,ai-video-generator-free,Ai Video Generator Free | Lovart
https:/www.lovart.ai/ja/tools/ai-video-generator-free,ja,tool,ai-video-generator-free,Ai Video Generator Free | Lovart
https:/www.lovart.ai/ru/tools/ai-video-generator-free,ru,tool,ai-video-generator-free,Ai Video Generator Free | Lovart
https:/www.lovart.ai/zh/tools/ai-video-generator-free,zh,tool,ai-video-generator-free,视频 生成器 | Lovart
https:/www.lovart.ai/tools/ai-video-maker,en,tool,ai-video-maker,AI Video Maker — Text and Photo to Video in 60 Seconds|Lovart
https:/www.lovart.ai/de/tools/ai-video-to-gif,de,tool,ai-video-to-gif,KI-Video-zu-GIF|Lovart
https:/www.lovart.ai/fr/tools/ai-video-to-gif,fr,tool,ai-video-to-gif,Convertisseur Vidéo en GIF IA | Lovart
https:/www.lovart.ai/ja/tools/ai-video-to-gif,ja,tool,ai-video-to-gif,AI動画→GIF変換|Lovart
https:/www.lovart.ai/zh/tools/ai-video-to-gif,zh,tool,ai-video-to-gif,AI 视频转 GIF|Lovart
https:/www.lovart.ai/zh-TW/tools/ai-video-to-gif,zh-TW,tool,ai-video-to-gif,動画→GIF変換|Lovart
https:/www.lovart.ai/tools/ai-video-translation,en,tool,ai-video-translation,视频 translation | Lovart
https:/www.lovart.ai/tools/ai-video-upscaling,en,tool,ai-video-upscaling,视频 upscaling | Lovart
https:/www.lovart.ai/tools/ai-virtual-staging,en,tool,ai-virtual-staging,virtual staging | Lovart
https:/www.lovart.ai/tools/ai-vision-board,en,tool,ai-vision-board,vision board | Lovart
https:/www.lovart.ai/tools/ai-visual-content,en,tool,ai-visual-content,visual content | Lovart
https:/www.lovart.ai/tools/ai-visual-design,en,tool,ai-visual-design,visual 设计 | Lovart
https:/www.lovart.ai/tools/ai-visual-maker,en,tool,ai-visual-maker,visual 制作 | Lovart
https:/www.lovart.ai/tools/ai-voice-cloning,en,tool,ai-voice-cloning,"AI Voice Cloning — Your Voice, Anywhere|Lovart"
https:/www.lovart.ai/tools/ai-voiceover,en,tool,ai-voiceover,voiceover | Lovart
https:/www.lovart.ai/de/tools/ai-vs-chatgpt-design,de,tool,ai-vs-chatgpt-design,Ai Vs Chatgpt Design | Lovart
https:/www.lovart.ai/tools/ai-vs-chatgpt-design,en,tool,ai-vs-chatgpt-design,vs chatgpt 设计 | Lovart
https:/www.lovart.ai/fr/tools/ai-vs-chatgpt-design,fr,tool,ai-vs-chatgpt-design,Ai Vs Chatgpt Design | Lovart
https:/www.lovart.ai/pt/tools/ai-vs-chatgpt-design,pt,tool,ai-vs-chatgpt-design,Ai Vs Chatgpt Design | Lovart
https:/www.lovart.ai/zh/tools/ai-vs-chatgpt-design,zh,tool,ai-vs-chatgpt-design,vs chatgpt 设计 | Lovart
https:/www.lovart.ai/zh-TW/tools/ai-vs-chatgpt-design,zh-TW,tool,ai-vs-chatgpt-design,Ai Vs Chatgpt Design | Lovart
https:/www.lovart.ai/tools/ai-vs-lovable-design,en,tool,ai-vs-lovable-design,vs lovable 设计 | Lovart
https:/www.lovart.ai/tools/ai-wallpaper-generator,en,tool,ai-wallpaper-generator,AI Wallpaper Generator — Custom Wallpapers in 30 Seconds|Lovart
https:/www.lovart.ai/tools/ai-watermark-remover,en,tool,ai-watermark-remover,watermark 移除 | Lovart
https:/www.lovart.ai/tools/ai-web-banner,en,tool,ai-web-banner,web 横幅 | Lovart
https:/www.lovart.ai/tools/ai-website-screenshot-generator,en,tool,ai-website-screenshot-generator,AI Website Screenshot Generator — Mockup Screenshots in 30 Seconds|Lovart
https:/www.lovart.ai/de/tools/ai-wedding-invitation,de,tool,ai-wedding-invitation,Ai Wedding Invitation | Lovart
https:/www.lovart.ai/tools/ai-wedding-invitation,en,tool,ai-wedding-invitation,wedding invitation | Lovart
https:/www.lovart.ai/fr/tools/ai-wedding-invitation,fr,tool,ai-wedding-invitation,Ai Wedding Invitation | Lovart
https:/www.lovart.ai/ko/tools/ai-wedding-invitation,ko,tool,ai-wedding-invitation,Ai Wedding Invitation | Lovart
https:/www.lovart.ai/pt/tools/ai-wedding-invitation,pt,tool,ai-wedding-invitation,Ai Wedding Invitation | Lovart
https:/www.lovart.ai/ru/tools/ai-wedding-invitation,ru,tool,ai-wedding-invitation,Ai Wedding Invitation | Lovart
https:/www.lovart.ai/zh-TW/tools/ai-wedding-invitation,zh-TW,tool,ai-wedding-invitation,Ai Wedding Invitation | Lovart
https:/www.lovart.ai/tools/ai-whatsapp-sticker,en,tool,ai-whatsapp-sticker,whatsapp sticker | Lovart
https:/www.lovart.ai/tools/ai-whitepaper,en,tool,ai-whitepaper,whitepaper | Lovart
https:/www.lovart.ai/tools/ai-wireframe,en,tool,ai-wireframe,wireframe | Lovart
https:/www.lovart.ai/tools/ai-workflow-automation,en,tool,ai-workflow-automation,workflow automation | Lovart
https:/www.lovart.ai/tools/ai-workflow-automation-enterprise,en,tool,ai-workflow-automation-enterprise,AI Workflow Automation for Enterprise — Scale Creative Production|Lovart
https:/www.lovart.ai/tools/ai-worksheet-maker,en,tool,ai-worksheet-maker,worksheet 制作 | Lovart
https:/www.lovart.ai/tools/ai-youtube-branding,en,tool,ai-youtube-branding,youtube branding | Lovart
https:/www.lovart.ai/tools/ai-youtube-end-screen,en,tool,ai-youtube-end-screen,youtube end screen | Lovart
https:/www.lovart.ai/tools/ai-youtube-intro,en,tool,ai-youtube-intro,youtube intro | Lovart
https:/www.lovart.ai/tools/ai-youtube-thumbnail,en,tool,ai-youtube-thumbnail,youtube thumbnail | Lovart
https:/www.lovart.ai/de/tools/ai-youtube-thumbnail-maker,de,tool,ai-youtube-thumbnail-maker,KI-YouTube-Thumbnail-Maker|Lovart
https:/www.lovart.ai/tools/ai-youtube-thumbnail-maker,en,tool,ai-youtube-thumbnail-maker,AI YouTube Thumbnail Maker — High-CTR Thumbnails in 30 Seconds|Lovart
https:/www.lovart.ai/fr/tools/ai-youtube-thumbnail-maker,fr,tool,ai-youtube-thumbnail-maker,Générateur de Miniature YouTube | Lovart
https:/www.lovart.ai/ja/tools/ai-youtube-thumbnail-maker,ja,tool,ai-youtube-thumbnail-maker,AI YouTubeサムネイルメーカー|Lovart
https:/www.lovart.ai/zh/tools/ai-youtube-thumbnail-maker,zh,tool,ai-youtube-thumbnail-maker,AI YouTube 缩略图生成器 | Lovart
https:/www.lovart.ai/zh-TW/tools/ai-youtube-thumbnail-maker,zh-TW,tool,ai-youtube-thumbnail-maker,AI YouTube 縮圖生成器|Lovart
https:/www.lovart.ai/de/tools/ai-youtube-thumbnails,de,tool,ai-youtube-thumbnails,Ai Youtube Thumbnails | Lovart
https:/www.lovart.ai/tools/ai-youtube-thumbnails,en,tool,ai-youtube-thumbnails,youtube thumbnails | Lovart
https:/www.lovart.ai/fr/tools/ai-youtube-thumbnails,fr,tool,ai-youtube-thumbnails,Ai Youtube Thumbnails | Lovart
https:/www.lovart.ai/it/tools/ai-youtube-thumbnails,it,tool,ai-youtube-thumbnails,Ai Youtube Thumbnails | Lovart
https:/www.lovart.ai/ko/tools/ai-youtube-thumbnails,ko,tool,ai-youtube-thumbnails,Ai Youtube Thumbnails | Lovart
https:/www.lovart.ai/pt/tools/ai-youtube-thumbnails,pt,tool,ai-youtube-thumbnails,Ai Youtube Thumbnails | Lovart
https:/www.lovart.ai/ru/tools/ai-youtube-thumbnails,ru,tool,ai-youtube-thumbnails,Ai Youtube Thumbnails | Lovart
https:/www.lovart.ai/tools/all-in-one-design-platform,en,tool,all-in-one-design-platform,all one 设计 平台 | Lovart
https:/www.lovart.ai/de/tools/alternative-to-figma,de,tool,alternative-to-figma,Alternative To Figma | Lovart
https:/www.lovart.ai/tools/alternative-to-figma,en,tool,alternative-to-figma,alternative figma | Lovart
https:/www.lovart.ai/it/tools/alternative-to-figma,it,tool,alternative-to-figma,Alternative To Figma | Lovart
https:/www.lovart.ai/ja/tools/alternative-to-figma,ja,tool,alternative-to-figma,Figmaの代替AIツール | テキストでUIデザインを生成 | Lovart
https:/www.lovart.ai/ru/tools/alternative-to-figma,ru,tool,alternative-to-figma,Alternative To Figma | Lovart
https:/www.lovart.ai/zh/tools/alternative-to-figma,zh,tool,alternative-to-figma,alternative figma | Lovart
https:/www.lovart.ai/zh-TW/tools/alternative-to-figma,zh-TW,tool,alternative-to-figma,Alternative To Figma | Lovart
https:/www.lovart.ai/tools/android-ai-design,en,tool,android-ai-design,android 设计 | Lovart
https:/www.lovart.ai/tools/autonomous-design-agent,en,tool,autonomous-design-agent,autonomous 设计 代理 | Lovart
https:/www.lovart.ai/zh/tools/best-ai-video-generator-2026,zh,tool,best-ai-video-generator-2026,最佳 AI 视频生成器 2026|Lovart
https:/www.lovart.ai/zh-TW/tools/best-ai-video-generator-2026,zh-TW,tool,best-ai-video-generator-2026,最佳 AI 影片生成器 2026|Lovart
https:/www.lovart.ai/zh/tools/better-than-ai-design,zh,tool,better-than-ai-design,better than 设计 | Lovart
https:/www.lovart.ai/tools/brand-consistency-tool,en,tool,brand-consistency-tool,品牌 consistency tool | Lovart
https:/www.lovart.ai/tools/browser-design-extension,en,tool,browser-design-extension,browser 设计 extension | Lovart
https:/www.lovart.ai/tools/commercial-license-design,en,tool,commercial-license-design,commercial license 设计 | Lovart
https:/www.lovart.ai/tools/commercial-use-ai,en,tool,commercial-use-ai,commercial use | Lovart
https:/www.lovart.ai/tools/concept-art-generator,en,tool,concept-art-generator,concept art 生成器 | Lovart
https:/www.lovart.ai/tools/copyright-clear-ai,en,tool,copyright-clear-ai,copyright clear | Lovart
https:/www.lovart.ai/tools/design-approvals,en,tool,design-approvals,设计 approvals | Lovart
https:/www.lovart.ai/tools/desktop-ai-design,en,tool,desktop-ai-design,desktop 设计 | Lovart
https:/www.lovart.ai/tools/desktop-design-app,en,tool,desktop-design-app,desktop 设计 应用 | Lovart
https:/www.lovart.ai/tools/drag-and-drop-ai-editor,en,tool,drag-and-drop-ai-editor,drag and drop 编辑器 | Lovart
https:/www.lovart.ai/tools/easy-ai-design,en,tool,easy-ai-design,easy 设计 | Lovart
https:/www.lovart.ai/tools/education-ai-design,en,tool,education-ai-design,education 设计 | Lovart
https:/www.lovart.ai/tools/effortless-ai-design,en,tool,effortless-ai-design,effortless 设计 | Lovart
https:/www.lovart.ai/tools/fast-ai-generation,en,tool,fast-ai-generation,fast generation | Lovart
https:/www.lovart.ai/tools/fine-tuned-ai-model,en,tool,fine-tuned-ai-model,fine tuned model | Lovart
https:/www.lovart.ai/tools/flux-ai-image-generator,en,tool,flux-ai-image-generator,flux 图像 生成器 | Lovart
https:/www.lovart.ai/tools/free-ai-design-tool,en,tool,free-ai-design-tool,设计 tool | Lovart
https:/www.lovart.ai/tools/free-ai-illustration-generator,en,tool,free-ai-illustration-generator,illustration 生成器 | Lovart
https:/www.lovart.ai/tools/gdpr-compliant-ai,en,tool,gdpr-compliant-ai,gdpr compliant | Lovart
https:/www.lovart.ai/tools/high-quality-ai-design,en,tool,high-quality-ai-design,high quality 设计 | Lovart
https:/www.lovart.ai/tools/image-to-image-ai,en,tool,image-to-image-ai,图像 图像 | Lovart
https:/www.lovart.ai/tools/image-to-video-ai,en,tool,image-to-video-ai,图像 视频 | Lovart
https:/www.lovart.ai/it/tools/image-to-video-ai,it,tool,image-to-video-ai,Image To Video Ai | Lovart
https:/www.lovart.ai/pt/tools/image-to-video-ai,pt,tool,image-to-video-ai,Image To Video Ai | Lovart
https:/www.lovart.ai/ru/tools/image-to-video-ai,ru,tool,image-to-video-ai,Image To Video Ai | Lovart
https:/www.lovart.ai/tools/instant-ai-design,en,tool,instant-ai-design,instant 设计 | Lovart
https:/www.lovart.ai/tools/kling-ai,en,tool,kling-ai,kling | Lovart
https:/www.lovart.ai/zh/tools/mobile-ai-design,zh,tool,mobile-ai-design,mobile 设计 | Lovart
https:/www.lovart.ai/de/tools/mobile-design-app,de,tool,mobile-design-app,Mobile Design App | Lovart
https:/www.lovart.ai/tools/mobile-design-app,en,tool,mobile-design-app,mobile 设计 应用 | Lovart
https:/www.lovart.ai/fr/tools/mobile-design-app,fr,tool,mobile-design-app,Mobile Design App | Lovart
https:/www.lovart.ai/ko/tools/mobile-design-app,ko,tool,mobile-design-app,Mobile Design App | Lovart
https:/www.lovart.ai/pt/tools/mobile-design-app,pt,tool,mobile-design-app,Mobile Design App | Lovart
https:/www.lovart.ai/ru/tools/mobile-design-app,ru,tool,mobile-design-app,Mobile Design App | Lovart
https:/www.lovart.ai/zh/tools/mobile-design-app,zh,tool,mobile-design-app,mobile 设计 应用 | Lovart
https:/www.lovart.ai/zh/tools/multi-agent-design,zh,tool,multi-agent-design,multi 代理 设计 | Lovart
https:/www.lovart.ai/de/tools/multi-format-export,de,tool,multi-format-export,Multi Format Export | Lovart
https:/www.lovart.ai/tools/multi-format-export,en,tool,multi-format-export,multi format export | Lovart
https:/www.lovart.ai/fr/tools/multi-format-export,fr,tool,multi-format-export,Multi Format Export | Lovart
https:/www.lovart.ai/it/tools/multi-format-export,it,tool,multi-format-export,Multi Format Export | Lovart
https:/www.lovart.ai/ja/tools/multi-format-export,ja,tool,multi-format-export,マルチフォーマット出力 | JPEG/PNG/PDF/SVGに変換 | Lovart
https:/www.lovart.ai/pt/tools/multi-format-export,pt,tool,multi-format-export,Multi Format Export | Lovart
https:/www.lovart.ai/zh/tools/multi-format-export,zh,tool,multi-format-export,multi format export | Lovart
https:/www.lovart.ai/de/tools/multi-model-ai,de,tool,multi-model-ai,Multi Model Ai | Lovart
https:/www.lovart.ai/tools/multi-model-ai,en,tool,multi-model-ai,multi model | Lovart
https:/www.lovart.ai/fr/tools/multi-model-ai,fr,tool,multi-model-ai,Multi Model Ai | Lovart
https:/www.lovart.ai/ja/tools/multi-model-ai,ja,tool,multi-model-ai,マルチモデルAI | 複数AIモデルを統合利用 | Lovart
https:/www.lovart.ai/pt/tools/multi-model-ai,pt,tool,multi-model-ai,Multi Model Ai | Lovart
https:/www.lovart.ai/ru/tools/multi-model-ai,ru,tool,multi-model-ai,Multi Model Ai | Lovart
https:/www.lovart.ai/zh/tools/multi-model-ai,zh,tool,multi-model-ai,multi model | Lovart
https:/www.lovart.ai/zh-TW/tools/multi-model-ai,zh-TW,tool,multi-model-ai,Multi Model Ai | Lovart
https:/www.lovart.ai/tools/no-code-ai-design,en,tool,no-code-ai-design,no code 设计 | Lovart
https:/www.lovart.ai/fr/tools/no-code-ai-design,fr,tool,no-code-ai-design,No Code Ai Design | Lovart
https:/www.lovart.ai/it/tools/no-code-ai-design,it,tool,no-code-ai-design,No Code Ai Design | Lovart
https:/www.lovart.ai/ja/tools/no-code-ai-design,ja,tool,no-code-ai-design,ノーコードAIデザイン | コード不要でUI/ビジュアル生成 | Lovart
https:/www.lovart.ai/ru/tools/no-code-ai-design,ru,tool,no-code-ai-design,No Code Ai Design | Lovart
https:/www.lovart.ai/zh/tools/no-code-ai-design,zh,tool,no-code-ai-design,no code 设计 | Lovart
https:/www.lovart.ai/zh-TW/tools/no-code-ai-design,zh-TW,tool,no-code-ai-design,No Code Ai Design | Lovart
https:/www.lovart.ai/zh/tools/no-experience-needed,zh,tool,no-experience-needed,no experience needed | Lovart
https:/www.lovart.ai/de/tools/node-based-ai-design,de,tool,node-based-ai-design,Node Based Ai Design | Lovart
https:/www.lovart.ai/tools/node-based-ai-design,en,tool,node-based-ai-design,node based 设计 | Lovart
https:/www.lovart.ai/fr/tools/node-based-ai-design,fr,tool,node-based-ai-design,Node Based Ai Design | Lovart
https:/www.lovart.ai/it/tools/node-based-ai-design,it,tool,node-based-ai-design,Node Based Ai Design | Lovart
https:/www.lovart.ai/ja/tools/node-based-ai-design,ja,tool,node-based-ai-design,ノードベースAIデザイン | ビジュアルフローで制作 | Lovart
https:/www.lovart.ai/ko/tools/node-based-ai-design,ko,tool,node-based-ai-design,Node Based Ai Design | Lovart
https:/www.lovart.ai/pt/tools/node-based-ai-design,pt,tool,node-based-ai-design,Node Based Ai Design | Lovart
https:/www.lovart.ai/ru/tools/node-based-ai-design,ru,tool,node-based-ai-design,Node Based Ai Design | Lovart
https:/www.lovart.ai/zh/tools/node-based-ai-design,zh,tool,node-based-ai-design,node based 设计 | Lovart
https:/www.lovart.ai/de/tools/on-brand-ai,de,tool,on-brand-ai,On Brand Ai | Lovart
https:/www.lovart.ai/tools/on-brand-ai,en,tool,on-brand-ai,品牌 | Lovart
https:/www.lovart.ai/fr/tools/on-brand-ai,fr,tool,on-brand-ai,On Brand Ai | Lovart
https:/www.lovart.ai/it/tools/on-brand-ai,it,tool,on-brand-ai,On Brand Ai | Lovart
https:/www.lovart.ai/ru/tools/on-brand-ai,ru,tool,on-brand-ai,On Brand Ai | Lovart
https:/www.lovart.ai/zh-TW/tools/on-brand-ai,zh-TW,tool,on-brand-ai,On Brand Ai | Lovart
https:/www.lovart.ai/de/tools/one-click-ai-design,de,tool,one-click-ai-design,One Click Ai Design | Lovart
https:/www.lovart.ai/tools/one-click-ai-design,en,tool,one-click-ai-design,one click 设计 | Lovart
https:/www.lovart.ai/fr/tools/one-click-ai-design,fr,tool,one-click-ai-design,One Click Ai Design | Lovart
https:/www.lovart.ai/it/tools/one-click-ai-design,it,tool,one-click-ai-design,One Click Ai Design | Lovart
https:/www.lovart.ai/pt/tools/one-click-ai-design,pt,tool,one-click-ai-design,One Click Ai Design | Lovart
https:/www.lovart.ai/ru/tools/one-click-ai-design,ru,tool,one-click-ai-design,One Click Ai Design | Lovart
https:/www.lovart.ai/zh/tools/one-click-ai-design,zh,tool,one-click-ai-design,one click 设计 | Lovart
https:/www.lovart.ai/zh-TW/tools/one-click-ai-design,zh-TW,tool,one-click-ai-design,One Click Ai Design | Lovart
https:/www.lovart.ai/zh/tools/online-ai-design,zh,tool,online-ai-design,online 设计 | Lovart
https:/www.lovart.ai/ja/tools/online-design-platform,ja,tool,online-design-platform,オンラインデザインツール | ブラウザでプロ品質の制作 | Lovart
https:/www.lovart.ai/zh/tools/online-design-platform,zh,tool,online-design-platform,online 设计 平台 | Lovart
https:/www.lovart.ai/tools/photo-to-cartoon-ai,en,tool,photo-to-cartoon-ai,photo cartoon | Lovart
https:/www.lovart.ai/de/tools/photoreal-ai,de,tool,photoreal-ai,Photoreal Ai | Lovart
https:/www.lovart.ai/tools/photoreal-ai,en,tool,photoreal-ai,photoreal | Lovart
https:/www.lovart.ai/it/tools/photoreal-ai,it,tool,photoreal-ai,Photoreal Ai | Lovart
https:/www.lovart.ai/ja/tools/photoreal-ai,ja,tool,photoreal-ai,AIフォトリアル生成 | テキストからリアル画像を Lovart
https:/www.lovart.ai/ko/tools/photoreal-ai,ko,tool,photoreal-ai,Photoreal Ai | Lovart
https:/www.lovart.ai/pt/tools/photoreal-ai,pt,tool,photoreal-ai,Photoreal Ai | Lovart
https:/www.lovart.ai/ru/tools/photoreal-ai,ru,tool,photoreal-ai,Photoreal Ai | Lovart
https:/www.lovart.ai/ja/tools/photorealism-ai,ja,tool,photorealism-ai,AIフォトリアリズム | 写真品質の画像をテキストから | Lovart
https:/www.lovart.ai/zh/tools/photorealism-ai,zh,tool,photorealism-ai,photorealism | Lovart
https:/www.lovart.ai/de/tools/privacy-first-design,de,tool,privacy-first-design,Privacy First Design | Lovart
https:/www.lovart.ai/tools/privacy-first-design,en,tool,privacy-first-design,privacy first 设计 | Lovart
https:/www.lovart.ai/it/tools/privacy-first-design,it,tool,privacy-first-design,Privacy First Design | Lovart
https:/www.lovart.ai/ja/tools/privacy-first-design,ja,tool,privacy-first-design,プライバシー重視AIデザイン | データを守るAIツール | Lovart
https:/www.lovart.ai/ru/tools/privacy-first-design,ru,tool,privacy-first-design,Privacy First Design | Lovart
https:/www.lovart.ai/zh/tools/privacy-first-design,zh,tool,privacy-first-design,privacy first 设计 | Lovart
https:/www.lovart.ai/ja/tools/professional-ai-design,ja,tool,professional-ai-design,プロ向けAIデザイン | エージェンシー品質の制作物 | Lovart
https:/www.lovart.ai/zh/tools/professional-ai-design,zh,tool,professional-ai-design,professional 设计 | Lovart
https:/www.lovart.ai/ja/tools/professional-results-ai,ja,tool,professional-results-ai,AIプロ品質出力 | デザイナー級の仕上がりを | Lovart
https:/www.lovart.ai/zh/tools/professional-results-ai,zh,tool,professional-results-ai,professional results | Lovart
https:/www.lovart.ai/de/tools/ready-to-publish-design,de,tool,ready-to-publish-design,Ready To Publish Design | Lovart
https:/www.lovart.ai/tools/ready-to-publish-design,en,tool,ready-to-publish-design,ready publish 设计 | Lovart
https:/www.lovart.ai/fr/tools/ready-to-publish-design,fr,tool,ready-to-publish-design,Ready To Publish Design | Lovart
https:/www.lovart.ai/ja/tools/ready-to-publish-design,ja,tool,ready-to-publish-design,公開準備完了AI | すぐに公開できるデザインを生成 | Lovart
https:/www.lovart.ai/ko/tools/ready-to-publish-design,ko,tool,ready-to-publish-design,Ready To Publish Design | Lovart
https:/www.lovart.ai/de/tools/real-time-ai-generation,de,tool,real-time-ai-generation,Real Time Ai Generation | Lovart
https:/www.lovart.ai/tools/real-time-ai-generation,en,tool,real-time-ai-generation,real time generation | Lovart
https:/www.lovart.ai/it/tools/real-time-ai-generation,it,tool,real-time-ai-generation,Real Time Ai Generation | Lovart
https:/www.lovart.ai/pt/tools/real-time-ai-generation,pt,tool,real-time-ai-generation,Real Time Ai Generation | Lovart
https:/www.lovart.ai/zh/tools/real-time-ai-generation,zh,tool,real-time-ai-generation,real time generation | Lovart
https:/www.lovart.ai/tools/real-time-editing-ai,en,tool,real-time-editing-ai,real time editing | Lovart
https:/www.lovart.ai/it/tools/real-time-editing-ai,it,tool,real-time-editing-ai,Real Time Editing Ai | Lovart
https:/www.lovart.ai/ko/tools/real-time-editing-ai,ko,tool,real-time-editing-ai,Real Time Editing Ai | Lovart
https:/www.lovart.ai/pt/tools/real-time-editing-ai,pt,tool,real-time-editing-ai,Real Time Editing Ai | Lovart
https:/www.lovart.ai/ru/tools/real-time-editing-ai,ru,tool,real-time-editing-ai,Real Time Editing Ai | Lovart
https:/www.lovart.ai/zh/tools/real-time-editing-ai,zh,tool,real-time-editing-ai,real time editing | Lovart
https:/www.lovart.ai/de/tools/research-design-tool,de,tool,research-design-tool,Research Design Tool | Lovart
https:/www.lovart.ai/tools/research-design-tool,en,tool,research-design-tool,research 设计 tool | Lovart
https:/www.lovart.ai/fr/tools/research-design-tool,fr,tool,research-design-tool,Research Design Tool | Lovart
https:/www.lovart.ai/it/tools/research-design-tool,it,tool,research-design-tool,Research Design Tool | Lovart
https:/www.lovart.ai/ja/tools/research-design-tool,ja,tool,research-design-tool,AIデザインリサーチ | 市場調査に基づくデザイン提案 | Lovart
https:/www.lovart.ai/pt/tools/research-design-tool,pt,tool,research-design-tool,Research Design Tool | Lovart
https:/www.lovart.ai/ru/tools/research-design-tool,ru,tool,research-design-tool,Research Design Tool | Lovart
https:/www.lovart.ai/zh-TW/tools/research-design-tool,zh-TW,tool,research-design-tool,Research Design Tool | Lovart
https:/www.lovart.ai/de/tools/rpg-character-designer,de,tool,rpg-character-designer,Rpg Character Designer | Lovart
https:/www.lovart.ai/tools/rpg-character-designer,en,tool,rpg-character-designer,rpg character designer | Lovart
https:/www.lovart.ai/fr/tools/rpg-character-designer,fr,tool,rpg-character-designer,Rpg Character Designer | Lovart
https:/www.lovart.ai/it/tools/rpg-character-designer,it,tool,rpg-character-designer,Rpg Character Designer | Lovart
https:/www.lovart.ai/pt/tools/rpg-character-designer,pt,tool,rpg-character-designer,Rpg Character Designer | Lovart
https:/www.lovart.ai/zh/tools/rpg-character-designer,zh,tool,rpg-character-designer,rpg character designer | Lovart
https:/www.lovart.ai/zh/tools/save-time-design,zh,tool,save-time-design,save time 设计 | Lovart
https:/www.lovart.ai/tools/seedream-5-ai-image-generator,en,tool,seedream-5-ai-image-generator,seedream 5 图像 生成器 | Lovart
https:/www.lovart.ai/tools/simple-ai-design,en,tool,simple-ai-design,simple 设计 | Lovart
https:/www.lovart.ai/ja/tools/simple-ai-design,ja,tool,simple-ai-design,シンプルAIデザイン | 誰でも使える簡単デザインツール | Lovart
https:/www.lovart.ai/ru/tools/simple-ai-design,ru,tool,simple-ai-design,Simple Ai Design | Lovart
https:/www.lovart.ai/zh/tools/simple-ai-design,zh,tool,simple-ai-design,simple 设计 | Lovart
https:/www.lovart.ai/ja/tools/smb-ai-design,ja,tool,smb-ai-design,中小企業向けAIデザイン | テキストで制作物を作成 | Lovart
https:/www.lovart.ai/de/tools/sora2,de,tool,sora2,Sora2 | Lovart
https:/www.lovart.ai/fr/tools/sora2,fr,tool,sora2,Sora2 | Lovart
https:/www.lovart.ai/ja/tools/stunning-ai-designs,ja,tool,stunning-ai-designs,AIで美しいデザイン | テキストから魅力的なビジュアル | Lovart
https:/www.lovart.ai/de/tools/swap-to-video,de,tool,swap-to-video,Swap To Video | Lovart
https:/www.lovart.ai/fr/tools/swap-to-video,fr,tool,swap-to-video,Swap To Video | Lovart
https:/www.lovart.ai/de/tools/team-collaboration-design,de,tool,team-collaboration-design,Team Collaboration Design | Lovart
https:/www.lovart.ai/tools/team-collaboration-design,en,tool,team-collaboration-design,team collaboration 设计 | Lovart
https:/www.lovart.ai/ja/tools/team-collaboration-design,ja,tool,team-collaboration-design,Team Collaboration Design | Lovart
https:/www.lovart.ai/pt/tools/team-collaboration-design,pt,tool,team-collaboration-design,Team Collaboration Design | Lovart
https:/www.lovart.ai/ru/tools/team-collaboration-design,ru,tool,team-collaboration-design,Team Collaboration Design | Lovart
https:/www.lovart.ai/zh/tools/team-workspace-design,zh,tool,team-workspace-design,team workspace 设计 | Lovart
https:/www.lovart.ai/tools/text-to-image-generator,en,tool,text-to-image-generator,text 图像 生成器 | Lovart
https:/www.lovart.ai/de/tools/turn-ideas-into-designs,de,tool,turn-ideas-into-designs,Turn Ideas Into Designs | Lovart
https:/www.lovart.ai/tools/turn-ideas-into-designs,en,tool,turn-ideas-into-designs,turn ideas into designs | Lovart
https:/www.lovart.ai/fr/tools/turn-ideas-into-designs,fr,tool,turn-ideas-into-designs,Turn Ideas Into Designs | Lovart
https:/www.lovart.ai/it/tools/turn-ideas-into-designs,it,tool,turn-ideas-into-designs,Turn Ideas Into Designs | Lovart
https:/www.lovart.ai/ja/tools/turn-ideas-into-designs,ja,tool,turn-ideas-into-designs,Turn Ideas Into Designs | Lovart
https:/www.lovart.ai/ko/tools/turn-ideas-into-designs,ko,tool,turn-ideas-into-designs,Turn Ideas Into Designs | Lovart
https:/www.lovart.ai/pt/tools/turn-ideas-into-designs,pt,tool,turn-ideas-into-designs,Turn Ideas Into Designs | Lovart
https:/www.lovart.ai/ru/tools/turn-ideas-into-designs,ru,tool,turn-ideas-into-designs,Turn Ideas Into Designs | Lovart
https:/www.lovart.ai/zh-TW/tools/turn-ideas-into-designs,zh-TW,tool,turn-ideas-into-designs,Turn Ideas Into Designs | Lovart
https:/www.lovart.ai/tools/veo-3,en,tool,veo-3,veo | Lovart
https:/www.lovart.ai/de/tools/veo3.1,de,tool,veo3.1,Veo3.1 | Lovart
https:/www.lovart.ai/fr/tools/veo3.1,fr,tool,veo3.1,Veo3.1 | Lovart
https:/www.lovart.ai/zh/tools/web-app-ai-design,zh,tool,web-app-ai-design,web 应用 设计 | Lovart
https:/www.lovart.ai/de/tools/windows-ai-design,de,tool,windows-ai-design,Windows Ai Design | Lovart
https:/www.lovart.ai/tools/windows-ai-design,en,tool,windows-ai-design,windows 设计 | Lovart
https:/www.lovart.ai/fr/tools/windows-ai-design,fr,tool,windows-ai-design,Windows Ai Design | Lovart
https:/www.lovart.ai/it/tools/windows-ai-design,it,tool,windows-ai-design,Windows Ai Design | Lovart
https:/www.lovart.ai/ja/tools/windows-ai-design,ja,tool,windows-ai-design,Windows Ai Design | Lovart
https:/www.lovart.ai/pt/tools/windows-ai-design,pt,tool,windows-ai-design,Windows Ai Design | Lovart
https:/www.lovart.ai/ru/tools/windows-ai-design,ru,tool,windows-ai-design,Windows Ai Design | Lovart
https:/www.lovart.ai/ai-image-to-video-generator,en,topic,ai-image-to-video-generator,Ai Image To Video Generator | Lovart
https:/www.lovart.ai/lip-sync-landing-agent-workflow,en,topic,lip-sync-landing-agent-workflow,Lip Sync Landing Agent Workflow | Lovart
https:/www.lovart.ai/talking-avatar-landing-agent-workflow,en,topic,talking-avatar-landing-agent-workflow,Talking Avatar Landing Agent Workflow | Lovart
