tier,category,language,slug,url,title,publishedAt,age_days,action
tierA-fresh,tool,fr,ai-3d-animation,/fr/tools/ai-3d-animation,Animation 3D IA | Lovart,2026-07-13,1,"WATCH: 等 Google 索引窗口, 14 天后仍未进 GA4 → Tier B"
tierA-fresh,tool,fr,ai-3d-model-generator,/fr/tools/ai-3d-model-generator,Générateur de Modèles 3D IA | Lovart,2026-07-13,1,"WATCH: 等 Google 索引窗口, 14 天后仍未进 GA4 → Tier B"
tierA-fresh,tool,en,ai-artwork-generator,/en/tools/ai-artwork-generator,AI Artwork Generator | Create Original Fine Art with AI | Lovart,2026-07-13,1,"WATCH: 等 Google 索引窗口, 14 天后仍未进 GA4 → Tier B"
tierA-fresh,tool,fr,ai-avatar-generator,/fr/tools/ai-avatar-generator,Générateur d'Avatar IA Parlant | Lovart,2026-07-13,1,"WATCH: 等 Google 索引窗口, 14 天后仍未进 GA4 → Tier B"
tierA-fresh,tool,en,ai-baby-name-generator,/en/tools/ai-baby-name-generator,AI Baby Name Generator | Find the Perfect Name for Your Family | Lovart,2026-07-13,1,"WATCH: 等 Google 索引窗口, 14 天后仍未进 GA4 → Tier B"
tierA-fresh,tool,fr,ai-banner-maker-free,/fr/tools/ai-banner-maker-free,Générateur de Bannières Gratuit | Lovart,2026-07-13,1,"WATCH: 等 Google 索引窗口, 14 天后仍未进 GA4 → Tier B"
tierA-fresh,tool,fr,ai-best-ai-video-generator-2026,/fr/tools/ai-best-ai-video-generator-2026,Meilleur Générateur Vidéo IA 2026 | Lovart,2026-07-13,1,"WATCH: 等 Google 索引窗口, 14 天后仍未进 GA4 → Tier B"
tierA-fresh,tool,de,ai-caricature-maker,/de/tools/ai-caricature-maker,AI-Karikatur-Generator | Lovart,2026-07-13,1,"WATCH: 等 Google 索引窗口, 14 天后仍未进 GA4 → Tier B"
tierA-fresh,tool,fr,ai-caricature-maker,/fr/tools/ai-caricature-maker,Générateur de Caricature IA | Lovart,2026-07-13,1,"WATCH: 等 Google 索引窗口, 14 天后仍未进 GA4 → Tier B"
tierA-fresh,tool,fr,ai-carousel-ad-maker,/fr/tools/ai-carousel-ad-maker,Générateur de Carrousel Publicitaire IA | Lovart,2026-07-13,1,"WATCH: 等 Google 索引窗口, 14 天后仍未进 GA4 → Tier B"
tierA-fresh,tool,fr,ai-content-format-converter,/fr/tools/ai-content-format-converter,Convertisseur de Formats IA | Lovart,2026-07-13,1,"WATCH: 等 Google 索引窗口, 14 天后仍未进 GA4 → Tier B"
tierA-fresh,tool,fr,ai-creative-suite-enterprise,/fr/tools/ai-creative-suite-enterprise,Suite Créative IA Entreprise | Lovart,2026-07-13,1,"WATCH: 等 Google 索引窗口, 14 天后仍未进 GA4 → Tier B"
tierA-fresh,tool,fr,ai-design-api,/fr/tools/ai-design-api,API de Design IA | Lovart,2026-07-13,1,"WATCH: 等 Google 索引窗口, 14 天后仍未进 GA4 → Tier B"
tierA-fresh,tool,fr,ai-emoji-generator,/fr/tools/ai-emoji-generator,Générateur d'Émojis Personnalisés | Lovart,2026-07-13,1,"WATCH: 等 Google 索引窗口, 14 天后仍未进 GA4 → Tier B"
tierA-fresh,tool,fr,ai-face-swap-free,/fr/tools/ai-face-swap-free,Échange de Visage Gratuit IA | Lovart,2026-07-13,1,"WATCH: 等 Google 索引窗口, 14 天后仍未进 GA4 → Tier B"
tierA-fresh,tool,fr,ai-hairstyle-changer,/fr/tools/ai-hairstyle-changer,Essayage Coiffure Virtuel IA | Lovart,2026-07-13,1,"WATCH: 等 Google 索引窗口, 14 天后仍未进 GA4 → Tier B"
tierA-fresh,tool,fr,ai-image-generator-for-social-media,/fr/tools/ai-image-generator-for-social-media,Générateur d'Images IA pour Réseaux Sociaux | Lovart,2026-07-13,1,"WATCH: 等 Google 索引窗口, 14 天后仍未进 GA4 → Tier B"
tierA-fresh,tool,fr,ai-image-to-sketch,/fr/tools/ai-image-to-sketch,Convertisseur Photo en Croquis IA | Lovart,2026-07-13,1,"WATCH: 等 Google 索引窗口, 14 天后仍未进 GA4 → Tier B"
tierA-fresh,tool,fr,ai-logo-maker-no-watermark,/fr/tools/ai-logo-maker-no-watermark,Générateur de Logo Sans Filigrane | Lovart,2026-07-13,1,"WATCH: 等 Google 索引窗口, 14 天后仍未进 GA4 → Tier B"
tierA-fresh,tool,fr,ai-model-generator,/fr/tools/ai-model-generator,Générateur de Mannequins IA | Lovart,2026-07-13,1,"WATCH: 等 Google 索引窗口, 14 天后仍未进 GA4 → Tier B"
tierA-fresh,tool,fr,ai-photo-editor-free,/fr/tools/ai-photo-editor-free,Éditeur Photo Gratuit IA | Lovart,2026-07-13,1,"WATCH: 等 Google 索引窗口, 14 天后仍未进 GA4 → Tier B"
tierA-fresh,tool,fr,ai-picture-generator,/fr/tools/ai-picture-generator,Générateur d'Images IA | Lovart,2026-07-13,1,"WATCH: 等 Google 索引窗口, 14 天后仍未进 GA4 → Tier B"
tierA-fresh,tool,fr,ai-poster-maker-free,/fr/tools/ai-poster-maker-free,Générateur d'Affiches Gratuit IA | Lovart,2026-07-13,1,"WATCH: 等 Google 索引窗口, 14 天后仍未进 GA4 → Tier B"
tierA-fresh,tool,fr,ai-storefront-designer,/fr/tools/ai-storefront-designer,Designer de Vitrine IA | Lovart,2026-07-13,1,"WATCH: 等 Google 索引窗口, 14 天后仍未进 GA4 → Tier B"
tierA-fresh,tool,fr,ai-storyboard-generator,/fr/tools/ai-storyboard-generator,Générateur de Storyboard IA | Lovart,2026-07-13,1,"WATCH: 等 Google 索引窗口, 14 天后仍未进 GA4 → Tier B"
tierA-fresh,tool,fr,ai-text-to-video-api,/fr/tools/ai-text-to-video-api,API Texte vers Vidéo IA | Lovart,2026-07-13,1,"WATCH: 等 Google 索引窗口, 14 天后仍未进 GA4 → Tier B"
tierA-fresh,tool,fr,ai-tiktok-content-creator,/fr/tools/ai-tiktok-content-creator,Créateur de Contenu TikTok IA | Lovart,2026-07-13,1,"WATCH: 等 Google 索引窗口, 14 天后仍未进 GA4 → Tier B"
tierA-fresh,tool,fr,ai-video-editor-api,/fr/tools/ai-video-editor-api,API d'Édition Vidéo IA | Lovart,2026-07-13,1,"WATCH: 等 Google 索引窗口, 14 天后仍未进 GA4 → Tier B"
tierA-fresh,tool,fr,ai-video-to-gif,/fr/tools/ai-video-to-gif,Convertisseur Vidéo en GIF IA | Lovart,2026-07-13,1,"WATCH: 等 Google 索引窗口, 14 天后仍未进 GA4 → Tier B"
tierA-fresh,tool,fr,ai-youtube-thumbnail-maker,/fr/tools/ai-youtube-thumbnail-maker,Générateur de Miniature YouTube | Lovart,2026-07-13,1,"WATCH: 等 Google 索引窗口, 14 天后仍未进 GA4 → Tier B"
tierA-fresh,tool,en,ai-caricature-maker,/en/tools/ai-caricature-maker,AI Caricature Maker — Turn Photos into Hand-Drawn Caricatures|Lovart,2026-07-12,2,"WATCH: 等 Google 索引窗口, 14 天后仍未进 GA4 → Tier B"
tierA-fresh,tool,en,ai-tiktok-content-creator,/en/tools/ai-tiktok-content-creator,AI TikTok Content Creator | Lovart,2026-07-12,2,"WATCH: 等 Google 索引窗口, 14 天后仍未进 GA4 → Tier B"
tierA-fresh,tool,en,best-ai-video-generator-2026,/en/tools/best-ai-video-generator-2026,Best AI Video Generator 2026 | Lovart,2026-07-12,2,"WATCH: 等 Google 索引窗口, 14 天后仍未进 GA4 → Tier B"
tierA-fresh,tool,en,ai-video-editor-api,/en/tools/ai-video-editor-api,AI Video Editor API | Lovart,2026-07-12,2,"WATCH: 等 Google 索引窗口, 14 天后仍未进 GA4 → Tier B"
tierA-fresh,tool,en,ai-logo-maker-no-watermark,/en/tools/ai-logo-maker-no-watermark,AI Logo Maker No Watermark | Lovart,2026-07-12,2,"WATCH: 等 Google 索引窗口, 14 天后仍未进 GA4 → Tier B"
tierA-fresh,tool,zh,ai-avatar-generator,/zh/tools/ai-avatar-generator,AI 头像生成器 | 一键创建专业虚拟形象与数字人 | Lovart,2026-07-12,2,"WATCH: 等 Google 索引窗口, 14 天后仍未进 GA4 → Tier B"
tierA-fresh,tool,de,image-to-video,/de/tools/image-to-video,Image To Video | Lovart,2026-07-12,2,"WATCH: 等 Google 索引窗口, 14 天后仍未进 GA4 → Tier B"
tierA-fresh,tool,fr,image-to-video,/fr/tools/image-to-video,Image To Video | Lovart,2026-07-12,2,"WATCH: 等 Google 索引窗口, 14 天后仍未进 GA4 → Tier B"
tierA-fresh,tool,fr,ai-design-agent,/fr/tools/ai-design-agent,Ai Design Agent | Lovart,2026-07-12,2,"WATCH: 等 Google 索引窗口, 14 天后仍未进 GA4 → Tier B"
tierA-fresh,tool,zh,ai-design-agent,/zh/tools/ai-design-agent,AI 设计代理 | 自主品牌与创意全流程 | Lovart,2026-07-12,2,"WATCH: 等 Google 索引窗口, 14 天后仍未进 GA4 → Tier B"
tierA-fresh,tool,zh,hailuo-2-3-ai-video-generator,/zh/tools/hailuo-2-3-ai-video-generator,Hailuo 2.3 AI 视频生成器 | 逼真动态视频创作 | Lovart,2026-07-12,2,"WATCH: 等 Google 索引窗口, 14 天后仍未进 GA4 → Tier B"
tierA-fresh,feature,de,ai-ad-thumbnail-generator,/de/features/ai-ad-thumbnail-generator,ad thumbnail 生成器 | Lovart,2026-07-12,2,"WATCH: 等 Google 索引窗口, 14 天后仍未进 GA4 → Tier B"
tierA-fresh,feature,en,ai-avatar-streaming-seedance,/en/features/ai-avatar-streaming-seedance,Ai Avatar Streaming Seedance | Lovart,2026-07-12,2,"WATCH: 等 Google 索引窗口, 14 天后仍未进 GA4 → Tier B"
tierA-fresh,feature,de,ai-brochure-design-tool,/de/features/ai-brochure-design-tool,company 宣传册 设计 | Lovart,2026-07-12,2,"WATCH: 等 Google 索引窗口, 14 天后仍未进 GA4 → Tier B"
tierA-fresh,feature,en,ai-commercials-seedance,/en/features/ai-commercials-seedance,Ai Commercials Seedance | Lovart,2026-07-12,2,"WATCH: 等 Google 索引窗口, 14 天后仍未进 GA4 → Tier B"
tierA-fresh,feature,en,ai-design-marketing-agency,/en/features/ai-design-marketing-agency,Ai Design Marketing Agency | Lovart,2026-07-12,2,"WATCH: 等 Google 索引窗口, 14 天后仍未进 GA4 → Tier B"
tierA-fresh,feature,de,ai-facebook-ad-creative-generator,/de/features/ai-facebook-ad-creative-generator,Ai Facebook Ad Creative Generator | Lovart,2026-07-12,2,"WATCH: 等 Google 索引窗口, 14 天后仍未进 GA4 → Tier B"
tierA-fresh,feature,en,ai-facebook-poster-generator,/en/features/ai-facebook-poster-generator,Ai Facebook Poster Generator | Lovart,2026-07-12,2,"WATCH: 等 Google 索引窗口, 14 天后仍未进 GA4 → Tier B"
tierA-fresh,feature,de,ai-google-ads-banner-generator,/de/features/ai-google-ads-banner-generator,google ads 横幅 生成器 | Lovart,2026-07-12,2,"WATCH: 等 Google 索引窗口, 14 天后仍未进 GA4 → Tier B"
tierA-fresh,feature,de,ai-illustration-generator-vector-nano-banana,/de/features/ai-illustration-generator-vector-nano-banana,illustration projects | Lovart,2026-07-12,2,"WATCH: 等 Google 索引窗口, 14 天后仍未进 GA4 → Tier B"
tierA-fresh,feature,de,ai-image-generator,/de/features/ai-image-generator,text 图像 生成器 | Lovart,2026-07-12,2,"WATCH: 等 Google 索引窗口, 14 天后仍未进 GA4 → Tier B"
tierA-fresh,feature,de,ai-instagram-post-generator,/de/features/ai-instagram-post-generator,twitter x post 生成器 | Lovart,2026-07-12,2,"WATCH: 等 Google 索引窗口, 14 天后仍未进 GA4 → Tier B"
tierA-fresh,feature,de,ai-instagram-post-maker,/de/features/ai-instagram-post-maker,instagram post 制作 | Lovart,2026-07-12,2,"WATCH: 等 Google 索引窗口, 14 天后仍未进 GA4 → Tier B"
tierA-fresh,feature,de,ai-linkedin-infographic-generator-b2b,/de/features/ai-linkedin-infographic-generator-b2b,linkedin 横幅 设计 生成器 | Lovart,2026-07-12,2,"WATCH: 等 Google 索引窗口, 14 天后仍未进 GA4 → Tier B"
tierA-fresh,feature,de,ai-logo-maker-brand-agent,/de/features/ai-logo-maker-brand-agent,标志 制作 品牌 代理 | Lovart,2026-07-12,2,"WATCH: 等 Google 索引窗口, 14 天后仍未进 GA4 → Tier B"
tierA-fresh,feature,de,ai-poster-generator-illustration-optimization,/de/features/ai-poster-generator-illustration-optimization,facebook 海报 生成器 | Lovart,2026-07-12,2,"WATCH: 等 Google 索引窗口, 14 天后仍未进 GA4 → Tier B"
tierA-fresh,feature,en,ai-product-video-seedance,/en/features/ai-product-video-seedance,Ai Product Video Seedance | Lovart,2026-07-12,2,"WATCH: 等 Google 索引窗口, 14 天后仍未进 GA4 → Tier B"
tierA-fresh,feature,de,ai-social-media-content-generator,/de/features/ai-social-media-content-generator,social media content 生成器 | Lovart,2026-07-12,2,"WATCH: 等 Google 索引窗口, 14 天后仍未进 GA4 → Tier B"
tierA-fresh,feature,en,ai-text-to-image-generator,/en/features/ai-text-to-image-generator,Ai Text To Image Generator | Lovart,2026-07-12,2,"WATCH: 等 Google 索引窗口, 14 天后仍未进 GA4 → Tier B"
tierA-fresh,feature,de,ai-video-prompt-generator-veo-sora,/de/features/ai-video-prompt-generator-veo-sora,视频 prompt 生成器 veo sora | Lovart,2026-07-12,2,"WATCH: 等 Google 索引窗口, 14 天后仍未进 GA4 → Tier B"
tierA-fresh,feature,de,ai-webtoon-comic-generator-seedance,/de/features/ai-webtoon-comic-generator-seedance,seedance 视频 生成器 | Lovart,2026-07-12,2,"WATCH: 等 Google 索引窗口, 14 天后仍未进 GA4 → Tier B"
tierA-fresh,feature,de,ai-youtube-banner-maker,/de/features/ai-youtube-banner-maker,设计 viral youtube thumbnails | Lovart,2026-07-12,2,"WATCH: 等 Google 索引窗口, 14 天后仍未进 GA4 → Tier B"
tierA-fresh,feature,de,album-cover-design,/de/features/album-cover-design,书籍 封面 设计 | Lovart,2026-07-12,2,"WATCH: 等 Google 索引窗口, 14 天后仍未进 GA4 → Tier B"
tierA-fresh,feature,de,baby-shower-invitation-design,/de/features/baby-shower-invitation-design,baby shower invitation 设计 | Lovart,2026-07-12,2,"WATCH: 等 Google 索引窗口, 14 天后仍未进 GA4 → Tier B"
tierA-fresh,feature,ja,create-videos-from-images-or-text-seedance,/ja/features/create-videos-from-images-or-text-seedance,create videos from images or text seedance | Lovart,2026-07-12,2,"WATCH: 等 Google 索引窗口, 14 天后仍未进 GA4 → Tier B"
tierA-fresh,feature,en,best-ai-image-generator-2026,/en/features/best-ai-image-generator-2026,Best Ai Image Generator 2026 | Lovart,2026-07-12,2,"WATCH: 等 Google 索引窗口, 14 天后仍未进 GA4 → Tier B"
tierA-fresh,feature,de,catering-menu-design,/de/features/catering-menu-design,cafe menu 设计 | Lovart,2026-07-12,2,"WATCH: 等 Google 索引窗口, 14 天后仍未进 GA4 → Tier B"
tierA-fresh,feature,de,chef-business-card-design,/de/features/chef-business-card-design,chef 商务 卡片 设计 | Lovart,2026-07-12,2,"WATCH: 等 Google 索引窗口, 14 天后仍未进 GA4 → Tier B"
tierA-fresh,feature,de,company-brochure-design,/de/features/company-brochure-design,company 宣传册 设计 | Lovart,2026-07-12,2,"WATCH: 等 Google 索引窗口, 14 天后仍未进 GA4 → Tier B"
tierA-fresh,feature,fr,brochure-design,/fr/features/brochure-design,宣传册 设计 | Lovart,2026-07-12,2,"WATCH: 等 Google 索引窗口, 14 天后仍未进 GA4 → Tier B"
tierA-fresh,feature,it,brochure-design,/it/features/brochure-design,宣传册 设计 | Lovart,2026-07-12,2,"WATCH: 等 Google 索引窗口, 14 天后仍未进 GA4 → Tier B"
tierA-fresh,feature,ja,brochure-design,/ja/features/brochure-design,宣传册 设计 | Lovart,2026-07-12,2,"WATCH: 等 Google 索引窗口, 14 天后仍未进 GA4 → Tier B"
tierA-fresh,feature,ko,brochure-design,/ko/features/brochure-design,宣传册 设计 | Lovart,2026-07-12,2,"WATCH: 等 Google 索引窗口, 14 天后仍未进 GA4 → Tier B"
tierA-fresh,feature,ru,brochure-design,/ru/features/brochure-design,宣传册 设计 | Lovart,2026-07-12,2,"WATCH: 等 Google 索引窗口, 14 天后仍未进 GA4 → Tier B"
tierA-fresh,feature,de,concert-poster-design,/de/features/concert-poster-design,concert 海报 设计 | Lovart,2026-07-12,2,"WATCH: 等 Google 索引窗口, 14 天后仍未进 GA4 → Tier B"
tierA-fresh,feature,en,create-videos-from-images-or-text-seedance,/en/features/create-videos-from-images-or-text-seedance,Create Videos From Images Or Text Seedance | Lovart,2026-07-12,2,"WATCH: 等 Google 索引窗口, 14 天后仍未进 GA4 → Tier B"
tierA-fresh,feature,de,custom-business-flyer-design,/de/features/custom-business-flyer-design,custom 商务 flyer 设计 | Lovart,2026-07-12,2,"WATCH: 等 Google 索引窗口, 14 天后仍未进 GA4 → Tier B"
tierA-fresh,feature,zh-TW,draft-ai-logo-maker-f4,/zh-TW/features/draft-ai-logo-maker-f4,Draft Ai Logo Maker F4 | Lovart,2026-07-12,2,"WATCH: 等 Google 索引窗口, 14 天后仍未进 GA4 → Tier B"
tierA-fresh,feature,zh-TW,draft-ai-sales-deck-ppt-generator-f1,/zh-TW/features/draft-ai-sales-deck-ppt-generator-f1,Draft Ai Sales Deck Ppt Generator F1 | Lovart,2026-07-12,2,"WATCH: 等 Google 索引窗口, 14 天后仍未进 GA4 → Tier B"
tierA-fresh,feature,zh-TW,draft-ai-sales-deck-ppt-generator-f2,/zh-TW/features/draft-ai-sales-deck-ppt-generator-f2,Draft Ai Sales Deck Ppt Generator F2 | Lovart,2026-07-12,2,"WATCH: 等 Google 索引窗口, 14 天后仍未进 GA4 → Tier B"
tierA-fresh,feature,zh-TW,draft-ai-sales-deck-ppt-generator-s1,/zh-TW/features/draft-ai-sales-deck-ppt-generator-s1,Draft Ai Sales Deck Ppt Generator S1 | Lovart,2026-07-12,2,"WATCH: 等 Google 索引窗口, 14 天后仍未进 GA4 → Tier B"
tierA-fresh,feature,it,restaurant_menu_design,/it/features/restaurant_menu_design,restaurant_menu_design | Lovart,2026-07-12,2,"WATCH: 等 Google 索引窗口, 14 天后仍未进 GA4 → Tier B"
tierA-fresh,feature,pt,restaurant_menu_design,/pt/features/restaurant_menu_design,restaurant_menu_design | Lovart,2026-07-12,2,"WATCH: 等 Google 索引窗口, 14 天后仍未进 GA4 → Tier B"
tierA-fresh,feature,ru,restaurant_menu_design,/ru/features/restaurant_menu_design,restaurant_menu_design | Lovart,2026-07-12,2,"WATCH: 等 Google 索引窗口, 14 天后仍未进 GA4 → Tier B"
tierA-fresh,feature,zh-TW,restaurant_menu_design,/zh-TW/features/restaurant_menu_design,Restaurant_Menu_Design | Lovart,2026-07-12,2,"WATCH: 等 Google 索引窗口, 14 天后仍未进 GA4 → Tier B"
tierA-fresh,tool,en,draft-ai-logo-maker-t1,/en/tools/draft-ai-logo-maker-t1,draft 标志 制作 t1 | Lovart,2026-07-12,2,"WATCH: 等 Google 索引窗口, 14 天后仍未进 GA4 → Tier B"
tierA-fresh,tool,en,draft-ai-sales-deck-ppt-generator-t1,/en/tools/draft-ai-sales-deck-ppt-generator-t1,draft sales deck ppt 生成器 t1 | Lovart,2026-07-12,2,"WATCH: 等 Google 索引窗口, 14 天后仍未进 GA4 → Tier B"
tierA-fresh,feature,de,e-learning-banner-design,/de/features/e-learning-banner-design,e learning 横幅 设计 | Lovart,2026-07-12,2,"WATCH: 等 Google 索引窗口, 14 天后仍未进 GA4 → Tier B"
tierA-fresh,feature,de,ecommerce-banner-design,/de/features/ecommerce-banner-design,e learning 横幅 设计 | Lovart,2026-07-12,2,"WATCH: 等 Google 索引窗口, 14 天后仍未进 GA4 → Tier B"
tierA-fresh,feature,de,engagement-invitation-design,/de/features/engagement-invitation-design,engagement invitation 设计 | Lovart,2026-07-12,2,"WATCH: 等 Google 索引窗口, 14 天后仍未进 GA4 → Tier B"
tierA-fresh,feature,de,event-poster-maker,/de/features/event-poster-maker,event 海报 制作 | Lovart,2026-07-12,2,"WATCH: 等 Google 索引窗口, 14 天后仍未进 GA4 → Tier B"
tierA-fresh,feature,zh-TW,ai-ad-thumbnail-generator,/zh-TW/features/ai-ad-thumbnail-generator,Ai Ad Thumbnail Generator | Lovart,2026-07-12,2,"WATCH: 等 Google 索引窗口, 14 天后仍未进 GA4 → Tier B"
tierA-fresh,feature,fr,ai-affiliate-ads-generator,/fr/features/ai-affiliate-ads-generator,affiliate ads 生成器 | Lovart,2026-07-12,2,"WATCH: 等 Google 索引窗口, 14 天后仍未进 GA4 → Tier B"
tierA-fresh,feature,it,ai-affiliate-ads-generator,/it/features/ai-affiliate-ads-generator,affiliate ads 生成器 | Lovart,2026-07-12,2,"WATCH: 等 Google 索引窗口, 14 天后仍未进 GA4 → Tier B"
tierA-fresh,feature,ja,ai-affiliate-ads-generator,/ja/features/ai-affiliate-ads-generator,affiliate ads 生成器 | Lovart,2026-07-12,2,"WATCH: 等 Google 索引窗口, 14 天后仍未进 GA4 → Tier B"
tierA-fresh,feature,ko,ai-affiliate-ads-generator,/ko/features/ai-affiliate-ads-generator,affiliate ads 生成器 | Lovart,2026-07-12,2,"WATCH: 等 Google 索引窗口, 14 天后仍未进 GA4 → Tier B"
tierA-fresh,feature,ru,ai-affiliate-ads-generator,/ru/features/ai-affiliate-ads-generator,affiliate ads 生成器 | Lovart,2026-07-12,2,"WATCH: 等 Google 索引窗口, 14 天后仍未进 GA4 → Tier B"
tierA-fresh,feature,zh-TW,ai-affiliate-ads-generator,/zh-TW/features/ai-affiliate-ads-generator,Ai Affiliate Ads Generator | Lovart,2026-07-12,2,"WATCH: 等 Google 索引窗口, 14 天后仍未进 GA4 → Tier B"
tierA-fresh,feature,zh-TW,ai-avatar-streaming-seedance,/zh-TW/features/ai-avatar-streaming-seedance,Ai Avatar Streaming Seedance | Lovart,2026-07-12,2,"WATCH: 等 Google 索引窗口, 14 天后仍未进 GA4 → Tier B"
tierA-fresh,feature,zh-TW,ai-background-swap-no-masking,/zh-TW/features/ai-background-swap-no-masking,Ai Background Swap No Masking | Lovart,2026-07-12,2,"WATCH: 等 Google 索引窗口, 14 天后仍未进 GA4 → Tier B"
tierA-fresh,feature,zh-TW,ai-bakery-menu-maker,/zh-TW/features/ai-bakery-menu-maker,Ai Bakery Menu Maker | Lovart,2026-07-12,2,"WATCH: 等 Google 索引窗口, 14 天后仍未进 GA4 → Tier B"
tierA-fresh,feature,it,ai-brochure-design-tool,/it/features/ai-brochure-design-tool,company 宣传册 设计 | Lovart,2026-07-12,2,"WATCH: 等 Google 索引窗口, 14 天后仍未进 GA4 → Tier B"
tierA-fresh,feature,ja,ai-brochure-design-tool,/ja/features/ai-brochure-design-tool,company 宣传册 设计 | Lovart,2026-07-12,2,"WATCH: 等 Google 索引窗口, 14 天后仍未进 GA4 → Tier B"
tierA-fresh,feature,pt,ai-brochure-design-tool,/pt/features/ai-brochure-design-tool,company 宣传册 设计 | Lovart,2026-07-12,2,"WATCH: 等 Google 索引窗口, 14 天后仍未进 GA4 → Tier B"
tierA-fresh,feature,ru,ai-brochure-design-tool,/ru/features/ai-brochure-design-tool,company 宣传册 设计 | Lovart,2026-07-12,2,"WATCH: 等 Google 索引窗口, 14 天后仍未进 GA4 → Tier B"
tierA-fresh,feature,fr,ai-business-card-maker,/fr/features/ai-business-card-maker,chef 商务 卡片 设计 | Lovart,2026-07-12,2,"WATCH: 等 Google 索引窗口, 14 天后仍未进 GA4 → Tier B"
tierA-fresh,feature,it,ai-business-card-maker,/it/features/ai-business-card-maker,chef 商务 卡片 设计 | Lovart,2026-07-12,2,"WATCH: 等 Google 索引窗口, 14 天后仍未进 GA4 → Tier B"
tierA-fresh,feature,ko,ai-business-card-maker,/ko/features/ai-business-card-maker,chef 商务 卡片 设计 | Lovart,2026-07-12,2,"WATCH: 等 Google 索引窗口, 14 天后仍未进 GA4 → Tier B"
tierA-fresh,feature,ru,ai-business-card-maker,/ru/features/ai-business-card-maker,chef 商务 卡片 设计 | Lovart,2026-07-12,2,"WATCH: 等 Google 索引窗口, 14 天后仍未进 GA4 → Tier B"
tierA-fresh,feature,zh-TW,ai-carousel-generator,/zh-TW/features/ai-carousel-generator,Ai Carousel Generator | Lovart,2026-07-12,2,"WATCH: 等 Google 索引窗口, 14 天后仍未进 GA4 → Tier B"
tierA-fresh,feature,ru,ai-commercials-seedance,/ru/features/ai-commercials-seedance,commercials seedance | Lovart,2026-07-12,2,"WATCH: 等 Google 索引窗口, 14 天后仍未进 GA4 → Tier B"
tierA-fresh,feature,zh-TW,ai-commercials-seedance,/zh-TW/features/ai-commercials-seedance,Ai Commercials Seedance | Lovart,2026-07-12,2,"WATCH: 等 Google 索引窗口, 14 天后仍未进 GA4 → Tier B"
tierA-fresh,feature,it,ai-company-logo-maker,/it/features/ai-company-logo-maker,company 标志 制作 | Lovart,2026-07-12,2,"WATCH: 等 Google 索引窗口, 14 天后仍未进 GA4 → Tier B"
tierA-fresh,feature,ja,ai-company-logo-maker,/ja/features/ai-company-logo-maker,company 标志 制作 | Lovart,2026-07-12,2,"WATCH: 等 Google 索引窗口, 14 天后仍未进 GA4 → Tier B"
tierA-fresh,feature,pt,ai-company-logo-maker,/pt/features/ai-company-logo-maker,company 标志 制作 | Lovart,2026-07-12,2,"WATCH: 等 Google 索引窗口, 14 天后仍未进 GA4 → Tier B"
tierA-fresh,feature,ru,ai-company-logo-maker,/ru/features/ai-company-logo-maker,company 标志 制作 | Lovart,2026-07-12,2,"WATCH: 等 Google 索引窗口, 14 天后仍未进 GA4 → Tier B"
tierA-fresh,feature,zh-TW,ai-company-logo-maker,/zh-TW/features/ai-company-logo-maker,Ai Company Logo Maker | Lovart,2026-07-12,2,"WATCH: 等 Google 索引窗口, 14 天后仍未进 GA4 → Tier B"
tierA-fresh,feature,zh-TW,ai-coupon-ad-generator,/zh-TW/features/ai-coupon-ad-generator,Ai Coupon Ad Generator | Lovart,2026-07-12,2,"WATCH: 等 Google 索引窗口, 14 天后仍未进 GA4 → Tier B"
tierA-fresh,feature,fr,ai-design-agent-for-freelancers,/fr/features/ai-design-agent-for-freelancers,视频 代理 instagram reels | Lovart,2026-07-12,2,"WATCH: 等 Google 索引窗口, 14 天后仍未进 GA4 → Tier B"
tierA-fresh,feature,zh-TW,ai-design-marketing-agency,/zh-TW/features/ai-design-marketing-agency,Ai Design Marketing Agency | Lovart,2026-07-12,2,"WATCH: 等 Google 索引窗口, 14 天后仍未进 GA4 → Tier B"
tierA-fresh,feature,zh-TW,ai-facebook-ad-creative-generator,/zh-TW/features/ai-facebook-ad-creative-generator,Ai Facebook Ad Creative Generator | Lovart,2026-07-12,2,"WATCH: 等 Google 索引窗口, 14 天后仍未进 GA4 → Tier B"
tierA-fresh,feature,zh-TW,ai-facebook-post-designer,/zh-TW/features/ai-facebook-post-designer,Ai Facebook Post Designer | Lovart,2026-07-12,2,"WATCH: 等 Google 索引窗口, 14 天后仍未进 GA4 → Tier B"
tierA-fresh,feature,de,ai-facebook-poster-generator,/de/features/ai-facebook-poster-generator,KI Facebook Poster Generator | Lovart,2026-07-12,2,"WATCH: 等 Google 索引窗口, 14 天后仍未进 GA4 → Tier B"
tierA-fresh,feature,fr,ai-facebook-poster-generator,/fr/features/ai-facebook-poster-generator,facebook 海报 生成器 | Lovart,2026-07-12,2,"WATCH: 等 Google 索引窗口, 14 天后仍未进 GA4 → Tier B"
tierA-fresh,feature,it,ai-facebook-poster-generator,/it/features/ai-facebook-poster-generator,Generatore di poster Facebook IA | Lovart,2026-07-12,2,"WATCH: 等 Google 索引窗口, 14 天后仍未进 GA4 → Tier B"
tierA-fresh,feature,ja,ai-facebook-poster-generator,/ja/features/ai-facebook-poster-generator,AI Facebook Poster Generator | Lovart,2026-07-12,2,"WATCH: 等 Google 索引窗口, 14 天后仍未进 GA4 → Tier B"
tierA-fresh,feature,ko,ai-facebook-poster-generator,/ko/features/ai-facebook-poster-generator,AI Facebook Poster Generator | Lovart,2026-07-12,2,"WATCH: 等 Google 索引窗口, 14 天后仍未进 GA4 → Tier B"
tierA-fresh,feature,it,ai-facebook-poster-generator,/it/features/ai-facebook-poster-generator,AI Facebook Poster Generator | Lovart,2026-07-12,2,"WATCH: 等 Google 索引窗口, 14 天后仍未进 GA4 → Tier B"
tierA-fresh,feature,ru,ai-facebook-poster-generator,/ru/features/ai-facebook-poster-generator,AI Facebook Poster Generator | Lovart,2026-07-12,2,"WATCH: 等 Google 索引窗口, 14 天后仍未进 GA4 → Tier B"
tierA-fresh,feature,zh,ai-facebook-poster-generator,/zh/features/ai-facebook-poster-generator,AI Facebook 海报生成器 | 即时做出刷屏活动广告 | Lovart,2026-07-12,2,"WATCH: 等 Google 索引窗口, 14 天后仍未进 GA4 → Tier B"
tierA-fresh,feature,zh-TW,ai-facebook-poster-generator,/zh-TW/features/ai-facebook-poster-generator,Ai Facebook Poster Generator | Lovart,2026-07-12,2,"WATCH: 等 Google 索引窗口, 14 天后仍未进 GA4 → Tier B"
tierA-fresh,feature,zh-TW,ai-giveaway-poster-generator,/zh-TW/features/ai-giveaway-poster-generator,Ai Giveaway Poster Generator | Lovart,2026-07-12,2,"WATCH: 等 Google 索引窗口, 14 天后仍未进 GA4 → Tier B"
tierA-fresh,feature,ja,ai-google-ads-banner-generator,/ja/features/ai-google-ads-banner-generator,google ads 横幅 生成器 | Lovart,2026-07-12,2,"WATCH: 等 Google 索引窗口, 14 天后仍未进 GA4 → Tier B"
tierA-fresh,feature,pt,ai-google-ads-banner-generator,/pt/features/ai-google-ads-banner-generator,google ads 横幅 生成器 | Lovart,2026-07-12,2,"WATCH: 等 Google 索引窗口, 14 天后仍未进 GA4 → Tier B"
tierA-fresh,feature,ru,ai-google-ads-banner-generator,/ru/features/ai-google-ads-banner-generator,google ads 横幅 生成器 | Lovart,2026-07-12,2,"WATCH: 等 Google 索引窗口, 14 天后仍未进 GA4 → Tier B"
tierA-fresh,feature,zh-TW,ai-google-ads-banner-generator,/zh-TW/features/ai-google-ads-banner-generator,Ai Google Ads Banner Generator | Lovart,2026-07-12,2,"WATCH: 等 Google 索引窗口, 14 天后仍未进 GA4 → Tier B"
tierA-fresh,feature,it,ai-illustration-generator-vector-nano-banana,/it/features/ai-illustration-generator-vector-nano-banana,illustration projects | Lovart,2026-07-12,2,"WATCH: 等 Google 索引窗口, 14 天后仍未进 GA4 → Tier B"
tierA-fresh,feature,ja,ai-illustration-generator-vector-nano-banana,/ja/features/ai-illustration-generator-vector-nano-banana,illustration projects | Lovart,2026-07-12,2,"WATCH: 等 Google 索引窗口, 14 天后仍未进 GA4 → Tier B"
tierA-fresh,feature,ko,ai-illustration-generator-vector-nano-banana,/ko/features/ai-illustration-generator-vector-nano-banana,illustration projects | Lovart,2026-07-12,2,"WATCH: 等 Google 索引窗口, 14 天后仍未进 GA4 → Tier B"
tierA-fresh,feature,pt,ai-illustration-generator-vector-nano-banana,/pt/features/ai-illustration-generator-vector-nano-banana,illustration projects | Lovart,2026-07-12,2,"WATCH: 等 Google 索引窗口, 14 天后仍未进 GA4 → Tier B"
tierA-fresh,feature,fr,ai-image-generator,/fr/features/ai-image-generator,text 图像 生成器 | Lovart,2026-07-12,2,"WATCH: 等 Google 索引窗口, 14 天后仍未进 GA4 → Tier B"
tierA-fresh,feature,ja,ai-image-generator,/ja/features/ai-image-generator,text 图像 生成器 | Lovart,2026-07-12,2,"WATCH: 等 Google 索引窗口, 14 天后仍未进 GA4 → Tier B"
tierA-fresh,feature,fr,ai-image-generator-text-to-image,/fr/features/ai-image-generator-text-to-image,text 图像 生成器 | Lovart,2026-07-12,2,"WATCH: 等 Google 索引窗口, 14 天后仍未进 GA4 → Tier B"
tierA-fresh,feature,ja,ai-image-generator-text-to-image,/ja/features/ai-image-generator-text-to-image,text 图像 生成器 | Lovart,2026-07-12,2,"WATCH: 等 Google 索引窗口, 14 天后仍未进 GA4 → Tier B"
tierA-fresh,feature,ko,ai-image-generator-text-to-image,/ko/features/ai-image-generator-text-to-image,text 图像 生成器 | Lovart,2026-07-12,2,"WATCH: 等 Google 索引窗口, 14 天后仍未进 GA4 → Tier B"
tierA-fresh,feature,pt,ai-image-generator-text-to-image,/pt/features/ai-image-generator-text-to-image,text 图像 生成器 | Lovart,2026-07-12,2,"WATCH: 等 Google 索引窗口, 14 天后仍未进 GA4 → Tier B"
tierA-fresh,feature,fr,ai-instagram-post-generator,/fr/features/ai-instagram-post-generator,twitter x post 生成器 | Lovart,2026-07-12,2,"WATCH: 等 Google 索引窗口, 14 天后仍未进 GA4 → Tier B"
tierA-fresh,feature,ja,ai-instagram-post-generator,/ja/features/ai-instagram-post-generator,twitter x post 生成器 | Lovart,2026-07-12,2,"WATCH: 等 Google 索引窗口, 14 天后仍未进 GA4 → Tier B"
tierA-fresh,feature,pt,ai-instagram-post-generator,/pt/features/ai-instagram-post-generator,twitter x post 生成器 | Lovart,2026-07-12,2,"WATCH: 等 Google 索引窗口, 14 天后仍未进 GA4 → Tier B"
tierA-fresh,feature,fr,ai-instagram-post-maker,/fr/features/ai-instagram-post-maker,instagram post 制作 | Lovart,2026-07-12,2,"WATCH: 等 Google 索引窗口, 14 天后仍未进 GA4 → Tier B"
tierA-fresh,feature,ja,ai-instagram-post-maker,/ja/features/ai-instagram-post-maker,instagram post 制作 | Lovart,2026-07-12,2,"WATCH: 等 Google 索引窗口, 14 天后仍未进 GA4 → Tier B"
tierA-fresh,feature,ko,ai-instagram-post-maker,/ko/features/ai-instagram-post-maker,instagram post 制作 | Lovart,2026-07-12,2,"WATCH: 等 Google 索引窗口, 14 天后仍未进 GA4 → Tier B"
tierA-fresh,feature,zh-TW,ai-instagram-post-maker,/zh-TW/features/ai-instagram-post-maker,Ai Instagram Post Maker | Lovart,2026-07-12,2,"WATCH: 等 Google 索引窗口, 14 天后仍未进 GA4 → Tier B"
tierA-fresh,feature,fr,ai-linkedin-infographic-generator-b2b,/fr/features/ai-linkedin-infographic-generator-b2b,linkedin 横幅 设计 生成器 | Lovart,2026-07-12,2,"WATCH: 等 Google 索引窗口, 14 天后仍未进 GA4 → Tier B"
tierA-fresh,feature,it,ai-linkedin-infographic-generator-b2b,/it/features/ai-linkedin-infographic-generator-b2b,linkedin 横幅 设计 生成器 | Lovart,2026-07-12,2,"WATCH: 等 Google 索引窗口, 14 天后仍未进 GA4 → Tier B"
tierA-fresh,feature,ja,ai-linkedin-infographic-generator-b2b,/ja/features/ai-linkedin-infographic-generator-b2b,linkedin 横幅 设计 生成器 | Lovart,2026-07-12,2,"WATCH: 等 Google 索引窗口, 14 天后仍未进 GA4 → Tier B"
tierA-fresh,feature,ko,ai-linkedin-infographic-generator-b2b,/ko/features/ai-linkedin-infographic-generator-b2b,linkedin 横幅 设计 生成器 | Lovart,2026-07-12,2,"WATCH: 等 Google 索引窗口, 14 天后仍未进 GA4 → Tier B"
tierA-fresh,feature,pt,ai-linkedin-infographic-generator-b2b,/pt/features/ai-linkedin-infographic-generator-b2b,linkedin 横幅 设计 生成器 | Lovart,2026-07-12,2,"WATCH: 等 Google 索引窗口, 14 天后仍未进 GA4 → Tier B"
tierA-fresh,feature,ja,ai-logo-maker-brand-agent,/ja/features/ai-logo-maker-brand-agent,标志 制作 品牌 代理 | Lovart,2026-07-12,2,"WATCH: 等 Google 索引窗口, 14 天后仍未进 GA4 → Tier B"
tierA-fresh,feature,ko,ai-logo-maker-brand-agent,/ko/features/ai-logo-maker-brand-agent,标志 制作 品牌 代理 | Lovart,2026-07-12,2,"WATCH: 等 Google 索引窗口, 14 天后仍未进 GA4 → Tier B"
tierA-fresh,feature,zh-TW,ai-logo-maker-brand-agent,/zh-TW/features/ai-logo-maker-brand-agent,Ai Logo Maker Brand Agent | Lovart,2026-07-12,2,"WATCH: 等 Google 索引窗口, 14 天后仍未进 GA4 → Tier B"
tierA-fresh,feature,zh-TW,ai-meta-ads-generator,/zh-TW/features/ai-meta-ads-generator,Ai Meta Ads Generator | Lovart,2026-07-12,2,"WATCH: 等 Google 索引窗口, 14 天后仍未进 GA4 → Tier B"
tierA-fresh,feature,zh-TW,ai-mockup-generator,/zh-TW/features/ai-mockup-generator,Ai Mockup Generator | Lovart,2026-07-12,2,"WATCH: 等 Google 索引窗口, 14 天后仍未进 GA4 → Tier B"
tierA-fresh,feature,zh-TW,ai-paid-social-ad-generator,/zh-TW/features/ai-paid-social-ad-generator,Ai Paid Social Ad Generator | Lovart,2026-07-12,2,"WATCH: 等 Google 索引窗口, 14 天后仍未进 GA4 → Tier B"
tierA-fresh,feature,fr,ai-picture-generator,/fr/features/ai-picture-generator,affiliate ads 生成器 | Lovart,2026-07-12,2,"WATCH: 等 Google 索引窗口, 14 天后仍未进 GA4 → Tier B"
tierA-fresh,feature,ja,ai-picture-generator,/ja/features/ai-picture-generator,affiliate ads 生成器 | Lovart,2026-07-12,2,"WATCH: 等 Google 索引窗口, 14 天后仍未进 GA4 → Tier B"
tierA-fresh,feature,ko,ai-picture-generator,/ko/features/ai-picture-generator,affiliate ads 生成器 | Lovart,2026-07-12,2,"WATCH: 等 Google 索引窗口, 14 天后仍未进 GA4 → Tier B"
tierA-fresh,feature,pt,ai-picture-generator,/pt/features/ai-picture-generator,affiliate ads 生成器 | Lovart,2026-07-12,2,"WATCH: 等 Google 索引窗口, 14 天后仍未进 GA4 → Tier B"
tierA-fresh,feature,ru,ai-picture-generator,/ru/features/ai-picture-generator,affiliate ads 生成器 | Lovart,2026-07-12,2,"WATCH: 等 Google 索引窗口, 14 天后仍未进 GA4 → Tier B"
tierA-fresh,feature,zh-TW,ai-pinterest-pin-maker,/zh-TW/features/ai-pinterest-pin-maker,Ai Pinterest Pin Maker | Lovart,2026-07-12,2,"WATCH: 等 Google 索引窗口, 14 天后仍未进 GA4 → Tier B"
tierA-fresh,feature,fr,ai-poster-design-agent-nano-banana,/fr/features/ai-poster-design-agent-nano-banana,海报 设计 代理 | Lovart,2026-07-12,2,"WATCH: 等 Google 索引窗口, 14 天后仍未进 GA4 → Tier B"
tierA-fresh,feature,it,ai-poster-design-agent-nano-banana,/it/features/ai-poster-design-agent-nano-banana,海报 设计 代理 | Lovart,2026-07-12,2,"WATCH: 等 Google 索引窗口, 14 天后仍未进 GA4 → Tier B"
tierA-fresh,feature,ja,ai-poster-design-agent-nano-banana,/ja/features/ai-poster-design-agent-nano-banana,海报 设计 代理 | Lovart,2026-07-12,2,"WATCH: 等 Google 索引窗口, 14 天后仍未进 GA4 → Tier B"
tierA-fresh,feature,ru,ai-poster-design-agent-nano-banana,/ru/features/ai-poster-design-agent-nano-banana,海报 设计 代理 | Lovart,2026-07-12,2,"WATCH: 等 Google 索引窗口, 14 天后仍未进 GA4 → Tier B"
tierA-fresh,feature,zh-TW,ai-poster-design-agent-nano-banana,/zh-TW/features/ai-poster-design-agent-nano-banana,Ai Poster Design Agent Nano Banana | Lovart,2026-07-12,2,"WATCH: 等 Google 索引窗口, 14 天后仍未进 GA4 → Tier B"
tierA-fresh,feature,fr,ai-poster-generator-illustration-optimization,/fr/features/ai-poster-generator-illustration-optimization,facebook 海报 生成器 | Lovart,2026-07-12,2,"WATCH: 等 Google 索引窗口, 14 天后仍未进 GA4 → Tier B"
tierA-fresh,feature,it,ai-poster-generator-illustration-optimization,/it/features/ai-poster-generator-illustration-optimization,facebook 海报 生成器 | Lovart,2026-07-12,2,"WATCH: 等 Google 索引窗口, 14 天后仍未进 GA4 → Tier B"
tierA-fresh,feature,ja,ai-poster-generator-illustration-optimization,/ja/features/ai-poster-generator-illustration-optimization,facebook 海报 生成器 | Lovart,2026-07-12,2,"WATCH: 等 Google 索引窗口, 14 天后仍未进 GA4 → Tier B"
tierA-fresh,feature,ko,ai-poster-generator-illustration-optimization,/ko/features/ai-poster-generator-illustration-optimization,facebook 海报 生成器 | Lovart,2026-07-12,2,"WATCH: 等 Google 索引窗口, 14 天后仍未进 GA4 → Tier B"
tierA-fresh,feature,pt,ai-poster-generator-illustration-optimization,/pt/features/ai-poster-generator-illustration-optimization,facebook 海报 生成器 | Lovart,2026-07-12,2,"WATCH: 等 Google 索引窗口, 14 天后仍未进 GA4 → Tier B"
tierA-fresh,feature,ru,ai-poster-generator-illustration-optimization,/ru/features/ai-poster-generator-illustration-optimization,facebook 海报 生成器 | Lovart,2026-07-12,2,"WATCH: 等 Google 索引窗口, 14 天后仍未进 GA4 → Tier B"
tierA-fresh,feature,zh-TW,ai-presentation-slides-generator,/zh-TW/features/ai-presentation-slides-generator,Ai Presentation Slides Generator | Lovart,2026-07-12,2,"WATCH: 等 Google 索引窗口, 14 天后仍未进 GA4 → Tier B"
tierA-fresh,feature,it,ai-product-display-generator,/it/features/ai-product-display-generator,product display 生成器 | Lovart,2026-07-12,2,"WATCH: 等 Google 索引窗口, 14 天后仍未进 GA4 → Tier B"
tierA-fresh,feature,ru,ai-product-display-generator,/ru/features/ai-product-display-generator,product display 生成器 | Lovart,2026-07-12,2,"WATCH: 等 Google 索引窗口, 14 天后仍未进 GA4 → Tier B"
tierA-fresh,feature,zh-TW,ai-product-display-generator,/zh-TW/features/ai-product-display-generator,Ai Product Display Generator | Lovart,2026-07-12,2,"WATCH: 等 Google 索引窗口, 14 天后仍未进 GA4 → Tier B"
tierA-fresh,feature,zh-TW,ai-product-image-generator,/zh-TW/features/ai-product-image-generator,Ai Product Image Generator | Lovart,2026-07-12,2,"WATCH: 等 Google 索引窗口, 14 天后仍未进 GA4 → Tier B"
tierA-fresh,feature,zh-TW,ai-product-video-seedance,/zh-TW/features/ai-product-video-seedance,Ai Product Video Seedance | Lovart,2026-07-12,2,"WATCH: 等 Google 索引窗口, 14 天后仍未进 GA4 → Tier B"
tierA-fresh,feature,zh-TW,ai-retargeting-ad-generator,/zh-TW/features/ai-retargeting-ad-generator,Ai Retargeting Ad Generator | Lovart,2026-07-12,2,"WATCH: 等 Google 索引窗口, 14 天后仍未进 GA4 → Tier B"
tierA-fresh,feature,zh-TW,ai-short-video-generator,/zh-TW/features/ai-short-video-generator,Ai Short Video Generator | Lovart,2026-07-12,2,"WATCH: 等 Google 索引窗口, 14 天后仍未进 GA4 → Tier B"
tierA-fresh,feature,fr,ai-social-media-content-generator,/fr/features/ai-social-media-content-generator,social media content 生成器 | Lovart,2026-07-12,2,"WATCH: 等 Google 索引窗口, 14 天后仍未进 GA4 → Tier B"
tierA-fresh,feature,it,ai-social-media-content-generator,/it/features/ai-social-media-content-generator,social media content 生成器 | Lovart,2026-07-12,2,"WATCH: 等 Google 索引窗口, 14 天后仍未进 GA4 → Tier B"
tierA-fresh,feature,ja,ai-social-media-content-generator,/ja/features/ai-social-media-content-generator,social media content 生成器 | Lovart,2026-07-12,2,"WATCH: 等 Google 索引窗口, 14 天后仍未进 GA4 → Tier B"
tierA-fresh,feature,ko,ai-social-media-content-generator,/ko/features/ai-social-media-content-generator,social media content 生成器 | Lovart,2026-07-12,2,"WATCH: 等 Google 索引窗口, 14 天后仍未进 GA4 → Tier B"
tierA-fresh,feature,pt,ai-social-media-content-generator,/pt/features/ai-social-media-content-generator,social media content 生成器 | Lovart,2026-07-12,2,"WATCH: 等 Google 索引窗口, 14 天后仍未进 GA4 → Tier B"
tierA-fresh,feature,ru,ai-social-media-content-generator,/ru/features/ai-social-media-content-generator,social media content 生成器 | Lovart,2026-07-12,2,"WATCH: 等 Google 索引窗口, 14 天后仍未进 GA4 → Tier B"
tierA-fresh,feature,zh-TW,ai-social-media-content-generator,/zh-TW/features/ai-social-media-content-generator,Ai Social Media Content Generator | Lovart,2026-07-12,2,"WATCH: 等 Google 索引窗口, 14 天后仍未进 GA4 → Tier B"
tierA-fresh,feature,zh-TW,ai-social-media-post-maker,/zh-TW/features/ai-social-media-post-maker,Ai Social Media Post Maker | Lovart,2026-07-12,2,"WATCH: 等 Google 索引窗口, 14 天后仍未进 GA4 → Tier B"
tierA-fresh,feature,zh-TW,ai-subscription-fatigue-utility,/zh-TW/features/ai-subscription-fatigue-utility,Ai Subscription Fatigue Utility | Lovart,2026-07-12,2,"WATCH: 等 Google 索引窗口, 14 天后仍未进 GA4 → Tier B"
tierA-fresh,feature,ja,ai-text-to-image-generator,/ja/features/ai-text-to-image-generator,text 图像 生成器 | Lovart,2026-07-12,2,"WATCH: 等 Google 索引窗口, 14 天后仍未进 GA4 → Tier B"
tierA-fresh,feature,ru,ai-text-to-image-generator,/ru/features/ai-text-to-image-generator,text 图像 生成器 | Lovart,2026-07-12,2,"WATCH: 等 Google 索引窗口, 14 天后仍未进 GA4 → Tier B"
tierA-fresh,feature,zh-TW,ai-text-to-image-generator,/zh-TW/features/ai-text-to-image-generator,Ai Text To Image Generator | Lovart,2026-07-12,2,"WATCH: 等 Google 索引窗口, 14 天后仍未进 GA4 → Tier B"
tierA-fresh,feature,fr,ai-tiktok-thumbnail-maker,/fr/features/ai-tiktok-thumbnail-maker,tiktok thumbnail 制作 | Lovart,2026-07-12,2,"WATCH: 等 Google 索引窗口, 14 天后仍未进 GA4 → Tier B"
tierA-fresh,feature,ja,ai-tiktok-thumbnail-maker,/ja/features/ai-tiktok-thumbnail-maker,tiktok thumbnail 制作 | Lovart,2026-07-12,2,"WATCH: 等 Google 索引窗口, 14 天后仍未进 GA4 → Tier B"
tierA-fresh,feature,ko,ai-tiktok-thumbnail-maker,/ko/features/ai-tiktok-thumbnail-maker,tiktok thumbnail 制作 | Lovart,2026-07-12,2,"WATCH: 等 Google 索引窗口, 14 天后仍未进 GA4 → Tier B"
tierA-fresh,feature,zh-TW,ai-tiktok-thumbnail-maker,/zh-TW/features/ai-tiktok-thumbnail-maker,Ai Tiktok Thumbnail Maker | Lovart,2026-07-12,2,"WATCH: 等 Google 索引窗口, 14 天后仍未进 GA4 → Tier B"
tierA-fresh,feature,ja,ai-twitch-overlay-generator,/ja/features/ai-twitch-overlay-generator,affiliate ads 生成器 | Lovart,2026-07-12,2,"WATCH: 等 Google 索引窗口, 14 天后仍未进 GA4 → Tier B"
tierA-fresh,feature,zh-TW,ai-twitter-header-creator,/zh-TW/features/ai-twitter-header-creator,Ai Twitter Header Creator | Lovart,2026-07-12,2,"WATCH: 等 Google 索引窗口, 14 天后仍未进 GA4 → Tier B"
tierA-fresh,feature,zh-TW,ai-twitter-x-post-generator,/zh-TW/features/ai-twitter-x-post-generator,Ai Twitter X Post Generator | Lovart,2026-07-12,2,"WATCH: 等 Google 索引窗口, 14 天后仍未进 GA4 → Tier B"
tierA-fresh,feature,zh-TW,ai-video-agent-for-ads,/zh-TW/features/ai-video-agent-for-ads,Ai Video Agent For Ads | Lovart,2026-07-12,2,"WATCH: 等 Google 索引窗口, 14 天后仍未进 GA4 → Tier B"
tierA-fresh,feature,zh-TW,ai-video-agent-for-ecommerce,/zh-TW/features/ai-video-agent-for-ecommerce,Ai Video Agent For Ecommerce | Lovart,2026-07-12,2,"WATCH: 等 Google 索引窗口, 14 天后仍未进 GA4 → Tier B"
tierA-fresh,feature,zh-TW,ai-video-agent-for-instagram-reels,/zh-TW/features/ai-video-agent-for-instagram-reels,Ai Video Agent For Instagram Reels | Lovart,2026-07-12,2,"WATCH: 等 Google 索引窗口, 14 天后仍未进 GA4 → Tier B"
tierA-fresh,feature,zh-TW,ai-video-agent-for-tiktok,/zh-TW/features/ai-video-agent-for-tiktok,Ai Video Agent For Tiktok | Lovart,2026-07-12,2,"WATCH: 等 Google 索引窗口, 14 天后仍未进 GA4 → Tier B"
tierA-fresh,feature,zh-TW,ai-video-agent-workflow,/zh-TW/features/ai-video-agent-workflow,Ai Video Agent Workflow | Lovart,2026-07-12,2,"WATCH: 等 Google 索引窗口, 14 天后仍未进 GA4 → Tier B"
tierA-fresh,feature,zh-TW,ai-video-agent,/zh-TW/features/ai-video-agent,Ai Video Agent | Lovart,2026-07-12,2,"WATCH: 等 Google 索引窗口, 14 天后仍未进 GA4 → Tier B"
tierA-fresh,feature,zh-TW,ai-video-enhancer-remaster-veo3,/zh-TW/features/ai-video-enhancer-remaster-veo3,Ai Video Enhancer Remaster Veo3 | Lovart,2026-07-12,2,"WATCH: 等 Google 索引窗口, 14 天后仍未进 GA4 → Tier B"
tierA-fresh,feature,zh-TW,ai-video-generator-no-templates,/zh-TW/features/ai-video-generator-no-templates,Ai Video Generator No Templates | Lovart,2026-07-12,2,"WATCH: 等 Google 索引窗口, 14 天后仍未进 GA4 → Tier B"
tierA-fresh,feature,zh-TW,ai-video-generator-text-to-video,/zh-TW/features/ai-video-generator-text-to-video,Ai Video Generator Text To Video | Lovart,2026-07-12,2,"WATCH: 等 Google 索引窗口, 14 天后仍未进 GA4 → Tier B"
tierA-fresh,feature,it,ai-video-generator-workflow,/it/features/ai-video-generator-workflow,视频 生成器 workflow | Lovart,2026-07-12,2,"WATCH: 等 Google 索引窗口, 14 天后仍未进 GA4 → Tier B"
tierA-fresh,feature,ja,ai-video-generator-workflow,/ja/features/ai-video-generator-workflow,视频 生成器 workflow | Lovart,2026-07-12,2,"WATCH: 等 Google 索引窗口, 14 天后仍未进 GA4 → Tier B"
tierA-fresh,feature,ko,ai-video-generator-workflow,/ko/features/ai-video-generator-workflow,视频 生成器 workflow | Lovart,2026-07-12,2,"WATCH: 等 Google 索引窗口, 14 天后仍未进 GA4 → Tier B"
tierA-fresh,feature,ru,ai-video-generator-workflow,/ru/features/ai-video-generator-workflow,视频 生成器 workflow | Lovart,2026-07-12,2,"WATCH: 等 Google 索引窗口, 14 天后仍未进 GA4 → Tier B"
tierA-fresh,feature,zh-TW,ai-video-generator-workflow,/zh-TW/features/ai-video-generator-workflow,Ai Video Generator Workflow | Lovart,2026-07-12,2,"WATCH: 等 Google 索引窗口, 14 天后仍未进 GA4 → Tier B"
tierA-fresh,feature,zh-TW,ai-video-generator,/zh-TW/features/ai-video-generator,Ai Video Generator | Lovart,2026-07-12,2,"WATCH: 等 Google 索引窗口, 14 天后仍未进 GA4 → Tier B"
tierA-fresh,feature,zh-TW,ai-video-optimization,/zh-TW/features/ai-video-optimization,Ai Video Optimization | Lovart,2026-07-12,2,"WATCH: 等 Google 索引窗口, 14 天后仍未进 GA4 → Tier B"
tierA-fresh,feature,it,ai-video-prompt-generator-veo-sora,/it/features/ai-video-prompt-generator-veo-sora,视频 prompt 生成器 veo sora | Lovart,2026-07-12,2,"WATCH: 等 Google 索引窗口, 14 天后仍未进 GA4 → Tier B"
tierA-fresh,feature,ja,ai-video-prompt-generator-veo-sora,/ja/features/ai-video-prompt-generator-veo-sora,视频 prompt 生成器 veo sora | Lovart,2026-07-12,2,"WATCH: 等 Google 索引窗口, 14 天后仍未进 GA4 → Tier B"
tierA-fresh,feature,ko,ai-video-prompt-generator-veo-sora,/ko/features/ai-video-prompt-generator-veo-sora,视频 prompt 生成器 veo sora | Lovart,2026-07-12,2,"WATCH: 等 Google 索引窗口, 14 天后仍未进 GA4 → Tier B"
tierA-fresh,feature,zh-TW,ai-video-prompt-generator-veo-sora,/zh-TW/features/ai-video-prompt-generator-veo-sora,Ai Video Prompt Generator Veo Sora | Lovart,2026-07-12,2,"WATCH: 等 Google 索引窗口, 14 天后仍未进 GA4 → Tier B"
tierA-fresh,feature,it,ai-youtube-banner-maker,/it/features/ai-youtube-banner-maker,设计 viral youtube thumbnails | Lovart,2026-07-12,2,"WATCH: 等 Google 索引窗口, 14 天后仍未进 GA4 → Tier B"
tierA-fresh,feature,ja,ai-youtube-banner-maker,/ja/features/ai-youtube-banner-maker,设计 viral youtube thumbnails | Lovart,2026-07-12,2,"WATCH: 等 Google 索引窗口, 14 天后仍未进 GA4 → Tier B"
tierA-fresh,feature,ko,ai-youtube-banner-maker,/ko/features/ai-youtube-banner-maker,设计 viral youtube thumbnails | Lovart,2026-07-12,2,"WATCH: 等 Google 索引窗口, 14 天后仍未进 GA4 → Tier B"
tierA-fresh,feature,pt,ai-youtube-banner-maker,/pt/features/ai-youtube-banner-maker,设计 viral youtube thumbnails | Lovart,2026-07-12,2,"WATCH: 等 Google 索引窗口, 14 天后仍未进 GA4 → Tier B"
tierA-fresh,feature,ru,ai-youtube-banner-maker,/ru/features/ai-youtube-banner-maker,设计 viral youtube thumbnails | Lovart,2026-07-12,2,"WATCH: 等 Google 索引窗口, 14 天后仍未进 GA4 → Tier B"
tierA-fresh,feature,ja,ai-youtube-thumbnail-generator,/ja/features/ai-youtube-thumbnail-generator,ad thumbnail 生成器 | Lovart,2026-07-12,2,"WATCH: 等 Google 索引窗口, 14 天后仍未进 GA4 → Tier B"
tierA-fresh,feature,fr,album-cover-design,/fr/features/album-cover-design,书籍 封面 设计 | Lovart,2026-07-12,2,"WATCH: 等 Google 索引窗口, 14 天后仍未进 GA4 → Tier B"
tierA-fresh,feature,it,album-cover-design,/it/features/album-cover-design,书籍 封面 设计 | Lovart,2026-07-12,2,"WATCH: 等 Google 索引窗口, 14 天后仍未进 GA4 → Tier B"
tierA-fresh,feature,ko,album-cover-design,/ko/features/album-cover-design,书籍 封面 设计 | Lovart,2026-07-12,2,"WATCH: 等 Google 索引窗口, 14 天后仍未进 GA4 → Tier B"
tierA-fresh,feature,pt,album-cover-design,/pt/features/album-cover-design,书籍 封面 设计 | Lovart,2026-07-12,2,"WATCH: 等 Google 索引窗口, 14 天后仍未进 GA4 → Tier B"
tierA-fresh,feature,ru,album-cover-design,/ru/features/album-cover-design,书籍 封面 设计 | Lovart,2026-07-12,2,"WATCH: 等 Google 索引窗口, 14 天后仍未进 GA4 → Tier B"
tierA-fresh,feature,zh-TW,all-in-one-ai-models,/zh-TW/features/all-in-one-ai-models,All In One Ai Models | Lovart,2026-07-12,2,"WATCH: 等 Google 索引窗口, 14 天后仍未进 GA4 → Tier B"
tierA-fresh,feature,zh-TW,all-in-one-ai-video-generator,/zh-TW/features/all-in-one-ai-video-generator,All In One Ai Video Generator | Lovart,2026-07-12,2,"WATCH: 等 Google 索引窗口, 14 天后仍未进 GA4 → Tier B"
tierA-fresh,feature,zh-TW,amazon-listing-design-optimization,/zh-TW/features/amazon-listing-design-optimization,Amazon Listing Design Optimization | Lovart,2026-07-12,2,"WATCH: 等 Google 索引窗口, 14 天后仍未进 GA4 → Tier B"
tierA-fresh,feature,zh-TW,anniversary-card-design,/zh-TW/features/anniversary-card-design,Anniversary Card Design | Lovart,2026-07-12,2,"WATCH: 等 Google 索引窗口, 14 天后仍未进 GA4 → Tier B"
tierA-fresh,feature,fr,baby-shower-invitation-design,/fr/features/baby-shower-invitation-design,baby shower invitation 设计 | Lovart,2026-07-12,2,"WATCH: 等 Google 索引窗口, 14 天后仍未进 GA4 → Tier B"
tierA-fresh,feature,it,baby-shower-invitation-design,/it/features/baby-shower-invitation-design,baby shower invitation 设计 | Lovart,2026-07-12,2,"WATCH: 等 Google 索引窗口, 14 天后仍未进 GA4 → Tier B"
tierA-fresh,feature,ko,baby-shower-invitation-design,/ko/features/baby-shower-invitation-design,baby shower invitation 设计 | Lovart,2026-07-12,2,"WATCH: 等 Google 索引窗口, 14 天后仍未进 GA4 → Tier B"
tierA-fresh,feature,pt,baby-shower-invitation-design,/pt/features/baby-shower-invitation-design,baby shower invitation 设计 | Lovart,2026-07-12,2,"WATCH: 等 Google 索引窗口, 14 天后仍未进 GA4 → Tier B"
tierA-fresh,feature,ru,baby-shower-invitation-design,/ru/features/baby-shower-invitation-design,baby shower invitation 设计 | Lovart,2026-07-12,2,"WATCH: 等 Google 索引窗口, 14 天后仍未进 GA4 → Tier B"
tierA-fresh,feature,zh-TW,baby-shower-invitation-design,/zh-TW/features/baby-shower-invitation-design,Baby Shower Invitation Design | Lovart,2026-07-12,2,"WATCH: 等 Google 索引窗口, 14 天后仍未进 GA4 → Tier B"
tierA-fresh,feature,zh-TW,bakery-menu-design,/zh-TW/features/bakery-menu-design,Bakery Menu Design | Lovart,2026-07-12,2,"WATCH: 等 Google 索引窗口, 14 天后仍未进 GA4 → Tier B"
tierA-fresh,feature,fr,banner-design,/fr/features/banner-design,e learning 横幅 设计 | Lovart,2026-07-12,2,"WATCH: 等 Google 索引窗口, 14 天后仍未进 GA4 → Tier B"
tierA-fresh,feature,it,banner-design,/it/features/banner-design,e learning 横幅 设计 | Lovart,2026-07-12,2,"WATCH: 等 Google 索引窗口, 14 天后仍未进 GA4 → Tier B"
tierA-fresh,feature,ko,banner-design,/ko/features/banner-design,e learning 横幅 设计 | Lovart,2026-07-12,2,"WATCH: 等 Google 索引窗口, 14 天后仍未进 GA4 → Tier B"
tierA-fresh,feature,pt,banner-design,/pt/features/banner-design,e learning 横幅 设计 | Lovart,2026-07-12,2,"WATCH: 等 Google 索引窗口, 14 天后仍未进 GA4 → Tier B"
tierA-fresh,feature,ru,banner-design,/ru/features/banner-design,e learning 横幅 设计 | Lovart,2026-07-12,2,"WATCH: 等 Google 索引窗口, 14 天后仍未进 GA4 → Tier B"
tierA-fresh,feature,zh-TW,bar-menu-design,/zh-TW/features/bar-menu-design,Bar Menu Design | Lovart,2026-07-12,2,"WATCH: 等 Google 索引窗口, 14 天后仍未进 GA4 → Tier B"
tierA-fresh,feature,zh-TW,best-ai-image-generator-2026,/zh-TW/features/best-ai-image-generator-2026,Best Ai Image Generator 2026 | Lovart,2026-07-12,2,"WATCH: 等 Google 索引窗口, 14 天后仍未进 GA4 → Tier B"
tierA-fresh,feature,ko,birthday-invitation-design,/ko/features/birthday-invitation-design,birthday invitation 设计 | Lovart,2026-07-12,2,"WATCH: 等 Google 索引窗口, 14 天后仍未进 GA4 → Tier B"
tierA-fresh,feature,pt,birthday-invitation-design,/pt/features/birthday-invitation-design,birthday invitation 设计 | Lovart,2026-07-12,2,"WATCH: 等 Google 索引窗口, 14 天后仍未进 GA4 → Tier B"
tierA-fresh,feature,ru,birthday-invitation-design,/ru/features/birthday-invitation-design,birthday invitation 设计 | Lovart,2026-07-12,2,"WATCH: 等 Google 索引窗口, 14 天后仍未进 GA4 → Tier B"
tierA-fresh,feature,zh-TW,birthday-invitation-design,/zh-TW/features/birthday-invitation-design,Birthday Invitation Design | Lovart,2026-07-12,2,"WATCH: 等 Google 索引窗口, 14 天后仍未进 GA4 → Tier B"
tierA-fresh,feature,zh-TW,blog-post-to-instagram-ai-repurposing,/zh-TW/features/blog-post-to-instagram-ai-repurposing,Blog Post To Instagram Ai Repurposing | Lovart,2026-07-12,2,"WATCH: 等 Google 索引窗口, 14 天后仍未进 GA4 → Tier B"
tierA-fresh,feature,zh-TW,book-cover-design,/zh-TW/features/book-cover-design,Book Cover Design | Lovart,2026-07-12,2,"WATCH: 等 Google 索引窗口, 14 天后仍未进 GA4 → Tier B"
tierA-fresh,feature,fr,brand-hashtag-visual-generator,/fr/features/brand-hashtag-visual-generator,品牌 hashtag visual 生成器 | Lovart,2026-07-12,2,"WATCH: 等 Google 索引窗口, 14 天后仍未进 GA4 → Tier B"
tierA-fresh,feature,ko,brand-hashtag-visual-generator,/ko/features/brand-hashtag-visual-generator,品牌 hashtag visual 生成器 | Lovart,2026-07-12,2,"WATCH: 等 Google 索引窗口, 14 天后仍未进 GA4 → Tier B"
tierA-fresh,feature,pt,brand-hashtag-visual-generator,/pt/features/brand-hashtag-visual-generator,品牌 hashtag visual 生成器 | Lovart,2026-07-12,2,"WATCH: 等 Google 索引窗口, 14 天后仍未进 GA4 → Tier B"
tierA-fresh,feature,zh-TW,brand-hashtag-visual-generator,/zh-TW/features/brand-hashtag-visual-generator,Brand Hashtag Visual Generator | Lovart,2026-07-12,2,"WATCH: 等 Google 索引窗口, 14 天后仍未进 GA4 → Tier B"
tierA-fresh,feature,zh-TW,brochure-design,/zh-TW/features/brochure-design,Brochure Design | Lovart,2026-07-12,2,"WATCH: 等 Google 索引窗口, 14 天后仍未进 GA4 → Tier B"
tierA-fresh,feature,it,cafe-menu-design,/it/features/cafe-menu-design,cafe menu 设计 | Lovart,2026-07-12,2,"WATCH: 等 Google 索引窗口, 14 天后仍未进 GA4 → Tier B"
tierA-fresh,feature,ko,cafe-menu-design,/ko/features/cafe-menu-design,cafe menu 设计 | Lovart,2026-07-12,2,"WATCH: 等 Google 索引窗口, 14 天后仍未进 GA4 → Tier B"
tierA-fresh,feature,ru,cafe-menu-design,/ru/features/cafe-menu-design,cafe menu 设计 | Lovart,2026-07-12,2,"WATCH: 等 Google 索引窗口, 14 天后仍未进 GA4 → Tier B"
tierA-fresh,feature,zh-TW,cafe-menu-design,/zh-TW/features/cafe-menu-design,Cafe Menu Design | Lovart,2026-07-12,2,"WATCH: 等 Google 索引窗口, 14 天后仍未进 GA4 → Tier B"
tierA-fresh,feature,it,catering-menu-design,/it/features/catering-menu-design,cafe menu 设计 | Lovart,2026-07-12,2,"WATCH: 等 Google 索引窗口, 14 天后仍未进 GA4 → Tier B"
tierA-fresh,feature,ko,catering-menu-design,/ko/features/catering-menu-design,cafe menu 设计 | Lovart,2026-07-12,2,"WATCH: 等 Google 索引窗口, 14 天后仍未进 GA4 → Tier B"
tierA-fresh,feature,pt,catering-menu-design,/pt/features/catering-menu-design,cafe menu 设计 | Lovart,2026-07-12,2,"WATCH: 等 Google 索引窗口, 14 天后仍未进 GA4 → Tier B"
tierA-fresh,feature,ja,certificate-design,/ja/features/certificate-design,certificate 设计 | Lovart,2026-07-12,2,"WATCH: 等 Google 索引窗口, 14 天后仍未进 GA4 → Tier B"
tierA-fresh,feature,ko,certificate-design,/ko/features/certificate-design,certificate 设计 | Lovart,2026-07-12,2,"WATCH: 等 Google 索引窗口, 14 天后仍未进 GA4 → Tier B"
tierA-fresh,feature,pt,certificate-design,/pt/features/certificate-design,certificate 设计 | Lovart,2026-07-12,2,"WATCH: 等 Google 索引窗口, 14 天后仍未进 GA4 → Tier B"
tierA-fresh,feature,ru,certificate-design,/ru/features/certificate-design,certificate 设计 | Lovart,2026-07-12,2,"WATCH: 等 Google 索引窗口, 14 天后仍未进 GA4 → Tier B"
tierA-fresh,feature,zh-TW,certificate-design,/zh-TW/features/certificate-design,Certificate Design | Lovart,2026-07-12,2,"WATCH: 等 Google 索引窗口, 14 天后仍未进 GA4 → Tier B"
tierA-fresh,feature,it,chef-business-card-design,/it/features/chef-business-card-design,chef 商务 卡片 设计 | Lovart,2026-07-12,2,"WATCH: 等 Google 索引窗口, 14 天后仍未进 GA4 → Tier B"
tierA-fresh,feature,ko,chef-business-card-design,/ko/features/chef-business-card-design,chef 商务 卡片 设计 | Lovart,2026-07-12,2,"WATCH: 等 Google 索引窗口, 14 天后仍未进 GA4 → Tier B"
tierA-fresh,feature,zh-TW,chef-business-card-design,/zh-TW/features/chef-business-card-design,Chef Business Card Design | Lovart,2026-07-12,2,"WATCH: 等 Google 索引窗口, 14 天后仍未进 GA4 → Tier B"
tierA-fresh,feature,zh-TW,classroom-poster-design,/zh-TW/features/classroom-poster-design,Classroom Poster Design | Lovart,2026-07-12,2,"WATCH: 等 Google 索引窗口, 14 天后仍未进 GA4 → Tier B"
tierA-fresh,feature,it,company-brochure-design,/it/features/company-brochure-design,company 宣传册 设计 | Lovart,2026-07-12,2,"WATCH: 等 Google 索引窗口, 14 天后仍未进 GA4 → Tier B"
tierA-fresh,feature,ko,company-brochure-design,/ko/features/company-brochure-design,company 宣传册 设计 | Lovart,2026-07-12,2,"WATCH: 等 Google 索引窗口, 14 天后仍未进 GA4 → Tier B"
tierA-fresh,feature,zh-TW,company-brochure-design,/zh-TW/features/company-brochure-design,Company Brochure Design | Lovart,2026-07-12,2,"WATCH: 等 Google 索引窗口, 14 天后仍未进 GA4 → Tier B"
tierA-fresh,feature,ko,concert-poster-design,/ko/features/concert-poster-design,concert 海报 设计 | Lovart,2026-07-12,2,"WATCH: 等 Google 索引窗口, 14 天后仍未进 GA4 → Tier B"
tierA-fresh,feature,pt,concert-poster-design,/pt/features/concert-poster-design,concert 海报 设计 | Lovart,2026-07-12,2,"WATCH: 等 Google 索引窗口, 14 天后仍未进 GA4 → Tier B"
tierA-fresh,feature,ru,concert-poster-design,/ru/features/concert-poster-design,concert 海报 设计 | Lovart,2026-07-12,2,"WATCH: 等 Google 索引窗口, 14 天后仍未进 GA4 → Tier B"
tierA-fresh,feature,zh-TW,concert-poster-design,/zh-TW/features/concert-poster-design,Concert Poster Design | Lovart,2026-07-12,2,"WATCH: 等 Google 索引窗口, 14 天后仍未进 GA4 → Tier B"
tierA-fresh,feature,zh-TW,create-editable-brand-kit-ai-agent,/zh-TW/features/create-editable-brand-kit-ai-agent,Create Editable Brand Kit Ai Agent | Lovart,2026-07-12,2,"WATCH: 等 Google 索引窗口, 14 天后仍未进 GA4 → Tier B"
tierA-fresh,feature,zh-TW,create-mockups-with-brand-kit-ai,/zh-TW/features/create-mockups-with-brand-kit-ai,Create Mockups With Brand Kit Ai | Lovart,2026-07-12,2,"WATCH: 等 Google 索引窗口, 14 天后仍未进 GA4 → Tier B"
tierA-fresh,feature,zh-TW,create-videos-from-images-or-text-seedance,/zh-TW/features/create-videos-from-images-or-text-seedance,Create Videos From Images Or Text Seedance | Lovart,2026-07-12,2,"WATCH: 等 Google 索引窗口, 14 天后仍未进 GA4 → Tier B"
tierA-fresh,feature,fr,custom-business-flyer-design,/fr/features/custom-business-flyer-design,custom 商务 flyer 设计 | Lovart,2026-07-12,2,"WATCH: 等 Google 索引窗口, 14 天后仍未进 GA4 → Tier B"
tierA-fresh,feature,it,custom-business-flyer-design,/it/features/custom-business-flyer-design,custom 商务 flyer 设计 | Lovart,2026-07-12,2,"WATCH: 等 Google 索引窗口, 14 天后仍未进 GA4 → Tier B"
tierA-fresh,feature,ja,custom-business-flyer-design,/ja/features/custom-business-flyer-design,custom 商务 flyer 设计 | Lovart,2026-07-12,2,"WATCH: 等 Google 索引窗口, 14 天后仍未进 GA4 → Tier B"
tierA-fresh,feature,pt,custom-business-flyer-design,/pt/features/custom-business-flyer-design,custom 商务 flyer 设计 | Lovart,2026-07-12,2,"WATCH: 等 Google 索引窗口, 14 天后仍未进 GA4 → Tier B"
tierA-fresh,feature,zh-TW,custom-business-flyer-design,/zh-TW/features/custom-business-flyer-design,Custom Business Flyer Design | Lovart,2026-07-12,2,"WATCH: 等 Google 索引窗口, 14 天后仍未进 GA4 → Tier B"
tierA-fresh,feature,zh-TW,design-viral-youtube-thumbnails-ai-by-lovart,/zh-TW/features/design-viral-youtube-thumbnails-ai-by-lovart,Design Viral Youtube Thumbnails Ai By Lovart | Lovart,2026-07-12,2,"WATCH: 等 Google 索引窗口, 14 天后仍未进 GA4 → Tier B"
tierA-fresh,feature,zh-TW,diploma-design,/zh-TW/features/diploma-design,Diploma Design | Lovart,2026-07-12,2,"WATCH: 等 Google 索引窗口, 14 天后仍未进 GA4 → Tier B"
tierA-fresh,feature,zh-TW,discount-banner-design,/zh-TW/features/discount-banner-design,Discount Banner Design | Lovart,2026-07-12,2,"WATCH: 等 Google 索引窗口, 14 天后仍未进 GA4 → Tier B"
tierA-fresh,feature,it,e-learning-banner-design,/it/features/e-learning-banner-design,e learning 横幅 设计 | Lovart,2026-07-12,2,"WATCH: 等 Google 索引窗口, 14 天后仍未进 GA4 → Tier B"
tierA-fresh,feature,zh-TW,e-learning-banner-design,/zh-TW/features/e-learning-banner-design,E Learning Banner Design | Lovart,2026-07-12,2,"WATCH: 等 Google 索引窗口, 14 天后仍未进 GA4 → Tier B"
tierA-fresh,feature,fr,ecommerce-banner-design,/fr/features/ecommerce-banner-design,e learning 横幅 设计 | Lovart,2026-07-12,2,"WATCH: 等 Google 索引窗口, 14 天后仍未进 GA4 → Tier B"
tierA-fresh,feature,ko,ecommerce-banner-design,/ko/features/ecommerce-banner-design,e learning 横幅 设计 | Lovart,2026-07-12,2,"WATCH: 等 Google 索引窗口, 14 天后仍未进 GA4 → Tier B"
tierA-fresh,feature,fr,engagement-invitation-design,/fr/features/engagement-invitation-design,engagement invitation 设计 | Lovart,2026-07-12,2,"WATCH: 等 Google 索引窗口, 14 天后仍未进 GA4 → Tier B"
tierA-fresh,feature,it,engagement-invitation-design,/it/features/engagement-invitation-design,engagement invitation 设计 | Lovart,2026-07-12,2,"WATCH: 等 Google 索引窗口, 14 天后仍未进 GA4 → Tier B"
tierA-fresh,feature,ko,engagement-invitation-design,/ko/features/engagement-invitation-design,engagement invitation 设计 | Lovart,2026-07-12,2,"WATCH: 等 Google 索引窗口, 14 天后仍未进 GA4 → Tier B"
tierA-fresh,feature,pt,engagement-invitation-design,/pt/features/engagement-invitation-design,engagement invitation 设计 | Lovart,2026-07-12,2,"WATCH: 等 Google 索引窗口, 14 天后仍未进 GA4 → Tier B"
tierA-fresh,feature,ru,engagement-invitation-design,/ru/features/engagement-invitation-design,engagement invitation 设计 | Lovart,2026-07-12,2,"WATCH: 等 Google 索引窗口, 14 天后仍未进 GA4 → Tier B"
tierA-fresh,feature,zh-TW,engagement-invitation-design,/zh-TW/features/engagement-invitation-design,Engagement Invitation Design | Lovart,2026-07-12,2,"WATCH: 等 Google 索引窗口, 14 天后仍未进 GA4 → Tier B"
tierA-fresh,feature,fr,event-poster-maker,/fr/features/event-poster-maker,event 海报 制作 | Lovart,2026-07-12,2,"WATCH: 等 Google 索引窗口, 14 天后仍未进 GA4 → Tier B"
tierA-fresh,feature,it,event-poster-maker,/it/features/event-poster-maker,event 海报 制作 | Lovart,2026-07-12,2,"WATCH: 等 Google 索引窗口, 14 天后仍未进 GA4 → Tier B"
tierA-fresh,feature,ko,event-poster-maker,/ko/features/event-poster-maker,event 海报 制作 | Lovart,2026-07-12,2,"WATCH: 等 Google 索引窗口, 14 天后仍未进 GA4 → Tier B"
tierA-fresh,feature,zh-TW,event-poster-maker,/zh-TW/features/event-poster-maker,Event Poster Maker | Lovart,2026-07-12,2,"WATCH: 等 Google 索引窗口, 14 天后仍未进 GA4 → Tier B"
tierA-fresh,feature,zh-TW,event-program-design,/zh-TW/features/event-program-design,Event Program Design | Lovart,2026-07-12,2,"WATCH: 等 Google 索引窗口, 14 天后仍未进 GA4 → Tier B"
tierA-fresh,feature,zh-TW,facebook-cover-design,/zh-TW/features/facebook-cover-design,Facebook Cover Design | Lovart,2026-07-12,2,"WATCH: 等 Google 索引窗口, 14 天后仍未进 GA4 → Tier B"
tierA-fresh,feature,ko,festival-banner-design,/ko/features/festival-banner-design,festival 横幅 设计 | Lovart,2026-07-12,2,"WATCH: 等 Google 索引窗口, 14 天后仍未进 GA4 → Tier B"
tierA-fresh,feature,zh-TW,festival-banner-design,/zh-TW/features/festival-banner-design,Festival Banner Design | Lovart,2026-07-12,2,"WATCH: 等 Google 索引窗口, 14 天后仍未进 GA4 → Tier B"
tierA-fresh,feature,it,flyer-design,/it/features/flyer-design,promotional flyer 设计 | Lovart,2026-07-12,2,"WATCH: 等 Google 索引窗口, 14 天后仍未进 GA4 → Tier B"
tierA-fresh,feature,ja,flyer-design,/ja/features/flyer-design,promotional flyer 设计 | Lovart,2026-07-12,2,"WATCH: 等 Google 索引窗口, 14 天后仍未进 GA4 → Tier B"
tierA-fresh,feature,ko,flyer-design,/ko/features/flyer-design,promotional flyer 设计 | Lovart,2026-07-12,2,"WATCH: 等 Google 索引窗口, 14 天后仍未进 GA4 → Tier B"
tierA-fresh,feature,pt,flyer-design,/pt/features/flyer-design,promotional flyer 设计 | Lovart,2026-07-12,2,"WATCH: 等 Google 索引窗口, 14 天后仍未进 GA4 → Tier B"
tierA-fresh,feature,zh-TW,food-banner-design,/zh-TW/features/food-banner-design,Food Banner Design | Lovart,2026-07-12,2,"WATCH: 等 Google 索引窗口, 14 天后仍未进 GA4 → Tier B"
tierA-fresh,feature,zh-TW,food-blog-header-design,/zh-TW/features/food-blog-header-design,Food Blog Header Design | Lovart,2026-07-12,2,"WATCH: 等 Google 索引窗口, 14 天后仍未进 GA4 → Tier B"
tierA-fresh,feature,zh-TW,food-delivery-app-design,/zh-TW/features/food-delivery-app-design,Food Delivery App Design | Lovart,2026-07-12,2,"WATCH: 等 Google 索引窗口, 14 天后仍未进 GA4 → Tier B"
tierA-fresh,feature,zh-TW,food-festival-poster-design,/zh-TW/features/food-festival-poster-design,Food Festival Poster Design | Lovart,2026-07-12,2,"WATCH: 等 Google 索引窗口, 14 天后仍未进 GA4 → Tier B"
tierA-fresh,feature,it,food-flyer-design,/it/features/food-flyer-design,promotional flyer 设计 | Lovart,2026-07-12,2,"WATCH: 等 Google 索引窗口, 14 天后仍未进 GA4 → Tier B"
tierA-fresh,feature,ja,food-flyer-design,/ja/features/food-flyer-design,promotional flyer 设计 | Lovart,2026-07-12,2,"WATCH: 等 Google 索引窗口, 14 天后仍未进 GA4 → Tier B"
tierA-fresh,feature,ko,food-flyer-design,/ko/features/food-flyer-design,promotional flyer 设计 | Lovart,2026-07-12,2,"WATCH: 等 Google 索引窗口, 14 天后仍未进 GA4 → Tier B"
tierA-fresh,feature,ru,food-flyer-design,/ru/features/food-flyer-design,promotional flyer 设计 | Lovart,2026-07-12,2,"WATCH: 等 Google 索引窗口, 14 天后仍未进 GA4 → Tier B"
tierA-fresh,feature,it,food-photography-layout-design,/it/features/food-photography-layout-design,food photography layout 设计 | Lovart,2026-07-12,2,"WATCH: 等 Google 索引窗口, 14 天后仍未进 GA4 → Tier B"
tierA-fresh,feature,ru,food-photography-layout-design,/ru/features/food-photography-layout-design,food photography layout 设计 | Lovart,2026-07-12,2,"WATCH: 等 Google 索引窗口, 14 天后仍未进 GA4 → Tier B"
tierA-fresh,feature,zh-TW,food-photography-layout-design,/zh-TW/features/food-photography-layout-design,Food Photography Layout Design | Lovart,2026-07-12,2,"WATCH: 等 Google 索引窗口, 14 天后仍未进 GA4 → Tier B"
tierA-fresh,feature,fr,food-poster-design,/fr/features/food-poster-design,food festival 海报 设计 | Lovart,2026-07-12,2,"WATCH: 等 Google 索引窗口, 14 天后仍未进 GA4 → Tier B"
tierA-fresh,feature,it,food-poster-design,/it/features/food-poster-design,food festival 海报 设计 | Lovart,2026-07-12,2,"WATCH: 等 Google 索引窗口, 14 天后仍未进 GA4 → Tier B"
tierA-fresh,feature,ko,food-poster-design,/ko/features/food-poster-design,food festival 海报 设计 | Lovart,2026-07-12,2,"WATCH: 等 Google 索引窗口, 14 天后仍未进 GA4 → Tier B"
tierA-fresh,feature,fr,food-recipe-card-design,/fr/features/food-recipe-card-design,chef 商务 卡片 设计 | Lovart,2026-07-12,2,"WATCH: 等 Google 索引窗口, 14 天后仍未进 GA4 → Tier B"
tierA-fresh,feature,it,food-recipe-card-design,/it/features/food-recipe-card-design,chef 商务 卡片 设计 | Lovart,2026-07-12,2,"WATCH: 等 Google 索引窗口, 14 天后仍未进 GA4 → Tier B"
tierA-fresh,feature,ko,food-recipe-card-design,/ko/features/food-recipe-card-design,chef 商务 卡片 设计 | Lovart,2026-07-12,2,"WATCH: 等 Google 索引窗口, 14 天后仍未进 GA4 → Tier B"
tierA-fresh,feature,ru,food-recipe-card-design,/ru/features/food-recipe-card-design,chef 商务 卡片 设计 | Lovart,2026-07-12,2,"WATCH: 等 Google 索引窗口, 14 天后仍未进 GA4 → Tier B"
tierA-fresh,feature,zh-TW,food-social-media-design,/zh-TW/features/food-social-media-design,Food Social Media Design | Lovart,2026-07-12,2,"WATCH: 等 Google 索引窗口, 14 天后仍未进 GA4 → Tier B"
tierA-fresh,feature,fr,food-truck-menu-design,/fr/features/food-truck-menu-design,food truck menu 设计 | Lovart,2026-07-12,2,"WATCH: 等 Google 索引窗口, 14 天后仍未进 GA4 → Tier B"
tierA-fresh,feature,it,food-truck-menu-design,/it/features/food-truck-menu-design,food truck menu 设计 | Lovart,2026-07-12,2,"WATCH: 等 Google 索引窗口, 14 天后仍未进 GA4 → Tier B"
tierA-fresh,feature,pt,food-truck-menu-design,/pt/features/food-truck-menu-design,food truck menu 设计 | Lovart,2026-07-12,2,"WATCH: 等 Google 索引窗口, 14 天后仍未进 GA4 → Tier B"
tierA-fresh,feature,ru,food-truck-menu-design,/ru/features/food-truck-menu-design,food truck menu 设计 | Lovart,2026-07-12,2,"WATCH: 等 Google 索引窗口, 14 天后仍未进 GA4 → Tier B"
tierA-fresh,feature,zh-TW,food-truck-menu-design,/zh-TW/features/food-truck-menu-design,Food Truck Menu Design | Lovart,2026-07-12,2,"WATCH: 等 Google 索引窗口, 14 天后仍未进 GA4 → Tier B"
tierA-fresh,feature,zh-TW,food-truck-wrap-design,/zh-TW/features/food-truck-wrap-design,Food Truck Wrap Design | Lovart,2026-07-12,2,"WATCH: 等 Google 索引窗口, 14 天后仍未进 GA4 → Tier B"
tierA-fresh,feature,zh-TW,free-online-tool,/zh-TW/features/free-online-tool,Free Online Tool | Lovart,2026-07-12,2,"WATCH: 等 Google 索引窗口, 14 天后仍未进 GA4 → Tier B"
tierA-fresh,feature,zh-TW,gpt-image-generator-ai,/zh-TW/features/gpt-image-generator-ai,Gpt Image Generator Ai | Lovart,2026-07-12,2,"WATCH: 等 Google 索引窗口, 14 天后仍未进 GA4 → Tier B"
tierA-fresh,feature,fr,graduation-invitation-design,/fr/features/graduation-invitation-design,graduation invitation 设计 | Lovart,2026-07-12,2,"WATCH: 等 Google 索引窗口, 14 天后仍未进 GA4 → Tier B"
tierA-fresh,feature,ja,graduation-invitation-design,/ja/features/graduation-invitation-design,graduation invitation 设计 | Lovart,2026-07-12,2,"WATCH: 等 Google 索引窗口, 14 天后仍未进 GA4 → Tier B"
tierA-fresh,feature,ko,graduation-invitation-design,/ko/features/graduation-invitation-design,graduation invitation 设计 | Lovart,2026-07-12,2,"WATCH: 等 Google 索引窗口, 14 天后仍未进 GA4 → Tier B"
tierA-fresh,feature,zh-TW,graduation-invitation-design,/zh-TW/features/graduation-invitation-design,Graduation Invitation Design | Lovart,2026-07-12,2,"WATCH: 等 Google 索引窗口, 14 天后仍未进 GA4 → Tier B"
tierA-fresh,feature,zh-TW,graphic-design,/zh-TW/features/graphic-design,Graphic Design | Lovart,2026-07-12,2,"WATCH: 等 Google 索引窗口, 14 天后仍未进 GA4 → Tier B"
tierA-fresh,feature,zh-TW,image-to-video-agent,/zh-TW/features/image-to-video-agent,Image To Video Agent | Lovart,2026-07-12,2,"WATCH: 等 Google 索引窗口, 14 天后仍未进 GA4 → Tier B"
tierA-fresh,feature,zh-TW,infinite-chatcanvas-ai-collaboration,/zh-TW/features/infinite-chatcanvas-ai-collaboration,Infinite Chatcanvas Ai Collaboration | Lovart,2026-07-12,2,"WATCH: 等 Google 索引窗口, 14 天后仍未进 GA4 → Tier B"
tierA-fresh,feature,zh-TW,infographic-design,/zh-TW/features/infographic-design,Infographic Design | Lovart,2026-07-12,2,"WATCH: 等 Google 索引窗口, 14 天后仍未进 GA4 → Tier B"
tierA-fresh,feature,zh-TW,instagram-highlight-cover-design,/zh-TW/features/instagram-highlight-cover-design,Instagram Highlight Cover Design | Lovart,2026-07-12,2,"WATCH: 等 Google 索引窗口, 14 天后仍未进 GA4 → Tier B"
tierA-fresh,feature,zh-TW,instagram-story-design,/zh-TW/features/instagram-story-design,Instagram Story Design | Lovart,2026-07-12,2,"WATCH: 等 Google 索引窗口, 14 天后仍未进 GA4 → Tier B"
tierA-fresh,feature,zh-TW,instagram-story-layout-ideas-generator,/zh-TW/features/instagram-story-layout-ideas-generator,Instagram Story Layout Ideas Generator | Lovart,2026-07-12,2,"WATCH: 等 Google 索引窗口, 14 天后仍未进 GA4 → Tier B"
tierA-fresh,feature,zh-TW,instagram-story-maker,/zh-TW/features/instagram-story-maker,Instagram Story Maker | Lovart,2026-07-12,2,"WATCH: 等 Google 索引窗口, 14 天后仍未进 GA4 → Tier B"
tierA-fresh,feature,zh-TW,launch-event-landing-page-generator,/zh-TW/features/launch-event-landing-page-generator,Launch Event Landing Page Generator | Lovart,2026-07-12,2,"WATCH: 等 Google 索引窗口, 14 天后仍未进 GA4 → Tier B"
tierA-fresh,feature,zh-TW,leonardo-ai-alternative,/zh-TW/features/leonardo-ai-alternative,Leonardo Ai Alternative | Lovart,2026-07-12,2,"WATCH: 等 Google 索引窗口, 14 天后仍未进 GA4 → Tier B"
tierA-fresh,feature,zh-TW,lesson-plan-design,/zh-TW/features/lesson-plan-design,Lesson Plan Design | Lovart,2026-07-12,2,"WATCH: 等 Google 索引窗口, 14 天后仍未进 GA4 → Tier B"
tierA-fresh,feature,fr,linkedin-ads-generator,/fr/features/linkedin-ads-generator,linkedin ads 生成器 | Lovart,2026-07-12,2,"WATCH: 等 Google 索引窗口, 14 天后仍未进 GA4 → Tier B"
tierA-fresh,feature,ko,linkedin-ads-generator,/ko/features/linkedin-ads-generator,linkedin ads 生成器 | Lovart,2026-07-12,2,"WATCH: 等 Google 索引窗口, 14 天后仍未进 GA4 → Tier B"
tierA-fresh,feature,ru,linkedin-ads-generator,/ru/features/linkedin-ads-generator,linkedin ads 生成器 | Lovart,2026-07-12,2,"WATCH: 等 Google 索引窗口, 14 天后仍未进 GA4 → Tier B"
tierA-fresh,feature,zh-TW,linkedin-ads-generator,/zh-TW/features/linkedin-ads-generator,Linkedin Ads Generator | Lovart,2026-07-12,2,"WATCH: 等 Google 索引窗口, 14 天后仍未进 GA4 → Tier B"
tierA-fresh,feature,fr,linkedin-banner-design-ai-generator-by-lovart,/fr/features/linkedin-banner-design-ai-generator-by-lovart,linkedin 横幅 设计 生成器 | Lovart,2026-07-12,2,"WATCH: 等 Google 索引窗口, 14 天后仍未进 GA4 → Tier B"
tierA-fresh,feature,it,linkedin-banner-design-ai-generator-by-lovart,/it/features/linkedin-banner-design-ai-generator-by-lovart,linkedin 横幅 设计 生成器 | Lovart,2026-07-12,2,"WATCH: 等 Google 索引窗口, 14 天后仍未进 GA4 → Tier B"
tierA-fresh,feature,ja,linkedin-banner-design-ai-generator-by-lovart,/ja/features/linkedin-banner-design-ai-generator-by-lovart,linkedin 横幅 设计 生成器 | Lovart,2026-07-12,2,"WATCH: 等 Google 索引窗口, 14 天后仍未进 GA4 → Tier B"
tierA-fresh,feature,ko,linkedin-banner-design-ai-generator-by-lovart,/ko/features/linkedin-banner-design-ai-generator-by-lovart,linkedin 横幅 设计 生成器 | Lovart,2026-07-12,2,"WATCH: 等 Google 索引窗口, 14 天后仍未进 GA4 → Tier B"
tierA-fresh,feature,pt,linkedin-banner-design-ai-generator-by-lovart,/pt/features/linkedin-banner-design-ai-generator-by-lovart,linkedin 横幅 设计 生成器 | Lovart,2026-07-12,2,"WATCH: 等 Google 索引窗口, 14 天后仍未进 GA4 → Tier B"
tierA-fresh,feature,fr,linkedin-banner-design-ai-generator,/fr/features/linkedin-banner-design-ai-generator,linkedin 横幅 设计 生成器 | Lovart,2026-07-12,2,"WATCH: 等 Google 索引窗口, 14 天后仍未进 GA4 → Tier B"
tierA-fresh,feature,it,linkedin-banner-design-ai-generator,/it/features/linkedin-banner-design-ai-generator,linkedin 横幅 设计 生成器 | Lovart,2026-07-12,2,"WATCH: 等 Google 索引窗口, 14 天后仍未进 GA4 → Tier B"
tierA-fresh,feature,ja,linkedin-banner-design-ai-generator,/ja/features/linkedin-banner-design-ai-generator,linkedin 横幅 设计 生成器 | Lovart,2026-07-12,2,"WATCH: 等 Google 索引窗口, 14 天后仍未进 GA4 → Tier B"
tierA-fresh,feature,zh-TW,linkedin-banner-design-ai-generator,/zh-TW/features/linkedin-banner-design-ai-generator,Linkedin Banner Design Ai Generator | Lovart,2026-07-12,2,"WATCH: 等 Google 索引窗口, 14 天后仍未进 GA4 → Tier B"
tierA-fresh,feature,ja,linkedin-banner-design,/ja/features/linkedin-banner-design,linkedin 横幅 设计 | Lovart,2026-07-12,2,"WATCH: 等 Google 索引窗口, 14 天后仍未进 GA4 → Tier B"
tierA-fresh,feature,ko,linkedin-banner-design,/ko/features/linkedin-banner-design,linkedin 横幅 设计 | Lovart,2026-07-12,2,"WATCH: 等 Google 索引窗口, 14 天后仍未进 GA4 → Tier B"
tierA-fresh,feature,zh-TW,linkedin-banner-design,/zh-TW/features/linkedin-banner-design,Linkedin Banner Design | Lovart,2026-07-12,2,"WATCH: 等 Google 索引窗口, 14 天后仍未进 GA4 → Tier B"
tierA-fresh,feature,it,linkedin-spotlight-ads-generator,/it/features/linkedin-spotlight-ads-generator,linkedin spotlight ads 生成器 | Lovart,2026-07-12,2,"WATCH: 等 Google 索引窗口, 14 天后仍未进 GA4 → Tier B"
tierA-fresh,feature,ko,linkedin-spotlight-ads-generator,/ko/features/linkedin-spotlight-ads-generator,linkedin spotlight ads 生成器 | Lovart,2026-07-12,2,"WATCH: 等 Google 索引窗口, 14 天后仍未进 GA4 → Tier B"
tierA-fresh,feature,zh-TW,linkedin-spotlight-ads-generator,/zh-TW/features/linkedin-spotlight-ads-generator,Linkedin Spotlight Ads Generator | Lovart,2026-07-12,2,"WATCH: 等 Google 索引窗口, 14 天后仍未进 GA4 → Tier B"
tierA-fresh,feature,fr,magazine-layout-design,/fr/features/magazine-layout-design,magazine layout 设计 | Lovart,2026-07-12,2,"WATCH: 等 Google 索引窗口, 14 天后仍未进 GA4 → Tier B"
tierA-fresh,feature,ja,magazine-layout-design,/ja/features/magazine-layout-design,magazine layout 设计 | Lovart,2026-07-12,2,"WATCH: 等 Google 索引窗口, 14 天后仍未进 GA4 → Tier B"
tierA-fresh,feature,zh-TW,magazine-layout-design,/zh-TW/features/magazine-layout-design,Magazine Layout Design | Lovart,2026-07-12,2,"WATCH: 等 Google 索引窗口, 14 天后仍未进 GA4 → Tier B"
tierA-fresh,feature,zh-TW,mcot-engine,/zh-TW/features/mcot-engine,Mcot Engine | Lovart,2026-07-12,2,"WATCH: 等 Google 索引窗口, 14 天后仍未进 GA4 → Tier B"
tierA-fresh,feature,fr,nano-banana-ai-model,/fr/features/nano-banana-ai-model,Nano Banana Ai Model | Lovart,2026-07-12,2,"WATCH: 等 Google 索引窗口, 14 天后仍未进 GA4 → Tier B"
tierA-fresh,feature,it,nano-banana-ai-model,/it/features/nano-banana-ai-model,Nano Banana Ai Model | Lovart,2026-07-12,2,"WATCH: 等 Google 索引窗口, 14 天后仍未进 GA4 → Tier B"
tierA-fresh,feature,ja,nano-banana-ai-model,/ja/features/nano-banana-ai-model,Nano Banana Ai Model | Lovart,2026-07-12,2,"WATCH: 等 Google 索引窗口, 14 天后仍未进 GA4 → Tier B"
tierA-fresh,feature,ko,nano-banana-ai-model,/ko/features/nano-banana-ai-model,Nano Banana Ai Model | Lovart,2026-07-12,2,"WATCH: 等 Google 索引窗口, 14 天后仍未进 GA4 → Tier B"
tierA-fresh,feature,pt,nano-banana-ai-model,/pt/features/nano-banana-ai-model,Nano Banana Ai Model | Lovart,2026-07-12,2,"WATCH: 等 Google 索引窗口, 14 天后仍未进 GA4 → Tier B"
tierA-fresh,feature,ru,nano-banana-ai-model,/ru/features/nano-banana-ai-model,Nano Banana Ai Model | Lovart,2026-07-12,2,"WATCH: 等 Google 索引窗口, 14 天后仍未进 GA4 → Tier B"
tierA-fresh,feature,zh-TW,nano-banana-ai-model,/zh-TW/features/nano-banana-ai-model,Nano Banana Ai Model | Lovart,2026-07-12,2,"WATCH: 等 Google 索引窗口, 14 天后仍未进 GA4 → Tier B"
tierA-fresh,feature,zh-TW,nano-banana-case-studies,/zh-TW/features/nano-banana-case-studies,Nano Banana Case Studies | Lovart,2026-07-12,2,"WATCH: 等 Google 索引窗口, 14 天后仍未进 GA4 → Tier B"
tierA-fresh,feature,zh-TW,nano-banana-creative-brainstorming,/zh-TW/features/nano-banana-creative-brainstorming,Nano Banana Creative Brainstorming | Lovart,2026-07-12,2,"WATCH: 等 Google 索引窗口, 14 天后仍未进 GA4 → Tier B"
tierA-fresh,feature,it,nano-banana-digital-art-creation,/it/features/nano-banana-digital-art-creation,digital art creation | Lovart,2026-07-12,2,"WATCH: 等 Google 索引窗口, 14 天后仍未进 GA4 → Tier B"
tierA-fresh,feature,ja,nano-banana-digital-art-creation,/ja/features/nano-banana-digital-art-creation,digital art creation | Lovart,2026-07-12,2,"WATCH: 等 Google 索引窗口, 14 天后仍未进 GA4 → Tier B"
tierA-fresh,feature,ko,nano-banana-digital-art-creation,/ko/features/nano-banana-digital-art-creation,digital art creation | Lovart,2026-07-12,2,"WATCH: 等 Google 索引窗口, 14 天后仍未进 GA4 → Tier B"
tierA-fresh,feature,zh-TW,nano-banana-digital-art-creation,/zh-TW/features/nano-banana-digital-art-creation,Nano Banana Digital Art Creation | Lovart,2026-07-12,2,"WATCH: 等 Google 索引窗口, 14 天后仍未进 GA4 → Tier B"
tierA-fresh,feature,zh-TW,nano-banana-graphic-design-workflow,/zh-TW/features/nano-banana-graphic-design-workflow,Nano Banana Graphic Design Workflow | Lovart,2026-07-12,2,"WATCH: 等 Google 索引窗口, 14 天后仍未进 GA4 → Tier B"
tierA-fresh,feature,zh-TW,nano-banana-illustration-projects,/zh-TW/features/nano-banana-illustration-projects,Nano Banana Illustration Projects | Lovart,2026-07-12,2,"WATCH: 等 Google 索引窗口, 14 天后仍未进 GA4 → Tier B"
tierA-fresh,feature,zh-TW,nano-banana-infographic-design,/zh-TW/features/nano-banana-infographic-design,Nano Banana Infographic Design | Lovart,2026-07-12,2,"WATCH: 等 Google 索引窗口, 14 天后仍未进 GA4 → Tier B"
tierA-fresh,feature,zh-TW,nano-banana-marketing-visuals,/zh-TW/features/nano-banana-marketing-visuals,Nano Banana Marketing Visuals | Lovart,2026-07-12,2,"WATCH: 等 Google 索引窗口, 14 天后仍未进 GA4 → Tier B"
tierA-fresh,feature,zh-TW,nano-banana-presentation-slides,/zh-TW/features/nano-banana-presentation-slides,Nano Banana Presentation Slides | Lovart,2026-07-12,2,"WATCH: 等 Google 索引窗口, 14 天后仍未进 GA4 → Tier B"
tierA-fresh,feature,zh-TW,nano-banana-product-photography,/zh-TW/features/nano-banana-product-photography,Nano Banana Product Photography | Lovart,2026-07-12,2,"WATCH: 等 Google 索引窗口, 14 天后仍未进 GA4 → Tier B"
tierA-fresh,feature,fr,nano-banana-social-media-graphics,/fr/features/nano-banana-social-media-graphics,social media graphics | Lovart,2026-07-12,2,"WATCH: 等 Google 索引窗口, 14 天后仍未进 GA4 → Tier B"
tierA-fresh,feature,pt,nano-banana-social-media-graphics,/pt/features/nano-banana-social-media-graphics,social media graphics | Lovart,2026-07-12,2,"WATCH: 等 Google 索引窗口, 14 天后仍未进 GA4 → Tier B"
tierA-fresh,feature,ru,nano-banana-social-media-graphics,/ru/features/nano-banana-social-media-graphics,social media graphics | Lovart,2026-07-12,2,"WATCH: 等 Google 索引窗口, 14 天后仍未进 GA4 → Tier B"
tierA-fresh,feature,zh-TW,nano-banana-social-media-graphics,/zh-TW/features/nano-banana-social-media-graphics,Nano Banana Social Media Graphics | Lovart,2026-07-12,2,"WATCH: 等 Google 索引窗口, 14 天后仍未进 GA4 → Tier B"
tierA-fresh,feature,zh-TW,nano-banana-website-graphics,/zh-TW/features/nano-banana-website-graphics,Nano Banana Website Graphics | Lovart,2026-07-12,2,"WATCH: 等 Google 索引窗口, 14 天后仍未进 GA4 → Tier B"
tierA-fresh,feature,zh-TW,nano-banana-workflow-optimization,/zh-TW/features/nano-banana-workflow-optimization,Nano Banana Workflow Optimization | Lovart,2026-07-12,2,"WATCH: 等 Google 索引窗口, 14 天后仍未进 GA4 → Tier B"
tierA-fresh,feature,zh-TW,no-template-popup-ads-generator,/zh-TW/features/no-template-popup-ads-generator,No Template Popup Ads Generator | Lovart,2026-07-12,2,"WATCH: 等 Google 索引窗口, 14 天后仍未进 GA4 → Tier B"
tierA-fresh,feature,fr,nutrition-label-design,/fr/features/nutrition-label-design,nutrition label 设计 | Lovart,2026-07-12,2,"WATCH: 等 Google 索引窗口, 14 天后仍未进 GA4 → Tier B"
tierA-fresh,feature,pt,nutrition-label-design,/pt/features/nutrition-label-design,nutrition label 设计 | Lovart,2026-07-12,2,"WATCH: 等 Google 索引窗口, 14 天后仍未进 GA4 → Tier B"
tierA-fresh,feature,ru,nutrition-label-design,/ru/features/nutrition-label-design,nutrition label 设计 | Lovart,2026-07-12,2,"WATCH: 等 Google 索引窗口, 14 天后仍未进 GA4 → Tier B"
tierA-fresh,feature,zh-TW,nutrition-label-design,/zh-TW/features/nutrition-label-design,Nutrition Label Design | Lovart,2026-07-12,2,"WATCH: 等 Google 索引窗口, 14 天后仍未进 GA4 → Tier B"
tierA-fresh,feature,it,online-multimodal-ai-creator-seedance,/it/features/online-multimodal-ai-creator-seedance,twitter header 创建器 | Lovart,2026-07-12,2,"WATCH: 等 Google 索引窗口, 14 天后仍未进 GA4 → Tier B"
tierA-fresh,feature,ja,online-multimodal-ai-creator-seedance,/ja/features/online-multimodal-ai-creator-seedance,twitter header 创建器 | Lovart,2026-07-12,2,"WATCH: 等 Google 索引窗口, 14 天后仍未进 GA4 → Tier B"
tierA-fresh,feature,ko,online-multimodal-ai-creator-seedance,/ko/features/online-multimodal-ai-creator-seedance,twitter header 创建器 | Lovart,2026-07-12,2,"WATCH: 等 Google 索引窗口, 14 天后仍未进 GA4 → Tier B"
tierA-fresh,feature,pt,online-multimodal-ai-creator-seedance,/pt/features/online-multimodal-ai-creator-seedance,twitter header 创建器 | Lovart,2026-07-12,2,"WATCH: 等 Google 索引窗口, 14 天后仍未进 GA4 → Tier B"
tierA-fresh,feature,zh-TW,overcome-blank-canvas-syndrome,/zh-TW/features/overcome-blank-canvas-syndrome,Overcome Blank Canvas Syndrome | Lovart,2026-07-12,2,"WATCH: 等 Google 索引窗口, 14 天后仍未进 GA4 → Tier B"
tierA-fresh,feature,fr,pinterest-pin-design,/fr/features/pinterest-pin-design,pinterest pin 制作 | Lovart,2026-07-12,2,"WATCH: 等 Google 索引窗口, 14 天后仍未进 GA4 → Tier B"
tierA-fresh,feature,it,pinterest-pin-design,/it/features/pinterest-pin-design,pinterest pin 制作 | Lovart,2026-07-12,2,"WATCH: 等 Google 索引窗口, 14 天后仍未进 GA4 → Tier B"
tierA-fresh,feature,ja,pinterest-pin-design,/ja/features/pinterest-pin-design,pinterest pin 制作 | Lovart,2026-07-12,2,"WATCH: 等 Google 索引窗口, 14 天后仍未进 GA4 → Tier B"
tierA-fresh,feature,ko,pinterest-pin-design,/ko/features/pinterest-pin-design,pinterest pin 制作 | Lovart,2026-07-12,2,"WATCH: 等 Google 索引窗口, 14 天后仍未进 GA4 → Tier B"
tierA-fresh,feature,ru,pinterest-pin-design,/ru/features/pinterest-pin-design,pinterest pin 制作 | Lovart,2026-07-12,2,"WATCH: 等 Google 索引窗口, 14 天后仍未进 GA4 → Tier B"
tierA-fresh,feature,zh-TW,pizza-menu-design,/zh-TW/features/pizza-menu-design,Pizza Menu Design | Lovart,2026-07-12,2,"WATCH: 等 Google 索引窗口, 14 天后仍未进 GA4 → Tier B"
tierA-fresh,feature,fr,portfolio-design,/fr/features/portfolio-design,portfolio 设计 | Lovart,2026-07-12,2,"WATCH: 等 Google 索引窗口, 14 天后仍未进 GA4 → Tier B"
tierA-fresh,feature,it,portfolio-design,/it/features/portfolio-design,portfolio 设计 | Lovart,2026-07-12,2,"WATCH: 等 Google 索引窗口, 14 天后仍未进 GA4 → Tier B"
tierA-fresh,feature,pt,portfolio-design,/pt/features/portfolio-design,portfolio 设计 | Lovart,2026-07-12,2,"WATCH: 等 Google 索引窗口, 14 天后仍未进 GA4 → Tier B"
tierA-fresh,feature,ru,portfolio-design,/ru/features/portfolio-design,portfolio 设计 | Lovart,2026-07-12,2,"WATCH: 等 Google 索引窗口, 14 天后仍未进 GA4 → Tier B"
tierA-fresh,feature,zh-TW,portfolio-design,/zh-TW/features/portfolio-design,Portfolio Design | Lovart,2026-07-12,2,"WATCH: 等 Google 索引窗口, 14 天后仍未进 GA4 → Tier B"
tierA-fresh,feature,ja,poster-design,/ja/features/poster-design,classroom 海报 设计 | Lovart,2026-07-12,2,"WATCH: 等 Google 索引窗口, 14 天后仍未进 GA4 → Tier B"
tierA-fresh,feature,pt,poster-design,/pt/features/poster-design,classroom 海报 设计 | Lovart,2026-07-12,2,"WATCH: 等 Google 索引窗口, 14 天后仍未进 GA4 → Tier B"
tierA-fresh,feature,zh-TW,price-list-design,/zh-TW/features/price-list-design,Price List Design | Lovart,2026-07-12,2,"WATCH: 等 Google 索引窗口, 14 天后仍未进 GA4 → Tier B"
tierA-fresh,feature,it,product-catalog-design,/it/features/product-catalog-design,product packaging 设计 | Lovart,2026-07-12,2,"WATCH: 等 Google 索引窗口, 14 天后仍未进 GA4 → Tier B"
tierA-fresh,feature,ja,product-catalog-design,/ja/features/product-catalog-design,product packaging 设计 | Lovart,2026-07-12,2,"WATCH: 等 Google 索引窗口, 14 天后仍未进 GA4 → Tier B"
tierA-fresh,feature,ko,product-catalog-design,/ko/features/product-catalog-design,product packaging 设计 | Lovart,2026-07-12,2,"WATCH: 等 Google 索引窗口, 14 天后仍未进 GA4 → Tier B"
tierA-fresh,feature,pt,product-catalog-design,/pt/features/product-catalog-design,product packaging 设计 | Lovart,2026-07-12,2,"WATCH: 等 Google 索引窗口, 14 天后仍未进 GA4 → Tier B"
tierA-fresh,feature,zh-TW,product-packaging-design,/zh-TW/features/product-packaging-design,Product Packaging Design | Lovart,2026-07-12,2,"WATCH: 等 Google 索引窗口, 14 天后仍未进 GA4 → Tier B"
tierA-fresh,feature,zh-TW,professional-corporate-presentation-design,/zh-TW/features/professional-corporate-presentation-design,Professional Corporate Presentation Design | Lovart,2026-07-12,2,"WATCH: 等 Google 索引窗口, 14 天后仍未进 GA4 → Tier B"
tierA-fresh,feature,it,professional-resume-design,/it/features/professional-resume-design,professional resume 设计 | Lovart,2026-07-12,2,"WATCH: 等 Google 索引窗口, 14 天后仍未进 GA4 → Tier B"
tierA-fresh,feature,ko,professional-resume-design,/ko/features/professional-resume-design,professional resume 设计 | Lovart,2026-07-12,2,"WATCH: 等 Google 索引窗口, 14 天后仍未进 GA4 → Tier B"
tierA-fresh,feature,pt,professional-resume-design,/pt/features/professional-resume-design,professional resume 设计 | Lovart,2026-07-12,2,"WATCH: 等 Google 索引窗口, 14 天后仍未进 GA4 → Tier B"
tierA-fresh,feature,zh-TW,professional-resume-design,/zh-TW/features/professional-resume-design,Professional Resume Design | Lovart,2026-07-12,2,"WATCH: 等 Google 索引窗口, 14 天后仍未进 GA4 → Tier B"
tierA-fresh,feature,zh-TW,promotional-flyer-design,/zh-TW/features/promotional-flyer-design,Promotional Flyer Design | Lovart,2026-07-12,2,"WATCH: 等 Google 索引窗口, 14 天后仍未进 GA4 → Tier B"
tierA-fresh,feature,pt,property-brochure-design,/pt/features/property-brochure-design,property 宣传册 设计 | Lovart,2026-07-12,2,"WATCH: 等 Google 索引窗口, 14 天后仍未进 GA4 → Tier B"
tierA-fresh,feature,ru,property-brochure-design,/ru/features/property-brochure-design,property 宣传册 设计 | Lovart,2026-07-12,2,"WATCH: 等 Google 索引窗口, 14 天后仍未进 GA4 → Tier B"
tierA-fresh,feature,zh-TW,property-brochure-design,/zh-TW/features/property-brochure-design,Property Brochure Design | Lovart,2026-07-12,2,"WATCH: 等 Google 索引窗口, 14 天后仍未进 GA4 → Tier B"
tierA-fresh,feature,fr,property-listing-design,/fr/features/property-listing-design,property listing 设计 | Lovart,2026-07-12,2,"WATCH: 等 Google 索引窗口, 14 天后仍未进 GA4 → Tier B"
tierA-fresh,feature,it,property-listing-design,/it/features/property-listing-design,property listing 设计 | Lovart,2026-07-12,2,"WATCH: 等 Google 索引窗口, 14 天后仍未进 GA4 → Tier B"
tierA-fresh,feature,ko,property-listing-design,/ko/features/property-listing-design,property listing 设计 | Lovart,2026-07-12,2,"WATCH: 等 Google 索引窗口, 14 天后仍未进 GA4 → Tier B"
tierA-fresh,feature,ru,property-listing-design,/ru/features/property-listing-design,property listing 设计 | Lovart,2026-07-12,2,"WATCH: 等 Google 索引窗口, 14 天后仍未进 GA4 → Tier B"
tierA-fresh,feature,zh-TW,property-listing-design,/zh-TW/features/property-listing-design,Property Listing Design | Lovart,2026-07-12,2,"WATCH: 等 Google 索引窗口, 14 天后仍未进 GA4 → Tier B"
tierA-fresh,feature,fr,property-report-design,/fr/features/property-report-design,property listing 设计 | Lovart,2026-07-12,2,"WATCH: 等 Google 索引窗口, 14 天后仍未进 GA4 → Tier B"
tierA-fresh,feature,ko,property-report-design,/ko/features/property-report-design,property listing 设计 | Lovart,2026-07-12,2,"WATCH: 等 Google 索引窗口, 14 天后仍未进 GA4 → Tier B"
tierA-fresh,feature,ru,property-report-design,/ru/features/property-report-design,property listing 设计 | Lovart,2026-07-12,2,"WATCH: 等 Google 索引窗口, 14 天后仍未进 GA4 → Tier B"
tierA-fresh,feature,ko,quick-poster-generation-by-lovart,/ko/features/quick-poster-generation-by-lovart,设计 viral youtube thumbnails | Lovart,2026-07-12,2,"WATCH: 等 Google 索引窗口, 14 天后仍未进 GA4 → Tier B"
tierA-fresh,feature,fr,rapid-poster-ai-creation,/fr/features/rapid-poster-ai-creation,rapid 海报 creation | Lovart,2026-07-12,2,"WATCH: 等 Google 索引窗口, 14 天后仍未进 GA4 → Tier B"
tierA-fresh,feature,pt,rapid-poster-ai-creation,/pt/features/rapid-poster-ai-creation,rapid 海报 creation | Lovart,2026-07-12,2,"WATCH: 等 Google 索引窗口, 14 天后仍未进 GA4 → Tier B"
tierA-fresh,feature,ru,rapid-poster-ai-creation,/ru/features/rapid-poster-ai-creation,rapid 海报 creation | Lovart,2026-07-12,2,"WATCH: 等 Google 索引窗口, 14 天后仍未进 GA4 → Tier B"
tierA-fresh,feature,zh-TW,rapid-poster-ai-creation,/zh-TW/features/rapid-poster-ai-creation,Rapid Poster Ai Creation | Lovart,2026-07-12,2,"WATCH: 等 Google 索引窗口, 14 天后仍未进 GA4 → Tier B"
tierA-fresh,feature,it,real-estate-banner-design,/it/features/real-estate-banner-design,real estate sign 设计 | Lovart,2026-07-12,2,"WATCH: 等 Google 索引窗口, 14 天后仍未进 GA4 → Tier B"
tierA-fresh,feature,ja,real-estate-banner-design,/ja/features/real-estate-banner-design,real estate sign 设计 | Lovart,2026-07-12,2,"WATCH: 等 Google 索引窗口, 14 天后仍未进 GA4 → Tier B"
tierA-fresh,feature,ru,real-estate-banner-design,/ru/features/real-estate-banner-design,real estate sign 设计 | Lovart,2026-07-12,2,"WATCH: 等 Google 索引窗口, 14 天后仍未进 GA4 → Tier B"
tierA-fresh,feature,zh-TW,real-estate-business-card-design,/zh-TW/features/real-estate-business-card-design,Real Estate Business Card Design | Lovart,2026-07-12,2,"WATCH: 等 Google 索引窗口, 14 天后仍未进 GA4 → Tier B"
tierA-fresh,feature,fr,real-estate-flyer-design,/fr/features/real-estate-flyer-design,real estate flyer 设计 | Lovart,2026-07-12,2,"WATCH: 等 Google 索引窗口, 14 天后仍未进 GA4 → Tier B"
tierA-fresh,feature,it,real-estate-flyer-design,/it/features/real-estate-flyer-design,real estate flyer 设计 | Lovart,2026-07-12,2,"WATCH: 等 Google 索引窗口, 14 天后仍未进 GA4 → Tier B"
tierA-fresh,feature,ko,real-estate-flyer-design,/ko/features/real-estate-flyer-design,real estate flyer 设计 | Lovart,2026-07-12,2,"WATCH: 等 Google 索引窗口, 14 天后仍未进 GA4 → Tier B"
tierA-fresh,feature,zh-TW,real-estate-flyer-design,/zh-TW/features/real-estate-flyer-design,Real Estate Flyer Design | Lovart,2026-07-12,2,"WATCH: 等 Google 索引窗口, 14 天后仍未进 GA4 → Tier B"
tierA-fresh,feature,fr,real-estate-newsletter-design,/fr/features/real-estate-newsletter-design,real estate newsletter 设计 | Lovart,2026-07-12,2,"WATCH: 等 Google 索引窗口, 14 天后仍未进 GA4 → Tier B"
tierA-fresh,feature,it,real-estate-newsletter-design,/it/features/real-estate-newsletter-design,real estate newsletter 设计 | Lovart,2026-07-12,2,"WATCH: 等 Google 索引窗口, 14 天后仍未进 GA4 → Tier B"
tierA-fresh,feature,pt,real-estate-newsletter-design,/pt/features/real-estate-newsletter-design,real estate newsletter 设计 | Lovart,2026-07-12,2,"WATCH: 等 Google 索引窗口, 14 天后仍未进 GA4 → Tier B"
tierA-fresh,feature,ru,real-estate-newsletter-design,/ru/features/real-estate-newsletter-design,real estate newsletter 设计 | Lovart,2026-07-12,2,"WATCH: 等 Google 索引窗口, 14 天后仍未进 GA4 → Tier B"
tierA-fresh,feature,zh-TW,real-estate-newsletter-design,/zh-TW/features/real-estate-newsletter-design,Real Estate Newsletter Design | Lovart,2026-07-12,2,"WATCH: 等 Google 索引窗口, 14 天后仍未进 GA4 → Tier B"
tierA-fresh,feature,fr,real-estate-postcard-design,/fr/features/real-estate-postcard-design,real estate postcard 设计 | Lovart,2026-07-12,2,"WATCH: 等 Google 索引窗口, 14 天后仍未进 GA4 → Tier B"
tierA-fresh,feature,it,real-estate-postcard-design,/it/features/real-estate-postcard-design,real estate postcard 设计 | Lovart,2026-07-12,2,"WATCH: 等 Google 索引窗口, 14 天后仍未进 GA4 → Tier B"
tierA-fresh,feature,ko,real-estate-postcard-design,/ko/features/real-estate-postcard-design,real estate postcard 设计 | Lovart,2026-07-12,2,"WATCH: 等 Google 索引窗口, 14 天后仍未进 GA4 → Tier B"
tierA-fresh,feature,pt,real-estate-postcard-design,/pt/features/real-estate-postcard-design,real estate postcard 设计 | Lovart,2026-07-12,2,"WATCH: 等 Google 索引窗口, 14 天后仍未进 GA4 → Tier B"
tierA-fresh,feature,zh-TW,real-estate-postcard-design,/zh-TW/features/real-estate-postcard-design,Real Estate Postcard Design | Lovart,2026-07-12,2,"WATCH: 等 Google 索引窗口, 14 天后仍未进 GA4 → Tier B"
tierA-fresh,feature,ko,real-estate-sign-design,/ko/features/real-estate-sign-design,real estate sign 设计 | Lovart,2026-07-12,2,"WATCH: 等 Google 索引窗口, 14 天后仍未进 GA4 → Tier B"
tierA-fresh,feature,ru,real-estate-sign-design,/ru/features/real-estate-sign-design,real estate sign 设计 | Lovart,2026-07-12,2,"WATCH: 等 Google 索引窗口, 14 天后仍未进 GA4 → Tier B"
tierA-fresh,feature,zh-TW,real-estate-sign-design,/zh-TW/features/real-estate-sign-design,Real Estate Sign Design | Lovart,2026-07-12,2,"WATCH: 等 Google 索引窗口, 14 天后仍未进 GA4 → Tier B"
tierA-fresh,feature,zh-TW,remove-video-background,/zh-TW/features/remove-video-background,Remove Video Background | Lovart,2026-07-12,2,"WATCH: 等 Google 索引窗口, 14 天后仍未进 GA4 → Tier B"
tierA-fresh,feature,it,restaurant-brochure-design,/it/features/restaurant-brochure-design,restaurant 宣传册 设计 | Lovart,2026-07-12,2,"WATCH: 等 Google 索引窗口, 14 天后仍未进 GA4 → Tier B"
tierA-fresh,feature,ko,restaurant-brochure-design,/ko/features/restaurant-brochure-design,restaurant 宣传册 设计 | Lovart,2026-07-12,2,"WATCH: 等 Google 索引窗口, 14 天后仍未进 GA4 → Tier B"
tierA-fresh,feature,pt,restaurant-brochure-design,/pt/features/restaurant-brochure-design,restaurant 宣传册 设计 | Lovart,2026-07-12,2,"WATCH: 等 Google 索引窗口, 14 天后仍未进 GA4 → Tier B"
tierA-fresh,feature,zh-TW,restaurant-brochure-design,/zh-TW/features/restaurant-brochure-design,Restaurant Brochure Design | Lovart,2026-07-12,2,"WATCH: 等 Google 索引窗口, 14 天后仍未进 GA4 → Tier B"
tierA-fresh,feature,zh-TW,restaurant-business-card-design,/zh-TW/features/restaurant-business-card-design,Restaurant Business Card Design | Lovart,2026-07-12,2,"WATCH: 等 Google 索引窗口, 14 天后仍未进 GA4 → Tier B"
tierA-fresh,feature,it,restaurant-coupon-design,/it/features/restaurant-coupon-design,restaurant 商务 卡片 设计 | Lovart,2026-07-12,2,"WATCH: 等 Google 索引窗口, 14 天后仍未进 GA4 → Tier B"
tierA-fresh,feature,zh-TW,restaurant-gift-card-design,/zh-TW/features/restaurant-gift-card-design,Restaurant Gift Card Design | Lovart,2026-07-12,2,"WATCH: 等 Google 索引窗口, 14 天后仍未进 GA4 → Tier B"
tierA-fresh,feature,pt,restaurant-loyalty-card-design,/pt/features/restaurant-loyalty-card-design,restaurant 商务 卡片 设计 | Lovart,2026-07-12,2,"WATCH: 等 Google 索引窗口, 14 天后仍未进 GA4 → Tier B"
tierA-fresh,feature,ru,restaurant-loyalty-card-design,/ru/features/restaurant-loyalty-card-design,restaurant 商务 卡片 设计 | Lovart,2026-07-12,2,"WATCH: 等 Google 索引窗口, 14 天后仍未进 GA4 → Tier B"
tierA-fresh,feature,fr,restaurant-menu-design,/fr/features/restaurant-menu-design,restaurant menu 设计 | Lovart,2026-07-12,2,"WATCH: 等 Google 索引窗口, 14 天后仍未进 GA4 → Tier B"
tierA-fresh,feature,it,restaurant-menu-design,/it/features/restaurant-menu-design,restaurant menu 设计 | Lovart,2026-07-12,2,"WATCH: 等 Google 索引窗口, 14 天后仍未进 GA4 → Tier B"
tierA-fresh,feature,pt,restaurant-menu-design,/pt/features/restaurant-menu-design,restaurant menu 设计 | Lovart,2026-07-12,2,"WATCH: 等 Google 索引窗口, 14 天后仍未进 GA4 → Tier B"
tierA-fresh,feature,ru,restaurant-menu-design,/ru/features/restaurant-menu-design,restaurant menu 设计 | Lovart,2026-07-12,2,"WATCH: 等 Google 索引窗口, 14 天后仍未进 GA4 → Tier B"
tierA-fresh,feature,zh-TW,restaurant-menu-design,/zh-TW/features/restaurant-menu-design,Restaurant Menu Design | Lovart,2026-07-12,2,"WATCH: 等 Google 索引窗口, 14 天后仍未进 GA4 → Tier B"
tierA-fresh,feature,zh-TW,restaurant-table-tent-design,/zh-TW/features/restaurant-table-tent-design,Restaurant Table Tent Design | Lovart,2026-07-12,2,"WATCH: 等 Google 索引窗口, 14 天后仍未进 GA4 → Tier B"
tierA-fresh,feature,ja,restaurant-menu-design,/ja/features/restaurant-menu-design,restaurant_menu_design | Lovart,2026-07-12,2,"WATCH: 等 Google 索引窗口, 14 天后仍未进 GA4 → Tier B"
tierA-fresh,feature,zh-TW,seamless-carousel-post-visual-storytelling,/zh-TW/features/seamless-carousel-post-visual-storytelling,Seamless Carousel Post Visual Storytelling | Lovart,2026-07-12,2,"WATCH: 等 Google 索引窗口, 14 天后仍未进 GA4 → Tier B"
tierA-fresh,feature,fr,secure-student-id-card-design,/fr/features/secure-student-id-card-design,secure student id 卡片 设计 | Lovart,2026-07-12,2,"WATCH: 等 Google 索引窗口, 14 天后仍未进 GA4 → Tier B"
tierA-fresh,feature,ko,secure-student-id-card-design,/ko/features/secure-student-id-card-design,secure student id 卡片 设计 | Lovart,2026-07-12,2,"WATCH: 等 Google 索引窗口, 14 天后仍未进 GA4 → Tier B"
tierA-fresh,feature,pt,secure-student-id-card-design,/pt/features/secure-student-id-card-design,secure student id 卡片 设计 | Lovart,2026-07-12,2,"WATCH: 等 Google 索引窗口, 14 天后仍未进 GA4 → Tier B"
tierA-fresh,feature,ru,secure-student-id-card-design,/ru/features/secure-student-id-card-design,secure student id 卡片 设计 | Lovart,2026-07-12,2,"WATCH: 等 Google 索引窗口, 14 天后仍未进 GA4 → Tier B"
tierA-fresh,feature,zh-TW,secure-student-id-card-design,/zh-TW/features/secure-student-id-card-design,Secure Student Id Card Design | Lovart,2026-07-12,2,"WATCH: 等 Google 索引窗口, 14 天后仍未进 GA4 → Tier B"
tierA-fresh,feature,zh-TW,seedance-2-0-ai-video-generator,/zh-TW/features/seedance-2-0-ai-video-generator,Seedance 2 0 Ai Video Generator | Lovart,2026-07-12,2,"WATCH: 等 Google 索引窗口, 14 天后仍未进 GA4 → Tier B"
tierA-fresh,feature,ja,seedance-2-ai-video-generator-agent,/ja/features/seedance-2-ai-video-generator-agent,seedance 0 视频 生成器 | Lovart,2026-07-12,2,"WATCH: 等 Google 索引窗口, 14 天后仍未进 GA4 → Tier B"
tierA-fresh,feature,ko,seedance-2-ai-video-generator-agent,/ko/features/seedance-2-ai-video-generator-agent,seedance 0 视频 生成器 | Lovart,2026-07-12,2,"WATCH: 等 Google 索引窗口, 14 天后仍未进 GA4 → Tier B"
tierA-fresh,feature,it,seedance-ai-video-generator,/it/features/seedance-ai-video-generator,seedance 视频 生成器 | Lovart,2026-07-12,2,"WATCH: 等 Google 索引窗口, 14 天后仍未进 GA4 → Tier B"
tierA-fresh,feature,ja,seedance-ai-video-generator,/ja/features/seedance-ai-video-generator,seedance 视频 生成器 | Lovart,2026-07-12,2,"WATCH: 等 Google 索引窗口, 14 天后仍未进 GA4 → Tier B"
tierA-fresh,feature,ko,seedance-ai-video-generator,/ko/features/seedance-ai-video-generator,seedance 视频 生成器 | Lovart,2026-07-12,2,"WATCH: 等 Google 索引窗口, 14 天后仍未进 GA4 → Tier B"
tierA-fresh,feature,zh-TW,seedance-ai-video-generator,/zh-TW/features/seedance-ai-video-generator,Seedance Ai Video Generator | Lovart,2026-07-12,2,"WATCH: 等 Google 索引窗口, 14 天后仍未进 GA4 → Tier B"
tierA-fresh,feature,en,seedance-text-to-video-ai,/en/features/seedance-text-to-video-ai,Seedance Text To Video Ai | Lovart,2026-07-12,2,"WATCH: 等 Google 索引窗口, 14 天后仍未进 GA4 → Tier B"
tierA-fresh,feature,fr,seedance-text-to-video-ai,/fr/features/seedance-text-to-video-ai,seedance text 视频 | Lovart,2026-07-12,2,"WATCH: 等 Google 索引窗口, 14 天后仍未进 GA4 → Tier B"
tierA-fresh,feature,pt,seedance-text-to-video-ai,/pt/features/seedance-text-to-video-ai,seedance text 视频 | Lovart,2026-07-12,2,"WATCH: 等 Google 索引窗口, 14 天后仍未进 GA4 → Tier B"
tierA-fresh,feature,zh-TW,seedance-text-to-video-ai,/zh-TW/features/seedance-text-to-video-ai,Seedance Text To Video Ai | Lovart,2026-07-12,2,"WATCH: 等 Google 索引窗口, 14 天后仍未进 GA4 → Tier B"
tierA-fresh,feature,zh-TW,shopify-banner-design,/zh-TW/features/shopify-banner-design,Shopify Banner Design | Lovart,2026-07-12,2,"WATCH: 等 Google 索引窗口, 14 天后仍未进 GA4 → Tier B"
tierA-fresh,feature,fr,social-media-post-design,/fr/features/social-media-post-design,social media post 制作 | Lovart,2026-07-12,2,"WATCH: 等 Google 索引窗口, 14 天后仍未进 GA4 → Tier B"
tierA-fresh,feature,ja,social-media-post-design,/ja/features/social-media-post-design,social media post 制作 | Lovart,2026-07-12,2,"WATCH: 等 Google 索引窗口, 14 天后仍未进 GA4 → Tier B"
tierA-fresh,feature,pt,social-media-post-design,/pt/features/social-media-post-design,social media post 制作 | Lovart,2026-07-12,2,"WATCH: 等 Google 索引窗口, 14 天后仍未进 GA4 → Tier B"
tierA-fresh,feature,ru,social-media-post-design,/ru/features/social-media-post-design,social media post 制作 | Lovart,2026-07-12,2,"WATCH: 等 Google 索引窗口, 14 天后仍未进 GA4 → Tier B"
tierA-fresh,feature,zh-TW,social-media-template-design,/zh-TW/features/social-media-template-design,Social Media Template Design | Lovart,2026-07-12,2,"WATCH: 等 Google 索引窗口, 14 天后仍未进 GA4 → Tier B"
tierA-fresh,feature,ko,startup-logo-design,/ko/features/startup-logo-design,startup 标志 设计 | Lovart,2026-07-12,2,"WATCH: 等 Google 索引窗口, 14 天后仍未进 GA4 → Tier B"
tierA-fresh,feature,pt,startup-logo-design,/pt/features/startup-logo-design,startup 标志 设计 | Lovart,2026-07-12,2,"WATCH: 等 Google 索引窗口, 14 天后仍未进 GA4 → Tier B"
tierA-fresh,feature,ru,startup-logo-design,/ru/features/startup-logo-design,startup 标志 设计 | Lovart,2026-07-12,2,"WATCH: 等 Google 索引窗口, 14 天后仍未进 GA4 → Tier B"
tierA-fresh,feature,zh-TW,startup-logo-design,/zh-TW/features/startup-logo-design,Startup Logo Design | Lovart,2026-07-12,2,"WATCH: 等 Google 索引窗口, 14 天后仍未进 GA4 → Tier B"
tierA-fresh,feature,zh-TW,text-image-to-video-seedance,/zh-TW/features/text-image-to-video-seedance,Text Image To Video Seedance | Lovart,2026-07-12,2,"WATCH: 等 Google 索引窗口, 14 天后仍未进 GA4 → Tier B"
tierA-fresh,feature,zh-TW,text-to-video-agent,/zh-TW/features/text-to-video-agent,Text To Video Agent | Lovart,2026-07-12,2,"WATCH: 等 Google 索引窗口, 14 天后仍未进 GA4 → Tier B"
tierA-fresh,feature,zh-TW,text-to-video-ai-generator-veo3,/zh-TW/features/text-to-video-ai-generator-veo3,Text To Video Ai Generator Veo3 | Lovart,2026-07-12,2,"WATCH: 等 Google 索引窗口, 14 天后仍未进 GA4 → Tier B"
tierA-fresh,feature,zh-TW,text-to-video-ai,/zh-TW/features/text-to-video-ai,Text To Video Ai | Lovart,2026-07-12,2,"WATCH: 等 Google 索引窗口, 14 天后仍未进 GA4 → Tier B"
tierA-fresh,feature,ru,textbook-cover-design,/ru/features/textbook-cover-design,书籍 封面 设计 | Lovart,2026-07-12,2,"WATCH: 等 Google 索引窗口, 14 天后仍未进 GA4 → Tier B"
tierA-fresh,feature,fr,tiktok-video-cover-design,/fr/features/tiktok-video-cover-design,书籍 封面 设计 | Lovart,2026-07-12,2,"WATCH: 等 Google 索引窗口, 14 天后仍未进 GA4 → Tier B"
tierA-fresh,feature,it,tiktok-video-cover-design,/it/features/tiktok-video-cover-design,书籍 封面 设计 | Lovart,2026-07-12,2,"WATCH: 等 Google 索引窗口, 14 天后仍未进 GA4 → Tier B"
tierA-fresh,feature,ja,tiktok-video-cover-design,/ja/features/tiktok-video-cover-design,书籍 封面 设计 | Lovart,2026-07-12,2,"WATCH: 等 Google 索引窗口, 14 天后仍未进 GA4 → Tier B"
tierA-fresh,feature,ko,tiktok-video-cover-design,/ko/features/tiktok-video-cover-design,书籍 封面 设计 | Lovart,2026-07-12,2,"WATCH: 等 Google 索引窗口, 14 天后仍未进 GA4 → Tier B"
tierA-fresh,feature,zh-TW,touch-edit-ai,/zh-TW/features/touch-edit-ai,Touch Edit Ai | Lovart,2026-07-12,2,"WATCH: 等 Google 索引窗口, 14 天后仍未进 GA4 → Tier B"
tierA-fresh,feature,it,twitter-header-design,/it/features/twitter-header-design,twitter header 设计 | Lovart,2026-07-12,2,"WATCH: 等 Google 索引窗口, 14 天后仍未进 GA4 → Tier B"
tierA-fresh,feature,ko,twitter-header-design,/ko/features/twitter-header-design,twitter header 设计 | Lovart,2026-07-12,2,"WATCH: 等 Google 索引窗口, 14 天后仍未进 GA4 → Tier B"
tierA-fresh,feature,zh-TW,twitter-header-design,/zh-TW/features/twitter-header-design,Twitter Header Design | Lovart,2026-07-12,2,"WATCH: 等 Google 索引窗口, 14 天后仍未进 GA4 → Tier B"
tierA-fresh,feature,zh-TW,video-background-changer,/zh-TW/features/video-background-changer,Video Background Changer | Lovart,2026-07-12,2,"WATCH: 等 Google 索引窗口, 14 天后仍未进 GA4 → Tier B"
tierA-fresh,feature,zh-TW,video-background-remover,/zh-TW/features/video-background-remover,Video Background Remover | Lovart,2026-07-12,2,"WATCH: 等 Google 索引窗口, 14 天后仍未进 GA4 → Tier B"
tierA-fresh,feature,zh-TW,wedding-invitation-design,/zh-TW/features/wedding-invitation-design,Wedding Invitation Design | Lovart,2026-07-12,2,"WATCH: 等 Google 索引窗口, 14 天后仍未进 GA4 → Tier B"
tierA-fresh,feature,ko,wine-label-design,/ko/features/wine-label-design,wine label 设计 | Lovart,2026-07-12,2,"WATCH: 等 Google 索引窗口, 14 天后仍未进 GA4 → Tier B"
tierA-fresh,feature,pt,wine-label-design,/pt/features/wine-label-design,wine label 设计 | Lovart,2026-07-12,2,"WATCH: 等 Google 索引窗口, 14 天后仍未进 GA4 → Tier B"
tierA-fresh,feature,ru,wine-label-design,/ru/features/wine-label-design,wine label 设计 | Lovart,2026-07-12,2,"WATCH: 等 Google 索引窗口, 14 天后仍未进 GA4 → Tier B"
tierA-fresh,feature,zh-TW,wine-label-design,/zh-TW/features/wine-label-design,Wine Label Design | Lovart,2026-07-12,2,"WATCH: 等 Google 索引窗口, 14 天后仍未进 GA4 → Tier B"
tierA-fresh,feature,fr,youtube-thumbnail-design,/fr/features/youtube-thumbnail-design,设计 viral youtube thumbnails | Lovart,2026-07-12,2,"WATCH: 等 Google 索引窗口, 14 天后仍未进 GA4 → Tier B"
tierA-fresh,feature,it,youtube-thumbnail-design,/it/features/youtube-thumbnail-design,设计 viral youtube thumbnails | Lovart,2026-07-12,2,"WATCH: 等 Google 索引窗口, 14 天后仍未进 GA4 → Tier B"
tierA-fresh,feature,pt,youtube-thumbnail-design,/pt/features/youtube-thumbnail-design,设计 viral youtube thumbnails | Lovart,2026-07-12,2,"WATCH: 等 Google 索引窗口, 14 天后仍未进 GA4 → Tier B"
tierA-fresh,feature,de,festival-banner-design,/de/features/festival-banner-design,festival 横幅 设计 | Lovart,2026-07-12,2,"WATCH: 等 Google 索引窗口, 14 天后仍未进 GA4 → Tier B"
tierA-fresh,feature,de,flyer-design,/de/features/flyer-design,promotional flyer 设计 | Lovart,2026-07-12,2,"WATCH: 等 Google 索引窗口, 14 天后仍未进 GA4 → Tier B"
tierA-fresh,feature,de,food-flyer-design,/de/features/food-flyer-design,promotional flyer 设计 | Lovart,2026-07-12,2,"WATCH: 等 Google 索引窗口, 14 天后仍未进 GA4 → Tier B"
tierA-fresh,feature,de,food-poster-design,/de/features/food-poster-design,food festival 海报 设计 | Lovart,2026-07-12,2,"WATCH: 等 Google 索引窗口, 14 天后仍未进 GA4 → Tier B"
tierA-fresh,feature,de,food-recipe-card-design,/de/features/food-recipe-card-design,chef 商务 卡片 设计 | Lovart,2026-07-12,2,"WATCH: 等 Google 索引窗口, 14 天后仍未进 GA4 → Tier B"
tierA-fresh,feature,de,food-truck-menu-design,/de/features/food-truck-menu-design,food truck menu 设计 | Lovart,2026-07-12,2,"WATCH: 等 Google 索引窗口, 14 天后仍未进 GA4 → Tier B"
tierA-fresh,feature,en,free-online-tool,/en/features/free-online-tool,Free Online Tool | Lovart,2026-07-12,2,"WATCH: 等 Google 索引窗口, 14 天后仍未进 GA4 → Tier B"
tierA-fresh,feature,de,graduation-invitation-design,/de/features/graduation-invitation-design,graduation invitation 设计 | Lovart,2026-07-12,2,"WATCH: 等 Google 索引窗口, 14 天后仍未进 GA4 → Tier B"
tierA-fresh,feature,de,linkedin-ads-generator,/de/features/linkedin-ads-generator,linkedin ads 生成器 | Lovart,2026-07-12,2,"WATCH: 等 Google 索引窗口, 14 天后仍未进 GA4 → Tier B"
tierA-fresh,feature,de,linkedin-banner-design-ai-generator-by-lovart,/de/features/linkedin-banner-design-ai-generator-by-lovart,linkedin 横幅 设计 生成器 | Lovart,2026-07-12,2,"WATCH: 等 Google 索引窗口, 14 天后仍未进 GA4 → Tier B"
tierA-fresh,feature,de,magazine-layout-design,/de/features/magazine-layout-design,magazine layout 设计 | Lovart,2026-07-12,2,"WATCH: 等 Google 索引窗口, 14 天后仍未进 GA4 → Tier B"
tierA-fresh,feature,de,nano-banana-ai-model,/de/features/nano-banana-ai-model,Nano Banana Ai Model | Lovart,2026-07-12,2,"WATCH: 等 Google 索引窗口, 14 天后仍未进 GA4 → Tier B"
tierA-fresh,feature,de,nano-banana-digital-art-creation,/de/features/nano-banana-digital-art-creation,digital art creation | Lovart,2026-07-12,2,"WATCH: 等 Google 索引窗口, 14 天后仍未进 GA4 → Tier B"
tierA-fresh,feature,de,nano-banana-social-media-graphics,/de/features/nano-banana-social-media-graphics,social media graphics | Lovart,2026-07-12,2,"WATCH: 等 Google 索引窗口, 14 天后仍未进 GA4 → Tier B"
tierA-fresh,feature,de,nutrition-label-design,/de/features/nutrition-label-design,nutrition label 设计 | Lovart,2026-07-12,2,"WATCH: 等 Google 索引窗口, 14 天后仍未进 GA4 → Tier B"
tierA-fresh,feature,de,portfolio-design,/de/features/portfolio-design,portfolio 设计 | Lovart,2026-07-12,2,"WATCH: 等 Google 索引窗口, 14 天后仍未进 GA4 → Tier B"
tierA-fresh,feature,de,product-catalog-design,/de/features/product-catalog-design,product packaging 设计 | Lovart,2026-07-12,2,"WATCH: 等 Google 索引窗口, 14 天后仍未进 GA4 → Tier B"
tierA-fresh,feature,de,professional-resume-design,/de/features/professional-resume-design,professional resume 设计 | Lovart,2026-07-12,2,"WATCH: 等 Google 索引窗口, 14 天后仍未进 GA4 → Tier B"
tierA-fresh,feature,de,property-brochure-design,/de/features/property-brochure-design,property 宣传册 设计 | Lovart,2026-07-12,2,"WATCH: 等 Google 索引窗口, 14 天后仍未进 GA4 → Tier B"
tierA-fresh,feature,de,property-report-design,/de/features/property-report-design,property listing 设计 | Lovart,2026-07-12,2,"WATCH: 等 Google 索引窗口, 14 天后仍未进 GA4 → Tier B"
tierA-fresh,feature,de,rapid-poster-ai-creation,/de/features/rapid-poster-ai-creation,rapid 海报 creation | Lovart,2026-07-12,2,"WATCH: 等 Google 索引窗口, 14 天后仍未进 GA4 → Tier B"
tierA-fresh,feature,de,real-estate-banner-design,/de/features/real-estate-banner-design,real estate sign 设计 | Lovart,2026-07-12,2,"WATCH: 等 Google 索引窗口, 14 天后仍未进 GA4 → Tier B"
tierA-fresh,feature,de,real-estate-newsletter-design,/de/features/real-estate-newsletter-design,real estate newsletter 设计 | Lovart,2026-07-12,2,"WATCH: 等 Google 索引窗口, 14 天后仍未进 GA4 → Tier B"
tierA-fresh,feature,de,real-estate-postcard-design,/de/features/real-estate-postcard-design,real estate postcard 设计 | Lovart,2026-07-12,2,"WATCH: 等 Google 索引窗口, 14 天后仍未进 GA4 → Tier B"
tierA-fresh,feature,de,restaurant-brochure-design,/de/features/restaurant-brochure-design,restaurant 宣传册 设计 | Lovart,2026-07-12,2,"WATCH: 等 Google 索引窗口, 14 天后仍未进 GA4 → Tier B"
tierA-fresh,feature,de,restaurant-coupon-design,/de/features/restaurant-coupon-design,restaurant 商务 卡片 设计 | Lovart,2026-07-12,2,"WATCH: 等 Google 索引窗口, 14 天后仍未进 GA4 → Tier B"
tierA-fresh,feature,de,secure-student-id-card-design,/de/features/secure-student-id-card-design,secure student id 卡片 设计 | Lovart,2026-07-12,2,"WATCH: 等 Google 索引窗口, 14 天后仍未进 GA4 → Tier B"
tierA-fresh,feature,de,seedance-ai-video-generator,/de/features/seedance-ai-video-generator,seedance 视频 生成器 | Lovart,2026-07-12,2,"WATCH: 等 Google 索引窗口, 14 天后仍未进 GA4 → Tier B"
tierA-fresh,feature,de,seedance-text-to-video-ai,/de/features/seedance-text-to-video-ai,seedance text 视频 | Lovart,2026-07-12,2,"WATCH: 等 Google 索引窗口, 14 天后仍未进 GA4 → Tier B"
tierA-fresh,feature,de,social-media-post-design,/de/features/social-media-post-design,social media post 制作 | Lovart,2026-07-12,2,"WATCH: 等 Google 索引窗口, 14 天后仍未进 GA4 → Tier B"
tierA-fresh,feature,de,textbook-cover-design,/de/features/textbook-cover-design,书籍 封面 设计 | Lovart,2026-07-12,2,"WATCH: 等 Google 索引窗口, 14 天后仍未进 GA4 → Tier B"
tierA-fresh,tool,zh,agentic-design-platform,/zh/tools/agentic-design-platform,AI 自主设计平台 | 智能创意自动化 | Lovart,2026-07-12,2,"WATCH: 等 Google 索引窗口, 14 天后仍未进 GA4 → Tier B"
tierA-fresh,tool,de,ai-3d-animation,/de/tools/ai-3d-animation,KI-3D-Animation|Lovart,2026-07-12,2,"WATCH: 等 Google 索引窗口, 14 天后仍未进 GA4 → Tier B"
tierA-fresh,tool,en,ai-3d-animation,/en/tools/ai-3d-animation,AI 3D Animation Generator — 3D Animation in 30 Seconds|Lovart,2026-07-12,2,"WATCH: 等 Google 索引窗口, 14 天后仍未进 GA4 → Tier B"
tierA-fresh,tool,ja,ai-3d-animation,/ja/tools/ai-3d-animation,AI 3Dアニメーション生成|Lovart,2026-07-12,2,"WATCH: 等 Google 索引窗口, 14 天后仍未进 GA4 → Tier B"
tierA-fresh,tool,zh,ai-3d-animation,/zh/tools/ai-3d-animation,AI 3D 动画|Lovart,2026-07-12,2,"WATCH: 等 Google 索引窗口, 14 天后仍未进 GA4 → Tier B"
tierA-fresh,tool,zh-TW,ai-3d-animation,/zh-TW/tools/ai-3d-animation,AI 3D 動畫|Lovart,2026-07-12,2,"WATCH: 等 Google 索引窗口, 14 天后仍未进 GA4 → Tier B"
tierA-fresh,tool,en,ai-3d-model-generator,/en/tools/ai-3d-model-generator,AI 3D Model Generator — 3D Models in 60 Seconds|Lovart,2026-07-12,2,"WATCH: 等 Google 索引窗口, 14 天后仍未进 GA4 → Tier B"
tierA-fresh,tool,ja,ai-3d-model-generator,/ja/tools/ai-3d-model-generator,AI 3Dモデルジェネレーター|Lovart,2026-07-12,2,"WATCH: 等 Google 索引窗口, 14 天后仍未进 GA4 → Tier B"
tierA-fresh,tool,zh,ai-3d-model-generator,/zh/tools/ai-3d-model-generator,AI 3D 模型生成器|Lovart,2026-07-12,2,"WATCH: 等 Google 索引窗口, 14 天后仍未进 GA4 → Tier B"
tierA-fresh,tool,zh-TW,ai-3d-model-generator,/zh-TW/tools/ai-3d-model-generator,AI 3Dモデル生成|Lovart,2026-07-12,2,"WATCH: 等 Google 索引窗口, 14 天后仍未进 GA4 → Tier B"
tierA-fresh,tool,zh,ai-3d-texture-free,/zh/tools/ai-3d-texture-free,免费 AI 3D 纹理生成器 | PBR 材质即时生成 | Lovart,2026-07-12,2,"WATCH: 等 Google 索引窗口, 14 天后仍未进 GA4 → Tier B"
tierA-fresh,tool,de,ai-3d-texture-generator,/de/tools/ai-3d-texture-generator,Ai 3D Texture Generator | Lovart,2026-07-12,2,"WATCH: 等 Google 索引窗口, 14 天后仍未进 GA4 → Tier B"
tierA-fresh,tool,en,ai-3d-texture-generator,/en/tools/ai-3d-texture-generator,3D 纹理 生成器 | Lovart,2026-07-12,2,"WATCH: 等 Google 索引窗口, 14 天后仍未进 GA4 → Tier B"
tierA-fresh,tool,fr,ai-3d-texture-generator,/fr/tools/ai-3d-texture-generator,Ai 3D Texture Generator | Lovart,2026-07-12,2,"WATCH: 等 Google 索引窗口, 14 天后仍未进 GA4 → Tier B"
tierA-fresh,tool,it,ai-3d-texture-generator,/it/tools/ai-3d-texture-generator,Ai 3D Texture Generator | Lovart,2026-07-12,2,"WATCH: 等 Google 索引窗口, 14 天后仍未进 GA4 → Tier B"
tierA-fresh,tool,ko,ai-3d-texture-generator,/ko/tools/ai-3d-texture-generator,Ai 3D Texture Generator | Lovart,2026-07-12,2,"WATCH: 等 Google 索引窗口, 14 天后仍未进 GA4 → Tier B"
tierA-fresh,tool,zh,ai-3d-texture-generator,/zh/tools/ai-3d-texture-generator,3D 纹理 生成器 | Lovart,2026-07-12,2,"WATCH: 等 Google 索引窗口, 14 天后仍未进 GA4 → Tier B"
tierA-fresh,tool,zh,ai-3d-texture,/zh/tools/ai-3d-texture,3D 纹理 | Lovart,2026-07-12,2,"WATCH: 等 Google 索引窗口, 14 天后仍未进 GA4 → Tier B"
tierA-fresh,tool,en,ai-3d-textures,/en/tools/ai-3d-textures,3D textures | Lovart,2026-07-12,2,"WATCH: 等 Google 索引窗口, 14 天后仍未进 GA4 → Tier B"
tierA-fresh,tool,fr,ai-3d-textures,/fr/tools/ai-3d-textures,Ai 3D Textures | Lovart,2026-07-12,2,"WATCH: 等 Google 索引窗口, 14 天后仍未进 GA4 → Tier B"
tierA-fresh,tool,ja,ai-3d-textures,/ja/tools/ai-3d-textures,AI 3Dテクスチャ生成 | テキストからPBRマテリアルを Lovart,2026-07-12,2,"WATCH: 等 Google 索引窗口, 14 天后仍未进 GA4 → Tier B"
tierA-fresh,tool,pt,ai-3d-textures,/pt/tools/ai-3d-textures,Ai 3D Textures | Lovart,2026-07-12,2,"WATCH: 等 Google 索引窗口, 14 天后仍未进 GA4 → Tier B"
tierA-fresh,tool,zh-TW,ai-3d-textures,/zh-TW/tools/ai-3d-textures,Ai 3D Textures | Lovart,2026-07-12,2,"WATCH: 等 Google 索引窗口, 14 天后仍未进 GA4 → Tier B"
tierA-fresh,tool,en,ai-4k-resolution,/en/tools/ai-4k-resolution,4K resolution | Lovart,2026-07-12,2,"WATCH: 等 Google 索引窗口, 14 天后仍未进 GA4 → Tier B"
tierA-fresh,tool,it,ai-4k-resolution,/it/tools/ai-4k-resolution,Ai 4K Resolution | Lovart,2026-07-12,2,"WATCH: 等 Google 索引窗口, 14 天后仍未进 GA4 → Tier B"
tierA-fresh,tool,ja,ai-4k-resolution,/ja/tools/ai-4k-resolution,Ai 4K Resolution | Lovart,2026-07-12,2,"WATCH: 等 Google 索引窗口, 14 天后仍未进 GA4 → Tier B"
tierA-fresh,tool,pt,ai-4k-resolution,/pt/tools/ai-4k-resolution,Ai 4K Resolution | Lovart,2026-07-12,2,"WATCH: 等 Google 索引窗口, 14 天后仍未进 GA4 → Tier B"
tierA-fresh,tool,zh,ai-4k-upscaler,/zh/tools/ai-4k-upscaler,4K 放大器 | Lovart,2026-07-12,2,"WATCH: 等 Google 索引窗口, 14 天后仍未进 GA4 → Tier B"
tierA-fresh,tool,de,ai-agent-platform,/de/tools/ai-agent-platform,Ai Agent Platform | Lovart,2026-07-12,2,"WATCH: 等 Google 索引窗口, 14 天后仍未进 GA4 → Tier B"
tierA-fresh,tool,en,ai-agent-platform,/en/tools/ai-agent-platform,代理 平台 | Lovart,2026-07-12,2,"WATCH: 等 Google 索引窗口, 14 天后仍未进 GA4 → Tier B"
tierA-fresh,tool,fr,ai-agent-platform,/fr/tools/ai-agent-platform,Ai Agent Platform | Lovart,2026-07-12,2,"WATCH: 等 Google 索引窗口, 14 天后仍未进 GA4 → Tier B"
tierA-fresh,tool,it,ai-agent-platform,/it/tools/ai-agent-platform,Ai Agent Platform | Lovart,2026-07-12,2,"WATCH: 等 Google 索引窗口, 14 天后仍未进 GA4 → Tier B"
tierA-fresh,tool,ja,ai-agent-platform,/ja/tools/ai-agent-platform,AIエージェントプラットフォーム | 自律型AIで自動化 | Lovart,2026-07-12,2,"WATCH: 等 Google 索引窗口, 14 天后仍未进 GA4 → Tier B"
tierA-fresh,tool,ko,ai-agent-platform,/ko/tools/ai-agent-platform,Ai Agent Platform | Lovart,2026-07-12,2,"WATCH: 等 Google 索引窗口, 14 天后仍未进 GA4 → Tier B"
tierA-fresh,tool,pt,ai-agent-platform,/pt/tools/ai-agent-platform,Ai Agent Platform | Lovart,2026-07-12,2,"WATCH: 等 Google 索引窗口, 14 天后仍未进 GA4 → Tier B"
tierA-fresh,tool,zh,ai-agent-platform,/zh/tools/ai-agent-platform,代理 平台 | Lovart,2026-07-12,2,"WATCH: 等 Google 索引窗口, 14 天后仍未进 GA4 → Tier B"
tierA-fresh,tool,zh-TW,ai-agent-platform,/zh-TW/tools/ai-agent-platform,Ai Agent Platform | Lovart,2026-07-12,2,"WATCH: 等 Google 索引窗口, 14 天后仍未进 GA4 → Tier B"
tierA-fresh,tool,en,ai-ai-audio-voice-generator,/en/tools/ai-ai-audio-voice-generator,AI Voice Generator — Voiceovers in 30 Seconds|Lovart,2026-07-12,2,"WATCH: 等 Google 索引窗口, 14 天后仍未进 GA4 → Tier B"
tierA-fresh,tool,zh,ai-ai-short-video,/zh/tools/ai-ai-short-video,短视频 视频 | Lovart,2026-07-12,2,"WATCH: 等 Google 索引窗口, 14 天后仍未进 GA4 → Tier B"
tierA-fresh,tool,en,ai-album-cover,/en/tools/ai-album-cover,专辑 封面 | Lovart,2026-07-12,2,"WATCH: 等 Google 索引窗口, 14 天后仍未进 GA4 → Tier B"
tierA-fresh,tool,en,ai-album-cover-generator,/en/tools/ai-album-cover-generator,AI Album Cover Generator — Music Album Art in 60 Seconds|Lovart,2026-07-12,2,"WATCH: 等 Google 索引窗口, 14 天后仍未进 GA4 → Tier B"
tierA-fresh,tool,it,ai-album-cover,/it/tools/ai-album-cover,Ai Album Cover | Lovart,2026-07-12,2,"WATCH: 等 Google 索引窗口, 14 天后仍未进 GA4 → Tier B"
tierA-fresh,tool,ru,ai-album-cover,/ru/tools/ai-album-cover,Ai Album Cover | Lovart,2026-07-12,2,"WATCH: 等 Google 索引窗口, 14 天后仍未进 GA4 → Tier B"
tierA-fresh,tool,zh,ai-album-cover,/zh/tools/ai-album-cover,专辑 封面 | Lovart,2026-07-12,2,"WATCH: 等 Google 索引窗口, 14 天后仍未进 GA4 → Tier B"
tierA-fresh,tool,en,ai-animation-generator-free,/en/tools/ai-animation-generator-free,Free AI Animation Generator — Text and Photo to Animated Video|Lovart,2026-07-12,2,"WATCH: 等 Google 索引窗口, 14 天后仍未进 GA4 → Tier B"
tierA-fresh,tool,zh,ai-animation-generator,/zh/tools/ai-animation-generator,动画 生成器 | Lovart,2026-07-12,2,"WATCH: 等 Google 索引窗口, 14 天后仍未进 GA4 → Tier B"
tierA-fresh,tool,en,ai-animation-tutorial,/en/tools/ai-animation-tutorial,AI Animation Tutorial — Learn to Animate in 30 Minutes|Lovart,2026-07-12,2,"WATCH: 等 Google 索引窗口, 14 天后仍未进 GA4 → Tier B"
tierA-fresh,tool,de,ai-anime-generator,/de/tools/ai-anime-generator,Ai Anime Generator | Lovart,2026-07-12,2,"WATCH: 等 Google 索引窗口, 14 天后仍未进 GA4 → Tier B"
tierA-fresh,tool,fr,ai-anime-generator,/fr/tools/ai-anime-generator,Ai Anime Generator | Lovart,2026-07-12,2,"WATCH: 等 Google 索引窗口, 14 天后仍未进 GA4 → Tier B"
tierA-fresh,tool,zh,ai-anime-generator,/zh/tools/ai-anime-generator,动漫 生成器 | Lovart,2026-07-12,2,"WATCH: 等 Google 索引窗口, 14 天后仍未进 GA4 → Tier B"
tierA-fresh,tool,zh-TW,ai-anime-generator,/zh-TW/tools/ai-anime-generator,Ai Anime Generator | Lovart,2026-07-12,2,"WATCH: 等 Google 索引窗口, 14 天后仍未进 GA4 → Tier B"
tierA-fresh,tool,en,ai-anime-video,/en/tools/ai-anime-video,动漫 视频 | Lovart,2026-07-12,2,"WATCH: 等 Google 索引窗口, 14 天后仍未进 GA4 → Tier B"
tierA-fresh,tool,ko,ai-anime-video,/ko/tools/ai-anime-video,Ai Anime Video | Lovart,2026-07-12,2,"WATCH: 等 Google 索引窗口, 14 天后仍未进 GA4 → Tier B"
tierA-fresh,tool,pt,ai-anime-video,/pt/tools/ai-anime-video,Ai Anime Video | Lovart,2026-07-12,2,"WATCH: 等 Google 索引窗口, 14 天后仍未进 GA4 → Tier B"
tierA-fresh,tool,ru,ai-anime-video,/ru/tools/ai-anime-video,Ai Anime Video | Lovart,2026-07-12,2,"WATCH: 等 Google 索引窗口, 14 天后仍未进 GA4 → Tier B"
tierA-fresh,tool,zh,ai-anime-video,/zh/tools/ai-anime-video,动漫 视频 | Lovart,2026-07-12,2,"WATCH: 等 Google 索引窗口, 14 天后仍未进 GA4 → Tier B"
tierA-fresh,tool,zh-TW,ai-anime-video,/zh-TW/tools/ai-anime-video,Ai Anime Video | Lovart,2026-07-12,2,"WATCH: 等 Google 索引窗口, 14 天后仍未进 GA4 → Tier B"
tierA-fresh,tool,en,ai-api-access,/en/tools/ai-api-access,API 接入 | Lovart,2026-07-12,2,"WATCH: 等 Google 索引窗口, 14 天后仍未进 GA4 → Tier B"
tierA-fresh,tool,fr,ai-api-access,/fr/tools/ai-api-access,Ai Api Access | Lovart,2026-07-12,2,"WATCH: 等 Google 索引窗口, 14 天后仍未进 GA4 → Tier B"
tierA-fresh,tool,it,ai-api-access,/it/tools/ai-api-access,Ai Api Access | Lovart,2026-07-12,2,"WATCH: 等 Google 索引窗口, 14 天后仍未进 GA4 → Tier B"
tierA-fresh,tool,ja,ai-api-access,/ja/tools/ai-api-access,AI API接入 | LovartのAI機能をAPIで利用 | Lovart,2026-07-12,2,"WATCH: 等 Google 索引窗口, 14 天后仍未进 GA4 → Tier B"
tierA-fresh,tool,ko,ai-api-access,/ko/tools/ai-api-access,Ai Api Access | Lovart,2026-07-12,2,"WATCH: 等 Google 索引窗口, 14 天后仍未进 GA4 → Tier B"
tierA-fresh,tool,pt,ai-api-access,/pt/tools/ai-api-access,Ai Api Access | Lovart,2026-07-12,2,"WATCH: 等 Google 索引窗口, 14 天后仍未进 GA4 → Tier B"
tierA-fresh,tool,ru,ai-api-access,/ru/tools/ai-api-access,Ai Api Access | Lovart,2026-07-12,2,"WATCH: 等 Google 索引窗口, 14 天后仍未进 GA4 → Tier B"
tierA-fresh,tool,zh,ai-api-access,/zh/tools/ai-api-access,API 接入 | Lovart,2026-07-12,2,"WATCH: 等 Google 索引窗口, 14 天后仍未进 GA4 → Tier B"
tierA-fresh,tool,zh,ai-app-design,/zh/tools/ai-app-design,应用 设计 | Lovart,2026-07-12,2,"WATCH: 等 Google 索引窗口, 14 天后仍未进 GA4 → Tier B"
tierA-fresh,tool,en,ai-app-icon-generator,/en/tools/ai-app-icon-generator,AI App Icon Generator — Custom App Icons in 30 Seconds|Lovart,2026-07-12,2,"WATCH: 等 Google 索引窗口, 14 天后仍未进 GA4 → Tier B"
tierA-fresh,tool,en,ai-assets-library,/en/tools/ai-assets-library,资源 素材库 | Lovart,2026-07-12,2,"WATCH: 等 Google 索引窗口, 14 天后仍未进 GA4 → Tier B"
tierA-fresh,tool,ja,ai-assets-library,/ja/tools/ai-assets-library,AI素材管理ライブラリ | ブランド素材を一括管理 | Lovart,2026-07-12,2,"WATCH: 等 Google 索引窗口, 14 天后仍未进 GA4 → Tier B"
tierA-fresh,tool,ko,ai-assets-library,/ko/tools/ai-assets-library,Ai Assets Library | Lovart,2026-07-12,2,"WATCH: 等 Google 索引窗口, 14 天后仍未进 GA4 → Tier B"
tierA-fresh,tool,pt,ai-assets-library,/pt/tools/ai-assets-library,Ai Assets Library | Lovart,2026-07-12,2,"WATCH: 等 Google 索引窗口, 14 天后仍未进 GA4 → Tier B"
tierA-fresh,tool,ru,ai-assets-library,/ru/tools/ai-assets-library,Ai Assets Library | Lovart,2026-07-12,2,"WATCH: 等 Google 索引窗口, 14 天后仍未进 GA4 → Tier B"
tierA-fresh,tool,zh,ai-assets-library,/zh/tools/ai-assets-library,资源 素材库 | Lovart,2026-07-12,2,"WATCH: 等 Google 索引窗口, 14 天后仍未进 GA4 → Tier B"
tierA-fresh,tool,zh-TW,ai-assets-library,/zh-TW/tools/ai-assets-library,Ai Assets Library | Lovart,2026-07-12,2,"WATCH: 等 Google 索引窗口, 14 天后仍未进 GA4 → Tier B"
tierA-fresh,tool,en,ai-audio-voice-generator,/en/tools/ai-audio-voice-generator,AI Voice Generator — Voiceovers in 30 Seconds|Lovart,2026-07-12,2,"WATCH: 等 Google 索引窗口, 14 天后仍未进 GA4 → Tier B"
tierA-fresh,tool,en,ai-avatar-generator-app,/en/tools/ai-avatar-generator-app,AI Avatar Generator App — Talking Avatars from Any Photo|Lovart,2026-07-12,2,"WATCH: 等 Google 索引窗口, 14 天后仍未进 GA4 → Tier B"
tierA-fresh,tool,de,ai-avatar-generator,/de/tools/ai-avatar-generator,KI-Avatar-Generator|Lovart,2026-07-12,2,"WATCH: 等 Google 索引窗口, 14 天后仍未进 GA4 → Tier B"
tierA-fresh,tool,zh,ai-avatar-generator,/zh/tools/ai-avatar-generator,AI 虚拟形象生成器 | Lovart,2026-07-12,2,"WATCH: 等 Google 索引窗口, 14 天后仍未进 GA4 → Tier B"
tierA-fresh,tool,zh-TW,ai-avatar-generator,/zh-TW/tools/ai-avatar-generator,AI 虛擬形象生成器|Lovart,2026-07-12,2,"WATCH: 等 Google 索引窗口, 14 天后仍未进 GA4 → Tier B"
tierA-fresh,tool,de,ai-baby-announcement,/de/tools/ai-baby-announcement,Ai Baby Announcement | Lovart,2026-07-12,2,"WATCH: 等 Google 索引窗口, 14 天后仍未进 GA4 → Tier B"
tierA-fresh,tool,en,ai-baby-announcement,/en/tools/ai-baby-announcement,baby 公告 | Lovart,2026-07-12,2,"WATCH: 等 Google 索引窗口, 14 天后仍未进 GA4 → Tier B"
tierA-fresh,tool,fr,ai-baby-announcement,/fr/tools/ai-baby-announcement,Ai Baby Announcement | Lovart,2026-07-12,2,"WATCH: 等 Google 索引窗口, 14 天后仍未进 GA4 → Tier B"
tierA-fresh,tool,it,ai-baby-announcement,/it/tools/ai-baby-announcement,Ai Baby Announcement | Lovart,2026-07-12,2,"WATCH: 等 Google 索引窗口, 14 天后仍未进 GA4 → Tier B"
tierA-fresh,tool,ja,ai-baby-announcement,/ja/tools/ai-baby-announcement,AI赤ちゃん誕生カード作成 | テキストからお知らせ画像 | Lovart,2026-07-12,2,"WATCH: 等 Google 索引窗口, 14 天后仍未进 GA4 → Tier B"
tierA-fresh,tool,ko,ai-baby-announcement,/ko/tools/ai-baby-announcement,Ai Baby Announcement | Lovart,2026-07-12,2,"WATCH: 等 Google 索引窗口, 14 天后仍未进 GA4 → Tier B"
tierA-fresh,tool,pt,ai-baby-announcement,/pt/tools/ai-baby-announcement,Ai Baby Announcement | Lovart,2026-07-12,2,"WATCH: 等 Google 索引窗口, 14 天后仍未进 GA4 → Tier B"
tierA-fresh,tool,zh,ai-baby-announcement,/zh/tools/ai-baby-announcement,baby 公告 | Lovart,2026-07-12,2,"WATCH: 等 Google 索引窗口, 14 天后仍未进 GA4 → Tier B"
tierA-fresh,tool,de,ai-background-remover,/de/tools/ai-background-remover,Ai Background Remover | Lovart,2026-07-12,2,"WATCH: 等 Google 索引窗口, 14 天后仍未进 GA4 → Tier B"
tierA-fresh,tool,it,ai-background-remover,/it/tools/ai-background-remover,Ai Background Remover | Lovart,2026-07-12,2,"WATCH: 等 Google 索引窗口, 14 天后仍未进 GA4 → Tier B"
tierA-fresh,tool,ja,ai-background-remover,/ja/tools/ai-background-remover,Ai Background Remover | Lovart,2026-07-12,2,"WATCH: 等 Google 索引窗口, 14 天后仍未进 GA4 → Tier B"
tierA-fresh,tool,pt,ai-background-remover,/pt/tools/ai-background-remover,Ai Background Remover | Lovart,2026-07-12,2,"WATCH: 等 Google 索引窗口, 14 天后仍未进 GA4 → Tier B"
tierA-fresh,tool,ru,ai-background-remover,/ru/tools/ai-background-remover,Ai Background Remover | Lovart,2026-07-12,2,"WATCH: 等 Google 索引窗口, 14 天后仍未进 GA4 → Tier B"
tierA-fresh,tool,zh,ai-background-remover,/zh/tools/ai-background-remover,背景 移除 | Lovart,2026-07-12,2,"WATCH: 等 Google 索引窗口, 14 天后仍未进 GA4 → Tier B"
tierA-fresh,tool,en,ai-banner-creator,/en/tools/ai-banner-creator,横幅 创建器 | Lovart,2026-07-12,2,"WATCH: 等 Google 索引窗口, 14 天后仍未进 GA4 → Tier B"
tierA-fresh,tool,fr,ai-banner-creator,/fr/tools/ai-banner-creator,Ai Banner Creator | Lovart,2026-07-12,2,"WATCH: 等 Google 索引窗口, 14 天后仍未进 GA4 → Tier B"
tierA-fresh,tool,it,ai-banner-creator,/it/tools/ai-banner-creator,Ai Banner Creator | Lovart,2026-07-12,2,"WATCH: 等 Google 索引窗口, 14 天后仍未进 GA4 → Tier B"
tierA-fresh,tool,ko,ai-banner-creator,/ko/tools/ai-banner-creator,Ai Banner Creator | Lovart,2026-07-12,2,"WATCH: 等 Google 索引窗口, 14 天后仍未进 GA4 → Tier B"
tierA-fresh,tool,en,ai-banner-generator,/en/tools/ai-banner-generator,AI Banner Generator — Web and Display Banners in 60 Seconds|Lovart,2026-07-12,2,"WATCH: 等 Google 索引窗口, 14 天后仍未进 GA4 → Tier B"
tierA-fresh,tool,de,ai-banner-maker,/de/tools/ai-banner-maker,Ai Banner Maker | Lovart,2026-07-12,2,"WATCH: 等 Google 索引窗口, 14 天后仍未进 GA4 → Tier B"
tierA-fresh,tool,en,ai-banner-maker,/en/tools/ai-banner-maker,横幅 制作 | Lovart,2026-07-12,2,"WATCH: 等 Google 索引窗口, 14 天后仍未进 GA4 → Tier B"
tierA-fresh,tool,fr,ai-banner-maker,/fr/tools/ai-banner-maker,Ai Banner Maker | Lovart,2026-07-12,2,"WATCH: 等 Google 索引窗口, 14 天后仍未进 GA4 → Tier B"
tierA-fresh,tool,de,ai-banner-maker-free,/de/tools/ai-banner-maker-free,KI-Banner-Generator kostenlos|Lovart,2026-07-12,2,"WATCH: 等 Google 索引窗口, 14 天后仍未进 GA4 → Tier B"
tierA-fresh,tool,ja,ai-banner-maker-free,/ja/tools/ai-banner-maker-free,無料AIバナーメーカー|Lovart,2026-07-12,2,"WATCH: 等 Google 索引窗口, 14 天后仍未进 GA4 → Tier B"
tierA-fresh,tool,zh,ai-banner-maker-free,/zh/tools/ai-banner-maker-free,AI 横幅生成器免费 | Lovart,2026-07-12,2,"WATCH: 等 Google 索引窗口, 14 天后仍未进 GA4 → Tier B"
tierA-fresh,tool,zh-TW,ai-banner-maker-free,/zh-TW/tools/ai-banner-maker-free,AI 橫幅生成器免費|Lovart,2026-07-12,2,"WATCH: 等 Google 索引窗口, 14 天后仍未进 GA4 → Tier B"
tierA-fresh,tool,it,ai-banner-maker,/it/tools/ai-banner-maker,Ai Banner Maker | Lovart,2026-07-12,2,"WATCH: 等 Google 索引窗口, 14 天后仍未进 GA4 → Tier B"
tierA-fresh,tool,ja,ai-banner-maker,/ja/tools/ai-banner-maker,AIバナー作成ツール | テキストからバナーを生成 | Lovart,2026-07-12,2,"WATCH: 等 Google 索引窗口, 14 天后仍未进 GA4 → Tier B"
tierA-fresh,tool,pt,ai-banner-maker,/pt/tools/ai-banner-maker,Ai Banner Maker | Lovart,2026-07-12,2,"WATCH: 等 Google 索引窗口, 14 天后仍未进 GA4 → Tier B"
tierA-fresh,tool,ru,ai-banner-maker,/ru/tools/ai-banner-maker,Ai Banner Maker | Lovart,2026-07-12,2,"WATCH: 等 Google 索引窗口, 14 天后仍未进 GA4 → Tier B"
tierA-fresh,tool,zh,ai-banner-maker,/zh/tools/ai-banner-maker,横幅 制作 | Lovart,2026-07-12,2,"WATCH: 等 Google 索引窗口, 14 天后仍未进 GA4 → Tier B"
tierA-fresh,tool,zh-TW,ai-banner-maker,/zh-TW/tools/ai-banner-maker,Ai Banner Maker | Lovart,2026-07-12,2,"WATCH: 等 Google 索引窗口, 14 天后仍未进 GA4 → Tier B"
tierA-fresh,tool,zh,ai-batch-processing,/zh/tools/ai-batch-processing,批量 处理 | Lovart,2026-07-12,2,"WATCH: 等 Google 索引窗口, 14 天后仍未进 GA4 → Tier B"
tierA-fresh,tool,zh,ai-bdr-toolkit,/zh/tools/ai-bdr-toolkit,bdr 工具集 | Lovart,2026-07-12,2,"WATCH: 等 Google 索引窗口, 14 天后仍未进 GA4 → Tier B"
tierA-fresh,tool,de,ai-best-ai-video-generator-2026,/de/tools/ai-best-ai-video-generator-2026,Bester KI-Videogenerator 2026|Lovart,2026-07-12,2,"WATCH: 等 Google 索引窗口, 14 天后仍未进 GA4 → Tier B"
tierA-fresh,tool,ja,ai-best-ai-video-generator-2026,/ja/tools/ai-best-ai-video-generator-2026,2026年版 ベストAI動画生成ツール|Lovart,2026-07-12,2,"WATCH: 等 Google 索引窗口, 14 天后仍未进 GA4 → Tier B"
tierA-fresh,tool,de,ai-birthday-card,/de/tools/ai-birthday-card,Ai Birthday Card | Lovart,2026-07-12,2,"WATCH: 等 Google 索引窗口, 14 天后仍未进 GA4 → Tier B"
tierA-fresh,tool,en,ai-birthday-card,/en/tools/ai-birthday-card,birthday 卡片 | Lovart,2026-07-12,2,"WATCH: 等 Google 索引窗口, 14 天后仍未进 GA4 → Tier B"
tierA-fresh,tool,zh-TW,ai-birthday-card,/zh-TW/tools/ai-birthday-card,Ai Birthday Card | Lovart,2026-07-12,2,"WATCH: 等 Google 索引窗口, 14 天后仍未进 GA4 → Tier B"
tierA-fresh,tool,en,ai-blog-image-generator,/en/tools/ai-blog-image-generator,AI Blog Image Generator — Cover Images in 30 Seconds|Lovart,2026-07-12,2,"WATCH: 等 Google 索引窗口, 14 天后仍未进 GA4 → Tier B"
tierA-fresh,tool,en,ai-book-cover-generator,/en/tools/ai-book-cover-generator,AI Book Cover Generator — Custom Book Covers in 60 Seconds|Lovart,2026-07-12,2,"WATCH: 等 Google 索引窗口, 14 天后仍未进 GA4 → Tier B"
tierA-fresh,tool,en,ai-book-cover-maker,/en/tools/ai-book-cover-maker,书籍 封面 制作 | Lovart,2026-07-12,2,"WATCH: 等 Google 索引窗口, 14 天后仍未进 GA4 → Tier B"
tierA-fresh,tool,fr,ai-book-cover-maker,/fr/tools/ai-book-cover-maker,Ai Book Cover Maker | Lovart,2026-07-12,2,"WATCH: 等 Google 索引窗口, 14 天后仍未进 GA4 → Tier B"
tierA-fresh,tool,ko,ai-book-cover-maker,/ko/tools/ai-book-cover-maker,Ai Book Cover Maker | Lovart,2026-07-12,2,"WATCH: 等 Google 索引窗口, 14 天后仍未进 GA4 → Tier B"
tierA-fresh,tool,ru,ai-book-cover-maker,/ru/tools/ai-book-cover-maker,Ai Book Cover Maker | Lovart,2026-07-12,2,"WATCH: 等 Google 索引窗口, 14 天后仍未进 GA4 → Tier B"
tierA-fresh,tool,zh,ai-book-cover-maker,/zh/tools/ai-book-cover-maker,书籍 封面 制作 | Lovart,2026-07-12,2,"WATCH: 等 Google 索引窗口, 14 天后仍未进 GA4 → Tier B"
tierA-fresh,tool,zh-TW,ai-book-cover-maker,/zh-TW/tools/ai-book-cover-maker,Ai Book Cover Maker | Lovart,2026-07-12,2,"WATCH: 等 Google 索引窗口, 14 天后仍未进 GA4 → Tier B"
tierA-fresh,tool,zh,ai-brand-campaign,/zh/tools/ai-brand-campaign,品牌 营销活动 | Lovart,2026-07-12,2,"WATCH: 等 Google 索引窗口, 14 天后仍未进 GA4 → Tier B"
tierA-fresh,tool,de,ai-brand-creator,/de/tools/ai-brand-creator,Ai Brand Creator | Lovart,2026-07-12,2,"WATCH: 等 Google 索引窗口, 14 天后仍未进 GA4 → Tier B"
tierA-fresh,tool,en,ai-brand-creator,/en/tools/ai-brand-creator,品牌 创建器 | Lovart,2026-07-12,2,"WATCH: 等 Google 索引窗口, 14 天后仍未进 GA4 → Tier B"
tierA-fresh,tool,fr,ai-brand-creator,/fr/tools/ai-brand-creator,Ai Brand Creator | Lovart,2026-07-12,2,"WATCH: 等 Google 索引窗口, 14 天后仍未进 GA4 → Tier B"
tierA-fresh,tool,ja,ai-brand-creator,/ja/tools/ai-brand-creator,AIブランドクリエイター | テキストからブランドを構築 | Lovart,2026-07-12,2,"WATCH: 等 Google 索引窗口, 14 天后仍未进 GA4 → Tier B"
tierA-fresh,tool,pt,ai-brand-creator,/pt/tools/ai-brand-creator,Ai Brand Creator | Lovart,2026-07-12,2,"WATCH: 等 Google 索引窗口, 14 天后仍未进 GA4 → Tier B"
tierA-fresh,tool,de,ai-brand-guidelines,/de/tools/ai-brand-guidelines,Ai Brand Guidelines | Lovart,2026-07-12,2,"WATCH: 等 Google 索引窗口, 14 天后仍未进 GA4 → Tier B"
tierA-fresh,tool,en,ai-brand-guidelines,/en/tools/ai-brand-guidelines,品牌 guidelines | Lovart,2026-07-12,2,"WATCH: 等 Google 索引窗口, 14 天后仍未进 GA4 → Tier B"
tierA-fresh,tool,ru,ai-brand-guidelines,/ru/tools/ai-brand-guidelines,Ai Brand Guidelines | Lovart,2026-07-12,2,"WATCH: 等 Google 索引窗口, 14 天后仍未进 GA4 → Tier B"
tierA-fresh,tool,zh,ai-brand-guidelines,/zh/tools/ai-brand-guidelines,品牌 guidelines | Lovart,2026-07-12,2,"WATCH: 等 Google 索引窗口, 14 天后仍未进 GA4 → Tier B"
tierA-fresh,tool,zh-TW,ai-brand-guidelines,/zh-TW/tools/ai-brand-guidelines,Ai Brand Guidelines | Lovart,2026-07-12,2,"WATCH: 等 Google 索引窗口, 14 天后仍未进 GA4 → Tier B"
tierA-fresh,tool,en,ai-brand-identity,/en/tools/ai-brand-identity,品牌 识别 | Lovart,2026-07-12,2,"WATCH: 等 Google 索引窗口, 14 天后仍未进 GA4 → Tier B"
tierA-fresh,tool,fr,ai-brand-identity,/fr/tools/ai-brand-identity,Ai Brand Identity | Lovart,2026-07-12,2,"WATCH: 等 Google 索引窗口, 14 天后仍未进 GA4 → Tier B"
tierA-fresh,tool,it,ai-brand-identity,/it/tools/ai-brand-identity,Ai Brand Identity | Lovart,2026-07-12,2,"WATCH: 等 Google 索引窗口, 14 天后仍未进 GA4 → Tier B"
tierA-fresh,tool,ja,ai-brand-identity,/ja/tools/ai-brand-identity,AIブランドアイデンティティ | 統一感あるブランドを構築 | Lovart,2026-07-12,2,"WATCH: 等 Google 索引窗口, 14 天后仍未进 GA4 → Tier B"
tierA-fresh,tool,pt,ai-brand-identity,/pt/tools/ai-brand-identity,Ai Brand Identity | Lovart,2026-07-12,2,"WATCH: 等 Google 索引窗口, 14 天后仍未进 GA4 → Tier B"
tierA-fresh,tool,zh,ai-brand-identity,/zh/tools/ai-brand-identity,品牌 识别 | Lovart,2026-07-12,2,"WATCH: 等 Google 索引窗口, 14 天后仍未进 GA4 → Tier B"
tierA-fresh,tool,de,ai-brand-kit,/de/tools/ai-brand-kit,Ai Brand Kit | Lovart,2026-07-12,2,"WATCH: 等 Google 索引窗口, 14 天后仍未进 GA4 → Tier B"
tierA-fresh,tool,en,ai-brand-kit,/en/tools/ai-brand-kit,品牌 套件 | Lovart,2026-07-12,2,"WATCH: 等 Google 索引窗口, 14 天后仍未进 GA4 → Tier B"
tierA-fresh,tool,fr,ai-brand-kit,/fr/tools/ai-brand-kit,Ai Brand Kit | Lovart,2026-07-12,2,"WATCH: 等 Google 索引窗口, 14 天后仍未进 GA4 → Tier B"
tierA-fresh,tool,ja,ai-brand-kit,/ja/tools/ai-brand-kit,AIブランドキット | ブランド素材をAIで一元管理 | Lovart,2026-07-12,2,"WATCH: 等 Google 索引窗口, 14 天后仍未进 GA4 → Tier B"
tierA-fresh,tool,ko,ai-brand-kit,/ko/tools/ai-brand-kit,Ai Brand Kit | Lovart,2026-07-12,2,"WATCH: 等 Google 索引窗口, 14 天后仍未进 GA4 → Tier B"
tierA-fresh,tool,zh,ai-brand-kit,/zh/tools/ai-brand-kit,品牌 套件 | Lovart,2026-07-12,2,"WATCH: 等 Google 索引窗口, 14 天后仍未进 GA4 → Tier B"
tierA-fresh,tool,en,ai-branding-kit,/en/tools/ai-branding-kit,branding 套件 | Lovart,2026-07-12,2,"WATCH: 等 Google 索引窗口, 14 天后仍未进 GA4 → Tier B"
tierA-fresh,tool,ja,ai-branding-kit,/ja/tools/ai-branding-kit,AIブランディングキット | ブランド構築をAIで完結 | Lovart,2026-07-12,2,"WATCH: 等 Google 索引窗口, 14 天后仍未进 GA4 → Tier B"
tierA-fresh,tool,ko,ai-branding-kit,/ko/tools/ai-branding-kit,Ai Branding Kit | Lovart,2026-07-12,2,"WATCH: 等 Google 索引窗口, 14 天后仍未进 GA4 → Tier B"
tierA-fresh,tool,zh,ai-branding-kit,/zh/tools/ai-branding-kit,branding 套件 | Lovart,2026-07-12,2,"WATCH: 等 Google 索引窗口, 14 天后仍未进 GA4 → Tier B"
tierA-fresh,tool,zh-TW,ai-branding-kit,/zh-TW/tools/ai-branding-kit,Ai Branding Kit | Lovart,2026-07-12,2,"WATCH: 等 Google 索引窗口, 14 天后仍未进 GA4 → Tier B"
tierA-fresh,tool,de,ai-brochure-maker,/de/tools/ai-brochure-maker,Ai Brochure Maker | Lovart,2026-07-12,2,"WATCH: 等 Google 索引窗口, 14 天后仍未进 GA4 → Tier B"
tierA-fresh,tool,en,ai-brochure-maker,/en/tools/ai-brochure-maker,宣传册 制作 | Lovart,2026-07-12,2,"WATCH: 等 Google 索引窗口, 14 天后仍未进 GA4 → Tier B"
tierA-fresh,tool,fr,ai-brochure-maker,/fr/tools/ai-brochure-maker,Ai Brochure Maker | Lovart,2026-07-12,2,"WATCH: 等 Google 索引窗口, 14 天后仍未进 GA4 → Tier B"
tierA-fresh,tool,it,ai-brochure-maker,/it/tools/ai-brochure-maker,Ai Brochure Maker | Lovart,2026-07-12,2,"WATCH: 等 Google 索引窗口, 14 天后仍未进 GA4 → Tier B"
tierA-fresh,tool,zh,ai-brochure-maker,/zh/tools/ai-brochure-maker,宣传册 制作 | Lovart,2026-07-12,2,"WATCH: 等 Google 索引窗口, 14 天后仍未进 GA4 → Tier B"
tierA-fresh,tool,zh-TW,ai-brochure-maker,/zh-TW/tools/ai-brochure-maker,Ai Brochure Maker | Lovart,2026-07-12,2,"WATCH: 等 Google 索引窗口, 14 天后仍未进 GA4 → Tier B"
tierA-fresh,tool,en,ai-business-card-generator,/en/tools/ai-business-card-generator,AI Business Card Generator — Professional Cards in 60 Seconds|Lovart,2026-07-12,2,"WATCH: 等 Google 索引窗口, 14 天后仍未进 GA4 → Tier B"
tierA-fresh,tool,en,ai-business-card-maker,/en/tools/ai-business-card-maker,商务 卡片 制作 | Lovart,2026-07-12,2,"WATCH: 等 Google 索引窗口, 14 天后仍未进 GA4 → Tier B"
tierA-fresh,tool,fr,ai-business-card-maker,/fr/tools/ai-business-card-maker,Ai Business Card Maker | Lovart,2026-07-12,2,"WATCH: 等 Google 索引窗口, 14 天后仍未进 GA4 → Tier B"
tierA-fresh,tool,it,ai-business-card-maker,/it/tools/ai-business-card-maker,Ai Business Card Maker | Lovart,2026-07-12,2,"WATCH: 等 Google 索引窗口, 14 天后仍未进 GA4 → Tier B"
tierA-fresh,tool,ja,ai-business-card-maker,/ja/tools/ai-business-card-maker,AI名刺作成 | テキストから名刺デザインを生成 | Lovart,2026-07-12,2,"WATCH: 等 Google 索引窗口, 14 天后仍未进 GA4 → Tier B"
tierA-fresh,tool,pt,ai-business-card-maker,/pt/tools/ai-business-card-maker,Ai Business Card Maker | Lovart,2026-07-12,2,"WATCH: 等 Google 索引窗口, 14 天后仍未进 GA4 → Tier B"
tierA-fresh,tool,zh,ai-business-card-maker,/zh/tools/ai-business-card-maker,商务 卡片 制作 | Lovart,2026-07-12,2,"WATCH: 等 Google 索引窗口, 14 天后仍未进 GA4 → Tier B"
tierA-fresh,tool,zh,ai-business-card-scanner,/zh/tools/ai-business-card-scanner,商务 卡片 scanner | Lovart,2026-07-12,2,"WATCH: 等 Google 索引窗口, 14 天后仍未进 GA4 → Tier B"
tierA-fresh,tool,de,ai-card-maker,/de/tools/ai-card-maker,Ai Card Maker | Lovart,2026-07-12,2,"WATCH: 等 Google 索引窗口, 14 天后仍未进 GA4 → Tier B"
tierA-fresh,tool,en,ai-card-maker,/en/tools/ai-card-maker,卡片 制作 | Lovart,2026-07-12,2,"WATCH: 等 Google 索引窗口, 14 天后仍未进 GA4 → Tier B"
tierA-fresh,tool,fr,ai-card-maker,/fr/tools/ai-card-maker,Ai Card Maker | Lovart,2026-07-12,2,"WATCH: 等 Google 索引窗口, 14 天后仍未进 GA4 → Tier B"
tierA-fresh,tool,it,ai-card-maker,/it/tools/ai-card-maker,Ai Card Maker | Lovart,2026-07-12,2,"WATCH: 等 Google 索引窗口, 14 天后仍未进 GA4 → Tier B"
tierA-fresh,tool,ko,ai-card-maker,/ko/tools/ai-card-maker,Ai Card Maker | Lovart,2026-07-12,2,"WATCH: 等 Google 索引窗口, 14 天后仍未进 GA4 → Tier B"
tierA-fresh,tool,pt,ai-card-maker,/pt/tools/ai-card-maker,Ai Card Maker | Lovart,2026-07-12,2,"WATCH: 等 Google 索引窗口, 14 天后仍未进 GA4 → Tier B"
tierA-fresh,tool,zh-TW,ai-card-maker,/zh-TW/tools/ai-card-maker,Ai Card Maker | Lovart,2026-07-12,2,"WATCH: 等 Google 索引窗口, 14 天后仍未进 GA4 → Tier B"
tierA-fresh,tool,zh,ai-caricature-maker,/zh/tools/ai-caricature-maker,AI 漫画肖像生成器 | 手绘风格漫画 | Lovart,2026-07-12,2,"WATCH: 等 Google 索引窗口, 14 天后仍未进 GA4 → Tier B"
tierA-fresh,tool,zh-TW,ai-caricature-maker,/zh-TW/tools/ai-caricature-maker,AI 漫畫肖像生成器|Lovart,2026-07-12,2,"WATCH: 等 Google 索引窗口, 14 天后仍未进 GA4 → Tier B"
tierA-fresh,tool,de,ai-carousel-ad-maker,/de/tools/ai-carousel-ad-maker,KI-Karussell-Werbung|Lovart,2026-07-12,2,"WATCH: 等 Google 索引窗口, 14 天后仍未进 GA4 → Tier B"
tierA-fresh,tool,ja,ai-carousel-ad-maker,/ja/tools/ai-carousel-ad-maker,AIカルーセル広告メーカー|Lovart,2026-07-12,2,"WATCH: 等 Google 索引窗口, 14 天后仍未进 GA4 → Tier B"
tierA-fresh,tool,zh,ai-carousel-ad-maker,/zh/tools/ai-carousel-ad-maker,AI 轮播广告生成器 | Lovart,2026-07-12,2,"WATCH: 等 Google 索引窗口, 14 天后仍未进 GA4 → Tier B"
tierA-fresh,tool,zh-TW,ai-carousel-ad-maker,/zh-TW/tools/ai-carousel-ad-maker,AI 輪播廣告生成器|Lovart,2026-07-12,2,"WATCH: 等 Google 索引窗口, 14 天后仍未进 GA4 → Tier B"
tierA-fresh,tool,de,ai-carousel-maker,/de/tools/ai-carousel-maker,Ai Carousel Maker | Lovart,2026-07-12,2,"WATCH: 等 Google 索引窗口, 14 天后仍未进 GA4 → Tier B"
tierA-fresh,tool,en,ai-carousel-maker,/en/tools/ai-carousel-maker,carousel 制作 | Lovart,2026-07-12,2,"WATCH: 等 Google 索引窗口, 14 天后仍未进 GA4 → Tier B"
tierA-fresh,tool,fr,ai-carousel-maker,/fr/tools/ai-carousel-maker,Ai Carousel Maker | Lovart,2026-07-12,2,"WATCH: 等 Google 索引窗口, 14 天后仍未进 GA4 → Tier B"
tierA-fresh,tool,it,ai-carousel-maker,/it/tools/ai-carousel-maker,Ai Carousel Maker | Lovart,2026-07-12,2,"WATCH: 等 Google 索引窗口, 14 天后仍未进 GA4 → Tier B"
tierA-fresh,tool,ja,ai-carousel-maker,/ja/tools/ai-carousel-maker,AIカルーセル作成 | SNS用スライドをテキストから生成 | Lovart,2026-07-12,2,"WATCH: 等 Google 索引窗口, 14 天后仍未进 GA4 → Tier B"
tierA-fresh,tool,ko,ai-carousel-maker,/ko/tools/ai-carousel-maker,Ai Carousel Maker | Lovart,2026-07-12,2,"WATCH: 等 Google 索引窗口, 14 天后仍未进 GA4 → Tier B"
tierA-fresh,tool,ru,ai-carousel-maker,/ru/tools/ai-carousel-maker,Ai Carousel Maker | Lovart,2026-07-12,2,"WATCH: 等 Google 索引窗口, 14 天后仍未进 GA4 → Tier B"
tierA-fresh,tool,zh,ai-carousel-maker,/zh/tools/ai-carousel-maker,carousel 制作 | Lovart,2026-07-12,2,"WATCH: 等 Google 索引窗口, 14 天后仍未进 GA4 → Tier B"
tierA-fresh,tool,zh-TW,ai-carousel-maker,/zh-TW/tools/ai-carousel-maker,Ai Carousel Maker | Lovart,2026-07-12,2,"WATCH: 等 Google 索引窗口, 14 天后仍未进 GA4 → Tier B"
tierA-fresh,tool,de,ai-catalog-creator,/de/tools/ai-catalog-creator,Ai Catalog Creator | Lovart,2026-07-12,2,"WATCH: 等 Google 索引窗口, 14 天后仍未进 GA4 → Tier B"
tierA-fresh,tool,en,ai-catalog-creator,/en/tools/ai-catalog-creator,catalog 创建器 | Lovart,2026-07-12,2,"WATCH: 等 Google 索引窗口, 14 天后仍未进 GA4 → Tier B"
tierA-fresh,tool,it,ai-catalog-creator,/it/tools/ai-catalog-creator,Ai Catalog Creator | Lovart,2026-07-12,2,"WATCH: 等 Google 索引窗口, 14 天后仍未进 GA4 → Tier B"
tierA-fresh,tool,ko,ai-catalog-creator,/ko/tools/ai-catalog-creator,Ai Catalog Creator | Lovart,2026-07-12,2,"WATCH: 等 Google 索引窗口, 14 天后仍未进 GA4 → Tier B"
tierA-fresh,tool,de,ai-catalog-maker,/de/tools/ai-catalog-maker,Ai Catalog Maker | Lovart,2026-07-12,2,"WATCH: 等 Google 索引窗口, 14 天后仍未进 GA4 → Tier B"
tierA-fresh,tool,en,ai-catalog-maker,/en/tools/ai-catalog-maker,catalog 制作 | Lovart,2026-07-12,2,"WATCH: 等 Google 索引窗口, 14 天后仍未进 GA4 → Tier B"
tierA-fresh,tool,fr,ai-catalog-maker,/fr/tools/ai-catalog-maker,Ai Catalog Maker | Lovart,2026-07-12,2,"WATCH: 等 Google 索引窗口, 14 天后仍未进 GA4 → Tier B"
tierA-fresh,tool,ko,ai-catalog-maker,/ko/tools/ai-catalog-maker,Ai Catalog Maker | Lovart,2026-07-12,2,"WATCH: 等 Google 索引窗口, 14 天后仍未进 GA4 → Tier B"
tierA-fresh,tool,pt,ai-catalog-maker,/pt/tools/ai-catalog-maker,Ai Catalog Maker | Lovart,2026-07-12,2,"WATCH: 等 Google 索引窗口, 14 天后仍未进 GA4 → Tier B"
tierA-fresh,tool,ru,ai-catalog-maker,/ru/tools/ai-catalog-maker,Ai Catalog Maker | Lovart,2026-07-12,2,"WATCH: 等 Google 索引窗口, 14 天后仍未进 GA4 → Tier B"
tierA-fresh,tool,zh,ai-catalog-maker,/zh/tools/ai-catalog-maker,catalog 制作 | Lovart,2026-07-12,2,"WATCH: 等 Google 索引窗口, 14 天后仍未进 GA4 → Tier B"
tierA-fresh,tool,zh,ai-certificate-maker,/zh/tools/ai-certificate-maker,certificate 制作 | Lovart,2026-07-12,2,"WATCH: 等 Google 索引窗口, 14 天后仍未进 GA4 → Tier B"
tierA-fresh,tool,en,ai-character-generator,/en/tools/ai-character-generator,AI Character Generator — Custom Characters in 30 Seconds|Lovart,2026-07-12,2,"WATCH: 等 Google 索引窗口, 14 天后仍未进 GA4 → Tier B"
tierA-fresh,tool,de,ai-chat-pdf,/de/tools/ai-chat-pdf,Ai Chat Pdf | Lovart,2026-07-12,2,"WATCH: 等 Google 索引窗口, 14 天后仍未进 GA4 → Tier B"
tierA-fresh,tool,en,ai-chat-pdf,/en/tools/ai-chat-pdf,chat pdf | Lovart,2026-07-12,2,"WATCH: 等 Google 索引窗口, 14 天后仍未进 GA4 → Tier B"
tierA-fresh,tool,fr,ai-chat-pdf,/fr/tools/ai-chat-pdf,Ai Chat Pdf | Lovart,2026-07-12,2,"WATCH: 等 Google 索引窗口, 14 天后仍未进 GA4 → Tier B"
tierA-fresh,tool,it,ai-chat-pdf,/it/tools/ai-chat-pdf,Ai Chat Pdf | Lovart,2026-07-12,2,"WATCH: 等 Google 索引窗口, 14 天后仍未进 GA4 → Tier B"
tierA-fresh,tool,ja,ai-chat-pdf,/ja/tools/ai-chat-pdf,AIチャットPDF | PDF文書と会話するAIツール | Lovart,2026-07-12,2,"WATCH: 等 Google 索引窗口, 14 天后仍未进 GA4 → Tier B"
tierA-fresh,tool,pt,ai-chat-pdf,/pt/tools/ai-chat-pdf,Ai Chat Pdf | Lovart,2026-07-12,2,"WATCH: 等 Google 索引窗口, 14 天后仍未进 GA4 → Tier B"
tierA-fresh,tool,ru,ai-chat-pdf,/ru/tools/ai-chat-pdf,Ai Chat Pdf | Lovart,2026-07-12,2,"WATCH: 等 Google 索引窗口, 14 天后仍未进 GA4 → Tier B"
tierA-fresh,tool,zh-TW,ai-chat-pdf,/zh-TW/tools/ai-chat-pdf,Ai Chat Pdf | Lovart,2026-07-12,2,"WATCH: 等 Google 索引窗口, 14 天后仍未进 GA4 → Tier B"
tierA-fresh,tool,de,ai-cinema-studio,/de/tools/ai-cinema-studio,Ai Cinema Studio | Lovart,2026-07-12,2,"WATCH: 等 Google 索引窗口, 14 天后仍未进 GA4 → Tier B"
tierA-fresh,tool,en,ai-cinema-studio,/en/tools/ai-cinema-studio,cinema studio | Lovart,2026-07-12,2,"WATCH: 等 Google 索引窗口, 14 天后仍未进 GA4 → Tier B"
tierA-fresh,tool,it,ai-cinema-studio,/it/tools/ai-cinema-studio,Ai Cinema Studio | Lovart,2026-07-12,2,"WATCH: 等 Google 索引窗口, 14 天后仍未进 GA4 → Tier B"
tierA-fresh,tool,ja,ai-cinema-studio,/ja/tools/ai-cinema-studio,AIシネマスタジオ | 映画品質のビデオをAIで生成 | Lovart,2026-07-12,2,"WATCH: 等 Google 索引窗口, 14 天后仍未进 GA4 → Tier B"
tierA-fresh,tool,ko,ai-cinema-studio,/ko/tools/ai-cinema-studio,Ai Cinema Studio | Lovart,2026-07-12,2,"WATCH: 等 Google 索引窗口, 14 天后仍未进 GA4 → Tier B"
tierA-fresh,tool,zh,ai-cinema-studio,/zh/tools/ai-cinema-studio,cinema studio | Lovart,2026-07-12,2,"WATCH: 等 Google 索引窗口, 14 天后仍未进 GA4 → Tier B"
tierA-fresh,tool,zh-TW,ai-cinema-studio,/zh-TW/tools/ai-cinema-studio,Ai Cinema Studio | Lovart,2026-07-12,2,"WATCH: 等 Google 索引窗口, 14 天后仍未进 GA4 → Tier B"
tierA-fresh,tool,zh,ai-cinematic-video,/zh/tools/ai-cinematic-video,cinematic 视频 | Lovart,2026-07-12,2,"WATCH: 等 Google 索引窗口, 14 天后仍未进 GA4 → Tier B"
tierA-fresh,tool,en,ai-clothing-mockup,/en/tools/ai-clothing-mockup,clothing mockup | Lovart,2026-07-12,2,"WATCH: 等 Google 索引窗口, 14 天后仍未进 GA4 → Tier B"
tierA-fresh,tool,fr,ai-clothing-mockup,/fr/tools/ai-clothing-mockup,Ai Clothing Mockup | Lovart,2026-07-12,2,"WATCH: 等 Google 索引窗口, 14 天后仍未进 GA4 → Tier B"
tierA-fresh,tool,ja,ai-clothing-mockup,/ja/tools/ai-clothing-mockup,AI衣料品モックアップ | テキストから衣類デザインを生成 | Lovart,2026-07-12,2,"WATCH: 等 Google 索引窗口, 14 天后仍未进 GA4 → Tier B"
tierA-fresh,tool,pt,ai-clothing-mockup,/pt/tools/ai-clothing-mockup,Ai Clothing Mockup | Lovart,2026-07-12,2,"WATCH: 等 Google 索引窗口, 14 天后仍未进 GA4 → Tier B"
tierA-fresh,tool,zh,ai-clothing-mockup,/zh/tools/ai-clothing-mockup,clothing mockup | Lovart,2026-07-12,2,"WATCH: 等 Google 索引窗口, 14 天后仍未进 GA4 → Tier B"
tierA-fresh,tool,zh-TW,ai-clothing-mockup,/zh-TW/tools/ai-clothing-mockup,Ai Clothing Mockup | Lovart,2026-07-12,2,"WATCH: 等 Google 索引窗口, 14 天后仍未进 GA4 → Tier B"
tierA-fresh,tool,en,ai-coaching-branding,/en/tools/ai-coaching-branding,coaching branding | Lovart,2026-07-12,2,"WATCH: 等 Google 索引窗口, 14 天后仍未进 GA4 → Tier B"
tierA-fresh,tool,fr,ai-coaching-branding,/fr/tools/ai-coaching-branding,Ai Coaching Branding | Lovart,2026-07-12,2,"WATCH: 等 Google 索引窗口, 14 天后仍未进 GA4 → Tier B"
tierA-fresh,tool,ko,ai-coaching-branding,/ko/tools/ai-coaching-branding,Ai Coaching Branding | Lovart,2026-07-12,2,"WATCH: 等 Google 索引窗口, 14 天后仍未进 GA4 → Tier B"
tierA-fresh,tool,ru,ai-coaching-branding,/ru/tools/ai-coaching-branding,Ai Coaching Branding | Lovart,2026-07-12,2,"WATCH: 等 Google 索引窗口, 14 天后仍未进 GA4 → Tier B"
tierA-fresh,tool,zh,ai-coaching-branding,/zh/tools/ai-coaching-branding,coaching branding | Lovart,2026-07-12,2,"WATCH: 等 Google 索引窗口, 14 天后仍未进 GA4 → Tier B"
tierA-fresh,tool,zh-TW,ai-coaching-branding,/zh-TW/tools/ai-coaching-branding,Ai Coaching Branding | Lovart,2026-07-12,2,"WATCH: 等 Google 索引窗口, 14 天后仍未进 GA4 → Tier B"
tierA-fresh,tool,en,ai-color-palette-generator,/en/tools/ai-color-palette-generator,AI Color Palette Generator — Custom Palettes in 30 Seconds|Lovart,2026-07-12,2,"WATCH: 等 Google 索引窗口, 14 天后仍未进 GA4 → Tier B"
tierA-fresh,tool,de,ai-commercial-generator,/de/tools/ai-commercial-generator,Ai Commercial Generator | Lovart,2026-07-12,2,"WATCH: 等 Google 索引窗口, 14 天后仍未进 GA4 → Tier B"
tierA-fresh,tool,en,ai-commercial-generator,/en/tools/ai-commercial-generator,commercial 生成器 | Lovart,2026-07-12,2,"WATCH: 等 Google 索引窗口, 14 天后仍未进 GA4 → Tier B"
tierA-fresh,tool,it,ai-commercial-generator,/it/tools/ai-commercial-generator,Ai Commercial Generator | Lovart,2026-07-12,2,"WATCH: 等 Google 索引窗口, 14 天后仍未进 GA4 → Tier B"
tierA-fresh,tool,ja,ai-commercial-generator,/ja/tools/ai-commercial-generator,AI CM生成 | テキストからCM動画を自動生成 | Lovart,2026-07-12,2,"WATCH: 等 Google 索引窗口, 14 天后仍未进 GA4 → Tier B"
tierA-fresh,tool,pt,ai-commercial-generator,/pt/tools/ai-commercial-generator,Ai Commercial Generator | Lovart,2026-07-12,2,"WATCH: 等 Google 索引窗口, 14 天后仍未进 GA4 → Tier B"
tierA-fresh,tool,ru,ai-commercial-generator,/ru/tools/ai-commercial-generator,Ai Commercial Generator | Lovart,2026-07-12,2,"WATCH: 等 Google 索引窗口, 14 天后仍未进 GA4 → Tier B"
tierA-fresh,tool,zh,ai-commercial-generator,/zh/tools/ai-commercial-generator,commercial 生成器 | Lovart,2026-07-12,2,"WATCH: 等 Google 索引窗口, 14 天后仍未进 GA4 → Tier B"
tierA-fresh,tool,zh-TW,ai-commercial-generator,/zh-TW/tools/ai-commercial-generator,Ai Commercial Generator | Lovart,2026-07-12,2,"WATCH: 等 Google 索引窗口, 14 天后仍未进 GA4 → Tier B"
tierA-fresh,tool,en,ai-commercial-photography,/en/tools/ai-commercial-photography,AI Commercial Photography — Product and Brand Photography in 60 Seconds|Lovart,2026-07-12,2,"WATCH: 等 Google 索引窗口, 14 天后仍未进 GA4 → Tier B"
tierA-fresh,tool,zh,ai-community-design,/zh/tools/ai-community-design,community 设计 | Lovart,2026-07-12,2,"WATCH: 等 Google 索引窗口, 14 天后仍未进 GA4 → Tier B"
tierA-fresh,tool,en,ai-company-profile,/en/tools/ai-company-profile,company profile | Lovart,2026-07-12,2,"WATCH: 等 Google 索引窗口, 14 天后仍未进 GA4 → Tier B"
tierA-fresh,tool,it,ai-company-profile,/it/tools/ai-company-profile,Ai Company Profile | Lovart,2026-07-12,2,"WATCH: 等 Google 索引窗口, 14 天后仍未进 GA4 → Tier B"
tierA-fresh,tool,ja,ai-company-profile,/ja/tools/ai-company-profile,AI会社概要作成 | 企業プロフィールをテキストから生成 | Lovart,2026-07-12,2,"WATCH: 等 Google 索引窗口, 14 天后仍未进 GA4 → Tier B"
tierA-fresh,tool,zh-TW,ai-company-profile,/zh-TW/tools/ai-company-profile,Ai Company Profile | Lovart,2026-07-12,2,"WATCH: 等 Google 索引窗口, 14 天后仍未进 GA4 → Tier B"
tierA-fresh,tool,en,ai-comparison-chart,/en/tools/ai-comparison-chart,comparison chart | Lovart,2026-07-12,2,"WATCH: 等 Google 索引窗口, 14 天后仍未进 GA4 → Tier B"
tierA-fresh,tool,fr,ai-comparison-chart,/fr/tools/ai-comparison-chart,Ai Comparison Chart | Lovart,2026-07-12,2,"WATCH: 等 Google 索引窗口, 14 天后仍未进 GA4 → Tier B"
tierA-fresh,tool,it,ai-comparison-chart,/it/tools/ai-comparison-chart,Ai Comparison Chart | Lovart,2026-07-12,2,"WATCH: 等 Google 索引窗口, 14 天后仍未进 GA4 → Tier B"
tierA-fresh,tool,ja,ai-comparison-chart,/ja/tools/ai-comparison-chart,AI比較チャート作成 | テキストから比較表を生成 | Lovart,2026-07-12,2,"WATCH: 等 Google 索引窗口, 14 天后仍未进 GA4 → Tier B"
tierA-fresh,tool,zh-TW,ai-comparison-chart,/zh-TW/tools/ai-comparison-chart,Ai Comparison Chart | Lovart,2026-07-12,2,"WATCH: 等 Google 索引窗口, 14 天后仍未进 GA4 → Tier B"
tierA-fresh,tool,de,ai-consistent-character,/de/tools/ai-consistent-character,Ai Consistent Character | Lovart,2026-07-12,2,"WATCH: 等 Google 索引窗口, 14 天后仍未进 GA4 → Tier B"
tierA-fresh,tool,en,ai-consistent-character,/en/tools/ai-consistent-character,consistent character | Lovart,2026-07-12,2,"WATCH: 等 Google 索引窗口, 14 天后仍未进 GA4 → Tier B"
tierA-fresh,tool,fr,ai-consistent-character,/fr/tools/ai-consistent-character,Ai Consistent Character | Lovart,2026-07-12,2,"WATCH: 等 Google 索引窗口, 14 天后仍未进 GA4 → Tier B"
tierA-fresh,tool,it,ai-consistent-character,/it/tools/ai-consistent-character,Ai Consistent Character | Lovart,2026-07-12,2,"WATCH: 等 Google 索引窗口, 14 天后仍未进 GA4 → Tier B"
tierA-fresh,tool,ko,ai-consistent-character,/ko/tools/ai-consistent-character,Ai Consistent Character | Lovart,2026-07-12,2,"WATCH: 等 Google 索引窗口, 14 天后仍未进 GA4 → Tier B"
tierA-fresh,tool,ru,ai-consistent-character,/ru/tools/ai-consistent-character,Ai Consistent Character | Lovart,2026-07-12,2,"WATCH: 等 Google 索引窗口, 14 天后仍未进 GA4 → Tier B"
tierA-fresh,tool,en,ai-content-authenticity,/en/tools/ai-content-authenticity,content authenticity | Lovart,2026-07-12,2,"WATCH: 等 Google 索引窗口, 14 天后仍未进 GA4 → Tier B"
tierA-fresh,tool,fr,ai-content-authenticity,/fr/tools/ai-content-authenticity,Ai Content Authenticity | Lovart,2026-07-12,2,"WATCH: 等 Google 索引窗口, 14 天后仍未进 GA4 → Tier B"
tierA-fresh,tool,ko,ai-content-authenticity,/ko/tools/ai-content-authenticity,Ai Content Authenticity | Lovart,2026-07-12,2,"WATCH: 等 Google 索引窗口, 14 天后仍未进 GA4 → Tier B"
tierA-fresh,tool,zh,ai-content-authenticity,/zh/tools/ai-content-authenticity,content authenticity | Lovart,2026-07-12,2,"WATCH: 等 Google 索引窗口, 14 天后仍未进 GA4 → Tier B"
tierA-fresh,tool,zh-TW,ai-content-authenticity,/zh-TW/tools/ai-content-authenticity,Ai Content Authenticity | Lovart,2026-07-12,2,"WATCH: 等 Google 索引窗口, 14 天后仍未进 GA4 → Tier B"
tierA-fresh,tool,zh,ai-content-calendar,/zh/tools/ai-content-calendar,content calendar | Lovart,2026-07-12,2,"WATCH: 等 Google 索引窗口, 14 天后仍未进 GA4 → Tier B"
tierA-fresh,tool,en,ai-content-creator,/en/tools/ai-content-creator,content 创建器 | Lovart,2026-07-12,2,"WATCH: 等 Google 索引窗口, 14 天后仍未进 GA4 → Tier B"
tierA-fresh,tool,fr,ai-content-creator,/fr/tools/ai-content-creator,Ai Content Creator | Lovart,2026-07-12,2,"WATCH: 等 Google 索引窗口, 14 天后仍未进 GA4 → Tier B"
tierA-fresh,tool,ja,ai-content-creator,/ja/tools/ai-content-creator,AIコンテンツ生成ツール | テキストから記事・画像を生成 | Lovart,2026-07-12,2,"WATCH: 等 Google 索引窗口, 14 天后仍未进 GA4 → Tier B"
tierA-fresh,tool,ko,ai-content-creator,/ko/tools/ai-content-creator,Ai Content Creator | Lovart,2026-07-12,2,"WATCH: 等 Google 索引窗口, 14 天后仍未进 GA4 → Tier B"
tierA-fresh,tool,pt,ai-content-creator,/pt/tools/ai-content-creator,Ai Content Creator | Lovart,2026-07-12,2,"WATCH: 等 Google 索引窗口, 14 天后仍未进 GA4 → Tier B"
tierA-fresh,tool,de,ai-content-format-converter,/de/tools/ai-content-format-converter,KI-Format-Konverter|Lovart,2026-07-12,2,"WATCH: 等 Google 索引窗口, 14 天后仍未进 GA4 → Tier B"
tierA-fresh,tool,ja,ai-content-format-converter,/ja/tools/ai-content-format-converter,AIコンテンツフォーマット変換|Lovart,2026-07-12,2,"WATCH: 等 Google 索引窗口, 14 天后仍未进 GA4 → Tier B"
tierA-fresh,tool,zh,ai-content-format-converter,/zh/tools/ai-content-format-converter,AI 内容格式转换器 | Lovart,2026-07-12,2,"WATCH: 等 Google 索引窗口, 14 天后仍未进 GA4 → Tier B"
tierA-fresh,tool,zh-TW,ai-content-format-converter,/zh-TW/tools/ai-content-format-converter,AI 內容格式轉換器|Lovart,2026-07-12,2,"WATCH: 等 Google 索引窗口, 14 天后仍未进 GA4 → Tier B"
tierA-fresh,tool,en,ai-content-safety,/en/tools/ai-content-safety,content safety | Lovart,2026-07-12,2,"WATCH: 等 Google 索引窗口, 14 天后仍未进 GA4 → Tier B"
tierA-fresh,tool,fr,ai-content-safety,/fr/tools/ai-content-safety,Ai Content Safety | Lovart,2026-07-12,2,"WATCH: 等 Google 索引窗口, 14 天后仍未进 GA4 → Tier B"
tierA-fresh,tool,ja,ai-content-safety,/ja/tools/ai-content-safety,AIコンテンツ安全検出 | 不適切コンテンツを自動検出 | Lovart,2026-07-12,2,"WATCH: 等 Google 索引窗口, 14 天后仍未进 GA4 → Tier B"
tierA-fresh,tool,ko,ai-content-safety,/ko/tools/ai-content-safety,Ai Content Safety | Lovart,2026-07-12,2,"WATCH: 等 Google 索引窗口, 14 天后仍未进 GA4 → Tier B"
tierA-fresh,tool,ru,ai-content-safety,/ru/tools/ai-content-safety,Ai Content Safety | Lovart,2026-07-12,2,"WATCH: 等 Google 索引窗口, 14 天后仍未进 GA4 → Tier B"
tierA-fresh,tool,zh,ai-content-safety,/zh/tools/ai-content-safety,content safety | Lovart,2026-07-12,2,"WATCH: 等 Google 索引窗口, 14 天后仍未进 GA4 → Tier B"
tierA-fresh,tool,zh-TW,ai-content-safety,/zh-TW/tools/ai-content-safety,Ai Content Safety | Lovart,2026-07-12,2,"WATCH: 等 Google 索引窗口, 14 天后仍未进 GA4 → Tier B"
tierA-fresh,tool,en,ai-controlnet,/en/tools/ai-controlnet,controlnet | Lovart,2026-07-12,2,"WATCH: 等 Google 索引窗口, 14 天后仍未进 GA4 → Tier B"
tierA-fresh,tool,it,ai-controlnet,/it/tools/ai-controlnet,Ai Controlnet | Lovart,2026-07-12,2,"WATCH: 等 Google 索引窗口, 14 天后仍未进 GA4 → Tier B"
tierA-fresh,tool,ja,ai-controlnet,/ja/tools/ai-controlnet,AI ControlNet | ポーズと構図を精密制御 | Lovart,2026-07-12,2,"WATCH: 等 Google 索引窗口, 14 天后仍未进 GA4 → Tier B"
tierA-fresh,tool,ko,ai-controlnet,/ko/tools/ai-controlnet,Ai Controlnet | Lovart,2026-07-12,2,"WATCH: 等 Google 索引窗口, 14 天后仍未进 GA4 → Tier B"
tierA-fresh,tool,pt,ai-controlnet,/pt/tools/ai-controlnet,Ai Controlnet | Lovart,2026-07-12,2,"WATCH: 等 Google 索引窗口, 14 天后仍未进 GA4 → Tier B"
tierA-fresh,tool,ru,ai-controlnet,/ru/tools/ai-controlnet,Ai Controlnet | Lovart,2026-07-12,2,"WATCH: 等 Google 索引窗口, 14 天后仍未进 GA4 → Tier B"
tierA-fresh,tool,en,ai-copilot-design,/en/tools/ai-copilot-design,copilot 设计 | Lovart,2026-07-12,2,"WATCH: 等 Google 索引窗口, 14 天后仍未进 GA4 → Tier B"
tierA-fresh,tool,fr,ai-copilot-design,/fr/tools/ai-copilot-design,Ai Copilot Design | Lovart,2026-07-12,2,"WATCH: 等 Google 索引窗口, 14 天后仍未进 GA4 → Tier B"
tierA-fresh,tool,it,ai-copilot-design,/it/tools/ai-copilot-design,Ai Copilot Design | Lovart,2026-07-12,2,"WATCH: 等 Google 索引窗口, 14 天后仍未进 GA4 → Tier B"
tierA-fresh,tool,ja,ai-copilot-design,/ja/tools/ai-copilot-design,AIデザインコパイロット | あなたのデザインをAIがサポート | Lovart,2026-07-12,2,"WATCH: 等 Google 索引窗口, 14 天后仍未进 GA4 → Tier B"
tierA-fresh,tool,ko,ai-copilot-design,/ko/tools/ai-copilot-design,Ai Copilot Design | Lovart,2026-07-12,2,"WATCH: 等 Google 索引窗口, 14 天后仍未进 GA4 → Tier B"
tierA-fresh,tool,zh,ai-copilot-design,/zh/tools/ai-copilot-design,copilot 设计 | Lovart,2026-07-12,2,"WATCH: 等 Google 索引窗口, 14 天后仍未进 GA4 → Tier B"
tierA-fresh,tool,zh-TW,ai-copilot-design,/zh-TW/tools/ai-copilot-design,Ai Copilot Design | Lovart,2026-07-12,2,"WATCH: 等 Google 索引窗口, 14 天后仍未进 GA4 → Tier B"
tierA-fresh,tool,zh,ai-coupon-maker,/zh/tools/ai-coupon-maker,coupon 制作 | Lovart,2026-07-12,2,"WATCH: 等 Google 索引窗口, 14 天后仍未进 GA4 → Tier B"
tierA-fresh,tool,de,ai-creative-suite,/de/tools/ai-creative-suite,Ai Creative Suite | Lovart,2026-07-12,2,"WATCH: 等 Google 索引窗口, 14 天后仍未进 GA4 → Tier B"
tierA-fresh,tool,en,ai-creative-suite,/en/tools/ai-creative-suite,creative suite | Lovart,2026-07-12,2,"WATCH: 等 Google 索引窗口, 14 天后仍未进 GA4 → Tier B"
tierA-fresh,tool,de,ai-creative-suite-enterprise,/de/tools/ai-creative-suite-enterprise,KI-Kreativ-Suite Enterprise|Lovart,2026-07-12,2,"WATCH: 等 Google 索引窗口, 14 天后仍未进 GA4 → Tier B"
tierA-fresh,tool,ja,ai-creative-suite-enterprise,/ja/tools/ai-creative-suite-enterprise,AIクリエイティブスイート エンタープライズ|Lovart,2026-07-12,2,"WATCH: 等 Google 索引窗口, 14 天后仍未进 GA4 → Tier B"
tierA-fresh,tool,zh,ai-creative-suite-enterprise,/zh/tools/ai-creative-suite-enterprise,AI 创意套件企业版|Lovart,2026-07-12,2,"WATCH: 等 Google 索引窗口, 14 天后仍未进 GA4 → Tier B"
tierA-fresh,tool,zh-TW,ai-creative-suite-enterprise,/zh-TW/tools/ai-creative-suite-enterprise,AIクリエイティブスイート企業版|Lovart,2026-07-12,2,"WATCH: 等 Google 索引窗口, 14 天后仍未进 GA4 → Tier B"
tierA-fresh,tool,fr,ai-creative-suite,/fr/tools/ai-creative-suite,Ai Creative Suite | Lovart,2026-07-12,2,"WATCH: 等 Google 索引窗口, 14 天后仍未进 GA4 → Tier B"
tierA-fresh,tool,it,ai-creative-suite,/it/tools/ai-creative-suite,Ai Creative Suite | Lovart,2026-07-12,2,"WATCH: 等 Google 索引窗口, 14 天后仍未进 GA4 → Tier B"
tierA-fresh,tool,ko,ai-creative-suite,/ko/tools/ai-creative-suite,Ai Creative Suite | Lovart,2026-07-12,2,"WATCH: 等 Google 索引窗口, 14 天后仍未进 GA4 → Tier B"
tierA-fresh,tool,pt,ai-creative-suite,/pt/tools/ai-creative-suite,Ai Creative Suite | Lovart,2026-07-12,2,"WATCH: 等 Google 索引窗口, 14 天后仍未进 GA4 → Tier B"
tierA-fresh,tool,ru,ai-creative-suite,/ru/tools/ai-creative-suite,Ai Creative Suite | Lovart,2026-07-12,2,"WATCH: 等 Google 索引窗口, 14 天后仍未进 GA4 → Tier B"
tierA-fresh,tool,zh,ai-creative-suite,/zh/tools/ai-creative-suite,creative suite | Lovart,2026-07-12,2,"WATCH: 等 Google 索引窗口, 14 天后仍未进 GA4 → Tier B"
tierA-fresh,tool,de,ai-creative-tool,/de/tools/ai-creative-tool,Ai Creative Tool | Lovart,2026-07-12,2,"WATCH: 等 Google 索引窗口, 14 天后仍未进 GA4 → Tier B"
tierA-fresh,tool,en,ai-creative-tool,/en/tools/ai-creative-tool,creative tool | Lovart,2026-07-12,2,"WATCH: 等 Google 索引窗口, 14 天后仍未进 GA4 → Tier B"
tierA-fresh,tool,fr,ai-creative-tool,/fr/tools/ai-creative-tool,Ai Creative Tool | Lovart,2026-07-12,2,"WATCH: 等 Google 索引窗口, 14 天后仍未进 GA4 → Tier B"
tierA-fresh,tool,ja,ai-creative-tool,/ja/tools/ai-creative-tool,AIクリエイティブツール | デザインをAIで革新 | Lovart,2026-07-12,2,"WATCH: 等 Google 索引窗口, 14 天后仍未进 GA4 → Tier B"
tierA-fresh,tool,ko,ai-creative-tool,/ko/tools/ai-creative-tool,Ai Creative Tool | Lovart,2026-07-12,2,"WATCH: 等 Google 索引窗口, 14 天后仍未进 GA4 → Tier B"
tierA-fresh,tool,ru,ai-creative-tool,/ru/tools/ai-creative-tool,Ai Creative Tool | Lovart,2026-07-12,2,"WATCH: 等 Google 索引窗口, 14 天后仍未进 GA4 → Tier B"
tierA-fresh,tool,zh,ai-creative-tool,/zh/tools/ai-creative-tool,creative tool | Lovart,2026-07-12,2,"WATCH: 等 Google 索引窗口, 14 天后仍未进 GA4 → Tier B"
tierA-fresh,tool,de,ai-custom-font,/de/tools/ai-custom-font,Ai Custom Font | Lovart,2026-07-12,2,"WATCH: 等 Google 索引窗口, 14 天后仍未进 GA4 → Tier B"
tierA-fresh,tool,en,ai-custom-font,/en/tools/ai-custom-font,custom font | Lovart,2026-07-12,2,"WATCH: 等 Google 索引窗口, 14 天后仍未进 GA4 → Tier B"
tierA-fresh,tool,fr,ai-custom-font,/fr/tools/ai-custom-font,Ai Custom Font | Lovart,2026-07-12,2,"WATCH: 等 Google 索引窗口, 14 天后仍未进 GA4 → Tier B"
tierA-fresh,tool,ko,ai-custom-font,/ko/tools/ai-custom-font,Ai Custom Font | Lovart,2026-07-12,2,"WATCH: 等 Google 索引窗口, 14 天后仍未进 GA4 → Tier B"
tierA-fresh,tool,pt,ai-custom-font,/pt/tools/ai-custom-font,Ai Custom Font | Lovart,2026-07-12,2,"WATCH: 等 Google 索引窗口, 14 天后仍未进 GA4 → Tier B"
tierA-fresh,tool,ru,ai-custom-font,/ru/tools/ai-custom-font,Ai Custom Font | Lovart,2026-07-12,2,"WATCH: 等 Google 索引窗口, 14 天后仍未进 GA4 → Tier B"
tierA-fresh,tool,zh,ai-custom-font,/zh/tools/ai-custom-font,custom font | Lovart,2026-07-12,2,"WATCH: 等 Google 索引窗口, 14 天后仍未进 GA4 → Tier B"
tierA-fresh,tool,zh-TW,ai-custom-font,/zh-TW/tools/ai-custom-font,Ai Custom Font | Lovart,2026-07-12,2,"WATCH: 等 Google 索引窗口, 14 天后仍未进 GA4 → Tier B"
tierA-fresh,tool,de,ai-data-visualization,/de/tools/ai-data-visualization,Ai Data Visualization | Lovart,2026-07-12,2,"WATCH: 等 Google 索引窗口, 14 天后仍未进 GA4 → Tier B"
tierA-fresh,tool,en,ai-data-visualization,/en/tools/ai-data-visualization,data visualization | Lovart,2026-07-12,2,"WATCH: 等 Google 索引窗口, 14 天后仍未进 GA4 → Tier B"
tierA-fresh,tool,it,ai-data-visualization,/it/tools/ai-data-visualization,Ai Data Visualization | Lovart,2026-07-12,2,"WATCH: 等 Google 索引窗口, 14 天后仍未进 GA4 → Tier B"
tierA-fresh,tool,ja,ai-data-visualization,/ja/tools/ai-data-visualization,AIデータ可視化 | テキストからグラフを生成 | Lovart,2026-07-12,2,"WATCH: 等 Google 索引窗口, 14 天后仍未进 GA4 → Tier B"
tierA-fresh,tool,pt,ai-data-visualization,/pt/tools/ai-data-visualization,Ai Data Visualization | Lovart,2026-07-12,2,"WATCH: 等 Google 索引窗口, 14 天后仍未进 GA4 → Tier B"
tierA-fresh,tool,zh,ai-data-visualization,/zh/tools/ai-data-visualization,data visualization | Lovart,2026-07-12,2,"WATCH: 等 Google 索引窗口, 14 天后仍未进 GA4 → Tier B"
tierA-fresh,tool,de,ai-design-agency,/de/tools/ai-design-agency,Ai Design Agency | Lovart,2026-07-12,2,"WATCH: 等 Google 索引窗口, 14 天后仍未进 GA4 → Tier B"
tierA-fresh,tool,en,ai-design-agency,/en/tools/ai-design-agency,设计 agency | Lovart,2026-07-12,2,"WATCH: 等 Google 索引窗口, 14 天后仍未进 GA4 → Tier B"
tierA-fresh,tool,fr,ai-design-agency,/fr/tools/ai-design-agency,Ai Design Agency | Lovart,2026-07-12,2,"WATCH: 等 Google 索引窗口, 14 天后仍未进 GA4 → Tier B"
tierA-fresh,tool,it,ai-design-agency,/it/tools/ai-design-agency,Ai Design Agency | Lovart,2026-07-12,2,"WATCH: 等 Google 索引窗口, 14 天后仍未进 GA4 → Tier B"
tierA-fresh,tool,ja,ai-design-agency,/ja/tools/ai-design-agency,AIデザインエージェンシー | デザイン制作をAIで自動化 | Lovart,2026-07-12,2,"WATCH: 等 Google 索引窗口, 14 天后仍未进 GA4 → Tier B"
tierA-fresh,tool,ko,ai-design-agency,/ko/tools/ai-design-agency,Ai Design Agency | Lovart,2026-07-12,2,"WATCH: 等 Google 索引窗口, 14 天后仍未进 GA4 → Tier B"
tierA-fresh,tool,ru,ai-design-agency,/ru/tools/ai-design-agency,Ai Design Agency | Lovart,2026-07-12,2,"WATCH: 等 Google 索引窗口, 14 天后仍未进 GA4 → Tier B"
tierA-fresh,tool,zh,ai-design-agency,/zh/tools/ai-design-agency,设计 agency | Lovart,2026-07-12,2,"WATCH: 等 Google 索引窗口, 14 天后仍未进 GA4 → Tier B"
tierA-fresh,tool,de,ai-design-api,/de/tools/ai-design-api,KI-Design-API|Lovart,2026-07-12,2,"WATCH: 等 Google 索引窗口, 14 天后仍未进 GA4 → Tier B"
tierA-fresh,tool,ja,ai-design-api,/ja/tools/ai-design-api,AIデザインAPI|Lovart,2026-07-12,2,"WATCH: 等 Google 索引窗口, 14 天后仍未进 GA4 → Tier B"
tierA-fresh,tool,zh,ai-design-api,/zh/tools/ai-design-api,AI 设计 API|Lovart,2026-07-12,2,"WATCH: 等 Google 索引窗口, 14 天后仍未进 GA4 → Tier B"
tierA-fresh,tool,zh-TW,ai-design-api,/zh-TW/tools/ai-design-api,AIデザインAPI|Lovart,2026-07-12,2,"WATCH: 等 Google 索引窗口, 14 天后仍未进 GA4 → Tier B"
tierA-fresh,tool,en,ai-design-asset-library,/en/tools/ai-design-asset-library,设计 asset 素材库 | Lovart,2026-07-12,2,"WATCH: 等 Google 索引窗口, 14 天后仍未进 GA4 → Tier B"
tierA-fresh,tool,fr,ai-design-asset-library,/fr/tools/ai-design-asset-library,Ai Design Asset Library | Lovart,2026-07-12,2,"WATCH: 等 Google 索引窗口, 14 天后仍未进 GA4 → Tier B"
tierA-fresh,tool,ja,ai-design-asset-library,/ja/tools/ai-design-asset-library,AIデザイン素材管理 | ブランド素材をAIで自動整理 | Lovart,2026-07-12,2,"WATCH: 等 Google 索引窗口, 14 天后仍未进 GA4 → Tier B"
tierA-fresh,tool,ru,ai-design-asset-library,/ru/tools/ai-design-asset-library,Ai Design Asset Library | Lovart,2026-07-12,2,"WATCH: 等 Google 索引窗口, 14 天后仍未进 GA4 → Tier B"
tierA-fresh,tool,zh,ai-design-asset-library,/zh/tools/ai-design-asset-library,设计 asset 素材库 | Lovart,2026-07-12,2,"WATCH: 等 Google 索引窗口, 14 天后仍未进 GA4 → Tier B"
tierA-fresh,tool,en,ai-design-canvas,/en/tools/ai-design-canvas,设计 canvas | Lovart,2026-07-12,2,"WATCH: 等 Google 索引窗口, 14 天后仍未进 GA4 → Tier B"
tierA-fresh,tool,ko,ai-design-canvas,/ko/tools/ai-design-canvas,Ai Design Canvas | Lovart,2026-07-12,2,"WATCH: 等 Google 索引窗口, 14 天后仍未进 GA4 → Tier B"
tierA-fresh,tool,pt,ai-design-canvas,/pt/tools/ai-design-canvas,Ai Design Canvas | Lovart,2026-07-12,2,"WATCH: 等 Google 索引窗口, 14 天后仍未进 GA4 → Tier B"
tierA-fresh,tool,ru,ai-design-canvas,/ru/tools/ai-design-canvas,Ai Design Canvas | Lovart,2026-07-12,2,"WATCH: 等 Google 索引窗口, 14 天后仍未进 GA4 → Tier B"
tierA-fresh,tool,zh-TW,ai-design-canvas,/zh-TW/tools/ai-design-canvas,Ai Design Canvas | Lovart,2026-07-12,2,"WATCH: 等 Google 索引窗口, 14 天后仍未进 GA4 → Tier B"
tierA-fresh,tool,zh,ai-design-for-agencies,/zh/tools/ai-design-for-agencies,设计 agencies | Lovart,2026-07-12,2,"WATCH: 等 Google 索引窗口, 14 天后仍未进 GA4 → Tier B"
tierA-fresh,tool,en,ai-design-for-business-owners,/en/tools/ai-design-for-business-owners,设计 商务 owners | Lovart,2026-07-12,2,"WATCH: 等 Google 索引窗口, 14 天后仍未进 GA4 → Tier B"
tierA-fresh,tool,fr,ai-design-for-business-owners,/fr/tools/ai-design-for-business-owners,Ai Design For Business Owners | Lovart,2026-07-12,2,"WATCH: 等 Google 索引窗口, 14 天后仍未进 GA4 → Tier B"
tierA-fresh,tool,ja,ai-design-for-business-owners,/ja/tools/ai-design-for-business-owners,経営者向けAIデザイン | テキストでプロ品質の制作物 | Lovart,2026-07-12,2,"WATCH: 等 Google 索引窗口, 14 天后仍未进 GA4 → Tier B"
tierA-fresh,tool,pt,ai-design-for-business-owners,/pt/tools/ai-design-for-business-owners,Ai Design For Business Owners | Lovart,2026-07-12,2,"WATCH: 等 Google 索引窗口, 14 天后仍未进 GA4 → Tier B"
tierA-fresh,tool,zh,ai-design-for-business-owners,/zh/tools/ai-design-for-business-owners,设计 商务 owners | Lovart,2026-07-12,2,"WATCH: 等 Google 索引窗口, 14 天后仍未进 GA4 → Tier B"
tierA-fresh,tool,de,ai-design-for-creators,/de/tools/ai-design-for-creators,Ai Design For Creators | Lovart,2026-07-12,2,"WATCH: 等 Google 索引窗口, 14 天后仍未进 GA4 → Tier B"
tierA-fresh,tool,en,ai-design-for-creators,/en/tools/ai-design-for-creators,设计 creators | Lovart,2026-07-12,2,"WATCH: 等 Google 索引窗口, 14 天后仍未进 GA4 → Tier B"
tierA-fresh,tool,fr,ai-design-for-creators,/fr/tools/ai-design-for-creators,Ai Design For Creators | Lovart,2026-07-12,2,"WATCH: 等 Google 索引窗口, 14 天后仍未进 GA4 → Tier B"
tierA-fresh,tool,it,ai-design-for-creators,/it/tools/ai-design-for-creators,Ai Design For Creators | Lovart,2026-07-12,2,"WATCH: 等 Google 索引窗口, 14 天后仍未进 GA4 → Tier B"
tierA-fresh,tool,ja,ai-design-for-creators,/ja/tools/ai-design-for-creators,クリエイター向けAIデザイン | テキストからプロ品質の制作物 | Lovart,2026-07-12,2,"WATCH: 等 Google 索引窗口, 14 天后仍未进 GA4 → Tier B"
tierA-fresh,tool,ru,ai-design-for-creators,/ru/tools/ai-design-for-creators,Ai Design For Creators | Lovart,2026-07-12,2,"WATCH: 等 Google 索引窗口, 14 天后仍未进 GA4 → Tier B"
tierA-fresh,tool,zh-TW,ai-design-for-creators,/zh-TW/tools/ai-design-for-creators,Ai Design For Creators | Lovart,2026-07-12,2,"WATCH: 等 Google 索引窗口, 14 天后仍未进 GA4 → Tier B"
tierA-fresh,tool,de,ai-design-for-designers,/de/tools/ai-design-for-designers,Ai Design For Designers | Lovart,2026-07-12,2,"WATCH: 等 Google 索引窗口, 14 天后仍未进 GA4 → Tier B"
tierA-fresh,tool,en,ai-design-for-designers,/en/tools/ai-design-for-designers,设计 designers | Lovart,2026-07-12,2,"WATCH: 等 Google 索引窗口, 14 天后仍未进 GA4 → Tier B"
tierA-fresh,tool,it,ai-design-for-designers,/it/tools/ai-design-for-designers,Ai Design For Designers | Lovart,2026-07-12,2,"WATCH: 等 Google 索引窗口, 14 天后仍未进 GA4 → Tier B"
tierA-fresh,tool,ja,ai-design-for-designers,/ja/tools/ai-design-for-designers,デザイナー向けAIツール | デザインワークフローをAIで加速 | Lovart,2026-07-12,2,"WATCH: 等 Google 索引窗口, 14 天后仍未进 GA4 → Tier B"
tierA-fresh,tool,ko,ai-design-for-designers,/ko/tools/ai-design-for-designers,Ai Design For Designers | Lovart,2026-07-12,2,"WATCH: 等 Google 索引窗口, 14 天后仍未进 GA4 → Tier B"
tierA-fresh,tool,pt,ai-design-for-designers,/pt/tools/ai-design-for-designers,Ai Design For Designers | Lovart,2026-07-12,2,"WATCH: 等 Google 索引窗口, 14 天后仍未进 GA4 → Tier B"
tierA-fresh,tool,zh,ai-design-for-designers,/zh/tools/ai-design-for-designers,设计 designers | Lovart,2026-07-12,2,"WATCH: 等 Google 索引窗口, 14 天后仍未进 GA4 → Tier B"
tierA-fresh,tool,zh-TW,ai-design-for-designers,/zh-TW/tools/ai-design-for-designers,Ai Design For Designers | Lovart,2026-07-12,2,"WATCH: 等 Google 索引窗口, 14 天后仍未进 GA4 → Tier B"
tierA-fresh,tool,de,ai-design-for-developers,/de/tools/ai-design-for-developers,Ai Design For Developers | Lovart,2026-07-12,2,"WATCH: 等 Google 索引窗口, 14 天后仍未进 GA4 → Tier B"
tierA-fresh,tool,en,ai-design-for-developers,/en/tools/ai-design-for-developers,设计 developers | Lovart,2026-07-12,2,"WATCH: 等 Google 索引窗口, 14 天后仍未进 GA4 → Tier B"
tierA-fresh,tool,fr,ai-design-for-developers,/fr/tools/ai-design-for-developers,Ai Design For Developers | Lovart,2026-07-12,2,"WATCH: 等 Google 索引窗口, 14 天后仍未进 GA4 → Tier B"
tierA-fresh,tool,it,ai-design-for-developers,/it/tools/ai-design-for-developers,Ai Design For Developers | Lovart,2026-07-12,2,"WATCH: 等 Google 索引窗口, 14 天后仍未进 GA4 → Tier B"
tierA-fresh,tool,ja,ai-design-for-developers,/ja/tools/ai-design-for-developers,開発者向けAIデザイン | コード不要でUI/ビジュアル生成 | Lovart,2026-07-12,2,"WATCH: 等 Google 索引窗口, 14 天后仍未进 GA4 → Tier B"
tierA-fresh,tool,pt,ai-design-for-developers,/pt/tools/ai-design-for-developers,Ai Design For Developers | Lovart,2026-07-12,2,"WATCH: 等 Google 索引窗口, 14 天后仍未进 GA4 → Tier B"
tierA-fresh,tool,zh,ai-design-for-developers,/zh/tools/ai-design-for-developers,设计 developers | Lovart,2026-07-12,2,"WATCH: 等 Google 索引窗口, 14 天后仍未进 GA4 → Tier B"
tierA-fresh,tool,de,ai-design-for-enterprise,/de/tools/ai-design-for-enterprise,Ai Design For Enterprise | Lovart,2026-07-12,2,"WATCH: 等 Google 索引窗口, 14 天后仍未进 GA4 → Tier B"
tierA-fresh,tool,en,ai-design-for-enterprise,/en/tools/ai-design-for-enterprise,设计 enterprise | Lovart,2026-07-12,2,"WATCH: 等 Google 索引窗口, 14 天后仍未进 GA4 → Tier B"
tierA-fresh,tool,ko,ai-design-for-enterprise,/ko/tools/ai-design-for-enterprise,Ai Design For Enterprise | Lovart,2026-07-12,2,"WATCH: 等 Google 索引窗口, 14 天后仍未进 GA4 → Tier B"
tierA-fresh,tool,pt,ai-design-for-enterprise,/pt/tools/ai-design-for-enterprise,Ai Design For Enterprise | Lovart,2026-07-12,2,"WATCH: 等 Google 索引窗口, 14 天后仍未进 GA4 → Tier B"
tierA-fresh,tool,ru,ai-design-for-enterprise,/ru/tools/ai-design-for-enterprise,Ai Design For Enterprise | Lovart,2026-07-12,2,"WATCH: 等 Google 索引窗口, 14 天后仍未进 GA4 → Tier B"
tierA-fresh,tool,zh,ai-design-for-enterprise,/zh/tools/ai-design-for-enterprise,设计 enterprise | Lovart,2026-07-12,2,"WATCH: 等 Google 索引窗口, 14 天后仍未进 GA4 → Tier B"
tierA-fresh,tool,zh-TW,ai-design-for-enterprise,/zh-TW/tools/ai-design-for-enterprise,Ai Design For Enterprise | Lovart,2026-07-12,2,"WATCH: 等 Google 索引窗口, 14 天后仍未进 GA4 → Tier B"
tierA-fresh,tool,zh,ai-design-for-marketers,/zh/tools/ai-design-for-marketers,设计 marketers | Lovart,2026-07-12,2,"WATCH: 等 Google 索引窗口, 14 天后仍未进 GA4 → Tier B"
tierA-fresh,tool,zh,ai-design-for-product-managers,/zh/tools/ai-design-for-product-managers,设计 product managers | Lovart,2026-07-12,2,"WATCH: 等 Google 索引窗口, 14 天后仍未进 GA4 → Tier B"
tierA-fresh,tool,en,ai-design-integrations,/en/tools/ai-design-integrations,设计 integrations | Lovart,2026-07-12,2,"WATCH: 等 Google 索引窗口, 14 天后仍未进 GA4 → Tier B"
tierA-fresh,tool,en,ai-design-maker,/en/tools/ai-design-maker,设计 制作 | Lovart,2026-07-12,2,"WATCH: 等 Google 索引窗口, 14 天后仍未进 GA4 → Tier B"
tierA-fresh,tool,en,ai-design-marketer,/en/tools/ai-design-marketer,设计 marketer | Lovart,2026-07-12,2,"WATCH: 等 Google 索引窗口, 14 天后仍未进 GA4 → Tier B"
tierA-fresh,tool,en,ai-design-platform,/en/tools/ai-design-platform,设计 平台 | Lovart,2026-07-12,2,"WATCH: 等 Google 索引窗口, 14 天后仍未进 GA4 → Tier B"
tierA-fresh,tool,en,ai-design-product-manager,/en/tools/ai-design-product-manager,设计 product manager | Lovart,2026-07-12,2,"WATCH: 等 Google 索引窗口, 14 天后仍未进 GA4 → Tier B"
tierA-fresh,tool,en,ai-design-system,/en/tools/ai-design-system,设计 system | Lovart,2026-07-12,2,"WATCH: 等 Google 索引窗口, 14 天后仍未进 GA4 → Tier B"
tierA-fresh,tool,en,ai-design-system-enterprise,/en/tools/ai-design-system-enterprise,AI Design System for Enterprise — Centralized Brand Governance|Lovart,2026-07-12,2,"WATCH: 等 Google 索引窗口, 14 天后仍未进 GA4 → Tier B"
tierA-fresh,tool,en,ai-design-templates,/en/tools/ai-design-templates,设计 templates | Lovart,2026-07-12,2,"WATCH: 等 Google 索引窗口, 14 天后仍未进 GA4 → Tier B"
tierA-fresh,tool,en,ai-design-tool,/en/tools/ai-design-tool,设计 tool | Lovart,2026-07-12,2,"WATCH: 等 Google 索引窗口, 14 天后仍未进 GA4 → Tier B"
tierA-fresh,tool,en,ai-digital-designer,/en/tools/ai-digital-designer,digital designer | Lovart,2026-07-12,2,"WATCH: 等 Google 索引窗口, 14 天后仍未进 GA4 → Tier B"
tierA-fresh,tool,en,ai-diploma-maker,/en/tools/ai-diploma-maker,diploma 制作 | Lovart,2026-07-12,2,"WATCH: 等 Google 索引窗口, 14 天后仍未进 GA4 → Tier B"
tierA-fresh,tool,en,ai-discord-emoji,/en/tools/ai-discord-emoji,discord emoji | Lovart,2026-07-12,2,"WATCH: 等 Google 索引窗口, 14 天后仍未进 GA4 → Tier B"
tierA-fresh,tool,en,ai-display-ad-designer,/en/tools/ai-display-ad-designer,AI Display Ad Designer — Google Display Network Ads in 60 Seconds|Lovart,2026-07-12,2,"WATCH: 等 Google 索引窗口, 14 天后仍未进 GA4 → Tier B"
tierA-fresh,tool,zh,ai-ebook-cover-maker,/zh/tools/ai-ebook-cover-maker,ebook 封面 制作 | Lovart,2026-07-12,2,"WATCH: 等 Google 索引窗口, 14 天后仍未进 GA4 → Tier B"
tierA-fresh,tool,en,ai-ebook-maker,/en/tools/ai-ebook-maker,ebook 制作 | Lovart,2026-07-12,2,"WATCH: 等 Google 索引窗口, 14 天后仍未进 GA4 → Tier B"
tierA-fresh,tool,en,ai-ecommerce-design,/en/tools/ai-ecommerce-design,ecommerce 设计 | Lovart,2026-07-12,2,"WATCH: 等 Google 索引窗口, 14 天后仍未进 GA4 → Tier B"
tierA-fresh,tool,en,ai-email-signature,/en/tools/ai-email-signature,email signature | Lovart,2026-07-12,2,"WATCH: 等 Google 索引窗口, 14 天后仍未进 GA4 → Tier B"
tierA-fresh,tool,en,ai-email-template,/en/tools/ai-email-template,email template | Lovart,2026-07-12,2,"WATCH: 等 Google 索引窗口, 14 天后仍未进 GA4 → Tier B"
tierA-fresh,tool,de,ai-emoji-generator,/de/tools/ai-emoji-generator,KI-Emoji-Generator|Lovart,2026-07-12,2,"WATCH: 等 Google 索引窗口, 14 天后仍未进 GA4 → Tier B"
tierA-fresh,tool,en,ai-emoji-generator,/en/tools/ai-emoji-generator,AI Emoji Generator — Build a Custom Sticker Pack in Minutes|Lovart,2026-07-12,2,"WATCH: 等 Google 索引窗口, 14 天后仍未进 GA4 → Tier B"
tierA-fresh,tool,ja,ai-emoji-generator,/ja/tools/ai-emoji-generator,AIカスタム絵文字ジェネレーター|Lovart,2026-07-12,2,"WATCH: 等 Google 索引窗口, 14 天后仍未进 GA4 → Tier B"
tierA-fresh,tool,zh,ai-emoji-generator,/zh/tools/ai-emoji-generator,AI 表情符号生成器 | Lovart,2026-07-12,2,"WATCH: 等 Google 索引窗口, 14 天后仍未进 GA4 → Tier B"
tierA-fresh,tool,zh-TW,ai-emoji-generator,/zh-TW/tools/ai-emoji-generator,AI 表情符號生成器|Lovart,2026-07-12,2,"WATCH: 等 Google 索引窗口, 14 天后仍未进 GA4 → Tier B"
tierA-fresh,tool,en,ai-emoji-sticker-maker-free,/en/tools/ai-emoji-sticker-maker-free,Free AI Emoji Sticker Maker — Custom Emoji Stickers in 30 Seconds|Lovart,2026-07-12,2,"WATCH: 等 Google 索引窗口, 14 天后仍未进 GA4 → Tier B"
tierA-fresh,tool,en,ai-etsy-listing,/en/tools/ai-etsy-listing,etsy listing | Lovart,2026-07-12,2,"WATCH: 等 Google 索引窗口, 14 天后仍未进 GA4 → Tier B"
tierA-fresh,tool,en,ai-event-branding,/en/tools/ai-event-branding,event branding | Lovart,2026-07-12,2,"WATCH: 等 Google 索引窗口, 14 天后仍未进 GA4 → Tier B"
tierA-fresh,tool,en,ai-event-poster,/en/tools/ai-event-poster,event 海报 | Lovart,2026-07-12,2,"WATCH: 等 Google 索引窗口, 14 天后仍未进 GA4 → Tier B"
tierA-fresh,tool,en,ai-expand-tool,/en/tools/ai-expand-tool,expand tool | Lovart,2026-07-12,2,"WATCH: 等 Google 索引窗口, 14 天后仍未进 GA4 → Tier B"
tierA-fresh,tool,en,ai-explainer-video-generator,/en/tools/ai-explainer-video-generator,AI Explainer Video Generator — Explainer Videos in 60 Seconds|Lovart,2026-07-12,2,"WATCH: 等 Google 索引窗口, 14 天后仍未进 GA4 → Tier B"
tierA-fresh,tool,de,ai-face-swap,/de/tools/ai-face-swap,Ai Face Swap | Lovart,2026-07-12,2,"WATCH: 等 Google 索引窗口, 14 天后仍未进 GA4 → Tier B"
tierA-fresh,tool,fr,ai-face-swap,/fr/tools/ai-face-swap,Ai Face Swap | Lovart,2026-07-12,2,"WATCH: 等 Google 索引窗口, 14 天后仍未进 GA4 → Tier B"
tierA-fresh,tool,de,ai-face-swap-free,/de/tools/ai-face-swap-free,Kostenloser KI-Gesichtsaustausch|Lovart,2026-07-12,2,"WATCH: 等 Google 索引窗口, 14 天后仍未进 GA4 → Tier B"
tierA-fresh,tool,ja,ai-face-swap-free,/ja/tools/ai-face-swap-free,AI顔交換（無料）|Lovart,2026-07-12,2,"WATCH: 等 Google 索引窗口, 14 天后仍未进 GA4 → Tier B"
tierA-fresh,tool,zh,ai-face-swap-free,/zh/tools/ai-face-swap-free,AI 换脸免费 | Lovart,2026-07-12,2,"WATCH: 等 Google 索引窗口, 14 天后仍未进 GA4 → Tier B"
tierA-fresh,tool,zh-TW,ai-face-swap-free,/zh-TW/tools/ai-face-swap-free,AI 換臉免費|Lovart,2026-07-12,2,"WATCH: 等 Google 索引窗口, 14 天后仍未进 GA4 → Tier B"
tierA-fresh,tool,en,ai-facebook-ad-designer,/en/tools/ai-facebook-ad-designer,AI Facebook Ad Designer — Multi-Format Ads in 60 Seconds|Lovart,2026-07-12,2,"WATCH: 等 Google 索引窗口, 14 天后仍未进 GA4 → Tier B"
tierA-fresh,tool,en,ai-fact-sheet,/en/tools/ai-fact-sheet,fact sheet | Lovart,2026-07-12,2,"WATCH: 等 Google 索引窗口, 14 天后仍未进 GA4 → Tier B"
tierA-fresh,tool,en,ai-fashion-design,/en/tools/ai-fashion-design,fashion 设计 | Lovart,2026-07-12,2,"WATCH: 等 Google 索引窗口, 14 天后仍未进 GA4 → Tier B"
tierA-fresh,tool,en,ai-file-converter,/en/tools/ai-file-converter,file converter | Lovart,2026-07-12,2,"WATCH: 等 Google 索引窗口, 14 天后仍未进 GA4 → Tier B"
tierA-fresh,tool,en,ai-flashcard-maker,/en/tools/ai-flashcard-maker,flashcard 制作 | Lovart,2026-07-12,2,"WATCH: 等 Google 索引窗口, 14 天后仍未进 GA4 → Tier B"
tierA-fresh,tool,en,ai-flyer-distribution,/en/tools/ai-flyer-distribution,flyer distribution | Lovart,2026-07-12,2,"WATCH: 等 Google 索引窗口, 14 天后仍未进 GA4 → Tier B"
tierA-fresh,tool,en,ai-flyer-generator,/en/tools/ai-flyer-generator,AI Flyer Generator — Event and Real Estate Flyers in 60 Seconds|Lovart,2026-07-12,2,"WATCH: 等 Google 索引窗口, 14 天后仍未进 GA4 → Tier B"
tierA-fresh,tool,de,ai-flyer-maker,/de/tools/ai-flyer-maker,Ai Flyer Maker | Lovart,2026-07-12,2,"WATCH: 等 Google 索引窗口, 14 天后仍未进 GA4 → Tier B"
tierA-fresh,tool,en,ai-flyer-maker,/en/tools/ai-flyer-maker,flyer 制作 | Lovart,2026-07-12,2,"WATCH: 等 Google 索引窗口, 14 天后仍未进 GA4 → Tier B"
tierA-fresh,tool,ja,ai-flyer-maker,/ja/tools/ai-flyer-maker,AIチラシ作成 | テキストからチラシを自動生成 | Lovart,2026-07-12,2,"WATCH: 等 Google 索引窗口, 14 天后仍未进 GA4 → Tier B"
tierA-fresh,tool,ko,ai-flyer-maker,/ko/tools/ai-flyer-maker,Ai Flyer Maker | Lovart,2026-07-12,2,"WATCH: 等 Google 索引窗口, 14 天后仍未进 GA4 → Tier B"
tierA-fresh,tool,pt,ai-flyer-maker,/pt/tools/ai-flyer-maker,Ai Flyer Maker | Lovart,2026-07-12,2,"WATCH: 等 Google 索引窗口, 14 天后仍未进 GA4 → Tier B"
tierA-fresh,tool,zh,ai-flyer-maker,/zh/tools/ai-flyer-maker,flyer 制作 | Lovart,2026-07-12,2,"WATCH: 等 Google 索引窗口, 14 天后仍未进 GA4 → Tier B"
tierA-fresh,tool,zh-TW,ai-flyer-maker,/zh-TW/tools/ai-flyer-maker,Ai Flyer Maker | Lovart,2026-07-12,2,"WATCH: 等 Google 索引窗口, 14 天后仍未进 GA4 → Tier B"
tierA-fresh,tool,en,ai-gif-maker,/en/tools/ai-gif-maker,gif 制作 | Lovart,2026-07-12,2,"WATCH: 等 Google 索引窗口, 14 天后仍未进 GA4 → Tier B"
tierA-fresh,tool,en,ai-graphic-design,/en/tools/ai-graphic-design,graphic 设计 | Lovart,2026-07-12,2,"WATCH: 等 Google 索引窗口, 14 天后仍未进 GA4 → Tier B"
tierA-fresh,tool,en,ai-graphic-design-generator,/en/tools/ai-graphic-design-generator,graphic 设计 生成器 | Lovart,2026-07-12,2,"WATCH: 等 Google 索引窗口, 14 天后仍未进 GA4 → Tier B"
tierA-fresh,tool,en,ai-graphic-maker,/en/tools/ai-graphic-maker,graphic 制作 | Lovart,2026-07-12,2,"WATCH: 等 Google 索引窗口, 14 天后仍未进 GA4 → Tier B"
tierA-fresh,tool,en,ai-greeting-card-generator,/en/tools/ai-greeting-card-generator,AI Greeting Card Generator — Custom Cards in 60 Seconds|Lovart,2026-07-12,2,"WATCH: 等 Google 索引窗口, 14 天后仍未进 GA4 → Tier B"
tierA-fresh,tool,de,ai-hairstyle-changer,/de/tools/ai-hairstyle-changer,KI-Frisuren-Anprobe|Lovart,2026-07-12,2,"WATCH: 等 Google 索引窗口, 14 天后仍未进 GA4 → Tier B"
tierA-fresh,tool,en,ai-hairstyle-changer,/en/tools/ai-hairstyle-changer,AI Hairstyle Changer — Try Any Hairstyle on Your Photo in 30 Seconds|Lovart,2026-07-12,2,"WATCH: 等 Google 索引窗口, 14 天后仍未进 GA4 → Tier B"
tierA-fresh,tool,ja,ai-hairstyle-changer,/ja/tools/ai-hairstyle-changer,AIヘアスタイルチェンジャー|Lovart,2026-07-12,2,"WATCH: 等 Google 索引窗口, 14 天后仍未进 GA4 → Tier B"
tierA-fresh,tool,zh,ai-hairstyle-changer,/zh/tools/ai-hairstyle-changer,AI 发型试戴 | Lovart,2026-07-12,2,"WATCH: 等 Google 索引窗口, 14 天后仍未进 GA4 → Tier B"
tierA-fresh,tool,zh-TW,ai-hairstyle-changer,/zh-TW/tools/ai-hairstyle-changer,AI 髮型試戴|Lovart,2026-07-12,2,"WATCH: 等 Google 索引窗口, 14 天后仍未进 GA4 → Tier B"
tierA-fresh,tool,en,ai-illustration-set,/en/tools/ai-illustration-set,illustration set | Lovart,2026-07-12,2,"WATCH: 等 Google 索引窗口, 14 天后仍未进 GA4 → Tier B"
tierA-fresh,tool,en,ai-image-generator-download,/en/tools/ai-image-generator-download,AI Image Generator — Free Download in 4K|Lovart,2026-07-12,2,"WATCH: 等 Google 索引窗口, 14 天后仍未进 GA4 → Tier B"
tierA-fresh,tool,ja,ai-image-generator-for-social-media,/ja/tools/ai-image-generator-for-social-media,SNS向けAI画像生成|Lovart,2026-07-12,2,"WATCH: 等 Google 索引窗口, 14 天后仍未进 GA4 → Tier B"
tierA-fresh,tool,zh,ai-image-generator-for-social-media,/zh/tools/ai-image-generator-for-social-media,AI 社媒图片生成器|Lovart,2026-07-12,2,"WATCH: 等 Google 索引窗口, 14 天后仍未进 GA4 → Tier B"
tierA-fresh,tool,zh-TW,ai-image-generator-for-social-media,/zh-TW/tools/ai-image-generator-for-social-media,SNS画像生成|Lovart,2026-07-12,2,"WATCH: 等 Google 索引窗口, 14 天后仍未进 GA4 → Tier B"
tierA-fresh,tool,en,ai-image-resizer,/en/tools/ai-image-resizer,图像 resizer | Lovart,2026-07-12,2,"WATCH: 等 Google 索引窗口, 14 天后仍未进 GA4 → Tier B"
tierA-fresh,tool,en,ai-image-style-transfer,/en/tools/ai-image-style-transfer,AI Image Style Transfer — Apply Any Style in 30 Seconds|Lovart,2026-07-12,2,"WATCH: 等 Google 索引窗口, 14 天后仍未进 GA4 → Tier B"
tierA-fresh,tool,en,ai-image-to-cartoon,/en/tools/ai-image-to-cartoon,AI Image to Cartoon Converter — Photo to Cartoon Style in 30 Seconds|Lovart,2026-07-12,2,"WATCH: 等 Google 索引窗口, 14 天后仍未进 GA4 → Tier B"
tierA-fresh,tool,en,ai-image-to-image,/en/tools/ai-image-to-image,图像 图像 | Lovart,2026-07-12,2,"WATCH: 等 Google 索引窗口, 14 天后仍未进 GA4 → Tier B"
tierA-fresh,tool,ja,ai-image-to-sketch,/ja/tools/ai-image-to-sketch,AI画像→スケッチ変換|Lovart,2026-07-12,2,"WATCH: 等 Google 索引窗口, 14 天后仍未进 GA4 → Tier B"
tierA-fresh,tool,zh,ai-image-to-sketch,/zh/tools/ai-image-to-sketch,AI 图片转素描|Lovart,2026-07-12,2,"WATCH: 等 Google 索引窗口, 14 天后仍未进 GA4 → Tier B"
tierA-fresh,tool,zh-TW,ai-image-to-sketch,/zh-TW/tools/ai-image-to-sketch,AIスケッチ変換|Lovart,2026-07-12,2,"WATCH: 等 Google 索引窗口, 14 天后仍未进 GA4 → Tier B"
tierA-fresh,tool,en,ai-infographic-creator,/en/tools/ai-infographic-creator,infographic 创建器 | Lovart,2026-07-12,2,"WATCH: 等 Google 索引窗口, 14 天后仍未进 GA4 → Tier B"
tierA-fresh,tool,fr,ai-infographic-creator,/fr/tools/ai-infographic-creator,Ai Infographic Creator | Lovart,2026-07-12,2,"WATCH: 等 Google 索引窗口, 14 天后仍未进 GA4 → Tier B"
tierA-fresh,tool,it,ai-infographic-creator,/it/tools/ai-infographic-creator,Ai Infographic Creator | Lovart,2026-07-12,2,"WATCH: 等 Google 索引窗口, 14 天后仍未进 GA4 → Tier B"
tierA-fresh,tool,ja,ai-infographic-creator,/ja/tools/ai-infographic-creator,Ai Infographic Creator | Lovart,2026-07-12,2,"WATCH: 等 Google 索引窗口, 14 天后仍未进 GA4 → Tier B"
tierA-fresh,tool,ko,ai-infographic-creator,/ko/tools/ai-infographic-creator,Ai Infographic Creator | Lovart,2026-07-12,2,"WATCH: 等 Google 索引窗口, 14 天后仍未进 GA4 → Tier B"
tierA-fresh,tool,pt,ai-infographic-creator,/pt/tools/ai-infographic-creator,Ai Infographic Creator | Lovart,2026-07-12,2,"WATCH: 等 Google 索引窗口, 14 天后仍未进 GA4 → Tier B"
tierA-fresh,tool,ru,ai-infographic-creator,/ru/tools/ai-infographic-creator,Ai Infographic Creator | Lovart,2026-07-12,2,"WATCH: 等 Google 索引窗口, 14 天后仍未进 GA4 → Tier B"
tierA-fresh,tool,zh-TW,ai-infographic-creator,/zh-TW/tools/ai-infographic-creator,Ai Infographic Creator | Lovart,2026-07-12,2,"WATCH: 等 Google 索引窗口, 14 天后仍未进 GA4 → Tier B"
tierA-fresh,tool,en,ai-infographic-maker,/en/tools/ai-infographic-maker,infographic 制作 | Lovart,2026-07-12,2,"WATCH: 等 Google 索引窗口, 14 天后仍未进 GA4 → Tier B"
tierA-fresh,tool,en,ai-instagram-post,/en/tools/ai-instagram-post,instagram post | Lovart,2026-07-12,2,"WATCH: 等 Google 索引窗口, 14 天后仍未进 GA4 → Tier B"
tierA-fresh,tool,zh,ai-instagram-posts,/zh/tools/ai-instagram-posts,instagram posts | Lovart,2026-07-12,2,"WATCH: 等 Google 索引窗口, 14 天后仍未进 GA4 → Tier B"
tierA-fresh,tool,en,ai-instagram-reels-creator,/en/tools/ai-instagram-reels-creator,AI Instagram Reels Creator — Engaging Reels in 60 Seconds|Lovart,2026-07-12,2,"WATCH: 等 Google 索引窗口, 14 天后仍未进 GA4 → Tier B"
tierA-fresh,tool,en,ai-instrumental-music-generator,/en/tools/ai-instrumental-music-generator,AI Instrumental Music Generator — Custom Instrumentals in 30 Seconds|Lovart,2026-07-12,2,"WATCH: 等 Google 索引窗口, 14 天后仍未进 GA4 → Tier B"
tierA-fresh,tool,zh,ai-interior-design,/zh/tools/ai-interior-design,interior 设计 | Lovart,2026-07-12,2,"WATCH: 等 Google 索引窗口, 14 天后仍未进 GA4 → Tier B"
tierA-fresh,tool,de,ai-invitation-maker,/de/tools/ai-invitation-maker,Ai Invitation Maker | Lovart,2026-07-12,2,"WATCH: 等 Google 索引窗口, 14 天后仍未进 GA4 → Tier B"
tierA-fresh,tool,en,ai-invitation-maker,/en/tools/ai-invitation-maker,invitation 制作 | Lovart,2026-07-12,2,"WATCH: 等 Google 索引窗口, 14 天后仍未进 GA4 → Tier B"
tierA-fresh,tool,fr,ai-invitation-maker,/fr/tools/ai-invitation-maker,Ai Invitation Maker | Lovart,2026-07-12,2,"WATCH: 等 Google 索引窗口, 14 天后仍未进 GA4 → Tier B"
tierA-fresh,tool,zh,ai-invitation-maker,/zh/tools/ai-invitation-maker,invitation 制作 | Lovart,2026-07-12,2,"WATCH: 等 Google 索引窗口, 14 天后仍未进 GA4 → Tier B"
tierA-fresh,tool,zh-TW,ai-invitation-maker,/zh-TW/tools/ai-invitation-maker,Ai Invitation Maker | Lovart,2026-07-12,2,"WATCH: 等 Google 索引窗口, 14 天后仍未进 GA4 → Tier B"
tierA-fresh,tool,en,ai-landing-page-designer,/en/tools/ai-landing-page-designer,AI Landing Page Designer — High-Converting Pages in 60 Seconds|Lovart,2026-07-12,2,"WATCH: 等 Google 索引窗口, 14 天后仍未进 GA4 → Tier B"
tierA-fresh,tool,en,ai-lesson-plan,/en/tools/ai-lesson-plan,lesson plan | Lovart,2026-07-12,2,"WATCH: 等 Google 索引窗口, 14 天后仍未进 GA4 → Tier B"
tierA-fresh,tool,en,ai-letterhead-maker,/en/tools/ai-letterhead-maker,letterhead 制作 | Lovart,2026-07-12,2,"WATCH: 等 Google 索引窗口, 14 天后仍未进 GA4 → Tier B"
tierA-fresh,tool,en,ai-linkedin-banner,/en/tools/ai-linkedin-banner,linkedin 横幅 | Lovart,2026-07-12,2,"WATCH: 等 Google 索引窗口, 14 天后仍未进 GA4 → Tier B"
tierA-fresh,tool,en,ai-linkedin-branding,/en/tools/ai-linkedin-branding,linkedin branding | Lovart,2026-07-12,2,"WATCH: 等 Google 索引窗口, 14 天后仍未进 GA4 → Tier B"
tierA-fresh,tool,en,ai-logo-creator-free,/en/tools/ai-logo-creator-free,标志 创建器 | Lovart,2026-07-12,2,"WATCH: 等 Google 索引窗口, 14 天后仍未进 GA4 → Tier B"
tierA-fresh,tool,zh,ai-logo-design,/zh/tools/ai-logo-design,标志 设计 | Lovart,2026-07-12,2,"WATCH: 等 Google 索引窗口, 14 天后仍未进 GA4 → Tier B"
tierA-fresh,tool,en,ai-logo-generator,/en/tools/ai-logo-generator,AI Logo Generator — Professional Logos in 30 Seconds|Lovart,2026-07-12,2,"WATCH: 等 Google 索引窗口, 14 天后仍未进 GA4 → Tier B"
tierA-fresh,tool,de,ai-logo-maker-no-watermark,/de/tools/ai-logo-maker-no-watermark,KI-Logo-Maker ohne Wasserzeichen|Lovart,2026-07-12,2,"WATCH: 等 Google 索引窗口, 14 天后仍未进 GA4 → Tier B"
tierA-fresh,tool,zh,ai-logo-maker-no-watermark,/zh/tools/ai-logo-maker-no-watermark,AI Logo 生成器无水印 | Lovart,2026-07-12,2,"WATCH: 等 Google 索引窗口, 14 天后仍未进 GA4 → Tier B"
tierA-fresh,tool,zh-TW,ai-logo-maker-no-watermark,/zh-TW/tools/ai-logo-maker-no-watermark,AI Logo 生成器無水印|Lovart,2026-07-12,2,"WATCH: 等 Google 索引窗口, 14 天后仍未进 GA4 → Tier B"
tierA-fresh,tool,en,ai-magazine-cover,/en/tools/ai-magazine-cover,magazine 封面 | Lovart,2026-07-12,2,"WATCH: 等 Google 索引窗口, 14 天后仍未进 GA4 → Tier B"
tierA-fresh,tool,en,ai-magic-studio,/en/tools/ai-magic-studio,magic studio | Lovart,2026-07-12,2,"WATCH: 等 Google 索引窗口, 14 天后仍未进 GA4 → Tier B"
tierA-fresh,tool,en,ai-marketing-kit,/en/tools/ai-marketing-kit,marketing 套件 | Lovart,2026-07-12,2,"WATCH: 等 Google 索引窗口, 14 天后仍未进 GA4 → Tier B"
tierA-fresh,tool,en,ai-media-creator,/en/tools/ai-media-creator,media 创建器 | Lovart,2026-07-12,2,"WATCH: 等 Google 索引窗口, 14 天后仍未进 GA4 → Tier B"
tierA-fresh,tool,en,ai-medium-article,/en/tools/ai-medium-article,medium article | Lovart,2026-07-12,2,"WATCH: 等 Google 索引窗口, 14 天后仍未进 GA4 → Tier B"
tierA-fresh,tool,en,ai-meme-generator,/en/tools/ai-meme-generator,meme 生成器 | Lovart,2026-07-12,2,"WATCH: 等 Google 索引窗口, 14 天后仍未进 GA4 → Tier B"
tierA-fresh,tool,en,ai-menu-creator,/en/tools/ai-menu-creator,menu 创建器 | Lovart,2026-07-12,2,"WATCH: 等 Google 索引窗口, 14 天后仍未进 GA4 → Tier B"
tierA-fresh,tool,en,ai-menu-generator,/en/tools/ai-menu-generator,AI Menu Generator — Restaurant and Cafe Menus in 60 Seconds|Lovart,2026-07-12,2,"WATCH: 等 Google 索引窗口, 14 天后仍未进 GA4 → Tier B"
tierA-fresh,tool,de,ai-mockup-generator,/de/tools/ai-mockup-generator,Ai Mockup Generator | Lovart,2026-07-12,2,"WATCH: 等 Google 索引窗口, 14 天后仍未进 GA4 → Tier B"
tierA-fresh,tool,en,ai-mockup-generator,/en/tools/ai-mockup-generator,mockup 生成器 | Lovart,2026-07-12,2,"WATCH: 等 Google 索引窗口, 14 天后仍未进 GA4 → Tier B"
tierA-fresh,tool,fr,ai-mockup-generator,/fr/tools/ai-mockup-generator,Ai Mockup Generator | Lovart,2026-07-12,2,"WATCH: 等 Google 索引窗口, 14 天后仍未进 GA4 → Tier B"
tierA-fresh,tool,it,ai-mockup-generator,/it/tools/ai-mockup-generator,Ai Mockup Generator | Lovart,2026-07-12,2,"WATCH: 等 Google 索引窗口, 14 天后仍未进 GA4 → Tier B"
tierA-fresh,tool,ja,ai-mockup-generator,/ja/tools/ai-mockup-generator,AIモックアップ生成 | テキストから商品画像を生成 | Lovart,2026-07-12,2,"WATCH: 等 Google 索引窗口, 14 天后仍未进 GA4 → Tier B"
tierA-fresh,tool,ru,ai-mockup-generator,/ru/tools/ai-mockup-generator,Ai Mockup Generator | Lovart,2026-07-12,2,"WATCH: 等 Google 索引窗口, 14 天后仍未进 GA4 → Tier B"
tierA-fresh,tool,zh,ai-mockup-generator,/zh/tools/ai-mockup-generator,mockup 生成器 | Lovart,2026-07-12,2,"WATCH: 等 Google 索引窗口, 14 天后仍未进 GA4 → Tier B"
tierA-fresh,tool,zh-TW,ai-mockup-generator,/zh-TW/tools/ai-mockup-generator,Ai Mockup Generator | Lovart,2026-07-12,2,"WATCH: 等 Google 索引窗口, 14 天后仍未进 GA4 → Tier B"
tierA-fresh,tool,en,ai-model-access,/en/tools/ai-model-access,model 接入 | Lovart,2026-07-12,2,"WATCH: 等 Google 索引窗口, 14 天后仍未进 GA4 → Tier B"
tierA-fresh,tool,de,ai-model-generator,/de/tools/ai-model-generator,KI-Model-Generator|Lovart,2026-07-12,2,"WATCH: 等 Google 索引窗口, 14 天后仍未进 GA4 → Tier B"
tierA-fresh,tool,ja,ai-model-generator,/ja/tools/ai-model-generator,AIモデルジェネレーター|Lovart,2026-07-12,2,"WATCH: 等 Google 索引窗口, 14 天后仍未进 GA4 → Tier B"
tierA-fresh,tool,zh,ai-model-generator,/zh/tools/ai-model-generator,AI 模特生成器|Lovart,2026-07-12,2,"WATCH: 等 Google 索引窗口, 14 天后仍未进 GA4 → Tier B"
tierA-fresh,tool,zh-TW,ai-model-generator,/zh-TW/tools/ai-model-generator,AI 模特生成器|Lovart,2026-07-12,2,"WATCH: 等 Google 索引窗口, 14 天后仍未进 GA4 → Tier B"
tierA-fresh,tool,en,ai-mood-board-generator,/en/tools/ai-mood-board-generator,AI Mood Board Generator — Brand Discovery in 60 Seconds|Lovart,2026-07-12,2,"WATCH: 等 Google 索引窗口, 14 天后仍未进 GA4 → Tier B"
tierA-fresh,tool,en,ai-moodboard,/en/tools/ai-moodboard,moodboard | Lovart,2026-07-12,2,"WATCH: 等 Google 索引窗口, 14 天后仍未进 GA4 → Tier B"
tierA-fresh,tool,en,ai-motion-control,/en/tools/ai-motion-control,motion control | Lovart,2026-07-12,2,"WATCH: 等 Google 索引窗口, 14 天后仍未进 GA4 → Tier B"
tierA-fresh,tool,en,ai-motion-graphics,/en/tools/ai-motion-graphics,motion graphics | Lovart,2026-07-12,2,"WATCH: 等 Google 索引窗口, 14 天后仍未进 GA4 → Tier B"
tierA-fresh,tool,en,ai-music-generator,/en/tools/ai-music-generator,AI Music Generator — Royalty-Free Music in 30 Seconds|Lovart,2026-07-12,2,"WATCH: 等 Google 索引窗口, 14 天后仍未进 GA4 → Tier B"
tierA-fresh,tool,en,ai-newsletter-designer,/en/tools/ai-newsletter-designer,AI Newsletter Designer — Email Campaigns in 60 Seconds|Lovart,2026-07-12,2,"WATCH: 等 Google 索引窗口, 14 天后仍未进 GA4 → Tier B"
tierA-fresh,tool,en,ai-newsletter-image-generator,/en/tools/ai-newsletter-image-generator,AI Newsletter Image Generator — Email Campaign Images in 30 Seconds|Lovart,2026-07-12,2,"WATCH: 等 Google 索引窗口, 14 天后仍未进 GA4 → Tier B"
tierA-fresh,tool,zh,ai-online-photo-editor,/zh/tools/ai-online-photo-editor,online photo 编辑器 | Lovart,2026-07-12,2,"WATCH: 等 Google 索引窗口, 14 天后仍未进 GA4 → Tier B"
tierA-fresh,tool,en,ai-organizational-chart,/en/tools/ai-organizational-chart,organizational chart | Lovart,2026-07-12,2,"WATCH: 等 Google 索引窗口, 14 天后仍未进 GA4 → Tier B"
tierA-fresh,tool,en,ai-packaging-design,/en/tools/ai-packaging-design,packaging 设计 | Lovart,2026-07-12,2,"WATCH: 等 Google 索引窗口, 14 天后仍未进 GA4 → Tier B"
tierA-fresh,tool,en,ai-packaging-design-generator,/en/tools/ai-packaging-design-generator,AI Packaging Design Generator — Product Packaging in 60 Seconds|Lovart,2026-07-12,2,"WATCH: 等 Google 索引窗口, 14 天后仍未进 GA4 → Tier B"
tierA-fresh,tool,en,ai-pattern-generator,/en/tools/ai-pattern-generator,AI Pattern Generator — Custom Patterns in 30 Seconds|Lovart,2026-07-12,2,"WATCH: 等 Google 索引窗口, 14 天后仍未进 GA4 → Tier B"
tierA-fresh,tool,en,ai-pdf-editor,/en/tools/ai-pdf-editor,pdf 编辑器 | Lovart,2026-07-12,2,"WATCH: 等 Google 索引窗口, 14 天后仍未进 GA4 → Tier B"
tierA-fresh,tool,de,ai-pet-portrait,/de/tools/ai-pet-portrait,Ai Pet Portrait | Lovart,2026-07-12,2,"WATCH: 等 Google 索引窗口, 14 天后仍未进 GA4 → Tier B"
tierA-fresh,tool,en,ai-pet-portrait,/en/tools/ai-pet-portrait,pet portrait | Lovart,2026-07-12,2,"WATCH: 等 Google 索引窗口, 14 天后仍未进 GA4 → Tier B"
tierA-fresh,tool,fr,ai-pet-portrait,/fr/tools/ai-pet-portrait,Ai Pet Portrait | Lovart,2026-07-12,2,"WATCH: 等 Google 索引窗口, 14 天后仍未进 GA4 → Tier B"
tierA-fresh,tool,ru,ai-pet-portrait,/ru/tools/ai-pet-portrait,Ai Pet Portrait | Lovart,2026-07-12,2,"WATCH: 等 Google 索引窗口, 14 天后仍未进 GA4 → Tier B"
tierA-fresh,tool,zh-TW,ai-pet-portrait,/zh-TW/tools/ai-pet-portrait,Ai Pet Portrait | Lovart,2026-07-12,2,"WATCH: 等 Google 索引窗口, 14 天后仍未进 GA4 → Tier B"
tierA-fresh,tool,en,ai-pfp-generator,/en/tools/ai-pfp-generator,AI Profile Picture Generator — Custom PFPs in 30 Seconds|Lovart,2026-07-12,2,"WATCH: 等 Google 索引窗口, 14 天后仍未进 GA4 → Tier B"
tierA-fresh,tool,en,ai-phone-case-design,/en/tools/ai-phone-case-design,phone case 设计 | Lovart,2026-07-12,2,"WATCH: 等 Google 索引窗口, 14 天后仍未进 GA4 → Tier B"
tierA-fresh,tool,en,ai-photo-editor,/en/tools/ai-photo-editor,"AI Photo Editor — One-Click Retouch, Replace, Restore|Lovart",2026-07-12,2,"WATCH: 等 Google 索引窗口, 14 天后仍未进 GA4 → Tier B"
tierA-fresh,tool,de,ai-photo-editor-free,/de/tools/ai-photo-editor-free,KI-Foto-Editor kostenlos|Lovart,2026-07-12,2,"WATCH: 等 Google 索引窗口, 14 天后仍未进 GA4 → Tier B"
tierA-fresh,tool,en,ai-photo-editor-free,/en/tools/ai-photo-editor-free,"Free AI Photo Editor — Retouch, Replace, Restore|Lovart",2026-07-12,2,"WATCH: 等 Google 索引窗口, 14 天后仍未进 GA4 → Tier B"
tierA-fresh,tool,ja,ai-photo-editor-free,/ja/tools/ai-photo-editor-free,無料AI写真編集|Lovart,2026-07-12,2,"WATCH: 等 Google 索引窗口, 14 天后仍未进 GA4 → Tier B"
tierA-fresh,tool,zh,ai-photo-editor-free,/zh/tools/ai-photo-editor-free,AI 照片编辑器免费 | Lovart,2026-07-12,2,"WATCH: 等 Google 索引窗口, 14 天后仍未进 GA4 → Tier B"
tierA-fresh,tool,zh-TW,ai-photo-editor-free,/zh-TW/tools/ai-photo-editor-free,AI 照片編輯器免費|Lovart,2026-07-12,2,"WATCH: 等 Google 索引窗口, 14 天后仍未进 GA4 → Tier B"
tierA-fresh,tool,en,ai-photo-editor-online,/en/tools/ai-photo-editor-online,photo 编辑器 online | Lovart,2026-07-12,2,"WATCH: 等 Google 索引窗口, 14 天后仍未进 GA4 → Tier B"
tierA-fresh,tool,fr,ai-photo-editor-online,/fr/tools/ai-photo-editor-online,Ai Photo Editor Online | Lovart,2026-07-12,2,"WATCH: 等 Google 索引窗口, 14 天后仍未进 GA4 → Tier B"
tierA-fresh,tool,ko,ai-photo-editor-online,/ko/tools/ai-photo-editor-online,Ai Photo Editor Online | Lovart,2026-07-12,2,"WATCH: 等 Google 索引窗口, 14 天后仍未进 GA4 → Tier B"
tierA-fresh,tool,pt,ai-photo-editor-online,/pt/tools/ai-photo-editor-online,Ai Photo Editor Online | Lovart,2026-07-12,2,"WATCH: 等 Google 索引窗口, 14 天后仍未进 GA4 → Tier B"
tierA-fresh,tool,zh,ai-photo-editor-online,/zh/tools/ai-photo-editor-online,photo 编辑器 online | Lovart,2026-07-12,2,"WATCH: 等 Google 索引窗口, 14 天后仍未进 GA4 → Tier B"
tierA-fresh,tool,zh-TW,ai-photo-editor-online,/zh-TW/tools/ai-photo-editor-online,Ai Photo Editor Online | Lovart,2026-07-12,2,"WATCH: 等 Google 索引窗口, 14 天后仍未进 GA4 → Tier B"
tierA-fresh,tool,en,ai-photo-editor-pro,/en/tools/ai-photo-editor-pro,photo 编辑器 | Lovart,2026-07-12,2,"WATCH: 等 Google 索引窗口, 14 天后仍未进 GA4 → Tier B"
tierA-fresh,tool,en,ai-photo-enhancer,/en/tools/ai-photo-enhancer,photo enhancer | Lovart,2026-07-12,2,"WATCH: 等 Google 索引窗口, 14 天后仍未进 GA4 → Tier B"
tierA-fresh,tool,en,ai-photo-retouch,/en/tools/ai-photo-retouch,photo retouch | Lovart,2026-07-12,2,"WATCH: 等 Google 索引窗口, 14 天后仍未进 GA4 → Tier B"
tierA-fresh,tool,de,ai-picture-generator,/de/tools/ai-picture-generator,KI-Bild-Generator|Lovart,2026-07-12,2,"WATCH: 等 Google 索引窗口, 14 天后仍未进 GA4 → Tier B"
tierA-fresh,tool,ja,ai-picture-generator,/ja/tools/ai-picture-generator,AI画像生成|Lovart,2026-07-12,2,"WATCH: 等 Google 索引窗口, 14 天后仍未进 GA4 → Tier B"
tierA-fresh,tool,zh,ai-picture-generator,/zh/tools/ai-picture-generator,AI 图片生成器 | Lovart,2026-07-12,2,"WATCH: 等 Google 索引窗口, 14 天后仍未进 GA4 → Tier B"
tierA-fresh,tool,zh-TW,ai-picture-generator,/zh-TW/tools/ai-picture-generator,AI 圖片生成器|Lovart,2026-07-12,2,"WATCH: 等 Google 索引窗口, 14 天后仍未进 GA4 → Tier B"
tierA-fresh,tool,en,ai-podcast-branding,/en/tools/ai-podcast-branding,podcast branding | Lovart,2026-07-12,2,"WATCH: 等 Google 索引窗口, 14 天后仍未进 GA4 → Tier B"
tierA-fresh,tool,en,ai-podcast-cover,/en/tools/ai-podcast-cover,podcast 封面 | Lovart,2026-07-12,2,"WATCH: 等 Google 索引窗口, 14 天后仍未进 GA4 → Tier B"
tierA-fresh,tool,en,ai-podcast-cover-generator,/en/tools/ai-podcast-cover-generator,AI Podcast Cover Generator — Podcast Art in 60 Seconds|Lovart,2026-07-12,2,"WATCH: 等 Google 索引窗口, 14 天后仍未进 GA4 → Tier B"
tierA-fresh,tool,en,ai-podcast-generator,/en/tools/ai-podcast-generator,AI Podcast Generator — Multi-Speaker Podcasts in 60 Seconds|Lovart,2026-07-12,2,"WATCH: 等 Google 索引窗口, 14 天后仍未进 GA4 → Tier B"
tierA-fresh,tool,en,ai-post-generator,/en/tools/ai-post-generator,post 生成器 | Lovart,2026-07-12,2,"WATCH: 等 Google 索引窗口, 14 天后仍未进 GA4 → Tier B"
tierA-fresh,tool,zh,ai-poster-creator,/zh/tools/ai-poster-creator,海报 创建器 | Lovart,2026-07-12,2,"WATCH: 等 Google 索引窗口, 14 天后仍未进 GA4 → Tier B"
tierA-fresh,tool,en,ai-poster-generator,/en/tools/ai-poster-generator,AI Poster Generator — Text to Print-Ready Poster in 60 Seconds|Lovart,2026-07-12,2,"WATCH: 等 Google 索引窗口, 14 天后仍未进 GA4 → Tier B"
tierA-fresh,tool,de,ai-poster-maker-free,/de/tools/ai-poster-maker-free,Kostenloser KI-Plakat-Generator|Lovart,2026-07-12,2,"WATCH: 等 Google 索引窗口, 14 天后仍未进 GA4 → Tier B"
tierA-fresh,tool,en,ai-poster-maker-free,/en/tools/ai-poster-maker-free,Free AI Poster Maker — Design Professional Posters in 60 Seconds|Lovart,2026-07-12,2,"WATCH: 等 Google 索引窗口, 14 天后仍未进 GA4 → Tier B"
tierA-fresh,tool,ja,ai-poster-maker-free,/ja/tools/ai-poster-maker-free,AIポスターメーカー（無料）|Lovart,2026-07-12,2,"WATCH: 等 Google 索引窗口, 14 天后仍未进 GA4 → Tier B"
tierA-fresh,tool,zh,ai-poster-maker-free,/zh/tools/ai-poster-maker-free,AI 海报生成器免费 | Lovart,2026-07-12,2,"WATCH: 等 Google 索引窗口, 14 天后仍未进 GA4 → Tier B"
tierA-fresh,tool,zh-TW,ai-poster-maker-free,/zh-TW/tools/ai-poster-maker-free,AI 海報生成器免費|Lovart,2026-07-12,2,"WATCH: 等 Google 索引窗口, 14 天后仍未进 GA4 → Tier B"
tierA-fresh,tool,zh,ai-poster-maker,/zh/tools/ai-poster-maker,海报 制作 | Lovart,2026-07-12,2,"WATCH: 等 Google 索引窗口, 14 天后仍未进 GA4 → Tier B"
tierA-fresh,tool,en,ai-powered-design,/en/tools/ai-powered-design,powered 设计 | Lovart,2026-07-12,2,"WATCH: 等 Google 索引窗口, 14 天后仍未进 GA4 → Tier B"
tierA-fresh,tool,en,ai-print-design,/en/tools/ai-print-design,print 设计 | Lovart,2026-07-12,2,"WATCH: 等 Google 索引窗口, 14 天后仍未进 GA4 → Tier B"
tierA-fresh,tool,en,ai-product-demo-video,/en/tools/ai-product-demo-video,AI Product Demo Video Generator — Demos in 60 Seconds|Lovart,2026-07-12,2,"WATCH: 等 Google 索引窗口, 14 天后仍未进 GA4 → Tier B"
tierA-fresh,tool,en,ai-product-imagery-generator,/en/tools/ai-product-imagery-generator,AI Product Imagery Generator — E-commerce Product Photos in 60 Seconds|Lovart,2026-07-12,2,"WATCH: 等 Google 索引窗口, 14 天后仍未进 GA4 → Tier B"
tierA-fresh,tool,en,ai-product-mockup-generator,/en/tools/ai-product-mockup-generator,AI Product Mockup Generator — Realistic Mockups in 30 Seconds|Lovart,2026-07-12,2,"WATCH: 等 Google 索引窗口, 14 天后仍未进 GA4 → Tier B"
tierA-fresh,tool,en,ai-product-photography,/en/tools/ai-product-photography,AI Product Photography — Studio Shots in 60 Seconds|Lovart,2026-07-12,2,"WATCH: 等 Google 索引窗口, 14 天后仍未进 GA4 → Tier B"
tierA-fresh,tool,fr,ai-product-photography,/fr/tools/ai-product-photography,Ai Product Photography | Lovart,2026-07-12,2,"WATCH: 等 Google 索引窗口, 14 天后仍未进 GA4 → Tier B"
tierA-fresh,tool,ko,ai-product-photography,/ko/tools/ai-product-photography,Ai Product Photography | Lovart,2026-07-12,2,"WATCH: 等 Google 索引窗口, 14 天后仍未进 GA4 → Tier B"
tierA-fresh,tool,pt,ai-product-photography,/pt/tools/ai-product-photography,Ai Product Photography | Lovart,2026-07-12,2,"WATCH: 等 Google 索引窗口, 14 天后仍未进 GA4 → Tier B"
tierA-fresh,tool,ru,ai-product-photography,/ru/tools/ai-product-photography,Ai Product Photography | Lovart,2026-07-12,2,"WATCH: 等 Google 索引窗口, 14 天后仍未进 GA4 → Tier B"
tierA-fresh,tool,en,ai-production-house,/en/tools/ai-production-house,production house | Lovart,2026-07-12,2,"WATCH: 等 Google 索引窗口, 14 天后仍未进 GA4 → Tier B"
tierA-fresh,tool,en,ai-project-management,/en/tools/ai-project-management,project management | Lovart,2026-07-12,2,"WATCH: 等 Google 索引窗口, 14 天后仍未进 GA4 → Tier B"
tierA-fresh,tool,en,ai-proposal-maker,/en/tools/ai-proposal-maker,proposal 制作 | Lovart,2026-07-12,2,"WATCH: 等 Google 索引窗口, 14 天后仍未进 GA4 → Tier B"
tierA-fresh,tool,en,ai-qr-code-generator,/en/tools/ai-qr-code-generator,qr code 生成器 | Lovart,2026-07-12,2,"WATCH: 等 Google 索引窗口, 14 天后仍未进 GA4 → Tier B"
tierA-fresh,tool,en,ai-recipe-card,/en/tools/ai-recipe-card,recipe 卡片 | Lovart,2026-07-12,2,"WATCH: 等 Google 索引窗口, 14 天后仍未进 GA4 → Tier B"
tierA-fresh,tool,en,ai-remove-object,/en/tools/ai-remove-object,remove object | Lovart,2026-07-12,2,"WATCH: 等 Google 索引窗口, 14 天后仍未进 GA4 → Tier B"
tierA-fresh,tool,en,ai-report-maker,/en/tools/ai-report-maker,report 制作 | Lovart,2026-07-12,2,"WATCH: 等 Google 索引窗口, 14 天后仍未进 GA4 → Tier B"
tierA-fresh,tool,en,ai-restaurant-branding,/en/tools/ai-restaurant-branding,restaurant branding | Lovart,2026-07-12,2,"WATCH: 等 Google 索引窗口, 14 天后仍未进 GA4 → Tier B"
tierA-fresh,tool,en,ai-resume-generator,/en/tools/ai-resume-generator,AI Resume Generator — Professional Resumes in 60 Seconds|Lovart,2026-07-12,2,"WATCH: 等 Google 索引窗口, 14 天后仍未进 GA4 → Tier B"
tierA-fresh,tool,en,ai-retail-display-generator,/en/tools/ai-retail-display-generator,AI Retail Display Generator — Store Signage and POP in 60 Seconds|Lovart,2026-07-12,2,"WATCH: 等 Google 索引窗口, 14 天后仍未进 GA4 → Tier B"
tierA-fresh,tool,en,ai-roadmap,/en/tools/ai-roadmap,roadmap | Lovart,2026-07-12,2,"WATCH: 等 Google 索引窗口, 14 天后仍未进 GA4 → Tier B"
tierA-fresh,tool,en,ai-room-planner,/en/tools/ai-room-planner,room planner | Lovart,2026-07-12,2,"WATCH: 等 Google 索引窗口, 14 天后仍未进 GA4 → Tier B"
tierA-fresh,tool,en,ai-sales-playbook,/en/tools/ai-sales-playbook,sales playbook | Lovart,2026-07-12,2,"WATCH: 等 Google 索引窗口, 14 天后仍未进 GA4 → Tier B"
tierA-fresh,tool,en,ai-scrapbook,/en/tools/ai-scrapbook,scrapbook | Lovart,2026-07-12,2,"WATCH: 等 Google 索引窗口, 14 天后仍未进 GA4 → Tier B"
tierA-fresh,tool,en,ai-screenshot-editor,/en/tools/ai-screenshot-editor,screenshot 编辑器 | Lovart,2026-07-12,2,"WATCH: 等 Google 索引窗口, 14 天后仍未进 GA4 → Tier B"
tierA-fresh,tool,en,ai-snapchat-filter,/en/tools/ai-snapchat-filter,snapchat filter | Lovart,2026-07-12,2,"WATCH: 等 Google 索引窗口, 14 天后仍未进 GA4 → Tier B"
tierA-fresh,tool,en,ai-social-media-content,/en/tools/ai-social-media-content,social media content | Lovart,2026-07-12,2,"WATCH: 等 Google 索引窗口, 14 天后仍未进 GA4 → Tier B"
tierA-fresh,tool,fr,ai-social-media-content,/fr/tools/ai-social-media-content,Ai Social Media Content | Lovart,2026-07-12,2,"WATCH: 等 Google 索引窗口, 14 天后仍未进 GA4 → Tier B"
tierA-fresh,tool,it,ai-social-media-content,/it/tools/ai-social-media-content,Ai Social Media Content | Lovart,2026-07-12,2,"WATCH: 等 Google 索引窗口, 14 天后仍未进 GA4 → Tier B"
tierA-fresh,tool,ja,ai-social-media-content,/ja/tools/ai-social-media-content,AI SNSコンテンツ生成 | テキストから投稿用画像を Lovart,2026-07-12,2,"WATCH: 等 Google 索引窗口, 14 天后仍未进 GA4 → Tier B"
tierA-fresh,tool,pt,ai-social-media-content,/pt/tools/ai-social-media-content,Ai Social Media Content | Lovart,2026-07-12,2,"WATCH: 等 Google 索引窗口, 14 天后仍未进 GA4 → Tier B"
tierA-fresh,tool,ru,ai-social-media-content,/ru/tools/ai-social-media-content,Ai Social Media Content | Lovart,2026-07-12,2,"WATCH: 等 Google 索引窗口, 14 天后仍未进 GA4 → Tier B"
tierA-fresh,tool,zh,ai-social-media-content,/zh/tools/ai-social-media-content,social media content | Lovart,2026-07-12,2,"WATCH: 等 Google 索引窗口, 14 天后仍未进 GA4 → Tier B"
tierA-fresh,tool,zh-TW,ai-social-media-content,/zh-TW/tools/ai-social-media-content,Ai Social Media Content | Lovart,2026-07-12,2,"WATCH: 等 Google 索引窗口, 14 天后仍未进 GA4 → Tier B"
tierA-fresh,tool,en,ai-social-media,/en/tools/ai-social-media,social media | Lovart,2026-07-12,2,"WATCH: 等 Google 索引窗口, 14 天后仍未进 GA4 → Tier B"
tierA-fresh,tool,en,ai-social-media-post-generator,/en/tools/ai-social-media-post-generator,AI Social Media Post Generator — Posts and Captions in 30 Seconds|Lovart,2026-07-12,2,"WATCH: 等 Google 索引窗口, 14 天后仍未进 GA4 → Tier B"
tierA-fresh,tool,en,ai-sound-effects-generator,/en/tools/ai-sound-effects-generator,AI Sound Effects Generator — Custom SFX in 30 Seconds|Lovart,2026-07-12,2,"WATCH: 等 Google 索引窗口, 14 天后仍未进 GA4 → Tier B"
tierA-fresh,tool,en,ai-sticker-generator,/en/tools/ai-sticker-generator,AI Sticker Generator — Custom Stickers in 30 Seconds|Lovart,2026-07-12,2,"WATCH: 等 Google 索引窗口, 14 天后仍未进 GA4 → Tier B"
tierA-fresh,tool,en,ai-sticker-maker-free,/en/tools/ai-sticker-maker-free,Free AI Sticker Maker — Custom Stickers in 30 Seconds|Lovart,2026-07-12,2,"WATCH: 等 Google 索引窗口, 14 天后仍未进 GA4 → Tier B"
tierA-fresh,tool,en,ai-stock-image-generator,/en/tools/ai-stock-image-generator,stock 图像 生成器 | Lovart,2026-07-12,2,"WATCH: 等 Google 索引窗口, 14 天后仍未进 GA4 → Tier B"
tierA-fresh,tool,en,ai-stock-photo-generator,/en/tools/ai-stock-photo-generator,stock photo 生成器 | Lovart,2026-07-12,2,"WATCH: 等 Google 索引窗口, 14 天后仍未进 GA4 → Tier B"
tierA-fresh,tool,en,ai-stock-photos,/en/tools/ai-stock-photos,stock photos | Lovart,2026-07-12,2,"WATCH: 等 Google 索引窗口, 14 天后仍未进 GA4 → Tier B"
tierA-fresh,tool,ja,ai-storefront-designer,/ja/tools/ai-storefront-designer,AIストアフロントデザイナー|Lovart,2026-07-12,2,"WATCH: 等 Google 索引窗口, 14 天后仍未进 GA4 → Tier B"
tierA-fresh,tool,zh,ai-storefront-designer,/zh/tools/ai-storefront-designer,AI 店铺装修设计器|Lovart,2026-07-12,2,"WATCH: 等 Google 索引窗口, 14 天后仍未进 GA4 → Tier B"
tierA-fresh,tool,zh-TW,ai-storefront-designer,/zh-TW/tools/ai-storefront-designer,AIストアフロントデザイナー|Lovart,2026-07-12,2,"WATCH: 等 Google 索引窗口, 14 天后仍未进 GA4 → Tier B"
tierA-fresh,tool,de,ai-storyboard-generator,/de/tools/ai-storyboard-generator,KI-Storyboard-Generator|Lovart,2026-07-12,2,"WATCH: 等 Google 索引窗口, 14 天后仍未进 GA4 → Tier B"
tierA-fresh,tool,en,ai-storyboard-generator,/en/tools/ai-storyboard-generator,AI Storyboard Generator — Frame-by-Frame Visual Stories in 60 Seconds|Lovart,2026-07-12,2,"WATCH: 等 Google 索引窗口, 14 天后仍未进 GA4 → Tier B"
tierA-fresh,tool,zh,ai-storyboard-generator,/zh/tools/ai-storyboard-generator,AI 分镜脚本生成器 | Lovart,2026-07-12,2,"WATCH: 等 Google 索引窗口, 14 天后仍未进 GA4 → Tier B"
tierA-fresh,tool,zh-TW,ai-storyboard-generator,/zh-TW/tools/ai-storyboard-generator,AI 分鏡腳本生成器|Lovart,2026-07-12,2,"WATCH: 等 Google 索引窗口, 14 天后仍未进 GA4 → Tier B"
tierA-fresh,tool,en,ai-style-transfer-generator,/en/tools/ai-style-transfer-generator,AI Style Transfer — Apply Any Art Style in 30 Seconds|Lovart,2026-07-12,2,"WATCH: 等 Google 索引窗口, 14 天后仍未进 GA4 → Tier B"
tierA-fresh,tool,en,ai-t-shirt-design,/en/tools/ai-t-shirt-design,t shirt 设计 | Lovart,2026-07-12,2,"WATCH: 等 Google 索引窗口, 14 天后仍未进 GA4 → Tier B"
tierA-fresh,tool,it,ai-t-shirt-design,/it/tools/ai-t-shirt-design,Ai T Shirt Design | Lovart,2026-07-12,2,"WATCH: 等 Google 索引窗口, 14 天后仍未进 GA4 → Tier B"
tierA-fresh,tool,ja,ai-t-shirt-design,/ja/tools/ai-t-shirt-design,AI Tシャツデザイン | テキストからTシャツを生成 | Lovart,2026-07-12,2,"WATCH: 等 Google 索引窗口, 14 天后仍未进 GA4 → Tier B"
tierA-fresh,tool,ko,ai-t-shirt-design,/ko/tools/ai-t-shirt-design,Ai T Shirt Design | Lovart,2026-07-12,2,"WATCH: 等 Google 索引窗口, 14 天后仍未进 GA4 → Tier B"
tierA-fresh,tool,pt,ai-t-shirt-design,/pt/tools/ai-t-shirt-design,Ai T Shirt Design | Lovart,2026-07-12,2,"WATCH: 等 Google 索引窗口, 14 天后仍未进 GA4 → Tier B"
tierA-fresh,tool,ru,ai-t-shirt-design,/ru/tools/ai-t-shirt-design,Ai T Shirt Design | Lovart,2026-07-12,2,"WATCH: 等 Google 索引窗口, 14 天后仍未进 GA4 → Tier B"
tierA-fresh,tool,zh,ai-t-shirt-design,/zh/tools/ai-t-shirt-design,t shirt 设计 | Lovart,2026-07-12,2,"WATCH: 等 Google 索引窗口, 14 天后仍未进 GA4 → Tier B"
tierA-fresh,tool,zh-TW,ai-t-shirt-design,/zh-TW/tools/ai-t-shirt-design,Ai T Shirt Design | Lovart,2026-07-12,2,"WATCH: 等 Google 索引窗口, 14 天后仍未进 GA4 → Tier B"
tierA-fresh,tool,en,ai-talking-avatar,/en/tools/ai-talking-avatar,talking 头像 | Lovart,2026-07-12,2,"WATCH: 等 Google 索引窗口, 14 天后仍未进 GA4 → Tier B"
tierA-fresh,tool,en,ai-tattoo-design-generator,/en/tools/ai-tattoo-design-generator,AI Tattoo Design Generator — Custom Designs in 30 Seconds|Lovart,2026-07-12,2,"WATCH: 等 Google 索引窗口, 14 天后仍未进 GA4 → Tier B"
tierA-fresh,tool,en,ai-tattoo-generator,/en/tools/ai-tattoo-generator,AI Tattoo Generator — Custom Designs in 30 Seconds|Lovart,2026-07-12,2,"WATCH: 等 Google 索引窗口, 14 天后仍未进 GA4 → Tier B"
tierA-fresh,tool,en,ai-team-photo,/en/tools/ai-team-photo,team photo | Lovart,2026-07-12,2,"WATCH: 等 Google 索引窗口, 14 天后仍未进 GA4 → Tier B"
tierA-fresh,tool,en,ai-template-library,/en/tools/ai-template-library,template 素材库 | Lovart,2026-07-12,2,"WATCH: 等 Google 索引窗口, 14 天后仍未进 GA4 → Tier B"
tierA-fresh,tool,en,ai-templates-infographic,/en/tools/ai-templates-infographic,AI Infographic Templates — Data Visualizations in 60 Seconds|Lovart,2026-07-12,2,"WATCH: 等 Google 索引窗口, 14 天后仍未进 GA4 → Tier B"
tierA-fresh,tool,en,ai-tender-document,/en/tools/ai-tender-document,tender document | Lovart,2026-07-12,2,"WATCH: 等 Google 索引窗口, 14 天后仍未进 GA4 → Tier B"
tierA-fresh,tool,de,ai-text-to-video-api,/de/tools/ai-text-to-video-api,KI-Text-zu-Video-API|Lovart,2026-07-12,2,"WATCH: 等 Google 索引窗口, 14 天后仍未进 GA4 → Tier B"
tierA-fresh,tool,ja,ai-text-to-video-api,/ja/tools/ai-text-to-video-api,テキスト→動画API|Lovart,2026-07-12,2,"WATCH: 等 Google 索引窗口, 14 天后仍未进 GA4 → Tier B"
tierA-fresh,tool,zh,ai-text-to-video-api,/zh/tools/ai-text-to-video-api,AI 文字转视频 API|Lovart,2026-07-12,2,"WATCH: 等 Google 索引窗口, 14 天后仍未进 GA4 → Tier B"
tierA-fresh,tool,zh-TW,ai-text-to-video-api,/zh-TW/tools/ai-text-to-video-api,AI 文字轉影片 API|Lovart,2026-07-12,2,"WATCH: 等 Google 索引窗口, 14 天后仍未进 GA4 → Tier B"
tierA-fresh,tool,en,ai-thank-you-card,/en/tools/ai-thank-you-card,thank you 卡片 | Lovart,2026-07-12,2,"WATCH: 等 Google 索引窗口, 14 天后仍未进 GA4 → Tier B"
tierA-fresh,tool,en,ai-thumbnail-creator,/en/tools/ai-thumbnail-creator,thumbnail 创建器 | Lovart,2026-07-12,2,"WATCH: 等 Google 索引窗口, 14 天后仍未进 GA4 → Tier B"
tierA-fresh,tool,en,ai-thumbnail-generator,/en/tools/ai-thumbnail-generator,"AI Thumbnail Generator — YouTube, TikTok, and Podcast Covers|Lovart",2026-07-12,2,"WATCH: 等 Google 索引窗口, 14 天后仍未进 GA4 → Tier B"
tierA-fresh,tool,en,ai-thumbnail-maker,/en/tools/ai-thumbnail-maker,thumbnail 制作 | Lovart,2026-07-12,2,"WATCH: 等 Google 索引窗口, 14 天后仍未进 GA4 → Tier B"
tierA-fresh,tool,en,ai-tiktok-branding,/en/tools/ai-tiktok-branding,tiktok branding | Lovart,2026-07-12,2,"WATCH: 等 Google 索引窗口, 14 天后仍未进 GA4 → Tier B"
tierA-fresh,tool,de,ai-tiktok-content-creator,/de/tools/ai-tiktok-content-creator,KI-TikTok-Content-Creator|Lovart,2026-07-12,2,"WATCH: 等 Google 索引窗口, 14 天后仍未进 GA4 → Tier B"
tierA-fresh,tool,zh,ai-tiktok-content-creator,/zh/tools/ai-tiktok-content-creator,AI TikTok 内容创作器 | Lovart,2026-07-12,2,"WATCH: 等 Google 索引窗口, 14 天后仍未进 GA4 → Tier B"
tierA-fresh,tool,zh-TW,ai-tiktok-content-creator,/zh-TW/tools/ai-tiktok-content-creator,AI TikTok 內容創作器|Lovart,2026-07-12,2,"WATCH: 等 Google 索引窗口, 14 天后仍未进 GA4 → Tier B"
tierA-fresh,tool,en,ai-tiktok-content-generator,/en/tools/ai-tiktok-content-generator,AI TikTok Content Generator — Viral Videos in 60 Seconds|Lovart,2026-07-12,2,"WATCH: 等 Google 索引窗口, 14 天后仍未进 GA4 → Tier B"
tierA-fresh,tool,en,ai-tiktok-template,/en/tools/ai-tiktok-template,tiktok template | Lovart,2026-07-12,2,"WATCH: 等 Google 索引窗口, 14 天后仍未进 GA4 → Tier B"
tierA-fresh,tool,en,ai-toolkit-design,/en/tools/ai-toolkit-design,工具集 设计 | Lovart,2026-07-12,2,"WATCH: 等 Google 索引窗口, 14 天后仍未进 GA4 → Tier B"
tierA-fresh,tool,en,ai-training-manual,/en/tools/ai-training-manual,training manual | Lovart,2026-07-12,2,"WATCH: 等 Google 索引窗口, 14 天后仍未进 GA4 → Tier B"
tierA-fresh,tool,en,ai-twitch-banner,/en/tools/ai-twitch-banner,twitch 横幅 | Lovart,2026-07-12,2,"WATCH: 等 Google 索引窗口, 14 天后仍未进 GA4 → Tier B"
tierA-fresh,tool,en,ai-twitch-overlay,/en/tools/ai-twitch-overlay,twitch overlay | Lovart,2026-07-12,2,"WATCH: 等 Google 索引窗口, 14 天后仍未进 GA4 → Tier B"
tierA-fresh,tool,en,ai-typography-generator,/en/tools/ai-typography-generator,AI Typography Generator — Custom Typography in 30 Seconds|Lovart,2026-07-12,2,"WATCH: 等 Google 索引窗口, 14 天后仍未进 GA4 → Tier B"
tierA-fresh,tool,en,ai-ugc-generator,/en/tools/ai-ugc-generator,ugc 生成器 | Lovart,2026-07-12,2,"WATCH: 等 Google 索引窗口, 14 天后仍未进 GA4 → Tier B"
tierA-fresh,tool,en,ai-vector-art-generator,/en/tools/ai-vector-art-generator,AI Vector Art Generator — Text to SVG in 30 Seconds|Lovart,2026-07-12,2,"WATCH: 等 Google 索引窗口, 14 天后仍未进 GA4 → Tier B"
tierA-fresh,tool,en,ai-vector-free,/en/tools/ai-vector-free,vector | Lovart,2026-07-12,2,"WATCH: 等 Google 索引窗口, 14 天后仍未进 GA4 → Tier B"
tierA-fresh,tool,en,ai-vector-graphics,/en/tools/ai-vector-graphics,vector graphics | Lovart,2026-07-12,2,"WATCH: 等 Google 索引窗口, 14 天后仍未进 GA4 → Tier B"
tierA-fresh,tool,en,ai-video-collage-maker,/en/tools/ai-video-collage-maker,AI Video Collage Maker — Multi-Clip Video in 60 Seconds|Lovart,2026-07-12,2,"WATCH: 等 Google 索引窗口, 14 天后仍未进 GA4 → Tier B"
tierA-fresh,tool,en,ai-video-compressor,/en/tools/ai-video-compressor,视频 compressor | Lovart,2026-07-12,2,"WATCH: 等 Google 索引窗口, 14 天后仍未进 GA4 → Tier B"
tierA-fresh,tool,en,ai-video-editing,/en/tools/ai-video-editing,视频 editing | Lovart,2026-07-12,2,"WATCH: 等 Google 索引窗口, 14 天后仍未进 GA4 → Tier B"
tierA-fresh,tool,de,ai-video-editor-api,/de/tools/ai-video-editor-api,KI-Video-Editor-API|Lovart,2026-07-12,2,"WATCH: 等 Google 索引窗口, 14 天后仍未进 GA4 → Tier B"
tierA-fresh,tool,ja,ai-video-editor-api,/ja/tools/ai-video-editor-api,AI動画編集API|Lovart,2026-07-12,2,"WATCH: 等 Google 索引窗口, 14 天后仍未进 GA4 → Tier B"
tierA-fresh,tool,zh,ai-video-editor-api,/zh/tools/ai-video-editor-api,AI 视频编辑 API|Lovart,2026-07-12,2,"WATCH: 等 Google 索引窗口, 14 天后仍未进 GA4 → Tier B"
tierA-fresh,tool,zh-TW,ai-video-editor-api,/zh-TW/tools/ai-video-editor-api,AI 影片編輯 API|Lovart,2026-07-12,2,"WATCH: 等 Google 索引窗口, 14 天后仍未进 GA4 → Tier B"
tierA-fresh,tool,en,ai-video-editor,/en/tools/ai-video-editor,视频 编辑器 | Lovart,2026-07-12,2,"WATCH: 等 Google 索引窗口, 14 天后仍未进 GA4 → Tier B"
tierA-fresh,tool,en,ai-video-effects,/en/tools/ai-video-effects,视频 effects | Lovart,2026-07-12,2,"WATCH: 等 Google 索引窗口, 14 天后仍未进 GA4 → Tier B"
tierA-fresh,tool,de,ai-video-generator-free,/de/tools/ai-video-generator-free,Ai Video Generator Free | Lovart,2026-07-12,2,"WATCH: 等 Google 索引窗口, 14 天后仍未进 GA4 → Tier B"
tierA-fresh,tool,en,ai-video-generator-free,/en/tools/ai-video-generator-free,视频 生成器 | Lovart,2026-07-12,2,"WATCH: 等 Google 索引窗口, 14 天后仍未进 GA4 → Tier B"
tierA-fresh,tool,fr,ai-video-generator-free,/fr/tools/ai-video-generator-free,Ai Video Generator Free | Lovart,2026-07-12,2,"WATCH: 等 Google 索引窗口, 14 天后仍未进 GA4 → Tier B"
tierA-fresh,tool,it,ai-video-generator-free,/it/tools/ai-video-generator-free,Ai Video Generator Free | Lovart,2026-07-12,2,"WATCH: 等 Google 索引窗口, 14 天后仍未进 GA4 → Tier B"
tierA-fresh,tool,ja,ai-video-generator-free,/ja/tools/ai-video-generator-free,Ai Video Generator Free | Lovart,2026-07-12,2,"WATCH: 等 Google 索引窗口, 14 天后仍未进 GA4 → Tier B"
tierA-fresh,tool,ru,ai-video-generator-free,/ru/tools/ai-video-generator-free,Ai Video Generator Free | Lovart,2026-07-12,2,"WATCH: 等 Google 索引窗口, 14 天后仍未进 GA4 → Tier B"
tierA-fresh,tool,zh,ai-video-generator-free,/zh/tools/ai-video-generator-free,视频 生成器 | Lovart,2026-07-12,2,"WATCH: 等 Google 索引窗口, 14 天后仍未进 GA4 → Tier B"
tierA-fresh,tool,en,ai-video-maker,/en/tools/ai-video-maker,AI Video Maker — Text and Photo to Video in 60 Seconds|Lovart,2026-07-12,2,"WATCH: 等 Google 索引窗口, 14 天后仍未进 GA4 → Tier B"
tierA-fresh,tool,de,ai-video-to-gif,/de/tools/ai-video-to-gif,KI-Video-zu-GIF|Lovart,2026-07-12,2,"WATCH: 等 Google 索引窗口, 14 天后仍未进 GA4 → Tier B"
tierA-fresh,tool,ja,ai-video-to-gif,/ja/tools/ai-video-to-gif,AI動画→GIF変換|Lovart,2026-07-12,2,"WATCH: 等 Google 索引窗口, 14 天后仍未进 GA4 → Tier B"
tierA-fresh,tool,zh,ai-video-to-gif,/zh/tools/ai-video-to-gif,AI 视频转 GIF|Lovart,2026-07-12,2,"WATCH: 等 Google 索引窗口, 14 天后仍未进 GA4 → Tier B"
tierA-fresh,tool,zh-TW,ai-video-to-gif,/zh-TW/tools/ai-video-to-gif,動画→GIF変換|Lovart,2026-07-12,2,"WATCH: 等 Google 索引窗口, 14 天后仍未进 GA4 → Tier B"
tierA-fresh,tool,en,ai-video-translation,/en/tools/ai-video-translation,视频 translation | Lovart,2026-07-12,2,"WATCH: 等 Google 索引窗口, 14 天后仍未进 GA4 → Tier B"
tierA-fresh,tool,en,ai-video-upscaling,/en/tools/ai-video-upscaling,视频 upscaling | Lovart,2026-07-12,2,"WATCH: 等 Google 索引窗口, 14 天后仍未进 GA4 → Tier B"
tierA-fresh,tool,en,ai-virtual-staging,/en/tools/ai-virtual-staging,virtual staging | Lovart,2026-07-12,2,"WATCH: 等 Google 索引窗口, 14 天后仍未进 GA4 → Tier B"
tierA-fresh,tool,en,ai-vision-board,/en/tools/ai-vision-board,vision board | Lovart,2026-07-12,2,"WATCH: 等 Google 索引窗口, 14 天后仍未进 GA4 → Tier B"
tierA-fresh,tool,en,ai-visual-content,/en/tools/ai-visual-content,visual content | Lovart,2026-07-12,2,"WATCH: 等 Google 索引窗口, 14 天后仍未进 GA4 → Tier B"
tierA-fresh,tool,en,ai-visual-design,/en/tools/ai-visual-design,visual 设计 | Lovart,2026-07-12,2,"WATCH: 等 Google 索引窗口, 14 天后仍未进 GA4 → Tier B"
tierA-fresh,tool,en,ai-visual-maker,/en/tools/ai-visual-maker,visual 制作 | Lovart,2026-07-12,2,"WATCH: 等 Google 索引窗口, 14 天后仍未进 GA4 → Tier B"
tierA-fresh,tool,en,ai-voice-cloning,/en/tools/ai-voice-cloning,"AI Voice Cloning — Your Voice, Anywhere|Lovart",2026-07-12,2,"WATCH: 等 Google 索引窗口, 14 天后仍未进 GA4 → Tier B"
tierA-fresh,tool,en,ai-voiceover,/en/tools/ai-voiceover,voiceover | Lovart,2026-07-12,2,"WATCH: 等 Google 索引窗口, 14 天后仍未进 GA4 → Tier B"
tierA-fresh,tool,de,ai-vs-chatgpt-design,/de/tools/ai-vs-chatgpt-design,Ai Vs Chatgpt Design | Lovart,2026-07-12,2,"WATCH: 等 Google 索引窗口, 14 天后仍未进 GA4 → Tier B"
tierA-fresh,tool,en,ai-vs-chatgpt-design,/en/tools/ai-vs-chatgpt-design,vs chatgpt 设计 | Lovart,2026-07-12,2,"WATCH: 等 Google 索引窗口, 14 天后仍未进 GA4 → Tier B"
tierA-fresh,tool,fr,ai-vs-chatgpt-design,/fr/tools/ai-vs-chatgpt-design,Ai Vs Chatgpt Design | Lovart,2026-07-12,2,"WATCH: 等 Google 索引窗口, 14 天后仍未进 GA4 → Tier B"
tierA-fresh,tool,pt,ai-vs-chatgpt-design,/pt/tools/ai-vs-chatgpt-design,Ai Vs Chatgpt Design | Lovart,2026-07-12,2,"WATCH: 等 Google 索引窗口, 14 天后仍未进 GA4 → Tier B"
tierA-fresh,tool,zh,ai-vs-chatgpt-design,/zh/tools/ai-vs-chatgpt-design,vs chatgpt 设计 | Lovart,2026-07-12,2,"WATCH: 等 Google 索引窗口, 14 天后仍未进 GA4 → Tier B"
tierA-fresh,tool,zh-TW,ai-vs-chatgpt-design,/zh-TW/tools/ai-vs-chatgpt-design,Ai Vs Chatgpt Design | Lovart,2026-07-12,2,"WATCH: 等 Google 索引窗口, 14 天后仍未进 GA4 → Tier B"
tierA-fresh,tool,en,ai-vs-lovable-design,/en/tools/ai-vs-lovable-design,vs lovable 设计 | Lovart,2026-07-12,2,"WATCH: 等 Google 索引窗口, 14 天后仍未进 GA4 → Tier B"
tierA-fresh,tool,en,ai-wallpaper-generator,/en/tools/ai-wallpaper-generator,AI Wallpaper Generator — Custom Wallpapers in 30 Seconds|Lovart,2026-07-12,2,"WATCH: 等 Google 索引窗口, 14 天后仍未进 GA4 → Tier B"
tierA-fresh,tool,en,ai-watermark-remover,/en/tools/ai-watermark-remover,watermark 移除 | Lovart,2026-07-12,2,"WATCH: 等 Google 索引窗口, 14 天后仍未进 GA4 → Tier B"
tierA-fresh,tool,en,ai-web-banner,/en/tools/ai-web-banner,web 横幅 | Lovart,2026-07-12,2,"WATCH: 等 Google 索引窗口, 14 天后仍未进 GA4 → Tier B"
tierA-fresh,tool,en,ai-website-screenshot-generator,/en/tools/ai-website-screenshot-generator,AI Website Screenshot Generator — Mockup Screenshots in 30 Seconds|Lovart,2026-07-12,2,"WATCH: 等 Google 索引窗口, 14 天后仍未进 GA4 → Tier B"
tierA-fresh,tool,de,ai-wedding-invitation,/de/tools/ai-wedding-invitation,Ai Wedding Invitation | Lovart,2026-07-12,2,"WATCH: 等 Google 索引窗口, 14 天后仍未进 GA4 → Tier B"
tierA-fresh,tool,en,ai-wedding-invitation,/en/tools/ai-wedding-invitation,wedding invitation | Lovart,2026-07-12,2,"WATCH: 等 Google 索引窗口, 14 天后仍未进 GA4 → Tier B"
tierA-fresh,tool,fr,ai-wedding-invitation,/fr/tools/ai-wedding-invitation,Ai Wedding Invitation | Lovart,2026-07-12,2,"WATCH: 等 Google 索引窗口, 14 天后仍未进 GA4 → Tier B"
tierA-fresh,tool,ko,ai-wedding-invitation,/ko/tools/ai-wedding-invitation,Ai Wedding Invitation | Lovart,2026-07-12,2,"WATCH: 等 Google 索引窗口, 14 天后仍未进 GA4 → Tier B"
tierA-fresh,tool,pt,ai-wedding-invitation,/pt/tools/ai-wedding-invitation,Ai Wedding Invitation | Lovart,2026-07-12,2,"WATCH: 等 Google 索引窗口, 14 天后仍未进 GA4 → Tier B"
tierA-fresh,tool,ru,ai-wedding-invitation,/ru/tools/ai-wedding-invitation,Ai Wedding Invitation | Lovart,2026-07-12,2,"WATCH: 等 Google 索引窗口, 14 天后仍未进 GA4 → Tier B"
tierA-fresh,tool,zh-TW,ai-wedding-invitation,/zh-TW/tools/ai-wedding-invitation,Ai Wedding Invitation | Lovart,2026-07-12,2,"WATCH: 等 Google 索引窗口, 14 天后仍未进 GA4 → Tier B"
tierA-fresh,tool,en,ai-whatsapp-sticker,/en/tools/ai-whatsapp-sticker,whatsapp sticker | Lovart,2026-07-12,2,"WATCH: 等 Google 索引窗口, 14 天后仍未进 GA4 → Tier B"
tierA-fresh,tool,en,ai-whitepaper,/en/tools/ai-whitepaper,whitepaper | Lovart,2026-07-12,2,"WATCH: 等 Google 索引窗口, 14 天后仍未进 GA4 → Tier B"
tierA-fresh,tool,en,ai-wireframe,/en/tools/ai-wireframe,wireframe | Lovart,2026-07-12,2,"WATCH: 等 Google 索引窗口, 14 天后仍未进 GA4 → Tier B"
tierA-fresh,tool,en,ai-workflow-automation,/en/tools/ai-workflow-automation,workflow automation | Lovart,2026-07-12,2,"WATCH: 等 Google 索引窗口, 14 天后仍未进 GA4 → Tier B"
tierA-fresh,tool,en,ai-workflow-automation-enterprise,/en/tools/ai-workflow-automation-enterprise,AI Workflow Automation for Enterprise — Scale Creative Production|Lovart,2026-07-12,2,"WATCH: 等 Google 索引窗口, 14 天后仍未进 GA4 → Tier B"
tierA-fresh,tool,en,ai-worksheet-maker,/en/tools/ai-worksheet-maker,worksheet 制作 | Lovart,2026-07-12,2,"WATCH: 等 Google 索引窗口, 14 天后仍未进 GA4 → Tier B"
tierA-fresh,tool,en,ai-youtube-branding,/en/tools/ai-youtube-branding,youtube branding | Lovart,2026-07-12,2,"WATCH: 等 Google 索引窗口, 14 天后仍未进 GA4 → Tier B"
tierA-fresh,tool,en,ai-youtube-end-screen,/en/tools/ai-youtube-end-screen,youtube end screen | Lovart,2026-07-12,2,"WATCH: 等 Google 索引窗口, 14 天后仍未进 GA4 → Tier B"
tierA-fresh,tool,en,ai-youtube-intro,/en/tools/ai-youtube-intro,youtube intro | Lovart,2026-07-12,2,"WATCH: 等 Google 索引窗口, 14 天后仍未进 GA4 → Tier B"
tierA-fresh,tool,en,ai-youtube-thumbnail,/en/tools/ai-youtube-thumbnail,youtube thumbnail | Lovart,2026-07-12,2,"WATCH: 等 Google 索引窗口, 14 天后仍未进 GA4 → Tier B"
tierA-fresh,tool,de,ai-youtube-thumbnail-maker,/de/tools/ai-youtube-thumbnail-maker,KI-YouTube-Thumbnail-Maker|Lovart,2026-07-12,2,"WATCH: 等 Google 索引窗口, 14 天后仍未进 GA4 → Tier B"
tierA-fresh,tool,en,ai-youtube-thumbnail-maker,/en/tools/ai-youtube-thumbnail-maker,AI YouTube Thumbnail Maker — High-CTR Thumbnails in 30 Seconds|Lovart,2026-07-12,2,"WATCH: 等 Google 索引窗口, 14 天后仍未进 GA4 → Tier B"
tierA-fresh,tool,ja,ai-youtube-thumbnail-maker,/ja/tools/ai-youtube-thumbnail-maker,AI YouTubeサムネイルメーカー|Lovart,2026-07-12,2,"WATCH: 等 Google 索引窗口, 14 天后仍未进 GA4 → Tier B"
tierA-fresh,tool,zh,ai-youtube-thumbnail-maker,/zh/tools/ai-youtube-thumbnail-maker,AI YouTube 缩略图生成器 | Lovart,2026-07-12,2,"WATCH: 等 Google 索引窗口, 14 天后仍未进 GA4 → Tier B"
tierA-fresh,tool,zh-TW,ai-youtube-thumbnail-maker,/zh-TW/tools/ai-youtube-thumbnail-maker,AI YouTube 縮圖生成器|Lovart,2026-07-12,2,"WATCH: 等 Google 索引窗口, 14 天后仍未进 GA4 → Tier B"
tierA-fresh,tool,de,ai-youtube-thumbnails,/de/tools/ai-youtube-thumbnails,Ai Youtube Thumbnails | Lovart,2026-07-12,2,"WATCH: 等 Google 索引窗口, 14 天后仍未进 GA4 → Tier B"
tierA-fresh,tool,en,ai-youtube-thumbnails,/en/tools/ai-youtube-thumbnails,youtube thumbnails | Lovart,2026-07-12,2,"WATCH: 等 Google 索引窗口, 14 天后仍未进 GA4 → Tier B"
tierA-fresh,tool,fr,ai-youtube-thumbnails,/fr/tools/ai-youtube-thumbnails,Ai Youtube Thumbnails | Lovart,2026-07-12,2,"WATCH: 等 Google 索引窗口, 14 天后仍未进 GA4 → Tier B"
tierA-fresh,tool,it,ai-youtube-thumbnails,/it/tools/ai-youtube-thumbnails,Ai Youtube Thumbnails | Lovart,2026-07-12,2,"WATCH: 等 Google 索引窗口, 14 天后仍未进 GA4 → Tier B"
tierA-fresh,tool,ko,ai-youtube-thumbnails,/ko/tools/ai-youtube-thumbnails,Ai Youtube Thumbnails | Lovart,2026-07-12,2,"WATCH: 等 Google 索引窗口, 14 天后仍未进 GA4 → Tier B"
tierA-fresh,tool,pt,ai-youtube-thumbnails,/pt/tools/ai-youtube-thumbnails,Ai Youtube Thumbnails | Lovart,2026-07-12,2,"WATCH: 等 Google 索引窗口, 14 天后仍未进 GA4 → Tier B"
tierA-fresh,tool,ru,ai-youtube-thumbnails,/ru/tools/ai-youtube-thumbnails,Ai Youtube Thumbnails | Lovart,2026-07-12,2,"WATCH: 等 Google 索引窗口, 14 天后仍未进 GA4 → Tier B"
tierA-fresh,tool,en,all-in-one-design-platform,/en/tools/all-in-one-design-platform,all one 设计 平台 | Lovart,2026-07-12,2,"WATCH: 等 Google 索引窗口, 14 天后仍未进 GA4 → Tier B"
tierA-fresh,tool,de,alternative-to-figma,/de/tools/alternative-to-figma,Alternative To Figma | Lovart,2026-07-12,2,"WATCH: 等 Google 索引窗口, 14 天后仍未进 GA4 → Tier B"
tierA-fresh,tool,en,alternative-to-figma,/en/tools/alternative-to-figma,alternative figma | Lovart,2026-07-12,2,"WATCH: 等 Google 索引窗口, 14 天后仍未进 GA4 → Tier B"
tierA-fresh,tool,it,alternative-to-figma,/it/tools/alternative-to-figma,Alternative To Figma | Lovart,2026-07-12,2,"WATCH: 等 Google 索引窗口, 14 天后仍未进 GA4 → Tier B"
tierA-fresh,tool,ja,alternative-to-figma,/ja/tools/alternative-to-figma,Figmaの代替AIツール | テキストでUIデザインを生成 | Lovart,2026-07-12,2,"WATCH: 等 Google 索引窗口, 14 天后仍未进 GA4 → Tier B"
tierA-fresh,tool,ru,alternative-to-figma,/ru/tools/alternative-to-figma,Alternative To Figma | Lovart,2026-07-12,2,"WATCH: 等 Google 索引窗口, 14 天后仍未进 GA4 → Tier B"
tierA-fresh,tool,zh,alternative-to-figma,/zh/tools/alternative-to-figma,alternative figma | Lovart,2026-07-12,2,"WATCH: 等 Google 索引窗口, 14 天后仍未进 GA4 → Tier B"
tierA-fresh,tool,zh-TW,alternative-to-figma,/zh-TW/tools/alternative-to-figma,Alternative To Figma | Lovart,2026-07-12,2,"WATCH: 等 Google 索引窗口, 14 天后仍未进 GA4 → Tier B"
tierA-fresh,tool,en,android-ai-design,/en/tools/android-ai-design,android 设计 | Lovart,2026-07-12,2,"WATCH: 等 Google 索引窗口, 14 天后仍未进 GA4 → Tier B"
tierA-fresh,tool,en,autonomous-design-agent,/en/tools/autonomous-design-agent,autonomous 设计 代理 | Lovart,2026-07-12,2,"WATCH: 等 Google 索引窗口, 14 天后仍未进 GA4 → Tier B"
tierA-fresh,tool,zh,best-ai-video-generator-2026,/zh/tools/best-ai-video-generator-2026,最佳 AI 视频生成器 2026|Lovart,2026-07-12,2,"WATCH: 等 Google 索引窗口, 14 天后仍未进 GA4 → Tier B"
tierA-fresh,tool,zh-TW,best-ai-video-generator-2026,/zh-TW/tools/best-ai-video-generator-2026,最佳 AI 影片生成器 2026|Lovart,2026-07-12,2,"WATCH: 等 Google 索引窗口, 14 天后仍未进 GA4 → Tier B"
tierA-fresh,tool,zh,better-than-ai-design,/zh/tools/better-than-ai-design,better than 设计 | Lovart,2026-07-12,2,"WATCH: 等 Google 索引窗口, 14 天后仍未进 GA4 → Tier B"
tierA-fresh,tool,en,brand-consistency-tool,/en/tools/brand-consistency-tool,品牌 consistency tool | Lovart,2026-07-12,2,"WATCH: 等 Google 索引窗口, 14 天后仍未进 GA4 → Tier B"
tierA-fresh,tool,en,browser-design-extension,/en/tools/browser-design-extension,browser 设计 extension | Lovart,2026-07-12,2,"WATCH: 等 Google 索引窗口, 14 天后仍未进 GA4 → Tier B"
tierA-fresh,tool,en,commercial-license-design,/en/tools/commercial-license-design,commercial license 设计 | Lovart,2026-07-12,2,"WATCH: 等 Google 索引窗口, 14 天后仍未进 GA4 → Tier B"
tierA-fresh,tool,en,commercial-use-ai,/en/tools/commercial-use-ai,commercial use | Lovart,2026-07-12,2,"WATCH: 等 Google 索引窗口, 14 天后仍未进 GA4 → Tier B"
tierA-fresh,tool,en,concept-art-generator,/en/tools/concept-art-generator,concept art 生成器 | Lovart,2026-07-12,2,"WATCH: 等 Google 索引窗口, 14 天后仍未进 GA4 → Tier B"
tierA-fresh,tool,en,copyright-clear-ai,/en/tools/copyright-clear-ai,copyright clear | Lovart,2026-07-12,2,"WATCH: 等 Google 索引窗口, 14 天后仍未进 GA4 → Tier B"
tierA-fresh,tool,en,design-approvals,/en/tools/design-approvals,设计 approvals | Lovart,2026-07-12,2,"WATCH: 等 Google 索引窗口, 14 天后仍未进 GA4 → Tier B"
tierA-fresh,tool,en,desktop-ai-design,/en/tools/desktop-ai-design,desktop 设计 | Lovart,2026-07-12,2,"WATCH: 等 Google 索引窗口, 14 天后仍未进 GA4 → Tier B"
tierA-fresh,tool,en,desktop-design-app,/en/tools/desktop-design-app,desktop 设计 应用 | Lovart,2026-07-12,2,"WATCH: 等 Google 索引窗口, 14 天后仍未进 GA4 → Tier B"
tierA-fresh,tool,en,drag-and-drop-ai-editor,/en/tools/drag-and-drop-ai-editor,drag and drop 编辑器 | Lovart,2026-07-12,2,"WATCH: 等 Google 索引窗口, 14 天后仍未进 GA4 → Tier B"
tierA-fresh,tool,en,easy-ai-design,/en/tools/easy-ai-design,easy 设计 | Lovart,2026-07-12,2,"WATCH: 等 Google 索引窗口, 14 天后仍未进 GA4 → Tier B"
tierA-fresh,tool,en,education-ai-design,/en/tools/education-ai-design,education 设计 | Lovart,2026-07-12,2,"WATCH: 等 Google 索引窗口, 14 天后仍未进 GA4 → Tier B"
tierA-fresh,tool,en,effortless-ai-design,/en/tools/effortless-ai-design,effortless 设计 | Lovart,2026-07-12,2,"WATCH: 等 Google 索引窗口, 14 天后仍未进 GA4 → Tier B"
tierA-fresh,tool,en,fast-ai-generation,/en/tools/fast-ai-generation,fast generation | Lovart,2026-07-12,2,"WATCH: 等 Google 索引窗口, 14 天后仍未进 GA4 → Tier B"
tierA-fresh,tool,en,fine-tuned-ai-model,/en/tools/fine-tuned-ai-model,fine tuned model | Lovart,2026-07-12,2,"WATCH: 等 Google 索引窗口, 14 天后仍未进 GA4 → Tier B"
tierA-fresh,tool,en,flux-ai-image-generator,/en/tools/flux-ai-image-generator,flux 图像 生成器 | Lovart,2026-07-12,2,"WATCH: 等 Google 索引窗口, 14 天后仍未进 GA4 → Tier B"
tierA-fresh,tool,en,free-ai-design-tool,/en/tools/free-ai-design-tool,设计 tool | Lovart,2026-07-12,2,"WATCH: 等 Google 索引窗口, 14 天后仍未进 GA4 → Tier B"
tierA-fresh,tool,en,free-ai-illustration-generator,/en/tools/free-ai-illustration-generator,illustration 生成器 | Lovart,2026-07-12,2,"WATCH: 等 Google 索引窗口, 14 天后仍未进 GA4 → Tier B"
tierA-fresh,tool,en,gdpr-compliant-ai,/en/tools/gdpr-compliant-ai,gdpr compliant | Lovart,2026-07-12,2,"WATCH: 等 Google 索引窗口, 14 天后仍未进 GA4 → Tier B"
tierA-fresh,tool,en,high-quality-ai-design,/en/tools/high-quality-ai-design,high quality 设计 | Lovart,2026-07-12,2,"WATCH: 等 Google 索引窗口, 14 天后仍未进 GA4 → Tier B"
tierA-fresh,tool,en,image-to-image-ai,/en/tools/image-to-image-ai,图像 图像 | Lovart,2026-07-12,2,"WATCH: 等 Google 索引窗口, 14 天后仍未进 GA4 → Tier B"
tierA-fresh,tool,de,image-to-video-ai,/de/tools/image-to-video-ai,Image To Video Ai | Lovart,2026-07-12,2,"WATCH: 等 Google 索引窗口, 14 天后仍未进 GA4 → Tier B"
tierA-fresh,tool,en,image-to-video-ai,/en/tools/image-to-video-ai,图像 视频 | Lovart,2026-07-12,2,"WATCH: 等 Google 索引窗口, 14 天后仍未进 GA4 → Tier B"
tierA-fresh,tool,fr,image-to-video-ai,/fr/tools/image-to-video-ai,Image To Video Ai | Lovart,2026-07-12,2,"WATCH: 等 Google 索引窗口, 14 天后仍未进 GA4 → Tier B"
tierA-fresh,tool,it,image-to-video-ai,/it/tools/image-to-video-ai,Image To Video Ai | Lovart,2026-07-12,2,"WATCH: 等 Google 索引窗口, 14 天后仍未进 GA4 → Tier B"
tierA-fresh,tool,pt,image-to-video-ai,/pt/tools/image-to-video-ai,Image To Video Ai | Lovart,2026-07-12,2,"WATCH: 等 Google 索引窗口, 14 天后仍未进 GA4 → Tier B"
tierA-fresh,tool,ru,image-to-video-ai,/ru/tools/image-to-video-ai,Image To Video Ai | Lovart,2026-07-12,2,"WATCH: 等 Google 索引窗口, 14 天后仍未进 GA4 → Tier B"
tierA-fresh,tool,en,instant-ai-design,/en/tools/instant-ai-design,instant 设计 | Lovart,2026-07-12,2,"WATCH: 等 Google 索引窗口, 14 天后仍未进 GA4 → Tier B"
tierA-fresh,tool,en,kling-ai,/en/tools/kling-ai,kling | Lovart,2026-07-12,2,"WATCH: 等 Google 索引窗口, 14 天后仍未进 GA4 → Tier B"
tierA-fresh,tool,zh,mobile-ai-design,/zh/tools/mobile-ai-design,mobile 设计 | Lovart,2026-07-12,2,"WATCH: 等 Google 索引窗口, 14 天后仍未进 GA4 → Tier B"
tierA-fresh,tool,de,mobile-design-app,/de/tools/mobile-design-app,Mobile Design App | Lovart,2026-07-12,2,"WATCH: 等 Google 索引窗口, 14 天后仍未进 GA4 → Tier B"
tierA-fresh,tool,en,mobile-design-app,/en/tools/mobile-design-app,mobile 设计 应用 | Lovart,2026-07-12,2,"WATCH: 等 Google 索引窗口, 14 天后仍未进 GA4 → Tier B"
tierA-fresh,tool,fr,mobile-design-app,/fr/tools/mobile-design-app,Mobile Design App | Lovart,2026-07-12,2,"WATCH: 等 Google 索引窗口, 14 天后仍未进 GA4 → Tier B"
tierA-fresh,tool,ko,mobile-design-app,/ko/tools/mobile-design-app,Mobile Design App | Lovart,2026-07-12,2,"WATCH: 等 Google 索引窗口, 14 天后仍未进 GA4 → Tier B"
tierA-fresh,tool,pt,mobile-design-app,/pt/tools/mobile-design-app,Mobile Design App | Lovart,2026-07-12,2,"WATCH: 等 Google 索引窗口, 14 天后仍未进 GA4 → Tier B"
tierA-fresh,tool,ru,mobile-design-app,/ru/tools/mobile-design-app,Mobile Design App | Lovart,2026-07-12,2,"WATCH: 等 Google 索引窗口, 14 天后仍未进 GA4 → Tier B"
tierA-fresh,tool,zh,mobile-design-app,/zh/tools/mobile-design-app,mobile 设计 应用 | Lovart,2026-07-12,2,"WATCH: 等 Google 索引窗口, 14 天后仍未进 GA4 → Tier B"
tierA-fresh,tool,zh,multi-agent-design,/zh/tools/multi-agent-design,multi 代理 设计 | Lovart,2026-07-12,2,"WATCH: 等 Google 索引窗口, 14 天后仍未进 GA4 → Tier B"
tierA-fresh,tool,de,multi-format-export,/de/tools/multi-format-export,Multi Format Export | Lovart,2026-07-12,2,"WATCH: 等 Google 索引窗口, 14 天后仍未进 GA4 → Tier B"
tierA-fresh,tool,en,multi-format-export,/en/tools/multi-format-export,multi format export | Lovart,2026-07-12,2,"WATCH: 等 Google 索引窗口, 14 天后仍未进 GA4 → Tier B"
tierA-fresh,tool,fr,multi-format-export,/fr/tools/multi-format-export,Multi Format Export | Lovart,2026-07-12,2,"WATCH: 等 Google 索引窗口, 14 天后仍未进 GA4 → Tier B"
tierA-fresh,tool,it,multi-format-export,/it/tools/multi-format-export,Multi Format Export | Lovart,2026-07-12,2,"WATCH: 等 Google 索引窗口, 14 天后仍未进 GA4 → Tier B"
tierA-fresh,tool,ja,multi-format-export,/ja/tools/multi-format-export,マルチフォーマット出力 | JPEG/PNG/PDF/SVGに変換 | Lovart,2026-07-12,2,"WATCH: 等 Google 索引窗口, 14 天后仍未进 GA4 → Tier B"
tierA-fresh,tool,pt,multi-format-export,/pt/tools/multi-format-export,Multi Format Export | Lovart,2026-07-12,2,"WATCH: 等 Google 索引窗口, 14 天后仍未进 GA4 → Tier B"
tierA-fresh,tool,zh,multi-format-export,/zh/tools/multi-format-export,multi format export | Lovart,2026-07-12,2,"WATCH: 等 Google 索引窗口, 14 天后仍未进 GA4 → Tier B"
tierA-fresh,tool,de,multi-model-ai,/de/tools/multi-model-ai,Multi Model Ai | Lovart,2026-07-12,2,"WATCH: 等 Google 索引窗口, 14 天后仍未进 GA4 → Tier B"
tierA-fresh,tool,en,multi-model-ai,/en/tools/multi-model-ai,multi model | Lovart,2026-07-12,2,"WATCH: 等 Google 索引窗口, 14 天后仍未进 GA4 → Tier B"
tierA-fresh,tool,fr,multi-model-ai,/fr/tools/multi-model-ai,Multi Model Ai | Lovart,2026-07-12,2,"WATCH: 等 Google 索引窗口, 14 天后仍未进 GA4 → Tier B"
tierA-fresh,tool,ja,multi-model-ai,/ja/tools/multi-model-ai,マルチモデルAI | 複数AIモデルを統合利用 | Lovart,2026-07-12,2,"WATCH: 等 Google 索引窗口, 14 天后仍未进 GA4 → Tier B"
tierA-fresh,tool,pt,multi-model-ai,/pt/tools/multi-model-ai,Multi Model Ai | Lovart,2026-07-12,2,"WATCH: 等 Google 索引窗口, 14 天后仍未进 GA4 → Tier B"
tierA-fresh,tool,ru,multi-model-ai,/ru/tools/multi-model-ai,Multi Model Ai | Lovart,2026-07-12,2,"WATCH: 等 Google 索引窗口, 14 天后仍未进 GA4 → Tier B"
tierA-fresh,tool,zh,multi-model-ai,/zh/tools/multi-model-ai,multi model | Lovart,2026-07-12,2,"WATCH: 等 Google 索引窗口, 14 天后仍未进 GA4 → Tier B"
tierA-fresh,tool,zh-TW,multi-model-ai,/zh-TW/tools/multi-model-ai,Multi Model Ai | Lovart,2026-07-12,2,"WATCH: 等 Google 索引窗口, 14 天后仍未进 GA4 → Tier B"
tierA-fresh,tool,en,no-code-ai-design,/en/tools/no-code-ai-design,no code 设计 | Lovart,2026-07-12,2,"WATCH: 等 Google 索引窗口, 14 天后仍未进 GA4 → Tier B"
tierA-fresh,tool,fr,no-code-ai-design,/fr/tools/no-code-ai-design,No Code Ai Design | Lovart,2026-07-12,2,"WATCH: 等 Google 索引窗口, 14 天后仍未进 GA4 → Tier B"
tierA-fresh,tool,it,no-code-ai-design,/it/tools/no-code-ai-design,No Code Ai Design | Lovart,2026-07-12,2,"WATCH: 等 Google 索引窗口, 14 天后仍未进 GA4 → Tier B"
tierA-fresh,tool,ja,no-code-ai-design,/ja/tools/no-code-ai-design,ノーコードAIデザイン | コード不要でUI/ビジュアル生成 | Lovart,2026-07-12,2,"WATCH: 等 Google 索引窗口, 14 天后仍未进 GA4 → Tier B"
tierA-fresh,tool,ru,no-code-ai-design,/ru/tools/no-code-ai-design,No Code Ai Design | Lovart,2026-07-12,2,"WATCH: 等 Google 索引窗口, 14 天后仍未进 GA4 → Tier B"
tierA-fresh,tool,zh,no-code-ai-design,/zh/tools/no-code-ai-design,no code 设计 | Lovart,2026-07-12,2,"WATCH: 等 Google 索引窗口, 14 天后仍未进 GA4 → Tier B"
tierA-fresh,tool,zh-TW,no-code-ai-design,/zh-TW/tools/no-code-ai-design,No Code Ai Design | Lovart,2026-07-12,2,"WATCH: 等 Google 索引窗口, 14 天后仍未进 GA4 → Tier B"
tierA-fresh,tool,zh,no-experience-needed,/zh/tools/no-experience-needed,no experience needed | Lovart,2026-07-12,2,"WATCH: 等 Google 索引窗口, 14 天后仍未进 GA4 → Tier B"
tierA-fresh,tool,de,node-based-ai-design,/de/tools/node-based-ai-design,Node Based Ai Design | Lovart,2026-07-12,2,"WATCH: 等 Google 索引窗口, 14 天后仍未进 GA4 → Tier B"
tierA-fresh,tool,en,node-based-ai-design,/en/tools/node-based-ai-design,node based 设计 | Lovart,2026-07-12,2,"WATCH: 等 Google 索引窗口, 14 天后仍未进 GA4 → Tier B"
tierA-fresh,tool,fr,node-based-ai-design,/fr/tools/node-based-ai-design,Node Based Ai Design | Lovart,2026-07-12,2,"WATCH: 等 Google 索引窗口, 14 天后仍未进 GA4 → Tier B"
tierA-fresh,tool,it,node-based-ai-design,/it/tools/node-based-ai-design,Node Based Ai Design | Lovart,2026-07-12,2,"WATCH: 等 Google 索引窗口, 14 天后仍未进 GA4 → Tier B"
tierA-fresh,tool,ja,node-based-ai-design,/ja/tools/node-based-ai-design,ノードベースAIデザイン | ビジュアルフローで制作 | Lovart,2026-07-12,2,"WATCH: 等 Google 索引窗口, 14 天后仍未进 GA4 → Tier B"
tierA-fresh,tool,ko,node-based-ai-design,/ko/tools/node-based-ai-design,Node Based Ai Design | Lovart,2026-07-12,2,"WATCH: 等 Google 索引窗口, 14 天后仍未进 GA4 → Tier B"
tierA-fresh,tool,pt,node-based-ai-design,/pt/tools/node-based-ai-design,Node Based Ai Design | Lovart,2026-07-12,2,"WATCH: 等 Google 索引窗口, 14 天后仍未进 GA4 → Tier B"
tierA-fresh,tool,ru,node-based-ai-design,/ru/tools/node-based-ai-design,Node Based Ai Design | Lovart,2026-07-12,2,"WATCH: 等 Google 索引窗口, 14 天后仍未进 GA4 → Tier B"
tierA-fresh,tool,zh,node-based-ai-design,/zh/tools/node-based-ai-design,node based 设计 | Lovart,2026-07-12,2,"WATCH: 等 Google 索引窗口, 14 天后仍未进 GA4 → Tier B"
tierA-fresh,tool,de,on-brand-ai,/de/tools/on-brand-ai,On Brand Ai | Lovart,2026-07-12,2,"WATCH: 等 Google 索引窗口, 14 天后仍未进 GA4 → Tier B"
tierA-fresh,tool,en,on-brand-ai,/en/tools/on-brand-ai,品牌 | Lovart,2026-07-12,2,"WATCH: 等 Google 索引窗口, 14 天后仍未进 GA4 → Tier B"
tierA-fresh,tool,fr,on-brand-ai,/fr/tools/on-brand-ai,On Brand Ai | Lovart,2026-07-12,2,"WATCH: 等 Google 索引窗口, 14 天后仍未进 GA4 → Tier B"
tierA-fresh,tool,it,on-brand-ai,/it/tools/on-brand-ai,On Brand Ai | Lovart,2026-07-12,2,"WATCH: 等 Google 索引窗口, 14 天后仍未进 GA4 → Tier B"
tierA-fresh,tool,ru,on-brand-ai,/ru/tools/on-brand-ai,On Brand Ai | Lovart,2026-07-12,2,"WATCH: 等 Google 索引窗口, 14 天后仍未进 GA4 → Tier B"
tierA-fresh,tool,zh-TW,on-brand-ai,/zh-TW/tools/on-brand-ai,On Brand Ai | Lovart,2026-07-12,2,"WATCH: 等 Google 索引窗口, 14 天后仍未进 GA4 → Tier B"
tierA-fresh,tool,de,one-click-ai-design,/de/tools/one-click-ai-design,One Click Ai Design | Lovart,2026-07-12,2,"WATCH: 等 Google 索引窗口, 14 天后仍未进 GA4 → Tier B"
tierA-fresh,tool,en,one-click-ai-design,/en/tools/one-click-ai-design,one click 设计 | Lovart,2026-07-12,2,"WATCH: 等 Google 索引窗口, 14 天后仍未进 GA4 → Tier B"
tierA-fresh,tool,fr,one-click-ai-design,/fr/tools/one-click-ai-design,One Click Ai Design | Lovart,2026-07-12,2,"WATCH: 等 Google 索引窗口, 14 天后仍未进 GA4 → Tier B"
tierA-fresh,tool,it,one-click-ai-design,/it/tools/one-click-ai-design,One Click Ai Design | Lovart,2026-07-12,2,"WATCH: 等 Google 索引窗口, 14 天后仍未进 GA4 → Tier B"
tierA-fresh,tool,pt,one-click-ai-design,/pt/tools/one-click-ai-design,One Click Ai Design | Lovart,2026-07-12,2,"WATCH: 等 Google 索引窗口, 14 天后仍未进 GA4 → Tier B"
tierA-fresh,tool,ru,one-click-ai-design,/ru/tools/one-click-ai-design,One Click Ai Design | Lovart,2026-07-12,2,"WATCH: 等 Google 索引窗口, 14 天后仍未进 GA4 → Tier B"
tierA-fresh,tool,zh,one-click-ai-design,/zh/tools/one-click-ai-design,one click 设计 | Lovart,2026-07-12,2,"WATCH: 等 Google 索引窗口, 14 天后仍未进 GA4 → Tier B"
tierA-fresh,tool,zh-TW,one-click-ai-design,/zh-TW/tools/one-click-ai-design,One Click Ai Design | Lovart,2026-07-12,2,"WATCH: 等 Google 索引窗口, 14 天后仍未进 GA4 → Tier B"
tierA-fresh,tool,zh,online-ai-design,/zh/tools/online-ai-design,online 设计 | Lovart,2026-07-12,2,"WATCH: 等 Google 索引窗口, 14 天后仍未进 GA4 → Tier B"
tierA-fresh,tool,ja,online-design-platform,/ja/tools/online-design-platform,オンラインデザインツール | ブラウザでプロ品質の制作 | Lovart,2026-07-12,2,"WATCH: 等 Google 索引窗口, 14 天后仍未进 GA4 → Tier B"
tierA-fresh,tool,zh,online-design-platform,/zh/tools/online-design-platform,online 设计 平台 | Lovart,2026-07-12,2,"WATCH: 等 Google 索引窗口, 14 天后仍未进 GA4 → Tier B"
tierA-fresh,tool,en,photo-to-cartoon-ai,/en/tools/photo-to-cartoon-ai,photo cartoon | Lovart,2026-07-12,2,"WATCH: 等 Google 索引窗口, 14 天后仍未进 GA4 → Tier B"
tierA-fresh,tool,de,photoreal-ai,/de/tools/photoreal-ai,Photoreal Ai | Lovart,2026-07-12,2,"WATCH: 等 Google 索引窗口, 14 天后仍未进 GA4 → Tier B"
tierA-fresh,tool,en,photoreal-ai,/en/tools/photoreal-ai,photoreal | Lovart,2026-07-12,2,"WATCH: 等 Google 索引窗口, 14 天后仍未进 GA4 → Tier B"
tierA-fresh,tool,it,photoreal-ai,/it/tools/photoreal-ai,Photoreal Ai | Lovart,2026-07-12,2,"WATCH: 等 Google 索引窗口, 14 天后仍未进 GA4 → Tier B"
tierA-fresh,tool,ja,photoreal-ai,/ja/tools/photoreal-ai,AIフォトリアル生成 | テキストからリアル画像を Lovart,2026-07-12,2,"WATCH: 等 Google 索引窗口, 14 天后仍未进 GA4 → Tier B"
tierA-fresh,tool,ko,photoreal-ai,/ko/tools/photoreal-ai,Photoreal Ai | Lovart,2026-07-12,2,"WATCH: 等 Google 索引窗口, 14 天后仍未进 GA4 → Tier B"
tierA-fresh,tool,pt,photoreal-ai,/pt/tools/photoreal-ai,Photoreal Ai | Lovart,2026-07-12,2,"WATCH: 等 Google 索引窗口, 14 天后仍未进 GA4 → Tier B"
tierA-fresh,tool,ru,photoreal-ai,/ru/tools/photoreal-ai,Photoreal Ai | Lovart,2026-07-12,2,"WATCH: 等 Google 索引窗口, 14 天后仍未进 GA4 → Tier B"
tierA-fresh,tool,ja,photorealism-ai,/ja/tools/photorealism-ai,AIフォトリアリズム | 写真品質の画像をテキストから | Lovart,2026-07-12,2,"WATCH: 等 Google 索引窗口, 14 天后仍未进 GA4 → Tier B"
tierA-fresh,tool,zh,photorealism-ai,/zh/tools/photorealism-ai,photorealism | Lovart,2026-07-12,2,"WATCH: 等 Google 索引窗口, 14 天后仍未进 GA4 → Tier B"
tierA-fresh,tool,de,privacy-first-design,/de/tools/privacy-first-design,Privacy First Design | Lovart,2026-07-12,2,"WATCH: 等 Google 索引窗口, 14 天后仍未进 GA4 → Tier B"
tierA-fresh,tool,en,privacy-first-design,/en/tools/privacy-first-design,privacy first 设计 | Lovart,2026-07-12,2,"WATCH: 等 Google 索引窗口, 14 天后仍未进 GA4 → Tier B"
tierA-fresh,tool,it,privacy-first-design,/it/tools/privacy-first-design,Privacy First Design | Lovart,2026-07-12,2,"WATCH: 等 Google 索引窗口, 14 天后仍未进 GA4 → Tier B"
tierA-fresh,tool,ja,privacy-first-design,/ja/tools/privacy-first-design,プライバシー重視AIデザイン | データを守るAIツール | Lovart,2026-07-12,2,"WATCH: 等 Google 索引窗口, 14 天后仍未进 GA4 → Tier B"
tierA-fresh,tool,ru,privacy-first-design,/ru/tools/privacy-first-design,Privacy First Design | Lovart,2026-07-12,2,"WATCH: 等 Google 索引窗口, 14 天后仍未进 GA4 → Tier B"
tierA-fresh,tool,zh,privacy-first-design,/zh/tools/privacy-first-design,privacy first 设计 | Lovart,2026-07-12,2,"WATCH: 等 Google 索引窗口, 14 天后仍未进 GA4 → Tier B"
tierA-fresh,tool,ja,professional-ai-design,/ja/tools/professional-ai-design,プロ向けAIデザイン | エージェンシー品質の制作物 | Lovart,2026-07-12,2,"WATCH: 等 Google 索引窗口, 14 天后仍未进 GA4 → Tier B"
tierA-fresh,tool,zh,professional-ai-design,/zh/tools/professional-ai-design,professional 设计 | Lovart,2026-07-12,2,"WATCH: 等 Google 索引窗口, 14 天后仍未进 GA4 → Tier B"
tierA-fresh,tool,ja,professional-results-ai,/ja/tools/professional-results-ai,AIプロ品質出力 | デザイナー級の仕上がりを | Lovart,2026-07-12,2,"WATCH: 等 Google 索引窗口, 14 天后仍未进 GA4 → Tier B"
tierA-fresh,tool,zh,professional-results-ai,/zh/tools/professional-results-ai,professional results | Lovart,2026-07-12,2,"WATCH: 等 Google 索引窗口, 14 天后仍未进 GA4 → Tier B"
tierA-fresh,tool,de,ready-to-publish-design,/de/tools/ready-to-publish-design,Ready To Publish Design | Lovart,2026-07-12,2,"WATCH: 等 Google 索引窗口, 14 天后仍未进 GA4 → Tier B"
tierA-fresh,tool,en,ready-to-publish-design,/en/tools/ready-to-publish-design,ready publish 设计 | Lovart,2026-07-12,2,"WATCH: 等 Google 索引窗口, 14 天后仍未进 GA4 → Tier B"
tierA-fresh,tool,fr,ready-to-publish-design,/fr/tools/ready-to-publish-design,Ready To Publish Design | Lovart,2026-07-12,2,"WATCH: 等 Google 索引窗口, 14 天后仍未进 GA4 → Tier B"
tierA-fresh,tool,ja,ready-to-publish-design,/ja/tools/ready-to-publish-design,公開準備完了AI | すぐに公開できるデザインを生成 | Lovart,2026-07-12,2,"WATCH: 等 Google 索引窗口, 14 天后仍未进 GA4 → Tier B"
tierA-fresh,tool,ko,ready-to-publish-design,/ko/tools/ready-to-publish-design,Ready To Publish Design | Lovart,2026-07-12,2,"WATCH: 等 Google 索引窗口, 14 天后仍未进 GA4 → Tier B"
tierA-fresh,tool,de,real-time-ai-generation,/de/tools/real-time-ai-generation,Real Time Ai Generation | Lovart,2026-07-12,2,"WATCH: 等 Google 索引窗口, 14 天后仍未进 GA4 → Tier B"
tierA-fresh,tool,en,real-time-ai-generation,/en/tools/real-time-ai-generation,real time generation | Lovart,2026-07-12,2,"WATCH: 等 Google 索引窗口, 14 天后仍未进 GA4 → Tier B"
tierA-fresh,tool,it,real-time-ai-generation,/it/tools/real-time-ai-generation,Real Time Ai Generation | Lovart,2026-07-12,2,"WATCH: 等 Google 索引窗口, 14 天后仍未进 GA4 → Tier B"
tierA-fresh,tool,pt,real-time-ai-generation,/pt/tools/real-time-ai-generation,Real Time Ai Generation | Lovart,2026-07-12,2,"WATCH: 等 Google 索引窗口, 14 天后仍未进 GA4 → Tier B"
tierA-fresh,tool,zh,real-time-ai-generation,/zh/tools/real-time-ai-generation,real time generation | Lovart,2026-07-12,2,"WATCH: 等 Google 索引窗口, 14 天后仍未进 GA4 → Tier B"
tierA-fresh,tool,en,real-time-editing-ai,/en/tools/real-time-editing-ai,real time editing | Lovart,2026-07-12,2,"WATCH: 等 Google 索引窗口, 14 天后仍未进 GA4 → Tier B"
tierA-fresh,tool,it,real-time-editing-ai,/it/tools/real-time-editing-ai,Real Time Editing Ai | Lovart,2026-07-12,2,"WATCH: 等 Google 索引窗口, 14 天后仍未进 GA4 → Tier B"
tierA-fresh,tool,ko,real-time-editing-ai,/ko/tools/real-time-editing-ai,Real Time Editing Ai | Lovart,2026-07-12,2,"WATCH: 等 Google 索引窗口, 14 天后仍未进 GA4 → Tier B"
tierA-fresh,tool,pt,real-time-editing-ai,/pt/tools/real-time-editing-ai,Real Time Editing Ai | Lovart,2026-07-12,2,"WATCH: 等 Google 索引窗口, 14 天后仍未进 GA4 → Tier B"
tierA-fresh,tool,ru,real-time-editing-ai,/ru/tools/real-time-editing-ai,Real Time Editing Ai | Lovart,2026-07-12,2,"WATCH: 等 Google 索引窗口, 14 天后仍未进 GA4 → Tier B"
tierA-fresh,tool,zh,real-time-editing-ai,/zh/tools/real-time-editing-ai,real time editing | Lovart,2026-07-12,2,"WATCH: 等 Google 索引窗口, 14 天后仍未进 GA4 → Tier B"
tierA-fresh,tool,de,research-design-tool,/de/tools/research-design-tool,Research Design Tool | Lovart,2026-07-12,2,"WATCH: 等 Google 索引窗口, 14 天后仍未进 GA4 → Tier B"
tierA-fresh,tool,en,research-design-tool,/en/tools/research-design-tool,research 设计 tool | Lovart,2026-07-12,2,"WATCH: 等 Google 索引窗口, 14 天后仍未进 GA4 → Tier B"
tierA-fresh,tool,fr,research-design-tool,/fr/tools/research-design-tool,Research Design Tool | Lovart,2026-07-12,2,"WATCH: 等 Google 索引窗口, 14 天后仍未进 GA4 → Tier B"
tierA-fresh,tool,it,research-design-tool,/it/tools/research-design-tool,Research Design Tool | Lovart,2026-07-12,2,"WATCH: 等 Google 索引窗口, 14 天后仍未进 GA4 → Tier B"
tierA-fresh,tool,ja,research-design-tool,/ja/tools/research-design-tool,AIデザインリサーチ | 市場調査に基づくデザイン提案 | Lovart,2026-07-12,2,"WATCH: 等 Google 索引窗口, 14 天后仍未进 GA4 → Tier B"
tierA-fresh,tool,pt,research-design-tool,/pt/tools/research-design-tool,Research Design Tool | Lovart,2026-07-12,2,"WATCH: 等 Google 索引窗口, 14 天后仍未进 GA4 → Tier B"
tierA-fresh,tool,ru,research-design-tool,/ru/tools/research-design-tool,Research Design Tool | Lovart,2026-07-12,2,"WATCH: 等 Google 索引窗口, 14 天后仍未进 GA4 → Tier B"
tierA-fresh,tool,zh-TW,research-design-tool,/zh-TW/tools/research-design-tool,Research Design Tool | Lovart,2026-07-12,2,"WATCH: 等 Google 索引窗口, 14 天后仍未进 GA4 → Tier B"
tierA-fresh,tool,de,rpg-character-designer,/de/tools/rpg-character-designer,Rpg Character Designer | Lovart,2026-07-12,2,"WATCH: 等 Google 索引窗口, 14 天后仍未进 GA4 → Tier B"
tierA-fresh,tool,en,rpg-character-designer,/en/tools/rpg-character-designer,rpg character designer | Lovart,2026-07-12,2,"WATCH: 等 Google 索引窗口, 14 天后仍未进 GA4 → Tier B"
tierA-fresh,tool,fr,rpg-character-designer,/fr/tools/rpg-character-designer,Rpg Character Designer | Lovart,2026-07-12,2,"WATCH: 等 Google 索引窗口, 14 天后仍未进 GA4 → Tier B"
tierA-fresh,tool,it,rpg-character-designer,/it/tools/rpg-character-designer,Rpg Character Designer | Lovart,2026-07-12,2,"WATCH: 等 Google 索引窗口, 14 天后仍未进 GA4 → Tier B"
tierA-fresh,tool,pt,rpg-character-designer,/pt/tools/rpg-character-designer,Rpg Character Designer | Lovart,2026-07-12,2,"WATCH: 等 Google 索引窗口, 14 天后仍未进 GA4 → Tier B"
tierA-fresh,tool,zh,rpg-character-designer,/zh/tools/rpg-character-designer,rpg character designer | Lovart,2026-07-12,2,"WATCH: 等 Google 索引窗口, 14 天后仍未进 GA4 → Tier B"
tierA-fresh,tool,zh,save-time-design,/zh/tools/save-time-design,save time 设计 | Lovart,2026-07-12,2,"WATCH: 等 Google 索引窗口, 14 天后仍未进 GA4 → Tier B"
tierA-fresh,tool,en,seedream-5-ai-image-generator,/en/tools/seedream-5-ai-image-generator,seedream 5 图像 生成器 | Lovart,2026-07-12,2,"WATCH: 等 Google 索引窗口, 14 天后仍未进 GA4 → Tier B"
tierA-fresh,tool,en,simple-ai-design,/en/tools/simple-ai-design,simple 设计 | Lovart,2026-07-12,2,"WATCH: 等 Google 索引窗口, 14 天后仍未进 GA4 → Tier B"
tierA-fresh,tool,ja,simple-ai-design,/ja/tools/simple-ai-design,シンプルAIデザイン | 誰でも使える簡単デザインツール | Lovart,2026-07-12,2,"WATCH: 等 Google 索引窗口, 14 天后仍未进 GA4 → Tier B"
tierA-fresh,tool,ru,simple-ai-design,/ru/tools/simple-ai-design,Simple Ai Design | Lovart,2026-07-12,2,"WATCH: 等 Google 索引窗口, 14 天后仍未进 GA4 → Tier B"
tierA-fresh,tool,zh,simple-ai-design,/zh/tools/simple-ai-design,simple 设计 | Lovart,2026-07-12,2,"WATCH: 等 Google 索引窗口, 14 天后仍未进 GA4 → Tier B"
tierA-fresh,tool,ja,smb-ai-design,/ja/tools/smb-ai-design,中小企業向けAIデザイン | テキストで制作物を作成 | Lovart,2026-07-12,2,"WATCH: 等 Google 索引窗口, 14 天后仍未进 GA4 → Tier B"
tierA-fresh,tool,de,sora2,/de/tools/sora2,Sora2 | Lovart,2026-07-12,2,"WATCH: 等 Google 索引窗口, 14 天后仍未进 GA4 → Tier B"
tierA-fresh,tool,fr,sora2,/fr/tools/sora2,Sora2 | Lovart,2026-07-12,2,"WATCH: 等 Google 索引窗口, 14 天后仍未进 GA4 → Tier B"
tierA-fresh,tool,ja,stunning-ai-designs,/ja/tools/stunning-ai-designs,AIで美しいデザイン | テキストから魅力的なビジュアル | Lovart,2026-07-12,2,"WATCH: 等 Google 索引窗口, 14 天后仍未进 GA4 → Tier B"
tierA-fresh,tool,de,swap-to-video,/de/tools/swap-to-video,Swap To Video | Lovart,2026-07-12,2,"WATCH: 等 Google 索引窗口, 14 天后仍未进 GA4 → Tier B"
tierA-fresh,tool,fr,swap-to-video,/fr/tools/swap-to-video,Swap To Video | Lovart,2026-07-12,2,"WATCH: 等 Google 索引窗口, 14 天后仍未进 GA4 → Tier B"
tierA-fresh,tool,de,team-collaboration-design,/de/tools/team-collaboration-design,Team Collaboration Design | Lovart,2026-07-12,2,"WATCH: 等 Google 索引窗口, 14 天后仍未进 GA4 → Tier B"
tierA-fresh,tool,en,team-collaboration-design,/en/tools/team-collaboration-design,team collaboration 设计 | Lovart,2026-07-12,2,"WATCH: 等 Google 索引窗口, 14 天后仍未进 GA4 → Tier B"
tierA-fresh,tool,ja,team-collaboration-design,/ja/tools/team-collaboration-design,Team Collaboration Design | Lovart,2026-07-12,2,"WATCH: 等 Google 索引窗口, 14 天后仍未进 GA4 → Tier B"
tierA-fresh,tool,pt,team-collaboration-design,/pt/tools/team-collaboration-design,Team Collaboration Design | Lovart,2026-07-12,2,"WATCH: 等 Google 索引窗口, 14 天后仍未进 GA4 → Tier B"
tierA-fresh,tool,ru,team-collaboration-design,/ru/tools/team-collaboration-design,Team Collaboration Design | Lovart,2026-07-12,2,"WATCH: 等 Google 索引窗口, 14 天后仍未进 GA4 → Tier B"
tierA-fresh,tool,zh,team-workspace-design,/zh/tools/team-workspace-design,team workspace 设计 | Lovart,2026-07-12,2,"WATCH: 等 Google 索引窗口, 14 天后仍未进 GA4 → Tier B"
tierA-fresh,tool,en,text-to-image-generator,/en/tools/text-to-image-generator,text 图像 生成器 | Lovart,2026-07-12,2,"WATCH: 等 Google 索引窗口, 14 天后仍未进 GA4 → Tier B"
tierA-fresh,tool,en,text-to-video-ai,/en/tools/text-to-video-ai,text 视频 | Lovart,2026-07-12,2,"WATCH: 等 Google 索引窗口, 14 天后仍未进 GA4 → Tier B"
tierA-fresh,tool,de,turn-ideas-into-designs,/de/tools/turn-ideas-into-designs,Turn Ideas Into Designs | Lovart,2026-07-12,2,"WATCH: 等 Google 索引窗口, 14 天后仍未进 GA4 → Tier B"
tierA-fresh,tool,en,turn-ideas-into-designs,/en/tools/turn-ideas-into-designs,turn ideas into designs | Lovart,2026-07-12,2,"WATCH: 等 Google 索引窗口, 14 天后仍未进 GA4 → Tier B"
tierA-fresh,tool,fr,turn-ideas-into-designs,/fr/tools/turn-ideas-into-designs,Turn Ideas Into Designs | Lovart,2026-07-12,2,"WATCH: 等 Google 索引窗口, 14 天后仍未进 GA4 → Tier B"
tierA-fresh,tool,it,turn-ideas-into-designs,/it/tools/turn-ideas-into-designs,Turn Ideas Into Designs | Lovart,2026-07-12,2,"WATCH: 等 Google 索引窗口, 14 天后仍未进 GA4 → Tier B"
tierA-fresh,tool,ja,turn-ideas-into-designs,/ja/tools/turn-ideas-into-designs,Turn Ideas Into Designs | Lovart,2026-07-12,2,"WATCH: 等 Google 索引窗口, 14 天后仍未进 GA4 → Tier B"
tierA-fresh,tool,ko,turn-ideas-into-designs,/ko/tools/turn-ideas-into-designs,Turn Ideas Into Designs | Lovart,2026-07-12,2,"WATCH: 等 Google 索引窗口, 14 天后仍未进 GA4 → Tier B"
tierA-fresh,tool,pt,turn-ideas-into-designs,/pt/tools/turn-ideas-into-designs,Turn Ideas Into Designs | Lovart,2026-07-12,2,"WATCH: 等 Google 索引窗口, 14 天后仍未进 GA4 → Tier B"
tierA-fresh,tool,ru,turn-ideas-into-designs,/ru/tools/turn-ideas-into-designs,Turn Ideas Into Designs | Lovart,2026-07-12,2,"WATCH: 等 Google 索引窗口, 14 天后仍未进 GA4 → Tier B"
tierA-fresh,tool,zh-TW,turn-ideas-into-designs,/zh-TW/tools/turn-ideas-into-designs,Turn Ideas Into Designs | Lovart,2026-07-12,2,"WATCH: 等 Google 索引窗口, 14 天后仍未进 GA4 → Tier B"
tierA-fresh,tool,en,veo-3,/en/tools/veo-3,veo | Lovart,2026-07-12,2,"WATCH: 等 Google 索引窗口, 14 天后仍未进 GA4 → Tier B"
tierA-fresh,tool,de,veo3.1,/de/tools/veo3.1,Veo3.1 | Lovart,2026-07-12,2,"WATCH: 等 Google 索引窗口, 14 天后仍未进 GA4 → Tier B"
tierA-fresh,tool,fr,veo3.1,/fr/tools/veo3.1,Veo3.1 | Lovart,2026-07-12,2,"WATCH: 等 Google 索引窗口, 14 天后仍未进 GA4 → Tier B"
tierA-fresh,tool,zh,web-app-ai-design,/zh/tools/web-app-ai-design,web 应用 设计 | Lovart,2026-07-12,2,"WATCH: 等 Google 索引窗口, 14 天后仍未进 GA4 → Tier B"
tierA-fresh,tool,de,windows-ai-design,/de/tools/windows-ai-design,Windows Ai Design | Lovart,2026-07-12,2,"WATCH: 等 Google 索引窗口, 14 天后仍未进 GA4 → Tier B"
tierA-fresh,tool,en,windows-ai-design,/en/tools/windows-ai-design,windows 设计 | Lovart,2026-07-12,2,"WATCH: 等 Google 索引窗口, 14 天后仍未进 GA4 → Tier B"
tierA-fresh,tool,fr,windows-ai-design,/fr/tools/windows-ai-design,Windows Ai Design | Lovart,2026-07-12,2,"WATCH: 等 Google 索引窗口, 14 天后仍未进 GA4 → Tier B"
tierA-fresh,tool,it,windows-ai-design,/it/tools/windows-ai-design,Windows Ai Design | Lovart,2026-07-12,2,"WATCH: 等 Google 索引窗口, 14 天后仍未进 GA4 → Tier B"
tierA-fresh,tool,ja,windows-ai-design,/ja/tools/windows-ai-design,Windows Ai Design | Lovart,2026-07-12,2,"WATCH: 等 Google 索引窗口, 14 天后仍未进 GA4 → Tier B"
tierA-fresh,tool,pt,windows-ai-design,/pt/tools/windows-ai-design,Windows Ai Design | Lovart,2026-07-12,2,"WATCH: 等 Google 索引窗口, 14 天后仍未进 GA4 → Tier B"
tierA-fresh,tool,ru,windows-ai-design,/ru/tools/windows-ai-design,Windows Ai Design | Lovart,2026-07-12,2,"WATCH: 等 Google 索引窗口, 14 天后仍未进 GA4 → Tier B"
tierA-fresh,feature,de,edit-ai-generated-images,/de/features/edit-ai-generated-images,Präzise Steuerung: KI-Bilder sofort mit Lovart Agent bearbeiten,2026-07-08,6,"WATCH: 等 Google 索引窗口, 14 天后仍未进 GA4 → Tier B"
tierA-fresh,feature,fr,edit-ai-generated-images,/fr/features/edit-ai-generated-images,Contrôle précis : éditez vos images IA instantanément avec Lovart Agent,2026-07-08,6,"WATCH: 等 Google 索引窗口, 14 天后仍未进 GA4 → Tier B"
tierA-fresh,feature,it,edit-ai-generated-images,/it/features/edit-ai-generated-images,Controllo preciso: modifica immagini IA con Lovart Agent,2026-07-08,6,"WATCH: 等 Google 索引窗口, 14 天后仍未进 GA4 → Tier B"
tierA-fresh,feature,ja,edit-ai-generated-images,/ja/features/edit-ai-generated-images,LovartエージェントでAI画像を瞬時に編集,2026-07-08,6,"WATCH: 等 Google 索引窗口, 14 天后仍未进 GA4 → Tier B"
tierA-fresh,feature,ko,edit-ai-generated-images,/ko/features/edit-ai-generated-images,러바트 에이전트로 AI 이미지 즉시 수정,2026-07-08,6,"WATCH: 等 Google 索引窗口, 14 天后仍未进 GA4 → Tier B"
tierA-fresh,feature,pt,edit-ai-generated-images,/pt/features/edit-ai-generated-images,Edite imagens geradas por IA com o Agente Lovart,2026-07-08,6,"WATCH: 等 Google 索引窗口, 14 天后仍未进 GA4 → Tier B"
tierA-fresh,feature,ru,edit-ai-generated-images,/ru/features/edit-ai-generated-images,Точный контроль: редактируйте изображения ИИ мгновенно с Lovart,2026-07-08,6,"WATCH: 等 Google 索引窗口, 14 天后仍未进 GA4 → Tier B"
tierA-fresh,feature,en,magazine-layout-design,/en/features/magazine-layout-design,Professional Magazine Layout Design Tool | AI-Powered Magazine Design Software,2026-06-30,14,"WATCH: 等 Google 索引窗口, 14 天后仍未进 GA4 → Tier B"
tierB-activate,feature,en,ai-video-prompt-generator-veo-sora,/en/features/ai-video-prompt-generator-veo-sora,AI Video Prompt Generator: Craft Cinematic Scenes for Veo & Sora | Lovart,2026-06-04,40,PATCH: 在 /inspiration 和 1-2 个相关 tools 加 cross-link entry; push IndexNow
tierB-activate,feature,de,amazon-listing-image-generator,/de/features/amazon-listing-image-generator,Bester KI-Amazon-Listing-Bildgenerator,2026-05-18,57,PATCH: 在 /inspiration 和 1-2 个相关 tools 加 cross-link entry; push IndexNow
tierB-activate,feature,fr,amazon-listing-image-generator,/fr/features/amazon-listing-image-generator,Générateur d'images IA pour Amazon,2026-05-18,57,PATCH: 在 /inspiration 和 1-2 个相关 tools 加 cross-link entry; push IndexNow
tierB-activate,feature,it,amazon-listing-image-generator,/it/features/amazon-listing-image-generator,Miglior generatore di immagini IA per Amazon,2026-05-18,57,PATCH: 在 /inspiration 和 1-2 个相关 tools 加 cross-link entry; push IndexNow
tierB-activate,feature,ja,amazon-listing-image-generator,/ja/features/amazon-listing-image-generator,最適AI商品画像生成ツール,2026-05-18,57,PATCH: 在 /inspiration 和 1-2 个相关 tools 加 cross-link entry; push IndexNow
tierB-activate,feature,ko,amazon-listing-image-generator,/ko/features/amazon-listing-image-generator,최고의 AI 아마존 리스팅 이미지 생성기,2026-05-18,57,PATCH: 在 /inspiration 和 1-2 个相关 tools 加 cross-link entry; push IndexNow
tierB-activate,feature,pt,amazon-listing-image-generator,/pt/features/amazon-listing-image-generator,Melhor Gerador de Imagens com IA para Listagens Amazon,2026-05-18,57,PATCH: 在 /inspiration 和 1-2 个相关 tools 加 cross-link entry; push IndexNow
tierB-activate,feature,ru,amazon-listing-image-generator,/ru/features/amazon-listing-image-generator,Лучший генератор изображений для Amazon на ИИ,2026-05-18,57,PATCH: 在 /inspiration 和 1-2 个相关 tools 加 cross-link entry; push IndexNow
tierB-activate,feature,zh-TW,product-catalog-design,/zh-TW/features/product-catalog-design,用AI製作暢銷產品型錄｜各行各業都適用,2026-06-21,23,PATCH: 在 /inspiration 和 1-2 个相关 tools 加 cross-link entry; push IndexNow
tierB-activate,feature,en,seedance-2-0-ai-video-generator,/en/features/seedance-2-0-ai-video-generator,Seedance 2.0 AI Video Generator: Native Audio & Multi-Shot Consistency | Lovart,2026-05-27,48,PATCH: 在 /inspiration 和 1-2 个相关 tools 加 cross-link entry; push IndexNow
tierB-activate,feature,fr,seedance-2-0-ai-video-generator,/fr/features/seedance-2-0-ai-video-generator,Générateur vidéo IA Seedance 2.0 : audio natif et cohérence multi-plan | Lovart,2026-05-27,48,PATCH: 在 /inspiration 和 1-2 个相关 tools 加 cross-link entry; push IndexNow
tierB-activate,feature,it,seedance-2-0-ai-video-generator,/it/features/seedance-2-0-ai-video-generator,Seedance 2.0 IA: Audio nativo e coerenza multi-inquadratura | Lovart,2026-05-27,48,PATCH: 在 /inspiration 和 1-2 个相关 tools 加 cross-link entry; push IndexNow
tierB-activate,feature,ja,seedance-2-0-ai-video-generator,/ja/features/seedance-2-0-ai-video-generator,Lovartの新AI動画生成：ネイティブ音声とマルチショット一貫性,2026-05-27,48,PATCH: 在 /inspiration 和 1-2 个相关 tools 加 cross-link entry; push IndexNow
tierB-activate,feature,ko,seedance-2-0-ai-video-generator,/ko/features/seedance-2-0-ai-video-generator,시던스 2.0 AI 영상 생성: 네이티브 오디오 & 멀티샷 일관성 | Lovart,2026-05-27,48,PATCH: 在 /inspiration 和 1-2 个相关 tools 加 cross-link entry; push IndexNow
tierB-activate,feature,pt,seedance-2-0-ai-video-generator,/pt/features/seedance-2-0-ai-video-generator,Gerador de Vídeo IA Seedance 2.0: Áudio Nativo e Consistência | Lovart,2026-05-27,48,PATCH: 在 /inspiration 和 1-2 个相关 tools 加 cross-link entry; push IndexNow
tierB-activate,feature,ru,seedance-2-0-ai-video-generator,/ru/features/seedance-2-0-ai-video-generator,Генератор видео Seedance 2.0: ИИ-аудио и согласованность кадров | Lovart,2026-05-27,48,PATCH: 在 /inspiration 和 1-2 个相关 tools 加 cross-link entry; push IndexNow
tierB-activate,feature,en,video-background-remover,/en/features/video-background-remover,Free AI Video Background Remover | Transparent Video | Lovart,2026-06-13,31,PATCH: 在 /inspiration 和 1-2 个相关 tools 加 cross-link entry; push IndexNow
tierB-activate,feature,fr,video-background-remover,/fr/features/video-background-remover,Supprimez l’arrière-plan vidéo avec IA | Lovart,2026-06-13,31,PATCH: 在 /inspiration 和 1-2 个相关 tools 加 cross-link entry; push IndexNow
tierB-activate,feature,it,video-background-remover,/it/features/video-background-remover,Rimuovi sfondi video gratis con IA | Lovart,2026-06-13,31,PATCH: 在 /inspiration 和 1-2 个相关 tools 加 cross-link entry; push IndexNow
tierB-activate,feature,ja,video-background-remover,/ja/features/video-background-remover,無料AI動画背景削除｜透明動画｜Lovart,2026-06-13,31,PATCH: 在 /inspiration 和 1-2 个相关 tools 加 cross-link entry; push IndexNow
tierB-activate,feature,ko,video-background-remover,/ko/features/video-background-remover,무료 AI 영상 배경 제거 | 투명 영상 | Lovart,2026-06-13,31,PATCH: 在 /inspiration 和 1-2 个相关 tools 加 cross-link entry; push IndexNow
tierB-activate,feature,pt,video-background-remover,/pt/features/video-background-remover,Removedor de Fundo de Vídeo com IA | Vídeo Transparente | Lovart,2026-06-13,31,PATCH: 在 /inspiration 和 1-2 个相关 tools 加 cross-link entry; push IndexNow
tierB-activate,feature,ru,video-background-remover,/ru/features/video-background-remover,Бесплатный ИИ-удаление фона видео | Прозрачное видео | Lovart,2026-06-13,31,PATCH: 在 /inspiration 和 1-2 个相关 tools 加 cross-link entry; push IndexNow
tierB-activate,feature,de,seedance-2-0-ai-video-generator,/de/features/seedance-2-0-ai-video-generator,Lovart: Seedance 2.0 KI-Videogenerator mit Audio & Multi-Shot-Konsistenz,2026-05-27,48,PATCH: 在 /inspiration 和 1-2 个相关 tools 加 cross-link entry; push IndexNow
tierB-activate,tool,zh-TW,ai-post-generator,/zh-TW/tools/ai-post-generator,人工智慧社群媒體貼文產生器 |為所有平台建立貼文 |洛瓦特,2026-06-03,41,PATCH: 在 /inspiration 和 1-2 个相关 tools 加 cross-link entry; push IndexNow
tierB-activate,tool,de,video-generator,/de/tools/video-generator,KI-Videogenerator | Erstellen Sie kanalbereite Videoanzeigen | Lovart,2026-05-22,53,PATCH: 在 /inspiration 和 1-2 个相关 tools 加 cross-link entry; push IndexNow
tierB-activate,tool,fr,video-generator,/fr/tools/video-generator,Générateur vidéo IA | Créer des publicités vidéo prêtes pour la chaîne | Lovart,2026-05-22,53,PATCH: 在 /inspiration 和 1-2 个相关 tools 加 cross-link entry; push IndexNow
tierB-activate,tool,it,video-generator,/it/tools/video-generator,Generatore video AI | Crea annunci video pronti per il canale | Lovart,2026-05-22,53,PATCH: 在 /inspiration 和 1-2 个相关 tools 加 cross-link entry; push IndexNow
tierB-activate,tool,ja,video-generator,/ja/tools/video-generator,AI Video Generator |チャンネル対応の動画広告を作成する |ロヴァート,2026-05-22,53,PATCH: 在 /inspiration 和 1-2 个相关 tools 加 cross-link entry; push IndexNow
tierB-activate,tool,ko,video-generator,/ko/tools/video-generator,AI 영상 생성기 | 채널용 비디오 광고 만들기 | 로바트,2026-05-22,53,PATCH: 在 /inspiration 和 1-2 个相关 tools 加 cross-link entry; push IndexNow
tierB-activate,tool,pt,video-generator,/pt/tools/video-generator,Gerador de vídeo AI | Crie anúncios em vídeo prontos para o canal | Lovart,2026-05-22,53,PATCH: 在 /inspiration 和 1-2 个相关 tools 加 cross-link entry; push IndexNow
tierB-activate,tool,ru,video-generator,/ru/tools/video-generator,"Видеогенератор AI | Создание видеообъявлений, готовых для канала | Ловарт",2026-05-22,53,PATCH: 在 /inspiration 和 1-2 个相关 tools 加 cross-link entry; push IndexNow
tierB-activate,feature,de,video-background-remover,/de/features/video-background-remover,Kostenloser KI-Video-Hintergrundentferner | Transparente Videos | Lovart,2026-06-13,31,PATCH: 在 /inspiration 和 1-2 个相关 tools 加 cross-link entry; push IndexNow
tierC-diagnose,tool,en,image-to-3d-ai,/en/tools/image-to-3d-ai,Image to 3D AI: Professional image to 3d ai with AI | Lovart,2024-09-03,679,PATCH: 检查 SEO meta (title/desc/og) 是否合规; 评估是否在相关 tools 页交叉链接; push IndexNow
tierC-diagnose,tool,en,ai-wireframe-generator,/en/tools/ai-wireframe-generator,AI Wireframe Generator: Professional wireframe generator with AI | Lovart,2024-09-07,675,PATCH: 检查 SEO meta (title/desc/og) 是否合规; 评估是否在相关 tools 页交叉链接; push IndexNow
tierC-diagnose,tool,en,ai-voice-generator-free,/en/tools/ai-voice-generator-free,AI Voice Generator Free: Professional voice generator free with AI | Lovart,2024-09-08,674,PATCH: 检查 SEO meta (title/desc/og) 是否合规; 评估是否在相关 tools 页交叉链接; push IndexNow
tierC-diagnose,tool,en,ai-virtual-try-on,/en/tools/ai-virtual-try-on,AI Virtual Try on: Professional virtual try on with AI | Lovart,2024-09-09,673,PATCH: 检查 SEO meta (title/desc/og) 是否合规; 评估是否在相关 tools 页交叉链接; push IndexNow
tierC-diagnose,tool,en,ai-video-to-gif,/en/tools/ai-video-to-gif,AI Video to Gif: Professional video to gif with AI | Lovart,2024-09-10,672,PATCH: 检查 SEO meta (title/desc/og) 是否合规; 评估是否在相关 tools 页交叉链接; push IndexNow
tierC-diagnose,tool,en,ai-video-merger,/en/tools/ai-video-merger,AI Video Merger: Professional video merger with AI | Lovart,2024-09-11,671,PATCH: 检查 SEO meta (title/desc/og) 是否合规; 评估是否在相关 tools 页交叉链接; push IndexNow
tierC-diagnose,tool,en,ai-video-generator-for-education,/en/tools/ai-video-generator-for-education,AI Video Generator For Education: Professional video generator for education with AI | Lovart,2024-09-16,666,PATCH: 检查 SEO meta (title/desc/og) 是否合规; 评估是否在相关 tools 页交叉链接; push IndexNow
tierC-diagnose,tool,en,ai-video-generator-app,/en/tools/ai-video-generator-app,AI Video Generator App: Professional video generator app with AI | Lovart,2024-09-18,664,PATCH: 检查 SEO meta (title/desc/og) 是否合规; 评估是否在相关 tools 页交叉链接; push IndexNow
tierC-diagnose,tool,en,ai-video-cutter,/en/tools/ai-video-cutter,AI Video Cutter: Professional video cutter with AI | Lovart,2024-09-23,659,PATCH: 检查 SEO meta (title/desc/og) 是否合规; 评估是否在相关 tools 页交叉链接; push IndexNow
tierC-diagnose,tool,en,ai-storefront-designer,/en/tools/ai-storefront-designer,AI Storefront Designer: Professional storefront designer with AI | Lovart,2024-09-28,654,PATCH: 检查 SEO meta (title/desc/og) 是否合规; 评估是否在相关 tools 页交叉链接; push IndexNow
tierC-diagnose,tool,en,ai-social-media-tool-for-business,/en/tools/ai-social-media-tool-for-business,AI Social Media Tool For Business: Professional social media tool for business with AI | Lovart,2024-09-29,653,PATCH: 检查 SEO meta (title/desc/og) 是否合规; 评估是否在相关 tools 页交叉链接; push IndexNow
tierC-diagnose,tool,en,ai-social-media-calendar,/en/tools/ai-social-media-calendar,AI Social Media Calendar: Professional social media calendar with AI | Lovart,2024-09-30,652,PATCH: 检查 SEO meta (title/desc/og) 是否合规; 评估是否在相关 tools 页交叉链接; push IndexNow
tierC-diagnose,tool,en,ai-resume-builder-free,/en/tools/ai-resume-builder-free,AI Resume Builder Free: Professional resume builder free with AI | Lovart,2024-10-03,649,PATCH: 检查 SEO meta (title/desc/og) 是否合规; 评估是否在相关 tools 页交叉链接; push IndexNow
tierC-diagnose,tool,en,ai-portrait-generator,/en/tools/ai-portrait-generator,AI Portrait Generator: Professional portrait generator with AI | Lovart,2024-10-07,645,PATCH: 检查 SEO meta (title/desc/og) 是否合规; 评估是否在相关 tools 页交叉链接; push IndexNow
tierC-diagnose,tool,en,ai-picture-generator,/en/tools/ai-picture-generator,AI Picture Generator: Create Original Images from Text | Lovart,2024-10-08,644,PATCH: 检查 SEO meta (title/desc/og) 是否合规; 评估是否在相关 tools 页交叉链接; push IndexNow
tierC-diagnose,tool,en,ai-photo-editor-download,/en/tools/ai-photo-editor-download,AI Photo Editor Download: Professional photo editor download with AI | Lovart,2024-10-12,640,PATCH: 检查 SEO meta (title/desc/og) 是否合规; 评估是否在相关 tools 页交叉链接; push IndexNow
tierC-diagnose,tool,en,ai-music-generator-free,/en/tools/ai-music-generator-free,AI Music Generator Free: Professional music generator free with AI | Lovart,2024-10-14,638,PATCH: 检查 SEO meta (title/desc/og) 是否合规; 评估是否在相关 tools 页交叉链接; push IndexNow
tierC-diagnose,tool,en,ai-model-generator,/en/tools/ai-model-generator,AI Model Generator: Professional model generator with AI | Lovart,2024-10-15,637,PATCH: 检查 SEO meta (title/desc/og) 是否合规; 评估是否在相关 tools 页交叉链接; push IndexNow
tierC-diagnose,tool,en,ai-marketing-design-tutorial,/en/tools/ai-marketing-design-tutorial,AI Marketing Design Tutorial: Professional marketing design tutorial with AI | Lovart,2024-10-17,635,PATCH: 检查 SEO meta (title/desc/og) 是否合规; 评估是否在相关 tools 页交叉链接; push IndexNow
tierC-diagnose,tool,en,ai-invoice-generator,/en/tools/ai-invoice-generator,AI Invoice Generator: Professional invoice generator with AI | Lovart,2024-10-22,630,PATCH: 检查 SEO meta (title/desc/og) 是否合规; 评估是否在相关 tools 页交叉链接; push IndexNow
tierC-diagnose,tool,en,ai-image-to-sketch,/en/tools/ai-image-to-sketch,AI Image to Sketch: Professional image to sketch with AI | Lovart,2024-10-23,629,PATCH: 检查 SEO meta (title/desc/og) 是否合规; 评估是否在相关 tools 页交叉链接; push IndexNow
tierC-diagnose,tool,en,ai-image-restorer,/en/tools/ai-image-restorer,AI Image Restorer: Professional image restorer with AI | Lovart,2024-10-24,628,PATCH: 检查 SEO meta (title/desc/og) 是否合规; 评估是否在相关 tools 页交叉链接; push IndexNow
tierC-diagnose,tool,en,ai-image-editor-api,/en/tools/ai-image-editor-api,AI Image Editor Api: Professional image editor api with AI | Lovart,2024-10-31,621,PATCH: 检查 SEO meta (title/desc/og) 是否合规; 评估是否在相关 tools 页交叉链接; push IndexNow
tierC-diagnose,tool,en,ai-image-colorizer,/en/tools/ai-image-colorizer,AI Image Colorizer: Professional image colorizer with AI | Lovart,2024-11-01,620,PATCH: 检查 SEO meta (title/desc/og) 是否合规; 评估是否在相关 tools 页交叉链接; push IndexNow
tierC-diagnose,tool,en,ai-gender-swap-tool,/en/tools/ai-gender-swap-tool,AI Gender Swap Tool: Professional gender swap tool with AI | Lovart,2024-11-03,618,PATCH: 检查 SEO meta (title/desc/og) 是否合规; 评估是否在相关 tools 页交叉链接; push IndexNow
tierC-diagnose,tool,en,ai-fashion-model-generator,/en/tools/ai-fashion-model-generator,AI Fashion Model Generator: Professional fashion model generator with AI | Lovart,2024-11-04,617,PATCH: 检查 SEO meta (title/desc/og) 是否合规; 评估是否在相关 tools 页交叉链接; push IndexNow
tierC-diagnose,tool,en,ai-face-swap-free,/en/tools/ai-face-swap-free,AI Face Swap Free: Professional face swap free with AI | Lovart,2024-11-06,615,PATCH: 检查 SEO meta (title/desc/og) 是否合规; 评估是否在相关 tools 页交叉链接; push IndexNow
tierC-diagnose,tool,en,ai-face-enhancer,/en/tools/ai-face-enhancer,AI Face Enhancer: Professional face enhancer with AI | Lovart,2024-11-07,614,PATCH: 检查 SEO meta (title/desc/og) 是否合规; 评估是否在相关 tools 页交叉链接; push IndexNow
tierC-diagnose,tool,en,ai-creative-tool-for-enterprise,/en/tools/ai-creative-tool-for-enterprise,AI Creative Tool For Enterprise: Professional creative tool for enterprise with AI | Lovart,2024-11-11,610,PATCH: 检查 SEO meta (title/desc/og) 是否合规; 评估是否在相关 tools 页交叉链接; push IndexNow
tierC-diagnose,tool,en,ai-concept-art-generator,/en/tools/ai-concept-art-generator,AI Concept Art Generator: Professional concept art generator with AI | Lovart,2024-11-12,609,PATCH: 检查 SEO meta (title/desc/og) 是否合规; 评估是否在相关 tools 页交叉链接; push IndexNow
tierC-diagnose,tool,en,ai-body-generator,/en/tools/ai-body-generator,AI Body Generator: Professional body generator with AI | Lovart,2024-11-14,607,PATCH: 检查 SEO meta (title/desc/og) 是否合规; 评估是否在相关 tools 页交叉链接; push IndexNow
tierC-diagnose,tool,en,ai-3d-model-generator-free,/en/tools/ai-3d-model-generator-free,AI 3D Model Generator Free: Professional 3d model generator free with AI | Lovart,2024-11-18,603,PATCH: 检查 SEO meta (title/desc/og) 是否合规; 评估是否在相关 tools 页交叉链接; push IndexNow
tierC-diagnose,tool,ko,professional-results-ai,/ko/tools/professional-results-ai,[KO] Professional Results with AI — Designer-Quality Output | Lovart,2024-11-21,600,PATCH: 检查 SEO meta (title/desc/og) 是否合规; 评估是否在相关 tools 页交叉链接; push IndexNow
tierC-diagnose,tool,pt,professional-results-ai,/pt/tools/professional-results-ai,[PT] Professional Results with AI — Designer-Quality Output | Lovart,2024-11-21,600,PATCH: 检查 SEO meta (title/desc/og) 是否合规; 评估是否在相关 tools 页交叉链接; push IndexNow
tierC-diagnose,tool,ru,professional-results-ai,/ru/tools/professional-results-ai,[RU] Professional Results with AI — Designer-Quality Output | Lovart,2024-11-21,600,PATCH: 检查 SEO meta (title/desc/og) 是否合规; 评估是否在相关 tools 页交叉链接; push IndexNow
tierC-diagnose,tool,zh-TW,professional-results-ai,/zh-TW/tools/professional-results-ai,[ZH-TW] Professional Results with AI — Designer-Quality Output | Lovart,2024-11-21,600,PATCH: 检查 SEO meta (title/desc/og) 是否合规; 评估是否在相关 tools 页交叉链接; push IndexNow
tierC-diagnose,tool,en,ai-stock-image-free,/en/tools/ai-stock-image-free,Free AI Stock Images — Royalty-Free Generated Photos | Lovart,2024-12-13,578,PATCH: 检查 SEO meta (title/desc/og) 是否合规; 评估是否在相关 tools 页交叉链接; push IndexNow
tierC-diagnose,tool,en,ai-restaurant-menu,/en/tools/ai-restaurant-menu,AI Restaurant Menu Maker — Design Professional Menus | Lovart,2024-12-15,576,PATCH: 检查 SEO meta (title/desc/og) 是否合规; 评估是否在相关 tools 页交叉链接; push IndexNow
tierC-diagnose,tool,de,ai-poster-creator,/de/tools/ai-poster-creator,[DE] AI Poster Creator — Design Professional Posters | Lovart,2024-12-18,573,PATCH: 检查 SEO meta (title/desc/og) 是否合规; 评估是否在相关 tools 页交叉链接; push IndexNow
tierC-diagnose,tool,fr,ai-poster-creator,/fr/tools/ai-poster-creator,[FR] AI Poster Creator — Design Professional Posters | Lovart,2024-12-18,573,PATCH: 检查 SEO meta (title/desc/og) 是否合规; 评估是否在相关 tools 页交叉链接; push IndexNow
tierC-diagnose,tool,it,ai-poster-creator,/it/tools/ai-poster-creator,[IT] AI Poster Creator — Design Professional Posters | Lovart,2024-12-18,573,PATCH: 检查 SEO meta (title/desc/og) 是否合规; 评估是否在相关 tools 页交叉链接; push IndexNow
tierC-diagnose,tool,ko,ai-poster-creator,/ko/tools/ai-poster-creator,[KO] AI Poster Creator — Design Professional Posters | Lovart,2024-12-18,573,PATCH: 检查 SEO meta (title/desc/og) 是否合规; 评估是否在相关 tools 页交叉链接; push IndexNow
tierC-diagnose,tool,ru,ai-poster-creator,/ru/tools/ai-poster-creator,[RU] AI Poster Creator — Design Professional Posters | Lovart,2024-12-18,573,PATCH: 检查 SEO meta (title/desc/og) 是否合规; 评估是否在相关 tools 页交叉链接; push IndexNow
tierC-diagnose,tool,de,ai-crisis-communication,/de/tools/ai-crisis-communication,[DE] AI Crisis Communication Template — Emergency Response Documents | Lovart,2024-12-27,564,PATCH: 检查 SEO meta (title/desc/og) 是否合规; 评估是否在相关 tools 页交叉链接; push IndexNow
tierC-diagnose,tool,it,ai-crisis-communication,/it/tools/ai-crisis-communication,[IT] AI Crisis Communication Template — Emergency Response Documents | Lovart,2024-12-27,564,PATCH: 检查 SEO meta (title/desc/og) 是否合规; 评估是否在相关 tools 页交叉链接; push IndexNow
tierC-diagnose,tool,ko,ai-crisis-communication,/ko/tools/ai-crisis-communication,[KO] AI Crisis Communication Template — Emergency Response Documents | Lovart,2024-12-27,564,PATCH: 检查 SEO meta (title/desc/og) 是否合规; 评估是否在相关 tools 页交叉链接; push IndexNow
tierC-diagnose,tool,pt,ai-crisis-communication,/pt/tools/ai-crisis-communication,[PT] AI Crisis Communication Template — Emergency Response Documents | Lovart,2024-12-27,564,PATCH: 检查 SEO meta (title/desc/og) 是否合规; 评估是否在相关 tools 页交叉链接; push IndexNow
tierC-diagnose,tool,ru,ai-crisis-communication,/ru/tools/ai-crisis-communication,[RU] AI Crisis Communication Template — Emergency Response Documents | Lovart,2024-12-27,564,PATCH: 检查 SEO meta (title/desc/og) 是否合规; 评估是否在相关 tools 页交叉链接; push IndexNow
tierC-diagnose,tool,zh-TW,ai-crisis-communication,/zh-TW/tools/ai-crisis-communication,[ZH-TW] AI Crisis Communication Template — Emergency Response Documents | Lovart,2024-12-27,564,PATCH: 检查 SEO meta (title/desc/og) 是否合规; 评估是否在相关 tools 页交叉链接; push IndexNow
tierC-diagnose,tool,en,veo3.1,/en/tools/veo3.1,Veo 3.1 AI Video Generator | Realistic Motion Video Creation | Lovart,2024-12-29,562,PATCH: 检查 SEO meta (title/desc/og) 是否合规; 评估是否在相关 tools 页交叉链接; push IndexNow
tierC-diagnose,tool,it,veo3.1,/it/tools/veo3.1,Generatore video AI Veo 3.1 | Creazione di video in movimento realistici | Lovart,2024-12-29,562,PATCH: 检查 SEO meta (title/desc/og) 是否合规; 评估是否在相关 tools 页交叉链接; push IndexNow
tierC-diagnose,tool,ja,veo3.1,/ja/tools/veo3.1,Veo 3.1 AI ビデオ ジェネレーター |リアルなモーションビデオの作成 |ロヴァート,2024-12-29,562,PATCH: 检查 SEO meta (title/desc/og) 是否合规; 评估是否在相关 tools 页交叉链接; push IndexNow
tierC-diagnose,tool,ko,veo3.1,/ko/tools/veo3.1,Veo 3.1 AI 비디오 생성기 | 실감나는 모션 비디오 제작 | 로바트,2024-12-29,562,PATCH: 检查 SEO meta (title/desc/og) 是否合规; 评估是否在相关 tools 页交叉链接; push IndexNow
tierC-diagnose,tool,pt,veo3.1,/pt/tools/veo3.1,Gerador de vídeo AI Veo 3.1 | Criação de vídeo em movimento realista | Lovart,2024-12-29,562,PATCH: 检查 SEO meta (title/desc/og) 是否合规; 评估是否在相关 tools 页交叉链接; push IndexNow
tierC-diagnose,tool,ru,veo3.1,/ru/tools/veo3.1,Veo 3.1 AI-видеогенератор | Создание реалистичного видео | Ловарт,2024-12-29,562,PATCH: 检查 SEO meta (title/desc/og) 是否合规; 评估是否在相关 tools 页交叉链接; push IndexNow
tierC-diagnose,tool,zh,veo3.1,/zh/tools/veo3.1,Veo 3.1 AI 视频生成器 |逼真的动态视频创作 |洛瓦特,2024-12-29,562,PATCH: 检查 SEO meta (title/desc/og) 是否合规; 评估是否在相关 tools 页交叉链接; push IndexNow
tierC-diagnose,tool,zh-TW,veo3.1,/zh-TW/tools/veo3.1,Veo 3.1 AI 影片產生器 |逼真的動態影片創作 |洛瓦特,2024-12-29,562,PATCH: 检查 SEO meta (title/desc/og) 是否合规; 评估是否在相关 tools 页交叉链接; push IndexNow
tierC-diagnose,tool,en,ai-design-tool-for-agencies,/en/tools/ai-design-tool-for-agencies,AI Design Tool For Agencies: Professional design tool for agencies with AI | Lovart,2024-12-30,561,PATCH: 检查 SEO meta (title/desc/og) 是否合规; 评估是否在相关 tools 页交叉链接; push IndexNow
tierC-diagnose,tool,en,ai-design-tool-enterprise,/en/tools/ai-design-tool-enterprise,AI Design Tool Enterprise: Professional design tool enterprise with AI | Lovart,2024-12-31,560,PATCH: 检查 SEO meta (title/desc/og) 是否合规; 评估是否在相关 tools 页交叉链接; push IndexNow
tierC-diagnose,tool,en,ai-content-scheduler-designer,/en/tools/ai-content-scheduler-designer,AI Content Scheduler Designer: Professional content scheduler designer with AI | Lovart,2025-01-01,559,PATCH: 检查 SEO meta (title/desc/og) 是否合规; 评估是否在相关 tools 页交叉链接; push IndexNow
tierC-diagnose,tool,en,ai-lookbook-generator,/en/tools/ai-lookbook-generator,AI Lookbook Generator: Professional lookbook generator with AI | Lovart,2025-01-06,554,PATCH: 检查 SEO meta (title/desc/og) 是否合规; 评估是否在相关 tools 页交叉链接; push IndexNow
tierC-diagnose,tool,en,ai-video-generator-enterprise,/en/tools/ai-video-generator-enterprise,AI Video Generator Enterprise: Professional video generator enterprise with AI | Lovart,2025-01-08,552,PATCH: 检查 SEO meta (title/desc/og) 是否合规; 评估是否在相关 tools 页交叉链接; push IndexNow
tierC-diagnose,tool,en,ai-video-enhancer,/en/tools/ai-video-enhancer,AI Video Enhancer: Professional video enhancer with AI | Lovart,2025-01-12,548,PATCH: 检查 SEO meta (title/desc/og) 是否合规; 评估是否在相关 tools 页交叉链接; push IndexNow
tierC-diagnose,tool,en,ai-video-generator-no-watermark,/en/tools/ai-video-generator-no-watermark,AI Video Generator no Watermark: Professional video generator no watermark with AI | Lovart,2025-01-13,547,PATCH: 检查 SEO meta (title/desc/og) 是否合规; 评估是否在相关 tools 页交叉链接; push IndexNow
tierC-diagnose,tool,en,ai-brand-asset-manager,/en/tools/ai-brand-asset-manager,AI Brand Asset Manager: Professional brand asset manager with AI | Lovart,2025-01-16,544,PATCH: 检查 SEO meta (title/desc/og) 是否合规; 评估是否在相关 tools 页交叉链接; push IndexNow
tierC-diagnose,tool,en,ai-logo-maker-free,/en/tools/ai-logo-maker-free,AI Logo Maker Free: Professional logo maker free with AI | Lovart,2025-01-17,543,PATCH: 检查 SEO meta (title/desc/og) 是否合规; 评估是否在相关 tools 页交叉链接; push IndexNow
tierC-diagnose,tool,en,ai-avatar-generator-free,/en/tools/ai-avatar-generator-free,AI Avatar Generator Free: Professional avatar generator free with AI | Lovart,2025-01-21,539,PATCH: 检查 SEO meta (title/desc/og) 是否合规; 评估是否在相关 tools 页交叉链接; push IndexNow
tierC-diagnose,tool,en,best-ai-animation-tool-2026,/en/tools/best-ai-animation-tool-2026,Best AI Animation Tool 2026: Professional best ai animation tool 2026 with AI | Lovart,2025-01-22,538,PATCH: 检查 SEO meta (title/desc/og) 是否合规; 评估是否在相关 tools 页交叉链接; push IndexNow
tierC-diagnose,tool,en,ai-video-generator-for-tiktok,/en/tools/ai-video-generator-for-tiktok,AI Video Generator For Tiktok: Professional video generator for tiktok with AI | Lovart,2025-01-23,537,PATCH: 检查 SEO meta (title/desc/og) 是否合规; 评估是否在相关 tools 页交叉链接; push IndexNow
tierC-diagnose,tool,en,ai-video-generator-for-marketing,/en/tools/ai-video-generator-for-marketing,AI Video Generator For Marketing: Professional video generator for marketing with AI | Lovart,2025-01-24,536,PATCH: 检查 SEO meta (title/desc/og) 是否合规; 评估是否在相关 tools 页交叉链接; push IndexNow
tierC-diagnose,tool,en,ai-video-generator-for-enterprise,/en/tools/ai-video-generator-for-enterprise,AI Video Generator For Enterprise: Professional video generator for enterprise with AI | Lovart,2025-01-25,535,PATCH: 检查 SEO meta (title/desc/og) 是否合规; 评估是否在相关 tools 页交叉链接; push IndexNow
tierC-diagnose,tool,en,ai-image-generator-for-social-media,/en/tools/ai-image-generator-for-social-media,AI Image Generator For Social Media: Professional image generator for social media with AI | Lovart,2025-02-04,525,PATCH: 检查 SEO meta (title/desc/og) 是否合规; 评估是否在相关 tools 页交叉链接; push IndexNow
tierC-diagnose,tool,en,ai-creative-tool-for-individuals,/en/tools/ai-creative-tool-for-individuals,AI Creative Tool For Individuals: Professional creative tool for individuals with AI | Lovart,2025-02-08,521,PATCH: 检查 SEO meta (title/desc/og) 是否合规; 评估是否在相关 tools 页交叉链接; push IndexNow
tierC-diagnose,tool,en,ai-creative-suite-enterprise,/en/tools/ai-creative-suite-enterprise,AI Creative Suite Enterprise: Professional creative suite enterprise with AI | Lovart,2025-02-09,520,PATCH: 检查 SEO meta (title/desc/og) 是否合规; 评估是否在相关 tools 页交叉链接; push IndexNow
tierC-diagnose,tool,en,ai-content-repurposer,/en/tools/ai-content-repurposer,AI Content Repurposer: Professional content repurposer with AI | Lovart,2025-02-10,519,PATCH: 检查 SEO meta (title/desc/og) 是否合规; 评估是否在相关 tools 页交叉链接; push IndexNow
tierC-diagnose,tool,en,ai-content-generation-api,/en/tools/ai-content-generation-api,AI Content Generation Api: Professional content generation api with AI | Lovart,2025-02-11,518,PATCH: 检查 SEO meta (title/desc/og) 是否合规; 评估是否在相关 tools 页交叉链接; push IndexNow
tierC-diagnose,tool,en,ai-aging-filter,/en/tools/ai-aging-filter,AI Aging Filter: Professional aging filter with AI | Lovart,2025-02-14,515,PATCH: 检查 SEO meta (title/desc/og) 是否合规; 评估是否在相关 tools 页交叉链接; push IndexNow
tierC-diagnose,tool,en,ai-texture-generator,/en/tools/ai-texture-generator,AI Texture Generator: Professional texture generator with AI | Lovart,2025-02-18,511,PATCH: 检查 SEO meta (title/desc/og) 是否合规; 评估是否在相关 tools 页交叉链接; push IndexNow
tierC-diagnose,tool,en,ai-collaboration-tool-enterprise,/en/tools/ai-collaboration-tool-enterprise,AI Collaboration Tool Enterprise: Professional collaboration tool enterprise with AI | Lovart,2025-02-21,508,PATCH: 检查 SEO meta (title/desc/og) 是否合规; 评估是否在相关 tools 页交叉链接; push IndexNow
tierC-diagnose,tool,en,ai-design-app,/en/tools/ai-design-app,AI Design App: Professional design app with AI | Lovart,2025-02-25,504,PATCH: 检查 SEO meta (title/desc/og) 是否合规; 评估是否在相关 tools 页交叉链接; push IndexNow
tierC-diagnose,tool,de,ai-business-card-scanner,/de/tools/ai-business-card-scanner,[DE] AI Business Card Designer — Digital & Print Business Cards | Lovart,2025-03-02,499,PATCH: 检查 SEO meta (title/desc/og) 是否合规; 评估是否在相关 tools 页交叉链接; push IndexNow
tierC-diagnose,tool,fr,ai-business-card-scanner,/fr/tools/ai-business-card-scanner,[FR] AI Business Card Designer — Digital & Print Business Cards | Lovart,2025-03-02,499,PATCH: 检查 SEO meta (title/desc/og) 是否合规; 评估是否在相关 tools 页交叉链接; push IndexNow
tierC-diagnose,tool,pt,ai-business-card-scanner,/pt/tools/ai-business-card-scanner,[PT] AI Business Card Designer — Digital & Print Business Cards | Lovart,2025-03-02,499,PATCH: 检查 SEO meta (title/desc/og) 是否合规; 评估是否在相关 tools 页交叉链接; push IndexNow
tierC-diagnose,tool,ru,ai-business-card-scanner,/ru/tools/ai-business-card-scanner,[RU] AI Business Card Designer — Digital & Print Business Cards | Lovart,2025-03-02,499,PATCH: 检查 SEO meta (title/desc/og) 是否合规; 评估是否在相关 tools 页交叉链接; push IndexNow
tierC-diagnose,tool,en,ai-ad-generator-for-business,/en/tools/ai-ad-generator-for-business,AI ad Generator For Business: Professional ad generator for business with AI | Lovart,2025-03-14,487,PATCH: 检查 SEO meta (title/desc/og) 是否合规; 评估是否在相关 tools 页交叉链接; push IndexNow
tierC-diagnose,tool,en,ai-makeup-generator,/en/tools/ai-makeup-generator,AI Makeup Generator: Professional makeup generator with AI | Lovart,2025-03-15,486,PATCH: 检查 SEO meta (title/desc/og) 是否合规; 评估是否在相关 tools 页交叉链接; push IndexNow
tierC-diagnose,tool,en,ai-baby-face-generator,/en/tools/ai-baby-face-generator,AI Baby Face Generator: Professional baby face generator with AI | Lovart,2025-03-16,485,PATCH: 检查 SEO meta (title/desc/og) 是否合规; 评估是否在相关 tools 页交叉链接; push IndexNow
tierC-diagnose,tool,en,ai-email-template-designer,/en/tools/ai-email-template-designer,AI Email Template Designer: Professional email template designer with AI | Lovart,2025-03-17,484,PATCH: 检查 SEO meta (title/desc/og) 是否合规; 评估是否在相关 tools 页交叉链接; push IndexNow
tierC-diagnose,tool,en,ai-banner-maker-free,/en/tools/ai-banner-maker-free,AI Banner Maker Free: Professional banner maker free with AI | Lovart,2025-03-18,483,PATCH: 检查 SEO meta (title/desc/og) 是否合规; 评估是否在相关 tools 页交叉链接; push IndexNow
tierC-diagnose,tool,en,ai-asset-management-enterprise,/en/tools/ai-asset-management-enterprise,AI Asset Management Enterprise: Professional asset management enterprise with AI | Lovart,2025-03-19,482,PATCH: 检查 SEO meta (title/desc/og) 是否合规; 评估是否在相关 tools 页交叉链接; push IndexNow
tierC-diagnose,tool,en,ai-animation-generator-no-watermark,/en/tools/ai-animation-generator-no-watermark,AI Animation Generator no Watermark: Professional animation generator no watermark with AI | Lovart,2025-03-20,481,PATCH: 检查 SEO meta (title/desc/og) 是否合规; 评估是否在相关 tools 页交叉链接; push IndexNow
tierC-diagnose,tool,en,ai-face-swap-api,/en/tools/ai-face-swap-api,AI Face Swap Api: Professional face swap api with AI | Lovart,2025-03-21,480,PATCH: 检查 SEO meta (title/desc/og) 是否合规; 评估是否在相关 tools 页交叉链接; push IndexNow
tierC-diagnose,tool,en,ai-brand-consistency-enterprise,/en/tools/ai-brand-consistency-enterprise,AI Brand Consistency Enterprise: Professional brand consistency enterprise with AI | Lovart,2025-03-22,479,PATCH: 检查 SEO meta (title/desc/og) 是否合规; 评估是否在相关 tools 页交叉链接; push IndexNow
tierC-diagnose,tool,en,ai-3d-modeling-tutorial,/en/tools/ai-3d-modeling-tutorial,AI 3D Modeling Tutorial: Professional 3d modeling tutorial with AI | Lovart,2025-03-23,478,PATCH: 检查 SEO meta (title/desc/og) 是否合规; 评估是否在相关 tools 页交叉链接; push IndexNow
tierC-diagnose,tool,en,ai-content-platform-enterprise,/en/tools/ai-content-platform-enterprise,AI Content Platform Enterprise: Professional content platform enterprise with AI | Lovart,2025-03-24,477,PATCH: 检查 SEO meta (title/desc/og) 是否合规; 评估是否在相关 tools 页交叉链接; push IndexNow
tierC-diagnose,tool,en,ai-twitter-header-designer,/en/tools/ai-twitter-header-designer,AI Twitter Header Designer: Professional twitter header designer with AI | Lovart,2025-03-31,470,PATCH: 检查 SEO meta (title/desc/og) 是否合规; 评估是否在相关 tools 页交叉链接; push IndexNow
tierC-diagnose,tool,en,ai-text-to-video-api,/en/tools/ai-text-to-video-api,AI Text to Video Api: Professional text to video api with AI | Lovart,2025-04-01,469,PATCH: 检查 SEO meta (title/desc/og) 是否合规; 评估是否在相关 tools 页交叉链接; push IndexNow
tierC-diagnose,tool,en,ai-design-tool-for-startups,/en/tools/ai-design-tool-for-startups,AI Design Tool For Startups: Professional design tool for startups with AI | Lovart,2025-04-03,467,PATCH: 检查 SEO meta (title/desc/og) 是否合规; 评估是否在相关 tools 页交叉链接; push IndexNow
tierC-diagnose,tool,en,ai-carousel-ad-maker,/en/tools/ai-carousel-ad-maker,AI Carousel ad Maker: Professional carousel ad maker with AI | Lovart,2025-04-04,466,PATCH: 检查 SEO meta (title/desc/og) 是否合规; 评估是否在相关 tools 页交叉链接; push IndexNow
tierC-diagnose,tool,en,best-ai-design-tool-2026,/en/tools/best-ai-design-tool-2026,Best AI Design Tool 2026: Professional best ai design tool 2026 with AI | Lovart,2025-04-05,465,PATCH: 检查 SEO meta (title/desc/og) 是否合规; 评估是否在相关 tools 页交叉链接; push IndexNow
tierC-diagnose,tool,en,ai-image-generator-no-watermark,/en/tools/ai-image-generator-no-watermark,AI Image Generator no Watermark: Professional image generator no watermark with AI | Lovart,2025-04-08,462,PATCH: 检查 SEO meta (title/desc/og) 是否合规; 评估是否在相关 tools 页交叉链接; push IndexNow
tierC-diagnose,tool,en,ai-video-stabilizer,/en/tools/ai-video-stabilizer,AI Video Stabilizer: Professional video stabilizer with AI | Lovart,2025-04-09,461,PATCH: 检查 SEO meta (title/desc/og) 是否合规; 评估是否在相关 tools 页交叉链接; push IndexNow
tierC-diagnose,tool,en,ai-logo-maker-app,/en/tools/ai-logo-maker-app,AI Logo Maker App: Professional logo maker app with AI | Lovart,2025-04-12,458,PATCH: 检查 SEO meta (title/desc/og) 是否合规; 评估是否在相关 tools 页交叉链接; push IndexNow
tierC-diagnose,tool,en,ai-photo-generator,/en/tools/ai-photo-generator,AI Photo Generator: Realistic Product & Lifestyle Photos | Lovart,2025-04-15,455,PATCH: 检查 SEO meta (title/desc/og) 是否合规; 评估是否在相关 tools 页交叉链接; push IndexNow
tierC-diagnose,tool,en,ai-content-format-converter,/en/tools/ai-content-format-converter,AI Content Format Converter: Professional content format converter with AI | Lovart,2025-04-18,452,PATCH: 检查 SEO meta (title/desc/og) 是否合规; 评估是否在相关 tools 页交叉链接; push IndexNow
tierC-diagnose,tool,de,ai-instagram-posts,/de/tools/ai-instagram-posts,[DE] AI Instagram Post Maker — Design Grid-Ready Content | Lovart,2025-04-23,447,PATCH: 检查 SEO meta (title/desc/og) 是否合规; 评估是否在相关 tools 页交叉链接; push IndexNow
tierC-diagnose,tool,ja,ai-instagram-posts,/ja/tools/ai-instagram-posts,[JA] AI Instagram Post Maker — Design Grid-Ready Content | Lovart,2025-04-23,447,PATCH: 检查 SEO meta (title/desc/og) 是否合规; 评估是否在相关 tools 页交叉链接; push IndexNow
tierC-diagnose,tool,ko,ai-instagram-posts,/ko/tools/ai-instagram-posts,[KO] AI Instagram Post Maker — Design Grid-Ready Content | Lovart,2025-04-23,447,PATCH: 检查 SEO meta (title/desc/og) 是否合规; 评估是否在相关 tools 页交叉链接; push IndexNow
tierC-diagnose,tool,pt,ai-instagram-posts,/pt/tools/ai-instagram-posts,[PT] AI Instagram Post Maker — Design Grid-Ready Content | Lovart,2025-04-23,447,PATCH: 检查 SEO meta (title/desc/og) 是否合规; 评估是否在相关 tools 页交叉链接; push IndexNow
tierC-diagnose,tool,ru,ai-instagram-posts,/ru/tools/ai-instagram-posts,[RU] AI Instagram Post Maker — Design Grid-Ready Content | Lovart,2025-04-23,447,PATCH: 检查 SEO meta (title/desc/og) 是否合规; 评估是否在相关 tools 页交叉链接; push IndexNow
tierC-diagnose,tool,en,ai-design-api,/en/tools/ai-design-api,AI Design Api: Professional design api with AI | Lovart,2025-05-05,435,PATCH: 检查 SEO meta (title/desc/og) 是否合规; 评估是否在相关 tools 页交叉链接; push IndexNow
tierC-diagnose,tool,en,ai-creative-suite-api,/en/tools/ai-creative-suite-api,AI Creative Suite Api: Professional creative suite api with AI | Lovart,2025-05-06,434,PATCH: 检查 SEO meta (title/desc/og) 是否合规; 评估是否在相关 tools 页交叉链接; push IndexNow
tierC-diagnose,tool,de,ai-content-calendar,/de/tools/ai-content-calendar,[DE] AI Content Calendar Designer — Plan & Design Content | Lovart,2025-05-14,426,PATCH: 检查 SEO meta (title/desc/og) 是否合规; 评估是否在相关 tools 页交叉链接; push IndexNow
tierC-diagnose,tool,fr,ai-content-calendar,/fr/tools/ai-content-calendar,[FR] AI Content Calendar Designer — Plan & Design Content | Lovart,2025-05-14,426,PATCH: 检查 SEO meta (title/desc/og) 是否合规; 评估是否在相关 tools 页交叉链接; push IndexNow
tierC-diagnose,tool,it,ai-content-calendar,/it/tools/ai-content-calendar,[IT] AI Content Calendar Designer — Plan & Design Content | Lovart,2025-05-14,426,PATCH: 检查 SEO meta (title/desc/og) 是否合规; 评估是否在相关 tools 页交叉链接; push IndexNow
tierC-diagnose,tool,ja,ai-content-calendar,/ja/tools/ai-content-calendar,[JA] AI Content Calendar Designer — Plan & Design Content | Lovart,2025-05-14,426,PATCH: 检查 SEO meta (title/desc/og) 是否合规; 评估是否在相关 tools 页交叉链接; push IndexNow
tierC-diagnose,tool,ko,ai-content-calendar,/ko/tools/ai-content-calendar,[KO] AI Content Calendar Designer — Plan & Design Content | Lovart,2025-05-14,426,PATCH: 检查 SEO meta (title/desc/og) 是否合规; 评估是否在相关 tools 页交叉链接; push IndexNow
tierC-diagnose,tool,pt,ai-content-calendar,/pt/tools/ai-content-calendar,[PT] AI Content Calendar Designer — Plan & Design Content | Lovart,2025-05-14,426,PATCH: 检查 SEO meta (title/desc/og) 是否合规; 评估是否在相关 tools 页交叉链接; push IndexNow
tierC-diagnose,tool,zh-TW,ai-content-calendar,/zh-TW/tools/ai-content-calendar,[ZH-TW] AI Content Calendar Designer — Plan & Design Content | Lovart,2025-05-14,426,PATCH: 检查 SEO meta (title/desc/og) 是否合规; 评估是否在相关 tools 页交叉链接; push IndexNow
tierC-diagnose,tool,de,sdxl-alternative,/de/tools/sdxl-alternative,[DE] SDXL Alternative — Next-Gen AI Image Generation | Lovart,2025-05-23,417,PATCH: 检查 SEO meta (title/desc/og) 是否合规; 评估是否在相关 tools 页交叉链接; push IndexNow
tierC-diagnose,tool,fr,sdxl-alternative,/fr/tools/sdxl-alternative,[FR] SDXL Alternative — Next-Gen AI Image Generation | Lovart,2025-05-23,417,PATCH: 检查 SEO meta (title/desc/og) 是否合规; 评估是否在相关 tools 页交叉链接; push IndexNow
tierC-diagnose,tool,it,sdxl-alternative,/it/tools/sdxl-alternative,[IT] SDXL Alternative — Next-Gen AI Image Generation | Lovart,2025-05-23,417,PATCH: 检查 SEO meta (title/desc/og) 是否合规; 评估是否在相关 tools 页交叉链接; push IndexNow
tierC-diagnose,tool,ko,sdxl-alternative,/ko/tools/sdxl-alternative,[KO] SDXL Alternative — Next-Gen AI Image Generation | Lovart,2025-05-23,417,PATCH: 检查 SEO meta (title/desc/og) 是否合规; 评估是否在相关 tools 页交叉链接; push IndexNow
tierC-diagnose,tool,ru,sdxl-alternative,/ru/tools/sdxl-alternative,[RU] SDXL Alternative — Next-Gen AI Image Generation | Lovart,2025-05-23,417,PATCH: 检查 SEO meta (title/desc/og) 是否合规; 评估是否在相关 tools 页交叉链接; push IndexNow
tierC-diagnose,tool,en,ai-real-estate-flyer,/en/tools/ai-real-estate-flyer,AI Real Estate Flyer Maker — Property Listing Flyers | Lovart,2025-05-27,413,PATCH: 检查 SEO meta (title/desc/og) 是否合规; 评估是否在相关 tools 页交叉链接; push IndexNow
tierC-diagnose,tool,ja,ai-design-for-product-managers,/ja/tools/ai-design-for-product-managers,[JA] AI Design for Product Managers — Product Marketing Assets | Lovart,2025-06-02,407,PATCH: 检查 SEO meta (title/desc/og) 是否合规; 评估是否在相关 tools 页交叉链接; push IndexNow
tierC-diagnose,tool,ko,ai-design-for-product-managers,/ko/tools/ai-design-for-product-managers,[KO] AI Design for Product Managers — Product Marketing Assets | Lovart,2025-06-02,407,PATCH: 检查 SEO meta (title/desc/og) 是否合规; 评估是否在相关 tools 页交叉链接; push IndexNow
tierC-diagnose,tool,ru,ai-design-for-product-managers,/ru/tools/ai-design-for-product-managers,[RU] AI Design for Product Managers — Product Marketing Assets | Lovart,2025-06-02,407,PATCH: 检查 SEO meta (title/desc/og) 是否合规; 评估是否在相关 tools 页交叉链接; push IndexNow
tierC-diagnose,tool,zh-TW,ai-design-for-product-managers,/zh-TW/tools/ai-design-for-product-managers,[ZH-TW] AI Design for Product Managers — Product Marketing Assets | Lovart,2025-06-02,407,PATCH: 检查 SEO meta (title/desc/og) 是否合规; 评估是否在相关 tools 页交叉链接; push IndexNow
tierC-diagnose,tool,de,ai-online-photo-editor,/de/tools/ai-online-photo-editor,[DE] AI Online Photo Editor — Edit Images in Browser | Lovart,2025-06-05,404,PATCH: 检查 SEO meta (title/desc/og) 是否合规; 评估是否在相关 tools 页交叉链接; push IndexNow
tierC-diagnose,tool,fr,ai-online-photo-editor,/fr/tools/ai-online-photo-editor,[FR] AI Online Photo Editor — Edit Images in Browser | Lovart,2025-06-05,404,PATCH: 检查 SEO meta (title/desc/og) 是否合规; 评估是否在相关 tools 页交叉链接; push IndexNow
tierC-diagnose,tool,ja,ai-online-photo-editor,/ja/tools/ai-online-photo-editor,[JA] AI Online Photo Editor — Edit Images in Browser | Lovart,2025-06-05,404,PATCH: 检查 SEO meta (title/desc/og) 是否合规; 评估是否在相关 tools 页交叉链接; push IndexNow
tierC-diagnose,tool,ko,ai-online-photo-editor,/ko/tools/ai-online-photo-editor,[KO] AI Online Photo Editor — Edit Images in Browser | Lovart,2025-06-05,404,PATCH: 检查 SEO meta (title/desc/og) 是否合规; 评估是否在相关 tools 页交叉链接; push IndexNow
tierC-diagnose,tool,zh-TW,ai-online-photo-editor,/zh-TW/tools/ai-online-photo-editor,[ZH-TW] AI Online Photo Editor — Edit Images in Browser | Lovart,2025-06-05,404,PATCH: 检查 SEO meta (title/desc/og) 是否合规; 评估是否在相关 tools 页交叉链接; push IndexNow
tierC-diagnose,tool,de,ai-design-enterprise-team,/de/tools/ai-design-enterprise-team,[DE] AI Design for Enterprise Teams — Corporate Creative Platform | Lovart,2025-06-08,401,PATCH: 检查 SEO meta (title/desc/og) 是否合规; 评估是否在相关 tools 页交叉链接; push IndexNow
tierC-diagnose,tool,fr,ai-design-enterprise-team,/fr/tools/ai-design-enterprise-team,[FR] AI Design for Enterprise Teams — Corporate Creative Platform | Lovart,2025-06-08,401,PATCH: 检查 SEO meta (title/desc/og) 是否合规; 评估是否在相关 tools 页交叉链接; push IndexNow
tierC-diagnose,tool,it,ai-design-enterprise-team,/it/tools/ai-design-enterprise-team,[IT] AI Design for Enterprise Teams — Corporate Creative Platform | Lovart,2025-06-08,401,PATCH: 检查 SEO meta (title/desc/og) 是否合规; 评估是否在相关 tools 页交叉链接; push IndexNow
tierC-diagnose,tool,ja,ai-design-enterprise-team,/ja/tools/ai-design-enterprise-team,[JA] AI Design for Enterprise Teams — Corporate Creative Platform | Lovart,2025-06-08,401,PATCH: 检查 SEO meta (title/desc/og) 是否合规; 评估是否在相关 tools 页交叉链接; push IndexNow
tierC-diagnose,tool,ko,ai-design-enterprise-team,/ko/tools/ai-design-enterprise-team,[KO] AI Design for Enterprise Teams — Corporate Creative Platform | Lovart,2025-06-08,401,PATCH: 检查 SEO meta (title/desc/og) 是否合规; 评估是否在相关 tools 页交叉链接; push IndexNow
tierC-diagnose,tool,zh-TW,ai-design-enterprise-team,/zh-TW/tools/ai-design-enterprise-team,[ZH-TW] AI Design for Enterprise Teams — Corporate Creative Platform | Lovart,2025-06-08,401,PATCH: 检查 SEO meta (title/desc/og) 是否合规; 评估是否在相关 tools 页交叉链接; push IndexNow
tierC-diagnose,tool,de,photorealism-ai,/de/tools/photorealism-ai,[DE] AI Photorealism — Ultra-Realistic Image Generation | Lovart,2025-06-13,396,PATCH: 检查 SEO meta (title/desc/og) 是否合规; 评估是否在相关 tools 页交叉链接; push IndexNow
tierC-diagnose,tool,fr,photorealism-ai,/fr/tools/photorealism-ai,[FR] AI Photorealism — Ultra-Realistic Image Generation | Lovart,2025-06-13,396,PATCH: 检查 SEO meta (title/desc/og) 是否合规; 评估是否在相关 tools 页交叉链接; push IndexNow
tierC-diagnose,tool,ru,photorealism-ai,/ru/tools/photorealism-ai,[RU] AI Photorealism — Ultra-Realistic Image Generation | Lovart,2025-06-13,396,PATCH: 检查 SEO meta (title/desc/og) 是否合规; 评估是否在相关 tools 页交叉链接; push IndexNow
tierC-diagnose,tool,zh-TW,photorealism-ai,/zh-TW/tools/photorealism-ai,[ZH-TW] AI Photorealism — Ultra-Realistic Image Generation | Lovart,2025-06-13,396,PATCH: 检查 SEO meta (title/desc/og) 是否合规; 评估是否在相关 tools 页交叉链接; push IndexNow
tierC-diagnose,tool,en,ai-resume-builder,/en/tools/ai-resume-builder,Free AI Resume Builder — Create Professional Resumes | Lovart,2025-06-19,390,PATCH: 检查 SEO meta (title/desc/og) 是否合规; 评估是否在相关 tools 页交叉链接; push IndexNow
tierC-diagnose,tool,it,ai-logo-design,/it/tools/ai-logo-design,[IT] AI Logo Design Tool — Professional Logo Creator | Lovart,2025-06-20,389,PATCH: 检查 SEO meta (title/desc/og) 是否合规; 评估是否在相关 tools 页交叉链接; push IndexNow
tierC-diagnose,tool,ja,ai-logo-design,/ja/tools/ai-logo-design,[JA] AI Logo Design Tool — Professional Logo Creator | Lovart,2025-06-20,389,PATCH: 检查 SEO meta (title/desc/og) 是否合规; 评估是否在相关 tools 页交叉链接; push IndexNow
tierC-diagnose,tool,ko,ai-logo-design,/ko/tools/ai-logo-design,[KO] AI Logo Design Tool — Professional Logo Creator | Lovart,2025-06-20,389,PATCH: 检查 SEO meta (title/desc/og) 是否合规; 评估是否在相关 tools 页交叉链接; push IndexNow
tierC-diagnose,tool,ru,ai-logo-design,/ru/tools/ai-logo-design,[RU] AI Logo Design Tool — Professional Logo Creator | Lovart,2025-06-20,389,PATCH: 检查 SEO meta (title/desc/og) 是否合规; 评估是否在相关 tools 页交叉链接; push IndexNow
tierC-diagnose,tool,fr,ai-brand-tool,/fr/tools/ai-brand-tool,[FR] AI Brand Tool — Build & Manage Your Brand | Lovart,2025-06-24,385,PATCH: 检查 SEO meta (title/desc/og) 是否合规; 评估是否在相关 tools 页交叉链接; push IndexNow
tierC-diagnose,tool,it,ai-brand-tool,/it/tools/ai-brand-tool,[IT] AI Brand Tool — Build & Manage Your Brand | Lovart,2025-06-24,385,PATCH: 检查 SEO meta (title/desc/og) 是否合规; 评估是否在相关 tools 页交叉链接; push IndexNow
tierC-diagnose,tool,ja,ai-brand-tool,/ja/tools/ai-brand-tool,[JA] AI Brand Tool — Build & Manage Your Brand | Lovart,2025-06-24,385,PATCH: 检查 SEO meta (title/desc/og) 是否合规; 评估是否在相关 tools 页交叉链接; push IndexNow
tierC-diagnose,tool,pt,ai-brand-tool,/pt/tools/ai-brand-tool,[PT] AI Brand Tool — Build & Manage Your Brand | Lovart,2025-06-24,385,PATCH: 检查 SEO meta (title/desc/og) 是否合规; 评估是否在相关 tools 页交叉链接; push IndexNow
tierC-diagnose,tool,zh-TW,ai-brand-tool,/zh-TW/tools/ai-brand-tool,[ZH-TW] AI Brand Tool — Build & Manage Your Brand | Lovart,2025-06-24,385,PATCH: 检查 SEO meta (title/desc/og) 是否合规; 评估是否在相关 tools 页交叉链接; push IndexNow
tierC-diagnose,tool,en,ai-stock-photo-creator,/en/tools/ai-stock-photo-creator,AI Stock Photo Creator — Original Royalty-Free Images | Lovart,2025-06-26,383,PATCH: 检查 SEO meta (title/desc/og) 是否合规; 评估是否在相关 tools 页交叉链接; push IndexNow
tierC-diagnose,tool,ja,ai-design-collaboration,/ja/tools/ai-design-collaboration,[JA] AI Design Collaboration — Team Design Workspace | Lovart,2025-06-28,381,PATCH: 检查 SEO meta (title/desc/og) 是否合规; 评估是否在相关 tools 页交叉链接; push IndexNow
tierC-diagnose,tool,ko,ai-design-collaboration,/ko/tools/ai-design-collaboration,[KO] AI Design Collaboration — Team Design Workspace | Lovart,2025-06-28,381,PATCH: 检查 SEO meta (title/desc/og) 是否合规; 评估是否在相关 tools 页交叉链接; push IndexNow
tierC-diagnose,tool,pt,ai-design-collaboration,/pt/tools/ai-design-collaboration,[PT] AI Design Collaboration — Team Design Workspace | Lovart,2025-06-28,381,PATCH: 检查 SEO meta (title/desc/og) 是否合规; 评估是否在相关 tools 页交叉链接; push IndexNow
tierC-diagnose,tool,zh-TW,ai-design-collaboration,/zh-TW/tools/ai-design-collaboration,[ZH-TW] AI Design Collaboration — Team Design Workspace | Lovart,2025-06-28,381,PATCH: 检查 SEO meta (title/desc/og) 是否合规; 评估是否在相关 tools 页交叉链接; push IndexNow
tierC-diagnose,tool,de,ai-certificate-maker,/de/tools/ai-certificate-maker,[DE] Free AI Certificate Maker — Design Custom Certificates | Lovart,2025-07-03,376,PATCH: 检查 SEO meta (title/desc/og) 是否合规; 评估是否在相关 tools 页交叉链接; push IndexNow
tierC-diagnose,tool,fr,ai-certificate-maker,/fr/tools/ai-certificate-maker,[FR] Free AI Certificate Maker — Design Custom Certificates | Lovart,2025-07-03,376,PATCH: 检查 SEO meta (title/desc/og) 是否合规; 评估是否在相关 tools 页交叉链接; push IndexNow
tierC-diagnose,tool,ko,ai-certificate-maker,/ko/tools/ai-certificate-maker,[KO] Free AI Certificate Maker — Design Custom Certificates | Lovart,2025-07-03,376,PATCH: 检查 SEO meta (title/desc/og) 是否合规; 评估是否在相关 tools 页交叉链接; push IndexNow
tierC-diagnose,tool,pt,ai-certificate-maker,/pt/tools/ai-certificate-maker,[PT] Free AI Certificate Maker — Design Custom Certificates | Lovart,2025-07-03,376,PATCH: 检查 SEO meta (title/desc/og) 是否合规; 评估是否在相关 tools 页交叉链接; push IndexNow
tierC-diagnose,tool,ru,ai-certificate-maker,/ru/tools/ai-certificate-maker,[RU] Free AI Certificate Maker — Design Custom Certificates | Lovart,2025-07-03,376,PATCH: 检查 SEO meta (title/desc/og) 是否合规; 评估是否在相关 tools 页交叉链接; push IndexNow
tierC-diagnose,tool,zh-TW,ai-certificate-maker,/zh-TW/tools/ai-certificate-maker,[ZH-TW] Free AI Certificate Maker — Design Custom Certificates | Lovart,2025-07-03,376,PATCH: 检查 SEO meta (title/desc/og) 是否合规; 评估是否在相关 tools 页交叉链接; push IndexNow
tierC-diagnose,tool,fr,ai-presentation-maker,/fr/tools/ai-presentation-maker,[FR] AI Presentation Maker — Create Stunning Slide Decks Instantly | Lovart,2025-07-08,371,PATCH: 检查 SEO meta (title/desc/og) 是否合规; 评估是否在相关 tools 页交叉链接; push IndexNow
tierC-diagnose,tool,ja,ai-presentation-maker,/ja/tools/ai-presentation-maker,[JA] AI Presentation Maker — Create Stunning Slide Decks Instantly | Lovart,2025-07-08,371,PATCH: 检查 SEO meta (title/desc/og) 是否合规; 评估是否在相关 tools 页交叉链接; push IndexNow
tierC-diagnose,tool,ko,ai-presentation-maker,/ko/tools/ai-presentation-maker,[KO] AI Presentation Maker — Create Stunning Slide Decks Instantly | Lovart,2025-07-08,371,PATCH: 检查 SEO meta (title/desc/og) 是否合规; 评估是否在相关 tools 页交叉链接; push IndexNow
tierC-diagnose,tool,pt,ai-presentation-maker,/pt/tools/ai-presentation-maker,[PT] AI Presentation Maker — Create Stunning Slide Decks Instantly | Lovart,2025-07-08,371,PATCH: 检查 SEO meta (title/desc/og) 是否合规; 评估是否在相关 tools 页交叉链接; push IndexNow
tierC-diagnose,tool,de,ai-design-alternative,/de/tools/ai-design-alternative,[DE] AI Design Alternative — Switch to Intelligent Design | Lovart,2025-07-12,367,PATCH: 检查 SEO meta (title/desc/og) 是否合规; 评估是否在相关 tools 页交叉链接; push IndexNow
tierC-diagnose,tool,fr,ai-design-alternative,/fr/tools/ai-design-alternative,[FR] AI Design Alternative — Switch to Intelligent Design | Lovart,2025-07-12,367,PATCH: 检查 SEO meta (title/desc/og) 是否合规; 评估是否在相关 tools 页交叉链接; push IndexNow
tierC-diagnose,tool,it,ai-design-alternative,/it/tools/ai-design-alternative,[IT] AI Design Alternative — Switch to Intelligent Design | Lovart,2025-07-12,367,PATCH: 检查 SEO meta (title/desc/og) 是否合规; 评估是否在相关 tools 页交叉链接; push IndexNow
tierC-diagnose,tool,ko,ai-design-alternative,/ko/tools/ai-design-alternative,[KO] AI Design Alternative — Switch to Intelligent Design | Lovart,2025-07-12,367,PATCH: 检查 SEO meta (title/desc/og) 是否合规; 评估是否在相关 tools 页交叉链接; push IndexNow
tierC-diagnose,tool,pt,ai-design-alternative,/pt/tools/ai-design-alternative,[PT] AI Design Alternative — Switch to Intelligent Design | Lovart,2025-07-12,367,PATCH: 检查 SEO meta (title/desc/og) 是否合规; 评估是否在相关 tools 页交叉链接; push IndexNow
tierC-diagnose,tool,ru,ai-design-alternative,/ru/tools/ai-design-alternative,[RU] AI Design Alternative — Switch to Intelligent Design | Lovart,2025-07-12,367,PATCH: 检查 SEO meta (title/desc/og) 是否合规; 评估是否在相关 tools 页交叉链接; push IndexNow
tierC-diagnose,tool,de,multi-agent-design,/de/tools/multi-agent-design,[DE] Multi-Agent Design System — Collaborative AI Creation | Lovart,2025-07-14,365,PATCH: 检查 SEO meta (title/desc/og) 是否合规; 评估是否在相关 tools 页交叉链接; push IndexNow
tierC-diagnose,tool,fr,multi-agent-design,/fr/tools/multi-agent-design,[FR] Multi-Agent Design System — Collaborative AI Creation | Lovart,2025-07-14,365,PATCH: 检查 SEO meta (title/desc/og) 是否合规; 评估是否在相关 tools 页交叉链接; push IndexNow
tierC-diagnose,tool,it,multi-agent-design,/it/tools/multi-agent-design,[IT] Multi-Agent Design System — Collaborative AI Creation | Lovart,2025-07-14,365,PATCH: 检查 SEO meta (title/desc/og) 是否合规; 评估是否在相关 tools 页交叉链接; push IndexNow
tierC-diagnose,tool,ja,multi-agent-design,/ja/tools/multi-agent-design,[JA] Multi-Agent Design System — Collaborative AI Creation | Lovart,2025-07-14,365,PATCH: 检查 SEO meta (title/desc/og) 是否合规; 评估是否在相关 tools 页交叉链接; push IndexNow
tierC-diagnose,tool,pt,multi-agent-design,/pt/tools/multi-agent-design,[PT] Multi-Agent Design System — Collaborative AI Creation | Lovart,2025-07-14,365,PATCH: 检查 SEO meta (title/desc/og) 是否合规; 评估是否在相关 tools 页交叉链接; push IndexNow
tierC-diagnose,tool,ru,multi-agent-design,/ru/tools/multi-agent-design,[RU] Multi-Agent Design System — Collaborative AI Creation | Lovart,2025-07-14,365,PATCH: 检查 SEO meta (title/desc/og) 是否合规; 评估是否在相关 tools 页交叉链接; push IndexNow
tierC-diagnose,tool,zh-TW,multi-agent-design,/zh-TW/tools/multi-agent-design,[ZH-TW] Multi-Agent Design System — Collaborative AI Creation | Lovart,2025-07-14,365,PATCH: 检查 SEO meta (title/desc/og) 是否合规; 评估是否在相关 tools 页交叉链接; push IndexNow
tierC-diagnose,tool,it,better-than-ai-design,/it/tools/better-than-ai-design,[IT] Better Than Basic AI Design — Professional Output | Lovart,2025-07-19,360,PATCH: 检查 SEO meta (title/desc/og) 是否合规; 评估是否在相关 tools 页交叉链接; push IndexNow
tierC-diagnose,tool,ko,better-than-ai-design,/ko/tools/better-than-ai-design,[KO] Better Than Basic AI Design — Professional Output | Lovart,2025-07-19,360,PATCH: 检查 SEO meta (title/desc/og) 是否合规; 评估是否在相关 tools 页交叉链接; push IndexNow
tierC-diagnose,tool,pt,better-than-ai-design,/pt/tools/better-than-ai-design,[PT] Better Than Basic AI Design — Professional Output | Lovart,2025-07-19,360,PATCH: 检查 SEO meta (title/desc/og) 是否合规; 评估是否在相关 tools 页交叉链接; push IndexNow
tierC-diagnose,tool,zh-TW,better-than-ai-design,/zh-TW/tools/better-than-ai-design,[ZH-TW] Better Than Basic AI Design — Professional Output | Lovart,2025-07-19,360,PATCH: 检查 SEO meta (title/desc/og) 是否合规; 评估是否在相关 tools 页交叉链接; push IndexNow
tierC-diagnose,tool,de,ai-design-for-marketers,/de/tools/ai-design-for-marketers,[DE] AI Design for Marketers — Marketing Creative Automation | Lovart,2025-07-24,355,PATCH: 检查 SEO meta (title/desc/og) 是否合规; 评估是否在相关 tools 页交叉链接; push IndexNow
tierC-diagnose,tool,pt,ai-design-for-marketers,/pt/tools/ai-design-for-marketers,[PT] AI Design for Marketers — Marketing Creative Automation | Lovart,2025-07-24,355,PATCH: 检查 SEO meta (title/desc/og) 是否合规; 评估是否在相关 tools 页交叉链接; push IndexNow
tierC-diagnose,tool,zh-TW,ai-design-for-marketers,/zh-TW/tools/ai-design-for-marketers,[ZH-TW] AI Design for Marketers — Marketing Creative Automation | Lovart,2025-07-24,355,PATCH: 检查 SEO meta (title/desc/og) 是否合规; 评估是否在相关 tools 页交叉链接; push IndexNow
tierC-diagnose,tool,fr,save-time-design,/fr/tools/save-time-design,[FR] Save Time on Design — AI Automation for Creatives | Lovart,2025-07-28,351,PATCH: 检查 SEO meta (title/desc/og) 是否合规; 评估是否在相关 tools 页交叉链接; push IndexNow
tierC-diagnose,tool,it,save-time-design,/it/tools/save-time-design,[IT] Save Time on Design — AI Automation for Creatives | Lovart,2025-07-28,351,PATCH: 检查 SEO meta (title/desc/og) 是否合规; 评估是否在相关 tools 页交叉链接; push IndexNow
tierC-diagnose,tool,ko,save-time-design,/ko/tools/save-time-design,[KO] Save Time on Design — AI Automation for Creatives | Lovart,2025-07-28,351,PATCH: 检查 SEO meta (title/desc/og) 是否合规; 评估是否在相关 tools 页交叉链接; push IndexNow
tierC-diagnose,tool,pt,save-time-design,/pt/tools/save-time-design,[PT] Save Time on Design — AI Automation for Creatives | Lovart,2025-07-28,351,PATCH: 检查 SEO meta (title/desc/og) 是否合规; 评估是否在相关 tools 页交叉链接; push IndexNow
tierC-diagnose,tool,ru,save-time-design,/ru/tools/save-time-design,[RU] Save Time on Design — AI Automation for Creatives | Lovart,2025-07-28,351,PATCH: 检查 SEO meta (title/desc/og) 是否合规; 评估是否在相关 tools 页交叉链接; push IndexNow
tierC-diagnose,tool,fr,ai-design-for-agencies,/fr/tools/ai-design-for-agencies,[FR] AI Design for Agencies — Agency Creative Automation | Lovart,2025-08-02,346,PATCH: 检查 SEO meta (title/desc/og) 是否合规; 评估是否在相关 tools 页交叉链接; push IndexNow
tierC-diagnose,tool,it,ai-design-for-agencies,/it/tools/ai-design-for-agencies,[IT] AI Design for Agencies — Agency Creative Automation | Lovart,2025-08-02,346,PATCH: 检查 SEO meta (title/desc/og) 是否合规; 评估是否在相关 tools 页交叉链接; push IndexNow
tierC-diagnose,tool,pt,ai-design-for-agencies,/pt/tools/ai-design-for-agencies,[PT] AI Design for Agencies — Agency Creative Automation | Lovart,2025-08-02,346,PATCH: 检查 SEO meta (title/desc/og) 是否合规; 评估是否在相关 tools 页交叉链接; push IndexNow
tierC-diagnose,tool,ru,ai-design-for-agencies,/ru/tools/ai-design-for-agencies,[RU] AI Design for Agencies — Agency Creative Automation | Lovart,2025-08-02,346,PATCH: 检查 SEO meta (title/desc/og) 是否合规; 评估是否在相关 tools 页交叉链接; push IndexNow
tierC-diagnose,tool,zh-TW,ai-design-for-agencies,/zh-TW/tools/ai-design-for-agencies,[ZH-TW] AI Design for Agencies — Agency Creative Automation | Lovart,2025-08-02,346,PATCH: 检查 SEO meta (title/desc/og) 是否合规; 评估是否在相关 tools 页交叉链接; push IndexNow
tierC-diagnose,tool,en,natural-home-brand-design,/en/tools/natural-home-brand-design,AI Natural Home Brand Design | Lovart,2025-08-29,319,PATCH: 检查 SEO meta (title/desc/og) 是否合规; 评估是否在相关 tools 页交叉链接; push IndexNow
tierC-diagnose,tool,de,version-control-design,/de/tools/version-control-design,[DE] AI Design Version Control — Track Every Iteration | Lovart,2025-08-30,318,PATCH: 检查 SEO meta (title/desc/og) 是否合规; 评估是否在相关 tools 页交叉链接; push IndexNow
tierC-diagnose,tool,fr,version-control-design,/fr/tools/version-control-design,[FR] AI Design Version Control — Track Every Iteration | Lovart,2025-08-30,318,PATCH: 检查 SEO meta (title/desc/og) 是否合规; 评估是否在相关 tools 页交叉链接; push IndexNow
tierC-diagnose,tool,ko,version-control-design,/ko/tools/version-control-design,[KO] AI Design Version Control — Track Every Iteration | Lovart,2025-08-30,318,PATCH: 检查 SEO meta (title/desc/og) 是否合规; 评估是否在相关 tools 页交叉链接; push IndexNow
tierC-diagnose,tool,ru,version-control-design,/ru/tools/version-control-design,[RU] AI Design Version Control — Track Every Iteration | Lovart,2025-08-30,318,PATCH: 检查 SEO meta (title/desc/og) 是否合规; 评估是否在相关 tools 页交叉链接; push IndexNow
tierC-diagnose,tool,zh-TW,version-control-design,/zh-TW/tools/version-control-design,[ZH-TW] AI Design Version Control — Track Every Iteration | Lovart,2025-08-30,318,PATCH: 检查 SEO meta (title/desc/og) 是否合规; 评估是否在相关 tools 页交叉链接; push IndexNow
tierC-diagnose,tool,de,ai-cinematic-video,/de/tools/ai-cinematic-video,[DE] AI Cinematic Video Generator — Create Hollywood-Style Videos | Lovart,2025-09-05,312,PATCH: 检查 SEO meta (title/desc/og) 是否合规; 评估是否在相关 tools 页交叉链接; push IndexNow
tierC-diagnose,tool,fr,ai-cinematic-video,/fr/tools/ai-cinematic-video,[FR] AI Cinematic Video Generator — Create Hollywood-Style Videos | Lovart,2025-09-05,312,PATCH: 检查 SEO meta (title/desc/og) 是否合规; 评估是否在相关 tools 页交叉链接; push IndexNow
tierC-diagnose,tool,it,ai-cinematic-video,/it/tools/ai-cinematic-video,[IT] AI Cinematic Video Generator — Create Hollywood-Style Videos | Lovart,2025-09-05,312,PATCH: 检查 SEO meta (title/desc/og) 是否合规; 评估是否在相关 tools 页交叉链接; push IndexNow
tierC-diagnose,tool,ja,ai-cinematic-video,/ja/tools/ai-cinematic-video,[JA] AI Cinematic Video Generator — Create Hollywood-Style Videos | Lovart,2025-09-05,312,PATCH: 检查 SEO meta (title/desc/og) 是否合规; 评估是否在相关 tools 页交叉链接; push IndexNow
tierC-diagnose,tool,ko,ai-cinematic-video,/ko/tools/ai-cinematic-video,[KO] AI Cinematic Video Generator — Create Hollywood-Style Videos | Lovart,2025-09-05,312,PATCH: 检查 SEO meta (title/desc/og) 是否合规; 评估是否在相关 tools 页交叉链接; push IndexNow
tierC-diagnose,tool,ru,ai-cinematic-video,/ru/tools/ai-cinematic-video,[RU] AI Cinematic Video Generator — Create Hollywood-Style Videos | Lovart,2025-09-05,312,PATCH: 检查 SEO meta (title/desc/og) 是否合规; 评估是否在相关 tools 页交叉链接; push IndexNow
tierC-diagnose,tool,en,ai-facebook-ad-creator,/en/tools/ai-facebook-ad-creator,AI Facebook Ad Creator | High-CTR Meta Ads with AI | Lovart,2025-09-06,311,PATCH: 检查 SEO meta (title/desc/og) 是否合规; 评估是否在相关 tools 页交叉链接; push IndexNow
tierC-diagnose,tool,de,team-workspace-design,/de/tools/team-workspace-design,[DE] Team Design Workspace — Collaborative AI Creation | Lovart,2025-09-09,308,PATCH: 检查 SEO meta (title/desc/og) 是否合规; 评估是否在相关 tools 页交叉链接; push IndexNow
tierC-diagnose,tool,fr,team-workspace-design,/fr/tools/team-workspace-design,[FR] Team Design Workspace — Collaborative AI Creation | Lovart,2025-09-09,308,PATCH: 检查 SEO meta (title/desc/og) 是否合规; 评估是否在相关 tools 页交叉链接; push IndexNow
tierC-diagnose,tool,it,team-workspace-design,/it/tools/team-workspace-design,[IT] Team Design Workspace — Collaborative AI Creation | Lovart,2025-09-09,308,PATCH: 检查 SEO meta (title/desc/og) 是否合规; 评估是否在相关 tools 页交叉链接; push IndexNow
tierC-diagnose,tool,ja,team-workspace-design,/ja/tools/team-workspace-design,[JA] Team Design Workspace — Collaborative AI Creation | Lovart,2025-09-09,308,PATCH: 检查 SEO meta (title/desc/og) 是否合规; 评估是否在相关 tools 页交叉链接; push IndexNow
tierC-diagnose,feature,en,text-to-video-agent,/en/features/text-to-video-agent,Text to Video Agent,2025-09-10,307,PATCH: 检查 SEO meta (title/desc/og) 是否合规; 评估是否在相关 tools 页交叉链接; push IndexNow
tierC-diagnose,feature,en,draft-ai-logo-maker-f4,/en/features/draft-ai-logo-maker-f4,AI Logo Maker | Lovart,2025-09-11,306,PATCH: 检查 SEO meta (title/desc/og) 是否合规; 评估是否在相关 tools 页交叉链接; push IndexNow
tierC-diagnose,feature,en,draft-ai-sales-deck-ppt-generator-s1,/en/features/draft-ai-sales-deck-ppt-generator-s1,AI Sales Deck | Lovart,2025-09-12,305,PATCH: 检查 SEO meta (title/desc/og) 是否合规; 评估是否在相关 tools 页交叉链接; push IndexNow
tierC-diagnose,tool,de,ai-3d-texture,/de/tools/ai-3d-texture,KI-AI 3D Texture Generator — Create Seamless 3D Textures | Lovart,2025-09-12,305,PATCH: 检查 SEO meta (title/desc/og) 是否合规; 评估是否在相关 tools 页交叉链接; push IndexNow
tierC-diagnose,tool,pt,ai-3d-texture,/pt/tools/ai-3d-texture,IA AI 3D Texture Generator — Create Seamless 3D Textures | Lovart,2025-09-12,305,PATCH: 检查 SEO meta (title/desc/og) 是否合规; 评估是否在相关 tools 页交叉链接; push IndexNow
tierC-diagnose,tool,ru,ai-3d-texture,/ru/tools/ai-3d-texture,ИИ AI 3D Texture Generator — Create Seamless 3D Textures | Lovart,2025-09-12,305,PATCH: 检查 SEO meta (title/desc/og) 是否合规; 评估是否在相关 tools 页交叉链接; push IndexNow
tierC-diagnose,feature,en,ai-video-agent-for-ads,/en/features/ai-video-agent-for-ads,AI Video Agent for Ads,2025-09-13,304,PATCH: 检查 SEO meta (title/desc/og) 是否合规; 评估是否在相关 tools 页交叉链接; push IndexNow
tierC-diagnose,feature,en,draft-ai-sales-deck-ppt-generator-f1,/en/features/draft-ai-sales-deck-ppt-generator-f1,AI Sales Deck PPT Generator | Lovart,2025-09-15,302,PATCH: 检查 SEO meta (title/desc/og) 是否合规; 评估是否在相关 tools 页交叉链接; push IndexNow
tierC-diagnose,tool,fr,no-experience-needed,/fr/tools/no-experience-needed,[FR] No Design Experience Needed — AI Does the Work | Lovart,2025-09-17,300,PATCH: 检查 SEO meta (title/desc/og) 是否合规; 评估是否在相关 tools 页交叉链接; push IndexNow
tierC-diagnose,tool,it,no-experience-needed,/it/tools/no-experience-needed,[IT] No Design Experience Needed — AI Does the Work | Lovart,2025-09-17,300,PATCH: 检查 SEO meta (title/desc/og) 是否合规; 评估是否在相关 tools 页交叉链接; push IndexNow
tierC-diagnose,tool,ko,no-experience-needed,/ko/tools/no-experience-needed,[KO] No Design Experience Needed — AI Does the Work | Lovart,2025-09-17,300,PATCH: 检查 SEO meta (title/desc/og) 是否合规; 评估是否在相关 tools 页交叉链接; push IndexNow
tierC-diagnose,tool,pt,no-experience-needed,/pt/tools/no-experience-needed,[PT] No Design Experience Needed — AI Does the Work | Lovart,2025-09-17,300,PATCH: 检查 SEO meta (title/desc/og) 是否合规; 评估是否在相关 tools 页交叉链接; push IndexNow
tierC-diagnose,feature,en,brand-hashtag-visual-generator,/en/features/brand-hashtag-visual-generator,AI Brand Hashtag Visual Generator: Create Viral Social Cards | Lovart,2025-09-18,299,PATCH: 检查 SEO meta (title/desc/og) 是否合规; 评估是否在相关 tools 页交叉链接; push IndexNow
tierC-diagnose,feature,en,ai-video-agent-for-ecommerce,/en/features/ai-video-agent-for-ecommerce,AI Video Agent for Ecommerce,2025-09-19,298,PATCH: 检查 SEO meta (title/desc/og) 是否合规; 评估是否在相关 tools 页交叉链接; push IndexNow
tierC-diagnose,feature,ja,ai-video-agent-for-ecommerce,/ja/features/ai-video-agent-for-ecommerce,EC 向け AI 動画エージェント：商品写真からスクロールが止まる動画を | Lovart,2025-09-19,298,PATCH: 检查 SEO meta (title/desc/og) 是否合规; 评估是否在相关 tools 页交叉链接; push IndexNow
tierC-diagnose,feature,pt,ai-video-agent-for-ecommerce,/pt/features/ai-video-agent-for-ecommerce,Agente de Vídeo com IA para E-commerce: transforme fotos de produto em vídeos | Lovart,2025-09-19,298,PATCH: 检查 SEO meta (title/desc/og) 是否合规; 评估是否在相关 tools 页交叉链接; push IndexNow
tierC-diagnose,feature,zh,ai-video-agent-for-ecommerce,/zh/features/ai-video-agent-for-ecommerce,面向电商的 AI 视频智能体：把产品静帧变成动态视频 | Lovart,2025-09-19,298,PATCH: 检查 SEO meta (title/desc/og) 是否合规; 评估是否在相关 tools 页交叉链接; push IndexNow
tierC-diagnose,feature,fr,seedance-batch-creative-production,/fr/features/seedance-batch-creative-production,Production de créations pub à grande échelle avec Seedance 2.0 IA | Lovart,2025-09-20,297,PATCH: 检查 SEO meta (title/desc/og) 是否合规; 评估是否在相关 tools 页交叉链接; push IndexNow
tierC-diagnose,feature,it,seedance-batch-creative-production,/it/features/seedance-batch-creative-production,Produzione creativa su scala con Seedance 2.0 IA | Lovart,2025-09-20,297,PATCH: 检查 SEO meta (title/desc/og) 是否合规; 评估是否在相关 tools 页交叉链接; push IndexNow
tierC-diagnose,feature,ja,seedance-batch-creative-production,/ja/features/seedance-batch-creative-production,Seedance 2.0 AI で広告クリエイティブを大量生産 | Lovart,2025-09-20,297,PATCH: 检查 SEO meta (title/desc/og) 是否合规; 评估是否在相关 tools 页交叉链接; push IndexNow
tierC-diagnose,feature,pt,seedance-batch-creative-production,/pt/features/seedance-batch-creative-production,Produção Criativa de Anúncios em Hiperescala com IA Seedance 2.0 | Lovart,2025-09-20,297,PATCH: 检查 SEO meta (title/desc/og) 是否合规; 评估是否在相关 tools 页交叉链接; push IndexNow
tierC-diagnose,feature,en,draft-ai-sales-deck-ppt-generator-f2,/en/features/draft-ai-sales-deck-ppt-generator-f2,AI Sales Deck | Lovart,2025-09-21,296,PATCH: 检查 SEO meta (title/desc/og) 是否合规; 评估是否在相关 tools 页交叉链接; push IndexNow
tierC-diagnose,tool,en,nano-banana-2-instagram-story-maker,/en/tools/nano-banana-2-instagram-story-maker,AI Nano Banana 2 Instagram Story Maker | Lovart,2025-09-22,295,PATCH: 检查 SEO meta (title/desc/og) 是否合规; 评估是否在相关 tools 页交叉链接; push IndexNow
tierC-diagnose,feature,ja,multimodal-ai-video-agent,/ja/features/multimodal-ai-video-agent,マルチモーダル AI 動画エージェント：テキスト・画像・音声を統合 | Lovart,2025-09-24,293,PATCH: 检查 SEO meta (title/desc/og) 是否合规; 评估是否在相关 tools 页交叉链接; push IndexNow
tierC-diagnose,feature,pt,multimodal-ai-video-agent,/pt/features/multimodal-ai-video-agent,"Agente de Vídeo com IA Multimodal: una texto, imagem e áudio | Lovart",2025-09-24,293,PATCH: 检查 SEO meta (title/desc/og) 是否合规; 评估是否在相关 tools 页交叉链接; push IndexNow
tierC-diagnose,feature,zh,multimodal-ai-video-agent,/zh/features/multimodal-ai-video-agent,多模态 AI 视频智能体：文字、图像与语音协同生成 | Lovart,2025-09-24,293,PATCH: 检查 SEO meta (title/desc/og) 是否合规; 评估是否在相关 tools 页交叉链接; push IndexNow
tierC-diagnose,feature,zh-TW,multimodal-ai-video-agent,/zh-TW/features/multimodal-ai-video-agent,多模態 AI 影片智慧體：文字、影像與語音協同生成 | Lovart,2025-09-24,293,PATCH: 检查 SEO meta (title/desc/og) 是否合规; 评估是否在相关 tools 页交叉链接; push IndexNow
tierC-diagnose,feature,ja,autonomous-ai-video-agent,/ja/features/autonomous-ai-video-agent,自律型 AI 動画エージェント：成果を伝えるだけで制作を自走 | Lovart,2025-09-25,292,PATCH: 检查 SEO meta (title/desc/og) 是否合规; 评估是否在相关 tools 页交叉链接; push IndexNow
tierC-diagnose,feature,pt,autonomous-ai-video-agent,/pt/features/autonomous-ai-video-agent,Agente de Vídeo com IA Autônomo: descreva o resultado e deixe o agente conduzir | Lovart,2025-09-25,292,PATCH: 检查 SEO meta (title/desc/og) 是否合规; 评估是否在相关 tools 页交叉链接; push IndexNow
tierC-diagnose,feature,zh,autonomous-ai-video-agent,/zh/features/autonomous-ai-video-agent,自主式 AI 视频智能体：从目标到成片自动执行 | Lovart,2025-09-25,292,PATCH: 检查 SEO meta (title/desc/og) 是否合规; 评估是否在相关 tools 页交叉链接; push IndexNow
tierC-diagnose,feature,zh-TW,autonomous-ai-video-agent,/zh-TW/features/autonomous-ai-video-agent,自主式 AI 影片智慧體：從目標到成片自動執行 | Lovart,2025-09-25,292,PATCH: 检查 SEO meta (title/desc/og) 是否合规; 评估是否在相关 tools 页交叉链接; push IndexNow
tierC-diagnose,tool,en,earbuds-design,/en/tools/earbuds-design,Earbuds Design Tool | AI Product Design Concepts | Lovart,2025-09-25,292,PATCH: 检查 SEO meta (title/desc/og) 是否合规; 评估是否在相关 tools 页交叉链接; push IndexNow
tierC-diagnose,feature,ja,ai-video-agent-for-youtube,/ja/features/ai-video-agent-for-youtube,YouTube 向け AI 動画エージェント：B-roll や解説動画を即生成 | Lovart,2025-09-26,291,PATCH: 检查 SEO meta (title/desc/og) 是否合规; 评估是否在相关 tools 页交叉链接; push IndexNow
tierC-diagnose,feature,pt,ai-video-agent-for-youtube,/pt/features/ai-video-agent-for-youtube,Agente de Vídeo com IA para YouTube: B-roll e explicativos em segundos | Lovart,2025-09-26,291,PATCH: 检查 SEO meta (title/desc/og) 是否合规; 评估是否在相关 tools 页交叉链接; push IndexNow
tierC-diagnose,feature,zh,ai-video-agent-for-youtube,/zh/features/ai-video-agent-for-youtube,面向 YouTube 的 AI 视频智能体：B-roll 与讲解片 | Lovart,2025-09-26,291,PATCH: 检查 SEO meta (title/desc/og) 是否合规; 评估是否在相关 tools 页交叉链接; push IndexNow
tierC-diagnose,feature,zh-TW,ai-video-agent-for-youtube,/zh-TW/features/ai-video-agent-for-youtube,面向 YouTube 的 AI 影片智慧體：B-roll 與講解片 | Lovart,2025-09-26,291,PATCH: 检查 SEO meta (title/desc/og) 是否合规; 评估是否在相关 tools 页交叉链接; push IndexNow
tierC-diagnose,feature,en,image-to-video-agent,/en/features/image-to-video-agent,Image to Video Agent,2025-09-27,290,PATCH: 检查 SEO meta (title/desc/og) 是否合规; 评估是否在相关 tools 页交叉链接; push IndexNow
tierC-diagnose,feature,en,ai-video-agent-for-tiktok,/en/features/ai-video-agent-for-tiktok,AI Video Agent for TikTok,2025-09-28,289,PATCH: 检查 SEO meta (title/desc/og) 是否合规; 评估是否在相关 tools 页交叉链接; push IndexNow
tierC-diagnose,feature,ja,ai-video-agent-for-tiktok,/ja/features/ai-video-agent-for-tiktok,TikTok 向け AI 動画エージェント：縦型ショートを毎日量産 | Lovart,2025-09-28,289,PATCH: 检查 SEO meta (title/desc/og) 是否合规; 评估是否在相关 tools 页交叉链接; push IndexNow
tierC-diagnose,feature,pt,ai-video-agent-for-tiktok,/pt/features/ai-video-agent-for-tiktok,Agente de Vídeo com IA para TikTok: vídeos verticais curtos todos os dias | Lovart,2025-09-28,289,PATCH: 检查 SEO meta (title/desc/og) 是否合规; 评估是否在相关 tools 页交叉链接; push IndexNow
tierC-diagnose,feature,zh,ai-video-agent-for-tiktok,/zh/features/ai-video-agent-for-tiktok,面向 TikTok 的 AI 视频智能体：日更竖版短视频 | Lovart,2025-09-28,289,PATCH: 检查 SEO meta (title/desc/og) 是否合规; 评估是否在相关 tools 页交叉链接; push IndexNow
tierC-diagnose,tool,fr,ai-3d-texture-free,/fr/tools/ai-3d-texture-free,[FR] Free AI 3D Texture Generator — PBR Materials | Lovart,2025-09-28,289,PATCH: 检查 SEO meta (title/desc/og) 是否合规; 评估是否在相关 tools 页交叉链接; push IndexNow
tierC-diagnose,tool,it,ai-3d-texture-free,/it/tools/ai-3d-texture-free,[IT] Free AI 3D Texture Generator — PBR Materials | Lovart,2025-09-28,289,PATCH: 检查 SEO meta (title/desc/og) 是否合规; 评估是否在相关 tools 页交叉链接; push IndexNow
tierC-diagnose,tool,ja,ai-3d-texture-free,/ja/tools/ai-3d-texture-free,[JA] Free AI 3D Texture Generator — PBR Materials | Lovart,2025-09-28,289,PATCH: 检查 SEO meta (title/desc/og) 是否合规; 评估是否在相关 tools 页交叉链接; push IndexNow
tierC-diagnose,tool,ko,ai-3d-texture-free,/ko/tools/ai-3d-texture-free,[KO] Free AI 3D Texture Generator — PBR Materials | Lovart,2025-09-28,289,PATCH: 检查 SEO meta (title/desc/og) 是否合规; 评估是否在相关 tools 页交叉链接; push IndexNow
tierC-diagnose,tool,zh-TW,ai-3d-texture-free,/zh-TW/tools/ai-3d-texture-free,[ZH-TW] Free AI 3D Texture Generator — PBR Materials | Lovart,2025-09-28,289,PATCH: 检查 SEO meta (title/desc/og) 是否合规; 评估是否在相关 tools 页交叉链接; push IndexNow
tierC-diagnose,feature,de,blog-post-to-instagram-ai-repurposing,/de/features/blog-post-to-instagram-ai-repurposing,Blogbeiträge in Sekunden zu Instagram-Karussells umwandeln | Lovart KI,2025-09-29,288,PATCH: 检查 SEO meta (title/desc/og) 是否合规; 评估是否在相关 tools 页交叉链接; push IndexNow
tierC-diagnose,feature,en,blog-post-to-instagram-ai-repurposing,/en/features/blog-post-to-instagram-ai-repurposing,How to Turn Blog Posts into Instagram Carousels in Seconds | Lovart AI,2025-09-29,288,PATCH: 检查 SEO meta (title/desc/og) 是否合规; 评估是否在相关 tools 页交叉链接; push IndexNow
tierC-diagnose,feature,fr,blog-post-to-instagram-ai-repurposing,/fr/features/blog-post-to-instagram-ai-repurposing,Transformez vos articles en carrousels Instagram avec Lovart IA,2025-09-29,288,PATCH: 检查 SEO meta (title/desc/og) 是否合规; 评估是否在相关 tools 页交叉链接; push IndexNow
tierC-diagnose,feature,it,blog-post-to-instagram-ai-repurposing,/it/features/blog-post-to-instagram-ai-repurposing,Trasforma i tuoi blog in caroselli Instagram in pochi secondi con Lovart IA,2025-09-29,288,PATCH: 检查 SEO meta (title/desc/og) 是否合规; 评估是否在相关 tools 页交叉链接; push IndexNow
tierC-diagnose,feature,ja,blog-post-to-instagram-ai-repurposing,/ja/features/blog-post-to-instagram-ai-repurposing,ブログ記事を数秒でインスタカルーセルに変換｜Lovart AI,2025-09-29,288,PATCH: 检查 SEO meta (title/desc/og) 是否合规; 评估是否在相关 tools 页交叉链接; push IndexNow
tierC-diagnose,feature,ko,blog-post-to-instagram-ai-repurposing,/ko/features/blog-post-to-instagram-ai-repurposing,블로그를 인스타 카드뉴스로 1초 변환 | Lovart,2025-09-29,288,PATCH: 检查 SEO meta (title/desc/og) 是否合规; 评估是否在相关 tools 页交叉链接; push IndexNow
tierC-diagnose,feature,pt,blog-post-to-instagram-ai-repurposing,/pt/features/blog-post-to-instagram-ai-repurposing,Como transformar posts em carrosséis no Instagram com IA | Lovart,2025-09-29,288,PATCH: 检查 SEO meta (title/desc/og) 是否合规; 评估是否在相关 tools 页交叉链接; push IndexNow
tierC-diagnose,feature,en,ai-video-optimization,/en/features/ai-video-optimization,AI Video Optimization: 10x Faster Video Marketing Assets,2025-09-30,287,PATCH: 检查 SEO meta (title/desc/og) 是否合规; 评估是否在相关 tools 页交叉链接; push IndexNow
tierC-diagnose,feature,ja,ai-video-optimization,/ja/features/ai-video-optimization,AI 動画最適化：動画マーケ素材を10倍速で | Lovart,2025-09-30,287,PATCH: 检查 SEO meta (title/desc/og) 是否合规; 评估是否在相关 tools 页交叉链接; push IndexNow
tierC-diagnose,feature,ko,ai-video-optimization,/ko/features/ai-video-optimization,AI 영상 최적화: 10배 빠른 마케팅 자산,2025-09-30,287,PATCH: 检查 SEO meta (title/desc/og) 是否合规; 评估是否在相关 tools 页交叉链接; push IndexNow
tierC-diagnose,tool,fr,ai-advertising-design,/fr/tools/ai-advertising-design,[FR] AI Advertising Design — Create High-Converting Ads | Lovart,2025-09-30,287,PATCH: 检查 SEO meta (title/desc/og) 是否合规; 评估是否在相关 tools 页交叉链接; push IndexNow
tierC-diagnose,tool,it,ai-advertising-design,/it/tools/ai-advertising-design,[IT] AI Advertising Design — Create High-Converting Ads | Lovart,2025-09-30,287,PATCH: 检查 SEO meta (title/desc/og) 是否合规; 评估是否在相关 tools 页交叉链接; push IndexNow
tierC-diagnose,tool,ko,ai-advertising-design,/ko/tools/ai-advertising-design,[KO] AI Advertising Design — Create High-Converting Ads | Lovart,2025-09-30,287,PATCH: 检查 SEO meta (title/desc/og) 是否合规; 评估是否在相关 tools 页交叉链接; push IndexNow
tierC-diagnose,tool,zh-TW,ai-advertising-design,/zh-TW/tools/ai-advertising-design,[ZH-TW] AI Advertising Design — Create High-Converting Ads | Lovart,2025-09-30,287,PATCH: 检查 SEO meta (title/desc/og) 是否合规; 评估是否在相关 tools 页交叉链接; push IndexNow
tierC-diagnose,feature,de,ai-product-video-seedance,/de/features/ai-product-video-seedance,Verwandle Produktfotos mit Seedance 2.0 in 4K-KI-Videos | Lovart,2025-10-01,286,PATCH: 检查 SEO meta (title/desc/og) 是否合规; 评估是否在相关 tools 页交叉链接; push IndexNow
tierC-diagnose,feature,ja,ai-product-video-seedance,/ja/features/ai-product-video-seedance,Seedance 2.0で商品写真を4K動画に｜Lovart,2025-10-01,286,PATCH: 检查 SEO meta (title/desc/og) 是否合规; 评估是否在相关 tools 页交叉链接; push IndexNow
tierC-diagnose,feature,ko,ai-product-video-seedance,/ko/features/ai-product-video-seedance,러바트 시던스 2.0으로 제품 사진을 4K 영상으로,2025-10-01,286,PATCH: 检查 SEO meta (title/desc/og) 是否合规; 评估是否在相关 tools 页交叉链接; push IndexNow
tierC-diagnose,feature,ru,ai-product-video-seedance,/ru/features/ai-product-video-seedance,Превратите фото в 4K видео с Seedance 2.0 | Lovart,2025-10-01,286,PATCH: 检查 SEO meta (title/desc/og) 是否合规; 评估是否在相关 tools 页交叉链接; push IndexNow
tierC-diagnose,tool,fr,ai-app-design,/fr/tools/ai-app-design,[FR] AI App Screen Designer — Create Mobile App Mockups | Lovart,2025-10-01,286,PATCH: 检查 SEO meta (title/desc/og) 是否合规; 评估是否在相关 tools 页交叉链接; push IndexNow
tierC-diagnose,tool,it,ai-app-design,/it/tools/ai-app-design,[IT] AI App Screen Designer — Create Mobile App Mockups | Lovart,2025-10-01,286,PATCH: 检查 SEO meta (title/desc/og) 是否合规; 评估是否在相关 tools 页交叉链接; push IndexNow
tierC-diagnose,tool,ko,ai-app-design,/ko/tools/ai-app-design,[KO] AI App Screen Designer — Create Mobile App Mockups | Lovart,2025-10-01,286,PATCH: 检查 SEO meta (title/desc/og) 是否合规; 评估是否在相关 tools 页交叉链接; push IndexNow
tierC-diagnose,tool,pt,ai-app-design,/pt/tools/ai-app-design,[PT] AI App Screen Designer — Create Mobile App Mockups | Lovart,2025-10-01,286,PATCH: 检查 SEO meta (title/desc/og) 是否合规; 评估是否在相关 tools 页交叉链接; push IndexNow
tierC-diagnose,tool,ru,ai-app-design,/ru/tools/ai-app-design,[RU] AI App Screen Designer — Create Mobile App Mockups | Lovart,2025-10-01,286,PATCH: 检查 SEO meta (title/desc/og) 是否合规; 评估是否在相关 tools 页交叉链接; push IndexNow
tierC-diagnose,feature,en,chef-business-card-design,/en/features/chef-business-card-design,Custom Chef Business Card Design to Showcase Your Culinary Expertise ,2025-10-02,285,PATCH: 检查 SEO meta (title/desc/og) 是否合规; 评估是否在相关 tools 页交叉链接; push IndexNow
tierC-diagnose,feature,ja,chef-business-card-design,/ja/features/chef-business-card-design,料理人の個性を引き出す名刺デザイン,2025-10-02,285,PATCH: 检查 SEO meta (title/desc/og) 是否合规; 评估是否在相关 tools 页交叉链接; push IndexNow
tierC-diagnose,feature,ja,ai-video-agent-for-marketing,/ja/features/ai-video-agent-for-marketing,マーケティング向け AI 動画エージェント：広告動画を最短で出荷 | Lovart,2025-10-03,284,PATCH: 检查 SEO meta (title/desc/og) 是否合规; 评估是否在相关 tools 页交叉链接; push IndexNow
tierC-diagnose,feature,pt,ai-video-agent-for-marketing,/pt/features/ai-video-agent-for-marketing,Agente de Vídeo com IA para Marketing: entregue vídeos de campanha mais rápido | Lovart,2025-10-03,284,PATCH: 检查 SEO meta (title/desc/og) 是否合规; 评估是否在相关 tools 页交叉链接; push IndexNow
tierC-diagnose,feature,zh,ai-video-agent-for-marketing,/zh/features/ai-video-agent-for-marketing,面向营销的 AI 视频智能体：批量产出广告视频与钩子 | Lovart,2025-10-03,284,PATCH: 检查 SEO meta (title/desc/og) 是否合规; 评估是否在相关 tools 页交叉链接; push IndexNow
tierC-diagnose,feature,zh-TW,ai-video-agent-for-marketing,/zh-TW/features/ai-video-agent-for-marketing,面向行銷的 AI 影片智慧體：批次產出廣告影片與鉤子 | Lovart,2025-10-03,284,PATCH: 检查 SEO meta (title/desc/og) 是否合规; 评估是否在相关 tools 页交叉链接; push IndexNow
tierC-diagnose,feature,en,ai-video-agent-workflow,/en/features/ai-video-agent-workflow,AI Video Agent Workflow,2025-10-04,283,PATCH: 检查 SEO meta (title/desc/og) 是否合规; 评估是否在相关 tools 页交叉链接; push IndexNow
tierC-diagnose,feature,ja,ai-video-agent-workflow,/ja/features/ai-video-agent-workflow,AI 動画エージェントのワークフロー：再現可能な制作フローを標準化 | Lovart,2025-10-04,283,PATCH: 检查 SEO meta (title/desc/og) 是否合规; 评估是否在相关 tools 页交叉链接; push IndexNow
tierC-diagnose,feature,pt,ai-video-agent-workflow,/pt/features/ai-video-agent-workflow,Fluxo do Agente de Vídeo com IA: padronize uma produção repetível | Lovart,2025-10-04,283,PATCH: 检查 SEO meta (title/desc/og) 是否合规; 评估是否在相关 tools 页交叉链接; push IndexNow
tierC-diagnose,feature,zh,ai-video-agent-workflow,/zh/features/ai-video-agent-workflow,可复用的 AI 视频智能体工作流：从需求到多渠道导出 | Lovart,2025-10-04,283,PATCH: 检查 SEO meta (title/desc/og) 是否合规; 评估是否在相关 tools 页交叉链接; push IndexNow
tierC-diagnose,tool,ko,ai-4k-upscaler,/ko/tools/ai-4k-upscaler,[KO] AI 4K Video Upscaler — Upgrade Video Resolution | Lovart,2025-10-04,283,PATCH: 检查 SEO meta (title/desc/og) 是否合规; 评估是否在相关 tools 页交叉链接; push IndexNow
tierC-diagnose,tool,pt,ai-4k-upscaler,/pt/tools/ai-4k-upscaler,[PT] AI 4K Video Upscaler — Upgrade Video Resolution | Lovart,2025-10-04,283,PATCH: 检查 SEO meta (title/desc/og) 是否合规; 评估是否在相关 tools 页交叉链接; push IndexNow
tierC-diagnose,tool,ru,ai-4k-upscaler,/ru/tools/ai-4k-upscaler,[RU] AI 4K Video Upscaler — Upgrade Video Resolution | Lovart,2025-10-04,283,PATCH: 检查 SEO meta (title/desc/og) 是否合规; 评估是否在相关 tools 页交叉链接; push IndexNow
tierC-diagnose,feature,en,ai-facebook-post-designer,/en/features/ai-facebook-post-designer,AI Facebook Post Designer: Create Viral Social Content in Seconds | Lovart,2025-10-05,282,PATCH: 检查 SEO meta (title/desc/og) 是否合规; 评估是否在相关 tools 页交叉链接; push IndexNow
tierC-diagnose,feature,ja,ai-facebook-post-designer,/ja/features/ai-facebook-post-designer,AI Facebook 投稿デザイナー：数秒でバズる SNS コンテンツを作成 | Lovart,2025-10-05,282,PATCH: 检查 SEO meta (title/desc/og) 是否合规; 评估是否在相关 tools 页交叉链接; push IndexNow
tierC-diagnose,feature,en,mcot-engine,/en/features/mcot-engine,MCoT Engine — AI Design Agent by Lovart,2025-10-06,281,PATCH: 检查 SEO meta (title/desc/og) 是否合规; 评估是否在相关 tools 页交叉链接; push IndexNow
tierC-diagnose,feature,ja,mcot-engine,/ja/features/mcot-engine,MCoT エンジン — Lovart の AI デザインエージェント,2025-10-06,281,PATCH: 检查 SEO meta (title/desc/og) 是否合规; 评估是否在相关 tools 页交叉链接; push IndexNow
tierC-diagnose,feature,zh,mcot-engine,/zh/features/mcot-engine,MCoT 引擎 — Lovart 的 AI 设计智能体,2025-10-06,281,PATCH: 检查 SEO meta (title/desc/og) 是否合规; 评估是否在相关 tools 页交叉链接; push IndexNow
tierC-diagnose,feature,en,instagram-story-design,/en/features/instagram-story-design,Engaging Instagram Story Templates Made Simple,2025-10-07,280,PATCH: 检查 SEO meta (title/desc/og) 是否合规; 评估是否在相关 tools 页交叉链接; push IndexNow
tierC-diagnose,feature,fr,instagram-story-design,/fr/features/instagram-story-design,Modèles IA pour Stories Instagram,2025-10-07,280,PATCH: 检查 SEO meta (title/desc/og) 是否合规; 评估是否在相关 tools 页交叉链接; push IndexNow
tierC-diagnose,feature,ja,instagram-story-design,/ja/features/instagram-story-design,簡単に使えるインスタストーリー,2025-10-07,280,PATCH: 检查 SEO meta (title/desc/og) 是否合规; 评估是否在相关 tools 页交叉链接; push IndexNow
tierC-diagnose,feature,ko,instagram-story-design,/ko/features/instagram-story-design,"러바트 인스타 스토리 템플릿, 쉽게 만들기",2025-10-07,280,PATCH: 检查 SEO meta (title/desc/og) 是否合规; 评估是否在相关 tools 页交叉链接; push IndexNow
tierC-diagnose,feature,ru,instagram-story-design,/ru/features/instagram-story-design,Простые шаблоны для Instagram Stories,2025-10-07,280,PATCH: 检查 SEO meta (title/desc/og) 是否合规; 评估是否在相关 tools 页交叉链接; push IndexNow
tierC-diagnose,feature,de,instagram-story-design,/de/features/instagram-story-design,Instagram Story Vorlagen mit KI einfach gestalten,2025-10-07,280,PATCH: 检查 SEO meta (title/desc/og) 是否合规; 评估是否在相关 tools 页交叉链接; push IndexNow
tierC-diagnose,tool,it,viral-content-design,/it/tools/viral-content-design,[IT] Viral Content Designer — Create Share-Worthy Visuals | Lovart,2025-10-07,280,PATCH: 检查 SEO meta (title/desc/og) 是否合规; 评估是否在相关 tools 页交叉链接; push IndexNow
tierC-diagnose,tool,ko,viral-content-design,/ko/tools/viral-content-design,[KO] Viral Content Designer — Create Share-Worthy Visuals | Lovart,2025-10-07,280,PATCH: 检查 SEO meta (title/desc/og) 是否合规; 评估是否在相关 tools 页交叉链接; push IndexNow
tierC-diagnose,tool,pt,viral-content-design,/pt/tools/viral-content-design,[PT] Viral Content Designer — Create Share-Worthy Visuals | Lovart,2025-10-07,280,PATCH: 检查 SEO meta (title/desc/og) 是否合规; 评估是否在相关 tools 页交叉链接; push IndexNow
tierC-diagnose,feature,de,ai-retargeting-ad-generator,/de/features/ai-retargeting-ad-generator,KI-Retargeting-Anzeigen: Verkäufe mit dynamischen Creatives zurückgewinnen | Lovart,2025-10-08,279,PATCH: 检查 SEO meta (title/desc/og) 是否合规; 评估是否在相关 tools 页交叉链接; push IndexNow
tierC-diagnose,feature,en,ai-retargeting-ad-generator,/en/features/ai-retargeting-ad-generator,AI Retargeting Ad Design: Recover Sales with Dynamic Creatives | Lovart,2025-10-08,279,PATCH: 检查 SEO meta (title/desc/og) 是否合规; 评估是否在相关 tools 页交叉链接; push IndexNow
tierC-diagnose,feature,fr,ai-retargeting-ad-generator,/fr/features/ai-retargeting-ad-generator,Annonces IA de reciblage : récupérez vos ventes avec Lovart,2025-10-08,279,PATCH: 检查 SEO meta (title/desc/og) 是否合规; 评估是否在相关 tools 页交叉链接; push IndexNow
tierC-diagnose,feature,it,ai-retargeting-ad-generator,/it/features/ai-retargeting-ad-generator,Design annunci retargeting IA: recupera vendite con creatività dinamiche | Lovart,2025-10-08,279,PATCH: 检查 SEO meta (title/desc/og) 是否合规; 评估是否在相关 tools 页交叉链接; push IndexNow
tierC-diagnose,feature,ja,ai-retargeting-ad-generator,/ja/features/ai-retargeting-ad-generator,AIリターゲティング広告：動的クリエイティブで売上回復｜Lovart,2025-10-08,279,PATCH: 检查 SEO meta (title/desc/og) 是否合规; 评估是否在相关 tools 页交叉链接; push IndexNow
tierC-diagnose,feature,ko,ai-retargeting-ad-generator,/ko/features/ai-retargeting-ad-generator,AI 리타겟팅 광고 디자인: 다이나믹 크리에이티브로 매출 회복 | Lovart,2025-10-08,279,PATCH: 检查 SEO meta (title/desc/og) 是否合规; 评估是否在相关 tools 页交叉链接; push IndexNow
tierC-diagnose,feature,pt,ai-retargeting-ad-generator,/pt/features/ai-retargeting-ad-generator,Design de Anúncios com IA: Recupere Vendas com Criativos Dinâmicos | Lovart,2025-10-08,279,PATCH: 检查 SEO meta (title/desc/og) 是否合规; 评估是否在相关 tools 页交叉链接; push IndexNow
tierC-diagnose,feature,ru,ai-retargeting-ad-generator,/ru/features/ai-retargeting-ad-generator,Динамические креативы ИИ: возвращаем продажи | Lovart,2025-10-08,279,PATCH: 检查 SEO meta (title/desc/og) 是否合规; 评估是否在相关 tools 页交叉链接; push IndexNow
tierC-diagnose,feature,en,pizza-menu-design,/en/features/pizza-menu-design,Professional Pizza Menu Design That Maximizes Orders & Sales,2025-10-09,278,PATCH: 检查 SEO meta (title/desc/og) 是否合规; 评估是否在相关 tools 页交叉链接; push IndexNow
tierC-diagnose,feature,fr,pizza-menu-design,/fr/features/pizza-menu-design,Design de menu pizza IA pour booster les ventes,2025-10-09,278,PATCH: 检查 SEO meta (title/desc/og) 是否合规; 评估是否在相关 tools 页交叉链接; push IndexNow
tierC-diagnose,feature,it,pizza-menu-design,/it/features/pizza-menu-design,Design menu pizza professionale con IA per massimizzare ordini,2025-10-09,278,PATCH: 检查 SEO meta (title/desc/og) 是否合规; 评估是否在相关 tools 页交叉链接; push IndexNow
tierC-diagnose,feature,ja,pizza-menu-design,/ja/features/pizza-menu-design,プロのピザメニューで注文増,2025-10-09,278,PATCH: 检查 SEO meta (title/desc/og) 是否合规; 评估是否在相关 tools 页交叉链接; push IndexNow
tierC-diagnose,feature,ko,pizza-menu-design,/ko/features/pizza-menu-design,주문과 매출을 극대화하는 피자 메뉴 디자인,2025-10-09,278,PATCH: 检查 SEO meta (title/desc/og) 是否合规; 评估是否在相关 tools 页交叉链接; push IndexNow
tierC-diagnose,feature,pt,pizza-menu-design,/pt/features/pizza-menu-design,Cardápio de Pizza Profissional com IA para Aumentar Vendas,2025-10-09,278,PATCH: 检查 SEO meta (title/desc/og) 是否合规; 评估是否在相关 tools 页交叉链接; push IndexNow
tierC-diagnose,feature,ru,pizza-menu-design,/ru/features/pizza-menu-design,Дизайн меню пиццы для роста продаж,2025-10-09,278,PATCH: 检查 SEO meta (title/desc/og) 是否合规; 评估是否在相关 tools 页交叉链接; push IndexNow
tierC-diagnose,feature,de,pizza-menu-design,/de/features/pizza-menu-design,"Professionelles Pizzamenu-Design mit KI, das Bestellungen & Umsatz steigert",2025-10-09,278,PATCH: 检查 SEO meta (title/desc/og) 是否合规; 评估是否在相关 tools 页交叉链接; push IndexNow
tierC-diagnose,feature,en,nano-banana-workflow-optimization,/en/features/nano-banana-workflow-optimization,nano-banana-workflow-optimization,2025-10-10,277,PATCH: 检查 SEO meta (title/desc/og) 是否合规; 评估是否在相关 tools 页交叉链接; push IndexNow
tierC-diagnose,feature,fr,nano-banana-workflow-optimization,/fr/features/nano-banana-workflow-optimization,Optimisation IA du flux banane nano,2025-10-10,277,PATCH: 检查 SEO meta (title/desc/og) 是否合规; 评估是否在相关 tools 页交叉链接; push IndexNow
tierC-diagnose,feature,it,nano-banana-workflow-optimization,/it/features/nano-banana-workflow-optimization,Ottimizzazione flusso lavoro con IA,2025-10-10,277,PATCH: 检查 SEO meta (title/desc/og) 是否合规; 评估是否在相关 tools 页交叉链接; push IndexNow
tierC-diagnose,feature,ja,nano-banana-workflow-optimization,/ja/features/nano-banana-workflow-optimization,ナノバナナ業務最適化,2025-10-10,277,PATCH: 检查 SEO meta (title/desc/og) 是否合规; 评估是否在相关 tools 页交叉链接; push IndexNow
tierC-diagnose,feature,ko,nano-banana-workflow-optimization,/ko/features/nano-banana-workflow-optimization,나노바나나 워크플로우 최적화,2025-10-10,277,PATCH: 检查 SEO meta (title/desc/og) 是否合规; 评估是否在相关 tools 页交叉链接; push IndexNow
tierC-diagnose,feature,pt,nano-banana-workflow-optimization,/pt/features/nano-banana-workflow-optimization,Otimização de fluxo com IA Lovart,2025-10-10,277,PATCH: 检查 SEO meta (title/desc/og) 是否合规; 评估是否在相关 tools 页交叉链接; push IndexNow
tierC-diagnose,feature,ru,nano-banana-workflow-optimization,/ru/features/nano-banana-workflow-optimization,Оптимизация ИИ-воркфлоу Lovart,2025-10-10,277,PATCH: 检查 SEO meta (title/desc/og) 是否合规; 评估是否在相关 tools 页交叉链接; push IndexNow
tierC-diagnose,feature,de,nano-banana-workflow-optimization,/de/features/nano-banana-workflow-optimization,Nano-Banana-Workflow-Optimierung mit KI,2025-10-10,277,PATCH: 检查 SEO meta (title/desc/og) 是否合规; 评估是否在相关 tools 页交叉链接; push IndexNow
tierC-diagnose,tool,ko,ai-batch-processing,/ko/tools/ai-batch-processing,[KO] AI Batch Processing — Generate Hundreds of Designs | Lovart,2025-10-10,277,PATCH: 检查 SEO meta (title/desc/og) 是否合规; 评估是否在相关 tools 页交叉链接; push IndexNow
tierC-diagnose,tool,zh-TW,ai-batch-processing,/zh-TW/tools/ai-batch-processing,[ZH-TW] AI Batch Processing — Generate Hundreds of Designs | Lovart,2025-10-10,277,PATCH: 检查 SEO meta (title/desc/og) 是否合规; 评估是否在相关 tools 页交叉链接; push IndexNow
tierC-diagnose,feature,en,instagram-story-layout-ideas-generator,/en/features/instagram-story-layout-ideas-generator,AI Instagram Story Layout Generator: Viral Ideas in Seconds | Lovart,2025-10-11,276,PATCH: 检查 SEO meta (title/desc/og) 是否合规; 评估是否在相关 tools 页交叉链接; push IndexNow
tierC-diagnose,feature,ja,instagram-story-layout-ideas-generator,/ja/features/instagram-story-layout-ideas-generator,AI Instagram ストーリーレイアウトジェネレーター：数秒でバズるアイデア | Lovart,2025-10-11,276,PATCH: 检查 SEO meta (title/desc/og) 是否合规; 评估是否在相关 tools 页交叉链接; push IndexNow
tierC-diagnose,tool,en,ai-product-image-generator,/en/tools/ai-product-image-generator,AI Product Image Generator | PDP & Marketplace Visuals | Lovart,2025-10-11,276,PATCH: 检查 SEO meta (title/desc/og) 是否合规; 评估是否在相关 tools 页交叉链接; push IndexNow
tierC-diagnose,feature,en,all-in-one-ai-video-generator,/en/features/all-in-one-ai-video-generator,All-in-One AI Video Generator: Prompt to Publish | Lovart,2025-10-12,275,PATCH: 检查 SEO meta (title/desc/og) 是否合规; 评估是否在相关 tools 页交叉链接; push IndexNow
tierC-diagnose,feature,ja,all-in-one-ai-video-generator,/ja/features/all-in-one-ai-video-generator,オールインワンAI動画生成：プロンプトから公開まで｜Lovart,2025-10-12,275,PATCH: 检查 SEO meta (title/desc/og) 是否合规; 评估是否在相关 tools 页交叉链接; push IndexNow
tierC-diagnose,feature,ko,all-in-one-ai-video-generator,/ko/features/all-in-one-ai-video-generator,올인원 AI 영상 생성기: 프롬프트에서 퍼블리시까지 | Lovart,2025-10-12,275,PATCH: 检查 SEO meta (title/desc/og) 是否合规; 评估是否在相关 tools 页交叉链接; push IndexNow
tierC-diagnose,feature,en,restaurant-table-tent-design,/en/features/restaurant-table-tent-design,Restaurant Table Tent Design That Increases Sales,2025-10-13,274,PATCH: 检查 SEO meta (title/desc/og) 是否合规; 评估是否在相关 tools 页交叉链接; push IndexNow
tierC-diagnose,feature,fr,restaurant-table-tent-design,/fr/features/restaurant-table-tent-design,Conception IA de présentoirs de table pour restaurants,2025-10-13,274,PATCH: 检查 SEO meta (title/desc/og) 是否合规; 评估是否在相关 tools 页交叉链接; push IndexNow
tierC-diagnose,feature,it,restaurant-table-tent-design,/it/features/restaurant-table-tent-design,Design tavoli ristorante con IA per più vendite,2025-10-13,274,PATCH: 检查 SEO meta (title/desc/og) 是否合规; 评估是否在相关 tools 页交叉链接; push IndexNow
tierC-diagnose,feature,ja,restaurant-table-tent-design,/ja/features/restaurant-table-tent-design,売上アップの卓上メニュー台デザイン,2025-10-13,274,PATCH: 检查 SEO meta (title/desc/og) 是否合规; 评估是否在相关 tools 页交叉链接; push IndexNow
tierC-diagnose,feature,ko,restaurant-table-tent-design,/ko/features/restaurant-table-tent-design,매출을 높이는 레스토랑 테이블 텐트 디자인,2025-10-13,274,PATCH: 检查 SEO meta (title/desc/og) 是否合规; 评估是否在相关 tools 页交叉链接; push IndexNow
tierC-diagnose,feature,pt,restaurant-table-tent-design,/pt/features/restaurant-table-tent-design,Design de Cartaz de Mesa com IA para Vender Mais,2025-10-13,274,PATCH: 检查 SEO meta (title/desc/og) 是否合规; 评估是否在相关 tools 页交叉链接; push IndexNow
tierC-diagnose,feature,ru,restaurant-table-tent-design,/ru/features/restaurant-table-tent-design,"Дизайн ресторанных меню, увеличивающий продажи",2025-10-13,274,PATCH: 检查 SEO meta (title/desc/og) 是否合规; 评估是否在相关 tools 页交叉链接; push IndexNow
tierC-diagnose,feature,de,restaurant-table-tent-design,/de/features/restaurant-table-tent-design,KI-Tischaufsteller-Design steigert Verkäufe,2025-10-13,274,PATCH: 检查 SEO meta (title/desc/og) 是否合规; 评估是否在相关 tools 页交叉链接; push IndexNow
tierC-diagnose,feature,en,ai-video-agent,/en/features/ai-video-agent,AI Video Agent,2025-10-14,273,PATCH: 检查 SEO meta (title/desc/og) 是否合规; 评估是否在相关 tools 页交叉链接; push IndexNow
tierC-diagnose,feature,ja,ai-video-agent,/ja/features/ai-video-agent,AI 動画エージェント：短編もシネマ映像も企画・生成・仕上げ | Lovart,2025-10-14,273,PATCH: 检查 SEO meta (title/desc/og) 是否合规; 评估是否在相关 tools 页交叉链接; push IndexNow
tierC-diagnose,feature,pt,ai-video-agent,/pt/features/ai-video-agent,"Agente de Vídeo com IA: planeje, gere e refine clipes curtos e cinematográficos | Lovart",2025-10-14,273,PATCH: 检查 SEO meta (title/desc/og) 是否合规; 评估是否在相关 tools 页交叉链接; push IndexNow
tierC-diagnose,feature,zh,ai-video-agent,/zh/features/ai-video-agent,AI 视频智能体：规划、生成并打磨短片与电影感片段 | Lovart,2025-10-14,273,PATCH: 检查 SEO meta (title/desc/og) 是否合规; 评估是否在相关 tools 页交叉链接; push IndexNow
tierC-diagnose,tool,en,ai-avatar-generator,/en/tools/ai-avatar-generator,AI Avatar Generator | Create Talking Avatars & Virtual Characters | Lovart,2025-10-15,272,PATCH: 检查 SEO meta (title/desc/og) 是否合规; 评估是否在相关 tools 页交叉链接; push IndexNow
tierC-diagnose,tool,ja,ai-avatar-generator,/ja/tools/ai-avatar-generator,AIアバタージェネレーター |話すアバターと仮想キャラクターを作成 |ロヴァート,2025-10-15,272,PATCH: 检查 SEO meta (title/desc/og) 是否合规; 评估是否在相关 tools 页交叉链接; push IndexNow
tierC-diagnose,tool,pt,ai-avatar-generator,/pt/tools/ai-avatar-generator,Gerador de avatar de IA | Crie avatares falantes e personagens virtuais | Lovart,2025-10-15,272,PATCH: 检查 SEO meta (title/desc/og) 是否合规; 评估是否在相关 tools 页交叉链接; push IndexNow
tierC-diagnose,tool,ru,ai-avatar-generator,/ru/tools/ai-avatar-generator,Генератор аватаров с искусственным интеллектом | Создание говорящих аватаров и виртуальных персонаже,2025-10-15,272,PATCH: 检查 SEO meta (title/desc/og) 是否合规; 评估是否在相关 tools 页交叉链接; push IndexNow
tierC-diagnose,tool,zh-TW,ai-avatar-generator,/zh-TW/tools/ai-avatar-generator,AI頭像生成器 |創建會說話的頭像和虛擬角色 |洛瓦特,2025-10-15,272,PATCH: 检查 SEO meta (title/desc/og) 是否合规; 评估是否在相关 tools 页交叉链接; push IndexNow
tierC-diagnose,feature,de,discount-banner-design,/de/features/discount-banner-design,KI‑Discount‑Banner: Hohe Conversion,2025-10-15,272,PATCH: 检查 SEO meta (title/desc/og) 是否合规; 评估是否在相关 tools 页交叉链接; push IndexNow
tierC-diagnose,feature,en,discount-banner-design,/en/features/discount-banner-design,High‑Converting Discount Banner Design,2025-10-15,272,PATCH: 检查 SEO meta (title/desc/og) 是否合规; 评估是否在相关 tools 页交叉链接; push IndexNow
tierC-diagnose,feature,fr,discount-banner-design,/fr/features/discount-banner-design,Bannière promo IA à fort taux de conversion,2025-10-15,272,PATCH: 检查 SEO meta (title/desc/og) 是否合规; 评估是否在相关 tools 页交叉链接; push IndexNow
tierC-diagnose,feature,it,discount-banner-design,/it/features/discount-banner-design,Design di banner sconto ad alta conversione con IA,2025-10-15,272,PATCH: 检查 SEO meta (title/desc/og) 是否合规; 评估是否在相关 tools 页交叉链接; push IndexNow
tierC-diagnose,feature,ja,discount-banner-design,/ja/features/discount-banner-design,割引バナーで高コンバージョン,2025-10-15,272,PATCH: 检查 SEO meta (title/desc/og) 是否合规; 评估是否在相关 tools 页交叉链接; push IndexNow
tierC-diagnose,feature,ko,discount-banner-design,/ko/features/discount-banner-design,할인 배너 디자인: 전환율 UP,2025-10-15,272,PATCH: 检查 SEO meta (title/desc/og) 是否合规; 评估是否在相关 tools 页交叉链接; push IndexNow
tierC-diagnose,feature,pt,discount-banner-design,/pt/features/discount-banner-design,Design de Banner de Desconto com IA,2025-10-15,272,PATCH: 检查 SEO meta (title/desc/og) 是否合规; 评估是否在相关 tools 页交叉链接; push IndexNow
tierC-diagnose,feature,ru,discount-banner-design,/ru/features/discount-banner-design,Дизайн скидочного баннера с высокой конверсией,2025-10-15,272,PATCH: 检查 SEO meta (title/desc/og) 是否合规; 评估是否在相关 tools 页交叉链接; push IndexNow
tierC-diagnose,feature,fr,worksheet-design,/fr/features/worksheet-design,Création de fiches éducatives IA avec Lovart,2025-10-16,271,PATCH: 检查 SEO meta (title/desc/og) 是否合规; 评估是否在相关 tools 页交叉链接; push IndexNow
tierC-diagnose,feature,it,worksheet-design,/it/features/worksheet-design,Crea schede didattiche professionali con IA,2025-10-16,271,PATCH: 检查 SEO meta (title/desc/og) 是否合规; 评估是否在相关 tools 页交叉链接; push IndexNow
tierC-diagnose,feature,pt,worksheet-design,/pt/features/worksheet-design,Criação de Fichas Educativas com IA | Lovart,2025-10-16,271,PATCH: 检查 SEO meta (title/desc/og) 是否合规; 评估是否在相关 tools 页交叉链接; push IndexNow
tierC-diagnose,feature,ru,worksheet-design,/ru/features/worksheet-design,Профессиональные учебные листы с ИИ Lovart,2025-10-16,271,PATCH: 检查 SEO meta (title/desc/og) 是否合规; 评估是否在相关 tools 页交叉链接; push IndexNow
tierC-diagnose,feature,zh-TW,worksheet-design,/zh-TW/features/worksheet-design,專業教育學習單設計｜自訂教材超簡單,2025-10-16,271,PATCH: 检查 SEO meta (title/desc/og) 是否合规; 评估是否在相关 tools 页交叉链接; push IndexNow
tierC-diagnose,feature,en,graduation-invitation-design,/en/features/graduation-invitation-design,Professional Graduation Invitation Design Made Simple,2025-10-18,269,PATCH: 检查 SEO meta (title/desc/og) 是否合规; 评估是否在相关 tools 页交叉链接; push IndexNow
tierC-diagnose,feature,fr,restaurant-door-hanger-design,/fr/features/restaurant-door-hanger-design,Des accroches porte IA pour booster vos commandes locales,2025-10-19,268,PATCH: 检查 SEO meta (title/desc/og) 是否合规; 评估是否在相关 tools 页交叉链接; push IndexNow
tierC-diagnose,feature,it,restaurant-door-hanger-design,/it/features/restaurant-door-hanger-design,Design per appendini da porta che attirano ordini locali con IA,2025-10-19,268,PATCH: 检查 SEO meta (title/desc/og) 是否合规; 评估是否在相关 tools 页交叉链接; push IndexNow
tierC-diagnose,feature,ja,restaurant-door-hanger-design,/ja/features/restaurant-door-hanger-design,目を引く店舗用ドアハンガーで地元注文増加,2025-10-19,268,PATCH: 检查 SEO meta (title/desc/og) 是否合规; 评估是否在相关 tools 页交叉链接; push IndexNow
tierC-diagnose,feature,ko,restaurant-door-hanger-design,/ko/features/restaurant-door-hanger-design,레스토랑 도어행거 디자인으로 지역 주문 유도,2025-10-19,268,PATCH: 检查 SEO meta (title/desc/og) 是否合规; 评估是否在相关 tools 页交叉链接; push IndexNow
tierC-diagnose,feature,pt,restaurant-door-hanger-design,/pt/features/restaurant-door-hanger-design,Design de porta para restaurante com IA que atrai pedidos,2025-10-19,268,PATCH: 检查 SEO meta (title/desc/og) 是否合规; 评估是否在相关 tools 页交叉链接; push IndexNow
tierC-diagnose,feature,ru,restaurant-door-hanger-design,/ru/features/restaurant-door-hanger-design,Привлекательные дизайны дверных вешалок для ресторанов с ИИ,2025-10-19,268,PATCH: 检查 SEO meta (title/desc/og) 是否合规; 评估是否在相关 tools 页交叉链接; push IndexNow
tierC-diagnose,feature,de,restaurant-door-hanger-design,/de/features/restaurant-door-hanger-design,"KI-Türhänger-Designs für Restaurants, die lokale Bestellungen fördern",2025-10-19,268,PATCH: 检查 SEO meta (title/desc/og) 是否合规; 评估是否在相关 tools 页交叉链接; push IndexNow
tierC-diagnose,tool,de,ai-interior-design,/de/tools/ai-interior-design,[DE] AI Interior Design Generator — Visualize Room Makeovers | Lovart,2025-10-19,268,PATCH: 检查 SEO meta (title/desc/og) 是否合规; 评估是否在相关 tools 页交叉链接; push IndexNow
tierC-diagnose,tool,it,ai-interior-design,/it/tools/ai-interior-design,[IT] AI Interior Design Generator — Visualize Room Makeovers | Lovart,2025-10-19,268,PATCH: 检查 SEO meta (title/desc/og) 是否合规; 评估是否在相关 tools 页交叉链接; push IndexNow
tierC-diagnose,tool,ja,ai-interior-design,/ja/tools/ai-interior-design,[JA] AI Interior Design Generator — Visualize Room Makeovers | Lovart,2025-10-19,268,PATCH: 检查 SEO meta (title/desc/og) 是否合规; 评估是否在相关 tools 页交叉链接; push IndexNow
tierC-diagnose,tool,zh-TW,ai-interior-design,/zh-TW/tools/ai-interior-design,[ZH-TW] AI Interior Design Generator — Visualize Room Makeovers | Lovart,2025-10-19,268,PATCH: 检查 SEO meta (title/desc/og) 是否合规; 评估是否在相关 tools 页交叉链接; push IndexNow
tierC-diagnose,feature,en,ai-video-agent-for-instagram-reels,/en/features/ai-video-agent-for-instagram-reels,AI Video Agent for Instagram Reels,2025-10-20,267,PATCH: 检查 SEO meta (title/desc/og) 是否合规; 评估是否在相关 tools 页交叉链接; push IndexNow
tierC-diagnose,tool,en,kling-o1,/en/tools/kling-o1,Kling O1 AI Video Generator | Stylized Creative Video | Lovart,2025-10-20,267,PATCH: 检查 SEO meta (title/desc/og) 是否合规; 评估是否在相关 tools 页交叉链接; push IndexNow
tierC-diagnose,tool,zh,kling-o1,/zh/tools/kling-o1,Kling O1 AI视频生成器 |风格化创意视频|洛瓦特,2025-10-20,267,PATCH: 检查 SEO meta (title/desc/og) 是否合规; 评估是否在相关 tools 页交叉链接; push IndexNow
tierC-diagnose,feature,en,restaurant-brochure-design,/en/features/restaurant-brochure-design,Professional Restaurant Brochure Design That Attracts Diners,2025-10-21,266,PATCH: 检查 SEO meta (title/desc/og) 是否合规; 评估是否在相关 tools 页交叉链接; push IndexNow
tierC-diagnose,feature,en,ai-facebook-ad-creative-generator,/en/features/ai-facebook-ad-creative-generator,AI Facebook Ad Creative Generator: High-Converting Ads at Scale | Lovart,2025-10-22,265,PATCH: 检查 SEO meta (title/desc/og) 是否合规; 评估是否在相关 tools 页交叉链接; push IndexNow
tierC-diagnose,feature,fr,ai-facebook-ad-creative-generator,/fr/features/ai-facebook-ad-creative-generator,Générateur IA de pubs Facebook : annonces performantes à grande échelle,2025-10-22,265,PATCH: 检查 SEO meta (title/desc/og) 是否合规; 评估是否在相关 tools 页交叉链接; push IndexNow
tierC-diagnose,feature,ja,ai-facebook-ad-creative-generator,/ja/features/ai-facebook-ad-creative-generator,LovartでAI広告生成、高コンバートを実現,2025-10-22,265,PATCH: 检查 SEO meta (title/desc/og) 是否合规; 评估是否在相关 tools 页交叉链接; push IndexNow
tierC-diagnose,feature,pt,ai-facebook-ad-creative-generator,/pt/features/ai-facebook-ad-creative-generator,Gerador de Criativos para Anúncios no Facebook com IA | Lovart,2025-10-22,265,PATCH: 检查 SEO meta (title/desc/og) 是否合规; 评估是否在相关 tools 页交叉链接; push IndexNow
tierC-diagnose,feature,fr,restaurant-logo-design,/fr/features/restaurant-logo-design,Logo restaurant IA pour sublimer votre marque,2025-10-24,263,PATCH: 检查 SEO meta (title/desc/og) 是否合规; 评估是否在相关 tools 页交叉链接; push IndexNow
tierC-diagnose,feature,it,restaurant-logo-design,/it/features/restaurant-logo-design,Crea il logo del ristorante con IA per il tuo brand culinario,2025-10-24,263,PATCH: 检查 SEO meta (title/desc/og) 是否合规; 评估是否在相关 tools 页交叉链接; push IndexNow
tierC-diagnose,feature,ja,restaurant-logo-design,/ja/features/restaurant-logo-design,料理ブランドを高めるレストランロゴ,2025-10-24,263,PATCH: 检查 SEO meta (title/desc/og) 是否合规; 评估是否在相关 tools 页交叉链接; push IndexNow
tierC-diagnose,feature,ko,restaurant-logo-design,/ko/features/restaurant-logo-design,레스토랑 로고로 완성하는 Lovart 브랜딩,2025-10-24,263,PATCH: 检查 SEO meta (title/desc/og) 是否合规; 评估是否在相关 tools 页交叉链接; push IndexNow
tierC-diagnose,feature,pt,restaurant-logo-design,/pt/features/restaurant-logo-design,Design de Logotipo com IA para Restaurantes,2025-10-24,263,PATCH: 检查 SEO meta (title/desc/og) 是否合规; 评估是否在相关 tools 页交叉链接; push IndexNow
tierC-diagnose,feature,ru,restaurant-logo-design,/ru/features/restaurant-logo-design,Дизайн логотипа ресторана: ИИ для вашего бренда,2025-10-24,263,PATCH: 检查 SEO meta (title/desc/og) 是否合规; 评估是否在相关 tools 页交叉链接; push IndexNow
tierC-diagnose,feature,de,restaurant-logo-design,/de/features/restaurant-logo-design,KI-Restaurant-Logos für deine Marke,2025-10-24,263,PATCH: 检查 SEO meta (title/desc/og) 是否合规; 评估是否在相关 tools 页交叉链接; push IndexNow
tierC-diagnose,feature,ja,ai-webtoon-comic-generator-seedance,/ja/features/ai-webtoon-comic-generator-seedance,Lovartで高速AIウェブトゥーン作成,2025-10-25,262,PATCH: 检查 SEO meta (title/desc/og) 是否合规; 评估是否在相关 tools 页交叉链接; push IndexNow
tierC-diagnose,feature,de,ai-design-marketing-agency,/de/features/ai-design-marketing-agency,Deine KI-Design- & Marketing-Agentur: Kampagnen sofort automatisieren,2025-10-26,261,PATCH: 检查 SEO meta (title/desc/og) 是否合规; 评估是否在相关 tools 页交叉链接; push IndexNow
tierC-diagnose,feature,fr,ai-design-marketing-agency,/fr/features/ai-design-marketing-agency,Votre agence IA de design et marketing : automatisez vos campagnes,2025-10-26,261,PATCH: 检查 SEO meta (title/desc/og) 是否合规; 评估是否在相关 tools 页交叉链接; push IndexNow
tierC-diagnose,feature,ja,ai-design-marketing-agency,/ja/features/ai-design-marketing-agency,AIでデザインとマーケを自動化,2025-10-26,261,PATCH: 检查 SEO meta (title/desc/og) 是否合规; 评估是否在相关 tools 页交叉链接; push IndexNow
tierC-diagnose,feature,ko,ai-design-marketing-agency,/ko/features/ai-design-marketing-agency,AI 디자인·마케팅 회사 Lovart: 캠페인 자동화,2025-10-26,261,PATCH: 检查 SEO meta (title/desc/og) 是否合规; 评估是否在相关 tools 页交叉链接; push IndexNow
tierC-diagnose,feature,en,shopify-banner-design,/en/features/shopify-banner-design,AI Shopify Banner Generator | Smart Ecommerce Banner Maker for High-Converting Stores,2025-10-28,259,PATCH: 检查 SEO meta (title/desc/og) 是否合规; 评估是否在相关 tools 页交叉链接; push IndexNow
tierC-diagnose,feature,fr,shopify-banner-design,/fr/features/shopify-banner-design,Générateur IA de bannières Shopify | Créez des bannières e-commerce performantes,2025-10-28,259,PATCH: 检查 SEO meta (title/desc/og) 是否合规; 评估是否在相关 tools 页交叉链接; push IndexNow
tierC-diagnose,feature,it,shopify-banner-design,/it/features/shopify-banner-design,Generatore IA di Banner Shopify | Crea banner ecommerce ad alta conversione,2025-10-28,259,PATCH: 检查 SEO meta (title/desc/og) 是否合规; 评估是否在相关 tools 页交叉链接; push IndexNow
tierC-diagnose,feature,ja,shopify-banner-design,/ja/features/shopify-banner-design,AI Shopifyバナー生成ツール｜高変換率ストア向けスマートバナーメーカー,2025-10-28,259,PATCH: 检查 SEO meta (title/desc/og) 是否合规; 评估是否在相关 tools 页交叉链接; push IndexNow
tierC-diagnose,feature,ko,shopify-banner-design,/ko/features/shopify-banner-design,AI 쇼피파이 배너 생성기 | Lovart,2025-10-28,259,PATCH: 检查 SEO meta (title/desc/og) 是否合规; 评估是否在相关 tools 页交叉链接; push IndexNow
tierC-diagnose,feature,ru,shopify-banner-design,/ru/features/shopify-banner-design,Генератор баннеров ИИ для Shopify | Умный инструмент для конверсии,2025-10-28,259,PATCH: 检查 SEO meta (title/desc/og) 是否合规; 评估是否在相关 tools 页交叉链接; push IndexNow
tierC-diagnose,feature,de,shopify-banner-design,/de/features/shopify-banner-design,KI-Shopify-Banner-Generator | Smarte Banner für hohe Conversion,2025-10-28,259,PATCH: 检查 SEO meta (title/desc/og) 是否合规; 评估是否在相关 tools 页交叉链接; push IndexNow
tierC-diagnose,feature,en,nano-banana-illustration-projects,/en/features/nano-banana-illustration-projects,"Nano Banana Illustration Projects - Professional Book, Editorial & Commercial Illustration | Lovart ",2025-10-29,258,PATCH: 检查 SEO meta (title/desc/og) 是否合规; 评估是否在相关 tools 页交叉链接; push IndexNow
tierC-diagnose,feature,fr,nano-banana-illustration-projects,/fr/features/nano-banana-illustration-projects,Projets d'illustration IA de bananes nano,2025-10-29,258,PATCH: 检查 SEO meta (title/desc/og) 是否合规; 评估是否在相关 tools 页交叉链接; push IndexNow
tierC-diagnose,feature,it,nano-banana-illustration-projects,/it/features/nano-banana-illustration-projects,"Progetti di illustrazione banana nano - Libri, editoriali e commerciali | Lovart IA",2025-10-29,258,PATCH: 检查 SEO meta (title/desc/og) 是否合规; 评估是否在相关 tools 页交叉链接; push IndexNow
tierC-diagnose,feature,ja,nano-banana-illustration-projects,/ja/features/nano-banana-illustration-projects,ナノバナナのイラスト制作：書籍・編集・商業向け | Lovart AI,2025-10-29,258,PATCH: 检查 SEO meta (title/desc/og) 是否合规; 评估是否在相关 tools 页交叉链接; push IndexNow
tierC-diagnose,feature,ko,nano-banana-illustration-projects,/ko/features/nano-banana-illustration-projects,나노 바나나 일러스트 프로젝트 | Lovart AI,2025-10-29,258,PATCH: 检查 SEO meta (title/desc/og) 是否合规; 评估是否在相关 tools 页交叉链接; push IndexNow
tierC-diagnose,feature,pt,nano-banana-illustration-projects,/pt/features/nano-banana-illustration-projects,Projetos de Ilustração Nano Banana com IA | Lovart,2025-10-29,258,PATCH: 检查 SEO meta (title/desc/og) 是否合规; 评估是否在相关 tools 页交叉链接; push IndexNow
tierC-diagnose,feature,ru,nano-banana-illustration-projects,/ru/features/nano-banana-illustration-projects,"Иллюстрации нано-банана: книги, редакция, коммерция | Lovart ИИ",2025-10-29,258,PATCH: 检查 SEO meta (title/desc/og) 是否合规; 评估是否在相关 tools 页交叉链接; push IndexNow
tierC-diagnose,feature,de,nano-banana-illustration-projects,/de/features/nano-banana-illustration-projects,"Nano-Bananen-Illustrationen – Profi-Buch-, Redaktions- & Werbegrafik | Lovart KI",2025-10-29,258,PATCH: 检查 SEO meta (title/desc/og) 是否合规; 评估是否在相关 tools 页交叉链接; push IndexNow
tierC-diagnose,feature,ja,catering-menu-design,/ja/features/catering-menu-design,イベント予約増加のための特注メニュー設計,2025-10-30,257,PATCH: 检查 SEO meta (title/desc/og) 是否合规; 评估是否在相关 tools 页交叉链接; push IndexNow
tierC-diagnose,feature,zh-TW,catering-menu-design,/zh-TW/features/catering-menu-design,客製外燴菜單設計，提升活動訂單,2025-10-30,257,PATCH: 检查 SEO meta (title/desc/og) 是否合规; 评估是否在相关 tools 页交叉链接; push IndexNow
tierC-diagnose,feature,fr,ai-avatar-streaming-seedance,/fr/features/ai-avatar-streaming-seedance,Streaming IA 24/7 & Clips Auto | Lovart,2025-10-31,256,PATCH: 检查 SEO meta (title/desc/og) 是否合规; 评估是否在相关 tools 页交叉链接; push IndexNow
tierC-diagnose,feature,it,ai-avatar-streaming-seedance,/it/features/ai-avatar-streaming-seedance,Streaming live IA 24/7 con avatar e clip automatiche | Lovart,2025-10-31,256,PATCH: 检查 SEO meta (title/desc/og) 是否合规; 评估是否在相关 tools 页交叉链接; push IndexNow
tierC-diagnose,feature,ja,ai-avatar-streaming-seedance,/ja/features/ai-avatar-streaming-seedance,24時間 AI アバターライブ配信＆自動切り抜き | Lovart,2025-10-31,256,PATCH: 检查 SEO meta (title/desc/og) 是否合规; 评估是否在相关 tools 页交叉链接; push IndexNow
tierC-diagnose,feature,pt,ai-avatar-streaming-seedance,/pt/features/ai-avatar-streaming-seedance,Transmissão ao Vivo 24/7 com Avatar IA e Clipes Automáticos | Lovart,2025-10-31,256,PATCH: 检查 SEO meta (title/desc/og) 是否合规; 评估是否在相关 tools 页交叉链接; push IndexNow
tierC-diagnose,feature,fr,graphic-design,/fr/features/graphic-design,Design graphique pro simplifié par IA,2025-11-01,255,PATCH: 检查 SEO meta (title/desc/og) 是否合规; 评估是否在相关 tools 页交叉链接; push IndexNow
tierC-diagnose,feature,it,graphic-design,/it/features/graphic-design,"Design grafico professionale, reso semplice con IA",2025-11-01,255,PATCH: 检查 SEO meta (title/desc/og) 是否合规; 评估是否在相关 tools 页交叉链接; push IndexNow
tierC-diagnose,feature,ja,graphic-design,/ja/features/graphic-design,プロが教える簡単グラフィックデザイン,2025-11-01,255,PATCH: 检查 SEO meta (title/desc/og) 是否合规; 评估是否在相关 tools 页交叉链接; push IndexNow
tierC-diagnose,feature,ko,graphic-design,/ko/features/graphic-design,"전문 그래픽 디자인, Lovart로 간편하게",2025-11-01,255,PATCH: 检查 SEO meta (title/desc/og) 是否合规; 评估是否在相关 tools 页交叉链接; push IndexNow
tierC-diagnose,feature,pt,graphic-design,/pt/features/graphic-design,Design Gráfico Profissional Simplificado com IA,2025-11-01,255,PATCH: 检查 SEO meta (title/desc/og) 是否合规; 评估是否在相关 tools 页交叉链接; push IndexNow
tierC-diagnose,feature,ru,graphic-design,/ru/features/graphic-design,Профессиональный дизайн с ИИ Lovart,2025-11-01,255,PATCH: 检查 SEO meta (title/desc/og) 是否合规; 评估是否在相关 tools 页交叉链接; push IndexNow
tierC-diagnose,feature,de,graphic-design,/de/features/graphic-design,Professionelles Grafikdesign leicht gemacht | Erstelle eigene KI-Visuals,2025-11-01,255,PATCH: 检查 SEO meta (title/desc/og) 是否合规; 评估是否在相关 tools 页交叉链接; push IndexNow
tierC-diagnose,feature,en,graphic-design,/en/features/graphic-design,Professional Graphic Design Made Simple | Create Custom Visuals Online,2025-11-01,255,PATCH: 检查 SEO meta (title/desc/og) 是否合规; 评估是否在相关 tools 页交叉链接; push IndexNow
tierC-diagnose,feature,de,ai-subscribe-ad-generator,/de/features/ai-subscribe-ad-generator,KI-Abo-Anzeigengenerator: Designe Pop-ups & Banner | Lovart,2025-11-02,254,PATCH: 检查 SEO meta (title/desc/og) 是否合规; 评估是否在相关 tools 页交叉链接; push IndexNow
tierC-diagnose,feature,fr,ai-subscribe-ad-generator,/fr/features/ai-subscribe-ad-generator,Générateur IA d'abonnements : pop-ups et bannières performants | Lovart,2025-11-02,254,PATCH: 检查 SEO meta (title/desc/og) 是否合规; 评估是否在相关 tools 页交叉链接; push IndexNow
tierC-diagnose,feature,it,ai-subscribe-ad-generator,/it/features/ai-subscribe-ad-generator,Generatore di annunci IA: pop-up e banner ad alta conversione | Lovart,2025-11-02,254,PATCH: 检查 SEO meta (title/desc/og) 是否合规; 评估是否在相关 tools 页交叉链接; push IndexNow
tierC-diagnose,feature,ja,ai-subscribe-ad-generator,/ja/features/ai-subscribe-ad-generator,LovartでAI購読広告作成：高変換ポップアップ＆バナー,2025-11-02,254,PATCH: 检查 SEO meta (title/desc/og) 是否合规; 评估是否在相关 tools 页交叉链接; push IndexNow
tierC-diagnose,feature,ko,ai-subscribe-ad-generator,/ko/features/ai-subscribe-ad-generator,러바트 AI 구독 광고: 고전환 팝업·배너 디자인,2025-11-02,254,PATCH: 检查 SEO meta (title/desc/og) 是否合规; 评估是否在相关 tools 页交叉链接; push IndexNow
tierC-diagnose,feature,pt,ai-subscribe-ad-generator,/pt/features/ai-subscribe-ad-generator,Gerador de Anúncios com IA: Pop-ups e Banners | Lovart,2025-11-02,254,PATCH: 检查 SEO meta (title/desc/og) 是否合规; 评估是否在相关 tools 页交叉链接; push IndexNow
tierC-diagnose,feature,ru,ai-subscribe-ad-generator,/ru/features/ai-subscribe-ad-generator,ИИ-генератор подписок: создавайте конверсионные попапы и баннеры | Lovart,2025-11-02,254,PATCH: 检查 SEO meta (title/desc/og) 是否合规; 评估是否在相关 tools 页交叉链接; push IndexNow
tierC-diagnose,feature,fr,food-banner-design,/fr/features/food-banner-design,Bannières alimentaires IA qui captent l'attention,2025-11-03,253,PATCH: 检查 SEO meta (title/desc/og) 是否合规; 评估是否在相关 tools 页交叉链接; push IndexNow
tierC-diagnose,feature,it,food-banner-design,/it/features/food-banner-design,Design banner alimentari con IA per coinvolgere online,2025-11-03,253,PATCH: 检查 SEO meta (title/desc/og) 是否合规; 评估是否在相关 tools 页交叉链接; push IndexNow
tierC-diagnose,feature,ja,food-banner-design,/ja/features/food-banner-design,魅力的な食品バナーで集客,2025-11-03,253,PATCH: 检查 SEO meta (title/desc/og) 是否合规; 评估是否在相关 tools 页交叉链接; push IndexNow
tierC-diagnose,feature,ko,food-banner-design,/ko/features/food-banner-design,시선을 사로잡는 Lovart 푸드 배너 디자인,2025-11-03,253,PATCH: 检查 SEO meta (title/desc/og) 是否合规; 评估是否在相关 tools 页交叉链接; push IndexNow
tierC-diagnose,feature,pt,food-banner-design,/pt/features/food-banner-design,Design de Banner Alimentar com IA para Engajar Online,2025-11-03,253,PATCH: 检查 SEO meta (title/desc/og) 是否合规; 评估是否在相关 tools 页交叉链接; push IndexNow
tierC-diagnose,feature,ru,food-banner-design,/ru/features/food-banner-design,Привлекательные баннеры для еды с ИИ Lovart,2025-11-03,253,PATCH: 检查 SEO meta (title/desc/og) 是否合规; 评估是否在相关 tools 页交叉链接; push IndexNow
tierC-diagnose,feature,de,food-banner-design,/de/features/food-banner-design,KI-Designed Food-Banner für mehr Online-Engagement,2025-11-03,253,PATCH: 检查 SEO meta (title/desc/og) 是否合规; 评估是否在相关 tools 页交叉链接; push IndexNow
tierC-diagnose,feature,en,food-banner-design,/en/features/food-banner-design,Eye‑Catching Food Banner Designs That Drive Online Engagement,2025-11-03,253,PATCH: 检查 SEO meta (title/desc/og) 是否合规; 评估是否在相关 tools 页交叉链接; push IndexNow
tierC-diagnose,feature,ja,seedance-viral-short-video-assets,/ja/features/seedance-viral-short-video-assets,Seedance AIでショート動画収益向上｜Lovart,2025-11-05,251,PATCH: 检查 SEO meta (title/desc/og) 是否合规; 评估是否在相关 tools 页交叉链接; push IndexNow
tierC-diagnose,feature,ko,seedance-viral-short-video-assets,/ko/features/seedance-viral-short-video-assets,씨드런스 AI로 숏폭 수익 극대화 | Lovart,2025-11-05,251,PATCH: 检查 SEO meta (title/desc/og) 是否合规; 评估是否在相关 tools 页交叉链接; push IndexNow
tierC-diagnose,feature,ru,seedance-viral-short-video-assets,/ru/features/seedance-viral-short-video-assets,Увеличьте доход от видео с Seedance ИИ | Lovart,2025-11-05,251,PATCH: 检查 SEO meta (title/desc/og) 是否合规; 评估是否在相关 tools 页交叉链接; push IndexNow
tierC-diagnose,feature,de,seedance-viral-short-video-assets,/de/features/seedance-viral-short-video-assets,Steigere Kurzvideo-Umsätze mit KI-Inhalten | Lovart,2025-11-05,251,PATCH: 检查 SEO meta (title/desc/og) 是否合规; 评估是否在相关 tools 页交叉链接; push IndexNow
tierC-diagnose,feature,ja,quick-poster-generation-by-lovart,/ja/features/quick-poster-generation-by-lovart,クイックポスター生成 | 60秒でポスターを作成 - Lovart,2025-11-06,250,PATCH: 检查 SEO meta (title/desc/og) 是否合规; 评估是否在相关 tools 页交叉链接; push IndexNow
tierC-diagnose,feature,zh-TW,quick-poster-generation-by-lovart,/zh-TW/features/quick-poster-generation-by-lovart,快速海報生成器 | 60 秒做出專業海報 - Lovart,2025-11-06,250,PATCH: 检查 SEO meta (title/desc/og) 是否合规; 评估是否在相关 tools 页交叉链接; push IndexNow
tierC-diagnose,feature,en,ai-twitter-header-creator,/en/features/ai-twitter-header-creator,AI Twitter Header Creator: Design Aesthetic X Banners | Lovart,2025-11-07,249,PATCH: 检查 SEO meta (title/desc/og) 是否合规; 评估是否在相关 tools 页交叉链接; push IndexNow
tierC-diagnose,feature,ja,ai-twitter-header-creator,/ja/features/ai-twitter-header-creator,AIで作るおしゃれなXヘッダー | Lovart,2025-11-07,249,PATCH: 检查 SEO meta (title/desc/og) 是否合规; 评估是否在相关 tools 页交叉链接; push IndexNow
tierC-diagnose,feature,zh-TW,social-media-post-design,/zh-TW/features/social-media-post-design,客製社群貼文設計，互動率最高！,2025-11-08,248,PATCH: 检查 SEO meta (title/desc/og) 是否合规; 评估是否在相关 tools 页交叉链接; push IndexNow
tierC-diagnose,feature,ja,seedance-text-to-video-ai,/ja/features/seedance-text-to-video-ai,最高の動画生成AI：Seedance 2.0,2025-11-09,247,PATCH: 检查 SEO meta (title/desc/og) 是否合规; 评估是否在相关 tools 页交叉链接; push IndexNow
tierC-diagnose,feature,ko,seedance-text-to-video-ai,/ko/features/seedance-text-to-video-ai,최고의 텍스트 투 비디오 AI: 시던스 2.0 | Lovart,2025-11-09,247,PATCH: 检查 SEO meta (title/desc/og) 是否合规; 评估是否在相关 tools 页交叉链接; push IndexNow
tierC-diagnose,feature,ja,seedance-viral-matrix-operation,/ja/features/seedance-viral-matrix-operation,TikTokアカウントをAIで拡大｜Lovart,2025-11-10,246,PATCH: 检查 SEO meta (title/desc/og) 是否合规; 评估是否在相关 tools 页交叉链接; push IndexNow
tierC-diagnose,feature,ko,seedance-viral-matrix-operation,/ko/features/seedance-viral-matrix-operation,"러바트, 시드던스 2.0 AI로 틱톡 계정 확장",2025-11-10,246,PATCH: 检查 SEO meta (title/desc/og) 是否合规; 评估是否在相关 tools 页交叉链接; push IndexNow
tierC-diagnose,feature,ru,seedance-viral-matrix-operation,/ru/features/seedance-viral-matrix-operation,Масштабируйте TikTok с ИИ Seedance 2.0 | Lovart,2025-11-10,246,PATCH: 检查 SEO meta (title/desc/og) 是否合规; 评估是否在相关 tools 页交叉链接; push IndexNow
tierC-diagnose,feature,de,seedance-viral-matrix-operation,/de/features/seedance-viral-matrix-operation,Skaliere TikTok-Matrix-Konten mit Seedance 2.0 KI | Lovart,2025-11-10,246,PATCH: 检查 SEO meta (title/desc/og) 是否合规; 评估是否在相关 tools 页交叉链接; push IndexNow
tierC-diagnose,tool,fr,ai-brand-campaign,/fr/tools/ai-brand-campaign,[FR] AI Brand Campaign Designer — Complete Campaign Assets | Lovart,2025-11-10,246,PATCH: 检查 SEO meta (title/desc/og) 是否合规; 评估是否在相关 tools 页交叉链接; push IndexNow
tierC-diagnose,tool,ja,ai-brand-campaign,/ja/tools/ai-brand-campaign,[JA] AI Brand Campaign Designer — Complete Campaign Assets | Lovart,2025-11-10,246,PATCH: 检查 SEO meta (title/desc/og) 是否合规; 评估是否在相关 tools 页交叉链接; push IndexNow
tierC-diagnose,tool,pt,ai-brand-campaign,/pt/tools/ai-brand-campaign,[PT] AI Brand Campaign Designer — Complete Campaign Assets | Lovart,2025-11-10,246,PATCH: 检查 SEO meta (title/desc/og) 是否合规; 评估是否在相关 tools 页交叉链接; push IndexNow
tierC-diagnose,tool,ru,ai-brand-campaign,/ru/tools/ai-brand-campaign,[RU] AI Brand Campaign Designer — Complete Campaign Assets | Lovart,2025-11-10,246,PATCH: 检查 SEO meta (title/desc/og) 是否合规; 评估是否在相关 tools 页交叉链接; push IndexNow
tierC-diagnose,feature,en,nano-banana-product-photography,/en/features/nano-banana-product-photography,"AI Nano Banana Product Photography – Automated Lighting, Backgrounds & Batch Optimization",2025-11-11,245,PATCH: 检查 SEO meta (title/desc/og) 是否合规; 评估是否在相关 tools 页交叉链接; push IndexNow
tierC-diagnose,feature,fr,nano-banana-product-photography,/fr/features/nano-banana-product-photography,"Photographie IA de bananes : éclairage, fonds et lots optimisés",2025-11-11,245,PATCH: 检查 SEO meta (title/desc/og) 是否合规; 评估是否在相关 tools 页交叉链接; push IndexNow
tierC-diagnose,feature,it,nano-banana-product-photography,/it/features/nano-banana-product-photography,"Fotografia prodotto IA: illuminazione, sfondi e batch automatici",2025-11-11,245,PATCH: 检查 SEO meta (title/desc/og) 是否合规; 评估是否在相关 tools 页交叉链接; push IndexNow
tierC-diagnose,feature,ja,nano-banana-product-photography,/ja/features/nano-banana-product-photography,AIナノバナナ商品撮影：自動照明・背景・一括最適化,2025-11-11,245,PATCH: 检查 SEO meta (title/desc/og) 是否合规; 评估是否在相关 tools 页交叉链接; push IndexNow
tierC-diagnose,feature,ko,nano-banana-product-photography,/ko/features/nano-banana-product-photography,"AI 나노 바나나 제품 사진 - 자동 조명, 배경 및 배치 최적화",2025-11-11,245,PATCH: 检查 SEO meta (title/desc/og) 是否合规; 评估是否在相关 tools 页交叉链接; push IndexNow
tierC-diagnose,feature,pt,nano-banana-product-photography,/pt/features/nano-banana-product-photography,"Fotografia de Produto com IA – Iluminação, Fundos e Otimização em Lote",2025-11-11,245,PATCH: 检查 SEO meta (title/desc/og) 是否合规; 评估是否在相关 tools 页交叉链接; push IndexNow
tierC-diagnose,feature,ru,nano-banana-product-photography,/ru/features/nano-banana-product-photography,"ИИ-фотосъёмка бананов: свет, фон, батч-оптимизация",2025-11-11,245,PATCH: 检查 SEO meta (title/desc/og) 是否合规; 评估是否在相关 tools 页交叉链接; push IndexNow
tierC-diagnose,feature,de,nano-banana-product-photography,/de/features/nano-banana-product-photography,KI-Nano-Bananen-Produktfotografie – Automatische Beleuchtung & Hintergründe,2025-11-11,245,PATCH: 检查 SEO meta (title/desc/og) 是否合规; 评估是否在相关 tools 页交叉链接; push IndexNow
tierC-diagnose,tool,fr,online-design-platform,/fr/tools/online-design-platform,[FR] Online AI Design Platform — Browser-Based Creation | Lovart,2025-11-11,245,PATCH: 检查 SEO meta (title/desc/og) 是否合规; 评估是否在相关 tools 页交叉链接; push IndexNow
tierC-diagnose,tool,pt,online-design-platform,/pt/tools/online-design-platform,[PT] Online AI Design Platform — Browser-Based Creation | Lovart,2025-11-11,245,PATCH: 检查 SEO meta (title/desc/og) 是否合规; 评估是否在相关 tools 页交叉链接; push IndexNow
tierC-diagnose,tool,ru,online-design-platform,/ru/tools/online-design-platform,[RU] Online AI Design Platform — Browser-Based Creation | Lovart,2025-11-11,245,PATCH: 检查 SEO meta (title/desc/og) 是否合规; 评估是否在相关 tools 页交叉链接; push IndexNow
tierC-diagnose,tool,zh-TW,online-design-platform,/zh-TW/tools/online-design-platform,[ZH-TW] Online AI Design Platform — Browser-Based Creation | Lovart,2025-11-11,245,PATCH: 检查 SEO meta (title/desc/og) 是否合规; 评估是否在相关 tools 页交叉链接; push IndexNow
tierC-diagnose,feature,en,e-learning-banner-design,/en/features/e-learning-banner-design,Professional E-learning Banner Design | Boost Course Engagement Fast,2025-11-12,244,PATCH: 检查 SEO meta (title/desc/og) 是否合规; 评估是否在相关 tools 页交叉链接; push IndexNow
tierC-diagnose,feature,ja,e-learning-banner-design,/ja/features/e-learning-banner-design,プロeラーニングバナーで受講率アップ,2025-11-12,244,PATCH: 检查 SEO meta (title/desc/og) 是否合规; 评估是否在相关 tools 页交叉链接; push IndexNow
tierC-diagnose,feature,en,nano-banana-creative-brainstorming,/en/features/nano-banana-creative-brainstorming,Nano Banana Creative Brainstorming – AI-Powered Idea Generation and Innovation Tools,2025-11-13,243,PATCH: 检查 SEO meta (title/desc/og) 是否合规; 评估是否在相关 tools 页交叉链接; push IndexNow
tierC-diagnose,feature,fr,nano-banana-creative-brainstorming,/fr/features/nano-banana-creative-brainstorming,Brainstorming créatif Nano Banana – IA Lovart,2025-11-13,243,PATCH: 检查 SEO meta (title/desc/og) 是否合规; 评估是否在相关 tools 页交叉链接; push IndexNow
tierC-diagnose,feature,it,nano-banana-creative-brainstorming,/it/features/nano-banana-creative-brainstorming,Nano Banana Creative Brainstorming – Generazione di idee e innovazione con IA,2025-11-13,243,PATCH: 检查 SEO meta (title/desc/og) 是否合规; 评估是否在相关 tools 页交叉链接; push IndexNow
tierC-diagnose,feature,ja,nano-banana-creative-brainstorming,/ja/features/nano-banana-creative-brainstorming,ナノバナナ発想術：AIで革新アイデア生成,2025-11-13,243,PATCH: 检查 SEO meta (title/desc/og) 是否合规; 评估是否在相关 tools 页交叉链接; push IndexNow
tierC-diagnose,feature,ko,nano-banana-creative-brainstorming,/ko/features/nano-banana-creative-brainstorming,나노 바나나 창의 브레인스토밍 – AI 아이디어 혁신 도구,2025-11-13,243,PATCH: 检查 SEO meta (title/desc/og) 是否合规; 评估是否在相关 tools 页交叉链接; push IndexNow
tierC-diagnose,feature,pt,nano-banana-creative-brainstorming,/pt/features/nano-banana-creative-brainstorming,Nano Banana Criativo – Geração de Ideias com IA,2025-11-13,243,PATCH: 检查 SEO meta (title/desc/og) 是否合规; 评估是否在相关 tools 页交叉链接; push IndexNow
tierC-diagnose,feature,ru,nano-banana-creative-brainstorming,/ru/features/nano-banana-creative-brainstorming,Микро-банан: генерация идей с ИИ от Lovart,2025-11-13,243,PATCH: 检查 SEO meta (title/desc/og) 是否合规; 评估是否在相关 tools 页交叉链接; push IndexNow
tierC-diagnose,feature,de,nano-banana-creative-brainstorming,/de/features/nano-banana-creative-brainstorming,Kreatives Brainstorming mit KI – Ideen und Innovationen mit Lovart,2025-11-13,243,PATCH: 检查 SEO meta (title/desc/og) 是否合规; 评估是否在相关 tools 页交叉链接; push IndexNow
tierC-diagnose,feature,en,startup-logo-design,/en/features/startup-logo-design,Startup Logo Design That Makes You Stand Out,2025-11-14,242,PATCH: 检查 SEO meta (title/desc/og) 是否合规; 评估是否在相关 tools 页交叉链接; push IndexNow
tierC-diagnose,feature,ja,startup-logo-design,/ja/features/startup-logo-design,スタートアップのロゴで差をつける,2025-11-14,242,PATCH: 检查 SEO meta (title/desc/og) 是否合规; 评估是否在相关 tools 页交叉链接; push IndexNow
tierC-diagnose,feature,fr,restaurant-email-template-design,/fr/features/restaurant-email-template-design,Modèle d'email IA Lovart pour restaurants,2025-11-15,241,PATCH: 检查 SEO meta (title/desc/og) 是否合规; 评估是否在相关 tools 页交叉链接; push IndexNow
tierC-diagnose,feature,it,restaurant-email-template-design,/it/features/restaurant-email-template-design,Modelli email IA Lovart per ristoranti: più ordini,2025-11-15,241,PATCH: 检查 SEO meta (title/desc/og) 是否合规; 评估是否在相关 tools 页交叉链接; push IndexNow
tierC-diagnose,feature,ja,restaurant-email-template-design,/ja/features/restaurant-email-template-design,注文増加を促すレストランメールデザイン,2025-11-15,241,PATCH: 检查 SEO meta (title/desc/og) 是否合规; 评估是否在相关 tools 页交叉链接; push IndexNow
tierC-diagnose,feature,ko,restaurant-email-template-design,/ko/features/restaurant-email-template-design,주문·예약 증가시키는 레스토랑 이메일 템플릿 디자인,2025-11-15,241,PATCH: 检查 SEO meta (title/desc/og) 是否合规; 评估是否在相关 tools 页交叉链接; push IndexNow
tierC-diagnose,feature,pt,restaurant-email-template-design,/pt/features/restaurant-email-template-design,Design de Template de Email para Restaurante com IA,2025-11-15,241,PATCH: 检查 SEO meta (title/desc/og) 是否合规; 评估是否在相关 tools 页交叉链接; push IndexNow
tierC-diagnose,feature,ru,restaurant-email-template-design,/ru/features/restaurant-email-template-design,"Дизайн шаблона email для ресторана, увеличивающий заказы",2025-11-15,241,PATCH: 检查 SEO meta (title/desc/og) 是否合规; 评估是否在相关 tools 页交叉链接; push IndexNow
tierC-diagnose,feature,de,restaurant-email-template-design,/de/features/restaurant-email-template-design,KI-Design für Restaurant-E-Mails: Mehr Bestellungen & Reservierungen,2025-11-15,241,PATCH: 检查 SEO meta (title/desc/og) 是否合规; 评估是否在相关 tools 页交叉链接; push IndexNow
tierC-diagnose,feature,en,no-template-popup-ads-generator,/en/features/no-template-popup-ads-generator,AI Pop-up Ad Generator | Design High-Converting Ads Without Templates - Lovart,2025-11-16,240,PATCH: 检查 SEO meta (title/desc/og) 是否合规; 评估是否在相关 tools 页交叉链接; push IndexNow
tierC-diagnose,feature,fr,no-template-popup-ads-generator,/fr/features/no-template-popup-ads-generator,Générateur IA de pubs pop-up | Créez des pubs performantes sans modèles - Lovart,2025-11-16,240,PATCH: 检查 SEO meta (title/desc/og) 是否合规; 评估是否在相关 tools 页交叉链接; push IndexNow
tierC-diagnose,feature,it,no-template-popup-ads-generator,/it/features/no-template-popup-ads-generator,Generatore IA di pop-up | Crea annunci ad alta conversione - Lovart,2025-11-16,240,PATCH: 检查 SEO meta (title/desc/og) 是否合规; 评估是否在相关 tools 页交叉链接; push IndexNow
tierC-diagnose,feature,ja,no-template-popup-ads-generator,/ja/features/no-template-popup-ads-generator,AIポップアップ広告生成 | テンプレ不要で高変換広告をデザイン - Lovart,2025-11-16,240,PATCH: 检查 SEO meta (title/desc/og) 是否合规; 评估是否在相关 tools 页交叉链接; push IndexNow
tierC-diagnose,feature,ko,no-template-popup-ads-generator,/ko/features/no-template-popup-ads-generator,AI 팝업 광고 생성기 | 템플릿 없이 고전환 광고 디자인 - Lovart,2025-11-16,240,PATCH: 检查 SEO meta (title/desc/og) 是否合规; 评估是否在相关 tools 页交叉链接; push IndexNow
tierC-diagnose,feature,pt,no-template-popup-ads-generator,/pt/features/no-template-popup-ads-generator,Gerador de Anúncios Pop-up com IA | Crie Anúncios de Alto Impacto - Lovart,2025-11-16,240,PATCH: 检查 SEO meta (title/desc/og) 是否合规; 评估是否在相关 tools 页交叉链接; push IndexNow
tierC-diagnose,feature,ru,no-template-popup-ads-generator,/ru/features/no-template-popup-ads-generator,Генератор всплывающих ИИ-объявлений Lovart,2025-11-16,240,PATCH: 检查 SEO meta (title/desc/og) 是否合规; 评估是否在相关 tools 页交叉链接; push IndexNow
tierC-diagnose,feature,de,no-template-popup-ads-generator,/de/features/no-template-popup-ads-generator,KI-Pop-up-Anzeigengenerator | Erstelle hochkonvertierende Anzeigen ohne Vorlagen – Lovart,2025-11-16,240,PATCH: 检查 SEO meta (title/desc/og) 是否合规; 评估是否在相关 tools 页交叉链接; push IndexNow
tierC-diagnose,feature,en,company-brochure-design,/en/features/company-brochure-design,Professional Company Brochure Design,2025-11-17,239,PATCH: 检查 SEO meta (title/desc/og) 是否合规; 评估是否在相关 tools 页交叉链接; push IndexNow
tierC-diagnose,feature,ja,create-videos-from-images-or-text-seedance,/ja/features/create-videos-from-images-or-text-seedance,画像やテキストから動画生成「Seedance 2.0」｜Lovart,2025-11-18,238,PATCH: 检查 SEO meta (title/desc/og) 是否合规; 评估是否在相关 tools 页交叉链接; push IndexNow
tierC-diagnose,feature,ko,create-videos-from-images-or-text-seedance,/ko/features/create-videos-from-images-or-text-seedance,Seedance 2.0: 이미지·텍스트로 영상 제작 | Lovart,2025-11-18,238,PATCH: 检查 SEO meta (title/desc/og) 是否合规; 评估是否在相关 tools 页交叉链接; push IndexNow
tierC-diagnose,feature,de,design-viral-youtube-thumbnails-ai-by-lovart,/de/features/design-viral-youtube-thumbnails-ai-by-lovart,KI-YouTube-Thumbnails designen: CTR sofort steigern | Lovart,2025-11-19,237,PATCH: 检查 SEO meta (title/desc/og) 是否合规; 评估是否在相关 tools 页交叉链接; push IndexNow
tierC-diagnose,feature,en,design-viral-youtube-thumbnails-ai-by-lovart,/en/features/design-viral-youtube-thumbnails-ai-by-lovart,Design Viral YouTube Thumbnails with AI: Boost CTR Instantly | Lovart,2025-11-19,237,PATCH: 检查 SEO meta (title/desc/og) 是否合规; 评估是否在相关 tools 页交叉链接; push IndexNow
tierC-diagnose,feature,fr,design-viral-youtube-thumbnails-ai-by-lovart,/fr/features/design-viral-youtube-thumbnails-ai-by-lovart,Créez des miniatures YouTube virales avec IA,2025-11-19,237,PATCH: 检查 SEO meta (title/desc/og) 是否合规; 评估是否在相关 tools 页交叉链接; push IndexNow
tierC-diagnose,feature,it,design-viral-youtube-thumbnails-ai-by-lovart,/it/features/design-viral-youtube-thumbnails-ai-by-lovart,Progetta miniature YouTube virali con IA: aumenta il CTR subito | Lovart,2025-11-19,237,PATCH: 检查 SEO meta (title/desc/og) 是否合规; 评估是否在相关 tools 页交叉链接; push IndexNow
tierC-diagnose,feature,ja,design-viral-youtube-thumbnails-ai-by-lovart,/ja/features/design-viral-youtube-thumbnails-ai-by-lovart,AIでバズるサムネイル作成、CTR向上 | Lovart,2025-11-19,237,PATCH: 检查 SEO meta (title/desc/og) 是否合规; 评估是否在相关 tools 页交叉链接; push IndexNow
tierC-diagnose,feature,ko,design-viral-youtube-thumbnails-ai-by-lovart,/ko/features/design-viral-youtube-thumbnails-ai-by-lovart,"바이럴 유튜브 썸네일 AI로 디자인, CTR 폭발 | Lovart",2025-11-19,237,PATCH: 检查 SEO meta (title/desc/og) 是否合规; 评估是否在相关 tools 页交叉链接; push IndexNow
tierC-diagnose,feature,pt,design-viral-youtube-thumbnails-ai-by-lovart,/pt/features/design-viral-youtube-thumbnails-ai-by-lovart,Crie thumbnails virais para YouTube com IA | Lovart,2025-11-19,237,PATCH: 检查 SEO meta (title/desc/og) 是否合规; 评估是否在相关 tools 页交叉链接; push IndexNow
tierC-diagnose,feature,ru,design-viral-youtube-thumbnails-ai-by-lovart,/ru/features/design-viral-youtube-thumbnails-ai-by-lovart,Создавайте вирусные обложки с ИИ: рост CTR | Lovart,2025-11-19,237,PATCH: 检查 SEO meta (title/desc/og) 是否合规; 评估是否在相关 tools 页交叉链接; push IndexNow
tierC-diagnose,tool,de,ai-video-ad-generator-seedance,/de/tools/ai-video-ad-generator-seedance,Seedance AI Video Ad Generator | Performance-Produktanzeigen | Lovart,2025-11-19,237,PATCH: 检查 SEO meta (title/desc/og) 是否合规; 评估是否在相关 tools 页交叉链接; push IndexNow
tierC-diagnose,tool,fr,ai-video-ad-generator-seedance,/fr/tools/ai-video-ad-generator-seedance,Générateur de publicité vidéo IA Seedance | Annonces de produits performants | Lovart,2025-11-19,237,PATCH: 检查 SEO meta (title/desc/og) 是否合规; 评估是否在相关 tools 页交叉链接; push IndexNow
tierC-diagnose,tool,it,ai-video-ad-generator-seedance,/it/tools/ai-video-ad-generator-seedance,Generatore di annunci video AI Seedance | Annunci di prodotti con prestazioni | Lovart,2025-11-19,237,PATCH: 检查 SEO meta (title/desc/og) 是否合规; 评估是否在相关 tools 页交叉链接; push IndexNow
tierC-diagnose,tool,ja,ai-video-ad-generator-seedance,/ja/tools/ai-video-ad-generator-seedance,Seedance AI 動画広告ジェネレーター |パフォーマンス商品広告 |ロヴァート,2025-11-19,237,PATCH: 检查 SEO meta (title/desc/og) 是否合规; 评估是否在相关 tools 页交叉链接; push IndexNow
tierC-diagnose,tool,ko,ai-video-ad-generator-seedance,/ko/tools/ai-video-ad-generator-seedance,Seedance AI 동영상 광고 생성기 | 퍼포먼스 제품 광고 | 로바트,2025-11-19,237,PATCH: 检查 SEO meta (title/desc/og) 是否合规; 评估是否在相关 tools 页交叉链接; push IndexNow
tierC-diagnose,tool,pt,ai-video-ad-generator-seedance,/pt/tools/ai-video-ad-generator-seedance,Gerador de anúncios em vídeo Seedance AI | Anúncios de produtos de desempenho | Lovart,2025-11-19,237,PATCH: 检查 SEO meta (title/desc/og) 是否合规; 评估是否在相关 tools 页交叉链接; push IndexNow
tierC-diagnose,tool,ru,ai-video-ad-generator-seedance,/ru/tools/ai-video-ad-generator-seedance,Генератор видеорекламы Seedance AI | Эффективная реклама продуктов | Ловарт,2025-11-19,237,PATCH: 检查 SEO meta (title/desc/og) 是否合规; 评估是否在相关 tools 页交叉链接; push IndexNow
tierC-diagnose,tool,zh,ai-video-ad-generator-seedance,/zh/tools/ai-video-ad-generator-seedance,Seedance AI 视频广告生成器 |性能产品广告|洛瓦特,2025-11-19,237,PATCH: 检查 SEO meta (title/desc/og) 是否合规; 评估是否在相关 tools 页交叉链接; push IndexNow
tierC-diagnose,feature,en,property-brochure-design,/en/features/property-brochure-design,Win More Listings with AI Property Brochure Design | Lovart for Real Estate Agents,2025-11-20,236,PATCH: 检查 SEO meta (title/desc/og) 是否合规; 评估是否在相关 tools 页交叉链接; push IndexNow
tierC-diagnose,feature,fr,property-brochure-design,/fr/features/property-brochure-design,Gagnez plus de mandats avec l'IA Lovart,2025-11-20,236,PATCH: 检查 SEO meta (title/desc/og) 是否合规; 评估是否在相关 tools 页交叉链接; push IndexNow
tierC-diagnose,feature,ja,property-brochure-design,/ja/features/property-brochure-design,AIで物件パンフレット作成、成約率アップ | Lovart,2025-11-20,236,PATCH: 检查 SEO meta (title/desc/og) 是否合规; 评估是否在相关 tools 页交叉链接; push IndexNow
tierC-diagnose,feature,ko,property-brochure-design,/ko/features/property-brochure-design,부동산 중개사용 AI 브로셔로 더 많은 매물 확보 | Lovart,2025-11-20,236,PATCH: 检查 SEO meta (title/desc/og) 是否合规; 评估是否在相关 tools 页交叉链接; push IndexNow
tierC-diagnose,feature,de,ai-product-catalog-maker,/de/features/ai-product-catalog-maker,KI-Produktkatalog: Design-Line-Sheets | Lovart,2025-11-21,235,PATCH: 检查 SEO meta (title/desc/og) 是否合规; 评估是否在相关 tools 页交叉链接; push IndexNow
tierC-diagnose,feature,fr,ai-product-catalog-maker,/fr/features/ai-product-catalog-maker,Catalogue IA Lovart : créez vos fiches produits,2025-11-21,235,PATCH: 检查 SEO meta (title/desc/og) 是否合规; 评估是否在相关 tools 页交叉链接; push IndexNow
tierC-diagnose,feature,ja,ai-product-catalog-maker,/ja/features/ai-product-catalog-maker,LovartでAI商品カタログ作成：ラインナップをデザイン,2025-11-21,235,PATCH: 检查 SEO meta (title/desc/og) 是否合规; 评估是否在相关 tools 页交叉链接; push IndexNow
tierC-diagnose,feature,ko,ai-product-catalog-maker,/ko/features/ai-product-catalog-maker,AI 상품 카탈로그 메이커: 라인 시트 디자인 | Lovart,2025-11-21,235,PATCH: 检查 SEO meta (title/desc/og) 是否合规; 评估是否在相关 tools 页交叉链接; push IndexNow
tierC-diagnose,feature,en,nano-banana-website-graphics,/en/features/nano-banana-website-graphics,AI Website Graphics Generator – Nano Banana Engine for High‑Performance UX,2025-11-22,234,PATCH: 检查 SEO meta (title/desc/og) 是否合规; 评估是否在相关 tools 页交叉链接; push IndexNow
tierC-diagnose,feature,fr,nano-banana-website-graphics,/fr/features/nano-banana-website-graphics,Générateur de graphiques IA Lovart pour UX performante,2025-11-22,234,PATCH: 检查 SEO meta (title/desc/og) 是否合规; 评估是否在相关 tools 页交叉链接; push IndexNow
tierC-diagnose,feature,it,nano-banana-website-graphics,/it/features/nano-banana-website-graphics,Generatore IA di grafiche web – Motore Nano Banana per UX ad alte prestazioni,2025-11-22,234,PATCH: 检查 SEO meta (title/desc/og) 是否合规; 评估是否在相关 tools 页交叉链接; push IndexNow
tierC-diagnose,feature,ja,nano-banana-website-graphics,/ja/features/nano-banana-website-graphics,高性能UXを実現するAIサイトグラフィック生成エンジン,2025-11-22,234,PATCH: 检查 SEO meta (title/desc/og) 是否合规; 评估是否在相关 tools 页交叉链接; push IndexNow
tierC-diagnose,feature,ko,nano-banana-website-graphics,/ko/features/nano-banana-website-graphics,AI 웹 그래픽 생성기 – 고성능 UX용 나노 바나나 엔진,2025-11-22,234,PATCH: 检查 SEO meta (title/desc/og) 是否合规; 评估是否在相关 tools 页交叉链接; push IndexNow
tierC-diagnose,feature,pt,nano-banana-website-graphics,/pt/features/nano-banana-website-graphics,Gerador de Gráficos para Sites com IA – Lovart,2025-11-22,234,PATCH: 检查 SEO meta (title/desc/og) 是否合规; 评估是否在相关 tools 页交叉链接; push IndexNow
tierC-diagnose,feature,ru,nano-banana-website-graphics,/ru/features/nano-banana-website-graphics,Генератор графики для сайтов на ИИ — Nano Banana Engine,2025-11-22,234,PATCH: 检查 SEO meta (title/desc/og) 是否合规; 评估是否在相关 tools 页交叉链接; push IndexNow
tierC-diagnose,feature,de,nano-banana-website-graphics,/de/features/nano-banana-website-graphics,KI-Webseiten-Grafikgenerator – Nano Banana Engine für High‑Performance UX,2025-11-22,234,PATCH: 检查 SEO meta (title/desc/og) 是否合规; 评估是否在相关 tools 页交叉链接; push IndexNow
tierC-diagnose,tool,de,professional-ai-design,/de/tools/professional-ai-design,[DE] Professional AI Design — Agency-Quality Output | Lovart,2025-11-22,234,PATCH: 检查 SEO meta (title/desc/og) 是否合规; 评估是否在相关 tools 页交叉链接; push IndexNow
tierC-diagnose,tool,it,professional-ai-design,/it/tools/professional-ai-design,[IT] Professional AI Design — Agency-Quality Output | Lovart,2025-11-22,234,PATCH: 检查 SEO meta (title/desc/og) 是否合规; 评估是否在相关 tools 页交叉链接; push IndexNow
tierC-diagnose,tool,ko,professional-ai-design,/ko/tools/professional-ai-design,[KO] Professional AI Design — Agency-Quality Output | Lovart,2025-11-22,234,PATCH: 检查 SEO meta (title/desc/og) 是否合规; 评估是否在相关 tools 页交叉链接; push IndexNow
tierC-diagnose,tool,pt,professional-ai-design,/pt/tools/professional-ai-design,[PT] Professional AI Design — Agency-Quality Output | Lovart,2025-11-22,234,PATCH: 检查 SEO meta (title/desc/og) 是否合规; 评估是否在相关 tools 页交叉链接; push IndexNow
tierC-diagnose,feature,fr,online-store-graphics-design,/fr/features/online-store-graphics-design,Graphiques IA pour boutique optimisée,2025-11-23,233,PATCH: 检查 SEO meta (title/desc/og) 是否合规; 评估是否在相关 tools 页交叉链接; push IndexNow
tierC-diagnose,feature,it,online-store-graphics-design,/it/features/online-store-graphics-design,Grafica per e-commerce ottimizzata con IA,2025-11-23,233,PATCH: 检查 SEO meta (title/desc/og) 是否合规; 评估是否在相关 tools 页交叉链接; push IndexNow
tierC-diagnose,feature,ja,online-store-graphics-design,/ja/features/online-store-graphics-design,コンバージョン率を高める簡単EC画像,2025-11-23,233,PATCH: 检查 SEO meta (title/desc/og) 是否合规; 评估是否在相关 tools 页交叉链接; push IndexNow
tierC-diagnose,feature,ko,online-store-graphics-design,/ko/features/online-store-graphics-design,"러바트 전환율 높이는 그래픽, 쉽게",2025-11-23,233,PATCH: 检查 SEO meta (title/desc/og) 是否合规; 评估是否在相关 tools 页交叉链接; push IndexNow
tierC-diagnose,feature,pt,online-store-graphics-design,/pt/features/online-store-graphics-design,Gráficos de Loja Otimizados por IA,2025-11-23,233,PATCH: 检查 SEO meta (title/desc/og) 是否合规; 评估是否在相关 tools 页交叉链接; push IndexNow
tierC-diagnose,feature,ru,online-store-graphics-design,/ru/features/online-store-graphics-design,Простая графика для магазина с ИИ,2025-11-23,233,PATCH: 检查 SEO meta (title/desc/og) 是否合规; 评估是否在相关 tools 页交叉链接; push IndexNow
tierC-diagnose,feature,de,online-store-graphics-design,/de/features/online-store-graphics-design,KI-optimierte Grafiken für deinen Onlineshop,2025-11-23,233,PATCH: 检查 SEO meta (title/desc/og) 是否合规; 评估是否在相关 tools 页交叉链接; push IndexNow
tierC-diagnose,feature,en,ai-instagram-post-maker,/en/features/ai-instagram-post-maker,Create Viral Instagram Posts with an AI Design Agent,2025-11-24,232,PATCH: 检查 SEO meta (title/desc/og) 是否合规; 评估是否在相关 tools 页交叉链接; push IndexNow
tierC-diagnose,feature,de,ai-paid-social-ad-generator,/de/features/ai-paid-social-ad-generator,KI-Anzeigengenerator für Social Ads mit hoher CTR | Lovart,2025-11-25,231,PATCH: 检查 SEO meta (title/desc/og) 是否合规; 评估是否在相关 tools 页交叉链接; push IndexNow
tierC-diagnose,feature,en,ai-paid-social-ad-generator,/en/features/ai-paid-social-ad-generator,AI Ad Generator for Paid Social: High-CTR Creatives | Lovart,2025-11-25,231,PATCH: 检查 SEO meta (title/desc/og) 是否合规; 评估是否在相关 tools 页交叉链接; push IndexNow
tierC-diagnose,feature,fr,ai-paid-social-ad-generator,/fr/features/ai-paid-social-ad-generator,Générateur IA d’annonces sociales : créations à fort CTR | Lovart,2025-11-25,231,PATCH: 检查 SEO meta (title/desc/og) 是否合规; 评估是否在相关 tools 页交叉链接; push IndexNow
tierC-diagnose,feature,it,ai-paid-social-ad-generator,/it/features/ai-paid-social-ad-generator,Generatore IA di annunci social: creatività ad alto CTR | Lovart,2025-11-25,231,PATCH: 检查 SEO meta (title/desc/og) 是否合规; 评估是否在相关 tools 页交叉链接; push IndexNow
tierC-diagnose,feature,ja,ai-paid-social-ad-generator,/ja/features/ai-paid-social-ad-generator,Lovart：SNS広告のAI生成で高CTRを実現,2025-11-25,231,PATCH: 检查 SEO meta (title/desc/og) 是否合规; 评估是否在相关 tools 页交叉链接; push IndexNow
tierC-diagnose,feature,ko,ai-paid-social-ad-generator,/ko/features/ai-paid-social-ad-generator,AI 광고 생성기: 고 CTR 소재 | Lovart,2025-11-25,231,PATCH: 检查 SEO meta (title/desc/og) 是否合规; 评估是否在相关 tools 页交叉链接; push IndexNow
tierC-diagnose,feature,pt,ai-paid-social-ad-generator,/pt/features/ai-paid-social-ad-generator,Gerador de Anúncios com IA para Redes Sociais | Lovart,2025-11-25,231,PATCH: 检查 SEO meta (title/desc/og) 是否合规; 评估是否在相关 tools 页交叉链接; push IndexNow
tierC-diagnose,feature,ru,ai-paid-social-ad-generator,/ru/features/ai-paid-social-ad-generator,ИИ-генератор рекламы: креативы с высоким CTR | Lovart,2025-11-25,231,PATCH: 检查 SEO meta (title/desc/og) 是否合规; 评估是否在相关 tools 页交叉链接; push IndexNow
tierC-diagnose,feature,ja,food-photography-layout-design,/ja/features/food-photography-layout-design,料理写真を魅せるプロの構図術,2025-11-26,230,PATCH: 检查 SEO meta (title/desc/og) 是否合规; 评估是否在相关 tools 页交叉链接; push IndexNow
tierC-diagnose,feature,en,food-photography-layout-design,/en/features/food-photography-layout-design,Professional Food Photography Layout Design to Showcase Culinary Images,2025-11-26,230,PATCH: 检查 SEO meta (title/desc/og) 是否合规; 评估是否在相关 tools 页交叉链接; push IndexNow
tierC-diagnose,feature,en,launch-event-landing-page-generator,/en/features/launch-event-landing-page-generator,"AI Launch Event Designer: Generate Branding, Assets & Landing Pages Instantly",2025-11-27,229,PATCH: 检查 SEO meta (title/desc/og) 是否合规; 评估是否在相关 tools 页交叉链接; push IndexNow
tierC-diagnose,feature,fr,launch-event-landing-page-generator,/fr/features/launch-event-landing-page-generator,"Générateur IA Lovart : branding, assets & pages en un clic",2025-11-27,229,PATCH: 检查 SEO meta (title/desc/og) 是否合规; 评估是否在相关 tools 页交叉链接; push IndexNow
tierC-diagnose,feature,it,launch-event-landing-page-generator,/it/features/launch-event-landing-page-generator,"Lovart: crea branding, asset e landing page con IA",2025-11-27,229,PATCH: 检查 SEO meta (title/desc/og) 是否合规; 评估是否在相关 tools 页交叉链接; push IndexNow
tierC-diagnose,feature,ja,launch-event-landing-page-generator,/ja/features/launch-event-landing-page-generator,AI起動イベントのデザイナー：ブランド、素材、ランディングページを瞬時に生成,2025-11-27,229,PATCH: 检查 SEO meta (title/desc/og) 是否合规; 评估是否在相关 tools 页交叉链接; push IndexNow
tierC-diagnose,feature,ko,launch-event-landing-page-generator,/ko/features/launch-event-landing-page-generator,AI 론칭 이벤트 디자이너: 브랜딩·자산·랜딩페이지 즉시 생성,2025-11-27,229,PATCH: 检查 SEO meta (title/desc/og) 是否合规; 评估是否在相关 tools 页交叉链接; push IndexNow
tierC-diagnose,feature,pt,launch-event-landing-page-generator,/pt/features/launch-event-landing-page-generator,"Gerador de Marca, Assets e Landing Pages com IA",2025-11-27,229,PATCH: 检查 SEO meta (title/desc/og) 是否合规; 评估是否在相关 tools 页交叉链接; push IndexNow
tierC-diagnose,feature,ru,launch-event-landing-page-generator,/ru/features/launch-event-landing-page-generator,"ИИ-дизайнер запуска: брендинг, ассеты и лендинги",2025-11-27,229,PATCH: 检查 SEO meta (title/desc/og) 是否合规; 评估是否在相关 tools 页交叉链接; push IndexNow
tierC-diagnose,feature,de,launch-event-landing-page-generator,/de/features/launch-event-landing-page-generator,"KI-Launch-Event-Designer: Branding, Assets & Landing Pages sofort erstellen",2025-11-27,229,PATCH: 检查 SEO meta (title/desc/og) 是否合规; 评估是否在相关 tools 页交叉链接; push IndexNow
tierC-diagnose,feature,en,cafe-menu-design,/en/features/cafe-menu-design,Professional Cafe Menu Design for Coffee Shops & Bakeries | Custom Beverage Menus,2025-11-28,228,PATCH: 检查 SEO meta (title/desc/og) 是否合规; 评估是否在相关 tools 页交叉链接; push IndexNow
tierC-diagnose,feature,en,nutrition-label-design,/en/features/nutrition-label-design,Professional Nutrition Label Design for Food Products,2025-11-29,227,PATCH: 检查 SEO meta (title/desc/og) 是否合规; 评估是否在相关 tools 页交叉链接; push IndexNow
tierC-diagnose,feature,ja,nutrition-label-design,/ja/features/nutrition-label-design,食品向けプロ向け栄養表示デザイン,2025-11-29,227,PATCH: 检查 SEO meta (title/desc/og) 是否合规; 评估是否在相关 tools 页交叉链接; push IndexNow
tierC-diagnose,feature,en,ai-company-logo-maker,/en/features/ai-company-logo-maker,Create Your Company Logo with AI in Minutes | Lovart,2025-11-30,226,PATCH: 检查 SEO meta (title/desc/og) 是否合规; 评估是否在相关 tools 页交叉链接; push IndexNow
tierC-diagnose,feature,it,sale-poster-design,/it/features/sale-poster-design,Crea poster personalizzati con IA per attirare clienti e vendere.,2025-12-01,225,PATCH: 检查 SEO meta (title/desc/og) 是否合规; 评估是否在相关 tools 页交叉链接; push IndexNow
tierC-diagnose,feature,ja,sale-poster-design,/ja/features/sale-poster-design,来店促進＆売上アップの特注ポスター,2025-12-01,225,PATCH: 检查 SEO meta (title/desc/og) 是否合规; 评估是否在相关 tools 页交叉链接; push IndexNow
tierC-diagnose,feature,ko,sale-poster-design,/ko/features/sale-poster-design,매장 방문객 증가를 이끄는 맞춤 세일 포스터,2025-12-01,225,PATCH: 检查 SEO meta (title/desc/og) 是否合规; 评估是否在相关 tools 页交叉链接; push IndexNow
tierC-diagnose,feature,pt,sale-poster-design,/pt/features/sale-poster-design,Cartaz de Venda Personalizado com IA para Atrair Clientes,2025-12-01,225,PATCH: 检查 SEO meta (title/desc/og) 是否合规; 评估是否在相关 tools 页交叉链接; push IndexNow
tierC-diagnose,feature,ru,sale-poster-design,/ru/features/sale-poster-design,Плакат на ИИ от Lovart: рост продаж и трафика,2025-12-01,225,PATCH: 检查 SEO meta (title/desc/og) 是否合规; 评估是否在相关 tools 页交叉链接; push IndexNow
tierC-diagnose,feature,de,sale-poster-design,/de/features/sale-poster-design,"Individuelle Verkaufsplakate mit KI, die Kunden anziehen und Umsatz steigern",2025-12-01,225,PATCH: 检查 SEO meta (title/desc/og) 是否合规; 评估是否在相关 tools 页交叉链接; push IndexNow
tierC-diagnose,tool,it,ai-color-palette,/it/tools/ai-color-palette,[IT] AI Color Palette Generator — Industry-Optimized Color Schemes | Lovart,2025-12-01,225,PATCH: 检查 SEO meta (title/desc/og) 是否合规; 评估是否在相关 tools 页交叉链接; push IndexNow
tierC-diagnose,tool,ja,ai-color-palette,/ja/tools/ai-color-palette,[JA] AI Color Palette Generator — Industry-Optimized Color Schemes | Lovart,2025-12-01,225,PATCH: 检查 SEO meta (title/desc/og) 是否合规; 评估是否在相关 tools 页交叉链接; push IndexNow
tierC-diagnose,tool,ko,ai-color-palette,/ko/tools/ai-color-palette,[KO] AI Color Palette Generator — Industry-Optimized Color Schemes | Lovart,2025-12-01,225,PATCH: 检查 SEO meta (title/desc/og) 是否合规; 评估是否在相关 tools 页交叉链接; push IndexNow
tierC-diagnose,tool,ru,ai-color-palette,/ru/tools/ai-color-palette,[RU] AI Color Palette Generator — Industry-Optimized Color Schemes | Lovart,2025-12-01,225,PATCH: 检查 SEO meta (title/desc/og) 是否合规; 评估是否在相关 tools 页交叉链接; push IndexNow
tierC-diagnose,feature,de,ai-promotion-landing-page-generator,/de/features/ai-promotion-landing-page-generator,KI-Promotion-Seiten-Builder | Erstelle verkaufsstarke Sites - Lovart,2025-12-02,224,PATCH: 检查 SEO meta (title/desc/og) 是否合规; 评估是否在相关 tools 页交叉链接; push IndexNow
tierC-diagnose,feature,fr,ai-promotion-landing-page-generator,/fr/features/ai-promotion-landing-page-generator,Générateur IA de pages promo | Sites vente performants - Lovart,2025-12-02,224,PATCH: 检查 SEO meta (title/desc/og) 是否合规; 评估是否在相关 tools 页交叉链接; push IndexNow
tierC-diagnose,feature,it,ai-promotion-landing-page-generator,/it/features/ai-promotion-landing-page-generator,Genera siti vendita ad alta conversione con IA - Lovart,2025-12-02,224,PATCH: 检查 SEO meta (title/desc/og) 是否合规; 评估是否在相关 tools 页交叉链接; push IndexNow
tierC-diagnose,feature,ja,ai-promotion-landing-page-generator,/ja/features/ai-promotion-landing-page-generator,LovartでAI販促ページ作成,2025-12-02,224,PATCH: 检查 SEO meta (title/desc/og) 是否合规; 评估是否在相关 tools 页交叉链接; push IndexNow
tierC-diagnose,feature,ko,ai-promotion-landing-page-generator,/ko/features/ai-promotion-landing-page-generator,AI 프로모션 페이지 빌더 | 고전환 판매 사이트 제작 - Lovart,2025-12-02,224,PATCH: 检查 SEO meta (title/desc/og) 是否合规; 评估是否在相关 tools 页交叉链接; push IndexNow
tierC-diagnose,feature,pt,ai-promotion-landing-page-generator,/pt/features/ai-promotion-landing-page-generator,Gerador de Páginas com IA | Crie Sites de Vendas - Lovart,2025-12-02,224,PATCH: 检查 SEO meta (title/desc/og) 是否合规; 评估是否在相关 tools 页交叉链接; push IndexNow
tierC-diagnose,feature,ru,ai-promotion-landing-page-generator,/ru/features/ai-promotion-landing-page-generator,ИИ-конструктор лендингов Lovart для высоких продаж,2025-12-02,224,PATCH: 检查 SEO meta (title/desc/og) 是否合规; 评估是否在相关 tools 页交叉链接; push IndexNow
tierC-diagnose,tool,fr,ai-bdr-toolkit,/fr/tools/ai-bdr-toolkit,[FR] AI Sales Design Toolkit — BDR & Sales Enablement Graphics | Lovart,2025-12-02,224,PATCH: 检查 SEO meta (title/desc/og) 是否合规; 评估是否在相关 tools 页交叉链接; push IndexNow
tierC-diagnose,tool,it,ai-bdr-toolkit,/it/tools/ai-bdr-toolkit,[IT] AI Sales Design Toolkit — BDR & Sales Enablement Graphics | Lovart,2025-12-02,224,PATCH: 检查 SEO meta (title/desc/og) 是否合规; 评估是否在相关 tools 页交叉链接; push IndexNow
tierC-diagnose,tool,ja,ai-bdr-toolkit,/ja/tools/ai-bdr-toolkit,[JA] AI Sales Design Toolkit — BDR & Sales Enablement Graphics | Lovart,2025-12-02,224,PATCH: 检查 SEO meta (title/desc/og) 是否合规; 评估是否在相关 tools 页交叉链接; push IndexNow
tierC-diagnose,tool,ko,ai-bdr-toolkit,/ko/tools/ai-bdr-toolkit,[KO] AI Sales Design Toolkit — BDR & Sales Enablement Graphics | Lovart,2025-12-02,224,PATCH: 检查 SEO meta (title/desc/og) 是否合规; 评估是否在相关 tools 页交叉链接; push IndexNow
tierC-diagnose,tool,pt,ai-bdr-toolkit,/pt/tools/ai-bdr-toolkit,[PT] AI Sales Design Toolkit — BDR & Sales Enablement Graphics | Lovart,2025-12-02,224,PATCH: 检查 SEO meta (title/desc/og) 是否合规; 评估是否在相关 tools 页交叉链接; push IndexNow
tierC-diagnose,tool,ru,ai-bdr-toolkit,/ru/tools/ai-bdr-toolkit,[RU] AI Sales Design Toolkit — BDR & Sales Enablement Graphics | Lovart,2025-12-02,224,PATCH: 检查 SEO meta (title/desc/og) 是否合规; 评估是否在相关 tools 页交叉链接; push IndexNow
tierC-diagnose,tool,zh-TW,ai-bdr-toolkit,/zh-TW/tools/ai-bdr-toolkit,[ZH-TW] AI Sales Design Toolkit — BDR & Sales Enablement Graphics | Lovart,2025-12-02,224,PATCH: 检查 SEO meta (title/desc/og) 是否合规; 评估是否在相关 tools 页交叉链接; push IndexNow
tierC-diagnose,feature,fr,food-delivery-app-design,/fr/features/food-delivery-app-design,Design d'interface IA pour appli de livraison,2025-12-03,223,PATCH: 检查 SEO meta (title/desc/og) 是否合规; 评估是否在相关 tools 页交叉链接; push IndexNow
tierC-diagnose,feature,it,food-delivery-app-design,/it/features/food-delivery-app-design,Design intuitivo per app di food delivery con IA,2025-12-03,223,PATCH: 检查 SEO meta (title/desc/og) 是否合规; 评估是否在相关 tools 页交叉链接; push IndexNow
tierC-diagnose,feature,ja,food-delivery-app-design,/ja/features/food-delivery-app-design,直感的なフードデリバリー画面で注文と顧客満足度向上,2025-12-03,223,PATCH: 检查 SEO meta (title/desc/og) 是否合规; 评估是否在相关 tools 页交叉链接; push IndexNow
tierC-diagnose,feature,ko,food-delivery-app-design,/ko/features/food-delivery-app-design,주문과 충성도 높이는 직관적 배달앱 UI,2025-12-03,223,PATCH: 检查 SEO meta (title/desc/og) 是否合规; 评估是否在相关 tools 页交叉链接; push IndexNow
tierC-diagnose,feature,pt,food-delivery-app-design,/pt/features/food-delivery-app-design,Design de Interface de App de Delivery com IA para Pedidos,2025-12-03,223,PATCH: 检查 SEO meta (title/desc/og) 是否合规; 评估是否在相关 tools 页交叉链接; push IndexNow
tierC-diagnose,feature,ru,food-delivery-app-design,/ru/features/food-delivery-app-design,Интуитивный дизайн приложения доставки еды на ИИ,2025-12-03,223,PATCH: 检查 SEO meta (title/desc/og) 是否合规; 评估是否在相关 tools 页交叉链接; push IndexNow
tierC-diagnose,feature,de,food-delivery-app-design,/de/features/food-delivery-app-design,"Intuitives UI-Design für Essensliefer-Apps mit KI, das Bestellungen & Treue steigert",2025-12-03,223,PATCH: 检查 SEO meta (title/desc/og) 是否合规; 评估是否在相关 tools 页交叉链接; push IndexNow
tierC-diagnose,feature,en,food-delivery-app-design,/en/features/food-delivery-app-design,Intuitive Food Delivery App Interface Design to Boost Orders & Loyalty,2025-12-03,223,PATCH: 检查 SEO meta (title/desc/og) 是否合规; 评估是否在相关 tools 页交叉链接; push IndexNow
tierC-diagnose,feature,en,baby-shower-invitation-design,/en/features/baby-shower-invitation-design,Professional Baby Shower Invitation Design Made Simple,2025-12-04,222,PATCH: 检查 SEO meta (title/desc/og) 是否合规; 评估是否在相关 tools 页交叉链接; push IndexNow
tierC-diagnose,feature,ja,baby-shower-invitation-design,/ja/features/baby-shower-invitation-design,プロが作る簡単ベビーシャワー招待状,2025-12-04,222,PATCH: 检查 SEO meta (title/desc/og) 是否合规; 评估是否在相关 tools 页交叉链接; push IndexNow
tierC-diagnose,feature,en,brochure-design,/en/features/brochure-design,Professional Brochure Design Made Simple — AI Brochure Maker by Lovart,2025-12-05,221,PATCH: 检查 SEO meta (title/desc/og) 是否合规; 评估是否在相关 tools 页交叉链接; push IndexNow
tierC-diagnose,feature,zh-TW,brochure-design,/zh-TW/features/brochure-design,Professional Brochure Design Made Simple — AI Brochure Maker by Lovart,2025-12-05,221,PATCH: 检查 SEO meta (title/desc/og) 是否合规; 评估是否在相关 tools 页交叉链接; push IndexNow
tierC-diagnose,feature,en,wedding-invitation-design,/en/features/wedding-invitation-design,Custom Wedding Invitation Design to Match Your Love Story,2025-12-06,220,PATCH: 检查 SEO meta (title/desc/og) 是否合规; 评估是否在相关 tools 页交叉链接; push IndexNow
tierC-diagnose,feature,fr,wedding-invitation-design,/fr/features/wedding-invitation-design,Créez vos faire-part de mariage uniques avec l'IA Lovart,2025-12-06,220,PATCH: 检查 SEO meta (title/desc/og) 是否合规; 评估是否在相关 tools 页交叉链接; push IndexNow
tierC-diagnose,feature,it,wedding-invitation-design,/it/features/wedding-invitation-design,Inviti di nozze personalizzati con IA per la vostra storia d'amore,2025-12-06,220,PATCH: 检查 SEO meta (title/desc/og) 是否合规; 评估是否在相关 tools 页交叉链接; push IndexNow
tierC-diagnose,feature,ja,wedding-invitation-design,/ja/features/wedding-invitation-design,あなたの愛の物語に合わせた結婚式招待状デザイン,2025-12-06,220,PATCH: 检查 SEO meta (title/desc/og) 是否合规; 评估是否在相关 tools 页交叉链接; push IndexNow
tierC-diagnose,feature,ko,wedding-invitation-design,/ko/features/wedding-invitation-design,당신의 사랑 이야기를 담은 맞춤 청첩장,2025-12-06,220,PATCH: 检查 SEO meta (title/desc/og) 是否合规; 评估是否在相关 tools 页交叉链接; push IndexNow
tierC-diagnose,feature,pt,wedding-invitation-design,/pt/features/wedding-invitation-design,Design de Convite de Casamento Personalizado com IA,2025-12-06,220,PATCH: 检查 SEO meta (title/desc/og) 是否合规; 评估是否在相关 tools 页交叉链接; push IndexNow
tierC-diagnose,feature,ru,wedding-invitation-design,/ru/features/wedding-invitation-design,Свадебные приглашения от Lovart: дизайн под вашу историю,2025-12-06,220,PATCH: 检查 SEO meta (title/desc/og) 是否合规; 评估是否在相关 tools 页交叉链接; push IndexNow
tierC-diagnose,feature,de,wedding-invitation-design,/de/features/wedding-invitation-design,"KI-Hochzeitseinladung, die zu eurer Liebesgeschichte passt",2025-12-06,220,PATCH: 检查 SEO meta (title/desc/og) 是否合规; 评估是否在相关 tools 页交叉链接; push IndexNow
tierC-diagnose,feature,en,nano-banana-social-media-graphics,/en/features/nano-banana-social-media-graphics,"Social Media Graphics for Marketers, Agencies & Creators – Nano Banana Use Cases | Lovart AI",2025-12-07,219,PATCH: 检查 SEO meta (title/desc/og) 是否合规; 评估是否在相关 tools 页交叉链接; push IndexNow
tierC-diagnose,feature,ja,nano-banana-social-media-graphics,/ja/features/nano-banana-social-media-graphics,マーケター・代理店・クリエイター向けSNS画像作成事例｜Lovart AI,2025-12-07,219,PATCH: 检查 SEO meta (title/desc/og) 是否合规; 评估是否在相关 tools 页交叉链接; push IndexNow
tierC-diagnose,feature,ko,nano-banana-social-media-graphics,/ko/features/nano-banana-social-media-graphics,마케터·에이전시·크리에이터용 소셜미디어 그래픽 | Lovart,2025-12-07,219,PATCH: 检查 SEO meta (title/desc/og) 是否合规; 评估是否在相关 tools 页交叉链接; push IndexNow
tierC-diagnose,tool,en,draft-ai-logo-maker-t2,/en/tools/draft-ai-logo-maker-t2,AI Logo Maker Tool | Lovart,2025-12-08,218,PATCH: 检查 SEO meta (title/desc/og) 是否合规; 评估是否在相关 tools 页交叉链接; push IndexNow
tierC-diagnose,feature,en,social-media-template-design,/en/features/social-media-template-design,Custom Social Media Template Design for Brand Consistency,2025-12-08,218,PATCH: 检查 SEO meta (title/desc/og) 是否合规; 评估是否在相关 tools 页交叉链接; push IndexNow
tierC-diagnose,feature,it,social-media-template-design,/it/features/social-media-template-design,Template social media personalizzati per coerenza del brand,2025-12-08,218,PATCH: 检查 SEO meta (title/desc/og) 是否合规; 评估是否在相关 tools 页交叉链接; push IndexNow
tierC-diagnose,feature,ja,social-media-template-design,/ja/features/social-media-template-design,ブランド統一のためのSNSテンプレート,2025-12-08,218,PATCH: 检查 SEO meta (title/desc/og) 是否合规; 评估是否在相关 tools 页交叉链接; push IndexNow
tierC-diagnose,feature,ko,social-media-template-design,/ko/features/social-media-template-design,브랜드 일관성을 위한 맞춤 SNS 템플릿 디자인,2025-12-08,218,PATCH: 检查 SEO meta (title/desc/og) 是否合规; 评估是否在相关 tools 页交叉链接; push IndexNow
tierC-diagnose,feature,pt,social-media-template-design,/pt/features/social-media-template-design,Modelos de Design para Redes Sociais com IA,2025-12-08,218,PATCH: 检查 SEO meta (title/desc/og) 是否合规; 评估是否在相关 tools 页交叉链接; push IndexNow
tierC-diagnose,feature,ru,social-media-template-design,/ru/features/social-media-template-design,Шаблоны соцсетей для единого стиля бренда,2025-12-08,218,PATCH: 检查 SEO meta (title/desc/og) 是否合规; 评估是否在相关 tools 页交叉链接; push IndexNow
tierC-diagnose,feature,de,social-media-template-design,/de/features/social-media-template-design,KI-Design für einheitliche Social-Media-Vorlagen,2025-12-08,218,PATCH: 检查 SEO meta (title/desc/og) 是否合规; 评估是否在相关 tools 页交叉链接; push IndexNow
tierC-diagnose,feature,fr,food-festival-poster-design,/fr/features/food-festival-poster-design,Affiche IA pour festival gastronomique,2025-12-09,217,PATCH: 检查 SEO meta (title/desc/og) 是否合规; 评估是否在相关 tools 页交叉链接; push IndexNow
tierC-diagnose,feature,it,food-festival-poster-design,/it/features/food-festival-poster-design,Design poster festival cibo con IA per attirare pubblico,2025-12-09,217,PATCH: 检查 SEO meta (title/desc/og) 是否合规; 评估是否在相关 tools 页交叉链接; push IndexNow
tierC-diagnose,feature,ja,food-festival-poster-design,/ja/features/food-festival-poster-design,来場者を増やす目を引くフードフェス,2025-12-09,217,PATCH: 检查 SEO meta (title/desc/og) 是否合规; 评估是否在相关 tools 页交叉链接; push IndexNow
tierC-diagnose,feature,ko,food-festival-poster-design,/ko/features/food-festival-poster-design,눈길 사로잡는 푸드 페스티벌 포스터 디자인,2025-12-09,217,PATCH: 检查 SEO meta (title/desc/og) 是否合规; 评估是否在相关 tools 页交叉链接; push IndexNow
tierC-diagnose,feature,pt,food-festival-poster-design,/pt/features/food-festival-poster-design,Design de Poster para Festival Gastronômico com IA,2025-12-09,217,PATCH: 检查 SEO meta (title/desc/og) 是否合规; 评估是否在相关 tools 页交叉链接; push IndexNow
tierC-diagnose,feature,ru,food-festival-poster-design,/ru/features/food-festival-poster-design,Привлекательный дизайн постера для фестиваля еды,2025-12-09,217,PATCH: 检查 SEO meta (title/desc/og) 是否合规; 评估是否在相关 tools 页交叉链接; push IndexNow
tierC-diagnose,feature,de,food-festival-poster-design,/de/features/food-festival-poster-design,KI-Design für auffällige Food-Festival-Plakate,2025-12-09,217,PATCH: 检查 SEO meta (title/desc/og) 是否合规; 评估是否在相关 tools 页交叉链接; push IndexNow
tierC-diagnose,feature,en,food-festival-poster-design,/en/features/food-festival-poster-design,Eye‑Catching Food Festival Poster Design to Boost Attendance,2025-12-09,217,PATCH: 检查 SEO meta (title/desc/og) 是否合规; 评估是否在相关 tools 页交叉链接; push IndexNow
tierC-diagnose,tool,it,ai-pitch-deck-maker,/it/tools/ai-pitch-deck-maker,[IT] AI Pitch Deck Maker — Create Investor-Ready Decks | Lovart,2025-12-09,217,PATCH: 检查 SEO meta (title/desc/og) 是否合规; 评估是否在相关 tools 页交叉链接; push IndexNow
tierC-diagnose,tool,pt,ai-pitch-deck-maker,/pt/tools/ai-pitch-deck-maker,[PT] AI Pitch Deck Maker — Create Investor-Ready Decks | Lovart,2025-12-09,217,PATCH: 检查 SEO meta (title/desc/og) 是否合规; 评估是否在相关 tools 页交叉链接; push IndexNow
tierC-diagnose,tool,ru,ai-pitch-deck-maker,/ru/tools/ai-pitch-deck-maker,[RU] AI Pitch Deck Maker — Create Investor-Ready Decks | Lovart,2025-12-09,217,PATCH: 检查 SEO meta (title/desc/og) 是否合规; 评估是否在相关 tools 页交叉链接; push IndexNow
tierC-diagnose,tool,zh-TW,ai-pitch-deck-maker,/zh-TW/tools/ai-pitch-deck-maker,[ZH-TW] AI Pitch Deck Maker — Create Investor-Ready Decks | Lovart,2025-12-09,217,PATCH: 检查 SEO meta (title/desc/og) 是否合规; 评估是否在相关 tools 页交叉链接; push IndexNow
tierC-diagnose,feature,de,ai-product-image-generator,/de/features/ai-product-image-generator,KI-Google-Shopping-Feed-Bildgenerator: Erstelle konforme Produktfotos | Lovart,2025-12-10,216,PATCH: 检查 SEO meta (title/desc/og) 是否合规; 评估是否在相关 tools 页交叉链接; push IndexNow
tierC-diagnose,feature,en,ai-product-image-generator,/en/features/ai-product-image-generator,AI Google Shopping Feed Image Generator: Create Compliant Product Photos | Lovart,2025-12-10,216,PATCH: 检查 SEO meta (title/desc/og) 是否合规; 评估是否在相关 tools 页交叉链接; push IndexNow
tierC-diagnose,feature,fr,ai-product-image-generator,/fr/features/ai-product-image-generator,Générateur d'images IA pour Google Shopping : créez des photos conformes | Lovart,2025-12-10,216,PATCH: 检查 SEO meta (title/desc/og) 是否合规; 评估是否在相关 tools 页交叉链接; push IndexNow
tierC-diagnose,feature,it,ai-product-image-generator,/it/features/ai-product-image-generator,Generatore IA di immagini per Google Shopping: foto prodotto conformi | Lovart,2025-12-10,216,PATCH: 检查 SEO meta (title/desc/og) 是否合规; 评估是否在相关 tools 页交叉链接; push IndexNow
tierC-diagnose,feature,ja,ai-product-image-generator,/ja/features/ai-product-image-generator,LovartでGoogleショッピング対応商品画像を自動生成,2025-12-10,216,PATCH: 检查 SEO meta (title/desc/og) 是否合规; 评估是否在相关 tools 页交叉链接; push IndexNow
tierC-diagnose,feature,ko,ai-product-image-generator,/ko/features/ai-product-image-generator,러바트 AI 구글 쇼핑 피드 이미지 생성기,2025-12-10,216,PATCH: 检查 SEO meta (title/desc/og) 是否合规; 评估是否在相关 tools 页交叉链接; push IndexNow
tierC-diagnose,feature,pt,ai-product-image-generator,/pt/features/ai-product-image-generator,Gerador de Imagens com IA para Google Shopping | Lovart,2025-12-10,216,PATCH: 检查 SEO meta (title/desc/og) 是否合规; 评估是否在相关 tools 页交叉链接; push IndexNow
tierC-diagnose,feature,ru,ai-product-image-generator,/ru/features/ai-product-image-generator,Генератор фото для Google Shopping на ИИ | Lovart,2025-12-10,216,PATCH: 检查 SEO meta (title/desc/og) 是否合规; 评估是否在相关 tools 页交叉链接; push IndexNow
tierC-diagnose,feature,en,real-estate-flyer-design,/en/features/real-estate-flyer-design,Professional Real Estate Flyer Design Made Simple,2025-12-11,215,PATCH: 检查 SEO meta (title/desc/og) 是否合规; 评估是否在相关 tools 页交叉链接; push IndexNow
tierC-diagnose,feature,ja,real-estate-flyer-design,/ja/features/real-estate-flyer-design,プロが作る不動産チラシ、簡単に,2025-12-11,215,PATCH: 检查 SEO meta (title/desc/og) 是否合规; 评估是否在相关 tools 页交叉链接; push IndexNow
tierC-diagnose,tool,de,smb-ai-design,/de/tools/smb-ai-design,[DE] SMB AI Design Solution — Small Business Creative Tools | Lovart,2025-12-11,215,PATCH: 检查 SEO meta (title/desc/og) 是否合规; 评估是否在相关 tools 页交叉链接; push IndexNow
tierC-diagnose,tool,fr,smb-ai-design,/fr/tools/smb-ai-design,[FR] SMB AI Design Solution — Small Business Creative Tools | Lovart,2025-12-11,215,PATCH: 检查 SEO meta (title/desc/og) 是否合规; 评估是否在相关 tools 页交叉链接; push IndexNow
tierC-diagnose,tool,it,smb-ai-design,/it/tools/smb-ai-design,[IT] SMB AI Design Solution — Small Business Creative Tools | Lovart,2025-12-11,215,PATCH: 检查 SEO meta (title/desc/og) 是否合规; 评估是否在相关 tools 页交叉链接; push IndexNow
tierC-diagnose,tool,pt,smb-ai-design,/pt/tools/smb-ai-design,[PT] SMB AI Design Solution — Small Business Creative Tools | Lovart,2025-12-11,215,PATCH: 检查 SEO meta (title/desc/og) 是否合规; 评估是否在相关 tools 页交叉链接; push IndexNow
tierC-diagnose,feature,fr,food-packaging-design,/fr/features/food-packaging-design,Créez des emballages et étiquettes alimentaires professionnels avec IA,2025-12-12,214,PATCH: 检查 SEO meta (title/desc/og) 是否合规; 评估是否在相关 tools 页交叉链接; push IndexNow
tierC-diagnose,feature,it,food-packaging-design,/it/features/food-packaging-design,Crea packaging e etichette professionali con IA,2025-12-12,214,PATCH: 检查 SEO meta (title/desc/og) 是否合规; 评估是否在相关 tools 页交叉链接; push IndexNow
tierC-diagnose,feature,ja,food-packaging-design,/ja/features/food-packaging-design,オリジナル食品パッケージ＆ラベルデザイン,2025-12-12,214,PATCH: 检查 SEO meta (title/desc/og) 是否合规; 评估是否在相关 tools 页交叉链接; push IndexNow
tierC-diagnose,feature,ko,food-packaging-design,/ko/features/food-packaging-design,러바트 맞춤 식품 패키징 & 라벨 디자인,2025-12-12,214,PATCH: 检查 SEO meta (title/desc/og) 是否合规; 评估是否在相关 tools 页交叉链接; push IndexNow
tierC-diagnose,feature,pt,food-packaging-design,/pt/features/food-packaging-design,Design de Rótulos e Embalagens Personalizadas com IA,2025-12-12,214,PATCH: 检查 SEO meta (title/desc/og) 是否合规; 评估是否在相关 tools 页交叉链接; push IndexNow
tierC-diagnose,feature,ru,food-packaging-design,/ru/features/food-packaging-design,Дизайн упаковки и этикеток для еды с ИИ,2025-12-12,214,PATCH: 检查 SEO meta (title/desc/og) 是否合规; 评估是否在相关 tools 页交叉链接; push IndexNow
tierC-diagnose,feature,de,food-packaging-design,/de/features/food-packaging-design,Professionelle Lebensmittelverpackungen & Etiketten mit KI gestalten,2025-12-12,214,PATCH: 检查 SEO meta (title/desc/og) 是否合规; 评估是否在相关 tools 页交叉链接; push IndexNow
tierC-diagnose,feature,fr,pixel-pusher-to-creative-director,/fr/features/pixel-pusher-to-creative-director,De pixel pusher à directeur créatif avec l'IA | Lovart,2025-12-13,213,PATCH: 检查 SEO meta (title/desc/og) 是否合规; 评估是否在相关 tools 页交叉链接; push IndexNow
tierC-diagnose,feature,it,pixel-pusher-to-creative-director,/it/features/pixel-pusher-to-creative-director,Da pixel a direttore creativo con IA | Lovart,2025-12-13,213,PATCH: 检查 SEO meta (title/desc/og) 是否合规; 评估是否在相关 tools 页交叉链接; push IndexNow
tierC-diagnose,feature,ja,pixel-pusher-to-creative-director,/ja/features/pixel-pusher-to-creative-director,AIでピクセル職人からクリエイティブディレクターへ｜Lovart,2025-12-13,213,PATCH: 检查 SEO meta (title/desc/og) 是否合规; 评估是否在相关 tools 页交叉链接; push IndexNow
tierC-diagnose,feature,ko,pixel-pusher-to-creative-director,/ko/features/pixel-pusher-to-creative-director,픽셀 푸셔에서 AI 크리에이티브 디렉터로 | Lovart,2025-12-13,213,PATCH: 检查 SEO meta (title/desc/og) 是否合规; 评估是否在相关 tools 页交叉链接; push IndexNow
tierC-diagnose,feature,pt,pixel-pusher-to-creative-director,/pt/features/pixel-pusher-to-creative-director,De Pixel Pusher a Diretor Criativo com IA | Lovart,2025-12-13,213,PATCH: 检查 SEO meta (title/desc/og) 是否合规; 评估是否在相关 tools 页交叉链接; push IndexNow
tierC-diagnose,feature,ru,pixel-pusher-to-creative-director,/ru/features/pixel-pusher-to-creative-director,Стань креативным директором с ИИ | Lovart,2025-12-13,213,PATCH: 检查 SEO meta (title/desc/og) 是否合规; 评估是否在相关 tools 页交叉链接; push IndexNow
tierC-diagnose,feature,de,pixel-pusher-to-creative-director,/de/features/pixel-pusher-to-creative-director,Vom Pixel-Schieber zum Creative Director mit KI | Lovart,2025-12-13,213,PATCH: 检查 SEO meta (title/desc/og) 是否合规; 评估是否在相关 tools 页交叉链接; push IndexNow
tierC-diagnose,tool,de,stunning-ai-designs,/de/tools/stunning-ai-designs,[DE] Stunning AI Designs — Beautiful Visuals Instantly | Lovart,2025-12-13,213,PATCH: 检查 SEO meta (title/desc/og) 是否合规; 评估是否在相关 tools 页交叉链接; push IndexNow
tierC-diagnose,tool,fr,stunning-ai-designs,/fr/tools/stunning-ai-designs,[FR] Stunning AI Designs — Beautiful Visuals Instantly | Lovart,2025-12-13,213,PATCH: 检查 SEO meta (title/desc/og) 是否合规; 评估是否在相关 tools 页交叉链接; push IndexNow
tierC-diagnose,tool,ko,stunning-ai-designs,/ko/tools/stunning-ai-designs,[KO] Stunning AI Designs — Beautiful Visuals Instantly | Lovart,2025-12-13,213,PATCH: 检查 SEO meta (title/desc/og) 是否合规; 评估是否在相关 tools 页交叉链接; push IndexNow
tierC-diagnose,tool,zh-TW,stunning-ai-designs,/zh-TW/tools/stunning-ai-designs,[ZH-TW] Stunning AI Designs — Beautiful Visuals Instantly | Lovart,2025-12-13,213,PATCH: 检查 SEO meta (title/desc/og) 是否合规; 评估是否在相关 tools 页交叉链接; push IndexNow
tierC-diagnose,tool,en,draft-ai-logo-maker-t4,/en/tools/draft-ai-logo-maker-t4,AI Logo Maker Tool | Lovart,2025-12-14,212,PATCH: 检查 SEO meta (title/desc/og) 是否合规; 评估是否在相关 tools 页交叉链接; push IndexNow
tierC-diagnose,feature,en,restaurant-menu-design,/en/features/restaurant-menu-design,Professional Restaurant Menu Design | Appetizing & Profit-Boosting Menu Layouts Made Easy,2025-12-14,212,PATCH: 检查 SEO meta (title/desc/og) 是否合规; 评估是否在相关 tools 页交叉链接; push IndexNow
tierC-diagnose,feature,en,wine-label-design,/en/features/wine-label-design,Custom Wine Label Design That Sells | Premium & Boutique Wine Branding,2025-12-15,211,PATCH: 检查 SEO meta (title/desc/og) 是否合规; 评估是否在相关 tools 页交叉链接; push IndexNow
tierC-diagnose,feature,ja,wine-label-design,/ja/features/wine-label-design,売れるワインラベルデザイン｜高級ブランド向け,2025-12-15,211,PATCH: 检查 SEO meta (title/desc/og) 是否合规; 评估是否在相关 tools 页交叉链接; push IndexNow
tierC-diagnose,feature,de,ai-social-media-post-maker,/de/features/ai-social-media-post-maker,KI-Social-Media-Post-Ersteller: Virale Inhalte & Anzeigen | Lovart,2025-12-16,210,PATCH: 检查 SEO meta (title/desc/og) 是否合规; 评估是否在相关 tools 页交叉链接; push IndexNow
tierC-diagnose,feature,en,ai-social-media-post-maker,/en/features/ai-social-media-post-maker,AI Social Media Post Maker: Generate Viral Content & Ads | Lovart,2025-12-16,210,PATCH: 检查 SEO meta (title/desc/og) 是否合规; 评估是否在相关 tools 页交叉链接; push IndexNow
tierC-diagnose,feature,fr,ai-social-media-post-maker,/fr/features/ai-social-media-post-maker,Générateur IA de posts viraux & pubs | Lovart,2025-12-16,210,PATCH: 检查 SEO meta (title/desc/og) 是否合规; 评估是否在相关 tools 页交叉链接; push IndexNow
tierC-diagnose,feature,it,ai-social-media-post-maker,/it/features/ai-social-media-post-maker,Genera post virali e annunci con IA | Lovart,2025-12-16,210,PATCH: 检查 SEO meta (title/desc/og) 是否合规; 评估是否在相关 tools 页交叉链接; push IndexNow
tierC-diagnose,feature,ja,ai-social-media-post-maker,/ja/features/ai-social-media-post-maker,Lovartで作るAI投稿：バズるSNS＆広告,2025-12-16,210,PATCH: 检查 SEO meta (title/desc/og) 是否合规; 评估是否在相关 tools 页交叉链接; push IndexNow
tierC-diagnose,feature,ko,ai-social-media-post-maker,/ko/features/ai-social-media-post-maker,AI 소셜미디어 포스트 메이커: 바이럴 콘텐츠 & 광고 생성 | Lovart,2025-12-16,210,PATCH: 检查 SEO meta (title/desc/og) 是否合规; 评估是否在相关 tools 页交叉链接; push IndexNow
tierC-diagnose,feature,pt,ai-social-media-post-maker,/pt/features/ai-social-media-post-maker,Gerador de Posts para Redes Sociais com IA | Lovart,2025-12-16,210,PATCH: 检查 SEO meta (title/desc/og) 是否合规; 评估是否在相关 tools 页交叉链接; push IndexNow
tierC-diagnose,feature,ru,ai-social-media-post-maker,/ru/features/ai-social-media-post-maker,ИИ-генератор постов: вирусный контент и реклама | Lovart,2025-12-16,210,PATCH: 检查 SEO meta (title/desc/og) 是否合规; 评估是否在相关 tools 页交叉链接; push IndexNow
tierC-diagnose,feature,fr,food-social-media-design,/fr/features/food-social-media-design,Des designs food IA qui captent l'attention,2025-12-17,209,PATCH: 检查 SEO meta (title/desc/og) 是否合规; 评估是否在相关 tools 页交叉链接; push IndexNow
tierC-diagnose,feature,it,food-social-media-design,/it/features/food-social-media-design,Design social per cibo che catturano l'attenzione con IA,2025-12-17,209,PATCH: 检查 SEO meta (title/desc/og) 是否合规; 评估是否在相关 tools 页交叉链接; push IndexNow
tierC-diagnose,feature,ja,food-social-media-design,/ja/features/food-social-media-design,魅力的なフード投稿でエンゲージメント向上,2025-12-17,209,PATCH: 检查 SEO meta (title/desc/og) 是否合规; 评估是否在相关 tools 页交叉链接; push IndexNow
tierC-diagnose,feature,ko,food-social-media-design,/ko/features/food-social-media-design,시선 사로잡는 푸드 SNS 디자인,2025-12-17,209,PATCH: 检查 SEO meta (title/desc/og) 是否合规; 评估是否在相关 tools 页交叉链接; push IndexNow
tierC-diagnose,feature,pt,food-social-media-design,/pt/features/food-social-media-design,Designs de Comida com IA que Aumentam o Engajamento,2025-12-17,209,PATCH: 检查 SEO meta (title/desc/og) 是否合规; 评估是否在相关 tools 页交叉链接; push IndexNow
tierC-diagnose,feature,ru,food-social-media-design,/ru/features/food-social-media-design,Привлекательные дизайны еды для соцсетей с ИИ Lovart,2025-12-17,209,PATCH: 检查 SEO meta (title/desc/og) 是否合规; 评估是否在相关 tools 页交叉链接; push IndexNow
tierC-diagnose,feature,de,food-social-media-design,/de/features/food-social-media-design,"Augenöffnende Food-Designs für Social Media, die Engagement steigern",2025-12-17,209,PATCH: 检查 SEO meta (title/desc/og) 是否合规; 评估是否在相关 tools 页交叉链接; push IndexNow
tierC-diagnose,feature,en,food-social-media-design,/en/features/food-social-media-design,Eye‑Catching Food Social Media Designs That Boost Engagement,2025-12-17,209,PATCH: 检查 SEO meta (title/desc/og) 是否合规; 评估是否在相关 tools 页交叉链接; push IndexNow
tierC-diagnose,feature,en,ai-logo-maker-brand-agent,/en/features/ai-logo-maker-brand-agent,AI Logo Maker Agent: Create Custom Vector Logos & Brand Kits | Lovart,2025-12-18,208,PATCH: 检查 SEO meta (title/desc/og) 是否合规; 评估是否在相关 tools 页交叉链接; push IndexNow
tierC-diagnose,feature,en,event-poster-maker,/en/features/event-poster-maker,AI Event Poster Generator | Lovart AI Design Agent for Smart Event Design,2025-12-19,207,PATCH: 检查 SEO meta (title/desc/og) 是否合规; 评估是否在相关 tools 页交叉链接; push IndexNow
tierC-diagnose,feature,ja,event-poster-maker,/ja/features/event-poster-maker,AIイベントポスター生成｜スマートデザインのLovart,2025-12-19,207,PATCH: 检查 SEO meta (title/desc/og) 是否合规; 评估是否在相关 tools 页交叉链接; push IndexNow
tierC-diagnose,feature,en,overcome-blank-canvas-syndrome,/en/features/overcome-blank-canvas-syndrome,Overcome Blank Canvas Syndrome: Kickstart Your Creativity Instantly,2025-12-20,206,PATCH: 检查 SEO meta (title/desc/og) 是否合规; 评估是否在相关 tools 页交叉链接; push IndexNow
tierC-diagnose,feature,fr,overcome-blank-canvas-syndrome,/fr/features/overcome-blank-canvas-syndrome,Vaincre la page blanche : boostez votre créativité avec l’IA,2025-12-20,206,PATCH: 检查 SEO meta (title/desc/og) 是否合规; 评估是否在相关 tools 页交叉链接; push IndexNow
tierC-diagnose,feature,it,overcome-blank-canvas-syndrome,/it/features/overcome-blank-canvas-syndrome,Supera la sindrome da tela bianca: accendi la creatività con IA,2025-12-20,206,PATCH: 检查 SEO meta (title/desc/og) 是否合规; 评估是否在相关 tools 页交叉链接; push IndexNow
tierC-diagnose,feature,ja,overcome-blank-canvas-syndrome,/ja/features/overcome-blank-canvas-syndrome,白紙恐怖を克服し、即座に創造力を発揮,2025-12-20,206,PATCH: 检查 SEO meta (title/desc/og) 是否合规; 评估是否在相关 tools 页交叉链接; push IndexNow
tierC-diagnose,feature,ko,overcome-blank-canvas-syndrome,/ko/features/overcome-blank-canvas-syndrome,캔버스 공포증 극복! 창의력 즉시 깨우는 법,2025-12-20,206,PATCH: 检查 SEO meta (title/desc/og) 是否合规; 评估是否在相关 tools 页交叉链接; push IndexNow
tierC-diagnose,feature,pt,overcome-blank-canvas-syndrome,/pt/features/overcome-blank-canvas-syndrome,Supere o Síndrome da Tela em Branco: Ative sua Criatividade com IA,2025-12-20,206,PATCH: 检查 SEO meta (title/desc/og) 是否合规; 评估是否在相关 tools 页交叉链接; push IndexNow
tierC-diagnose,feature,ru,overcome-blank-canvas-syndrome,/ru/features/overcome-blank-canvas-syndrome,Победите страх чистого листа: мгновенный старт с ИИ,2025-12-20,206,PATCH: 检查 SEO meta (title/desc/og) 是否合规; 评估是否在相关 tools 页交叉链接; push IndexNow
tierC-diagnose,feature,de,overcome-blank-canvas-syndrome,/de/features/overcome-blank-canvas-syndrome,Überwinde das leere Blatt: Starte deine Kreativität mit KI,2025-12-20,206,PATCH: 检查 SEO meta (title/desc/og) 是否合规; 评估是否在相关 tools 页交叉链接; push IndexNow
tierC-diagnose,feature,ja,food-truck-menu-design,/ja/features/food-truck-menu-design,売上と回転率を上げるキッチンカーメニュー,2025-12-21,205,PATCH: 检查 SEO meta (title/desc/og) 是否合规; 评估是否在相关 tools 页交叉链接; push IndexNow
tierC-diagnose,feature,en,food-truck-menu-design,/en/features/food-truck-menu-design,Eye‑Catching Food Truck Menu Designs That Boost Sales & Speed Service,2025-12-21,205,PATCH: 检查 SEO meta (title/desc/og) 是否合规; 评估是否在相关 tools 页交叉链接; push IndexNow
tierC-diagnose,feature,en,linkedin-ads-generator,/en/features/linkedin-ads-generator,AI LinkedIn Ad Generator: Create Professional B2B Visuals | Lovart,2025-12-22,204,PATCH: 检查 SEO meta (title/desc/og) 是否合规; 评估是否在相关 tools 页交叉链接; push IndexNow
tierC-diagnose,feature,fr,food-blog-header-design,/fr/features/food-blog-header-design,Créez un en-tête de blog culinaire percutant avec l'IA Lovart,2025-12-23,203,PATCH: 检查 SEO meta (title/desc/og) 是否合规; 评估是否在相关 tools 页交叉链接; push IndexNow
tierC-diagnose,feature,it,food-blog-header-design,/it/features/food-blog-header-design,Design accattivante per header di food blog con IA,2025-12-23,203,PATCH: 检查 SEO meta (title/desc/og) 是否合规; 评估是否在相关 tools 页交叉链接; push IndexNow
tierC-diagnose,feature,ja,food-blog-header-design,/ja/features/food-blog-header-design,読者を惹きつける魅力的なフードブログのヘッダー,2025-12-23,203,PATCH: 检查 SEO meta (title/desc/og) 是否合规; 评估是否在相关 tools 页交叉链接; push IndexNow
tierC-diagnose,feature,ko,food-blog-header-design,/ko/features/food-blog-header-design,독자를 사로잡는 Lovart 푸드 블로그 헤더,2025-12-23,203,PATCH: 检查 SEO meta (title/desc/og) 是否合规; 评估是否在相关 tools 页交叉链接; push IndexNow
tierC-diagnose,feature,pt,food-blog-header-design,/pt/features/food-blog-header-design,Design de Cabeçalho para Food Blog com IA,2025-12-23,203,PATCH: 检查 SEO meta (title/desc/og) 是否合规; 评估是否在相关 tools 页交叉链接; push IndexNow
tierC-diagnose,feature,ru,food-blog-header-design,/ru/features/food-blog-header-design,Привлекательный заголовок для фуд-блога с ИИ,2025-12-23,203,PATCH: 检查 SEO meta (title/desc/og) 是否合规; 评估是否在相关 tools 页交叉链接; push IndexNow
tierC-diagnose,feature,de,food-blog-header-design,/de/features/food-blog-header-design,Lebendiger Food-Blog-Header mit KI-Design für mehr Leser,2025-12-23,203,PATCH: 检查 SEO meta (title/desc/og) 是否合规; 评估是否在相关 tools 页交叉链接; push IndexNow
tierC-diagnose,feature,en,food-blog-header-design,/en/features/food-blog-header-design,Eye‑Catching Food Blog Header Design to Engage Readers,2025-12-23,203,PATCH: 检查 SEO meta (title/desc/og) 是否合规; 评估是否在相关 tools 页交叉链接; push IndexNow
tierC-diagnose,feature,en,restaurant-business-card-design,/en/features/restaurant-business-card-design,Professional Restaurant Business Card Design to Make Lasting Impressions,2025-12-24,202,PATCH: 检查 SEO meta (title/desc/og) 是否合规; 评估是否在相关 tools 页交叉链接; push IndexNow
tierC-diagnose,feature,fr,restaurant-business-card-design,/fr/features/restaurant-business-card-design,Cartes de visite IA pour restaurants professionnels,2025-12-24,202,PATCH: 检查 SEO meta (title/desc/og) 是否合规; 评估是否在相关 tools 页交叉链接; push IndexNow
tierC-diagnose,feature,it,restaurant-business-card-design,/it/features/restaurant-business-card-design,Design di biglietti da visita professionali con IA,2025-12-24,202,PATCH: 检查 SEO meta (title/desc/og) 是否合规; 评估是否在相关 tools 页交叉链接; push IndexNow
tierC-diagnose,feature,ja,restaurant-business-card-design,/ja/features/restaurant-business-card-design,プロが手がける、印象に残る名刺デザイン,2025-12-24,202,PATCH: 检查 SEO meta (title/desc/og) 是否合规; 评估是否在相关 tools 页交叉链接; push IndexNow
tierC-diagnose,feature,ko,restaurant-business-card-design,/ko/features/restaurant-business-card-design,"고급 레스토랑 명함 디자인, Lovart",2025-12-24,202,PATCH: 检查 SEO meta (title/desc/og) 是否合规; 评估是否在相关 tools 页交叉链接; push IndexNow
tierC-diagnose,feature,pt,restaurant-business-card-design,/pt/features/restaurant-business-card-design,Design de Cartão de Visita Profissional com IA,2025-12-24,202,PATCH: 检查 SEO meta (title/desc/og) 是否合规; 评估是否在相关 tools 页交叉链接; push IndexNow
tierC-diagnose,feature,ru,restaurant-business-card-design,/ru/features/restaurant-business-card-design,Дизайн визиток ресторана с ИИ для впечатлений,2025-12-24,202,PATCH: 检查 SEO meta (title/desc/og) 是否合规; 评估是否在相关 tools 页交叉链接; push IndexNow
tierC-diagnose,feature,de,restaurant-business-card-design,/de/features/restaurant-business-card-design,Professionelles Restaurant-Business-Card-Design mit KI für bleibende Eindrücke,2025-12-24,202,PATCH: 检查 SEO meta (title/desc/og) 是否合规; 评估是否在相关 tools 页交叉链接; push IndexNow
tierC-diagnose,feature,en,property-listing-design,/en/features/property-listing-design,Professional Property Listing Design Templates | Elevate Your Real Estate Marketing,2025-12-25,201,PATCH: 检查 SEO meta (title/desc/og) 是否合规; 评估是否在相关 tools 页交叉链接; push IndexNow
tierC-diagnose,feature,ja,property-listing-design,/ja/features/property-listing-design,プロ物件掲載デザインテンプレートで不動産マーケ向上,2025-12-25,201,PATCH: 检查 SEO meta (title/desc/og) 是否合规; 评估是否在相关 tools 页交叉链接; push IndexNow
tierC-diagnose,tool,it,ai-ai-short-video,/it/tools/ai-ai-short-video,[IT] AI Short Video Creator — Quick Social Video Production | Lovart,2025-12-25,201,PATCH: 检查 SEO meta (title/desc/og) 是否合规; 评估是否在相关 tools 页交叉链接; push IndexNow
tierC-diagnose,tool,ko,ai-ai-short-video,/ko/tools/ai-ai-short-video,[KO] AI Short Video Creator — Quick Social Video Production | Lovart,2025-12-25,201,PATCH: 检查 SEO meta (title/desc/og) 是否合规; 评估是否在相关 tools 页交叉链接; push IndexNow
tierC-diagnose,tool,pt,ai-ai-short-video,/pt/tools/ai-ai-short-video,[PT] AI Short Video Creator — Quick Social Video Production | Lovart,2025-12-25,201,PATCH: 检查 SEO meta (title/desc/og) 是否合规; 评估是否在相关 tools 页交叉链接; push IndexNow
tierC-diagnose,tool,ru,ai-ai-short-video,/ru/tools/ai-ai-short-video,[RU] AI Short Video Creator — Quick Social Video Production | Lovart,2025-12-25,201,PATCH: 检查 SEO meta (title/desc/og) 是否合规; 评估是否在相关 tools 页交叉链接; push IndexNow
tierC-diagnose,feature,fr,nano-banana-best-practices,/fr/features/nano-banana-best-practices,Meilleures pratiques Nano Banana – Conseils design IA pour qualité et efficacité,2025-12-26,200,PATCH: 检查 SEO meta (title/desc/og) 是否合规; 评估是否在相关 tools 页交叉链接; push IndexNow
tierC-diagnose,feature,it,nano-banana-best-practices,/it/features/nano-banana-best-practices,Nano Banana: consigli professionali IA per qualità ed efficienza,2025-12-26,200,PATCH: 检查 SEO meta (title/desc/og) 是否合规; 评估是否在相关 tools 页交叉链接; push IndexNow
tierC-diagnose,feature,ja,nano-banana-best-practices,/ja/features/nano-banana-best-practices,ナノバナナ活用術：品質と効率のプロデザイン,2025-12-26,200,PATCH: 检查 SEO meta (title/desc/og) 是否合规; 评估是否在相关 tools 页交叉链接; push IndexNow
tierC-diagnose,feature,ko,nano-banana-best-practices,/ko/features/nano-banana-best-practices,나노 바나나 베스트 프랙티스 – Lovart 품질·효율 디자인 팁,2025-12-26,200,PATCH: 检查 SEO meta (title/desc/og) 是否合规; 评估是否在相关 tools 页交叉链接; push IndexNow
tierC-diagnose,feature,pt,nano-banana-best-practices,/pt/features/nano-banana-best-practices,Melhores Práticas com Nano Banana – Dicas de Design com IA,2025-12-26,200,PATCH: 检查 SEO meta (title/desc/og) 是否合规; 评估是否在相关 tools 页交叉链接; push IndexNow
tierC-diagnose,feature,ru,nano-banana-best-practices,/ru/features/nano-banana-best-practices,Лучшие практики Nano Banana – советы ИИ для качества и скорости,2025-12-26,200,PATCH: 检查 SEO meta (title/desc/og) 是否合规; 评估是否在相关 tools 页交叉链接; push IndexNow
tierC-diagnose,feature,de,nano-banana-best-practices,/de/features/nano-banana-best-practices,Nano Banana Best Practices – Profi-Tipps für Qualität und Effizienz mit KI,2025-12-26,200,PATCH: 检查 SEO meta (title/desc/og) 是否合规; 评估是否在相关 tools 页交叉链接; push IndexNow
tierC-diagnose,feature,en,real-estate-sign-design,/en/features/real-estate-sign-design,Professional Real Estate Sign Design | Eye-Catching Yard Signs That Attract Buyers,2025-12-27,199,PATCH: 检查 SEO meta (title/desc/og) 是否合规; 评估是否在相关 tools 页交叉链接; push IndexNow
tierC-diagnose,feature,ja,real-estate-sign-design,/ja/features/real-estate-sign-design,プロが手掛ける不動産看板で集客,2025-12-27,199,PATCH: 检查 SEO meta (title/desc/og) 是否合规; 评估是否在相关 tools 页交叉链接; push IndexNow
tierC-diagnose,tool,de,online-ai-design,/de/tools/online-ai-design,[DE] Online AI Design Platform — Create in Your Browser | Lovart,2025-12-27,199,PATCH: 检查 SEO meta (title/desc/og) 是否合规; 评估是否在相关 tools 页交叉链接; push IndexNow
tierC-diagnose,tool,it,online-ai-design,/it/tools/online-ai-design,[IT] Online AI Design Platform — Create in Your Browser | Lovart,2025-12-27,199,PATCH: 检查 SEO meta (title/desc/og) 是否合规; 评估是否在相关 tools 页交叉链接; push IndexNow
tierC-diagnose,tool,ko,online-ai-design,/ko/tools/online-ai-design,[KO] Online AI Design Platform — Create in Your Browser | Lovart,2025-12-27,199,PATCH: 检查 SEO meta (title/desc/og) 是否合规; 评估是否在相关 tools 页交叉链接; push IndexNow
tierC-diagnose,tool,ru,online-ai-design,/ru/tools/online-ai-design,[RU] Online AI Design Platform — Create in Your Browser | Lovart,2025-12-27,199,PATCH: 检查 SEO meta (title/desc/og) 是否合规; 评估是否在相关 tools 页交叉链接; push IndexNow
tierC-diagnose,tool,zh-TW,online-ai-design,/zh-TW/tools/online-ai-design,[ZH-TW] Online AI Design Platform — Create in Your Browser | Lovart,2025-12-27,199,PATCH: 检查 SEO meta (title/desc/og) 是否合规; 评估是否在相关 tools 页交叉链接; push IndexNow
tierC-diagnose,feature,de,best-ai-image-generator-2026,/de/features/best-ai-image-generator-2026,"Bester KI-Bildgenerator 2026: Nano Banana, Flux & mehr | Lovart",2025-12-28,198,PATCH: 检查 SEO meta (title/desc/og) 是否合规; 评估是否在相关 tools 页交叉链接; push IndexNow
tierC-diagnose,feature,fr,best-ai-image-generator-2026,/fr/features/best-ai-image-generator-2026,"Générateur d'images IA 2026 : Nano Banana, Flux & plus | Lovart",2025-12-28,198,PATCH: 检查 SEO meta (title/desc/og) 是否合规; 评估是否在相关 tools 页交叉链接; push IndexNow
tierC-diagnose,feature,it,best-ai-image-generator-2026,/it/features/best-ai-image-generator-2026,"Miglior generatore di immagini IA 2026: Nano Banana, Flux e altri | Lovart",2025-12-28,198,PATCH: 检查 SEO meta (title/desc/og) 是否合规; 评估是否在相关 tools 页交叉链接; push IndexNow
tierC-diagnose,feature,ja,best-ai-image-generator-2026,/ja/features/best-ai-image-generator-2026,2026年最高のAI画像生成：Nano Banana、Fluxなど | Lovart,2025-12-28,198,PATCH: 检查 SEO meta (title/desc/og) 是否合规; 评估是否在相关 tools 页交叉链接; push IndexNow
tierC-diagnose,feature,ko,best-ai-image-generator-2026,/ko/features/best-ai-image-generator-2026,"2026 최고 AI 이미지 생성기: 나노바나나, 플럭스 등 | Lovart",2025-12-28,198,PATCH: 检查 SEO meta (title/desc/og) 是否合规; 评估是否在相关 tools 页交叉链接; push IndexNow
tierC-diagnose,feature,pt,best-ai-image-generator-2026,/pt/features/best-ai-image-generator-2026,"Melhor Gerador de Imagens com IA 2026: Nano Banana, Flux & Mais | Lovart",2025-12-28,198,PATCH: 检查 SEO meta (title/desc/og) 是否合规; 评估是否在相关 tools 页交叉链接; push IndexNow
tierC-diagnose,feature,ru,best-ai-image-generator-2026,/ru/features/best-ai-image-generator-2026,"Лучший ИИ-генератор 2026: Nano Banana, Flux и другие | Lovart",2025-12-28,198,PATCH: 检查 SEO meta (title/desc/og) 是否合规; 评估是否在相关 tools 页交叉链接; push IndexNow
tierC-diagnose,tool,en,seedream-4.5,/en/tools/seedream-4.5,AI Seedream 4.5 | Lovart,2025-12-28,198,PATCH: 检查 SEO meta (title/desc/og) 是否合规; 评估是否在相关 tools 页交叉链接; push IndexNow
tierC-diagnose,feature,en,promotional-flyer-design,/en/features/promotional-flyer-design,Custom Promotional Flyer Design That Drives Real Results,2025-12-29,197,PATCH: 检查 SEO meta (title/desc/og) 是否合规; 评估是否在相关 tools 页交叉链接; push IndexNow
tierC-diagnose,feature,fr,promotional-flyer-design,/fr/features/promotional-flyer-design,Créez des flyers IA percutants avec Lovart,2025-12-29,197,PATCH: 检查 SEO meta (title/desc/og) 是否合规; 评估是否在相关 tools 页交叉链接; push IndexNow
tierC-diagnose,feature,it,promotional-flyer-design,/it/features/promotional-flyer-design,Crea volantini promozionali con IA per risultati reali,2025-12-29,197,PATCH: 检查 SEO meta (title/desc/og) 是否合规; 评估是否在相关 tools 页交叉链接; push IndexNow
tierC-diagnose,feature,ja,promotional-flyer-design,/ja/features/promotional-flyer-design,成果を生むオリジナル販促チラシ,2025-12-29,197,PATCH: 检查 SEO meta (title/desc/og) 是否合规; 评估是否在相关 tools 页交叉链接; push IndexNow
tierC-diagnose,feature,ko,promotional-flyer-design,/ko/features/promotional-flyer-design,실질적 성과를 내는 맞춤형 홍보 전단지,2025-12-29,197,PATCH: 检查 SEO meta (title/desc/og) 是否合规; 评估是否在相关 tools 页交叉链接; push IndexNow
tierC-diagnose,feature,pt,promotional-flyer-design,/pt/features/promotional-flyer-design,Crie Flyers Promocionais com IA que Geram Resultados,2025-12-29,197,PATCH: 检查 SEO meta (title/desc/og) 是否合规; 评估是否在相关 tools 页交叉链接; push IndexNow
tierC-diagnose,feature,ru,promotional-flyer-design,/ru/features/promotional-flyer-design,Дизайн листовок с ИИ для реальных результатов,2025-12-29,197,PATCH: 检查 SEO meta (title/desc/og) 是否合规; 评估是否在相关 tools 页交叉链接; push IndexNow
tierC-diagnose,feature,de,promotional-flyer-design,/de/features/promotional-flyer-design,"Individuelles Werbeflyer-Design mit KI, das echte Ergebnisse liefert",2025-12-29,197,PATCH: 检查 SEO meta (title/desc/og) 是否合规; 评估是否在相关 tools 页交叉链接; push IndexNow
tierC-diagnose,feature,de,ai-background-swap-no-masking,/de/features/ai-background-swap-no-masking,Sofortiger KI-Hintergrundtausch: Kein Maskieren nötig,2025-12-30,196,PATCH: 检查 SEO meta (title/desc/og) 是否合规; 评估是否在相关 tools 页交叉链接; push IndexNow
tierC-diagnose,feature,en,ai-background-swap-no-masking,/en/features/ai-background-swap-no-masking,Instant AI Background Swap: Zero Masking Required,2025-12-30,196,PATCH: 检查 SEO meta (title/desc/og) 是否合规; 评估是否在相关 tools 页交叉链接; push IndexNow
tierC-diagnose,feature,fr,ai-background-swap-no-masking,/fr/features/ai-background-swap-no-masking,Échange d’arrière-plan IA : zéro masquage,2025-12-30,196,PATCH: 检查 SEO meta (title/desc/og) 是否合规; 评估是否在相关 tools 页交叉链接; push IndexNow
tierC-diagnose,feature,it,ai-background-swap-no-masking,/it/features/ai-background-swap-no-masking,Cambio sfondo IA istantaneo: zero mascheratura,2025-12-30,196,PATCH: 检查 SEO meta (title/desc/og) 是否合规; 评估是否在相关 tools 页交叉链接; push IndexNow
tierC-diagnose,feature,ja,ai-background-swap-no-masking,/ja/features/ai-background-swap-no-masking,AI背景を瞬時に差し替え、マスク不要,2025-12-30,196,PATCH: 检查 SEO meta (title/desc/og) 是否合规; 评估是否在相关 tools 页交叉链接; push IndexNow
tierC-diagnose,feature,ko,ai-background-swap-no-masking,/ko/features/ai-background-swap-no-masking,"로바트 AI 배경 바꾸기, 마스킹 필요 없음",2025-12-30,196,PATCH: 检查 SEO meta (title/desc/og) 是否合规; 评估是否在相关 tools 页交叉链接; push IndexNow
tierC-diagnose,feature,pt,ai-background-swap-no-masking,/pt/features/ai-background-swap-no-masking,Troca de fundo com IA: sem máscaras,2025-12-30,196,PATCH: 检查 SEO meta (title/desc/og) 是否合规; 评估是否在相关 tools 页交叉链接; push IndexNow
tierC-diagnose,feature,ru,ai-background-swap-no-masking,/ru/features/ai-background-swap-no-masking,Мгновенная замена фона ИИ: без масок,2025-12-30,196,PATCH: 检查 SEO meta (title/desc/og) 是否合规; 评估是否在相关 tools 页交叉链接; push IndexNow
tierC-diagnose,tool,de,ai-animation-generator,/de/tools/ai-animation-generator,[DE] Free AI Animation Generator — Create Animated Videos Online | Lovart,2025-12-30,196,PATCH: 检查 SEO meta (title/desc/og) 是否合规; 评估是否在相关 tools 页交叉链接; push IndexNow
tierC-diagnose,tool,fr,ai-animation-generator,/fr/tools/ai-animation-generator,[FR] Free AI Animation Generator — Create Animated Videos Online | Lovart,2025-12-30,196,PATCH: 检查 SEO meta (title/desc/og) 是否合规; 评估是否在相关 tools 页交叉链接; push IndexNow
tierC-diagnose,tool,it,ai-animation-generator,/it/tools/ai-animation-generator,[IT] Free AI Animation Generator — Create Animated Videos Online | Lovart,2025-12-30,196,PATCH: 检查 SEO meta (title/desc/og) 是否合规; 评估是否在相关 tools 页交叉链接; push IndexNow
tierC-diagnose,tool,ko,ai-animation-generator,/ko/tools/ai-animation-generator,[KO] Free AI Animation Generator — Create Animated Videos Online | Lovart,2025-12-30,196,PATCH: 检查 SEO meta (title/desc/og) 是否合规; 评估是否在相关 tools 页交叉链接; push IndexNow
tierC-diagnose,tool,pt,ai-animation-generator,/pt/tools/ai-animation-generator,[PT] Free AI Animation Generator — Create Animated Videos Online | Lovart,2025-12-30,196,PATCH: 检查 SEO meta (title/desc/og) 是否合规; 评估是否在相关 tools 页交叉链接; push IndexNow
tierC-diagnose,tool,zh-TW,ai-animation-generator,/zh-TW/tools/ai-animation-generator,[ZH-TW] Free AI Animation Generator — Create Animated Videos Online | Lovart,2025-12-30,196,PATCH: 检查 SEO meta (title/desc/og) 是否合规; 评估是否在相关 tools 页交叉链接; push IndexNow
tierC-diagnose,feature,fr,nano-banana-concept-art-workflow,/fr/features/nano-banana-concept-art-workflow,Workflow concept art banane nano pour jeux | Préprod IA par Lovart,2025-12-31,195,PATCH: 检查 SEO meta (title/desc/og) 是否合规; 评估是否在相关 tools 页交叉链接; push IndexNow
tierC-diagnose,feature,it,nano-banana-concept-art-workflow,/it/features/nano-banana-concept-art-workflow,Flusso di lavoro concept art per giochi con IA | Lovart,2025-12-31,195,PATCH: 检查 SEO meta (title/desc/og) 是否合规; 评估是否在相关 tools 页交叉链接; push IndexNow
tierC-diagnose,feature,ja,nano-banana-concept-art-workflow,/ja/features/nano-banana-concept-art-workflow,Lovart AIによるゲーム用ナノバナナコンセプト制作工程,2025-12-31,195,PATCH: 检查 SEO meta (title/desc/og) 是否合规; 评估是否在相关 tools 页交叉链接; push IndexNow
tierC-diagnose,feature,ko,nano-banana-concept-art-workflow,/ko/features/nano-banana-concept-art-workflow,러바트 AI 게임용 나노 바나나 콘셉트 아트 워크플로우,2025-12-31,195,PATCH: 检查 SEO meta (title/desc/og) 是否合规; 评估是否在相关 tools 页交叉链接; push IndexNow
tierC-diagnose,feature,pt,nano-banana-concept-art-workflow,/pt/features/nano-banana-concept-art-workflow,Fluxo de Conceito Arte Nano Banana para Jogos | Pré-produção com IA da Lovart,2025-12-31,195,PATCH: 检查 SEO meta (title/desc/og) 是否合规; 评估是否在相关 tools 页交叉链接; push IndexNow
tierC-diagnose,feature,ru,nano-banana-concept-art-workflow,/ru/features/nano-banana-concept-art-workflow,ИИ-препродакшн: Nano Banana Concept Art для игр от Lovart,2025-12-31,195,PATCH: 检查 SEO meta (title/desc/og) 是否合规; 评估是否在相关 tools 页交叉链接; push IndexNow
tierC-diagnose,feature,de,nano-banana-concept-art-workflow,/de/features/nano-banana-concept-art-workflow,KI-gestützter Pre-Production-Workflow für Nano-Banana-Konzeptkunst in Spielen | Lovart,2025-12-31,195,PATCH: 检查 SEO meta (title/desc/og) 是否合规; 评估是否在相关 tools 页交叉链接; push IndexNow
tierC-diagnose,tool,de,web-app-ai-design,/de/tools/web-app-ai-design,[DE] Web App AI Design — Browser-Based Creative Suite | Lovart,2025-12-31,195,PATCH: 检查 SEO meta (title/desc/og) 是否合规; 评估是否在相关 tools 页交叉链接; push IndexNow
tierC-diagnose,tool,fr,web-app-ai-design,/fr/tools/web-app-ai-design,[FR] Web App AI Design — Browser-Based Creative Suite | Lovart,2025-12-31,195,PATCH: 检查 SEO meta (title/desc/og) 是否合规; 评估是否在相关 tools 页交叉链接; push IndexNow
tierC-diagnose,tool,ko,web-app-ai-design,/ko/tools/web-app-ai-design,[KO] Web App AI Design — Browser-Based Creative Suite | Lovart,2025-12-31,195,PATCH: 检查 SEO meta (title/desc/og) 是否合规; 评估是否在相关 tools 页交叉链接; push IndexNow
tierC-diagnose,tool,pt,web-app-ai-design,/pt/tools/web-app-ai-design,[PT] Web App AI Design — Browser-Based Creative Suite | Lovart,2025-12-31,195,PATCH: 检查 SEO meta (title/desc/og) 是否合规; 评估是否在相关 tools 页交叉链接; push IndexNow
tierC-diagnose,tool,ru,web-app-ai-design,/ru/tools/web-app-ai-design,[RU] Web App AI Design — Browser-Based Creative Suite | Lovart,2025-12-31,195,PATCH: 检查 SEO meta (title/desc/og) 是否合规; 评估是否在相关 tools 页交叉链接; push IndexNow
tierC-diagnose,feature,en,infographic-design,/en/features/infographic-design,Professional Infographic Design Made Simple | Visualize Data with Impact,2026-01-01,194,PATCH: 检查 SEO meta (title/desc/og) 是否合规; 评估是否在相关 tools 页交叉链接; push IndexNow
tierC-diagnose,feature,fr,infographic-design,/fr/features/infographic-design,Infographie pro simplifiée : visualisez vos données avec impact,2026-01-01,194,PATCH: 检查 SEO meta (title/desc/og) 是否合规; 评估是否在相关 tools 页交叉链接; push IndexNow
tierC-diagnose,feature,it,infographic-design,/it/features/infographic-design,Infografiche professionali semplici con IA | Lovart,2026-01-01,194,PATCH: 检查 SEO meta (title/desc/og) 是否合规; 评估是否在相关 tools 页交叉链接; push IndexNow
tierC-diagnose,feature,ja,infographic-design,/ja/features/infographic-design,プロが教える簡単インフォグラフィック作成術,2026-01-01,194,PATCH: 检查 SEO meta (title/desc/og) 是否合规; 评估是否在相关 tools 页交叉链接; push IndexNow
tierC-diagnose,feature,ko,infographic-design,/ko/features/infographic-design,"전문 인포그래픽 디자인, Lovart로 쉽게",2026-01-01,194,PATCH: 检查 SEO meta (title/desc/og) 是否合规; 评估是否在相关 tools 页交叉链接; push IndexNow
tierC-diagnose,feature,pt,infographic-design,/pt/features/infographic-design,Design de Infográfico Profissional com IA,2026-01-01,194,PATCH: 检查 SEO meta (title/desc/og) 是否合规; 评估是否在相关 tools 页交叉链接; push IndexNow
tierC-diagnose,feature,ru,infographic-design,/ru/features/infographic-design,Профессиональные инфографики с ИИ Lovart,2026-01-01,194,PATCH: 检查 SEO meta (title/desc/og) 是否合规; 评估是否在相关 tools 页交叉链接; push IndexNow
tierC-diagnose,feature,de,infographic-design,/de/features/infographic-design,Professionelle Infografiken mit KI | Daten wirkungsvoll visualisieren,2026-01-01,194,PATCH: 检查 SEO meta (title/desc/og) 是否合规; 评估是否在相关 tools 页交叉链接; push IndexNow
tierC-diagnose,tool,it,ai-design-for-filmmakers,/it/tools/ai-design-for-filmmakers,[IT] AI Design for Filmmakers — Film & Video Design Tools | Lovart,2026-01-01,194,PATCH: 检查 SEO meta (title/desc/og) 是否合规; 评估是否在相关 tools 页交叉链接; push IndexNow
tierC-diagnose,tool,ja,ai-design-for-filmmakers,/ja/tools/ai-design-for-filmmakers,[JA] AI Design for Filmmakers — Film & Video Design Tools | Lovart,2026-01-01,194,PATCH: 检查 SEO meta (title/desc/og) 是否合规; 评估是否在相关 tools 页交叉链接; push IndexNow
tierC-diagnose,tool,ko,ai-design-for-filmmakers,/ko/tools/ai-design-for-filmmakers,[KO] AI Design for Filmmakers — Film & Video Design Tools | Lovart,2026-01-01,194,PATCH: 检查 SEO meta (title/desc/og) 是否合规; 评估是否在相关 tools 页交叉链接; push IndexNow
tierC-diagnose,tool,pt,ai-design-for-filmmakers,/pt/tools/ai-design-for-filmmakers,[PT] AI Design for Filmmakers — Film & Video Design Tools | Lovart,2026-01-01,194,PATCH: 检查 SEO meta (title/desc/og) 是否合规; 评估是否在相关 tools 页交叉链接; push IndexNow
tierC-diagnose,tool,ru,ai-design-for-filmmakers,/ru/tools/ai-design-for-filmmakers,[RU] AI Design for Filmmakers — Film & Video Design Tools | Lovart,2026-01-01,194,PATCH: 检查 SEO meta (title/desc/og) 是否合规; 评估是否在相关 tools 页交叉链接; push IndexNow
tierC-diagnose,tool,zh-TW,ai-design-for-filmmakers,/zh-TW/tools/ai-design-for-filmmakers,[ZH-TW] AI Design for Filmmakers — Film & Video Design Tools | Lovart,2026-01-01,194,PATCH: 检查 SEO meta (title/desc/og) 是否合规; 评估是否在相关 tools 页交叉链接; push IndexNow
tierC-diagnose,feature,zh-TW,real-estate-banner-design,/zh-TW/features/real-estate-banner-design,專業房產橫幅設計工具，快速打造高影響力廣告,2026-01-02,193,PATCH: 检查 SEO meta (title/desc/og) 是否合规; 评估是否在相关 tools 页交叉链接; push IndexNow
tierC-diagnose,tool,de,seedance-2-ai-video-ad-generator-high-conversion,/de/tools/seedance-2-ai-video-ad-generator-high-conversion,AI-Videoanzeigengenerator | Videoanzeigen mit hoher Konversion | Lovart,2026-01-02,193,PATCH: 检查 SEO meta (title/desc/og) 是否合规; 评估是否在相关 tools 页交叉链接; push IndexNow
tierC-diagnose,tool,fr,seedance-2-ai-video-ad-generator-high-conversion,/fr/tools/seedance-2-ai-video-ad-generator-high-conversion,Générateur de publicités vidéo IA | Annonces vidéo à conversion élevée | Lovart,2026-01-02,193,PATCH: 检查 SEO meta (title/desc/og) 是否合规; 评估是否在相关 tools 页交叉链接; push IndexNow
tierC-diagnose,tool,it,seedance-2-ai-video-ad-generator-high-conversion,/it/tools/seedance-2-ai-video-ad-generator-high-conversion,Generatore di annunci video AI | Annunci video ad alta conversione | Lovart,2026-01-02,193,PATCH: 检查 SEO meta (title/desc/og) 是否合规; 评估是否在相关 tools 页交叉链接; push IndexNow
tierC-diagnose,tool,ja,seedance-2-ai-video-ad-generator-high-conversion,/ja/tools/seedance-2-ai-video-ad-generator-high-conversion,AI動画広告ジェネレーター |高コンバージョン動画広告 |ロヴァート,2026-01-02,193,PATCH: 检查 SEO meta (title/desc/og) 是否合规; 评估是否在相关 tools 页交叉链接; push IndexNow
tierC-diagnose,tool,ko,seedance-2-ai-video-ad-generator-high-conversion,/ko/tools/seedance-2-ai-video-ad-generator-high-conversion,AI 동영상 광고 생성기 | 전환율이 높은 비디오 광고 | 로바트,2026-01-02,193,PATCH: 检查 SEO meta (title/desc/og) 是否合规; 评估是否在相关 tools 页交叉链接; push IndexNow
tierC-diagnose,tool,pt,seedance-2-ai-video-ad-generator-high-conversion,/pt/tools/seedance-2-ai-video-ad-generator-high-conversion,Gerador de anúncios em vídeo AI | Anúncios em vídeo de alta conversão | Lovart,2026-01-02,193,PATCH: 检查 SEO meta (title/desc/og) 是否合规; 评估是否在相关 tools 页交叉链接; push IndexNow
tierC-diagnose,tool,ru,seedance-2-ai-video-ad-generator-high-conversion,/ru/tools/seedance-2-ai-video-ad-generator-high-conversion,Генератор видеорекламы с искусственным интеллектом | Видеореклама с высокой конверсией | Ловарт,2026-01-02,193,PATCH: 检查 SEO meta (title/desc/og) 是否合规; 评估是否在相关 tools 页交叉链接; push IndexNow
tierC-diagnose,feature,de,ai-giveaway-poster-generator,/de/features/ai-giveaway-poster-generator,KI-Gewinnspiel-Poster: Virale Grafiken erstellen - Lovart,2026-01-03,192,PATCH: 检查 SEO meta (title/desc/og) 是否合规; 评估是否在相关 tools 页交叉链接; push IndexNow
tierC-diagnose,feature,en,ai-giveaway-poster-generator,/en/features/ai-giveaway-poster-generator,AI Giveaway Poster Generator: Create Viral Contest Graphics - Lovart,2026-01-03,192,PATCH: 检查 SEO meta (title/desc/og) 是否合规; 评估是否在相关 tools 页交叉链接; push IndexNow
tierC-diagnose,feature,fr,ai-giveaway-poster-generator,/fr/features/ai-giveaway-poster-generator,Générateur IA d’affiches concours : créez des visuels viraux - Lovart,2026-01-03,192,PATCH: 检查 SEO meta (title/desc/og) 是否合规; 评估是否在相关 tools 页交叉链接; push IndexNow
tierC-diagnose,feature,it,ai-giveaway-poster-generator,/it/features/ai-giveaway-poster-generator,Genera poster IA per giveaway: crea grafiche virali - Lovart,2026-01-03,192,PATCH: 检查 SEO meta (title/desc/og) 是否合规; 评估是否在相关 tools 页交叉链接; push IndexNow
tierC-diagnose,feature,ja,ai-giveaway-poster-generator,/ja/features/ai-giveaway-poster-generator,Lovartで作るAI景品ポスター,2026-01-03,192,PATCH: 检查 SEO meta (title/desc/og) 是否合规; 评估是否在相关 tools 页交叉链接; push IndexNow
tierC-diagnose,feature,ko,ai-giveaway-poster-generator,/ko/features/ai-giveaway-poster-generator,러바트 AI 경품 포스터: 바이럴 콘테스트 그래픽 제작,2026-01-03,192,PATCH: 检查 SEO meta (title/desc/og) 是否合规; 评估是否在相关 tools 页交叉链接; push IndexNow
tierC-diagnose,feature,pt,ai-giveaway-poster-generator,/pt/features/ai-giveaway-poster-generator,Gerador de Posters para Sorteios com IA - Lovart,2026-01-03,192,PATCH: 检查 SEO meta (title/desc/og) 是否合规; 评估是否在相关 tools 页交叉链接; push IndexNow
tierC-diagnose,feature,ru,ai-giveaway-poster-generator,/ru/features/ai-giveaway-poster-generator,Генератор афиш розыгрышей на ИИ: вирусные конкурсы — Lovart,2026-01-03,192,PATCH: 检查 SEO meta (title/desc/og) 是否合规; 评估是否在相关 tools 页交叉链接; push IndexNow
tierC-diagnose,feature,fr,seedance-ai-ad-creatives,/fr/features/seedance-ai-ad-creatives,Créez des pubs performantes avec Seedance 2.0 | Lovart,2026-01-04,191,PATCH: 检查 SEO meta (title/desc/og) 是否合规; 评估是否在相关 tools 页交叉链接; push IndexNow
tierC-diagnose,feature,it,seedance-ai-ad-creatives,/it/features/seedance-ai-ad-creatives,Crea annunci ad alto tasso di conversione con Seedance 2.0 | Lovart,2026-01-04,191,PATCH: 检查 SEO meta (title/desc/og) 是否合规; 评估是否在相关 tools 页交叉链接; push IndexNow
tierC-diagnose,feature,ja,seedance-ai-ad-creatives,/ja/features/seedance-ai-ad-creatives,Seedance 2.0で高コンバージョン広告 | Lovart,2026-01-04,191,PATCH: 检查 SEO meta (title/desc/og) 是否合规; 评估是否在相关 tools 页交叉链接; push IndexNow
tierC-diagnose,feature,ko,seedance-ai-ad-creatives,/ko/features/seedance-ai-ad-creatives,전환율 높은 시던스 2.0 광고 소재 | Lovart,2026-01-04,191,PATCH: 检查 SEO meta (title/desc/og) 是否合规; 评估是否在相关 tools 页交叉链接; push IndexNow
tierC-diagnose,feature,pt,seedance-ai-ad-creatives,/pt/features/seedance-ai-ad-creatives,Criativos de Anúncios de Alta Conversão com Seedance 2.0 | Lovart,2026-01-04,191,PATCH: 检查 SEO meta (title/desc/og) 是否合规; 评估是否在相关 tools 页交叉链接; push IndexNow
tierC-diagnose,feature,ru,seedance-ai-ad-creatives,/ru/features/seedance-ai-ad-creatives,Креативы для рекламы с Seedance 2.0 | Lovart,2026-01-04,191,PATCH: 检查 SEO meta (title/desc/og) 是否合规; 评估是否在相关 tools 页交叉链接; push IndexNow
tierC-diagnose,feature,de,seedance-ai-ad-creatives,/de/features/seedance-ai-ad-creatives,Hochkonvertierende Anzeigen mit Seedance 2.0 | Lovart,2026-01-04,191,PATCH: 检查 SEO meta (title/desc/og) 是否合规; 评估是否在相关 tools 页交叉链接; push IndexNow
tierC-diagnose,feature,en,real-estate-business-card-design,/en/features/real-estate-business-card-design,Professional Real Estate Business Card Design | Create Memorable Networking Cards Fast,2026-01-05,190,PATCH: 检查 SEO meta (title/desc/og) 是否合规; 评估是否在相关 tools 页交叉链接; push IndexNow
tierC-diagnose,feature,fr,real-estate-business-card-design,/fr/features/real-estate-business-card-design,Cartes de visite immobilières pro avec IA Lovart,2026-01-05,190,PATCH: 检查 SEO meta (title/desc/og) 是否合规; 评估是否在相关 tools 页交叉链接; push IndexNow
tierC-diagnose,feature,it,real-estate-business-card-design,/it/features/real-estate-business-card-design,Crea biglietti da visita immobiliari professionali con IA,2026-01-05,190,PATCH: 检查 SEO meta (title/desc/og) 是否合规; 评估是否在相关 tools 页交叉链接; push IndexNow
tierC-diagnose,feature,ja,real-estate-business-card-design,/ja/features/real-estate-business-card-design,プロが作る名刺デザインで差をつける,2026-01-05,190,PATCH: 检查 SEO meta (title/desc/og) 是否合规; 评估是否在相关 tools 页交叉链接; push IndexNow
tierC-diagnose,feature,ko,real-estate-business-card-design,/ko/features/real-estate-business-card-design,전문 부동산 명함 디자인 | Lovart로 빠르게 제작,2026-01-05,190,PATCH: 检查 SEO meta (title/desc/og) 是否合规; 评估是否在相关 tools 页交叉链接; push IndexNow
tierC-diagnose,feature,pt,real-estate-business-card-design,/pt/features/real-estate-business-card-design,Crie Cartões de Visita Imobiliários Profissionais com IA,2026-01-05,190,PATCH: 检查 SEO meta (title/desc/og) 是否合规; 评估是否在相关 tools 页交叉链接; push IndexNow
tierC-diagnose,feature,ru,real-estate-business-card-design,/ru/features/real-estate-business-card-design,Профессиональные визитки для риелторов | Создавайте запоминающиеся карточки с ИИ,2026-01-05,190,PATCH: 检查 SEO meta (title/desc/og) 是否合规; 评估是否在相关 tools 页交叉链接; push IndexNow
tierC-diagnose,feature,de,real-estate-business-card-design,/de/features/real-estate-business-card-design,Professionelle Immobilien-Visitenkarten mit KI gestalten,2026-01-05,190,PATCH: 检查 SEO meta (title/desc/og) 是否合规; 评估是否在相关 tools 页交叉链接; push IndexNow
tierC-diagnose,tool,fr,ai-ebook-cover-maker,/fr/tools/ai-ebook-cover-maker,[FR] Free AI Ebook Cover Maker — Design Professional Book Covers | Lovart,2026-01-05,190,PATCH: 检查 SEO meta (title/desc/og) 是否合规; 评估是否在相关 tools 页交叉链接; push IndexNow
tierC-diagnose,tool,ja,ai-ebook-cover-maker,/ja/tools/ai-ebook-cover-maker,[JA] Free AI Ebook Cover Maker — Design Professional Book Covers | Lovart,2026-01-05,190,PATCH: 检查 SEO meta (title/desc/og) 是否合规; 评估是否在相关 tools 页交叉链接; push IndexNow
tierC-diagnose,tool,ko,ai-ebook-cover-maker,/ko/tools/ai-ebook-cover-maker,[KO] Free AI Ebook Cover Maker — Design Professional Book Covers | Lovart,2026-01-05,190,PATCH: 检查 SEO meta (title/desc/og) 是否合规; 评估是否在相关 tools 页交叉链接; push IndexNow
tierC-diagnose,tool,pt,ai-ebook-cover-maker,/pt/tools/ai-ebook-cover-maker,[PT] Free AI Ebook Cover Maker — Design Professional Book Covers | Lovart,2026-01-05,190,PATCH: 检查 SEO meta (title/desc/og) 是否合规; 评估是否在相关 tools 页交叉链接; push IndexNow
tierC-diagnose,tool,ru,ai-ebook-cover-maker,/ru/tools/ai-ebook-cover-maker,[RU] Free AI Ebook Cover Maker — Design Professional Book Covers | Lovart,2026-01-05,190,PATCH: 检查 SEO meta (title/desc/og) 是否合规; 评估是否在相关 tools 页交叉链接; push IndexNow
tierC-diagnose,tool,zh-TW,ai-ebook-cover-maker,/zh-TW/tools/ai-ebook-cover-maker,[ZH-TW] Free AI Ebook Cover Maker — Design Professional Book Covers | Lovart,2026-01-05,190,PATCH: 检查 SEO meta (title/desc/og) 是否合规; 评估是否在相关 tools 页交叉链接; push IndexNow
tierC-diagnose,feature,fr,nano-banana-youtube-thumbnails,/fr/features/nano-banana-youtube-thumbnails,Miniatures YouTube IA Lovart - Graphiques viraux,2026-01-06,189,PATCH: 检查 SEO meta (title/desc/og) 是否合规; 评估是否在相关 tools 页交叉链接; push IndexNow
tierC-diagnose,feature,it,nano-banana-youtube-thumbnails,/it/features/nano-banana-youtube-thumbnails,Miniature Banana per Thumbnail YouTube – Grafica Virale e Ottimizzazione IA,2026-01-06,189,PATCH: 检查 SEO meta (title/desc/og) 是否合规; 评估是否在相关 tools 页交叉链接; push IndexNow
tierC-diagnose,feature,ja,nano-banana-youtube-thumbnails,/ja/features/nano-banana-youtube-thumbnails,ナノバナナサムネイル動画最適化,2026-01-06,189,PATCH: 检查 SEO meta (title/desc/og) 是否合规; 评估是否在相关 tools 页交叉链接; push IndexNow
tierC-diagnose,feature,ko,nano-banana-youtube-thumbnails,/ko/features/nano-banana-youtube-thumbnails,네이노 바나나 썸네일 – 바이럴 그래픽 & 클릭 최적화,2026-01-06,189,PATCH: 检查 SEO meta (title/desc/og) 是否合规; 评估是否在相关 tools 页交叉链接; push IndexNow
tierC-diagnose,feature,pt,nano-banana-youtube-thumbnails,/pt/features/nano-banana-youtube-thumbnails,Miniaturas de Banana com IA para YouTube,2026-01-06,189,PATCH: 检查 SEO meta (title/desc/og) 是否合规; 评估是否在相关 tools 页交叉链接; push IndexNow
tierC-diagnose,feature,ru,nano-banana-youtube-thumbnails,/ru/features/nano-banana-youtube-thumbnails,Миниатюры YouTube – ИИ-графика для вирусных видео,2026-01-06,189,PATCH: 检查 SEO meta (title/desc/og) 是否合规; 评估是否在相关 tools 页交叉链接; push IndexNow
tierC-diagnose,feature,de,nano-banana-youtube-thumbnails,/de/features/nano-banana-youtube-thumbnails,Nano-Banana-YouTube-Thumbnails – Virale KI-Grafiken für mehr Klicks,2026-01-06,189,PATCH: 检查 SEO meta (title/desc/og) 是否合规; 评估是否在相关 tools 页交叉链接; push IndexNow
tierC-diagnose,feature,en,nano-banana-infographic-design,/en/features/nano-banana-infographic-design,Nano Banana Infographic Design for Marketing Teams – Turn Data into Results | Lovart,2026-01-07,188,PATCH: 检查 SEO meta (title/desc/og) 是否合规; 评估是否在相关 tools 页交叉链接; push IndexNow
tierC-diagnose,feature,fr,nano-banana-infographic-design,/fr/features/nano-banana-infographic-design,Infographie IA Banane Nano pour vos équipes marketing,2026-01-07,188,PATCH: 检查 SEO meta (title/desc/og) 是否合规; 评估是否在相关 tools 页交叉链接; push IndexNow
tierC-diagnose,feature,it,nano-banana-infographic-design,/it/features/nano-banana-infographic-design,Infografica a Banana per Team Marketing – Dati in Risultati con IA | Lovart,2026-01-07,188,PATCH: 检查 SEO meta (title/desc/og) 是否合规; 评估是否在相关 tools 页交叉链接; push IndexNow
tierC-diagnose,feature,ja,nano-banana-infographic-design,/ja/features/nano-banana-infographic-design,マーケチーム向けナノバナナ図解でデータを成果に｜Lovart,2026-01-07,188,PATCH: 检查 SEO meta (title/desc/og) 是否合规; 评估是否在相关 tools 页交叉链接; push IndexNow
tierC-diagnose,feature,ko,nano-banana-infographic-design,/ko/features/nano-banana-infographic-design,마케팅팀을 위한 나노 바나나 인포그래픽 디자인 | Lovart,2026-01-07,188,PATCH: 检查 SEO meta (title/desc/og) 是否合规; 评估是否在相关 tools 页交叉链接; push IndexNow
tierC-diagnose,feature,pt,nano-banana-infographic-design,/pt/features/nano-banana-infographic-design,Infográfico Banana Nano com IA para Equipes de Marketing | Lovart,2026-01-07,188,PATCH: 检查 SEO meta (title/desc/og) 是否合规; 评估是否在相关 tools 页交叉链接; push IndexNow
tierC-diagnose,feature,ru,nano-banana-infographic-design,/ru/features/nano-banana-infographic-design,Инфографика «Бананы»: данные в результаты с Lovart,2026-01-07,188,PATCH: 检查 SEO meta (title/desc/og) 是否合规; 评估是否在相关 tools 页交叉链接; push IndexNow
tierC-diagnose,feature,de,nano-banana-infographic-design,/de/features/nano-banana-infographic-design,Nano-Bananen-Infografik: Daten in Ergebnisse verwandeln mit Lovart,2026-01-07,188,PATCH: 检查 SEO meta (title/desc/og) 是否合规; 评估是否在相关 tools 页交叉链接; push IndexNow
tierC-diagnose,feature,fr,no-template-popup-ads,/fr/features/no-template-popup-ads,Générateur d'annonces IA : créez des pubs sans modèles | Lovart,2026-01-08,187,PATCH: 检查 SEO meta (title/desc/og) 是否合规; 评估是否在相关 tools 页交叉链接; push IndexNow
tierC-diagnose,feature,it,no-template-popup-ads,/it/features/no-template-popup-ads,Generatore IA di annunci pop-up: crea ads unici senza template | Lovart,2026-01-08,187,PATCH: 检查 SEO meta (title/desc/og) 是否合规; 评估是否在相关 tools 页交叉链接; push IndexNow
tierC-diagnose,feature,ja,no-template-popup-ads,/ja/features/no-template-popup-ads,Lovartで作るAIポップアップ広告：テンプレ不要の自由設計,2026-01-08,187,PATCH: 检查 SEO meta (title/desc/og) 是否合规; 评估是否在相关 tools 页交叉链接; push IndexNow
tierC-diagnose,feature,ko,no-template-popup-ads,/ko/features/no-template-popup-ads,AI 팝업 광고 생성기: 템플릿 없이 맞춤 제작 | Lovart,2026-01-08,187,PATCH: 检查 SEO meta (title/desc/og) 是否合规; 评估是否在相关 tools 页交叉链接; push IndexNow
tierC-diagnose,feature,pt,no-template-popup-ads,/pt/features/no-template-popup-ads,Gerador de Anúncios Pop-up com IA: Crie Anúncios Sem Modelos | Lovart,2026-01-08,187,PATCH: 检查 SEO meta (title/desc/og) 是否合规; 评估是否在相关 tools 页交叉链接; push IndexNow
tierC-diagnose,feature,ru,no-template-popup-ads,/ru/features/no-template-popup-ads,Генератор всплывающих ИИ-реклам: дизайн без шаблонов | Lovart,2026-01-08,187,PATCH: 检查 SEO meta (title/desc/og) 是否合规; 评估是否在相关 tools 页交叉链接; push IndexNow
tierC-diagnose,feature,de,no-template-popup-ads,/de/features/no-template-popup-ads,KI-Pop-up-Anzeigengenerator: Individuelle Ads ohne Vorlagen | Lovart,2026-01-08,187,PATCH: 检查 SEO meta (title/desc/og) 是否合规; 评估是否在相关 tools 页交叉链接; push IndexNow
tierC-diagnose,feature,en,ai-ad-thumbnail-generator,/en/features/ai-ad-thumbnail-generator,AI Video Ad Thumbnail Generator | Boost Paid Social CTR | Lovart,2026-01-09,186,PATCH: 检查 SEO meta (title/desc/og) 是否合规; 评估是否在相关 tools 页交叉链接; push IndexNow
tierC-diagnose,feature,fr,ai-ad-thumbnail-generator,/fr/features/ai-ad-thumbnail-generator,Générateur IA de miniatures vidéo | Boostez votre CTR | Lovart,2026-01-09,186,PATCH: 检查 SEO meta (title/desc/og) 是否合规; 评估是否在相关 tools 页交叉链接; push IndexNow
tierC-diagnose,feature,it,ai-ad-thumbnail-generator,/it/features/ai-ad-thumbnail-generator,Genera miniature IA per annunci video | Aumenta il CTR social | Lovart,2026-01-09,186,PATCH: 检查 SEO meta (title/desc/og) 是否合规; 评估是否在相关 tools 页交叉链接; push IndexNow
tierC-diagnose,feature,ja,ai-ad-thumbnail-generator,/ja/features/ai-ad-thumbnail-generator,Lovartで動画広告サムネイル生成、CTR向上,2026-01-09,186,PATCH: 检查 SEO meta (title/desc/og) 是否合规; 评估是否在相关 tools 页交叉链接; push IndexNow
tierC-diagnose,feature,ko,ai-ad-thumbnail-generator,/ko/features/ai-ad-thumbnail-generator,러바트 AI 동영상 광고 썸네일 생성기,2026-01-09,186,PATCH: 检查 SEO meta (title/desc/og) 是否合规; 评估是否在相关 tools 页交叉链接; push IndexNow
tierC-diagnose,feature,pt,ai-ad-thumbnail-generator,/pt/features/ai-ad-thumbnail-generator,Gerador de Miniaturas de Anúncios em Vídeo com IA | Lovart,2026-01-09,186,PATCH: 检查 SEO meta (title/desc/og) 是否合规; 评估是否在相关 tools 页交叉链接; push IndexNow
tierC-diagnose,feature,ru,ai-ad-thumbnail-generator,/ru/features/ai-ad-thumbnail-generator,Генератор миниатюр для видео с ИИ | Lovart,2026-01-09,186,PATCH: 检查 SEO meta (title/desc/og) 是否合规; 评估是否在相关 tools 页交叉链接; push IndexNow
tierC-diagnose,feature,zh-TW,ai-instagram-post-generator,/zh-TW/features/ai-instagram-post-generator,Lovart AI 生成IG貼文：打造美學爆款視覺,2026-01-10,185,PATCH: 检查 SEO meta (title/desc/og) 是否合规; 评估是否在相关 tools 页交叉链接; push IndexNow
tierC-diagnose,feature,fr,nano-banana-educational-materials,/fr/features/nano-banana-educational-materials,Générateur IA de matériel pédagogique Banane Nano,2026-01-11,184,PATCH: 检查 SEO meta (title/desc/og) 是否合规; 评估是否在相关 tools 页交叉链接; push IndexNow
tierC-diagnose,feature,it,nano-banana-educational-materials,/it/features/nano-banana-educational-materials,Generatore IA di materiali didattici Lovart – Design visivo intelligente,2026-01-11,184,PATCH: 检查 SEO meta (title/desc/og) 是否合规; 评估是否在相关 tools 页交叉链接; push IndexNow
tierC-diagnose,feature,ja,nano-banana-educational-materials,/ja/features/nano-banana-educational-materials,AIナノバナナ教材生成器－スマート学習ビジュアル,2026-01-11,184,PATCH: 检查 SEO meta (title/desc/og) 是否合规; 评估是否在相关 tools 页交叉链接; push IndexNow
tierC-diagnose,feature,ko,nano-banana-educational-materials,/ko/features/nano-banana-educational-materials,AI 나노 바나나 학습 자료 생성기,2026-01-11,184,PATCH: 检查 SEO meta (title/desc/og) 是否合规; 评估是否在相关 tools 页交叉链接; push IndexNow
tierC-diagnose,feature,pt,nano-banana-educational-materials,/pt/features/nano-banana-educational-materials,Gerador de Materiais Educativos com IA Lovart,2026-01-11,184,PATCH: 检查 SEO meta (title/desc/og) 是否合规; 评估是否在相关 tools 页交叉链接; push IndexNow
tierC-diagnose,feature,ru,nano-banana-educational-materials,/ru/features/nano-banana-educational-materials,Генератор учебных материалов с ИИ – умный дизайн для обучения,2026-01-11,184,PATCH: 检查 SEO meta (title/desc/og) 是否合规; 评估是否在相关 tools 页交叉链接; push IndexNow
tierC-diagnose,feature,de,nano-banana-educational-materials,/de/features/nano-banana-educational-materials,KI-Nano-Bananen-Lernmaterial-Generator – Smartes Design,2026-01-11,184,PATCH: 检查 SEO meta (title/desc/og) 是否合规; 评估是否在相关 tools 页交叉链接; push IndexNow
tierC-diagnose,feature,en,real-estate-newsletter-design,/en/features/real-estate-newsletter-design,Professional Real Estate Newsletter Design | Build Client Relationships & Boost Referrals,2026-01-12,183,PATCH: 检查 SEO meta (title/desc/og) 是否合规; 评估是否在相关 tools 页交叉链接; push IndexNow
tierC-diagnose,feature,ja,real-estate-newsletter-design,/ja/features/real-estate-newsletter-design,プロの不動産ニュースで顧客関係強化,2026-01-12,183,PATCH: 检查 SEO meta (title/desc/og) 是否合规; 评估是否在相关 tools 页交叉链接; push IndexNow
tierC-diagnose,feature,en,nano-banana-case-studies,/en/features/nano-banana-case-studies,Nano Banana Case Studies – Real-World Success Stories and Proven Results,2026-01-13,182,PATCH: 检查 SEO meta (title/desc/og) 是否合规; 评估是否在相关 tools 页交叉链接; push IndexNow
tierC-diagnose,feature,fr,nano-banana-case-studies,/fr/features/nano-banana-case-studies,Études de cas Nano Banana – Succès réels et résultats prouvés par l'IA,2026-01-13,182,PATCH: 检查 SEO meta (title/desc/og) 是否合规; 评估是否在相关 tools 页交叉链接; push IndexNow
tierC-diagnose,feature,it,nano-banana-case-studies,/it/features/nano-banana-case-studies,Casi studio Nano Banana: storie di successo con IA Lovart,2026-01-13,182,PATCH: 检查 SEO meta (title/desc/og) 是否合规; 评估是否在相关 tools 页交叉链接; push IndexNow
tierC-diagnose,feature,ja,nano-banana-case-studies,/ja/features/nano-banana-case-studies,ナノバナナ導入事例：実際の成功と成果,2026-01-13,182,PATCH: 检查 SEO meta (title/desc/og) 是否合规; 评估是否在相关 tools 页交叉链接; push IndexNow
tierC-diagnose,feature,ko,nano-banana-case-studies,/ko/features/nano-banana-case-studies,나노 바나나 사례 연구 – 실제 성공 사례와 입증된 결과,2026-01-13,182,PATCH: 检查 SEO meta (title/desc/og) 是否合规; 评估是否在相关 tools 页交叉链接; push IndexNow
tierC-diagnose,feature,pt,nano-banana-case-studies,/pt/features/nano-banana-case-studies,Estudos de Caso Nano Banana – Sucesso Real com IA Lovart,2026-01-13,182,PATCH: 检查 SEO meta (title/desc/og) 是否合规; 评估是否在相关 tools 页交叉链接; push IndexNow
tierC-diagnose,feature,ru,nano-banana-case-studies,/ru/features/nano-banana-case-studies,Кейсы Nano Banana: реальные успехи с ИИ Lovart,2026-01-13,182,PATCH: 检查 SEO meta (title/desc/og) 是否合规; 评估是否在相关 tools 页交叉链接; push IndexNow
tierC-diagnose,feature,de,nano-banana-case-studies,/de/features/nano-banana-case-studies,Nano Banana Fallstudien – Echte Erfolgsgeschichten mit KI von Lovart,2026-01-13,182,PATCH: 检查 SEO meta (title/desc/og) 是否合规; 评估是否在相关 tools 页交叉链接; push IndexNow
tierC-diagnose,feature,en,professional-resume-design,/en/features/professional-resume-design,Professional Resume Design for 2025 | ATS-Friendly & Visually Impactful,2026-01-14,181,PATCH: 检查 SEO meta (title/desc/og) 是否合规; 评估是否在相关 tools 页交叉链接; push IndexNow
tierC-diagnose,feature,ja,professional-resume-design,/ja/features/professional-resume-design,2025年対応のプロフェッショナル職務経歴書,2026-01-14,181,PATCH: 检查 SEO meta (title/desc/og) 是否合规; 评估是否在相关 tools 页交叉链接; push IndexNow
tierC-diagnose,tool,en,coffee-shop-branding,/en/tools/coffee-shop-branding,Coffee Shop Branding Tool | AI Logo & Identity Design | Lovart,2026-01-14,181,PATCH: 检查 SEO meta (title/desc/og) 是否合规; 评估是否在相关 tools 页交叉链接; push IndexNow
tierC-diagnose,feature,ja,restaurant-loyalty-card-design,/ja/features/restaurant-loyalty-card-design,再来店を促すレストラン会員カードのデザイン,2026-01-15,180,PATCH: 检查 SEO meta (title/desc/og) 是否合规; 评估是否在相关 tools 页交叉链接; push IndexNow
tierC-diagnose,feature,ja,festival-banner-design,/ja/features/festival-banner-design,来場を促すプロの祭りバナー,2026-01-16,179,PATCH: 检查 SEO meta (title/desc/og) 是否合规; 评估是否在相关 tools 页交叉链接; push IndexNow
tierC-diagnose,feature,en,festival-banner-design,/en/features/festival-banner-design,Professional Festival Banner Design That Drives Attendance,2026-01-16,179,PATCH: 检查 SEO meta (title/desc/og) 是否合规; 评估是否在相关 tools 页交叉链接; push IndexNow
tierC-diagnose,tool,ko,ai-cartoon-avatar,/ko/tools/ai-cartoon-avatar,AI 만화 아바타 메이커 | 사진을 만화로 바꾸기 | 로바트,2026-01-16,179,PATCH: 检查 SEO meta (title/desc/og) 是否合规; 评估是否在相关 tools 页交叉链接; push IndexNow
tierC-diagnose,tool,ru,ai-cartoon-avatar,/ru/tools/ai-cartoon-avatar,Создатель мультяшных аватаров с искусственным интеллектом | Превратите фотографии в мультфильмы | Ло,2026-01-16,179,PATCH: 检查 SEO meta (title/desc/og) 是否合规; 评估是否在相关 tools 页交叉链接; push IndexNow
tierC-diagnose,feature,en,seamless-carousel-post-visual-storytelling,/en/features/seamless-carousel-post-visual-storytelling,Visual Storytelling: Create Seamless Carousel Posts with AI Design Agent | Lovart,2026-01-17,178,PATCH: 检查 SEO meta (title/desc/og) 是否合规; 评估是否在相关 tools 页交叉链接; push IndexNow
tierC-diagnose,feature,fr,seamless-carousel-post-visual-storytelling,/fr/features/seamless-carousel-post-visual-storytelling,Racontez des histoires visuelles avec l'IA Lovart,2026-01-17,178,PATCH: 检查 SEO meta (title/desc/og) 是否合规; 评估是否在相关 tools 页交叉链接; push IndexNow
tierC-diagnose,feature,it,seamless-carousel-post-visual-storytelling,/it/features/seamless-carousel-post-visual-storytelling,Storytelling visivo: Crea caroselli perfetti con IA | Lovart,2026-01-17,178,PATCH: 检查 SEO meta (title/desc/og) 是否合规; 评估是否在相关 tools 页交叉链接; push IndexNow
tierC-diagnose,feature,ja,seamless-carousel-post-visual-storytelling,/ja/features/seamless-carousel-post-visual-storytelling,AIデザインエージェントで作る魅せるカルーセル投稿 | Lovart,2026-01-17,178,PATCH: 检查 SEO meta (title/desc/og) 是否合规; 评估是否在相关 tools 页交叉链接; push IndexNow
tierC-diagnose,feature,ko,seamless-carousel-post-visual-storytelling,/ko/features/seamless-carousel-post-visual-storytelling,AI 디자인 에이전트로 완벽한 캐러셀 포스트 만들기 | Lovart,2026-01-17,178,PATCH: 检查 SEO meta (title/desc/og) 是否合规; 评估是否在相关 tools 页交叉链接; push IndexNow
tierC-diagnose,feature,pt,seamless-carousel-post-visual-storytelling,/pt/features/seamless-carousel-post-visual-storytelling,Narrativa Visual: Crie Carrosséis com Agente de IA | Lovart,2026-01-17,178,PATCH: 检查 SEO meta (title/desc/og) 是否合规; 评估是否在相关 tools 页交叉链接; push IndexNow
tierC-diagnose,feature,ru,seamless-carousel-post-visual-storytelling,/ru/features/seamless-carousel-post-visual-storytelling,Визуальный сторителлинг: создавайте карусели с ИИ-дизайном | Lovart,2026-01-17,178,PATCH: 检查 SEO meta (title/desc/og) 是否合规; 评估是否在相关 tools 页交叉链接; push IndexNow
tierC-diagnose,feature,de,seamless-carousel-post-visual-storytelling,/de/features/seamless-carousel-post-visual-storytelling,Visuelles Storytelling: Nahtlose Karussell-Posts mit KI-Design-Agent | Lovart,2026-01-17,178,PATCH: 检查 SEO meta (title/desc/og) 是否合规; 评估是否在相关 tools 页交叉链接; push IndexNow
tierC-diagnose,feature,en,product-packaging-design,/en/features/product-packaging-design,Custom Product Packaging Design That Boosts Shelf Appeal and Sales,2026-01-18,177,PATCH: 检查 SEO meta (title/desc/og) 是否合规; 评估是否在相关 tools 页交叉链接; push IndexNow
tierC-diagnose,feature,fr,product-packaging-design,/fr/features/product-packaging-design,Emballages IA Lovart : boostez ventes et visibilité,2026-01-18,177,PATCH: 检查 SEO meta (title/desc/og) 是否合规; 评估是否在相关 tools 页交叉链接; push IndexNow
tierC-diagnose,feature,it,product-packaging-design,/it/features/product-packaging-design,Design di packaging personalizzato con IA per vendere di più,2026-01-18,177,PATCH: 检查 SEO meta (title/desc/og) 是否合规; 评估是否在相关 tools 页交叉链接; push IndexNow
tierC-diagnose,feature,ja,product-packaging-design,/ja/features/product-packaging-design,商品パッケージデザインで売上向上,2026-01-18,177,PATCH: 检查 SEO meta (title/desc/og) 是否合规; 评估是否在相关 tools 页交叉链接; push IndexNow
tierC-diagnose,feature,ko,product-packaging-design,/ko/features/product-packaging-design,"러바트 맞춤 패키징, 매대 매력 UP",2026-01-18,177,PATCH: 检查 SEO meta (title/desc/og) 是否合规; 评估是否在相关 tools 页交叉链接; push IndexNow
tierC-diagnose,feature,pt,product-packaging-design,/pt/features/product-packaging-design,Design de Embalagens com IA para Aumentar Vendas,2026-01-18,177,PATCH: 检查 SEO meta (title/desc/og) 是否合规; 评估是否在相关 tools 页交叉链接; push IndexNow
tierC-diagnose,feature,ru,product-packaging-design,/ru/features/product-packaging-design,Дизайн упаковки с ИИ для роста продаж,2026-01-18,177,PATCH: 检查 SEO meta (title/desc/og) 是否合规; 评估是否在相关 tools 页交叉链接; push IndexNow
tierC-diagnose,feature,de,product-packaging-design,/de/features/product-packaging-design,"Individuelle Verpackungsdesigns mit KI, die im Regal überzeugen",2026-01-18,177,PATCH: 检查 SEO meta (title/desc/og) 是否合规; 评估是否在相关 tools 页交叉链接; push IndexNow
tierC-diagnose,feature,fr,course-material-design,/fr/features/course-material-design,Créez du contenu éducatif engageant avec l'IA,2026-01-19,176,PATCH: 检查 SEO meta (title/desc/og) 是否合规; 评估是否在相关 tools 页交叉链接; push IndexNow
tierC-diagnose,feature,ja,course-material-design,/ja/features/course-material-design,プロ教材作成ツール｜教材を瞬時に魅力的に,2026-01-19,176,PATCH: 检查 SEO meta (title/desc/og) 是否合规; 评估是否在相关 tools 页交叉链接; push IndexNow
tierC-diagnose,feature,pt,course-material-design,/pt/features/course-material-design,Criador de Materiais Didáticos com IA,2026-01-19,176,PATCH: 检查 SEO meta (title/desc/og) 是否合规; 评估是否在相关 tools 页交叉链接; push IndexNow
tierC-diagnose,feature,en,ai-poster-design-agent-nano-banana,/en/features/ai-poster-design-agent-nano-banana,AI Poster Generator: Design Professional Posters with Lovart Agent,2026-01-20,175,PATCH: 检查 SEO meta (title/desc/og) 是否合规; 评估是否在相关 tools 页交叉链接; push IndexNow
tierC-diagnose,tool,de,agentic-design-platform,/de/tools/agentic-design-platform,KI-Agentic AI Design Platform — Intelligent Creative Automation | Lovart,2026-01-21,174,PATCH: 检查 SEO meta (title/desc/og) 是否合规; 评估是否在相关 tools 页交叉链接; push IndexNow
tierC-diagnose,tool,fr,agentic-design-platform,/fr/tools/agentic-design-platform,IA Agentic AI Design Platform — Intelligent Creative Automation | Lovart,2026-01-21,174,PATCH: 检查 SEO meta (title/desc/og) 是否合规; 评估是否在相关 tools 页交叉链接; push IndexNow
tierC-diagnose,tool,it,agentic-design-platform,/it/tools/agentic-design-platform,AI Agentic AI Design Platform — Intelligent Creative Automation | Lovart,2026-01-21,174,PATCH: 检查 SEO meta (title/desc/og) 是否合规; 评估是否在相关 tools 页交叉链接; push IndexNow
tierC-diagnose,tool,ja,agentic-design-platform,/ja/tools/agentic-design-platform,AIAgentic AI Design Platform — Intelligent Creative Automation | Lovart,2026-01-21,174,PATCH: 检查 SEO meta (title/desc/og) 是否合规; 评估是否在相关 tools 页交叉链接; push IndexNow
tierC-diagnose,tool,ko,agentic-design-platform,/ko/tools/agentic-design-platform,AI Agentic AI Design Platform — Intelligent Creative Automation | Lovart,2026-01-21,174,PATCH: 检查 SEO meta (title/desc/og) 是否合规; 评估是否在相关 tools 页交叉链接; push IndexNow
tierC-diagnose,tool,pt,agentic-design-platform,/pt/tools/agentic-design-platform,IA Agentic AI Design Platform — Intelligent Creative Automation | Lovart,2026-01-21,174,PATCH: 检查 SEO meta (title/desc/og) 是否合规; 评估是否在相关 tools 页交叉链接; push IndexNow
tierC-diagnose,tool,ru,agentic-design-platform,/ru/tools/agentic-design-platform,ИИ Agentic AI Design Platform — Intelligent Creative Automation | Lovart,2026-01-21,174,PATCH: 检查 SEO meta (title/desc/og) 是否合规; 评估是否在相关 tools 页交叉链接; push IndexNow
tierC-diagnose,tool,zh-TW,agentic-design-platform,/zh-TW/tools/agentic-design-platform,AIAgentic AI Design Platform — Intelligent Creative Automation | Lovart,2026-01-21,174,PATCH: 检查 SEO meta (title/desc/og) 是否合规; 评估是否在相关 tools 页交叉链接; push IndexNow
tierC-diagnose,feature,en,nano-banana-marketing-visuals,/en/features/nano-banana-marketing-visuals,Nano Banana Marketing Visuals – Promotional Graphics for Higher Engagement and Conversions,2026-01-22,173,PATCH: 检查 SEO meta (title/desc/og) 是否合规; 评估是否在相关 tools 页交叉链接; push IndexNow
tierC-diagnose,feature,fr,nano-banana-marketing-visuals,/fr/features/nano-banana-marketing-visuals,Visuels marketing IA pour banane - Graphiques promotionnels,2026-01-22,173,PATCH: 检查 SEO meta (title/desc/og) 是否合规; 评估是否在相关 tools 页交叉链接; push IndexNow
tierC-diagnose,feature,it,nano-banana-marketing-visuals,/it/features/nano-banana-marketing-visuals,Grafiche promozionali IA per maggiori conversioni,2026-01-22,173,PATCH: 检查 SEO meta (title/desc/og) 是否合规; 评估是否在相关 tools 页交叉链接; push IndexNow
tierC-diagnose,feature,ja,nano-banana-marketing-visuals,/ja/features/nano-banana-marketing-visuals,ナノバナナ販促ビジュアルでエンゲージメント向上,2026-01-22,173,PATCH: 检查 SEO meta (title/desc/og) 是否合规; 评估是否在相关 tools 页交叉链接; push IndexNow
tierC-diagnose,feature,ko,nano-banana-marketing-visuals,/ko/features/nano-banana-marketing-visuals,나노 바나나 마케팅 비주얼 – Lovart 전환율 높이는 프로모션 그래픽,2026-01-22,173,PATCH: 检查 SEO meta (title/desc/og) 是否合规; 评估是否在相关 tools 页交叉链接; push IndexNow
tierC-diagnose,feature,pt,nano-banana-marketing-visuals,/pt/features/nano-banana-marketing-visuals,Nano Banana Marketing Visuals – Gráficos Promocionais com IA para Maior Engajamento,2026-01-22,173,PATCH: 检查 SEO meta (title/desc/og) 是否合规; 评估是否在相关 tools 页交叉链接; push IndexNow
tierC-diagnose,feature,ru,nano-banana-marketing-visuals,/ru/features/nano-banana-marketing-visuals,Мини-бананы: ИИ-графика для роста продаж,2026-01-22,173,PATCH: 检查 SEO meta (title/desc/og) 是否合规; 评估是否在相关 tools 页交叉链接; push IndexNow
tierC-diagnose,feature,de,nano-banana-marketing-visuals,/de/features/nano-banana-marketing-visuals,Nano-Bananen-Marketing-Visuals – KI-Grafiken für mehr Engagement und Conversions,2026-01-22,173,PATCH: 检查 SEO meta (title/desc/og) 是否合规; 评估是否在相关 tools 页交叉链接; push IndexNow
tierC-diagnose,feature,en,rapid-poster-ai-creation,/en/features/rapid-poster-ai-creation,Best AI Poster Generator & Maker: Create Custom Posters in Seconds | Lovart,2026-01-23,172,PATCH: 检查 SEO meta (title/desc/og) 是否合规; 评估是否在相关 tools 页交叉链接; push IndexNow
tierC-diagnose,tool,de,ai-video-generator,/de/tools/ai-video-generator,KI-Videogenerator | Bilder und Text in Videos umwandeln | Lovart,2026-01-23,172,PATCH: 检查 SEO meta (title/desc/og) 是否合规; 评估是否在相关 tools 页交叉链接; push IndexNow
tierC-diagnose,tool,fr,ai-video-generator,/fr/tools/ai-video-generator,Générateur vidéo IA | Transformez des images et du texte en vidéo | Lovart,2026-01-23,172,PATCH: 检查 SEO meta (title/desc/og) 是否合规; 评估是否在相关 tools 页交叉链接; push IndexNow
tierC-diagnose,tool,it,ai-video-generator,/it/tools/ai-video-generator,Generatore video AI | Trasforma immagini e testo in video | Lovart,2026-01-23,172,PATCH: 检查 SEO meta (title/desc/og) 是否合规; 评估是否在相关 tools 页交叉链接; push IndexNow
tierC-diagnose,tool,ja,ai-video-generator,/ja/tools/ai-video-generator,AI Video Generator |画像とテキストをビデオに変換 |ロヴァート,2026-01-23,172,PATCH: 检查 SEO meta (title/desc/og) 是否合规; 评估是否在相关 tools 页交叉链接; push IndexNow
tierC-diagnose,tool,ko,ai-video-generator,/ko/tools/ai-video-generator,AI 영상 생성기 | 이미지와 텍스트를 비디오로 전환 | 로바트,2026-01-23,172,PATCH: 检查 SEO meta (title/desc/og) 是否合规; 评估是否在相关 tools 页交叉链接; push IndexNow
tierC-diagnose,tool,pt,ai-video-generator,/pt/tools/ai-video-generator,Gerador de vídeo AI | Transforme imagens e texto em vídeo | Lovart,2026-01-23,172,PATCH: 检查 SEO meta (title/desc/og) 是否合规; 评估是否在相关 tools 页交叉链接; push IndexNow
tierC-diagnose,tool,ru,ai-video-generator,/ru/tools/ai-video-generator,Видеогенератор AI | Превратите изображения и текст в видео | Ловарт,2026-01-23,172,PATCH: 检查 SEO meta (title/desc/og) 是否合规; 评估是否在相关 tools 页交叉链接; push IndexNow
tierC-diagnose,feature,en,ai-google-ads-banner-generator,/en/features/ai-google-ads-banner-generator,AI Google Ads Banner Generator: Create High-CTR Display Ads | Lovart,2026-01-24,171,PATCH: 检查 SEO meta (title/desc/og) 是否合规; 评估是否在相关 tools 页交叉链接; push IndexNow
tierC-diagnose,tool,en,ip-avatar-design-tool,/en/tools/ip-avatar-design-tool,AI Avatar Design Tool | IP Characters & Brand Mascots | Lovart,2026-01-24,171,PATCH: 检查 SEO meta (title/desc/og) 是否合规; 评估是否在相关 tools 页交叉链接; push IndexNow
tierC-diagnose,feature,ja,banner-design,/ja/features/banner-design,プロ広告用バナー制作｜高効果デジタルバナーを簡単作成,2026-01-26,169,PATCH: 检查 SEO meta (title/desc/og) 是否合规; 评估是否在相关 tools 页交叉链接; push IndexNow
tierC-diagnose,tool,de,seedance-ai-video-ads-generation,/de/tools/seedance-ai-video-ads-generation,AI-Videoanzeigen-Generator | Erstellung von Performance-Videoanzeigen | Lovart,2026-01-26,169,PATCH: 检查 SEO meta (title/desc/og) 是否合规; 评估是否在相关 tools 页交叉链接; push IndexNow
tierC-diagnose,tool,fr,seedance-ai-video-ads-generation,/fr/tools/seedance-ai-video-ads-generation,Générateur de publicités vidéo IA | Création d'annonces vidéo de performance | Lovart,2026-01-26,169,PATCH: 检查 SEO meta (title/desc/og) 是否合规; 评估是否在相关 tools 页交叉链接; push IndexNow
tierC-diagnose,tool,it,seedance-ai-video-ads-generation,/it/tools/seedance-ai-video-ads-generation,Generatore di annunci video AI | Creazione di annunci video performanti | Lovart,2026-01-26,169,PATCH: 检查 SEO meta (title/desc/og) 是否合规; 评估是否在相关 tools 页交叉链接; push IndexNow
tierC-diagnose,tool,ko,seedance-ai-video-ads-generation,/ko/tools/seedance-ai-video-ads-generation,AI 동영상 광고 생성기 | 퍼포먼스 비디오 광고작성 | 로바트,2026-01-26,169,PATCH: 检查 SEO meta (title/desc/og) 是否合规; 评估是否在相关 tools 页交叉链接; push IndexNow
tierC-diagnose,tool,pt,seedance-ai-video-ads-generation,/pt/tools/seedance-ai-video-ads-generation,Gerador de anúncios em vídeo AI | Criação de anúncios em vídeo de desempenho | Lovart,2026-01-26,169,PATCH: 检查 SEO meta (title/desc/og) 是否合规; 评估是否在相关 tools 页交叉链接; push IndexNow
tierC-diagnose,tool,ru,seedance-ai-video-ads-generation,/ru/tools/seedance-ai-video-ads-generation,Генератор видеорекламы с искусственным интеллектом | Создание эффективных видеообъявлений | Ловарт,2026-01-26,169,PATCH: 检查 SEO meta (title/desc/og) 是否合规; 评估是否在相关 tools 页交叉链接; push IndexNow
tierC-diagnose,feature,en,birthday-invitation-design,/en/features/birthday-invitation-design,Create Memorable Birthday Invitations with AI | Custom Party Cards That Guests Love,2026-01-27,168,PATCH: 检查 SEO meta (title/desc/og) 是否合规; 评估是否在相关 tools 页交叉链接; push IndexNow
tierC-diagnose,feature,ja,birthday-invitation-design,/ja/features/birthday-invitation-design,AIで作る心に残る誕生日招待状,2026-01-27,168,PATCH: 检查 SEO meta (title/desc/og) 是否合规; 评估是否在相关 tools 页交叉链接; push IndexNow
tierC-diagnose,tool,de,ai-billboard-design,/de/tools/ai-billboard-design,[DE] AI Billboard Designer — Create Outdoor Advertising Designs | Lovart,2026-01-27,168,PATCH: 检查 SEO meta (title/desc/og) 是否合规; 评估是否在相关 tools 页交叉链接; push IndexNow
tierC-diagnose,tool,fr,ai-billboard-design,/fr/tools/ai-billboard-design,[FR] AI Billboard Designer — Create Outdoor Advertising Designs | Lovart,2026-01-27,168,PATCH: 检查 SEO meta (title/desc/og) 是否合规; 评估是否在相关 tools 页交叉链接; push IndexNow
tierC-diagnose,tool,ja,ai-billboard-design,/ja/tools/ai-billboard-design,[JA] AI Billboard Designer — Create Outdoor Advertising Designs | Lovart,2026-01-27,168,PATCH: 检查 SEO meta (title/desc/og) 是否合规; 评估是否在相关 tools 页交叉链接; push IndexNow
tierC-diagnose,tool,ko,ai-billboard-design,/ko/tools/ai-billboard-design,[KO] AI Billboard Designer — Create Outdoor Advertising Designs | Lovart,2026-01-27,168,PATCH: 检查 SEO meta (title/desc/og) 是否合规; 评估是否在相关 tools 页交叉链接; push IndexNow
tierC-diagnose,tool,pt,ai-billboard-design,/pt/tools/ai-billboard-design,[PT] AI Billboard Designer — Create Outdoor Advertising Designs | Lovart,2026-01-27,168,PATCH: 检查 SEO meta (title/desc/og) 是否合规; 评估是否在相关 tools 页交叉链接; push IndexNow
tierC-diagnose,tool,ru,ai-billboard-design,/ru/tools/ai-billboard-design,[RU] AI Billboard Designer — Create Outdoor Advertising Designs | Lovart,2026-01-27,168,PATCH: 检查 SEO meta (title/desc/og) 是否合规; 评估是否在相关 tools 页交叉链接; push IndexNow
tierC-diagnose,tool,zh-TW,ai-billboard-design,/zh-TW/tools/ai-billboard-design,[ZH-TW] AI Billboard Designer — Create Outdoor Advertising Designs | Lovart,2026-01-27,168,PATCH: 检查 SEO meta (title/desc/og) 是否合规; 评估是否在相关 tools 页交叉链接; push IndexNow
tierC-diagnose,feature,en,linkedin-spotlight-ads-generator,/en/features/linkedin-spotlight-ads-generator,Create LinkedIn Spotlight Ads Backgrounds with AI | Lovart Design Agent,2026-01-28,167,PATCH: 检查 SEO meta (title/desc/og) 是否合规; 评估是否在相关 tools 页交叉链接; push IndexNow
tierC-diagnose,feature,en,twitter-header-design,/en/features/twitter-header-design,AI Twitter Header Design to Build Authority & Grow Followers,2026-01-29,166,PATCH: 检查 SEO meta (title/desc/og) 是否合规; 评估是否在相关 tools 页交叉链接; push IndexNow
tierC-diagnose,feature,ja,twitter-header-design,/ja/features/twitter-header-design,権威構築とフォロワー増加のAIヘッダーデザイン,2026-01-29,166,PATCH: 检查 SEO meta (title/desc/og) 是否合规; 评估是否在相关 tools 页交叉链接; push IndexNow
tierC-diagnose,feature,de,ai-instagram-story-layout-generator,/de/features/ai-instagram-story-layout-generator,KI-Instagram-Story-Generator: Ästhetische Layouts in Sekunden | Lovart,2026-01-30,165,PATCH: 检查 SEO meta (title/desc/og) 是否合规; 评估是否在相关 tools 页交叉链接; push IndexNow
tierC-diagnose,feature,fr,ai-instagram-story-layout-generator,/fr/features/ai-instagram-story-layout-generator,Générateur IA de stories Instagram : layouts esthétiques en quelques secondes | Lovart,2026-01-30,165,PATCH: 检查 SEO meta (title/desc/og) 是否合规; 评估是否在相关 tools 页交叉链接; push IndexNow
tierC-diagnose,feature,it,ai-instagram-story-layout-generator,/it/features/ai-instagram-story-layout-generator,Generatore IA di Storie Instagram: Layout Estetici in Secondi | Lovart,2026-01-30,165,PATCH: 检查 SEO meta (title/desc/og) 是否合规; 评估是否在相关 tools 页交叉链接; push IndexNow
tierC-diagnose,feature,ja,ai-instagram-story-layout-generator,/ja/features/ai-instagram-story-layout-generator,AIで美しいInstagramストーリーを秒で作成｜Lovart,2026-01-30,165,PATCH: 检查 SEO meta (title/desc/og) 是否合规; 评估是否在相关 tools 页交叉链接; push IndexNow
tierC-diagnose,feature,ko,ai-instagram-story-layout-generator,/ko/features/ai-instagram-story-layout-generator,AI 인스타 스토리 생성기: 감성 레이아웃 3초 완성 | Lovart,2026-01-30,165,PATCH: 检查 SEO meta (title/desc/og) 是否合规; 评估是否在相关 tools 页交叉链接; push IndexNow
tierC-diagnose,feature,pt,ai-instagram-story-layout-generator,/pt/features/ai-instagram-story-layout-generator,Gerador de Stories IA: Crie layouts estéticos em segundos | Lovart,2026-01-30,165,PATCH: 检查 SEO meta (title/desc/og) 是否合规; 评估是否在相关 tools 页交叉链接; push IndexNow
tierC-diagnose,feature,ru,ai-instagram-story-layout-generator,/ru/features/ai-instagram-story-layout-generator,Генератор сторис в Instagram: стильные макеты за секунды | Lovart,2026-01-30,165,PATCH: 检查 SEO meta (title/desc/og) 是否合规; 评估是否在相关 tools 页交叉链接; push IndexNow
tierC-diagnose,feature,de,bar-menu-design,/de/features/bar-menu-design,"Cocktailkarten-Design mit KI, das den Durchschnittsbon in Bars & Restaurants steigert | Lovart",2026-01-31,164,PATCH: 检查 SEO meta (title/desc/og) 是否合规; 评估是否在相关 tools 页交叉链接; push IndexNow
tierC-diagnose,feature,en,bar-menu-design,/en/features/bar-menu-design,Cocktail Menu Design That Increases Average Check Size for Bars and Restaurants | Lovart AI,2026-01-31,164,PATCH: 检查 SEO meta (title/desc/og) 是否合规; 评估是否在相关 tools 页交叉链接; push IndexNow
tierC-diagnose,feature,fr,bar-menu-design,/fr/features/bar-menu-design,Menu cocktail IA pour augmenter le ticket moyen | Lovart,2026-01-31,164,PATCH: 检查 SEO meta (title/desc/og) 是否合规; 评估是否在相关 tools 页交叉链接; push IndexNow
tierC-diagnose,feature,it,bar-menu-design,/it/features/bar-menu-design,Design del menu cocktail con IA per aumentare il conto medio | Lovart,2026-01-31,164,PATCH: 检查 SEO meta (title/desc/og) 是否合规; 评估是否在相关 tools 页交叉链接; push IndexNow
tierC-diagnose,feature,ja,bar-menu-design,/ja/features/bar-menu-design,バー・飲食店向け客単価アップのカクテルメニュー | Lovart AI,2026-01-31,164,PATCH: 检查 SEO meta (title/desc/og) 是否合规; 评估是否在相关 tools 页交叉链接; push IndexNow
tierC-diagnose,feature,ko,bar-menu-design,/ko/features/bar-menu-design,칵테일 메뉴 디자인으로 객단가 올리는 법 | Lovart AI,2026-01-31,164,PATCH: 检查 SEO meta (title/desc/og) 是否合规; 评估是否在相关 tools 页交叉链接; push IndexNow
tierC-diagnose,feature,pt,bar-menu-design,/pt/features/bar-menu-design,Design de Menu de Cocktail com IA para Aumentar o Ticket Médio | Lovart,2026-01-31,164,PATCH: 检查 SEO meta (title/desc/og) 是否合规; 评估是否在相关 tools 页交叉链接; push IndexNow
tierC-diagnose,feature,ru,bar-menu-design,/ru/features/bar-menu-design,"Дизайн меню коктейлей, повышающий средний чек | Lovart ИИ",2026-01-31,164,PATCH: 检查 SEO meta (title/desc/og) 是否合规; 评估是否在相关 tools 页交叉链接; push IndexNow
tierC-diagnose,feature,en,certificate-design,/en/features/certificate-design,Create Professional Award Certificates in Minutes | AI Certificate Design for Organizations,2026-02-02,162,PATCH: 检查 SEO meta (title/desc/og) 是否合规; 评估是否在相关 tools 页交叉链接; push IndexNow
tierC-diagnose,feature,de,all-in-one-ai-models,/de/features/all-in-one-ai-models,"All-in-One-KI-Studio: Zugriff auf Flux, Veo 3, Kling & Nano Banana | Lovart",2026-02-03,161,PATCH: 检查 SEO meta (title/desc/og) 是否合规; 评估是否在相关 tools 页交叉链接; push IndexNow
tierC-diagnose,feature,en,all-in-one-ai-models,/en/features/all-in-one-ai-models,"All-in-One AI Studio: Access Flux, Veo 3, Kling & Nano Banana | Lovart",2026-02-03,161,PATCH: 检查 SEO meta (title/desc/og) 是否合规; 评估是否在相关 tools 页交叉链接; push IndexNow
tierC-diagnose,feature,fr,all-in-one-ai-models,/fr/features/all-in-one-ai-models,"Studio IA tout-en-un : Flux, Veo 3, Kling & Nano Banana | Lovart",2026-02-03,161,PATCH: 检查 SEO meta (title/desc/og) 是否合规; 评估是否在相关 tools 页交叉链接; push IndexNow
tierC-diagnose,feature,it,all-in-one-ai-models,/it/features/all-in-one-ai-models,"Studio IA All-in-One: Flux, Veo 3, Kling & Nano Banana | Lovart",2026-02-03,161,PATCH: 检查 SEO meta (title/desc/og) 是否合规; 评估是否在相关 tools 页交叉链接; push IndexNow
tierC-diagnose,feature,ja,all-in-one-ai-models,/ja/features/all-in-one-ai-models,Lovartで使える4つのAIツール,2026-02-03,161,PATCH: 检查 SEO meta (title/desc/og) 是否合规; 评估是否在相关 tools 页交叉链接; push IndexNow
tierC-diagnose,feature,ko,all-in-one-ai-models,/ko/features/all-in-one-ai-models,"올인원 AI 스튜디오: Flux, Veo 3, Kling & 나노바나나 | Lovart",2026-02-03,161,PATCH: 检查 SEO meta (title/desc/og) 是否合规; 评估是否在相关 tools 页交叉链接; push IndexNow
tierC-diagnose,feature,pt,all-in-one-ai-models,/pt/features/all-in-one-ai-models,"Estúdio de IA All-in-One: Flux, Veo 3, Kling & Nano Banana | Lovart",2026-02-03,161,PATCH: 检查 SEO meta (title/desc/og) 是否合规; 评估是否在相关 tools 页交叉链接; push IndexNow
tierC-diagnose,feature,ru,all-in-one-ai-models,/ru/features/all-in-one-ai-models,"Единая ИИ-студия: Flux, Veo 3, Kling, Nano Banana | Lovart",2026-02-03,161,PATCH: 检查 SEO meta (title/desc/og) 是否合规; 评估是否在相关 tools 页交叉链接; push IndexNow
tierC-diagnose,tool,en,ai-style-transfer,/en/tools/ai-style-transfer,AI Style Transfer | Apply Artistic Styles to Photos | Lovart,2026-02-03,161,PATCH: 检查 SEO meta (title/desc/og) 是否合规; 评估是否在相关 tools 页交叉链接; push IndexNow
tierC-diagnose,tool,zh-TW,ai-style-transfer,/zh-TW/tools/ai-style-transfer,AI風格遷移 |將藝術風格應用於照片 |洛瓦特,2026-02-03,161,PATCH: 检查 SEO meta (title/desc/og) 是否合规; 评估是否在相关 tools 页交叉链接; push IndexNow
tierC-diagnose,feature,de,ai-video-enhancer-remaster-veo3,/de/features/ai-video-enhancer-remaster-veo3,KI-Video-Remastering: Upscaling & Stiltransfer mit Veo 3 | Lovart,2026-02-04,160,PATCH: 检查 SEO meta (title/desc/og) 是否合规; 评估是否在相关 tools 页交叉链接; push IndexNow
tierC-diagnose,feature,en,ai-video-enhancer-remaster-veo3,/en/features/ai-video-enhancer-remaster-veo3,AI Video Remastering: Upscale & Style Transfer with Veo 3 Agent | Lovart,2026-02-04,160,PATCH: 检查 SEO meta (title/desc/og) 是否合规; 评估是否在相关 tools 页交叉链接; push IndexNow
tierC-diagnose,feature,ja,ai-video-enhancer-remaster-veo3,/ja/features/ai-video-enhancer-remaster-veo3,Lovartで実現するAI動画高画質化とスタイル変換,2026-02-04,160,PATCH: 检查 SEO meta (title/desc/og) 是否合规; 评估是否在相关 tools 页交叉链接; push IndexNow
tierC-diagnose,feature,ko,ai-video-enhancer-remaster-veo3,/ko/features/ai-video-enhancer-remaster-veo3,AI 영상 리마스터링: Veo 3 에이전트로 업스케일 & 스타일 변환 | Lovart,2026-02-04,160,PATCH: 检查 SEO meta (title/desc/og) 是否合规; 评估是否在相关 tools 页交叉链接; push IndexNow
tierC-diagnose,feature,de,create-mockups-with-brand-kit-ai,/de/features/create-mockups-with-brand-kit-ai,So erstellst du realistische Mockups mit deinem Brand Kit in Lovart,2026-02-05,159,PATCH: 检查 SEO meta (title/desc/og) 是否合规; 评估是否在相关 tools 页交叉链接; push IndexNow
tierC-diagnose,feature,en,create-mockups-with-brand-kit-ai,/en/features/create-mockups-with-brand-kit-ai,How to Create Realistic Mockups with Your Brand Kit using Lovart AI,2026-02-05,159,PATCH: 检查 SEO meta (title/desc/og) 是否合规; 评估是否在相关 tools 页交叉链接; push IndexNow
tierC-diagnose,feature,fr,create-mockups-with-brand-kit-ai,/fr/features/create-mockups-with-brand-kit-ai,Créez des maquettes réalistes avec votre kit de marque via Lovart IA,2026-02-05,159,PATCH: 检查 SEO meta (title/desc/og) 是否合规; 评估是否在相关 tools 页交叉链接; push IndexNow
tierC-diagnose,feature,it,create-mockups-with-brand-kit-ai,/it/features/create-mockups-with-brand-kit-ai,Crea mockup realistici con il tuo Brand Kit usando Lovart IA,2026-02-05,159,PATCH: 检查 SEO meta (title/desc/og) 是否合规; 评估是否在相关 tools 页交叉链接; push IndexNow
tierC-diagnose,feature,ja,create-mockups-with-brand-kit-ai,/ja/features/create-mockups-with-brand-kit-ai,Lovart AIでブランドキットを使ったリアルなモックアップ作成法,2026-02-05,159,PATCH: 检查 SEO meta (title/desc/og) 是否合规; 评估是否在相关 tools 页交叉链接; push IndexNow
tierC-diagnose,feature,ko,create-mockups-with-brand-kit-ai,/ko/features/create-mockups-with-brand-kit-ai,러바트 AI로 브랜드 키트로 리얼한 목업 만들기,2026-02-05,159,PATCH: 检查 SEO meta (title/desc/og) 是否合规; 评估是否在相关 tools 页交叉链接; push IndexNow
tierC-diagnose,feature,pt,create-mockups-with-brand-kit-ai,/pt/features/create-mockups-with-brand-kit-ai,Como criar mockups realistas com seu Kit de Marca usando Lovart IA,2026-02-05,159,PATCH: 检查 SEO meta (title/desc/og) 是否合规; 评估是否在相关 tools 页交叉链接; push IndexNow
tierC-diagnose,feature,ru,create-mockups-with-brand-kit-ai,/ru/features/create-mockups-with-brand-kit-ai,Создавайте реалистичные мокапы с бренд-китом в Lovart,2026-02-05,159,PATCH: 检查 SEO meta (title/desc/og) 是否合规; 评估是否在相关 tools 页交叉链接; push IndexNow
tierC-diagnose,tool,de,mac-ai-design,/de/tools/mac-ai-design,[DE] AI Design for Mac — Native macOS Application | Lovart,2026-02-05,159,PATCH: 检查 SEO meta (title/desc/og) 是否合规; 评估是否在相关 tools 页交叉链接; push IndexNow
tierC-diagnose,tool,it,mac-ai-design,/it/tools/mac-ai-design,[IT] AI Design for Mac — Native macOS Application | Lovart,2026-02-05,159,PATCH: 检查 SEO meta (title/desc/og) 是否合规; 评估是否在相关 tools 页交叉链接; push IndexNow
tierC-diagnose,tool,ko,mac-ai-design,/ko/tools/mac-ai-design,[KO] AI Design for Mac — Native macOS Application | Lovart,2026-02-05,159,PATCH: 检查 SEO meta (title/desc/og) 是否合规; 评估是否在相关 tools 页交叉链接; push IndexNow
tierC-diagnose,tool,pt,mac-ai-design,/pt/tools/mac-ai-design,[PT] AI Design for Mac — Native macOS Application | Lovart,2026-02-05,159,PATCH: 检查 SEO meta (title/desc/og) 是否合规; 评估是否在相关 tools 页交叉链接; push IndexNow
tierC-diagnose,tool,zh-TW,mac-ai-design,/zh-TW/tools/mac-ai-design,[ZH-TW] AI Design for Mac — Native macOS Application | Lovart,2026-02-05,159,PATCH: 检查 SEO meta (title/desc/og) 是否合规; 评估是否在相关 tools 页交叉链接; push IndexNow
tierC-diagnose,feature,ja,ecommerce-banner-design,/ja/features/ecommerce-banner-design,プロが手掛ける売れるバナーデザイン,2026-02-06,158,PATCH: 检查 SEO meta (title/desc/og) 是否合规; 评估是否在相关 tools 页交叉链接; push IndexNow
tierC-diagnose,feature,zh-TW,ecommerce-banner-design,/zh-TW/features/ecommerce-banner-design,專業電商橫幅設計，提升轉換率,2026-02-06,158,PATCH: 检查 SEO meta (title/desc/og) 是否合规; 评估是否在相关 tools 页交叉链接; push IndexNow
tierC-diagnose,tool,de,ai-background-blur,/de/tools/ai-background-blur,[DE] AI Background Blur Tool — Blur Photo Backgrounds Instantly | Lovart,2026-02-06,158,PATCH: 检查 SEO meta (title/desc/og) 是否合规; 评估是否在相关 tools 页交叉链接; push IndexNow
tierC-diagnose,tool,fr,ai-background-blur,/fr/tools/ai-background-blur,[FR] AI Background Blur Tool — Blur Photo Backgrounds Instantly | Lovart,2026-02-06,158,PATCH: 检查 SEO meta (title/desc/og) 是否合规; 评估是否在相关 tools 页交叉链接; push IndexNow
tierC-diagnose,tool,it,ai-background-blur,/it/tools/ai-background-blur,[IT] AI Background Blur Tool — Blur Photo Backgrounds Instantly | Lovart,2026-02-06,158,PATCH: 检查 SEO meta (title/desc/og) 是否合规; 评估是否在相关 tools 页交叉链接; push IndexNow
tierC-diagnose,tool,pt,ai-background-blur,/pt/tools/ai-background-blur,[PT] AI Background Blur Tool — Blur Photo Backgrounds Instantly | Lovart,2026-02-06,158,PATCH: 检查 SEO meta (title/desc/og) 是否合规; 评估是否在相关 tools 页交叉链接; push IndexNow
tierC-diagnose,tool,ru,ai-background-blur,/ru/tools/ai-background-blur,[RU] AI Background Blur Tool — Blur Photo Backgrounds Instantly | Lovart,2026-02-06,158,PATCH: 检查 SEO meta (title/desc/og) 是否合规; 评估是否在相关 tools 页交叉链接; push IndexNow
tierC-diagnose,tool,zh-TW,ai-background-blur,/zh-TW/tools/ai-background-blur,[ZH-TW] AI Background Blur Tool — Blur Photo Backgrounds Instantly | Lovart,2026-02-06,158,PATCH: 检查 SEO meta (title/desc/og) 是否合规; 评估是否在相关 tools 页交叉链接; push IndexNow
tierC-diagnose,feature,en,custom-business-flyer-design,/en/features/custom-business-flyer-design,Create Business Flyers That Convert | Lovart AI Flyer Design for Real Campaigns,2026-02-07,157,PATCH: 检查 SEO meta (title/desc/og) 是否合规; 评估是否在相关 tools 页交叉链接; push IndexNow
tierC-diagnose,feature,de,ai-presentation-slides-generator,/de/features/ai-presentation-slides-generator,KI-Präsentationsfolien-Generator: Pitch Decks erstellen | Lovart,2026-02-08,156,PATCH: 检查 SEO meta (title/desc/og) 是否合规; 评估是否在相关 tools 页交叉链接; push IndexNow
tierC-diagnose,feature,en,ai-presentation-slides-generator,/en/features/ai-presentation-slides-generator,AI Presentation Slides Generator: Build Pitch Decks | Lovart,2026-02-08,156,PATCH: 检查 SEO meta (title/desc/og) 是否合规; 评估是否在相关 tools 页交叉链接; push IndexNow
tierC-diagnose,feature,fr,ai-presentation-slides-generator,/fr/features/ai-presentation-slides-generator,Générateur de diapos IA : créez des pitch decks | Lovart,2026-02-08,156,PATCH: 检查 SEO meta (title/desc/og) 是否合规; 评估是否在相关 tools 页交叉链接; push IndexNow
tierC-diagnose,feature,ja,ai-presentation-slides-generator,/ja/features/ai-presentation-slides-generator,AIプレゼン資料生成：ピッチデッキ作成 | Lovart,2026-02-08,156,PATCH: 检查 SEO meta (title/desc/og) 是否合规; 评估是否在相关 tools 页交叉链接; push IndexNow
tierC-diagnose,feature,ko,ai-presentation-slides-generator,/ko/features/ai-presentation-slides-generator,AI 프레젠테이션 슬라이드 생성기: 피치 덱 제작 | Lovart,2026-02-08,156,PATCH: 检查 SEO meta (title/desc/og) 是否合规; 评估是否在相关 tools 页交叉链接; push IndexNow
tierC-diagnose,feature,de,create-editable-brand-kit-ai-agent,/de/features/create-editable-brand-kit-ai-agent,So erstellst du in Sekunden ein editierbares Brand Kit mit Lovart KI-Design-Agent,2026-02-09,155,PATCH: 检查 SEO meta (title/desc/og) 是否合规; 评估是否在相关 tools 页交叉链接; push IndexNow
tierC-diagnose,feature,en,create-editable-brand-kit-ai-agent,/en/features/create-editable-brand-kit-ai-agent,How to Create an Editable Brand Kit in Seconds with Lovart AI Design Agent,2026-02-09,155,PATCH: 检查 SEO meta (title/desc/og) 是否合规; 评估是否在相关 tools 页交叉链接; push IndexNow
tierC-diagnose,feature,fr,create-editable-brand-kit-ai-agent,/fr/features/create-editable-brand-kit-ai-agent,Créez un kit de marque éditable en secondes avec Lovart IA,2026-02-09,155,PATCH: 检查 SEO meta (title/desc/og) 是否合规; 评估是否在相关 tools 页交叉链接; push IndexNow
tierC-diagnose,feature,it,create-editable-brand-kit-ai-agent,/it/features/create-editable-brand-kit-ai-agent,Crea un Brand Kit modificabile in secondi con l'Agente di Design IA Lovart,2026-02-09,155,PATCH: 检查 SEO meta (title/desc/og) 是否合规; 评估是否在相关 tools 页交叉链接; push IndexNow
tierC-diagnose,feature,ja,create-editable-brand-kit-ai-agent,/ja/features/create-editable-brand-kit-ai-agent,Lovart AIで数秒で作る編集可能なブランドキット,2026-02-09,155,PATCH: 检查 SEO meta (title/desc/og) 是否合规; 评估是否在相关 tools 页交叉链接; push IndexNow
tierC-diagnose,feature,ko,create-editable-brand-kit-ai-agent,/ko/features/create-editable-brand-kit-ai-agent,Lovart AI로 10초 만에 브랜드 키트 만들기,2026-02-09,155,PATCH: 检查 SEO meta (title/desc/og) 是否合规; 评估是否在相关 tools 页交叉链接; push IndexNow
tierC-diagnose,feature,pt,create-editable-brand-kit-ai-agent,/pt/features/create-editable-brand-kit-ai-agent,Como criar um Kit de Marca editável em segundos com o Agente de Design Lovart IA,2026-02-09,155,PATCH: 检查 SEO meta (title/desc/og) 是否合规; 评估是否在相关 tools 页交叉链接; push IndexNow
tierC-diagnose,feature,ru,create-editable-brand-kit-ai-agent,/ru/features/create-editable-brand-kit-ai-agent,Создайте бренд-кит за секунды с ИИ-агентом Lovart,2026-02-09,155,PATCH: 检查 SEO meta (title/desc/og) 是否合规; 评估是否在相关 tools 页交叉链接; push IndexNow
tierC-diagnose,feature,fr,party-flyer-design,/fr/features/party-flyer-design,Créez des flyers de fête percutants avec l'IA,2026-02-10,154,PATCH: 检查 SEO meta (title/desc/og) 是否合规; 评估是否在相关 tools 页交叉链接; push IndexNow
tierC-diagnose,feature,ja,party-flyer-design,/ja/features/party-flyer-design,簡単に作れる高インパクトなパーティーチラシ,2026-02-10,154,PATCH: 检查 SEO meta (title/desc/og) 是否合规; 评估是否在相关 tools 页交叉链接; push IndexNow
tierC-diagnose,feature,ko,party-flyer-design,/ko/features/party-flyer-design,"파티 전단지, 고퀄리티 디자인 Lovart",2026-02-10,154,PATCH: 检查 SEO meta (title/desc/og) 是否合规; 评估是否在相关 tools 页交叉链接; push IndexNow
tierC-diagnose,feature,ru,party-flyer-design,/ru/features/party-flyer-design,Создание ярких флаеров с ИИ Lovart,2026-02-10,154,PATCH: 检查 SEO meta (title/desc/og) 是否合规; 评估是否在相关 tools 页交叉链接; push IndexNow
tierC-diagnose,feature,de,party-flyer-design,/de/features/party-flyer-design,Party-Flyer mit KI: Starkes Design leicht gemacht,2026-02-10,154,PATCH: 检查 SEO meta (title/desc/og) 是否合规; 评估是否在相关 tools 页交叉链接; push IndexNow
tierC-diagnose,feature,fr,mood-board-creation,/fr/features/mood-board-creation,Création de mood boards IA – Styles pro & concepts de marque,2026-02-12,152,PATCH: 检查 SEO meta (title/desc/og) 是否合规; 评估是否在相关 tools 页交叉链接; push IndexNow
tierC-diagnose,feature,it,mood-board-creation,/it/features/mood-board-creation,Crea Mood Board Professionali con Strumenti IA di Lovart,2026-02-12,152,PATCH: 检查 SEO meta (title/desc/og) 是否合规; 评估是否在相关 tools 页交叉链接; push IndexNow
tierC-diagnose,feature,ja,mood-board-creation,/ja/features/mood-board-creation,ムードボード作成ツール｜ブランド構築を支援,2026-02-12,152,PATCH: 检查 SEO meta (title/desc/og) 是否合规; 评估是否在相关 tools 页交叉链接; push IndexNow
tierC-diagnose,feature,ko,mood-board-creation,/ko/features/mood-board-creation,무드보드 제작 – 전문 스타일보드 & 브랜드 콘셉트 도구 | Nano Banana,2026-02-12,152,PATCH: 检查 SEO meta (title/desc/og) 是否合规; 评估是否在相关 tools 页交叉链接; push IndexNow
tierC-diagnose,feature,pt,mood-board-creation,/pt/features/mood-board-creation,Criação de Mood Board – Estilo Profissional com IA | Lovart,2026-02-12,152,PATCH: 检查 SEO meta (title/desc/og) 是否合规; 评估是否在相关 tools 页交叉链接; push IndexNow
tierC-diagnose,feature,ru,mood-board-creation,/ru/features/mood-board-creation,Создание мудбордов: стиль и концепция бренда с ИИ,2026-02-12,152,PATCH: 检查 SEO meta (title/desc/og) 是否合规; 评估是否在相关 tools 页交叉链接; push IndexNow
tierC-diagnose,feature,de,mood-board-creation,/de/features/mood-board-creation,Moodboard-Erstellung – KI-Design-Tools für Stil & Markenkonzepte,2026-02-12,152,PATCH: 检查 SEO meta (title/desc/og) 是否合规; 评估是否在相关 tools 页交叉链接; push IndexNow
tierC-diagnose,tool,de,ai-coupon-maker,/de/tools/ai-coupon-maker,[DE] AI Coupon Maker — Design Promotional Coupons & Vouchers | Lovart,2026-02-12,152,PATCH: 检查 SEO meta (title/desc/og) 是否合规; 评估是否在相关 tools 页交叉链接; push IndexNow
tierC-diagnose,tool,fr,ai-coupon-maker,/fr/tools/ai-coupon-maker,[FR] AI Coupon Maker — Design Promotional Coupons & Vouchers | Lovart,2026-02-12,152,PATCH: 检查 SEO meta (title/desc/og) 是否合规; 评估是否在相关 tools 页交叉链接; push IndexNow
tierC-diagnose,tool,it,ai-coupon-maker,/it/tools/ai-coupon-maker,[IT] AI Coupon Maker — Design Promotional Coupons & Vouchers | Lovart,2026-02-12,152,PATCH: 检查 SEO meta (title/desc/og) 是否合规; 评估是否在相关 tools 页交叉链接; push IndexNow
tierC-diagnose,tool,ja,ai-coupon-maker,/ja/tools/ai-coupon-maker,[JA] AI Coupon Maker — Design Promotional Coupons & Vouchers | Lovart,2026-02-12,152,PATCH: 检查 SEO meta (title/desc/og) 是否合规; 评估是否在相关 tools 页交叉链接; push IndexNow
tierC-diagnose,tool,ko,ai-coupon-maker,/ko/tools/ai-coupon-maker,[KO] AI Coupon Maker — Design Promotional Coupons & Vouchers | Lovart,2026-02-12,152,PATCH: 检查 SEO meta (title/desc/og) 是否合规; 评估是否在相关 tools 页交叉链接; push IndexNow
tierC-diagnose,tool,ru,ai-coupon-maker,/ru/tools/ai-coupon-maker,[RU] AI Coupon Maker — Design Promotional Coupons & Vouchers | Lovart,2026-02-12,152,PATCH: 检查 SEO meta (title/desc/og) 是否合规; 评估是否在相关 tools 页交叉链接; push IndexNow
tierC-diagnose,tool,zh-TW,ai-coupon-maker,/zh-TW/tools/ai-coupon-maker,[ZH-TW] AI Coupon Maker — Design Promotional Coupons & Vouchers | Lovart,2026-02-12,152,PATCH: 检查 SEO meta (title/desc/og) 是否合规; 评估是否在相关 tools 页交叉链接; push IndexNow
tierC-diagnose,feature,zh-TW,ai-picture-generator,/zh-TW/features/ai-picture-generator,Lovart AI圖片生成器：專業視覺與文字創作,2026-02-13,151,PATCH: 检查 SEO meta (title/desc/og) 是否合规; 评估是否在相关 tools 页交叉链接; push IndexNow
tierC-diagnose,feature,en,ai-social-media-content-generator,/en/features/ai-social-media-content-generator,"AI Social Media Content Generator: Create Viral Posts, Reels & Ads 10x Faster | Lovart",2026-02-14,150,PATCH: 检查 SEO meta (title/desc/og) 是否合规; 评估是否在相关 tools 页交叉链接; push IndexNow
tierC-diagnose,feature,ja,restaurant-coupon-design,/ja/features/restaurant-coupon-design,新規客を呼ぶ魅力的な飲食店クーポン,2026-02-15,149,PATCH: 检查 SEO meta (title/desc/og) 是否合规; 评估是否在相关 tools 页交叉链接; push IndexNow
tierC-diagnose,feature,de,cv-template-design,/de/features/cv-template-design,Professionelles CV-Design mit KI für akademische & internationale Karrieren,2026-02-16,148,PATCH: 检查 SEO meta (title/desc/og) 是否合规; 评估是否在相关 tools 页交叉链接; push IndexNow
tierC-diagnose,feature,fr,cv-template-design,/fr/features/cv-template-design,Modèle CV IA pour carrières académiques,2026-02-16,148,PATCH: 检查 SEO meta (title/desc/og) 是否合规; 评估是否在相关 tools 页交叉链接; push IndexNow
tierC-diagnose,feature,it,cv-template-design,/it/features/cv-template-design,Modello CV professionale IA per carriere accademiche,2026-02-16,148,PATCH: 检查 SEO meta (title/desc/og) 是否合规; 评估是否在相关 tools 页交叉链接; push IndexNow
tierC-diagnose,feature,ja,cv-template-design,/ja/features/cv-template-design,アカデミック・国際キャリア向けCVテンプレート,2026-02-16,148,PATCH: 检查 SEO meta (title/desc/og) 是否合规; 评估是否在相关 tools 页交叉链接; push IndexNow
tierC-diagnose,feature,ko,cv-template-design,/ko/features/cv-template-design,전문 CV 템플릿 디자인: 학계 & 해외 취업용,2026-02-16,148,PATCH: 检查 SEO meta (title/desc/og) 是否合规; 评估是否在相关 tools 页交叉链接; push IndexNow
tierC-diagnose,feature,pt,cv-template-design,/pt/features/cv-template-design,Modelo de CV Profissional com IA para Carreiras Acadêmicas,2026-02-16,148,PATCH: 检查 SEO meta (title/desc/og) 是否合规; 评估是否在相关 tools 页交叉链接; push IndexNow
tierC-diagnose,feature,ru,cv-template-design,/ru/features/cv-template-design,Шаблон CV для академической и международной карьеры,2026-02-16,148,PATCH: 检查 SEO meta (title/desc/og) 是否合规; 评估是否在相关 tools 页交叉链接; push IndexNow
tierC-diagnose,feature,en,lesson-plan-design,/en/features/lesson-plan-design,AI‑Powered Standards‑Aligned Lesson Plans in Minutes | Lovart,2026-02-17,147,PATCH: 检查 SEO meta (title/desc/og) 是否合规; 评估是否在相关 tools 页交叉链接; push IndexNow
tierC-diagnose,feature,fr,lesson-plan-design,/fr/features/lesson-plan-design,Créez des plans de cours IA alignés en minutes | Lovart,2026-02-17,147,PATCH: 检查 SEO meta (title/desc/og) 是否合规; 评估是否在相关 tools 页交叉链接; push IndexNow
tierC-diagnose,feature,it,lesson-plan-design,/it/features/lesson-plan-design,Piani lezione IA allineati agli standard in minuti | Lovart,2026-02-17,147,PATCH: 检查 SEO meta (title/desc/og) 是否合规; 评估是否在相关 tools 页交叉链接; push IndexNow
tierC-diagnose,feature,ja,lesson-plan-design,/ja/features/lesson-plan-design,LovartでAIが作成する学習指導案,2026-02-17,147,PATCH: 检查 SEO meta (title/desc/og) 是否合规; 评估是否在相关 tools 页交叉链接; push IndexNow
tierC-diagnose,feature,ko,lesson-plan-design,/ko/features/lesson-plan-design,"AI 기반 교육과정 맞춤 수업 계획, 단 몇 분 만에 | Lovart",2026-02-17,147,PATCH: 检查 SEO meta (title/desc/og) 是否合规; 评估是否在相关 tools 页交叉链接; push IndexNow
tierC-diagnose,feature,pt,lesson-plan-design,/pt/features/lesson-plan-design,Planos de aula alinhados com IA em minutos | Lovart,2026-02-17,147,PATCH: 检查 SEO meta (title/desc/og) 是否合规; 评估是否在相关 tools 页交叉链接; push IndexNow
tierC-diagnose,feature,ru,lesson-plan-design,/ru/features/lesson-plan-design,Готовые планы уроков по стандартам с ИИ за минуты | Lovart,2026-02-17,147,PATCH: 检查 SEO meta (title/desc/og) 是否合规; 评估是否在相关 tools 页交叉链接; push IndexNow
tierC-diagnose,feature,de,lesson-plan-design,/de/features/lesson-plan-design,KI-gestützte lehrplankonforme Unterrichtspläne in Minuten | Lovart,2026-02-17,147,PATCH: 检查 SEO meta (title/desc/og) 是否合规; 评估是否在相关 tools 页交叉链接; push IndexNow
tierC-diagnose,feature,en,linkedin-banner-design-ai-generator,/en/features/linkedin-banner-design-ai-generator,Design Professional LinkedIn Banners with AI: Stand Out Instantly | Lovart,2026-02-18,146,PATCH: 检查 SEO meta (title/desc/og) 是否合规; 评估是否在相关 tools 页交叉链接; push IndexNow
tierC-diagnose,feature,de,ai-coupon-ad-generator,/de/features/ai-coupon-ad-generator,KI-Coupon-Anzeigengenerator: Erstelle Rabatt-Anzeigen & Gutscheine | Lovart,2026-02-19,145,PATCH: 检查 SEO meta (title/desc/og) 是否合规; 评估是否在相关 tools 页交叉链接; push IndexNow
tierC-diagnose,feature,en,ai-coupon-ad-generator,/en/features/ai-coupon-ad-generator,AI Coupon Ad Generator: Design Custom Discount Ads & Vouchers | Lovart,2026-02-19,145,PATCH: 检查 SEO meta (title/desc/og) 是否合规; 评估是否在相关 tools 页交叉链接; push IndexNow
tierC-diagnose,feature,fr,ai-coupon-ad-generator,/fr/features/ai-coupon-ad-generator,Générateur IA de coupons : créez des pubs et bons de réduction,2026-02-19,145,PATCH: 检查 SEO meta (title/desc/og) 是否合规; 评估是否在相关 tools 页交叉链接; push IndexNow
tierC-diagnose,feature,it,ai-coupon-ad-generator,/it/features/ai-coupon-ad-generator,Generatore IA di annunci sconto: crea coupon e voucher personalizzati | Lovart,2026-02-19,145,PATCH: 检查 SEO meta (title/desc/og) 是否合规; 评估是否在相关 tools 页交叉链接; push IndexNow
tierC-diagnose,feature,ja,ai-coupon-ad-generator,/ja/features/ai-coupon-ad-generator,AIクーポン広告作成ツール：割引広告・バウチャーをデザイン｜Lovart,2026-02-19,145,PATCH: 检查 SEO meta (title/desc/og) 是否合规; 评估是否在相关 tools 页交叉链接; push IndexNow
tierC-diagnose,feature,ko,ai-coupon-ad-generator,/ko/features/ai-coupon-ad-generator,AI 쿠폰 광고 제작기: 맞춤 할인 & 바우처 디자인 | Lovart,2026-02-19,145,PATCH: 检查 SEO meta (title/desc/og) 是否合规; 评估是否在相关 tools 页交叉链接; push IndexNow
tierC-diagnose,feature,pt,ai-coupon-ad-generator,/pt/features/ai-coupon-ad-generator,Gerador de Anúncios de Cupons com IA | Lovart,2026-02-19,145,PATCH: 检查 SEO meta (title/desc/og) 是否合规; 评估是否在相关 tools 页交叉链接; push IndexNow
tierC-diagnose,feature,ru,ai-coupon-ad-generator,/ru/features/ai-coupon-ad-generator,Генератор купонных объявлений ИИ | Lovart,2026-02-19,145,PATCH: 检查 SEO meta (title/desc/og) 是否合规; 评估是否在相关 tools 页交叉链接; push IndexNow
tierC-diagnose,tool,fr,ai-baby-podcast-generator,/fr/tools/ai-baby-podcast-generator,Générateur de podcasts IA pour bébé | Créer du contenu vocal pour bébé | Lovart,2026-02-19,145,PATCH: 检查 SEO meta (title/desc/og) 是否合规; 评估是否在相关 tools 页交叉链接; push IndexNow
tierC-diagnose,tool,it,ai-baby-podcast-generator,/it/tools/ai-baby-podcast-generator,Generatore di podcast AI per bambini | Crea contenuti vocali per bambini | Lovart,2026-02-19,145,PATCH: 检查 SEO meta (title/desc/og) 是否合规; 评估是否在相关 tools 页交叉链接; push IndexNow
tierC-diagnose,tool,ja,ai-baby-podcast-generator,/ja/tools/ai-baby-podcast-generator,AI Baby ポッドキャスト ジェネレーター |赤ちゃんの声のコンテンツを作成する |ロヴァート,2026-02-19,145,PATCH: 检查 SEO meta (title/desc/og) 是否合规; 评估是否在相关 tools 页交叉链接; push IndexNow
tierC-diagnose,tool,ru,ai-baby-podcast-generator,/ru/tools/ai-baby-podcast-generator,Генератор детских подкастов AI | Создать контент с детским голосом | Ловарт,2026-02-19,145,PATCH: 检查 SEO meta (title/desc/og) 是否合规; 评估是否在相关 tools 页交叉链接; push IndexNow
tierC-diagnose,feature,de,bakery-menu-design,/de/features/bakery-menu-design,"Bäckerei-Menü-Design, das Kunden nach deinen Backwaren verlangen lässt | Lovart KI",2026-02-20,144,PATCH: 检查 SEO meta (title/desc/og) 是否合规; 评估是否在相关 tools 页交叉链接; push IndexNow
tierC-diagnose,feature,en,bakery-menu-design,/en/features/bakery-menu-design,Bakery Menu Design That Makes Customers Crave Your Baked Goods | Lovart AI,2026-02-20,144,PATCH: 检查 SEO meta (title/desc/og) 是否合规; 评估是否在相关 tools 页交叉链接; push IndexNow
tierC-diagnose,feature,ja,bakery-menu-design,/ja/features/bakery-menu-design,お客様が焼きたてを欲しがるパン屋メニュー | Lovart AI,2026-02-20,144,PATCH: 检查 SEO meta (title/desc/og) 是否合规; 评估是否在相关 tools 页交叉链接; push IndexNow
tierC-diagnose,feature,ko,bakery-menu-design,/ko/features/bakery-menu-design,고객을 유혹하는 베이커리 메뉴 디자인 | Lovart AI,2026-02-20,144,PATCH: 检查 SEO meta (title/desc/og) 是否合规; 评估是否在相关 tools 页交叉链接; push IndexNow
tierC-diagnose,feature,pt,bakery-menu-design,/pt/features/bakery-menu-design,Design de Menu de Padaria com IA que Atrai Clientes | Lovart,2026-02-20,144,PATCH: 检查 SEO meta (title/desc/og) 是否合规; 评估是否在相关 tools 页交叉链接; push IndexNow
tierC-diagnose,feature,ru,bakery-menu-design,/ru/features/bakery-menu-design,"Дизайн меню пекарни, вызывающий аппетит | Lovart ИИ",2026-02-20,144,PATCH: 检查 SEO meta (title/desc/og) 是否合规; 评估是否在相关 tools 页交叉链接; push IndexNow
tierC-diagnose,tool,de,ai-annual-report,/de/tools/ai-annual-report,[DE] AI Annual Report Designer — Create Corporate Annual Reports | Lovart,2026-02-20,144,PATCH: 检查 SEO meta (title/desc/og) 是否合规; 评估是否在相关 tools 页交叉链接; push IndexNow
tierC-diagnose,tool,fr,ai-annual-report,/fr/tools/ai-annual-report,[FR] AI Annual Report Designer — Create Corporate Annual Reports | Lovart,2026-02-20,144,PATCH: 检查 SEO meta (title/desc/og) 是否合规; 评估是否在相关 tools 页交叉链接; push IndexNow
tierC-diagnose,tool,it,ai-annual-report,/it/tools/ai-annual-report,[IT] AI Annual Report Designer — Create Corporate Annual Reports | Lovart,2026-02-20,144,PATCH: 检查 SEO meta (title/desc/og) 是否合规; 评估是否在相关 tools 页交叉链接; push IndexNow
tierC-diagnose,feature,de,ai-video-background-remover,/de/features/ai-video-background-remover,Bester KI-Video-Hintergrundentferner: Hintergründe sofort ändern | Lovart,2026-02-21,143,PATCH: 检查 SEO meta (title/desc/og) 是否合规; 评估是否在相关 tools 页交叉链接; push IndexNow
tierC-diagnose,feature,fr,ai-video-background-remover,/fr/features/ai-video-background-remover,Supprimez l’arrière-plan vidéo avec IA | Lovart,2026-02-21,143,PATCH: 检查 SEO meta (title/desc/og) 是否合规; 评估是否在相关 tools 页交叉链接; push IndexNow
tierC-diagnose,feature,it,ai-video-background-remover,/it/features/ai-video-background-remover,Rimuovi sfondi video con IA: cambia subito | Lovart,2026-02-21,143,PATCH: 检查 SEO meta (title/desc/og) 是否合规; 评估是否在相关 tools 页交叉链接; push IndexNow
tierC-diagnose,feature,ja,ai-video-background-remover,/ja/features/ai-video-background-remover,Lovartで簡単！AI背景削除・変更ツール,2026-02-21,143,PATCH: 检查 SEO meta (title/desc/og) 是否合规; 评估是否在相关 tools 页交叉链接; push IndexNow
tierC-diagnose,feature,ko,ai-video-background-remover,/ko/features/ai-video-background-remover,AI 영상 배경 제거: 배경을 즉시 바꾸는 Lovart,2026-02-21,143,PATCH: 检查 SEO meta (title/desc/og) 是否合规; 评估是否在相关 tools 页交叉链接; push IndexNow
tierC-diagnose,feature,pt,ai-video-background-remover,/pt/features/ai-video-background-remover,Melhor removedor de fundo de vídeo com IA | Lovart,2026-02-21,143,PATCH: 检查 SEO meta (title/desc/og) 是否合规; 评估是否在相关 tools 页交叉链接; push IndexNow
tierC-diagnose,feature,ru,ai-video-background-remover,/ru/features/ai-video-background-remover,Лучший ИИ-уборщик фона: меняй фон мгновенно | Lovart,2026-02-21,143,PATCH: 检查 SEO meta (title/desc/og) 是否合规; 评估是否在相关 tools 页交叉链接; push IndexNow
tierC-diagnose,feature,zh-TW,linkedin-banner-design-ai-generator-by-lovart,/zh-TW/features/linkedin-banner-design-ai-generator-by-lovart,用AI設計專業LinkedIn橫幅，立即脫穎而出｜Lovart,2026-02-22,142,PATCH: 检查 SEO meta (title/desc/og) 是否合规; 评估是否在相关 tools 页交叉链接; push IndexNow
tierC-diagnose,feature,de,ai-video-generator-no-templates,/de/features/ai-video-generator-no-templates,KI-Videogenerator: Erstelle eigene Videos aus Text | Lovart,2026-02-23,141,PATCH: 检查 SEO meta (title/desc/og) 是否合规; 评估是否在相关 tools 页交叉链接; push IndexNow
tierC-diagnose,feature,en,ai-video-generator-no-templates,/en/features/ai-video-generator-no-templates,AI Video Generator: Create Custom Videos from Text (No Templates) | Lovart,2026-02-23,141,PATCH: 检查 SEO meta (title/desc/og) 是否合规; 评估是否在相关 tools 页交叉链接; push IndexNow
tierC-diagnose,feature,fr,ai-video-generator-no-templates,/fr/features/ai-video-generator-no-templates,Générateur vidéo IA : créez des vidéos uniques à partir de texte,2026-02-23,141,PATCH: 检查 SEO meta (title/desc/og) 是否合规; 评估是否在相关 tools 页交叉链接; push IndexNow
tierC-diagnose,feature,it,ai-video-generator-no-templates,/it/features/ai-video-generator-no-templates,"Generatore video IA: crea video da testo, senza template | Lovart",2026-02-23,141,PATCH: 检查 SEO meta (title/desc/og) 是否合规; 评估是否在相关 tools 页交叉链接; push IndexNow
tierC-diagnose,feature,ja,ai-video-generator-no-templates,/ja/features/ai-video-generator-no-templates,Lovart：テキストから動画を自動生成,2026-02-23,141,PATCH: 检查 SEO meta (title/desc/og) 是否合规; 评估是否在相关 tools 页交叉链接; push IndexNow
tierC-diagnose,feature,ko,ai-video-generator-no-templates,/ko/features/ai-video-generator-no-templates,텍스트로 맞춤 영상 생성 | Lovart,2026-02-23,141,PATCH: 检查 SEO meta (title/desc/og) 是否合规; 评估是否在相关 tools 页交叉链接; push IndexNow
tierC-diagnose,feature,pt,ai-video-generator-no-templates,/pt/features/ai-video-generator-no-templates,Gerador de Vídeos com IA: Crie Vídeos Personalizados a partir de Texto | Lovart,2026-02-23,141,PATCH: 检查 SEO meta (title/desc/og) 是否合规; 评估是否在相关 tools 页交叉链接; push IndexNow
tierC-diagnose,feature,ru,ai-video-generator-no-templates,/ru/features/ai-video-generator-no-templates,Генератор ИИ-видео: создавайте видео из текста | Lovart,2026-02-23,141,PATCH: 检查 SEO meta (title/desc/og) 是否合规; 评估是否在相关 tools 页交叉链接; push IndexNow
tierC-diagnose,feature,en,engagement-invitation-design,/en/features/engagement-invitation-design,Professional Engagement Invitation Design Made Simple,2026-02-24,140,PATCH: 检查 SEO meta (title/desc/og) 是否合规; 评估是否在相关 tools 页交叉链接; push IndexNow
tierC-diagnose,feature,ja,engagement-invitation-design,/ja/features/engagement-invitation-design,プロの招待状デザインを簡単に,2026-02-24,140,PATCH: 检查 SEO meta (title/desc/og) 是否合规; 评估是否在相关 tools 页交叉链接; push IndexNow
tierC-diagnose,feature,de,classroom-poster-design,/de/features/classroom-poster-design,KI-Poster-Gestalter für Lehrer | Mehr Lernspaß – Lovart,2026-02-26,138,PATCH: 检查 SEO meta (title/desc/og) 是否合规; 评估是否在相关 tools 页交叉链接; push IndexNow
tierC-diagnose,feature,en,classroom-poster-design,/en/features/classroom-poster-design,Classroom Poster Maker for Teachers | Boost Student Engagement & Learning – Lovart,2026-02-26,138,PATCH: 检查 SEO meta (title/desc/og) 是否合规; 评估是否在相关 tools 页交叉链接; push IndexNow
tierC-diagnose,feature,fr,classroom-poster-design,/fr/features/classroom-poster-design,Créez des affiches de classe avec l'IA Lovart,2026-02-26,138,PATCH: 检查 SEO meta (title/desc/og) 是否合规; 评估是否在相关 tools 页交叉链接; push IndexNow
tierC-diagnose,feature,it,classroom-poster-design,/it/features/classroom-poster-design,Crea poster scolastici con IA | Coinvolgi gli studenti – Lovart,2026-02-26,138,PATCH: 检查 SEO meta (title/desc/og) 是否合规; 评估是否在相关 tools 页交叉链接; push IndexNow
tierC-diagnose,feature,ja,classroom-poster-design,/ja/features/classroom-poster-design,教師向け教室ポスター作成ツール｜Lovart,2026-02-26,138,PATCH: 检查 SEO meta (title/desc/og) 是否合规; 评估是否在相关 tools 页交叉链接; push IndexNow
tierC-diagnose,feature,ko,classroom-poster-design,/ko/features/classroom-poster-design,교사용 포스터 메이커 | 학생 참여와 학습 향상 – Lovart,2026-02-26,138,PATCH: 检查 SEO meta (title/desc/og) 是否合规; 评估是否在相关 tools 页交叉链接; push IndexNow
tierC-diagnose,feature,pt,classroom-poster-design,/pt/features/classroom-poster-design,Criador de Pôsteres com IA para Professores – Lovart,2026-02-26,138,PATCH: 检查 SEO meta (title/desc/og) 是否合规; 评估是否在相关 tools 页交叉链接; push IndexNow
tierC-diagnose,feature,ru,classroom-poster-design,/ru/features/classroom-poster-design,Создатель плакатов для учителей на ИИ – Lovart,2026-02-26,138,PATCH: 检查 SEO meta (title/desc/og) 是否合规; 评估是否在相关 tools 页交叉链接; push IndexNow
tierC-diagnose,feature,de,facebook-cover-design,/de/features/facebook-cover-design,"KI-Facebook-Cover, die Vertrauen & Kunden gewinnen | Lovart",2026-02-27,137,PATCH: 检查 SEO meta (title/desc/og) 是否合规; 评估是否在相关 tools 页交叉链接; push IndexNow
tierC-diagnose,feature,en,facebook-cover-design,/en/features/facebook-cover-design,AI Facebook Covers That Win Trust & Clients | Lovart AI,2026-02-27,137,PATCH: 检查 SEO meta (title/desc/og) 是否合规; 评估是否在相关 tools 页交叉链接; push IndexNow
tierC-diagnose,feature,fr,facebook-cover-design,/fr/features/facebook-cover-design,Créez des couvertures Facebook IA qui attirent clients.,2026-02-27,137,PATCH: 检查 SEO meta (title/desc/og) 是否合规; 评估是否在相关 tools 页交叉链接; push IndexNow
tierC-diagnose,feature,ja,facebook-cover-design,/ja/features/facebook-cover-design,信頼と集客を生むAI表紙｜Lovart AI,2026-02-27,137,PATCH: 检查 SEO meta (title/desc/og) 是否合规; 评估是否在相关 tools 页交叉链接; push IndexNow
tierC-diagnose,feature,ko,facebook-cover-design,/ko/features/facebook-cover-design,신뢰와 고객을 얻는 AI 페이스북 커버 | Lovart AI,2026-02-27,137,PATCH: 检查 SEO meta (title/desc/og) 是否合规; 评估是否在相关 tools 页交叉链接; push IndexNow
tierC-diagnose,feature,pt,facebook-cover-design,/pt/features/facebook-cover-design,Capas de IA para Facebook que geram confiança | Lovart,2026-02-27,137,PATCH: 检查 SEO meta (title/desc/og) 是否合规; 评估是否在相关 tools 页交叉链接; push IndexNow
tierC-diagnose,feature,ru,facebook-cover-design,/ru/features/facebook-cover-design,Обложки для Facebook от ИИ Lovart: доверие и клиенты,2026-02-27,137,PATCH: 检查 SEO meta (title/desc/og) 是否合规; 评估是否在相关 tools 页交叉链接; push IndexNow
tierC-diagnose,feature,en,text-to-video-ai-generator-veo3,/en/features/text-to-video-ai-generator-veo3,Text to Video AI Generator: Create Cinematic Videos with Veo 3 | Lovart,2026-02-28,136,PATCH: 检查 SEO meta (title/desc/og) 是否合规; 评估是否在相关 tools 页交叉链接; push IndexNow
tierC-diagnose,feature,fr,text-to-video-ai-generator-veo3,/fr/features/text-to-video-ai-generator-veo3,Générateur vidéo IA : créez des vidéos cinématiques avec Veo 3 | Lovart,2026-02-28,136,PATCH: 检查 SEO meta (title/desc/og) 是否合规; 评估是否在相关 tools 页交叉链接; push IndexNow
tierC-diagnose,feature,it,text-to-video-ai-generator-veo3,/it/features/text-to-video-ai-generator-veo3,Generatore IA da testo a video: crea video cinematografici con Veo 3 | Lovart,2026-02-28,136,PATCH: 检查 SEO meta (title/desc/og) 是否合规; 评估是否在相关 tools 页交叉链接; push IndexNow
tierC-diagnose,feature,ja,text-to-video-ai-generator-veo3,/ja/features/text-to-video-ai-generator-veo3,Veo 3で映画のような動画を生成 | Lovart,2026-02-28,136,PATCH: 检查 SEO meta (title/desc/og) 是否合规; 评估是否在相关 tools 页交叉链接; push IndexNow
tierC-diagnose,feature,ko,text-to-video-ai-generator-veo3,/ko/features/text-to-video-ai-generator-veo3,베오 3으로 시네마틱 영상 만드는 법 | Lovart,2026-02-28,136,PATCH: 检查 SEO meta (title/desc/og) 是否合规; 评估是否在相关 tools 页交叉链接; push IndexNow
tierC-diagnose,feature,pt,text-to-video-ai-generator-veo3,/pt/features/text-to-video-ai-generator-veo3,Gerador de Vídeo com IA: Crie Vídeos Cinematográficos | Lovart,2026-02-28,136,PATCH: 检查 SEO meta (title/desc/og) 是否合规; 评估是否在相关 tools 页交叉链接; push IndexNow
tierC-diagnose,feature,ru,text-to-video-ai-generator-veo3,/ru/features/text-to-video-ai-generator-veo3,Генератор видео с ИИ: создавайте кино с Veo 3 | Lovart,2026-02-28,136,PATCH: 检查 SEO meta (title/desc/og) 是否合规; 评估是否在相关 tools 页交叉链接; push IndexNow
tierC-diagnose,feature,de,text-to-video-ai-generator-veo3,/de/features/text-to-video-ai-generator-veo3,KI-Video-Generator: Erstelle Kinofilme mit Veo 3 | Lovart,2026-02-28,136,PATCH: 检查 SEO meta (title/desc/og) 是否合规; 评估是否在相关 tools 页交叉链接; push IndexNow
tierC-diagnose,feature,en,text-image-to-video-seedance,/en/features/text-image-to-video-seedance,Create Videos from Text and Images with Seedance 2.0 | Lovart,2026-03-02,134,PATCH: 检查 SEO meta (title/desc/og) 是否合规; 评估是否在相关 tools 页交叉链接; push IndexNow
tierC-diagnose,feature,fr,text-image-to-video-seedance,/fr/features/text-image-to-video-seedance,Créez des vidéos à partir de texte et d'images avec Seedance 2.0 | Lovart,2026-03-02,134,PATCH: 检查 SEO meta (title/desc/og) 是否合规; 评估是否在相关 tools 页交叉链接; push IndexNow
tierC-diagnose,feature,it,text-image-to-video-seedance,/it/features/text-image-to-video-seedance,Crea video da testo e immagini con Seedance 2.0 | Lovart,2026-03-02,134,PATCH: 检查 SEO meta (title/desc/og) 是否合规; 评估是否在相关 tools 页交叉链接; push IndexNow
tierC-diagnose,feature,ja,text-image-to-video-seedance,/ja/features/text-image-to-video-seedance,Seedance 2.0でテキストと画像から動画生成｜Lovart,2026-03-02,134,PATCH: 检查 SEO meta (title/desc/og) 是否合规; 评估是否在相关 tools 页交叉链接; push IndexNow
tierC-diagnose,feature,ko,text-image-to-video-seedance,/ko/features/text-image-to-video-seedance,텍스트와 이미지로 영상 만드는 Seedance 2.0 | Lovart,2026-03-02,134,PATCH: 检查 SEO meta (title/desc/og) 是否合规; 评估是否在相关 tools 页交叉链接; push IndexNow
tierC-diagnose,feature,pt,text-image-to-video-seedance,/pt/features/text-image-to-video-seedance,Crie Vídeos com Texto e Imagens usando Seedance 2.0 | Lovart,2026-03-02,134,PATCH: 检查 SEO meta (title/desc/og) 是否合规; 评估是否在相关 tools 页交叉链接; push IndexNow
tierC-diagnose,feature,ru,text-image-to-video-seedance,/ru/features/text-image-to-video-seedance,Создавайте видео из текста и изображений с Seedance 2.0 | Lovart,2026-03-02,134,PATCH: 检查 SEO meta (title/desc/og) 是否合规; 评估是否在相关 tools 页交叉链接; push IndexNow
tierC-diagnose,tool,de,virtual-actor-creation,/de/tools/virtual-actor-creation,AI Virtual Actor Generator | Realistische KI-Darsteller | Lovart,2026-03-02,134,PATCH: 检查 SEO meta (title/desc/og) 是否合规; 评估是否在相关 tools 页交叉链接; push IndexNow
tierC-diagnose,tool,fr,virtual-actor-creation,/fr/tools/virtual-actor-creation,Générateur d'acteurs virtuels IA | Interprètes IA réalistes | Lovart,2026-03-02,134,PATCH: 检查 SEO meta (title/desc/og) 是否合规; 评估是否在相关 tools 页交叉链接; push IndexNow
tierC-diagnose,tool,it,virtual-actor-creation,/it/tools/virtual-actor-creation,Generatore di attori virtuali AI | Artisti IA realistici | Lovart,2026-03-02,134,PATCH: 检查 SEO meta (title/desc/og) 是否合规; 评估是否在相关 tools 页交叉链接; push IndexNow
tierC-diagnose,tool,ja,virtual-actor-creation,/ja/tools/virtual-actor-creation,AI バーチャル アクター ジェネレーター |リアルな AI パフォーマー |ロヴァート,2026-03-02,134,PATCH: 检查 SEO meta (title/desc/og) 是否合规; 评估是否在相关 tools 页交叉链接; push IndexNow
tierC-diagnose,tool,ko,virtual-actor-creation,/ko/tools/virtual-actor-creation,AI 가상 배우 생성기 | 현실적인 AI 수행자 | 로바트,2026-03-02,134,PATCH: 检查 SEO meta (title/desc/og) 是否合规; 评估是否在相关 tools 页交叉链接; push IndexNow
tierC-diagnose,tool,pt,virtual-actor-creation,/pt/tools/virtual-actor-creation,Gerador de ator virtual AI | Artistas de IA realistas | Lovart,2026-03-02,134,PATCH: 检查 SEO meta (title/desc/og) 是否合规; 评估是否在相关 tools 页交叉链接; push IndexNow
tierC-diagnose,tool,ru,virtual-actor-creation,/ru/tools/virtual-actor-creation,Генератор виртуальных актеров AI | Реалистичные AI-исполнители | Ловарт,2026-03-02,134,PATCH: 检查 SEO meta (title/desc/og) 是否合规; 评估是否在相关 tools 页交叉链接; push IndexNow
tierC-diagnose,tool,zh,virtual-actor-creation,/zh/tools/virtual-actor-creation,AI虚拟演员生成器 |现实的人工智能表演者 |洛瓦特,2026-03-02,134,PATCH: 检查 SEO meta (title/desc/og) 是否合规; 评估是否在相关 tools 页交叉链接; push IndexNow
tierC-diagnose,tool,zh-TW,virtual-actor-creation,/zh-TW/tools/virtual-actor-creation,AI虛擬演員生成器 |現實的人工智慧表演者 |洛瓦特,2026-03-02,134,PATCH: 检查 SEO meta (title/desc/og) 是否合规; 评估是否在相关 tools 页交叉链接; push IndexNow
tierC-diagnose,feature,de,ai-video-generator-workflow-by-lovart,/de/features/ai-video-generator-workflow-by-lovart,Meistere den ultimativen KI-Video-Workflow: Vom Skript zum Bildschirm,2026-03-03,133,PATCH: 检查 SEO meta (title/desc/og) 是否合规; 评估是否在相关 tools 页交叉链接; push IndexNow
tierC-diagnose,feature,fr,ai-video-generator-workflow-by-lovart,/fr/features/ai-video-generator-workflow-by-lovart,Maîtrisez le workflow IA vidéo : du script à l'écran,2026-03-03,133,PATCH: 检查 SEO meta (title/desc/og) 是否合规; 评估是否在相关 tools 页交叉链接; push IndexNow
tierC-diagnose,feature,it,ai-video-generator-workflow-by-lovart,/it/features/ai-video-generator-workflow-by-lovart,Padroneggia il flusso IA video: dalla sceneggiatura allo schermo,2026-03-03,133,PATCH: 检查 SEO meta (title/desc/og) 是否合规; 评估是否在相关 tools 页交叉链接; push IndexNow
tierC-diagnose,feature,ja,ai-video-generator-workflow-by-lovart,/ja/features/ai-video-generator-workflow-by-lovart,究極のAI動画生成：台本から完成まで,2026-03-03,133,PATCH: 检查 SEO meta (title/desc/og) 是否合规; 评估是否在相关 tools 页交叉链接; push IndexNow
tierC-diagnose,feature,ko,ai-video-generator-workflow-by-lovart,/ko/features/ai-video-generator-workflow-by-lovart,러바트 AI 영상 제작: 대본부터 완성까지,2026-03-03,133,PATCH: 检查 SEO meta (title/desc/og) 是否合规; 评估是否在相关 tools 页交叉链接; push IndexNow
tierC-diagnose,feature,pt,ai-video-generator-workflow-by-lovart,/pt/features/ai-video-generator-workflow-by-lovart,Domine o Fluxo de IA: Do Roteiro à Tela,2026-03-03,133,PATCH: 检查 SEO meta (title/desc/og) 是否合规; 评估是否在相关 tools 页交叉链接; push IndexNow
tierC-diagnose,feature,ru,ai-video-generator-workflow-by-lovart,/ru/features/ai-video-generator-workflow-by-lovart,Освойте ИИ-генерацию видео: от сценария до экрана,2026-03-03,133,PATCH: 检查 SEO meta (title/desc/og) 是否合规; 评估是否在相关 tools 页交叉链接; push IndexNow
tierC-diagnose,feature,en,nano-banana-digital-art-creation,/en/features/nano-banana-digital-art-creation,Nano Banana AI Art Generator - Create Professional Digital Paintings & Simplify Your Creative Workfl,2026-03-04,132,PATCH: 检查 SEO meta (title/desc/og) 是否合规; 评估是否在相关 tools 页交叉链接; push IndexNow
tierC-diagnose,feature,ja,property-report-design,/ja/features/property-report-design,不動産プロ向け物件報告書テンプレート,2026-03-05,131,PATCH: 检查 SEO meta (title/desc/og) 是否合规; 评估是否在相关 tools 页交叉链接; push IndexNow
tierC-diagnose,feature,zh-TW,property-report-design,/zh-TW/features/property-report-design,專業房地產報告模板｜用設計展現市場專業,2026-03-05,131,PATCH: 检查 SEO meta (title/desc/og) 是否合规; 评估是否在相关 tools 页交叉链接; push IndexNow
tierC-diagnose,tool,de,ai-community-design,/de/tools/ai-community-design,[DE] AI Design Community — Connect & Create Together | Lovart,2026-03-05,131,PATCH: 检查 SEO meta (title/desc/og) 是否合规; 评估是否在相关 tools 页交叉链接; push IndexNow
tierC-diagnose,tool,it,ai-community-design,/it/tools/ai-community-design,[IT] AI Design Community — Connect & Create Together | Lovart,2026-03-05,131,PATCH: 检查 SEO meta (title/desc/og) 是否合规; 评估是否在相关 tools 页交叉链接; push IndexNow
tierC-diagnose,tool,ja,ai-community-design,/ja/tools/ai-community-design,[JA] AI Design Community — Connect & Create Together | Lovart,2026-03-05,131,PATCH: 检查 SEO meta (title/desc/og) 是否合规; 评估是否在相关 tools 页交叉链接; push IndexNow
tierC-diagnose,tool,ko,ai-community-design,/ko/tools/ai-community-design,[KO] AI Design Community — Connect & Create Together | Lovart,2026-03-05,131,PATCH: 检查 SEO meta (title/desc/og) 是否合规; 评估是否在相关 tools 页交叉链接; push IndexNow
tierC-diagnose,tool,zh-TW,ai-community-design,/zh-TW/tools/ai-community-design,[ZH-TW] AI Design Community — Connect & Create Together | Lovart,2026-03-05,131,PATCH: 检查 SEO meta (title/desc/og) 是否合规; 评估是否在相关 tools 页交叉链接; push IndexNow
tierC-diagnose,feature,en,linkedin-banner-design,/en/features/linkedin-banner-design,Career-Boosting LinkedIn Banners with AI | Attract Recruiters & Opportunities | Lovart,2026-03-07,129,PATCH: 检查 SEO meta (title/desc/og) 是否合规; 评估是否在相关 tools 页交叉链接; push IndexNow
tierC-diagnose,feature,fr,linkedin-banner-design,/fr/features/linkedin-banner-design,Bannières LinkedIn boostées par IA | Attirez recruteurs & opportunités | Lovart,2026-03-07,129,PATCH: 检查 SEO meta (title/desc/og) 是否合规; 评估是否在相关 tools 页交叉链接; push IndexNow
tierC-diagnose,feature,it,linkedin-banner-design,/it/features/linkedin-banner-design,Crea banner LinkedIn con IA per attrarre recruiter | Lovart,2026-03-07,129,PATCH: 检查 SEO meta (title/desc/og) 是否合规; 评估是否在相关 tools 页交叉链接; push IndexNow
tierC-diagnose,feature,pt,linkedin-banner-design,/pt/features/linkedin-banner-design,Banners de IA para LinkedIn | Atraia recrutadores | Lovart,2026-03-07,129,PATCH: 检查 SEO meta (title/desc/og) 是否合规; 评估是否在相关 tools 页交叉链接; push IndexNow
tierC-diagnose,feature,ru,linkedin-banner-design,/ru/features/linkedin-banner-design,ИИ-баннеры для LinkedIn | Привлекайте рекрутеров | Lovart,2026-03-07,129,PATCH: 检查 SEO meta (title/desc/og) 是否合规; 评估是否在相关 tools 页交叉链接; push IndexNow
tierC-diagnose,feature,en,nano-banana-ai-model,/en/features/nano-banana-ai-model,Nano Banana Pro: Consistent AI Characters & Photorealistic Product Photos | Lovart,2026-03-08,128,PATCH: 检查 SEO meta (title/desc/og) 是否合规; 评估是否在相关 tools 页交叉链接; push IndexNow
tierC-diagnose,feature,de,ai-video-generator-tools,/de/features/ai-video-generator-tools,"KI-Videogenerator: Erstelle mit Sora 2, Veo 3 & Kling | Lovart",2026-03-09,127,PATCH: 检查 SEO meta (title/desc/og) 是否合规; 评估是否在相关 tools 页交叉链接; push IndexNow
tierC-diagnose,feature,fr,ai-video-generator-tools,/fr/features/ai-video-generator-tools,"Générateur vidéo IA : créez avec Sora 2, Veo 3 & Kling | Lovart",2026-03-09,127,PATCH: 检查 SEO meta (title/desc/og) 是否合规; 评估是否在相关 tools 页交叉链接; push IndexNow
tierC-diagnose,feature,it,ai-video-generator-tools,/it/features/ai-video-generator-tools,"Generatore video IA: crea con Sora 2, Veo 3 e Kling | Lovart",2026-03-09,127,PATCH: 检查 SEO meta (title/desc/og) 是否合规; 评估是否在相关 tools 页交叉链接; push IndexNow
tierC-diagnose,feature,ja,ai-video-generator-tools,/ja/features/ai-video-generator-tools,Sora 2、Veo 3、Klingで動画生成｜Lovart,2026-03-09,127,PATCH: 检查 SEO meta (title/desc/og) 是否合规; 评估是否在相关 tools 页交叉链接; push IndexNow
tierC-diagnose,feature,ko,ai-video-generator-tools,/ko/features/ai-video-generator-tools,소라2·비오3·클링으로 만드는 AI 영상 | Lovart,2026-03-09,127,PATCH: 检查 SEO meta (title/desc/og) 是否合规; 评估是否在相关 tools 页交叉链接; push IndexNow
tierC-diagnose,feature,pt,ai-video-generator-tools,/pt/features/ai-video-generator-tools,"Gerador de Vídeos com IA: Sora 2, Veo 3 & Kling | Lovart",2026-03-09,127,PATCH: 检查 SEO meta (title/desc/og) 是否合规; 评估是否在相关 tools 页交叉链接; push IndexNow
tierC-diagnose,feature,ru,ai-video-generator-tools,/ru/features/ai-video-generator-tools,"Генератор ИИ-видео: Sora 2, Veo 3, Kling | Lovart",2026-03-09,127,PATCH: 检查 SEO meta (title/desc/og) 是否合规; 评估是否在相关 tools 页交叉链接; push IndexNow
tierC-diagnose,feature,fr,infinite-chatcanvas-ai-collaboration,/fr/features/infinite-chatcanvas-ai-collaboration,Toile infinie IA : l'espace design ultime | Lovart,2026-03-10,126,PATCH: 检查 SEO meta (title/desc/og) 是否合规; 评估是否在相关 tools 页交叉链接; push IndexNow
tierC-diagnose,feature,it,infinite-chatcanvas-ai-collaboration,/it/features/infinite-chatcanvas-ai-collaboration,Lovart: la tela infinita IA per il design UI definitivo,2026-03-10,126,PATCH: 检查 SEO meta (title/desc/og) 是否合规; 评估是否在相关 tools 页交叉链接; push IndexNow
tierC-diagnose,feature,ja,infinite-chatcanvas-ai-collaboration,/ja/features/infinite-chatcanvas-ai-collaboration,無限キャンバスAI：究極のUIデザイン作業場｜Lovart,2026-03-10,126,PATCH: 检查 SEO meta (title/desc/og) 是否合规; 评估是否在相关 tools 页交叉链接; push IndexNow
tierC-diagnose,feature,ko,infinite-chatcanvas-ai-collaboration,/ko/features/infinite-chatcanvas-ai-collaboration,러바트: 무한 캔버스 AI UI 디자인 공간,2026-03-10,126,PATCH: 检查 SEO meta (title/desc/og) 是否合规; 评估是否在相关 tools 页交叉链接; push IndexNow
tierC-diagnose,feature,pt,infinite-chatcanvas-ai-collaboration,/pt/features/infinite-chatcanvas-ai-collaboration,Tela Infinita com IA: O Espaço Definitivo de Design UI | Lovart,2026-03-10,126,PATCH: 检查 SEO meta (title/desc/og) 是否合规; 评估是否在相关 tools 页交叉链接; push IndexNow
tierC-diagnose,feature,ru,infinite-chatcanvas-ai-collaboration,/ru/features/infinite-chatcanvas-ai-collaboration,Бесконечный холст ИИ: идеальное пространство для UI-дизайна | Lovart,2026-03-10,126,PATCH: 检查 SEO meta (title/desc/og) 是否合规; 评估是否在相关 tools 页交叉链接; push IndexNow
tierC-diagnose,feature,de,infinite-chatcanvas-ai-collaboration,/de/features/infinite-chatcanvas-ai-collaboration,Lovart: Die ultimative KI-Design-Leinwand für UI,2026-03-10,126,PATCH: 检查 SEO meta (title/desc/og) 是否合规; 评估是否在相关 tools 页交叉链接; push IndexNow
tierC-diagnose,feature,en,infinite-chatcanvas-ai-collaboration,/en/features/infinite-chatcanvas-ai-collaboration,Infinite Canvas AI: The Ultimate UI Design Workspace | Lovart,2026-03-10,126,PATCH: 检查 SEO meta (title/desc/og) 是否合规; 评估是否在相关 tools 页交叉链接; push IndexNow
tierC-diagnose,feature,en,restaurant-gift-card-design,/en/features/restaurant-gift-card-design,Restaurant Gift Card Design That Increases Sales & Customer Reach,2026-03-11,125,PATCH: 检查 SEO meta (title/desc/og) 是否合规; 评估是否在相关 tools 页交叉链接; push IndexNow
tierC-diagnose,feature,fr,restaurant-gift-card-design,/fr/features/restaurant-gift-card-design,Design de carte cadeau IA pour restaurant,2026-03-11,125,PATCH: 检查 SEO meta (title/desc/og) 是否合规; 评估是否在相关 tools 页交叉链接; push IndexNow
tierC-diagnose,feature,it,restaurant-gift-card-design,/it/features/restaurant-gift-card-design,Design gift card per ristoranti con IA: più vendite e clienti,2026-03-11,125,PATCH: 检查 SEO meta (title/desc/og) 是否合规; 评估是否在相关 tools 页交叉链接; push IndexNow
tierC-diagnose,feature,ja,restaurant-gift-card-design,/ja/features/restaurant-gift-card-design,売上と顧客を増やすレストランギフトカード,2026-03-11,125,PATCH: 检查 SEO meta (title/desc/og) 是否合规; 评估是否在相关 tools 页交叉链接; push IndexNow
tierC-diagnose,feature,ko,restaurant-gift-card-design,/ko/features/restaurant-gift-card-design,매출과 고객을 늘리는 레스토랑 기프트 카드 디자인,2026-03-11,125,PATCH: 检查 SEO meta (title/desc/og) 是否合规; 评估是否在相关 tools 页交叉链接; push IndexNow
tierC-diagnose,feature,pt,restaurant-gift-card-design,/pt/features/restaurant-gift-card-design,Design de Cartão-Presente com IA para Restaurante,2026-03-11,125,PATCH: 检查 SEO meta (title/desc/og) 是否合规; 评估是否在相关 tools 页交叉链接; push IndexNow
tierC-diagnose,feature,ru,restaurant-gift-card-design,/ru/features/restaurant-gift-card-design,Дизайн подарочных карт ресторана с ИИ Lovart,2026-03-11,125,PATCH: 检查 SEO meta (title/desc/og) 是否合规; 评估是否在相关 tools 页交叉链接; push IndexNow
tierC-diagnose,feature,de,restaurant-gift-card-design,/de/features/restaurant-gift-card-design,KI-Geschenkkarten-Design für mehr Umsatz & Reichweite,2026-03-11,125,PATCH: 检查 SEO meta (title/desc/og) 是否合规; 评估是否在相关 tools 页交叉链接; push IndexNow
tierC-diagnose,feature,en,ai-video-generator-workflow,/en/features/ai-video-generator-workflow,"AI Video Generator: Create Cinematic Videos with Sora 2, Veo 3 & Kling | Lovart",2026-03-12,124,PATCH: 检查 SEO meta (title/desc/og) 是否合规; 评估是否在相关 tools 页交叉链接; push IndexNow
tierC-diagnose,feature,de,anniversary-card-design,/de/features/anniversary-card-design,KI-Jubiläumskarten-Generator für Paare & Familien,2026-03-13,123,PATCH: 检查 SEO meta (title/desc/og) 是否合规; 评估是否在相关 tools 页交叉链接; push IndexNow
tierC-diagnose,feature,en,anniversary-card-design,/en/features/anniversary-card-design,AI Anniversary Card Maker for Couples & Families | Celebrate Your Love Story,2026-03-13,123,PATCH: 检查 SEO meta (title/desc/og) 是否合规; 评估是否在相关 tools 页交叉链接; push IndexNow
tierC-diagnose,feature,fr,anniversary-card-design,/fr/features/anniversary-card-design,Créez des cartes d’anniversaire IA pour couples et familles,2026-03-13,123,PATCH: 检查 SEO meta (title/desc/og) 是否合规; 评估是否在相关 tools 页交叉链接; push IndexNow
tierC-diagnose,feature,it,anniversary-card-design,/it/features/anniversary-card-design,Crea biglietti d’anniversario con IA per coppie e famiglie,2026-03-13,123,PATCH: 检查 SEO meta (title/desc/og) 是否合规; 评估是否在相关 tools 页交叉链接; push IndexNow
tierC-diagnose,feature,ja,anniversary-card-design,/ja/features/anniversary-card-design,カップルと家族のためのAI記念日カードメーカー,2026-03-13,123,PATCH: 检查 SEO meta (title/desc/og) 是否合规; 评估是否在相关 tools 页交叉链接; push IndexNow
tierC-diagnose,feature,ko,anniversary-card-design,/ko/features/anniversary-card-design,연인과 가족을 위한 AI 기념일 카드 | 러브스토리를 기념하세요,2026-03-13,123,PATCH: 检查 SEO meta (title/desc/og) 是否合规; 评估是否在相关 tools 页交叉链接; push IndexNow
tierC-diagnose,feature,pt,anniversary-card-design,/pt/features/anniversary-card-design,Criador de Cartões de Aniversário com IA para Casais e Famílias,2026-03-13,123,PATCH: 检查 SEO meta (title/desc/og) 是否合规; 评估是否在相关 tools 页交叉链接; push IndexNow
tierC-diagnose,feature,ru,anniversary-card-design,/ru/features/anniversary-card-design,ИИ-открытка к годовщине для пар и семей,2026-03-13,123,PATCH: 检查 SEO meta (title/desc/og) 是否合规; 评估是否在相关 tools 页交叉链接; push IndexNow
tierC-diagnose,feature,de,ai-meta-ads-generator,/de/features/ai-meta-ads-generator,KI-Meta-Anzeigengenerator: Erstelle hochkonvertierende Facebook- & Instagram-Creatives | Lovart,2026-03-14,122,PATCH: 检查 SEO meta (title/desc/og) 是否合规; 评估是否在相关 tools 页交叉链接; push IndexNow
tierC-diagnose,feature,en,ai-meta-ads-generator,/en/features/ai-meta-ads-generator,AI Meta Ads Generator: Create High-Converting Facebook & Instagram Creatives | Lovart,2026-03-14,122,PATCH: 检查 SEO meta (title/desc/og) 是否合规; 评估是否在相关 tools 页交叉链接; push IndexNow
tierC-diagnose,feature,fr,ai-meta-ads-generator,/fr/features/ai-meta-ads-generator,Générateur IA Meta Ads : créez des visuels performants | Lovart,2026-03-14,122,PATCH: 检查 SEO meta (title/desc/og) 是否合规; 评估是否在相关 tools 页交叉链接; push IndexNow
tierC-diagnose,feature,it,ai-meta-ads-generator,/it/features/ai-meta-ads-generator,Generatore IA di Meta Ads: Crea creatività vincenti per Facebook e Instagram | Lovart,2026-03-14,122,PATCH: 检查 SEO meta (title/desc/og) 是否合规; 评估是否在相关 tools 页交叉链接; push IndexNow
tierC-diagnose,feature,ja,ai-meta-ads-generator,/ja/features/ai-meta-ads-generator,LovartでAI広告生成：Facebook＆Instagram向け高コンバージョンクリエイティブ,2026-03-14,122,PATCH: 检查 SEO meta (title/desc/og) 是否合规; 评估是否在相关 tools 页交叉链接; push IndexNow
tierC-diagnose,feature,ko,ai-meta-ads-generator,/ko/features/ai-meta-ads-generator,로바트 AI 메타 광고: 페이스북·인스타 전환율 높은 소재 제작,2026-03-14,122,PATCH: 检查 SEO meta (title/desc/og) 是否合规; 评估是否在相关 tools 页交叉链接; push IndexNow
tierC-diagnose,feature,pt,ai-meta-ads-generator,/pt/features/ai-meta-ads-generator,Gerador de Anúncios com IA: Crie Criativos para Facebook e Instagram | Lovart,2026-03-14,122,PATCH: 检查 SEO meta (title/desc/og) 是否合规; 评估是否在相关 tools 页交叉链接; push IndexNow
tierC-diagnose,feature,ru,ai-meta-ads-generator,/ru/features/ai-meta-ads-generator,Генератор ИИ-креативов для Facebook и Instagram | Lovart,2026-03-14,122,PATCH: 检查 SEO meta (title/desc/og) 是否合规; 评估是否在相关 tools 页交叉链接; push IndexNow
tierC-diagnose,feature,en,ai-tiktok-thumbnail-maker,/en/features/ai-tiktok-thumbnail-maker,AI TikTok Thumbnail Maker: Create Viral Covers with High CTR | Lovart,2026-03-15,121,PATCH: 检查 SEO meta (title/desc/og) 是否合规; 评估是否在相关 tools 页交叉链接; push IndexNow
tierC-diagnose,feature,en,ai-product-display-generator,/en/features/ai-product-display-generator,AI Product Display Generator: Create Viral Social Media Photos | Lovart,2026-03-16,120,PATCH: 检查 SEO meta (title/desc/og) 是否合规; 评估是否在相关 tools 页交叉链接; push IndexNow
tierC-diagnose,feature,de,ai-twitter-x-post-generator,/de/features/ai-twitter-x-post-generator,KI-Twitter-Poster | Virale X-Grafiken & Memes – Lovart,2026-03-17,119,PATCH: 检查 SEO meta (title/desc/og) 是否合规; 评估是否在相关 tools 页交叉链接; push IndexNow
tierC-diagnose,feature,en,ai-twitter-x-post-generator,/en/features/ai-twitter-x-post-generator,AI Twitter Post Maker | Create Viral X Graphics & Memes - Lovart,2026-03-17,119,PATCH: 检查 SEO meta (title/desc/og) 是否合规; 评估是否在相关 tools 页交叉链接; push IndexNow
tierC-diagnose,feature,fr,ai-twitter-x-post-generator,/fr/features/ai-twitter-x-post-generator,Créez des posts viraux X avec l'IA Lovart,2026-03-17,119,PATCH: 检查 SEO meta (title/desc/og) 是否合规; 评估是否在相关 tools 页交叉链接; push IndexNow
tierC-diagnose,feature,it,ai-twitter-x-post-generator,/it/features/ai-twitter-x-post-generator,Crea post virali per X con IA | Lovart,2026-03-17,119,PATCH: 检查 SEO meta (title/desc/og) 是否合规; 评估是否在相关 tools 页交叉链接; push IndexNow
tierC-diagnose,feature,ja,ai-twitter-x-post-generator,/ja/features/ai-twitter-x-post-generator,AIで作る話題のX投稿画像＆ミーム - Lovart,2026-03-17,119,PATCH: 检查 SEO meta (title/desc/og) 是否合规; 评估是否在相关 tools 页交叉链接; push IndexNow
tierC-diagnose,feature,ko,ai-twitter-x-post-generator,/ko/features/ai-twitter-x-post-generator,AI 트위터 포스트 메이커 | 바이럴 X 그래픽 & 밈 제작 - Lovart,2026-03-17,119,PATCH: 检查 SEO meta (title/desc/og) 是否合规; 评估是否在相关 tools 页交叉链接; push IndexNow
tierC-diagnose,feature,pt,ai-twitter-x-post-generator,/pt/features/ai-twitter-x-post-generator,Criador de Posts com IA | Faça Gráficos Virais - Lovart,2026-03-17,119,PATCH: 检查 SEO meta (title/desc/og) 是否合规; 评估是否在相关 tools 页交叉链接; push IndexNow
tierC-diagnose,feature,ru,ai-twitter-x-post-generator,/ru/features/ai-twitter-x-post-generator,ИИ-постер для X | Вирусные мемы и графика — Lovart,2026-03-17,119,PATCH: 检查 SEO meta (title/desc/og) 是否合规; 评估是否在相关 tools 页交叉链接; push IndexNow
tierC-diagnose,tool,de,ai-poster-maker,/de/tools/ai-poster-maker,[DE] ai-poster-maker,2026-03-17,119,PATCH: 检查 SEO meta (title/desc/og) 是否合规; 评估是否在相关 tools 页交叉链接; push IndexNow
tierC-diagnose,tool,fr,ai-poster-maker,/fr/tools/ai-poster-maker,[FR] ai-poster-maker,2026-03-17,119,PATCH: 检查 SEO meta (title/desc/og) 是否合规; 评估是否在相关 tools 页交叉链接; push IndexNow
tierC-diagnose,tool,it,ai-poster-maker,/it/tools/ai-poster-maker,[IT] ai-poster-maker,2026-03-17,119,PATCH: 检查 SEO meta (title/desc/og) 是否合规; 评估是否在相关 tools 页交叉链接; push IndexNow
tierC-diagnose,tool,ja,ai-poster-maker,/ja/tools/ai-poster-maker,[JA] ai-poster-maker,2026-03-17,119,PATCH: 检查 SEO meta (title/desc/og) 是否合规; 评估是否在相关 tools 页交叉链接; push IndexNow
tierC-diagnose,tool,ko,ai-poster-maker,/ko/tools/ai-poster-maker,[KO] ai-poster-maker,2026-03-17,119,PATCH: 检查 SEO meta (title/desc/og) 是否合规; 评估是否在相关 tools 页交叉链接; push IndexNow
tierC-diagnose,tool,pt,ai-poster-maker,/pt/tools/ai-poster-maker,[PT] ai-poster-maker,2026-03-17,119,PATCH: 检查 SEO meta (title/desc/og) 是否合规; 评估是否在相关 tools 页交叉链接; push IndexNow
tierC-diagnose,tool,zh-TW,ai-poster-maker,/zh-TW/tools/ai-poster-maker,[ZH-TW] ai-poster-maker,2026-03-17,119,PATCH: 检查 SEO meta (title/desc/og) 是否合规; 评估是否在相关 tools 页交叉链接; push IndexNow
tierC-diagnose,feature,en,concert-poster-design,/en/features/concert-poster-design,Professional Concert Poster Design Made Simple,2026-03-18,118,PATCH: 检查 SEO meta (title/desc/og) 是否合规; 评估是否在相关 tools 页交叉链接; push IndexNow
tierC-diagnose,feature,ja,concert-poster-design,/ja/features/concert-poster-design,プロのコンサートポスター、簡単デザイン,2026-03-18,118,PATCH: 检查 SEO meta (title/desc/og) 是否合规; 评估是否在相关 tools 页交叉链接; push IndexNow
tierC-diagnose,feature,en,remove-video-background,/en/features/remove-video-background,AI Video Background Remover | Transparent Video Maker | Lovart,2026-03-19,117,PATCH: 检查 SEO meta (title/desc/og) 是否合规; 评估是否在相关 tools 页交叉链接; push IndexNow
tierC-diagnose,feature,fr,remove-video-background,/fr/features/remove-video-background,Supprimez l’arrière-plan vidéo avec IA | Lovart,2026-03-19,117,PATCH: 检查 SEO meta (title/desc/og) 是否合规; 评估是否在相关 tools 页交叉链接; push IndexNow
tierC-diagnose,feature,it,remove-video-background,/it/features/remove-video-background,Rimuovi sfondi video con IA | Lovart,2026-03-19,117,PATCH: 检查 SEO meta (title/desc/og) 是否合规; 评估是否在相关 tools 页交叉链接; push IndexNow
tierC-diagnose,feature,ja,remove-video-background,/ja/features/remove-video-background,Lovartで動画背景を透明に,2026-03-19,117,PATCH: 检查 SEO meta (title/desc/og) 是否合规; 评估是否在相关 tools 页交叉链接; push IndexNow
tierC-diagnose,feature,ko,remove-video-background,/ko/features/remove-video-background,AI 영상 배경 제거 | 투명 영상 제작 | Lovart,2026-03-19,117,PATCH: 检查 SEO meta (title/desc/og) 是否合规; 评估是否在相关 tools 页交叉链接; push IndexNow
tierC-diagnose,feature,pt,remove-video-background,/pt/features/remove-video-background,Removedor de Fundo de Vídeo com IA | Lovart,2026-03-19,117,PATCH: 检查 SEO meta (title/desc/og) 是否合规; 评估是否在相关 tools 页交叉链接; push IndexNow
tierC-diagnose,feature,ru,remove-video-background,/ru/features/remove-video-background,ИИ удалитель фона видео | Lovart,2026-03-19,117,PATCH: 检查 SEO meta (title/desc/og) 是否合规; 评估是否在相关 tools 页交叉链接; push IndexNow
tierC-diagnose,feature,de,remove-video-background,/de/features/remove-video-background,KI-Video-Hintergrundentferner | Transparenter Video Maker | Lovart,2026-03-19,117,PATCH: 检查 SEO meta (title/desc/og) 是否合规; 评估是否在相关 tools 页交叉链接; push IndexNow
tierC-diagnose,feature,en,real-estate-postcard-design,/en/features/real-estate-postcard-design,Professional Real Estate Postcard Design | Fast & High-Converting Direct Mail Marketing,2026-03-20,116,PATCH: 检查 SEO meta (title/desc/og) 是否合规; 评估是否在相关 tools 页交叉链接; push IndexNow
tierC-diagnose,feature,ja,real-estate-postcard-design,/ja/features/real-estate-postcard-design,プロ不動産はがきデザイン｜高反響ダイレクトメール,2026-03-20,116,PATCH: 检查 SEO meta (title/desc/og) 是否合规; 评估是否在相关 tools 页交叉链接; push IndexNow
tierC-diagnose,tool,de,hailuo-2-3-ai-video-generator,/de/tools/hailuo-2-3-ai-video-generator,Hailuo 2.3 AI-Videogenerator | Realistisches Bewegungsvideo | Lovart,2026-03-21,115,PATCH: 检查 SEO meta (title/desc/og) 是否合规; 评估是否在相关 tools 页交叉链接; push IndexNow
tierC-diagnose,tool,fr,hailuo-2-3-ai-video-generator,/fr/tools/hailuo-2-3-ai-video-generator,Générateur vidéo AI Hailuo 2.3 | Vidéo de mouvement réaliste | Lovart,2026-03-21,115,PATCH: 检查 SEO meta (title/desc/og) 是否合规; 评估是否在相关 tools 页交叉链接; push IndexNow
tierC-diagnose,tool,it,hailuo-2-3-ai-video-generator,/it/tools/hailuo-2-3-ai-video-generator,Generatore video AI Hailuo 2.3 | Video in movimento realistico | Lovart,2026-03-21,115,PATCH: 检查 SEO meta (title/desc/og) 是否合规; 评估是否在相关 tools 页交叉链接; push IndexNow
tierC-diagnose,tool,ja,hailuo-2-3-ai-video-generator,/ja/tools/hailuo-2-3-ai-video-generator,Hailuo 2.3 AI ビデオ ジェネレーター |リアルなモーションビデオ |ロヴァート,2026-03-21,115,PATCH: 检查 SEO meta (title/desc/og) 是否合规; 评估是否在相关 tools 页交叉链接; push IndexNow
tierC-diagnose,tool,ko,hailuo-2-3-ai-video-generator,/ko/tools/hailuo-2-3-ai-video-generator,Hailuo 2.3 AI 비디오 생성기 | 실감나는 모션 비디오 | 로바트,2026-03-21,115,PATCH: 检查 SEO meta (title/desc/og) 是否合规; 评估是否在相关 tools 页交叉链接; push IndexNow
tierC-diagnose,tool,pt,hailuo-2-3-ai-video-generator,/pt/tools/hailuo-2-3-ai-video-generator,Gerador de vídeo AI Hailuo 2.3 | Vídeo de movimento realista | Lovart,2026-03-21,115,PATCH: 检查 SEO meta (title/desc/og) 是否合规; 评估是否在相关 tools 页交叉链接; push IndexNow
tierC-diagnose,tool,ru,hailuo-2-3-ai-video-generator,/ru/tools/hailuo-2-3-ai-video-generator,Hailuo 2.3 AI-видеогенератор | Реалистичное видео | Ловарт,2026-03-21,115,PATCH: 检查 SEO meta (title/desc/og) 是否合规; 评估是否在相关 tools 页交叉链接; push IndexNow
tierC-diagnose,tool,zh-TW,hailuo-2-3-ai-video-generator,/zh-TW/tools/hailuo-2-3-ai-video-generator,海洛2.3 AI視訊產生器 |逼真的動態影片|洛瓦特,2026-03-21,115,PATCH: 检查 SEO meta (title/desc/og) 是否合规; 评估是否在相关 tools 页交叉链接; push IndexNow
tierC-diagnose,feature,en,ai-video-generator,/en/features/ai-video-generator,"AI Video Generator Tool: Create with Sora 2, Veo 3 & Kling | Lovart",2026-03-21,115,PATCH: 检查 SEO meta (title/desc/og) 是否合规; 评估是否在相关 tools 页交叉链接; push IndexNow
tierC-diagnose,feature,en,ai-video-generator-for-ads,/en/features/ai-video-generator-for-ads,AI Video Generator | Create Channel-Ready Video Ads | Lovart,2026-03-21,115,PATCH: 检查 SEO meta (title/desc/og) 是否合规; 评估是否在相关 tools 页交叉链接; push IndexNow
tierC-diagnose,feature,zh,ai-video-generator,/zh/features/ai-video-generator,AI 视频生成器 | 多模型视频广告创作 | Lovart,2026-03-21,115,PATCH: 检查 SEO meta (title/desc/og) 是否合规; 评估是否在相关 tools 页交叉链接; push IndexNow
tierC-diagnose,feature,fr,ai-video-generator,/fr/features/ai-video-generator,"Créez des vidéos IA avec Sora 2, Veo 3 & Kling | Lovart",2026-03-21,115,PATCH: 检查 SEO meta (title/desc/og) 是否合规; 评估是否在相关 tools 页交叉链接; push IndexNow
tierC-diagnose,feature,it,ai-video-generator,/it/features/ai-video-generator,"Generatore video IA: crea con Sora 2, Veo 3 & Kling | Lovart",2026-03-21,115,PATCH: 检查 SEO meta (title/desc/og) 是否合规; 评估是否在相关 tools 页交叉链接; push IndexNow
tierC-diagnose,feature,ja,ai-video-generator,/ja/features/ai-video-generator,Sora 2、Veo 3、Klingで動画生成｜Lovart,2026-03-21,115,PATCH: 检查 SEO meta (title/desc/og) 是否合规; 评估是否在相关 tools 页交叉链接; push IndexNow
tierC-diagnose,feature,ko,ai-video-generator,/ko/features/ai-video-generator,"소라2, 비오3, 클링으로 만드는 AI 영상 | Lovart",2026-03-21,115,PATCH: 检查 SEO meta (title/desc/og) 是否合规; 评估是否在相关 tools 页交叉链接; push IndexNow
tierC-diagnose,feature,pt,ai-video-generator,/pt/features/ai-video-generator,"Gerador de Vídeos com IA: Sora 2, Veo 3 & Kling | Lovart",2026-03-21,115,PATCH: 检查 SEO meta (title/desc/og) 是否合规; 评估是否在相关 tools 页交叉链接; push IndexNow
tierC-diagnose,feature,ru,ai-video-generator,/ru/features/ai-video-generator,"Генератор ИИ-видео: Sora 2, Veo 3, Kling | Lovart",2026-03-21,115,PATCH: 检查 SEO meta (title/desc/og) 是否合规; 评估是否在相关 tools 页交叉链接; push IndexNow
tierC-diagnose,feature,fr,gpt-image-generator-ai,/fr/features/gpt-image-generator-ai,Générateur d’images IA : créez diagrammes et art logique avec Lovart,2026-03-22,114,PATCH: 检查 SEO meta (title/desc/og) 是否合规; 评估是否在相关 tools 页交叉链接; push IndexNow
tierC-diagnose,feature,it,gpt-image-generator-ai,/it/features/gpt-image-generator-ai,Crea diagrammi complessi e arte IA con Lovart,2026-03-22,114,PATCH: 检查 SEO meta (title/desc/og) 是否合规; 评估是否在相关 tools 页交叉链接; push IndexNow
tierC-diagnose,feature,ja,gpt-image-generator-ai,/ja/features/gpt-image-generator-ai,GPT画像生成：複雑な図解と論理駆動のAIアート | Lovart,2026-03-22,114,PATCH: 检查 SEO meta (title/desc/og) 是否合规; 评估是否在相关 tools 页交叉链接; push IndexNow
tierC-diagnose,feature,ko,gpt-image-generator-ai,/ko/features/gpt-image-generator-ai,복잡한 다이어그램 & AI 아트 생성 | Lovart,2026-03-22,114,PATCH: 检查 SEO meta (title/desc/og) 是否合规; 评估是否在相关 tools 页交叉链接; push IndexNow
tierC-diagnose,feature,pt,gpt-image-generator-ai,/pt/features/gpt-image-generator-ai,Gerador de Imagens com IA: Diagramas e Arte Lógica | Lovart,2026-03-22,114,PATCH: 检查 SEO meta (title/desc/og) 是否合规; 评估是否在相关 tools 页交叉链接; push IndexNow
tierC-diagnose,feature,ru,gpt-image-generator-ai,/ru/features/gpt-image-generator-ai,Генератор изображений ИИ: схемы и логика в искусстве | Lovart,2026-03-22,114,PATCH: 检查 SEO meta (title/desc/og) 是否合规; 评估是否在相关 tools 页交叉链接; push IndexNow
tierC-diagnose,feature,de,gpt-image-generator-ai,/de/features/gpt-image-generator-ai,KI-Bildgenerator: Komplexe Diagramme & logikbasierte KI-Kunst | Lovart,2026-03-22,114,PATCH: 检查 SEO meta (title/desc/og) 是否合规; 评估是否在相关 tools 页交叉链接; push IndexNow
tierC-diagnose,feature,en,gpt-image-generator-ai,/en/features/gpt-image-generator-ai,GPT Image Generator: Create Complex Diagrams & Logic-Driven AI Art | Lovart,2026-03-22,114,PATCH: 检查 SEO meta (title/desc/og) 是否合规; 评估是否在相关 tools 页交叉链接; push IndexNow
tierC-diagnose,tool,de,seedance-2-ai-video-generator,/de/tools/seedance-2-ai-video-generator,Seedance 2.0 KI-Videogenerator | Kommerzielles Produktvideo | Lovart,2026-03-22,114,PATCH: 检查 SEO meta (title/desc/og) 是否合规; 评估是否在相关 tools 页交叉链接; push IndexNow
tierC-diagnose,tool,fr,seedance-2-ai-video-generator,/fr/tools/seedance-2-ai-video-generator,Générateur vidéo AI Seedance 2.0 | Vidéo du produit commercial | Lovart,2026-03-22,114,PATCH: 检查 SEO meta (title/desc/og) 是否合规; 评估是否在相关 tools 页交叉链接; push IndexNow
tierC-diagnose,tool,it,seedance-2-ai-video-generator,/it/tools/seedance-2-ai-video-generator,Generatore video AI Seedance 2.0 | Video del prodotto commerciale | Lovart,2026-03-22,114,PATCH: 检查 SEO meta (title/desc/og) 是否合规; 评估是否在相关 tools 页交叉链接; push IndexNow
tierC-diagnose,tool,ja,seedance-2-ai-video-generator,/ja/tools/seedance-2-ai-video-generator,Seedance 2.0 AI ビデオ ジェネレーター |商用製品ビデオ |ロヴァート,2026-03-22,114,PATCH: 检查 SEO meta (title/desc/og) 是否合规; 评估是否在相关 tools 页交叉链接; push IndexNow
tierC-diagnose,tool,ko,seedance-2-ai-video-generator,/ko/tools/seedance-2-ai-video-generator,Seedance 2.0 AI 비디오 생성기 | 상용 제품 비디오 | 로바트,2026-03-22,114,PATCH: 检查 SEO meta (title/desc/og) 是否合规; 评估是否在相关 tools 页交叉链接; push IndexNow
tierC-diagnose,tool,pt,seedance-2-ai-video-generator,/pt/tools/seedance-2-ai-video-generator,Gerador de vídeo AI Seedance 2.0 | Vídeo de produto comercial | Lovart,2026-03-22,114,PATCH: 检查 SEO meta (title/desc/og) 是否合规; 评估是否在相关 tools 页交叉链接; push IndexNow
tierC-diagnose,tool,ru,seedance-2-ai-video-generator,/ru/tools/seedance-2-ai-video-generator,Seedance 2.0 AI-видеогенератор | Видео о коммерческом продукте | Ловарт,2026-03-22,114,PATCH: 检查 SEO meta (title/desc/og) 是否合规; 评估是否在相关 tools 页交叉链接; push IndexNow
tierC-diagnose,tool,zh,seedance-2-ai-video-generator,/zh/tools/seedance-2-ai-video-generator,Seedance 2.0 AI 视频生成器 |商业产品视频|洛瓦特,2026-03-22,114,PATCH: 检查 SEO meta (title/desc/og) 是否合规; 评估是否在相关 tools 页交叉链接; push IndexNow
tierC-diagnose,tool,zh-TW,seedance-2-ai-video-generator,/zh-TW/tools/seedance-2-ai-video-generator,Seedance 2.0 AI 影片產生器 |商業產品影片|洛瓦特,2026-03-22,114,PATCH: 检查 SEO meta (title/desc/og) 是否合规; 评估是否在相关 tools 页交叉链接; push IndexNow
tierC-diagnose,feature,de,ai-subscription-fatigue-utility,/de/features/ai-subscription-fatigue-utility,Warum Kreative KI-Abos für Lovarts Design-Agent kündigen,2026-03-23,113,PATCH: 检查 SEO meta (title/desc/og) 是否合规; 评估是否在相关 tools 页交叉链接; push IndexNow
tierC-diagnose,feature,en,ai-subscription-fatigue-utility,/en/features/ai-subscription-fatigue-utility,Why Creators Cancel AI Subscriptions for Lovart's Design Agent,2026-03-23,113,PATCH: 检查 SEO meta (title/desc/og) 是否合规; 评估是否在相关 tools 页交叉链接; push IndexNow
tierC-diagnose,feature,fr,ai-subscription-fatigue-utility,/fr/features/ai-subscription-fatigue-utility,Pourquoi les créateurs annulent l'abonnement IA à Lovart,2026-03-23,113,PATCH: 检查 SEO meta (title/desc/og) 是否合规; 评估是否在相关 tools 页交叉链接; push IndexNow
tierC-diagnose,feature,it,ai-subscription-fatigue-utility,/it/features/ai-subscription-fatigue-utility,Perché i creator cancellano gli abbonamenti IA a Lovart,2026-03-23,113,PATCH: 检查 SEO meta (title/desc/og) 是否合规; 评估是否在相关 tools 页交叉链接; push IndexNow
tierC-diagnose,feature,ja,ai-subscription-fatigue-utility,/ja/features/ai-subscription-fatigue-utility,クリエイターがLovartのデザインエージェントを解約する理由,2026-03-23,113,PATCH: 检查 SEO meta (title/desc/og) 是否合规; 评估是否在相关 tools 页交叉链接; push IndexNow
tierC-diagnose,feature,ko,ai-subscription-fatigue-utility,/ko/features/ai-subscription-fatigue-utility,크리에이터들이 Lovart 디자인 에이전트 AI 구독을 해지하는 이유,2026-03-23,113,PATCH: 检查 SEO meta (title/desc/og) 是否合规; 评估是否在相关 tools 页交叉链接; push IndexNow
tierC-diagnose,feature,pt,ai-subscription-fatigue-utility,/pt/features/ai-subscription-fatigue-utility,Por que criadores cancelam assinaturas de IA do Agente de Design da Lovart,2026-03-23,113,PATCH: 检查 SEO meta (title/desc/og) 是否合规; 评估是否在相关 tools 页交叉链接; push IndexNow
tierC-diagnose,feature,ru,ai-subscription-fatigue-utility,/ru/features/ai-subscription-fatigue-utility,Почему создатели отменяют подписки на ИИ-агента Lovart,2026-03-23,113,PATCH: 检查 SEO meta (title/desc/og) 是否合规; 评估是否在相关 tools 页交叉链接; push IndexNow
tierC-diagnose,feature,ja,food-poster-design,/ja/features/food-poster-design,魅力的な飲食店ポスターで売上向上,2026-03-24,112,PATCH: 检查 SEO meta (title/desc/og) 是否合规; 评估是否在相关 tools 页交叉链接; push IndexNow
tierC-diagnose,feature,zh-TW,food-poster-design,/zh-TW/features/food-poster-design,吸睛美食廣告海報｜AI餐廳海報設計提升業績,2026-03-24,112,PATCH: 检查 SEO meta (title/desc/og) 是否合规; 评估是否在相关 tools 页交叉链接; push IndexNow
tierC-diagnose,feature,fr,food-truck-wrap-design,/fr/features/food-truck-wrap-design,Des wraps food truck qui attirent plus de clients | Lovart IA,2026-03-25,111,PATCH: 检查 SEO meta (title/desc/og) 是否合规; 评估是否在相关 tools 页交叉链接; push IndexNow
tierC-diagnose,feature,it,food-truck-wrap-design,/it/features/food-truck-wrap-design,Design di furgoni cibo con IA per più clienti | Lovart,2026-03-25,111,PATCH: 检查 SEO meta (title/desc/og) 是否合规; 评估是否在相关 tools 页交叉链接; push IndexNow
tierC-diagnose,feature,ja,food-truck-wrap-design,/ja/features/food-truck-wrap-design,フードトラックのラッピングデザインで集客と予約を増やす方法 | Lovart AI,2026-03-25,111,PATCH: 检查 SEO meta (title/desc/og) 是否合规; 评估是否在相关 tools 页交叉链接; push IndexNow
tierC-diagnose,feature,ko,food-truck-wrap-design,/ko/features/food-truck-wrap-design,"맛집 푸드트럭 랩 디자인, 고객 유치 비법 | Lovart AI",2026-03-25,111,PATCH: 检查 SEO meta (title/desc/og) 是否合规; 评估是否在相关 tools 页交叉链接; push IndexNow
tierC-diagnose,feature,pt,food-truck-wrap-design,/pt/features/food-truck-wrap-design,Designs de Food Truck com IA para Atrair Clientes | Lovart,2026-03-25,111,PATCH: 检查 SEO meta (title/desc/og) 是否合规; 评估是否在相关 tools 页交叉链接; push IndexNow
tierC-diagnose,feature,ru,food-truck-wrap-design,/ru/features/food-truck-wrap-design,Дизайн фудтраков на ИИ: больше клиентов и заказов | Lovart,2026-03-25,111,PATCH: 检查 SEO meta (title/desc/og) 是否合规; 评估是否在相关 tools 页交叉链接; push IndexNow
tierC-diagnose,feature,de,food-truck-wrap-design,/de/features/food-truck-wrap-design,Lovart KI: Food-Truck-Designs für mehr Kunden und Buchungen,2026-03-25,111,PATCH: 检查 SEO meta (title/desc/og) 是否合规; 评估是否在相关 tools 页交叉链接; push IndexNow
tierC-diagnose,feature,en,food-truck-wrap-design,/en/features/food-truck-wrap-design,Food Truck Wrap Designs That Win More Customers and Bookings | Lovart AI,2026-03-25,111,PATCH: 检查 SEO meta (title/desc/og) 是否合规; 评估是否在相关 tools 页交叉链接; push IndexNow
tierC-diagnose,tool,zh,flux-ai-image-generator,/zh/tools/flux-ai-image-generator,Flux AI 图像生成器 |高品质AI图像创作 |洛瓦特,2026-03-25,111,PATCH: 检查 SEO meta (title/desc/og) 是否合规; 评估是否在相关 tools 页交叉链接; push IndexNow
tierC-diagnose,tool,zh-TW,flux-ai-image-generator,/zh-TW/tools/flux-ai-image-generator,Flux AI 影像產生器 |高品質AI影像創作 |洛瓦特,2026-03-25,111,PATCH: 检查 SEO meta (title/desc/og) 是否合规; 评估是否在相关 tools 页交叉链接; push IndexNow
tierC-diagnose,feature,en,leonardo-ai-alternative,/en/features/leonardo-ai-alternative,The Ultimate Leonardo AI Alternative: Dominate Design with Nano Banana Pro,2026-03-26,110,PATCH: 检查 SEO meta (title/desc/og) 是否合规; 评估是否在相关 tools 页交叉链接; push IndexNow
tierC-diagnose,feature,fr,leonardo-ai-alternative,/fr/features/leonardo-ai-alternative,L'alternative IA ultime à Leonardo : dominez le design avec Nano Banana Pro,2026-03-26,110,PATCH: 检查 SEO meta (title/desc/og) 是否合规; 评估是否在相关 tools 页交叉链接; push IndexNow
tierC-diagnose,feature,it,leonardo-ai-alternative,/it/features/leonardo-ai-alternative,L'alternativa definitiva a Leonardo IA: domina il design con Nano Banana Pro,2026-03-26,110,PATCH: 检查 SEO meta (title/desc/og) 是否合规; 评估是否在相关 tools 页交叉链接; push IndexNow
tierC-diagnose,feature,ja,leonardo-ai-alternative,/ja/features/leonardo-ai-alternative,究極のAIデザイン代替：Nano Banana Proで創造を制す,2026-03-26,110,PATCH: 检查 SEO meta (title/desc/og) 是否合规; 评估是否在相关 tools 页交叉链接; push IndexNow
tierC-diagnose,feature,ko,leonardo-ai-alternative,/ko/features/leonardo-ai-alternative,나노 바나나 프로: 레오나르도 AI의 최강 대안,2026-03-26,110,PATCH: 检查 SEO meta (title/desc/og) 是否合规; 评估是否在相关 tools 页交叉链接; push IndexNow
tierC-diagnose,feature,pt,leonardo-ai-alternative,/pt/features/leonardo-ai-alternative,A Alternativa Definitiva ao Leonardo IA: Domine o Design com Nano Banana Pro,2026-03-26,110,PATCH: 检查 SEO meta (title/desc/og) 是否合规; 评估是否在相关 tools 页交叉链接; push IndexNow
tierC-diagnose,feature,ru,leonardo-ai-alternative,/ru/features/leonardo-ai-alternative,Лучшая альтернатива Leonardo AI: дизайн с Nano Banana Pro,2026-03-26,110,PATCH: 检查 SEO meta (title/desc/og) 是否合规; 评估是否在相关 tools 页交叉链接; push IndexNow
tierC-diagnose,feature,de,leonardo-ai-alternative,/de/features/leonardo-ai-alternative,Die ultimative Leonardo KI-Alternative: Design dominieren mit Nano Banana Pro,2026-03-26,110,PATCH: 检查 SEO meta (title/desc/og) 是否合规; 评估是否在相关 tools 页交叉链接; push IndexNow
tierC-diagnose,feature,fr,free-online-tool,/fr/features/free-online-tool,Outil de design IA gratuit Nano Banana | Résultats pro sans abonnement,2026-03-27,109,PATCH: 检查 SEO meta (title/desc/og) 是否合规; 评估是否在相关 tools 页交叉链接; push IndexNow
tierC-diagnose,feature,it,free-online-tool,/it/features/free-online-tool,"Crea design professionali gratis con IA, senza abbonamenti",2026-03-27,109,PATCH: 检查 SEO meta (title/desc/og) 是否合规; 评估是否在相关 tools 页交叉链接; push IndexNow
tierC-diagnose,feature,ja,free-online-tool,/ja/features/free-online-tool,ナノバナナ無料デザインツール｜サブスク不要でプロ級,2026-03-27,109,PATCH: 检查 SEO meta (title/desc/og) 是否合规; 评估是否在相关 tools 页交叉链接; push IndexNow
tierC-diagnose,feature,ko,free-online-tool,/ko/features/free-online-tool,나노 바나나 무료 온라인 디자인 도구 | Lovart 구독 없이 전문가 결과,2026-03-27,109,PATCH: 检查 SEO meta (title/desc/og) 是否合规; 评估是否在相关 tools 页交叉链接; push IndexNow
tierC-diagnose,feature,pt,free-online-tool,/pt/features/free-online-tool,Ferramenta de Design Online Grátis com IA | Resultados Profissionais,2026-03-27,109,PATCH: 检查 SEO meta (title/desc/og) 是否合规; 评估是否在相关 tools 页交叉链接; push IndexNow
tierC-diagnose,feature,ru,free-online-tool,/ru/features/free-online-tool,Бесплатный ИИ-дизайн Lovart: профессионально без подписок,2026-03-27,109,PATCH: 检查 SEO meta (title/desc/og) 是否合规; 评估是否在相关 tools 页交叉链接; push IndexNow
tierC-diagnose,feature,de,free-online-tool,/de/features/free-online-tool,Nano Banana – Kostenloses KI-Design-Tool für Profi-Ergebnisse ohne Abo,2026-03-27,109,PATCH: 检查 SEO meta (title/desc/og) 是否合规; 评估是否在相关 tools 页交叉链接; push IndexNow
tierC-diagnose,feature,fr,real-estate-logo-design,/fr/features/real-estate-logo-design,Logo immobilier professionnel IA | Créez votre identité de marque,2026-03-28,108,PATCH: 检查 SEO meta (title/desc/og) 是否合规; 评估是否在相关 tools 页交叉链接; push IndexNow
tierC-diagnose,feature,it,real-estate-logo-design,/it/features/real-estate-logo-design,Crea loghi immobiliari professionali con IA,2026-03-28,108,PATCH: 检查 SEO meta (title/desc/og) 是否合规; 评估是否在相关 tools 页交叉链接; push IndexNow
tierC-diagnose,feature,ja,real-estate-logo-design,/ja/features/real-estate-logo-design,プロ不動産ロゴ制作｜個性際立つブランド設計,2026-03-28,108,PATCH: 检查 SEO meta (title/desc/og) 是否合规; 评估是否在相关 tools 页交叉链接; push IndexNow
tierC-diagnose,feature,ko,real-estate-logo-design,/ko/features/real-estate-logo-design,부동산 로고 디자인 전문 | Lovart 독창적 브랜드,2026-03-28,108,PATCH: 检查 SEO meta (title/desc/og) 是否合规; 评估是否在相关 tools 页交叉链接; push IndexNow
tierC-diagnose,feature,pt,real-estate-logo-design,/pt/features/real-estate-logo-design,Crie Logos Imobiliários Profissionais com IA,2026-03-28,108,PATCH: 检查 SEO meta (title/desc/og) 是否合规; 评估是否在相关 tools 页交叉链接; push IndexNow
tierC-diagnose,feature,ru,real-estate-logo-design,/ru/features/real-estate-logo-design,Профессиональный логотип недвижимости | Бренд риелтора с ИИ,2026-03-28,108,PATCH: 检查 SEO meta (title/desc/og) 是否合规; 评估是否在相关 tools 页交叉链接; push IndexNow
tierC-diagnose,feature,de,real-estate-logo-design,/de/features/real-estate-logo-design,Professionelles Immobilien-Logo-Design mit KI | Einzigartige Markenidentitäten für Makler,2026-03-28,108,PATCH: 检查 SEO meta (title/desc/og) 是否合规; 评估是否在相关 tools 页交叉链接; push IndexNow
tierC-diagnose,tool,en,ai-background-remover,/en/tools/ai-background-remover,AI Background Remover | Remove Image Backgrounds in Seconds | Lovart,2026-03-28,108,PATCH: 检查 SEO meta (title/desc/og) 是否合规; 评估是否在相关 tools 页交叉链接; push IndexNow
tierC-diagnose,feature,en,text-to-video-ai,/en/features/text-to-video-ai,"AI Text-to-Video Generator: Create with Sora 2, Veo 3 & Kling | Lovart",2026-03-29,107,PATCH: 检查 SEO meta (title/desc/og) 是否合规; 评估是否在相关 tools 页交叉链接; push IndexNow
tierC-diagnose,feature,fr,text-to-video-ai,/fr/features/text-to-video-ai,"Générateur IA texte-vidéo : Sora 2, Veo 3 & Kling | Lovart",2026-03-29,107,PATCH: 检查 SEO meta (title/desc/og) 是否合规; 评估是否在相关 tools 页交叉链接; push IndexNow
tierC-diagnose,feature,it,text-to-video-ai,/it/features/text-to-video-ai,"Generatore video IA: crea con Sora 2, Veo 3 & Kling | Lovart",2026-03-29,107,PATCH: 检查 SEO meta (title/desc/og) 是否合规; 评估是否在相关 tools 页交叉链接; push IndexNow
tierC-diagnose,feature,ja,text-to-video-ai,/ja/features/text-to-video-ai,Sora 2、Veo 3、Klingで動画生成｜Lovart,2026-03-29,107,PATCH: 检查 SEO meta (title/desc/og) 是否合规; 评估是否在相关 tools 页交叉链接; push IndexNow
tierC-diagnose,feature,ko,text-to-video-ai,/ko/features/text-to-video-ai,"AI 텍스트-비디오 생성기: Sora 2, Veo 3 & Kling | Lovart",2026-03-29,107,PATCH: 检查 SEO meta (title/desc/og) 是否合规; 评估是否在相关 tools 页交叉链接; push IndexNow
tierC-diagnose,feature,pt,text-to-video-ai,/pt/features/text-to-video-ai,"Gerador de Vídeo com IA: Crie com Sora 2, Veo 3 & Kling | Lovart",2026-03-29,107,PATCH: 检查 SEO meta (title/desc/og) 是否合规; 评估是否在相关 tools 页交叉链接; push IndexNow
tierC-diagnose,feature,ru,text-to-video-ai,/ru/features/text-to-video-ai,"ИИ-генератор видео: Sora 2, Veo 3, Kling | Lovart",2026-03-29,107,PATCH: 检查 SEO meta (title/desc/og) 是否合规; 评估是否在相关 tools 页交叉链接; push IndexNow
tierC-diagnose,feature,de,text-to-video-ai,/de/features/text-to-video-ai,"KI-Text-zu-Video: Erstelle mit Sora 2, Veo 3 & Kling | Lovart",2026-03-29,107,PATCH: 检查 SEO meta (title/desc/og) 是否合规; 评估是否在相关 tools 页交叉链接; push IndexNow
tierC-diagnose,feature,zh-TW,ai-youtube-banner-maker,/zh-TW/features/ai-youtube-banner-maker,Lovart YouTube橫幅產生器：打造完美頻道封面,2026-03-30,106,PATCH: 检查 SEO meta (title/desc/og) 是否合规; 评估是否在相关 tools 页交叉链接; push IndexNow
tierC-diagnose,feature,ja,album-cover-design,/ja/features/album-cover-design,ミュージシャン向けAIアルバムデザイン,2026-03-31,105,PATCH: 检查 SEO meta (title/desc/og) 是否合规; 评估是否在相关 tools 页交叉链接; push IndexNow
tierC-diagnose,feature,zh-TW,album-cover-design,/zh-TW/features/album-cover-design,專業AI專輯封面設計，音樂人必備｜Lovart,2026-03-31,105,PATCH: 检查 SEO meta (title/desc/og) 是否合规; 评估是否在相关 tools 页交叉链接; push IndexNow
tierC-diagnose,feature,de,amazon-listing-design-optimization,/de/features/amazon-listing-design-optimization,KI-Design für Amazon: Bilder & Listings optimieren,2026-04-01,104,PATCH: 检查 SEO meta (title/desc/og) 是否合规; 评估是否在相关 tools 页交叉链接; push IndexNow
tierC-diagnose,feature,en,amazon-listing-design-optimization,/en/features/amazon-listing-design-optimization,Amazon Listing Design & Image Optimization,2026-04-01,104,PATCH: 检查 SEO meta (title/desc/og) 是否合规; 评估是否在相关 tools 页交叉链接; push IndexNow
tierC-diagnose,feature,fr,amazon-listing-design-optimization,/fr/features/amazon-listing-design-optimization,Optimisation d'images et design IA pour Amazon,2026-04-01,104,PATCH: 检查 SEO meta (title/desc/og) 是否合规; 评估是否在相关 tools 页交叉链接; push IndexNow
tierC-diagnose,feature,it,amazon-listing-design-optimization,/it/features/amazon-listing-design-optimization,Design ottimale per Amazon con IA,2026-04-01,104,PATCH: 检查 SEO meta (title/desc/og) 是否合规; 评估是否在相关 tools 页交叉链接; push IndexNow
tierC-diagnose,feature,ja,amazon-listing-design-optimization,/ja/features/amazon-listing-design-optimization,Amazon出品画像の最適化デザイン,2026-04-01,104,PATCH: 检查 SEO meta (title/desc/og) 是否合规; 评估是否在相关 tools 页交叉链接; push IndexNow
tierC-diagnose,feature,ko,amazon-listing-design-optimization,/ko/features/amazon-listing-design-optimization,아마존 리스팅 디자인 & 이미지 최적화,2026-04-01,104,PATCH: 检查 SEO meta (title/desc/og) 是否合规; 评估是否在相关 tools 页交叉链接; push IndexNow
tierC-diagnose,feature,pt,amazon-listing-design-optimization,/pt/features/amazon-listing-design-optimization,Design de Listagens Amazon e Otimização de Imagens com IA,2026-04-01,104,PATCH: 检查 SEO meta (title/desc/og) 是否合规; 评估是否在相关 tools 页交叉链接; push IndexNow
tierC-diagnose,feature,ru,amazon-listing-design-optimization,/ru/features/amazon-listing-design-optimization,Оптимизация изображений и дизайн для Amazon,2026-04-01,104,PATCH: 检查 SEO meta (title/desc/og) 是否合规; 评估是否在相关 tools 页交叉链接; push IndexNow
tierC-diagnose,feature,en,restaurant_menu_design,/en/features/restaurant_menu_design,Professional Restaurant Menu Design Made Simple,2026-04-02,103,PATCH: 检查 SEO meta (title/desc/og) 是否合规; 评估是否在相关 tools 页交叉链接; push IndexNow
tierC-diagnose,tool,pt,mobile-ai-design,/pt/tools/mobile-ai-design,[PT] Mobile AI Design App — Create on the Go | Lovart,2026-04-02,103,PATCH: 检查 SEO meta (title/desc/og) 是否合规; 评估是否在相关 tools 页交叉链接; push IndexNow
tierC-diagnose,tool,ru,mobile-ai-design,/ru/tools/mobile-ai-design,[RU] Mobile AI Design App — Create on the Go | Lovart,2026-04-02,103,PATCH: 检查 SEO meta (title/desc/og) 是否合规; 评估是否在相关 tools 页交叉链接; push IndexNow
tierC-diagnose,tool,zh-TW,mobile-ai-design,/zh-TW/tools/mobile-ai-design,[ZH-TW] Mobile AI Design App — Create on the Go | Lovart,2026-04-02,103,PATCH: 检查 SEO meta (title/desc/og) 是否合规; 评估是否在相关 tools 页交叉链接; push IndexNow
tierC-diagnose,feature,de,ai-mockup-generator,/de/features/ai-mockup-generator,KI-Mockup-Generator: Erstelle fotorealistische Produktszenen | Lovart,2026-04-03,102,PATCH: 检查 SEO meta (title/desc/og) 是否合规; 评估是否在相关 tools 页交叉链接; push IndexNow
tierC-diagnose,feature,en,ai-mockup-generator,/en/features/ai-mockup-generator,AI Mockup Generator: Create Photorealistic Product Scenes | Lovart,2026-04-03,102,PATCH: 检查 SEO meta (title/desc/og) 是否合规; 评估是否在相关 tools 页交叉链接; push IndexNow
tierC-diagnose,feature,fr,ai-mockup-generator,/fr/features/ai-mockup-generator,Générateur de maquettes IA : créez des scènes réalistes | Lovart,2026-04-03,102,PATCH: 检查 SEO meta (title/desc/og) 是否合规; 评估是否在相关 tools 页交叉链接; push IndexNow
tierC-diagnose,feature,it,ai-mockup-generator,/it/features/ai-mockup-generator,Generatore di mockup IA: scene prodotto fotorealistiche | Lovart,2026-04-03,102,PATCH: 检查 SEO meta (title/desc/og) 是否合规; 评估是否在相关 tools 页交叉链接; push IndexNow
tierC-diagnose,feature,ko,ai-mockup-generator,/ko/features/ai-mockup-generator,AI 목업 생성기: 포토리얼리스틱 제품 씬 제작 | Lovart,2026-04-03,102,PATCH: 检查 SEO meta (title/desc/og) 是否合规; 评估是否在相关 tools 页交叉链接; push IndexNow
tierC-diagnose,feature,pt,ai-mockup-generator,/pt/features/ai-mockup-generator,Gerador de Mockups com IA: Crie Cenas Realistas | Lovart,2026-04-03,102,PATCH: 检查 SEO meta (title/desc/og) 是否合规; 评估是否在相关 tools 页交叉链接; push IndexNow
tierC-diagnose,feature,ru,ai-mockup-generator,/ru/features/ai-mockup-generator,Генератор мокапов ИИ: фотореалистичные сцены | Lovart,2026-04-03,102,PATCH: 检查 SEO meta (title/desc/og) 是否合规; 评估是否在相关 tools 页交叉链接; push IndexNow
tierC-diagnose,feature,ja,food-recipe-card-design,/ja/features/food-recipe-card-design,AIで美しいレシピカード作成　わかりやすい料理手順｜Lovart,2026-04-04,101,PATCH: 检查 SEO meta (title/desc/og) 是否合规; 评估是否在相关 tools 页交叉链接; push IndexNow
tierC-diagnose,feature,zh-TW,food-recipe-card-design,/zh-TW/features/food-recipe-card-design,用AI設計精美食譜卡，清晰專業的烹飪步驟 | Lovart,2026-04-04,101,PATCH: 检查 SEO meta (title/desc/og) 是否合规; 评估是否在相关 tools 页交叉链接; push IndexNow
tierC-diagnose,feature,de,ai-bakery-menu-maker,/de/features/ai-bakery-menu-maker,KI-Bäckerei-Menü-Design: Erstelle Speisekarten & Preise | Lovart,2026-04-06,99,PATCH: 检查 SEO meta (title/desc/og) 是否合规; 评估是否在相关 tools 页交叉链接; push IndexNow
tierC-diagnose,feature,en,ai-bakery-menu-maker,/en/features/ai-bakery-menu-maker,AI Bakery Menu Design Agent: Create Menus & Price Lists | Lovart,2026-04-06,99,PATCH: 检查 SEO meta (title/desc/og) 是否合规; 评估是否在相关 tools 页交叉链接; push IndexNow
tierC-diagnose,feature,fr,ai-bakery-menu-maker,/fr/features/ai-bakery-menu-maker,Agent IA de design de menus de boulangerie | Lovart,2026-04-06,99,PATCH: 检查 SEO meta (title/desc/og) 是否合规; 评估是否在相关 tools 页交叉链接; push IndexNow
tierC-diagnose,feature,it,ai-bakery-menu-maker,/it/features/ai-bakery-menu-maker,Crea menu e listini prezzi con l’agente IA di Lovart,2026-04-06,99,PATCH: 检查 SEO meta (title/desc/og) 是否合规; 评估是否在相关 tools 页交叉链接; push IndexNow
tierC-diagnose,feature,ja,ai-bakery-menu-maker,/ja/features/ai-bakery-menu-maker,LovartのAIベーカリーメニュー作成ツール,2026-04-06,99,PATCH: 检查 SEO meta (title/desc/og) 是否合规; 评估是否在相关 tools 页交叉链接; push IndexNow
tierC-diagnose,feature,ko,ai-bakery-menu-maker,/ko/features/ai-bakery-menu-maker,러바트 AI 메뉴 디자인: 메뉴·가격표 제작,2026-04-06,99,PATCH: 检查 SEO meta (title/desc/og) 是否合规; 评估是否在相关 tools 页交叉链接; push IndexNow
tierC-diagnose,feature,pt,ai-bakery-menu-maker,/pt/features/ai-bakery-menu-maker,Agente de Design de Menu com IA | Lovart,2026-04-06,99,PATCH: 检查 SEO meta (title/desc/og) 是否合规; 评估是否在相关 tools 页交叉链接; push IndexNow
tierC-diagnose,feature,ru,ai-bakery-menu-maker,/ru/features/ai-bakery-menu-maker,ИИ-дизайнер меню для пекарни | Lovart,2026-04-06,99,PATCH: 检查 SEO meta (title/desc/og) 是否合规; 评估是否在相关 tools 页交叉链接; push IndexNow
tierC-diagnose,feature,en,ai-affiliate-ads-generator,/en/features/ai-affiliate-ads-generator,AI Affiliate Ad Generator: Create High-CTR Ads Instantly | Lovart,2026-04-07,98,PATCH: 检查 SEO meta (title/desc/og) 是否合规; 评估是否在相关 tools 页交叉链接; push IndexNow
tierC-diagnose,feature,de,ai-design-agent,/de/features/ai-design-agent,KI-Design-Agent: Autonomes Branding & kreativer Workflow | Lovart,2026-04-08,97,PATCH: 检查 SEO meta (title/desc/og) 是否合规; 评估是否在相关 tools 页交叉链接; push IndexNow
tierC-diagnose,feature,fr,ai-design-agent,/fr/features/ai-design-agent,Agent IA Lovart : branding et workflow créatif autonome,2026-04-08,97,PATCH: 检查 SEO meta (title/desc/og) 是否合规; 评估是否在相关 tools 页交叉链接; push IndexNow
tierC-diagnose,feature,it,ai-design-agent,/it/features/ai-design-agent,Agente IA Lovart: branding autonomo e flusso creativo,2026-04-08,97,PATCH: 检查 SEO meta (title/desc/og) 是否合规; 评估是否在相关 tools 页交叉链接; push IndexNow
tierC-diagnose,feature,ja,ai-design-agent,/ja/features/ai-design-agent,AIデザインエージェント：自律ブランディングと創造的ワークフロー,2026-04-08,97,PATCH: 检查 SEO meta (title/desc/og) 是否合规; 评估是否在相关 tools 页交叉链接; push IndexNow
tierC-diagnose,feature,ko,ai-design-agent,/ko/features/ai-design-agent,AI 디자인 에이전트: 자동 브랜딩 & 창작 워크플로우 | Lovart,2026-04-08,97,PATCH: 检查 SEO meta (title/desc/og) 是否合规; 评估是否在相关 tools 页交叉链接; push IndexNow
tierC-diagnose,feature,pt,ai-design-agent,/pt/features/ai-design-agent,Agente de Design com IA: Fluxo Criativo e Marca Autônoma | Lovart,2026-04-08,97,PATCH: 检查 SEO meta (title/desc/og) 是否合规; 评估是否在相关 tools 页交叉链接; push IndexNow
tierC-diagnose,feature,ru,ai-design-agent,/ru/features/ai-design-agent,ИИ-дизайнер: автономный брендинг и креатив | Lovart,2026-04-08,97,PATCH: 检查 SEO meta (title/desc/og) 是否合规; 评估是否在相关 tools 页交叉链接; push IndexNow
tierC-diagnose,feature,zh-TW,ai-image-generator-text-to-image,/zh-TW/features/ai-image-generator-text-to-image,Lovart AI 圖片生成器：文字與風格打造專業視覺,2026-04-09,96,PATCH: 检查 SEO meta (title/desc/og) 是否合规; 评估是否在相关 tools 页交叉链接; push IndexNow
tierC-diagnose,tool,en,product-to-image-generator,/en/tools/product-to-image-generator,AI Product To Image Generator | Lovart,2026-04-09,96,PATCH: 检查 SEO meta (title/desc/og) 是否合规; 评估是否在相关 tools 页交叉链接; push IndexNow
tierC-diagnose,feature,de,design-viral-youtube-thumbnails-ai,/de/features/design-viral-youtube-thumbnails-ai,Erstelle virale YouTube-Thumbnails mit KI | Lovart,2026-04-10,95,PATCH: 检查 SEO meta (title/desc/og) 是否合规; 评估是否在相关 tools 页交叉链接; push IndexNow
tierC-diagnose,feature,fr,design-viral-youtube-thumbnails-ai,/fr/features/design-viral-youtube-thumbnails-ai,Créez des miniatures YouTube virales avec IA,2026-04-10,95,PATCH: 检查 SEO meta (title/desc/og) 是否合规; 评估是否在相关 tools 页交叉链接; push IndexNow
tierC-diagnose,feature,it,design-viral-youtube-thumbnails-ai,/it/features/design-viral-youtube-thumbnails-ai,Crea miniature YouTube virali con IA: aumenta il CTR | Lovart,2026-04-10,95,PATCH: 检查 SEO meta (title/desc/og) 是否合规; 评估是否在相关 tools 页交叉链接; push IndexNow
tierC-diagnose,feature,ja,design-viral-youtube-thumbnails-ai,/ja/features/design-viral-youtube-thumbnails-ai,AIでバズるサムネイル作成、CTR向上｜Lovart,2026-04-10,95,PATCH: 检查 SEO meta (title/desc/og) 是否合规; 评估是否在相关 tools 页交叉链接; push IndexNow
tierC-diagnose,feature,ko,design-viral-youtube-thumbnails-ai,/ko/features/design-viral-youtube-thumbnails-ai,"바이럴 유튜브 썸네일 AI로 디자인, CTR 즉시 상승 | Lovart",2026-04-10,95,PATCH: 检查 SEO meta (title/desc/og) 是否合规; 评估是否在相关 tools 页交叉链接; push IndexNow
tierC-diagnose,feature,pt,design-viral-youtube-thumbnails-ai,/pt/features/design-viral-youtube-thumbnails-ai,Crie thumbnails virais para YouTube com IA | Lovart,2026-04-10,95,PATCH: 检查 SEO meta (title/desc/og) 是否合规; 评估是否在相关 tools 页交叉链接; push IndexNow
tierC-diagnose,feature,ru,design-viral-youtube-thumbnails-ai,/ru/features/design-viral-youtube-thumbnails-ai,Создавайте вирусные превью с ИИ: рост CTR | Lovart,2026-04-10,95,PATCH: 检查 SEO meta (title/desc/og) 是否合规; 评估是否在相关 tools 页交叉链接; push IndexNow
tierC-diagnose,feature,zh-TW,ai-business-card-maker,/zh-TW/features/ai-business-card-maker,AI名片製作器：快速自訂印刷級設計,2026-04-11,94,PATCH: 检查 SEO meta (title/desc/og) 是否合规; 评估是否在相关 tools 页交叉链接; push IndexNow
tierC-diagnose,feature,en,professional-corporate-presentation-design,/en/features/professional-corporate-presentation-design,"Create Winning Business Presentations in Minutes | AI Corporate Slides for Sales, Pitches & Reports",2026-04-12,93,PATCH: 检查 SEO meta (title/desc/og) 是否合规; 评估是否在相关 tools 页交叉链接; push IndexNow
tierC-diagnose,feature,fr,professional-corporate-presentation-design,/fr/features/professional-corporate-presentation-design,Créez des présentations pro en minutes avec l'IA Lovart,2026-04-12,93,PATCH: 检查 SEO meta (title/desc/og) 是否合规; 评估是否在相关 tools 页交叉链接; push IndexNow
tierC-diagnose,feature,it,professional-corporate-presentation-design,/it/features/professional-corporate-presentation-design,Crea presentazioni vincenti in minuti con IA per slide aziendali,2026-04-12,93,PATCH: 检查 SEO meta (title/desc/og) 是否合规; 评估是否在相关 tools 页交叉链接; push IndexNow
tierC-diagnose,feature,ja,professional-corporate-presentation-design,/ja/features/professional-corporate-presentation-design,AIで瞬時に作る営業資料・提案書,2026-04-12,93,PATCH: 检查 SEO meta (title/desc/og) 是否合规; 评估是否在相关 tools 页交叉链接; push IndexNow
tierC-diagnose,feature,ko,professional-corporate-presentation-design,/ko/features/professional-corporate-presentation-design,몇 분 만에 완성하는 AI 비즈니스 프레젠테이션 | Lovart,2026-04-12,93,PATCH: 检查 SEO meta (title/desc/og) 是否合规; 评估是否在相关 tools 页交叉链接; push IndexNow
tierC-diagnose,feature,pt,professional-corporate-presentation-design,/pt/features/professional-corporate-presentation-design,Crie Apresentações Corporativas Vencedoras em Minutos com IA,2026-04-12,93,PATCH: 检查 SEO meta (title/desc/og) 是否合规; 评估是否在相关 tools 页交叉链接; push IndexNow
tierC-diagnose,feature,ru,professional-corporate-presentation-design,/ru/features/professional-corporate-presentation-design,Создавайте бизнес-презентации за минуты с ИИ Lovart,2026-04-12,93,PATCH: 检查 SEO meta (title/desc/og) 是否合规; 评估是否在相关 tools 页交叉链接; push IndexNow
tierC-diagnose,feature,de,professional-corporate-presentation-design,/de/features/professional-corporate-presentation-design,"Erstelle überzeugende Business-Präsentationen in Minuten | KI-Folien für Sales, Pitches & Reports",2026-04-12,93,PATCH: 检查 SEO meta (title/desc/og) 是否合规; 评估是否在相关 tools 页交叉链接; push IndexNow
tierC-diagnose,tool,de,ai-vector-generator,/de/tools/ai-vector-generator,[DE] AI Vector Generator — Create SVG Vectors from Text | Lovart,2026-04-12,93,PATCH: 检查 SEO meta (title/desc/og) 是否合规; 评估是否在相关 tools 页交叉链接; push IndexNow
tierC-diagnose,tool,fr,ai-vector-generator,/fr/tools/ai-vector-generator,[FR] AI Vector Generator — Create SVG Vectors from Text | Lovart,2026-04-12,93,PATCH: 检查 SEO meta (title/desc/og) 是否合规; 评估是否在相关 tools 页交叉链接; push IndexNow
tierC-diagnose,tool,it,ai-vector-generator,/it/tools/ai-vector-generator,[IT] AI Vector Generator — Create SVG Vectors from Text | Lovart,2026-04-12,93,PATCH: 检查 SEO meta (title/desc/og) 是否合规; 评估是否在相关 tools 页交叉链接; push IndexNow
tierC-diagnose,tool,ko,ai-vector-generator,/ko/tools/ai-vector-generator,[KO] AI Vector Generator — Create SVG Vectors from Text | Lovart,2026-04-12,93,PATCH: 检查 SEO meta (title/desc/og) 是否合规; 评估是否在相关 tools 页交叉链接; push IndexNow
tierC-diagnose,tool,ru,ai-vector-generator,/ru/tools/ai-vector-generator,[RU] AI Vector Generator — Create SVG Vectors from Text | Lovart,2026-04-12,93,PATCH: 检查 SEO meta (title/desc/og) 是否合规; 评估是否在相关 tools 页交叉链接; push IndexNow
tierC-diagnose,feature,zh-TW,ai-twitch-overlay-generator,/zh-TW/features/ai-twitch-overlay-generator,Lovart AI 產生 Twitch 疊加層：自訂直播圖形,2026-04-13,92,PATCH: 检查 SEO meta (title/desc/og) 是否合规; 评估是否在相关 tools 页交叉链接; push IndexNow
tierC-diagnose,feature,en,portfolio-design,/en/features/portfolio-design,Creative Portfolio Design with AI | Lovart Design Agent,2026-04-14,91,PATCH: 检查 SEO meta (title/desc/og) 是否合规; 评估是否在相关 tools 页交叉链接; push IndexNow
tierC-diagnose,feature,ja,portfolio-design,/ja/features/portfolio-design,AIで実現するクリエイティブなポートフォリオ,2026-04-14,91,PATCH: 检查 SEO meta (title/desc/og) 是否合规; 评估是否在相关 tools 页交叉链接; push IndexNow
tierC-diagnose,feature,en,touch-edit-ai,/en/features/touch-edit-ai,Touch Edit: AI Object Editing & Generative Fill Tool | Lovart,2026-04-15,90,PATCH: 检查 SEO meta (title/desc/og) 是否合规; 评估是否在相关 tools 页交叉链接; push IndexNow
tierC-diagnose,feature,fr,touch-edit-ai,/fr/features/touch-edit-ai,Retouche tactile : édition d’objets par IA et remplissage génératif | Lovart,2026-04-15,90,PATCH: 检查 SEO meta (title/desc/og) 是否合规; 评估是否在相关 tools 页交叉链接; push IndexNow
tierC-diagnose,feature,it,touch-edit-ai,/it/features/touch-edit-ai,Modifica Touch: editing IA e riempimento generativo | Lovart,2026-04-15,90,PATCH: 检查 SEO meta (title/desc/og) 是否合规; 评估是否在相关 tools 页交叉链接; push IndexNow
tierC-diagnose,feature,ja,touch-edit-ai,/ja/features/touch-edit-ai,タッチ編集：AIオブジェクト編集＆生成塗りつぶしツール｜Lovart,2026-04-15,90,PATCH: 检查 SEO meta (title/desc/og) 是否合规; 评估是否在相关 tools 页交叉链接; push IndexNow
tierC-diagnose,feature,ko,touch-edit-ai,/ko/features/touch-edit-ai,터치 에디트: AI 객체 편집 & 생성형 채우기 | Lovart,2026-04-15,90,PATCH: 检查 SEO meta (title/desc/og) 是否合规; 评估是否在相关 tools 页交叉链接; push IndexNow
tierC-diagnose,feature,pt,touch-edit-ai,/pt/features/touch-edit-ai,Toque Editar: Edição de Objetos com IA & Preenchimento Gerativo | Lovart,2026-04-15,90,PATCH: 检查 SEO meta (title/desc/og) 是否合规; 评估是否在相关 tools 页交叉链接; push IndexNow
tierC-diagnose,feature,ru,touch-edit-ai,/ru/features/touch-edit-ai,Касание: ИИ-редактор объектов и генеративная заливка | Lovart,2026-04-15,90,PATCH: 检查 SEO meta (title/desc/og) 是否合规; 评估是否在相关 tools 页交叉链接; push IndexNow
tierC-diagnose,tool,de,ai-ai-shorts,/de/tools/ai-ai-shorts,[DE] AI Shorts Maker — Create Viral Short-Form Videos | Lovart,2026-04-15,90,PATCH: 检查 SEO meta (title/desc/og) 是否合规; 评估是否在相关 tools 页交叉链接; push IndexNow
tierC-diagnose,tool,fr,ai-ai-shorts,/fr/tools/ai-ai-shorts,[FR] AI Shorts Maker — Create Viral Short-Form Videos | Lovart,2026-04-15,90,PATCH: 检查 SEO meta (title/desc/og) 是否合规; 评估是否在相关 tools 页交叉链接; push IndexNow
tierC-diagnose,tool,it,ai-ai-shorts,/it/tools/ai-ai-shorts,[IT] AI Shorts Maker — Create Viral Short-Form Videos | Lovart,2026-04-15,90,PATCH: 检查 SEO meta (title/desc/og) 是否合规; 评估是否在相关 tools 页交叉链接; push IndexNow
tierC-diagnose,tool,ja,ai-ai-shorts,/ja/tools/ai-ai-shorts,[JA] AI Shorts Maker — Create Viral Short-Form Videos | Lovart,2026-04-15,90,PATCH: 检查 SEO meta (title/desc/og) 是否合规; 评估是否在相关 tools 页交叉链接; push IndexNow
tierC-diagnose,tool,pt,ai-ai-shorts,/pt/tools/ai-ai-shorts,[PT] AI Shorts Maker — Create Viral Short-Form Videos | Lovart,2026-04-15,90,PATCH: 检查 SEO meta (title/desc/og) 是否合规; 评估是否在相关 tools 页交叉链接; push IndexNow
tierC-diagnose,tool,ru,ai-ai-shorts,/ru/tools/ai-ai-shorts,[RU] AI Shorts Maker — Create Viral Short-Form Videos | Lovart,2026-04-15,90,PATCH: 检查 SEO meta (title/desc/og) 是否合规; 评估是否在相关 tools 页交叉链接; push IndexNow
tierC-diagnose,tool,zh-TW,ai-ai-shorts,/zh-TW/tools/ai-ai-shorts,[ZH-TW] AI Shorts Maker — Create Viral Short-Form Videos | Lovart,2026-04-15,90,PATCH: 检查 SEO meta (title/desc/og) 是否合规; 评估是否在相关 tools 页交叉链接; push IndexNow
tierC-diagnose,feature,de,touch-edit-ai,/de/features/touch-edit-ai,Touch Edit: KI-Objektbearbeitung & generative Füllung | Lovart,2026-04-15,90,PATCH: 检查 SEO meta (title/desc/og) 是否合规; 评估是否在相关 tools 页交叉链接; push IndexNow
tierC-diagnose,feature,ja,youtube-thumbnail-design,/ja/features/youtube-thumbnail-design,AI搭載のYouTubeサムネイル作成ツールで視聴回数と登録者数を増やす,2026-04-17,88,PATCH: 检查 SEO meta (title/desc/og) 是否合规; 评估是否在相关 tools 页交叉链接; push IndexNow
tierC-diagnose,feature,en,nano-banana-presentation-slides,/en/features/nano-banana-presentation-slides,"Nano Banana Presentation Slides for Sales, Pitches & Training | Designed with Lovart",2026-04-18,87,PATCH: 检查 SEO meta (title/desc/og) 是否合规; 评估是否在相关 tools 页交叉链接; push IndexNow
tierC-diagnose,feature,fr,nano-banana-presentation-slides,/fr/features/nano-banana-presentation-slides,Présentations Nano Banane pour ventes & pitchs | Conçues avec Lovart,2026-04-18,87,PATCH: 检查 SEO meta (title/desc/og) 是否合规; 评估是否在相关 tools 页交叉链接; push IndexNow
tierC-diagnose,feature,it,nano-banana-presentation-slides,/it/features/nano-banana-presentation-slides,"Slide presentazione Banana Nano per vendite, pitch e formazione | Creato con Lovart",2026-04-18,87,PATCH: 检查 SEO meta (title/desc/og) 是否合规; 评估是否在相关 tools 页交叉链接; push IndexNow
tierC-diagnose,feature,ja,nano-banana-presentation-slides,/ja/features/nano-banana-presentation-slides,Lovartデザインのナノバナナ営業・研修用スライド,2026-04-18,87,PATCH: 检查 SEO meta (title/desc/og) 是否合规; 评估是否在相关 tools 页交叉链接; push IndexNow
tierC-diagnose,feature,ko,nano-banana-presentation-slides,/ko/features/nano-banana-presentation-slides,러바트로 만든 나노 바나나 발표 슬라이드,2026-04-18,87,PATCH: 检查 SEO meta (title/desc/og) 是否合规; 评估是否在相关 tools 页交叉链接; push IndexNow
tierC-diagnose,feature,pt,nano-banana-presentation-slides,/pt/features/nano-banana-presentation-slides,Slides de Banana Nano para Vendas e Treinos | Criado com Lovart,2026-04-18,87,PATCH: 检查 SEO meta (title/desc/og) 是否合规; 评估是否在相关 tools 页交叉链接; push IndexNow
tierC-diagnose,feature,ru,nano-banana-presentation-slides,/ru/features/nano-banana-presentation-slides,Презентация «Nano Banana» для продаж и тренингов в Lovart,2026-04-18,87,PATCH: 检查 SEO meta (title/desc/og) 是否合规; 评估是否在相关 tools 页交叉链接; push IndexNow
tierC-diagnose,feature,de,nano-banana-presentation-slides,/de/features/nano-banana-presentation-slides,"Nano-Bananen-Präsentationsfolien für Sales, Pitches & Training | Mit Lovart gestaltet",2026-04-18,87,PATCH: 检查 SEO meta (title/desc/og) 是否合规; 评估是否在相关 tools 页交叉链接; push IndexNow
tierC-diagnose,tool,en,ai-face-swap,/en/tools/ai-face-swap,AI Face Swap: Professional Face Replacement & Lip Sync | Lovart,2026-04-19,86,PATCH: 检查 SEO meta (title/desc/og) 是否合规; 评估是否在相关 tools 页交叉链接; push IndexNow
tierC-diagnose,feature,en,instagram-highlight-cover-design,/en/features/instagram-highlight-cover-design,Instagram Highlight Covers That Convert Visitors into Followers | Lovart AI,2026-04-19,86,PATCH: 检查 SEO meta (title/desc/og) 是否合规; 评估是否在相关 tools 页交叉链接; push IndexNow
tierC-diagnose,feature,fr,instagram-highlight-cover-design,/fr/features/instagram-highlight-cover-design,Couvertures IA qui transforment en abonnés | Lovart,2026-04-19,86,PATCH: 检查 SEO meta (title/desc/og) 是否合规; 评估是否在相关 tools 页交叉链接; push IndexNow
tierC-diagnose,feature,ja,instagram-highlight-cover-design,/ja/features/instagram-highlight-cover-design,フォロワーを増やすハイライトカバー｜Lovart AI,2026-04-19,86,PATCH: 检查 SEO meta (title/desc/og) 是否合规; 评估是否在相关 tools 页交叉链接; push IndexNow
tierC-diagnose,feature,ko,instagram-highlight-cover-design,/ko/features/instagram-highlight-cover-design,인스타 하이라이트 커버로 방문자를 팔로워로 전환 | Lovart AI,2026-04-19,86,PATCH: 检查 SEO meta (title/desc/og) 是否合规; 评估是否在相关 tools 页交叉链接; push IndexNow
tierC-diagnose,feature,pt,instagram-highlight-cover-design,/pt/features/instagram-highlight-cover-design,Capas de Destaques no Instagram que Convertem Visitantes em Seguidores | Lovart IA,2026-04-19,86,PATCH: 检查 SEO meta (title/desc/og) 是否合规; 评估是否在相关 tools 页交叉链接; push IndexNow
tierC-diagnose,feature,ru,instagram-highlight-cover-design,/ru/features/instagram-highlight-cover-design,"Обложки для сторис, превращающие гостей в подписчиков | Lovart ИИ",2026-04-19,86,PATCH: 检查 SEO meta (title/desc/og) 是否合规; 评估是否在相关 tools 页交叉链接; push IndexNow
tierC-diagnose,feature,de,instagram-highlight-cover-design,/de/features/instagram-highlight-cover-design,"Instagram-Highlight-Cover, die Besucher in Follower verwandeln | Lovart KI",2026-04-19,86,PATCH: 检查 SEO meta (title/desc/og) 是否合规; 评估是否在相关 tools 页交叉链接; push IndexNow
tierC-diagnose,tool,it,ai-face-swap,/it/tools/ai-face-swap,Scambio volto IA | Scambia facilmente i volti nelle foto | Lovart,2026-04-19,86,PATCH: 检查 SEO meta (title/desc/og) 是否合规; 评估是否在相关 tools 页交叉链接; push IndexNow
tierC-diagnose,tool,ja,ai-face-swap,/ja/tools/ai-face-swap,AI顔交換 |写真内の顔をシームレスに交換 |ロヴァート,2026-04-19,86,PATCH: 检查 SEO meta (title/desc/og) 是否合规; 评估是否在相关 tools 页交叉链接; push IndexNow
tierC-diagnose,tool,ko,ai-face-swap,/ko/tools/ai-face-swap,AI 얼굴 교환 | 사진 속 얼굴을 원활하게 교환하세요 | 로바트,2026-04-19,86,PATCH: 检查 SEO meta (title/desc/og) 是否合规; 评估是否在相关 tools 页交叉链接; push IndexNow
tierC-diagnose,tool,pt,ai-face-swap,/pt/tools/ai-face-swap,Troca de rosto de IA | Troque rostos em fotos perfeitamente | Lovart,2026-04-19,86,PATCH: 检查 SEO meta (title/desc/og) 是否合规; 评估是否在相关 tools 页交叉链接; push IndexNow
tierC-diagnose,tool,ru,ai-face-swap,/ru/tools/ai-face-swap,Обмен лицами с помощью ИИ | Меняйте лица на фотографиях легко | Ловарт,2026-04-19,86,PATCH: 检查 SEO meta (title/desc/og) 是否合规; 评估是否在相关 tools 页交叉链接; push IndexNow
tierC-diagnose,feature,zh-TW,seedance-2-ai-video-generator-agent,/zh-TW/features/seedance-2-ai-video-generator-agent,Seedance 2.0 AI影片生成器：文字與圖片轉影片,2026-04-20,85,PATCH: 检查 SEO meta (title/desc/og) 是否合规; 评估是否在相关 tools 页交叉链接; push IndexNow
tierC-diagnose,tool,en,swap-to-video,/en/tools/swap-to-video,AI Swap to Video | Animate Face Swaps into Video Clips | Lovart,2026-04-20,85,PATCH: 检查 SEO meta (title/desc/og) 是否合规; 评估是否在相关 tools 页交叉链接; push IndexNow
tierC-diagnose,tool,it,swap-to-video,/it/tools/swap-to-video,Scambia AI in video | Animare gli scambi di volti nei clip video | Lovart,2026-04-20,85,PATCH: 检查 SEO meta (title/desc/og) 是否合规; 评估是否在相关 tools 页交叉链接; push IndexNow
tierC-diagnose,tool,ja,swap-to-video,/ja/tools/swap-to-video,AI Swap to Video |顔の入れ替えをビデオクリップにアニメーション化する |ロヴァート,2026-04-20,85,PATCH: 检查 SEO meta (title/desc/og) 是否合规; 评估是否在相关 tools 页交叉链接; push IndexNow
tierC-diagnose,tool,ko,swap-to-video,/ko/tools/swap-to-video,AI를 영상으로 전환 | 얼굴 스왑을 비디오 클립으로 애니메이션화 | 로바트,2026-04-20,85,PATCH: 检查 SEO meta (title/desc/og) 是否合规; 评估是否在相关 tools 页交叉链接; push IndexNow
tierC-diagnose,tool,pt,swap-to-video,/pt/tools/swap-to-video,Alteração de IA para vídeo | Animar trocas de rosto em clipes de vídeo | Lovart,2026-04-20,85,PATCH: 检查 SEO meta (title/desc/og) 是否合规; 评估是否在相关 tools 页交叉链接; push IndexNow
tierC-diagnose,tool,ru,swap-to-video,/ru/tools/swap-to-video,Переключение AI на видео | Анимация замены лиц в видеоклипы | Ловарт,2026-04-20,85,PATCH: 检查 SEO meta (title/desc/og) 是否合规; 评估是否在相关 tools 页交叉链接; push IndexNow
tierC-diagnose,tool,zh,swap-to-video,/zh/tools/swap-to-video,AI转视频 |将脸部交换动画制作成视频剪辑 |洛瓦特,2026-04-20,85,PATCH: 检查 SEO meta (title/desc/og) 是否合规; 评估是否在相关 tools 页交叉链接; push IndexNow
tierC-diagnose,tool,zh-TW,swap-to-video,/zh-TW/tools/swap-to-video,AI轉影片 |將臉部交換動畫製作成影片剪輯 |洛瓦特,2026-04-20,85,PATCH: 检查 SEO meta (title/desc/og) 是否合规; 评估是否在相关 tools 页交叉链接; push IndexNow
tierC-diagnose,feature,en,nano-banana-graphic-design-workflow,/en/features/nano-banana-graphic-design-workflow,Nano Banana Graphic Design Workflow – Streamlined Processes for Creative Efficiency,2026-04-21,84,PATCH: 检查 SEO meta (title/desc/og) 是否合规; 评估是否在相关 tools 页交叉链接; push IndexNow
tierC-diagnose,feature,fr,nano-banana-graphic-design-workflow,/fr/features/nano-banana-graphic-design-workflow,Flux de travail IA Lovart pour design banane,2026-04-21,84,PATCH: 检查 SEO meta (title/desc/og) 是否合规; 评估是否在相关 tools 页交叉链接; push IndexNow
tierC-diagnose,feature,it,nano-banana-graphic-design-workflow,/it/features/nano-banana-graphic-design-workflow,Flusso di lavoro grafico Nano Banana – Processi IA per efficienza creativa,2026-04-21,84,PATCH: 检查 SEO meta (title/desc/og) 是否合规; 评估是否在相关 tools 页交叉链接; push IndexNow
tierC-diagnose,feature,ja,nano-banana-graphic-design-workflow,/ja/features/nano-banana-graphic-design-workflow,ナノバナナデザインの効率的制作フロー,2026-04-21,84,PATCH: 检查 SEO meta (title/desc/og) 是否合规; 评估是否在相关 tools 页交叉链接; push IndexNow
tierC-diagnose,feature,ko,nano-banana-graphic-design-workflow,/ko/features/nano-banana-graphic-design-workflow,나노 바나나 그래픽 디자인 워크플로우 - 효율적인 창작 프로세스,2026-04-21,84,PATCH: 检查 SEO meta (title/desc/og) 是否合规; 评估是否在相关 tools 页交叉链接; push IndexNow
tierC-diagnose,feature,pt,nano-banana-graphic-design-workflow,/pt/features/nano-banana-graphic-design-workflow,Fluxo de Design Gráfico com IA – Eficiência Criativa,2026-04-21,84,PATCH: 检查 SEO meta (title/desc/og) 是否合规; 评估是否在相关 tools 页交叉链接; push IndexNow
tierC-diagnose,feature,ru,nano-banana-graphic-design-workflow,/ru/features/nano-banana-graphic-design-workflow,ИИ-дизайн в Nano Banana: быстрый рабочий процесс,2026-04-21,84,PATCH: 检查 SEO meta (title/desc/og) 是否合规; 评估是否在相关 tools 页交叉链接; push IndexNow
tierC-diagnose,feature,de,nano-banana-graphic-design-workflow,/de/features/nano-banana-graphic-design-workflow,KI-gestützter Banana-Design-Workflow für kreative Effizienz,2026-04-21,84,PATCH: 检查 SEO meta (title/desc/og) 是否合规; 评估是否在相关 tools 页交叉链接; push IndexNow
tierC-diagnose,feature,en,price-list-design,/en/features/price-list-design,Create Custom Price Lists That Win More Clients | Lovart AI Design Agent,2026-04-22,83,PATCH: 检查 SEO meta (title/desc/og) 是否合规; 评估是否在相关 tools 页交叉链接; push IndexNow
tierC-diagnose,feature,fr,price-list-design,/fr/features/price-list-design,Créez des listes de prix IA qui attirent plus de clients | Lovart,2026-04-22,83,PATCH: 检查 SEO meta (title/desc/og) 是否合规; 评估是否在相关 tools 页交叉链接; push IndexNow
tierC-diagnose,feature,ja,price-list-design,/ja/features/price-list-design,カスタム価格表で顧客獲得｜Lovart AIデザインエージェント,2026-04-22,83,PATCH: 检查 SEO meta (title/desc/og) 是否合规; 评估是否在相关 tools 页交叉链接; push IndexNow
tierC-diagnose,feature,ko,price-list-design,/ko/features/price-list-design,고객을 사로잡는 맞춤 가격표 제작 | Lovart,2026-04-22,83,PATCH: 检查 SEO meta (title/desc/og) 是否合规; 评估是否在相关 tools 页交叉链接; push IndexNow
tierC-diagnose,feature,ru,price-list-design,/ru/features/price-list-design,"Создавайте прайс-листы, которые привлекают клиентов | Lovart",2026-04-22,83,PATCH: 检查 SEO meta (title/desc/og) 是否合规; 评估是否在相关 tools 页交叉链接; push IndexNow
tierC-diagnose,feature,de,price-list-design,/de/features/price-list-design,"Erstelle individuelle Preislisten, die mehr Kunden gewinnen | Lovart KI-Design-Agent",2026-04-22,83,PATCH: 检查 SEO meta (title/desc/og) 是否合规; 评估是否在相关 tools 页交叉链接; push IndexNow
tierC-diagnose,tool,en,ai-anime-generator,/en/tools/ai-anime-generator,AI Anime Generator | Create Authentic Anime Art with AI | Lovart,2026-04-22,83,PATCH: 检查 SEO meta (title/desc/og) 是否合规; 评估是否在相关 tools 页交叉链接; push IndexNow
tierC-diagnose,tool,it,ai-anime-generator,/it/tools/ai-anime-generator,Generatore di anime AI | Crea autentiche opere d'arte anime con l'intelligenza artificiale | Lovart,2026-04-22,83,PATCH: 检查 SEO meta (title/desc/og) 是否合规; 评估是否在相关 tools 页交叉链接; push IndexNow
tierC-diagnose,tool,pt,ai-anime-generator,/pt/tools/ai-anime-generator,Gerador de Anime AI | Crie arte de anime autêntica com IA | Lovart,2026-04-22,83,PATCH: 检查 SEO meta (title/desc/og) 是否合规; 评估是否在相关 tools 页交叉链接; push IndexNow
tierC-diagnose,tool,ru,ai-anime-generator,/ru/tools/ai-anime-generator,Генератор аниме с искусственным интеллектом | Создайте аутентичный аниме-арт с помощью ИИ | Ловарт,2026-04-22,83,PATCH: 检查 SEO meta (title/desc/og) 是否合规; 评估是否在相关 tools 页交叉链接; push IndexNow
tierC-diagnose,feature,en,video-background-changer,/en/features/video-background-changer,AI Video Background Changer | Replace Backgrounds | Lovart,2026-04-23,82,PATCH: 检查 SEO meta (title/desc/og) 是否合规; 评估是否在相关 tools 页交叉链接; push IndexNow
tierC-diagnose,feature,fr,video-background-changer,/fr/features/video-background-changer,Changement d’arrière-plan vidéo par IA | Lovart,2026-04-23,82,PATCH: 检查 SEO meta (title/desc/og) 是否合规; 评估是否在相关 tools 页交叉链接; push IndexNow
tierC-diagnose,feature,it,video-background-changer,/it/features/video-background-changer,Cambia sfondo video con IA | Lovart,2026-04-23,82,PATCH: 检查 SEO meta (title/desc/og) 是否合规; 评估是否在相关 tools 页交叉链接; push IndexNow
tierC-diagnose,feature,ja,video-background-changer,/ja/features/video-background-changer,Lovartで動画背景をAI自動変更,2026-04-23,82,PATCH: 检查 SEO meta (title/desc/og) 是否合规; 评估是否在相关 tools 页交叉链接; push IndexNow
tierC-diagnose,feature,ko,video-background-changer,/ko/features/video-background-changer,AI 배경 변경 | 배경 교체 | Lovart,2026-04-23,82,PATCH: 检查 SEO meta (title/desc/og) 是否合规; 评估是否在相关 tools 页交叉链接; push IndexNow
tierC-diagnose,feature,pt,video-background-changer,/pt/features/video-background-changer,Alterador de Fundo de Vídeo com IA | Lovart,2026-04-23,82,PATCH: 检查 SEO meta (title/desc/og) 是否合规; 评估是否在相关 tools 页交叉链接; push IndexNow
tierC-diagnose,feature,ru,video-background-changer,/ru/features/video-background-changer,ИИ-замена фона видео | Lovart,2026-04-23,82,PATCH: 检查 SEO meta (title/desc/og) 是否合规; 评估是否在相关 tools 页交叉链接; push IndexNow
tierC-diagnose,feature,de,video-background-changer,/de/features/video-background-changer,KI-Videohintergrund wechseln | Lovart,2026-04-23,82,PATCH: 检查 SEO meta (title/desc/og) 是否合规; 评估是否在相关 tools 页交叉链接; push IndexNow
tierC-diagnose,feature,zh-TW,ai-brochure-design-tool,/zh-TW/features/ai-brochure-design-tool,AI幫你幾分鐘搞定型錄｜行銷業務團隊專用,2026-04-24,81,PATCH: 检查 SEO meta (title/desc/og) 是否合规; 评估是否在相关 tools 页交叉链接; push IndexNow
tierC-diagnose,tool,en,ai-pinterest-pin-maker-by-lovart,/en/tools/ai-pinterest-pin-maker-by-lovart,AI Pinterest Pin Maker | Create Viral Pins with AI | Lovart,2026-04-24,81,PATCH: 检查 SEO meta (title/desc/og) 是否合规; 评估是否在相关 tools 页交叉链接; push IndexNow
tierC-diagnose,tool,en,ai-design-agent,/en/tools/ai-design-agent,AI Design Agent | Autonomous Branding & Creative Workflow | Lovart,2026-04-25,80,PATCH: 检查 SEO meta (title/desc/og) 是否合规; 评估是否在相关 tools 页交叉链接; push IndexNow
tierC-diagnose,tool,it,ai-design-agent,/it/tools/ai-design-agent,Agente di progettazione AI | Branding autonomo e flusso di lavoro creativo | Lovart,2026-04-25,80,PATCH: 检查 SEO meta (title/desc/og) 是否合规; 评估是否在相关 tools 页交叉链接; push IndexNow
tierC-diagnose,tool,ja,ai-design-agent,/ja/tools/ai-design-agent,AIデザインエージェント |自律的なブランディングとクリエイティブ ワークフロー |ロヴァート,2026-04-25,80,PATCH: 检查 SEO meta (title/desc/og) 是否合规; 评估是否在相关 tools 页交叉链接; push IndexNow
tierC-diagnose,tool,ko,ai-design-agent,/ko/tools/ai-design-agent,AI 디자인 에이전트 | 자율적인 브랜딩 및 크리에이티브 워크플로우 | 로바트,2026-04-25,80,PATCH: 检查 SEO meta (title/desc/og) 是否合规; 评估是否在相关 tools 页交叉链接; push IndexNow
tierC-diagnose,tool,pt,ai-design-agent,/pt/tools/ai-design-agent,Agente de design de IA | Branding autônomo e fluxo de trabalho criativo | Lovart,2026-04-25,80,PATCH: 检查 SEO meta (title/desc/og) 是否合规; 评估是否在相关 tools 页交叉链接; push IndexNow
tierC-diagnose,tool,ru,ai-design-agent,/ru/tools/ai-design-agent,Агент по разработке искусственного интеллекта | Автономный брендинг и творческий рабочий процесс | Л,2026-04-25,80,PATCH: 检查 SEO meta (title/desc/og) 是否合规; 评估是否在相关 tools 页交叉链接; push IndexNow
tierC-diagnose,tool,zh-TW,ai-design-agent,/zh-TW/tools/ai-design-agent,AI設計代理商|自主品牌與創意工作流程|洛瓦特,2026-04-25,80,PATCH: 检查 SEO meta (title/desc/og) 是否合规; 评估是否在相关 tools 页交叉链接; push IndexNow
tierC-diagnose,feature,de,ai-carousel-generator,/de/features/ai-carousel-generator,KI-Karussell-Generator: Erstelle nahtlose Social-Media-Slides – Lovart,2026-04-26,79,PATCH: 检查 SEO meta (title/desc/og) 是否合规; 评估是否在相关 tools 页交叉链接; push IndexNow
tierC-diagnose,feature,en,ai-carousel-generator,/en/features/ai-carousel-generator,AI Carousel Generator: Create Seamless Social Media Slides - Lovart,2026-04-26,79,PATCH: 检查 SEO meta (title/desc/og) 是否合规; 评估是否在相关 tools 页交叉链接; push IndexNow
tierC-diagnose,feature,fr,ai-carousel-generator,/fr/features/ai-carousel-generator,Générateur IA de carrousels : créez des diapos fluides - Lovart,2026-04-26,79,PATCH: 检查 SEO meta (title/desc/og) 是否合规; 评估是否在相关 tools 页交叉链接; push IndexNow
tierC-diagnose,feature,it,ai-carousel-generator,/it/features/ai-carousel-generator,Generatore IA di Caroselli: Crea Slide Social Perfette - Lovart,2026-04-26,79,PATCH: 检查 SEO meta (title/desc/og) 是否合规; 评估是否在相关 tools 页交叉链接; push IndexNow
tierC-diagnose,feature,ja,ai-carousel-generator,/ja/features/ai-carousel-generator,Lovartで作る、なめらかSNSスライド,2026-04-26,79,PATCH: 检查 SEO meta (title/desc/og) 是否合规; 评估是否在相关 tools 页交叉链接; push IndexNow
tierC-diagnose,feature,ko,ai-carousel-generator,/ko/features/ai-carousel-generator,러블리 AI 카루셀 생성기: 완벽한 슬라이드 - Lovart,2026-04-26,79,PATCH: 检查 SEO meta (title/desc/og) 是否合规; 评估是否在相关 tools 页交叉链接; push IndexNow
tierC-diagnose,feature,pt,ai-carousel-generator,/pt/features/ai-carousel-generator,Gerador de Carrosséis com IA: Slides Perfeitos - Lovart,2026-04-26,79,PATCH: 检查 SEO meta (title/desc/og) 是否合规; 评估是否在相关 tools 页交叉链接; push IndexNow
tierC-diagnose,tool,de,ai-background-generator,/de/tools/ai-background-generator,KI-Hintergrundgenerator | Professionelle Hintergründe erstellen | Lovart,2026-04-26,79,PATCH: 检查 SEO meta (title/desc/og) 是否合规; 评估是否在相关 tools 页交叉链接; push IndexNow
tierC-diagnose,tool,ja,ai-background-generator,/ja/tools/ai-background-generator,AI背景ジェネレーター |専門的な背景を作成する |ロヴァート,2026-04-26,79,PATCH: 检查 SEO meta (title/desc/og) 是否合规; 评估是否在相关 tools 页交叉链接; push IndexNow
tierC-diagnose,tool,ru,ai-background-generator,/ru/tools/ai-background-generator,Генератор фона AI | Создайте профессиональные фоны | Ловарт,2026-04-26,79,PATCH: 检查 SEO meta (title/desc/og) 是否合规; 评估是否在相关 tools 页交叉链接; push IndexNow
tierC-diagnose,tool,zh-TW,ai-background-generator,/zh-TW/tools/ai-background-generator,AI背景產生器|建立專業背景|洛瓦特,2026-04-26,79,PATCH: 检查 SEO meta (title/desc/og) 是否合规; 评估是否在相关 tools 页交叉链接; push IndexNow
tierC-diagnose,feature,de,ai-instagram-feed-planner,/de/features/ai-instagram-feed-planner,KI-Instagram-Feed-Generator: Plane & gestalte einheitliche Grids | Lovart,2026-04-27,78,PATCH: 检查 SEO meta (title/desc/og) 是否合规; 评估是否在相关 tools 页交叉链接; push IndexNow
tierC-diagnose,feature,fr,ai-instagram-feed-planner,/fr/features/ai-instagram-feed-planner,Générateur de feed Instagram IA : grilles cohérentes | Lovart,2026-04-27,78,PATCH: 检查 SEO meta (title/desc/og) 是否合规; 评估是否在相关 tools 页交叉链接; push IndexNow
tierC-diagnose,feature,it,ai-instagram-feed-planner,/it/features/ai-instagram-feed-planner,Generatore IA per feed Instagram: griglie coordinate | Lovart,2026-04-27,78,PATCH: 检查 SEO meta (title/desc/og) 是否合规; 评估是否在相关 tools 页交叉链接; push IndexNow
tierC-diagnose,feature,ja,ai-instagram-feed-planner,/ja/features/ai-instagram-feed-planner,Lovartで統一感あるInstagramグリッドを計画・デザイン,2026-04-27,78,PATCH: 检查 SEO meta (title/desc/og) 是否合规; 评估是否在相关 tools 页交叉链接; push IndexNow
tierC-diagnose,feature,ko,ai-instagram-feed-planner,/ko/features/ai-instagram-feed-planner,러바트 AI 인스타 피드 생성기: 통일된 그리드 기획,2026-04-27,78,PATCH: 检查 SEO meta (title/desc/og) 是否合规; 评估是否在相关 tools 页交叉链接; push IndexNow
tierC-diagnose,feature,pt,ai-instagram-feed-planner,/pt/features/ai-instagram-feed-planner,Gerador de Feed IA: Planeie e Desenhe Grelhas Coesas | Lovart,2026-04-27,78,PATCH: 检查 SEO meta (title/desc/og) 是否合规; 评估是否在相关 tools 页交叉链接; push IndexNow
tierC-diagnose,feature,ru,ai-instagram-feed-planner,/ru/features/ai-instagram-feed-planner,ИИ-генератор ленты Instagram: сетки и дизайн | Lovart,2026-04-27,78,PATCH: 检查 SEO meta (title/desc/og) 是否合规; 评估是否在相关 tools 页交叉链接; push IndexNow
tierC-diagnose,tool,en,ai-art-generator,/en/tools/ai-art-generator,AI Art Generator | Create Stunning Digital Art from Text | Lovart,2026-04-27,78,PATCH: 检查 SEO meta (title/desc/og) 是否合规; 评估是否在相关 tools 页交叉链接; push IndexNow
tierC-diagnose,tool,it,ai-art-generator,/it/tools/ai-art-generator,Generatore artistico AI | Crea straordinaria arte digitale dal testo | Lovart,2026-04-27,78,PATCH: 检查 SEO meta (title/desc/og) 是否合规; 评估是否在相关 tools 页交叉链接; push IndexNow
tierC-diagnose,tool,ja,ai-art-generator,/ja/tools/ai-art-generator,AIアートジェネレーター |テキストから見事なデジタル アートを作成 |ロヴァート,2026-04-27,78,PATCH: 检查 SEO meta (title/desc/og) 是否合规; 评估是否在相关 tools 页交叉链接; push IndexNow
tierC-diagnose,tool,pt,ai-art-generator,/pt/tools/ai-art-generator,Gerador de arte AI | Crie arte digital impressionante a partir de texto | Lovart,2026-04-27,78,PATCH: 检查 SEO meta (title/desc/og) 是否合规; 评估是否在相关 tools 页交叉链接; push IndexNow
tierC-diagnose,feature,de,ai-pinterest-pin-maker,/de/features/ai-pinterest-pin-maker,KI-Pinterest-Pin-Generator: Erstelle virale Pins sofort | Lovart,2026-04-28,77,PATCH: 检查 SEO meta (title/desc/og) 是否合规; 评估是否在相关 tools 页交叉链接; push IndexNow
tierC-diagnose,feature,en,ai-pinterest-pin-maker,/en/features/ai-pinterest-pin-maker,AI Pinterest Pin Generator: Create Viral Pins Instantly | Lovart,2026-04-28,77,PATCH: 检查 SEO meta (title/desc/og) 是否合规; 评估是否在相关 tools 页交叉链接; push IndexNow
tierC-diagnose,feature,fr,ai-pinterest-pin-maker,/fr/features/ai-pinterest-pin-maker,Générateur IA de Pins Pinterest : créez des visuels viraux,2026-04-28,77,PATCH: 检查 SEO meta (title/desc/og) 是否合规; 评估是否在相关 tools 页交叉链接; push IndexNow
tierC-diagnose,feature,it,ai-pinterest-pin-maker,/it/features/ai-pinterest-pin-maker,Generatore di Pin IA: Crea Pin Virali su Pinterest | Lovart,2026-04-28,77,PATCH: 检查 SEO meta (title/desc/og) 是否合规; 评估是否在相关 tools 页交叉链接; push IndexNow
tierC-diagnose,feature,ja,ai-pinterest-pin-maker,/ja/features/ai-pinterest-pin-maker,Lovartで作るバズるPinterestピン,2026-04-28,77,PATCH: 检查 SEO meta (title/desc/og) 是否合规; 评估是否在相关 tools 页交叉链接; push IndexNow
tierC-diagnose,feature,ko,ai-pinterest-pin-maker,/ko/features/ai-pinterest-pin-maker,AI 핀터레스트 핀 생성기: 즉시 바이럴 핀 제작 | Lovart,2026-04-28,77,PATCH: 检查 SEO meta (title/desc/og) 是否合规; 评估是否在相关 tools 页交叉链接; push IndexNow
tierC-diagnose,feature,pt,ai-pinterest-pin-maker,/pt/features/ai-pinterest-pin-maker,Gerador de Pins IA: Crie Pins Virais | Lovart,2026-04-28,77,PATCH: 检查 SEO meta (title/desc/og) 是否合规; 评估是否在相关 tools 页交叉链接; push IndexNow
tierC-diagnose,feature,ru,ai-pinterest-pin-maker,/ru/features/ai-pinterest-pin-maker,Генератор пинов ИИ: создавайте вирусные пины | Lovart,2026-04-28,77,PATCH: 检查 SEO meta (title/desc/og) 是否合规; 评估是否在相关 tools 页交叉链接; push IndexNow
tierC-diagnose,feature,de,facebook-post-template-generator,/de/features/facebook-post-template-generator,KI-Facebook-Post-Generator: Vorlagen in Sekunden | Lovart,2026-04-29,76,PATCH: 检查 SEO meta (title/desc/og) 是否合规; 评估是否在相关 tools 页交叉链接; push IndexNow
tierC-diagnose,feature,fr,facebook-post-template-generator,/fr/features/facebook-post-template-generator,Générateur IA de posts Facebook : modèles en quelques secondes | Lovart,2026-04-29,76,PATCH: 检查 SEO meta (title/desc/og) 是否合规; 评估是否在相关 tools 页交叉链接; push IndexNow
tierC-diagnose,feature,it,facebook-post-template-generator,/it/features/facebook-post-template-generator,Generatore IA di Post Facebook: Template in Secondi | Lovart,2026-04-29,76,PATCH: 检查 SEO meta (title/desc/og) 是否合规; 评估是否在相关 tools 页交叉链接; push IndexNow
tierC-diagnose,feature,ja,facebook-post-template-generator,/ja/features/facebook-post-template-generator,LovartでAI投稿作成：数秒でテンプレート,2026-04-29,76,PATCH: 检查 SEO meta (title/desc/og) 是否合规; 评估是否在相关 tools 页交叉链接; push IndexNow
tierC-diagnose,feature,ko,facebook-post-template-generator,/ko/features/facebook-post-template-generator,AI 페이스북 포스트 생성기: 3초 맞춤 템플릿 | Lovart,2026-04-29,76,PATCH: 检查 SEO meta (title/desc/og) 是否合规; 评估是否在相关 tools 页交叉链接; push IndexNow
tierC-diagnose,feature,pt,facebook-post-template-generator,/pt/features/facebook-post-template-generator,Gerador de Posts para Facebook com IA: Modelos em Segundos | Lovart,2026-04-29,76,PATCH: 检查 SEO meta (title/desc/og) 是否合规; 评估是否在相关 tools 页交叉链接; push IndexNow
tierC-diagnose,feature,ru,facebook-post-template-generator,/ru/features/facebook-post-template-generator,Генератор постов для Facebook на ИИ: шаблоны за секунды | Lovart,2026-04-29,76,PATCH: 检查 SEO meta (title/desc/og) 是否合规; 评估是否在相关 tools 页交叉链接; push IndexNow
tierC-diagnose,feature,de,ai-video-generator-text-to-video,/de/features/ai-video-generator-text-to-video,Kostenloser KI-Videogenerator: Erstelle Kinofilme aus Text & Bild | Lovart,2026-04-30,75,PATCH: 检查 SEO meta (title/desc/og) 是否合规; 评估是否在相关 tools 页交叉链接; push IndexNow
tierC-diagnose,feature,en,ai-video-generator-text-to-video,/en/features/ai-video-generator-text-to-video,Free AI Video Generator: Create Cinematic Videos from Text & Image | Lovart,2026-04-30,75,PATCH: 检查 SEO meta (title/desc/og) 是否合规; 评估是否在相关 tools 页交叉链接; push IndexNow
tierC-diagnose,feature,fr,ai-video-generator-text-to-video,/fr/features/ai-video-generator-text-to-video,Générateur vidéo IA : créez des vidéos cinématiques à partir de texte et d'image | Lovart,2026-04-30,75,PATCH: 检查 SEO meta (title/desc/og) 是否合规; 评估是否在相关 tools 页交叉链接; push IndexNow
tierC-diagnose,feature,it,ai-video-generator-text-to-video,/it/features/ai-video-generator-text-to-video,Generatore video IA: crea video cinematografici da testo e immagini | Lovart,2026-04-30,75,PATCH: 检查 SEO meta (title/desc/og) 是否合规; 评估是否在相关 tools 页交叉链接; push IndexNow
tierC-diagnose,feature,ja,ai-video-generator-text-to-video,/ja/features/ai-video-generator-text-to-video,Lovartでテキストと画像から映画風動画作成,2026-04-30,75,PATCH: 检查 SEO meta (title/desc/og) 是否合规; 评估是否在相关 tools 页交叉链接; push IndexNow
tierC-diagnose,feature,ko,ai-video-generator-text-to-video,/ko/features/ai-video-generator-text-to-video,AI 영상 생성기: 텍스트·이미지로 시네마틱 영상 제작 | Lovart,2026-04-30,75,PATCH: 检查 SEO meta (title/desc/og) 是否合规; 评估是否在相关 tools 页交叉链接; push IndexNow
tierC-diagnose,feature,pt,ai-video-generator-text-to-video,/pt/features/ai-video-generator-text-to-video,Gerador de Vídeos com IA: Crie Vídeos Cinematográficos | Lovart,2026-04-30,75,PATCH: 检查 SEO meta (title/desc/og) 是否合规; 评估是否在相关 tools 页交叉链接; push IndexNow
tierC-diagnose,feature,ru,ai-video-generator-text-to-video,/ru/features/ai-video-generator-text-to-video,Бесплатный ИИ-генератор видео: текст и фото в кино | Lovart,2026-04-30,75,PATCH: 检查 SEO meta (title/desc/og) 是否合规; 评估是否在相关 tools 页交叉链接; push IndexNow
tierC-diagnose,tool,en,nanobanana2,/en/tools/nanobanana2,AI Nanobanana2 | Lovart,2026-05-01,74,PATCH: 检查 SEO meta (title/desc/og) 是否合规; 评估是否在相关 tools 页交叉链接; push IndexNow
tierC-diagnose,feature,de,book-cover-design,/de/features/book-cover-design,KI-Buchcover-Generator | Lovart Design für Print & E-Book,2026-05-02,73,PATCH: 检查 SEO meta (title/desc/og) 是否合规; 评估是否在相关 tools 页交叉链接; push IndexNow
tierC-diagnose,feature,en,book-cover-design,/en/features/book-cover-design,AI Book Cover Generator | Lovart Design Agent for Print & Ebook Covers,2026-05-02,73,PATCH: 检查 SEO meta (title/desc/og) 是否合规; 评估是否在相关 tools 页交叉链接; push IndexNow
tierC-diagnose,feature,fr,book-cover-design,/fr/features/book-cover-design,Générateur IA de couvertures de livres | Lovart,2026-05-02,73,PATCH: 检查 SEO meta (title/desc/og) 是否合规; 评估是否在相关 tools 页交叉链接; push IndexNow
tierC-diagnose,feature,it,book-cover-design,/it/features/book-cover-design,Generatore di copertine IA | Lovart per libri cartacei ed ebook,2026-05-02,73,PATCH: 检查 SEO meta (title/desc/og) 是否合规; 评估是否在相关 tools 页交叉链接; push IndexNow
tierC-diagnose,feature,ja,book-cover-design,/ja/features/book-cover-design,AIブックカバー生成ツール | Lovartデザインエージェント（印刷・電子書籍対応）,2026-05-02,73,PATCH: 检查 SEO meta (title/desc/og) 是否合规; 评估是否在相关 tools 页交叉链接; push IndexNow
tierC-diagnose,feature,ko,book-cover-design,/ko/features/book-cover-design,AI 북커버 생성기 | Lovart 디자인 에이전트,2026-05-02,73,PATCH: 检查 SEO meta (title/desc/og) 是否合规; 评估是否在相关 tools 页交叉链接; push IndexNow
tierC-diagnose,feature,pt,book-cover-design,/pt/features/book-cover-design,Gerador de Capas com IA | Lovart para Livros Impressos e Digitais,2026-05-02,73,PATCH: 检查 SEO meta (title/desc/og) 是否合规; 评估是否在相关 tools 页交叉链接; push IndexNow
tierC-diagnose,feature,ru,book-cover-design,/ru/features/book-cover-design,Генератор обложек книг на ИИ | Lovart,2026-05-02,73,PATCH: 检查 SEO meta (title/desc/og) 是否合规; 评估是否在相关 tools 页交叉链接; push IndexNow
tierC-diagnose,tool,de,ai-logo-generator,/de/tools/ai-logo-generator,KI-Logo-Generator — Professionelle Logos mit Brand Kit | Lovart,2026-05-02,73,PATCH: 检查 SEO meta (title/desc/og) 是否合规; 评估是否在相关 tools 页交叉链接; push IndexNow
tierC-diagnose,tool,fr,ai-logo-generator,/fr/tools/ai-logo-generator,Générateur de Logo IA — Logos Professionnels avec Brand Kit | Lovart,2026-05-02,73,PATCH: 检查 SEO meta (title/desc/og) 是否合规; 评估是否在相关 tools 页交叉链接; push IndexNow
tierC-diagnose,tool,it,ai-logo-generator,/it/tools/ai-logo-generator,Generatore di Logo AI — Loghi Professionali con Brand Kit | Lovart,2026-05-02,73,PATCH: 检查 SEO meta (title/desc/og) 是否合规; 评估是否在相关 tools 页交叉链接; push IndexNow
tierC-diagnose,tool,pt,ai-logo-generator,/pt/tools/ai-logo-generator,Gerador de Logo IA — Logotipos Profissionais com Brand Kit | Lovart,2026-05-02,73,PATCH: 检查 SEO meta (title/desc/og) 是否合规; 评估是否在相关 tools 页交叉链接; push IndexNow
tierC-diagnose,tool,en,image-to-video,/en/tools/image-to-video,Image to Video AI | Turn Photos into Animated Videos | Lovart,2026-05-03,72,PATCH: 检查 SEO meta (title/desc/og) 是否合规; 评估是否在相关 tools 页交叉链接; push IndexNow
tierC-diagnose,tool,ja,image-to-video,/ja/tools/image-to-video,画像からビデオへの AI |写真をアニメーションビデオに変える |ロヴァート,2026-05-03,72,PATCH: 检查 SEO meta (title/desc/og) 是否合规; 评估是否在相关 tools 页交叉链接; push IndexNow
tierC-diagnose,tool,ko,image-to-video,/ko/tools/image-to-video,이미지를 비디오 AI로 | 사진을 애니메이션 비디오로 변환 | 로바트,2026-05-03,72,PATCH: 检查 SEO meta (title/desc/og) 是否合规; 评估是否在相关 tools 页交叉链接; push IndexNow
tierC-diagnose,tool,pt,image-to-video,/pt/tools/image-to-video,Imagem para Vídeo AI | Transforme fotos em vídeos animados | Lovart,2026-05-03,72,PATCH: 检查 SEO meta (title/desc/og) 是否合规; 评估是否在相关 tools 页交叉链接; push IndexNow
tierC-diagnose,tool,ru,image-to-video,/ru/tools/image-to-video,Изображение в видео AI | Превратите фотографии в анимированные видеоролики | Ловарт,2026-05-03,72,PATCH: 检查 SEO meta (title/desc/og) 是否合规; 评估是否在相关 tools 页交叉链接; push IndexNow
tierC-diagnose,tool,zh-TW,image-to-video,/zh-TW/tools/image-to-video,影像轉影片人工智慧 |將照片變成動畫影片 |洛瓦特,2026-05-03,72,PATCH: 检查 SEO meta (title/desc/og) 是否合规; 评估是否在相关 tools 页交叉链接; push IndexNow
tierC-diagnose,feature,en,secure-student-id-card-design,/en/features/secure-student-id-card-design,Professional Student ID Card Design | Secure & Customizable AI Solutions,2026-05-03,72,PATCH: 检查 SEO meta (title/desc/og) 是否合规; 评估是否在相关 tools 页交叉链接; push IndexNow
tierC-diagnose,feature,ja,secure-student-id-card-design,/ja/features/secure-student-id-card-design,プロの学生証デザイン｜安全でカスタマイズ可能なAIソリューション,2026-05-03,72,PATCH: 检查 SEO meta (title/desc/og) 是否合规; 评估是否在相关 tools 页交叉链接; push IndexNow
tierC-diagnose,feature,de,ai-short-video-generator,/de/features/ai-short-video-generator,KI-Kurzvideo-Generator: Virale Shorts & Reels | Lovart,2026-05-04,71,PATCH: 检查 SEO meta (title/desc/og) 是否合规; 评估是否在相关 tools 页交叉链接; push IndexNow
tierC-diagnose,feature,en,ai-short-video-generator,/en/features/ai-short-video-generator,AI Short Video Generator: Create Viral Shorts & Reels | Lovart,2026-05-04,71,PATCH: 检查 SEO meta (title/desc/og) 是否合规; 评估是否在相关 tools 页交叉链接; push IndexNow
tierC-diagnose,feature,fr,ai-short-video-generator,/fr/features/ai-short-video-generator,Générateur IA de vidéos courtes : créez des Reels viraux | Lovart,2026-05-04,71,PATCH: 检查 SEO meta (title/desc/og) 是否合规; 评估是否在相关 tools 页交叉链接; push IndexNow
tierC-diagnose,feature,it,ai-short-video-generator,/it/features/ai-short-video-generator,Generatore IA di video brevi: crea Reel virali | Lovart,2026-05-04,71,PATCH: 检查 SEO meta (title/desc/og) 是否合规; 评估是否在相关 tools 页交叉链接; push IndexNow
tierC-diagnose,feature,ja,ai-short-video-generator,/ja/features/ai-short-video-generator,Lovartで作るバズるショート動画,2026-05-04,71,PATCH: 检查 SEO meta (title/desc/og) 是否合规; 评估是否在相关 tools 页交叉链接; push IndexNow
tierC-diagnose,feature,ko,ai-short-video-generator,/ko/features/ai-short-video-generator,바이럴 숏폼 영상 생성기 | Lovart,2026-05-04,71,PATCH: 检查 SEO meta (title/desc/og) 是否合规; 评估是否在相关 tools 页交叉链接; push IndexNow
tierC-diagnose,feature,pt,ai-short-video-generator,/pt/features/ai-short-video-generator,Gerador de Vídeos Curtos com IA: Crie Virais | Lovart,2026-05-04,71,PATCH: 检查 SEO meta (title/desc/og) 是否合规; 评估是否在相关 tools 页交叉链接; push IndexNow
tierC-diagnose,feature,ru,ai-short-video-generator,/ru/features/ai-short-video-generator,ИИ-генератор коротких видео: создавайте вирусные ролики | Lovart,2026-05-04,71,PATCH: 检查 SEO meta (title/desc/og) 是否合规; 评估是否在相关 tools 页交叉链接; push IndexNow
tierC-diagnose,tool,en,free-ai-mockup-generator,/en/tools/free-ai-mockup-generator,AI Free Ai Mockup Generator | Lovart,2026-05-04,71,PATCH: 检查 SEO meta (title/desc/og) 是否合规; 评估是否在相关 tools 页交叉链接; push IndexNow
tierC-diagnose,feature,de,event-program-design,/de/features/event-program-design,KI-Eventprogramm-Gestalter für druckreife Designs | Lovart,2026-05-05,70,PATCH: 检查 SEO meta (title/desc/og) 是否合规; 评估是否在相关 tools 页交叉链接; push IndexNow
tierC-diagnose,feature,en,event-program-design,/en/features/event-program-design,AI Event Program Maker for Print‑Ready Designs | Lovart,2026-05-05,70,PATCH: 检查 SEO meta (title/desc/og) 是否合规; 评估是否在相关 tools 页交叉链接; push IndexNow
tierC-diagnose,feature,fr,event-program-design,/fr/features/event-program-design,Créateur de programmes IA pour designs prêts à imprimer | Lovart,2026-05-05,70,PATCH: 检查 SEO meta (title/desc/og) 是否合规; 评估是否在相关 tools 页交叉链接; push IndexNow
tierC-diagnose,feature,it,event-program-design,/it/features/event-program-design,Crea programmi evento con IA per design pronti per la stampa | Lovart,2026-05-05,70,PATCH: 检查 SEO meta (title/desc/og) 是否合规; 评估是否在相关 tools 页交叉链接; push IndexNow
tierC-diagnose,feature,ja,event-program-design,/ja/features/event-program-design,Lovartで作るAIイベントプログラム,2026-05-05,70,PATCH: 检查 SEO meta (title/desc/og) 是否合规; 评估是否在相关 tools 页交叉链接; push IndexNow
tierC-diagnose,feature,ko,event-program-design,/ko/features/event-program-design,AI 이벤트 프로그램 메이커 | Lovart,2026-05-05,70,PATCH: 检查 SEO meta (title/desc/og) 是否合规; 评估是否在相关 tools 页交叉链接; push IndexNow
tierC-diagnose,feature,pt,event-program-design,/pt/features/event-program-design,Criador de Programas de Eventos com IA | Lovart,2026-05-05,70,PATCH: 检查 SEO meta (title/desc/og) 是否合规; 评估是否在相关 tools 页交叉链接; push IndexNow
tierC-diagnose,feature,ru,event-program-design,/ru/features/event-program-design,Генератор программ для мероприятий на ИИ | Lovart,2026-05-05,70,PATCH: 检查 SEO meta (title/desc/og) 是否合规; 评估是否在相关 tools 页交叉链接; push IndexNow
tierC-diagnose,tool,en,nanobanana-pro,/en/tools/nanobanana-pro,AI Nanobanana Pro | Lovart,2026-05-05,70,PATCH: 检查 SEO meta (title/desc/og) 是否合规; 评估是否在相关 tools 页交叉链接; push IndexNow
tierC-diagnose,feature,zh-TW,flyer-design,/zh-TW/features/flyer-design,AI傳單製作器：快速打造高轉換專業傳單,2026-05-06,69,PATCH: 检查 SEO meta (title/desc/og) 是否合规; 评估是否在相关 tools 页交叉链接; push IndexNow
tierC-diagnose,tool,en,image-to-image,/en/tools/image-to-image,AI Image To Image | Lovart,2026-05-06,69,PATCH: 检查 SEO meta (title/desc/og) 是否合规; 评估是否在相关 tools 页交叉链接; push IndexNow
tierC-diagnose,feature,de,change-video-background,/de/features/change-video-background,Hintergrund mit KI ändern | Szenenwechsel | Lovart,2026-05-07,68,PATCH: 检查 SEO meta (title/desc/og) 是否合规; 评估是否在相关 tools 页交叉链接; push IndexNow
tierC-diagnose,feature,fr,change-video-background,/fr/features/change-video-background,Changez le fond d'une vidéo avec IA | Lovart,2026-05-07,68,PATCH: 检查 SEO meta (title/desc/og) 是否合规; 评估是否在相关 tools 页交叉链接; push IndexNow
tierC-diagnose,feature,it,change-video-background,/it/features/change-video-background,Cambia sfondo video con IA | Scene Swap | Lovart,2026-05-07,68,PATCH: 检查 SEO meta (title/desc/og) 是否合规; 评估是否在相关 tools 页交叉链接; push IndexNow
tierC-diagnose,feature,ja,change-video-background,/ja/features/change-video-background,AIで動画背景を変更｜シーンスワップ｜Lovart,2026-05-07,68,PATCH: 检查 SEO meta (title/desc/og) 是否合规; 评估是否在相关 tools 页交叉链接; push IndexNow
tierC-diagnose,feature,ko,change-video-background,/ko/features/change-video-background,AI로 영상 배경 바꾸기 | 씬 스왑 | Lovart,2026-05-07,68,PATCH: 检查 SEO meta (title/desc/og) 是否合规; 评估是否在相关 tools 页交叉链接; push IndexNow
tierC-diagnose,feature,pt,change-video-background,/pt/features/change-video-background,Troque o fundo do vídeo com IA | Lovart,2026-05-07,68,PATCH: 检查 SEO meta (title/desc/og) 是否合规; 评估是否在相关 tools 页交叉链接; push IndexNow
tierC-diagnose,feature,ru,change-video-background,/ru/features/change-video-background,Смените фон видео с ИИ | Lovart,2026-05-07,68,PATCH: 检查 SEO meta (title/desc/og) 是否合规; 评估是否在相关 tools 页交叉链接; push IndexNow
tierC-diagnose,feature,en,seedance-ai-video-generator,/en/features/seedance-ai-video-generator,Seedance AI Video Generator: Create Cinematic & Fluid Motion Videos | Lovart,2026-05-08,67,PATCH: 检查 SEO meta (title/desc/og) 是否合规; 评估是否在相关 tools 页交叉链接; push IndexNow
tierC-diagnose,tool,en,ai-image-upscaler,/en/tools/ai-image-upscaler,AI Image Upscaler | Upscale Images to 4K | Lovart,2026-05-08,67,PATCH: 检查 SEO meta (title/desc/og) 是否合规; 评估是否在相关 tools 页交叉链接; push IndexNow
tierC-diagnose,tool,zh,ai-image-upscaler,/zh/tools/ai-image-upscaler,AI 图像放大 | 4K 高清图像 |洛瓦特,2026-05-08,67,PATCH: 检查 SEO meta (title/desc/og) 是否合规; 评估是否在相关 tools 页交叉链接; push IndexNow
tierC-diagnose,feature,en,diploma-design,/en/features/diploma-design,AI Diploma Design Generator for Academic Credentials | Lovart AI Design Agent,2026-05-09,66,PATCH: 检查 SEO meta (title/desc/og) 是否合规; 评估是否在相关 tools 页交叉链接; push IndexNow
tierC-diagnose,feature,ja,diploma-design,/ja/features/diploma-design,Lovart AIが生成する学位デザイン,2026-05-09,66,PATCH: 检查 SEO meta (title/desc/og) 是否合规; 评估是否在相关 tools 页交叉链接; push IndexNow
tierC-diagnose,tool,en,sora2,/en/tools/sora2,Sora 2 AI Video Generator | Cinematic Video Creation on Lovart,2026-05-09,66,PATCH: 检查 SEO meta (title/desc/og) 是否合规; 评估是否在相关 tools 页交叉链接; push IndexNow
tierC-diagnose,tool,it,sora2,/it/tools/sora2,Generatore video AI di Sora 2 | Creazione video cinematografici su Lovart,2026-05-09,66,PATCH: 检查 SEO meta (title/desc/og) 是否合规; 评估是否在相关 tools 页交叉链接; push IndexNow
tierC-diagnose,tool,ja,sora2,/ja/tools/sora2,Sora 2 AI ビデオ ジェネレーター | Lovart で映画のようなビデオを作成,2026-05-09,66,PATCH: 检查 SEO meta (title/desc/og) 是否合规; 评估是否在相关 tools 页交叉链接; push IndexNow
tierC-diagnose,tool,ko,sora2,/ko/tools/sora2,소라2 AI 영상 생성기 | Lovart에서 영화 같은 영상 제작,2026-05-09,66,PATCH: 检查 SEO meta (title/desc/og) 是否合规; 评估是否在相关 tools 页交叉链接; push IndexNow
tierC-diagnose,tool,pt,sora2,/pt/tools/sora2,Gerador de vídeo Sora 2 AI | Criação de vídeo cinematográfico em Lovart,2026-05-09,66,PATCH: 检查 SEO meta (title/desc/og) 是否合规; 评估是否在相关 tools 页交叉链接; push IndexNow
tierC-diagnose,tool,ru,sora2,/ru/tools/sora2,Сора 2 AI-видеогенератор | Создание кинематографического видео на Lovart,2026-05-09,66,PATCH: 检查 SEO meta (title/desc/og) 是否合规; 评估是否在相关 tools 页交叉链接; push IndexNow
tierC-diagnose,tool,zh-TW,sora2,/zh-TW/tools/sora2,Sora 2 AI 視訊產生器 | Lovart 上的電影影片創作,2026-05-09,66,PATCH: 检查 SEO meta (title/desc/og) 是否合规; 评估是否在相关 tools 页交叉链接; push IndexNow
tierC-diagnose,feature,en,instagram-story-maker,/en/features/instagram-story-maker,AI Instagram Story Generator: Create Viral 9:16 Visuals | Lovart,2026-05-10,65,PATCH: 检查 SEO meta (title/desc/og) 是否合规; 评估是否在相关 tools 页交叉链接; push IndexNow
tierC-diagnose,feature,fr,instagram-story-maker,/fr/features/instagram-story-maker,Générateur IA de Stories Instagram : visuels viraux 9:16 | Lovart,2026-05-10,65,PATCH: 检查 SEO meta (title/desc/og) 是否合规; 评估是否在相关 tools 页交叉链接; push IndexNow
tierC-diagnose,feature,it,instagram-story-maker,/it/features/instagram-story-maker,Generatore IA di Storie Instagram: Crea Visual 9:16 Virali | Lovart,2026-05-10,65,PATCH: 检查 SEO meta (title/desc/og) 是否合规; 评估是否在相关 tools 页交叉链接; push IndexNow
tierC-diagnose,feature,ja,instagram-story-maker,/ja/features/instagram-story-maker,Lovartで作る縦型バイラル動画,2026-05-10,65,PATCH: 检查 SEO meta (title/desc/og) 是否合规; 评估是否在相关 tools 页交叉链接; push IndexNow
tierC-diagnose,feature,ko,instagram-story-maker,/ko/features/instagram-story-maker,Lovart AI 인스타 스토리 생성기: 9:16 바이럴 비주얼,2026-05-10,65,PATCH: 检查 SEO meta (title/desc/og) 是否合规; 评估是否在相关 tools 页交叉链接; push IndexNow
tierC-diagnose,feature,pt,instagram-story-maker,/pt/features/instagram-story-maker,Gerador de Stories no Instagram com IA | Lovart,2026-05-10,65,PATCH: 检查 SEO meta (title/desc/og) 是否合规; 评估是否在相关 tools 页交叉链接; push IndexNow
tierC-diagnose,feature,ru,instagram-story-maker,/ru/features/instagram-story-maker,Генератор историй ИИ: создавайте вирусные 9:16 | Lovart,2026-05-10,65,PATCH: 检查 SEO meta (title/desc/og) 是否合规; 评估是否在相关 tools 页交叉链接; push IndexNow
tierC-diagnose,feature,de,instagram-story-maker,/de/features/instagram-story-maker,KI-Instagram-Story-Generator: Erstelle virale 9:16-Visuals | Lovart,2026-05-10,65,PATCH: 检查 SEO meta (title/desc/og) 是否合规; 评估是否在相关 tools 页交叉链接; push IndexNow
tierC-diagnose,tool,zh,chat-to-image-ai-generator,/zh/tools/chat-to-image-ai-generator,AI 聊天图像生成器 |对话式图像创作 |洛瓦特,2026-05-10,65,PATCH: 检查 SEO meta (title/desc/og) 是否合规; 评估是否在相关 tools 页交叉链接; push IndexNow
tierC-diagnose,tool,zh-TW,chat-to-image-ai-generator,/zh-TW/tools/chat-to-image-ai-generator,AI 聊天影像產生器 |對話式影像創作 |洛瓦特,2026-05-10,65,PATCH: 检查 SEO meta (title/desc/og) 是否合规; 评估是否在相关 tools 页交叉链接; push IndexNow
