rank,tier,slug,title,doc_id,writer_type,target_skill,upgrade_label,sprint_bucket,upgrade_score,clicks_28d,impressions_28d,position_28d,rewrite_score,chars,content_cluster,current_state,next_round,rationale,recommended_depth,recommended_action
1,A_top_100_signal_refresh,freepik-ai-image-generator-review,"Freepik AI Review 2026: Features, Pricing & Lovart Alternative",freepik-ai-image-generator-review,Review,lovart-review,pillar_candidate,pillar,4558.74,736.0,268718.0,7.31,29287.44,14391,AI Image,signal_refresh_complete,Round 2 -> Round 3,Review; broad-intent; 268718 impressions; 736 clicks; pos 7.3; strong pillar potential,"Full multi-round rewrite with SERP evidence, tested walkthrough, framework, cluster hub role.","Rewrite with lovart-blog-signal-writer using GSC top queries, improve title/meta/intro/FAQ/internal links."
2,A_top_100_signal_refresh,ai-branding-design,AI Branding Design: A Practical Lovart Workflow Guide,43c0e24b-09e2-40e1-936d-8825b95e84cb,How-To,how-to-benchmark-research,pillar_candidate,pillar,2224.94,435.0,19118.0,10.58,6249.44,8887,Brand System,signal_refresh_complete,Round 2 -> Round 3,How-To; broad-intent; 19118 impressions; 435 clicks; pos 10.6; strong pillar potential,"Full multi-round rewrite with SERP evidence, tested walkthrough, framework, cluster hub role.","Rewrite with lovart-blog-signal-writer using GSC top queries, improve title/meta/intro/FAQ/internal links."
3,A_top_100_signal_refresh,ai-poster-prompts-tutorial,AI Poster Prompts Tutorial: A Practical Lovart Workflow Guide,3872afe4-9f38-4eaf-a0c7-331853fd2821,How-To,how-to-benchmark-research,pillar_candidate,pillar,1898.85,213.0,6106.0,5.71,2988.48,8927,General Creative Workflow,signal_refresh_complete,Round 2 -> Round 3,How-To; broad-intent; 6106 impressions; 213 clicks; pos 5.7; strong pillar potential,"Full multi-round rewrite with SERP evidence, tested walkthrough, framework, cluster hub role.","Rewrite with lovart-blog-signal-writer using GSC top queries, improve title/meta/intro/FAQ/internal links."
4,A_top_100_signal_refresh,what-is-civitai-red,What Is CivitAI Red? Complete Guide 2026 | Lovart,blog-what-is-civitai-red-en,Complete Guide,lovart-complete-guide,pillar_candidate,pillar,1899.78,45.0,18972.0,6.68,2397.76,11766,General Creative Workflow,signal_refresh_complete,Round 2 -> Round 3,Complete Guide; broad-intent; 18972 impressions; 45 clicks; pos 6.7; strong pillar potential,"Full multi-round rewrite with SERP evidence, tested walkthrough, framework, cluster hub role.","Rewrite with lovart-blog-signal-writer using GSC top queries, improve title/meta/intro/FAQ/internal links."
5,A_top_100_signal_refresh,how-to-use-veo3-free,"How to Use Veo 3.1 for Free: Unlimited Access, No Sign-Up Tricks",blog-veo3free-en,How-To,how-to-benchmark-research,deep_refresh_candidate,a_support,1681.43,154.0,5554.0,8.63,2314.32,11856,General Creative Workflow,signal_refresh_complete,Round 2 -> Round 3,How-To; 5554 impressions; 154 clicks; pos 8.6; worth second-stage depth upgrade,"Second-stage deep refresh: add evidence, judgment, tested sections, and stronger FAQ.","Rewrite with lovart-blog-signal-writer using GSC top queries, improve title/meta/intro/FAQ/internal links."
6,A_top_100_signal_refresh,10-best-ai-video-editing-tools-2026,"10 Best AI Video Editing Tools 2026: Tested for YouTube, TikTok & Pro Work | Lovart",10-best-ai-video-editing-tools-2026,How-To,how-to-benchmark-research,pillar_candidate,pillar,1704.96,3.0,21245.0,7.94,2159.6,15059,AI Video,signal_refresh_complete,Round 2 -> Round 3,How-To; broad-intent; 21245 impressions; 3 clicks; pos 7.9; strong pillar potential,"Full multi-round rewrite with SERP evidence, tested walkthrough, framework, cluster hub role.","Rewrite with lovart-blog-signal-writer using GSC top queries, improve title/meta/intro/FAQ/internal links."
7,A_top_100_signal_refresh,craiyon-ai-review,Craiyon AI Review: A Practical Lovart Workflow Guide,craiyon-ai-review,Review,lovart-review,pillar_candidate,pillar,1805.77,42.0,10846.0,6.78,1757.68,8882,General Creative Workflow,signal_refresh_complete,Round 2 -> Round 3,Review; broad-intent; 10846 impressions; 42 clicks; pos 6.8; strong pillar potential,"Full multi-round rewrite with SERP evidence, tested walkthrough, framework, cluster hub role.","Rewrite with lovart-blog-signal-writer using GSC top queries, improve title/meta/intro/FAQ/internal links."
8,A_top_100_signal_refresh,complete-guide-consistent-ai-character-design,The 2026 Complete Guide to Consistent AI Character Design,complete-guide-consistent-ai-character-design,Complete Guide,lovart-complete-guide,pillar_candidate,pillar,1769.98,19.0,13872.0,11.34,1729.76,49341,Character Consistency,signal_refresh_complete,Round 2 -> Round 3,Complete Guide; broad-intent; 13872 impressions; 19 clicks; pos 11.3; strong pillar potential,"Full multi-round rewrite with SERP evidence, tested walkthrough, framework, cluster hub role.","Rewrite with lovart-blog-signal-writer using GSC top queries, improve title/meta/intro/FAQ/internal links."
9,A_top_100_signal_refresh,krea-ai-video-generator-review,Krea AI Video Generator Review: A Design-First Approach to AI Video Creation,krea-ai-video-generator-review,Review,lovart-review,pillar_candidate,pillar,1699.86,15.0,10857.0,7.91,1448.56,9609,AI Video,signal_refresh_complete,Round 2 -> Round 3,Review; broad-intent; 10857 impressions; 15 clicks; pos 7.9; strong pillar potential,"Full multi-round rewrite with SERP evidence, tested walkthrough, framework, cluster hub role.","Rewrite with lovart-blog-signal-writer using GSC top queries, improve title/meta/intro/FAQ/internal links."
10,A_top_100_signal_refresh,runway-alternatives,Runway Alternatives: The Complete 2026 Guide to Finding Your Perfect AI Video Tool,runway-alternatives,Review,lovart-review,pillar_candidate,pillar,1712.9,20.0,9988.0,7.67,1429.04,14656,AI Video,signal_refresh_complete,Round 2 -> Round 3,Review; broad-intent; 9988 impressions; 20 clicks; pos 7.7; strong pillar potential,"Full multi-round rewrite with SERP evidence, tested walkthrough, framework, cluster hub role.","Rewrite with lovart-blog-signal-writer using GSC top queries, improve title/meta/intro/FAQ/internal links."
11,A_top_100_signal_refresh,pika-ai-review-2025-ai-video-generation-platform-hands-on-test,Pika AI Review 2025 AI Video Generation Platform Hands On Test: A Practical Lovart Workflow Guide,pika-ai-review-2025-ai-video-generation-platform-hands-on-test,Review,lovart-review,pillar_candidate,pillar,1652.44,0.0,12430.0,8.41,1424.4,9107,AI Video,signal_refresh_complete,Round 2 -> Round 3,Review; broad-intent; 12430 impressions; pos 8.4; strong pillar potential,"Full multi-round rewrite with SERP evidence, tested walkthrough, framework, cluster hub role.","Rewrite with lovart-blog-signal-writer using GSC top queries, improve title/meta/intro/FAQ/internal links."
12,A_top_100_signal_refresh,text-art-ascii-tools-compared,Text Art & ASCII Generators Compared: Patorjk vs TextFancy vs Lovart,text-art-ascii-tools-compared,Review,lovart-review,pillar_candidate,pillar,1759.22,49.0,4652.0,6.68,1292.16,9616,General Creative Workflow,signal_refresh_complete,Round 2 -> Round 3,Review; broad-intent; 4652 impressions; 49 clicks; pos 6.7; strong pillar potential,"Full multi-round rewrite with SERP evidence, tested walkthrough, framework, cluster hub role.","Rewrite with lovart-blog-signal-writer using GSC top queries, improve title/meta/intro/FAQ/internal links."
13,A_top_100_signal_refresh,seedream-4-5-free-guide,"Seedream 4.5 Free Guide: Image Generation, Editing Limits, and Prompt Tips",blog-seedream-4-5-free-guide-en,How-To,how-to-benchmark-research,pillar_candidate,pillar,1726.61,68.0,3201.0,8.56,1266.08,13760,AI Image,signal_refresh_complete,Round 2 -> Round 3,How-To; broad-intent; 3201 impressions; 68 clicks; pos 8.6; strong pillar potential,"Full multi-round rewrite with SERP evidence, tested walkthrough, framework, cluster hub role.","Rewrite with lovart-blog-signal-writer using GSC top queries, improve title/meta/intro/FAQ/internal links."
14,A_top_100_signal_refresh,ai-powered-design-agent-for-creators,What Is an AI Design Agent and Why It Matters in 2026,ai-powered-design-agent-for-creators,Lovart 101,lovart-101,pillar_candidate,pillar,1682.6,12.0,8950.0,5.85,1266.0,16260,AI Design Agent,signal_refresh_complete,Round 2 -> Round 3,Lovart 101; broad-intent; 8950 impressions; 12 clicks; pos 5.8; strong pillar potential,"Full multi-round rewrite with SERP evidence, tested walkthrough, framework, cluster hub role.","Rewrite with lovart-blog-signal-writer using GSC top queries, improve title/meta/intro/FAQ/internal links."
15,A_top_100_signal_refresh,best-ai-design-tools-2026,Best AI Design Tools 2026: A Practical Lovart Workflow Guide,best-ai-design-tools-2026,How-To,how-to-benchmark-research,pillar_candidate,pillar,1612.24,4.0,8655.0,11.07,1202.4,8922,General Creative Workflow,signal_refresh_complete,Round 2 -> Round 3,How-To; broad-intent; 8655 impressions; 4 clicks; pos 11.1; strong pillar potential,"Full multi-round rewrite with SERP evidence, tested walkthrough, framework, cluster hub role.","Rewrite with lovart-blog-signal-writer using GSC top queries, improve title/meta/intro/FAQ/internal links."
16,A_top_100_signal_refresh,best-ai-design-tools-2026,Best AI Design Tools 2026: A Practical Lovart Workflow Guide,blog-best-ai-design-tools-2026-en,How-To,how-to-benchmark-research,pillar_candidate,pillar,1612.24,4.0,8655.0,11.07,1202.4,8922,General Creative Workflow,signal_refresh_complete,Round 2 -> Round 3,How-To; broad-intent; 8655 impressions; 4 clicks; pos 11.1; strong pillar potential,"Full multi-round rewrite with SERP evidence, tested walkthrough, framework, cluster hub role.","Rewrite with lovart-blog-signal-writer using GSC top queries, improve title/meta/intro/FAQ/internal links."
17,A_top_100_signal_refresh,media-io-review,"Media.io Review 2026: Features, Pricing & Lovart Alternative",media-io-review,Review,lovart-review,pillar_candidate,pillar,1700.14,26.0,5393.0,7.97,1121.44,11544,General Creative Workflow,signal_refresh_complete,Round 2 -> Round 3,Review; broad-intent; 5393 impressions; 26 clicks; pos 8.0; strong pillar potential,"Full multi-round rewrite with SERP evidence, tested walkthrough, framework, cluster hub role.","Rewrite with lovart-blog-signal-writer using GSC top queries, improve title/meta/intro/FAQ/internal links."
18,A_top_100_signal_refresh,luma-dream-machine-review-2025-features-pricing-and-honest-performance-test,Luma Dream Machine Review 2025 Features Pricing And Honest Performance Test: A Practical Lovart Workflow Guide,luma-dream-machine-review-2025-features-pricing-and-honest-perfo,Review,lovart-review,pillar_candidate,pillar,1633.18,4.0,8023.0,9.79,1111.84,9172,General Creative Workflow,signal_refresh_complete,Round 2 -> Round 3,Review; broad-intent; 8023 impressions; 4 clicks; pos 9.8; strong pillar potential,"Full multi-round rewrite with SERP evidence, tested walkthrough, framework, cluster hub role.","Rewrite with lovart-blog-signal-writer using GSC top queries, improve title/meta/intro/FAQ/internal links."
19,A_top_100_signal_refresh,hedra-ai-review,"Hedra AI Review 2026: Features, Pricing & Lovart Alternative",f03e85f7-01fe-4459-b558-884e8c0a019c,Review,lovart-review,pillar_candidate,pillar,1706.72,29.0,4715.0,7.85,1097.2,51153,General Creative Workflow,signal_refresh_complete,Round 2 -> Round 3,Review; broad-intent; 4715 impressions; 29 clicks; pos 7.8; strong pillar potential,"Full multi-round rewrite with SERP evidence, tested walkthrough, framework, cluster hub role.","Rewrite with lovart-blog-signal-writer using GSC top queries, improve title/meta/intro/FAQ/internal links."
20,A_top_100_signal_refresh,imagefx-review,Google ImageFX Review: When Search Giant Enters AI Image Generation,imagefx-review,Review,lovart-review,pillar_candidate,pillar,1694.53,25.0,4691.0,10.94,1095.28,8414,AI Image,signal_refresh_complete,Round 2 -> Round 3,Review; broad-intent; 4691 impressions; 25 clicks; pos 10.9; strong pillar potential,"Full multi-round rewrite with SERP evidence, tested walkthrough, framework, cluster hub role.","Rewrite with lovart-blog-signal-writer using GSC top queries, improve title/meta/intro/FAQ/internal links."
21,A_top_100_signal_refresh,ai-brand-kit-generator-indie-brands,AI Brand Kit Generator for Indie Brands: Complete 2026 Guide | Lovart,ai-brand-kit-generator-indie-brands,Best Practice,lovart-best-practice,pillar_candidate,pillar,1687.68,32.0,3960.0,8.17,1066.8,29023,Brand System,signal_refresh_complete,Round 2 -> Round 3,Best Practice; broad-intent; 3960 impressions; 32 clicks; pos 8.2; strong pillar potential,"Full multi-round rewrite with SERP evidence, tested walkthrough, framework, cluster hub role.","Rewrite with lovart-blog-signal-writer using GSC top queries, improve title/meta/intro/FAQ/internal links."
22,A_top_100_signal_refresh,complete-guide-ai-floor-plan-architecture-design,The 2026 Complete Guide to AI Floor Plan & Architecture Design,complete-guide-ai-floor-plan-architecture-design,Complete Guide,lovart-complete-guide,pillar_candidate,pillar,1672.52,14.0,4190.0,11.49,905.2,49688,General Creative Workflow,signal_refresh_complete,Round 2 -> Round 3,Complete Guide; broad-intent; 4190 impressions; 14 clicks; pos 11.5; strong pillar potential,"Full multi-round rewrite with SERP evidence, tested walkthrough, framework, cluster hub role.","Rewrite with lovart-blog-signal-writer using GSC top queries, improve title/meta/intro/FAQ/internal links."
23,A_top_100_signal_refresh,7-best-ai-image-upscalers-4k-2026,7 Best AI Image Upscalers 4k 2026: A Practical Lovart Workflow Guide,7-best-ai-image-upscalers-4k-2026,How-To,how-to-benchmark-research,pillar_candidate,pillar,1582.5,4.0,4938.0,14.15,905.04,8962,AI Image,signal_refresh_complete,Round 2 -> Round 3,How-To; broad-intent; 4938 impressions; 4 clicks; pos 14.2; strong pillar potential,"Full multi-round rewrite with SERP evidence, tested walkthrough, framework, cluster hub role.","Rewrite with lovart-blog-signal-writer using GSC top queries, improve title/meta/intro/FAQ/internal links."
24,A_top_100_signal_refresh,02-wiki-custom-skills-guide,Creating Custom Skills: Automate Your Design Workflows in Lovart,02-wiki-custom-skills-guide,How-To,how-to-benchmark-research,pillar_candidate,pillar,1631.34,21.0,3042.0,5.4,883.36,55843,General Creative Workflow,signal_refresh_complete,Round 2 -> Round 3,How-To; broad-intent; 3042 impressions; 21 clicks; pos 5.4; strong pillar potential,"Full multi-round rewrite with SERP evidence, tested walkthrough, framework, cluster hub role.","Rewrite with lovart-blog-signal-writer using GSC top queries, improve title/meta/intro/FAQ/internal links."
25,A_top_100_signal_refresh,twitter-image-design-guide,Twitter Image Design Guide: A Practical Lovart Workflow Guide,twitter-image-design-guide,How-To,how-to-benchmark-research,pillar_candidate,pillar,1590.12,8.0,3890.0,16.24,861.2,8927,AI Image,signal_refresh_complete,Round 2 -> Round 3,How-To; broad-intent; 3890 impressions; 8 clicks; pos 16.2; strong pillar potential,"Full multi-round rewrite with SERP evidence, tested walkthrough, framework, cluster hub role.","Rewrite with lovart-blog-signal-writer using GSC top queries, improve title/meta/intro/FAQ/internal links."
26,A_top_100_signal_refresh,meta-imagine-ai-review,Meta Imagine AI Review: Social Giant's Free AI Image Generation,meta-imagine-ai-review,Review,lovart-review,pillar_candidate,pillar,1613.18,6.0,4022.0,11.05,851.76,8215,AI Image,signal_refresh_complete,Round 2 -> Round 3,Review; broad-intent; 4022 impressions; 6 clicks; pos 11.1; strong pillar potential,"Full multi-round rewrite with SERP evidence, tested walkthrough, framework, cluster hub role.","Rewrite with lovart-blog-signal-writer using GSC top queries, improve title/meta/intro/FAQ/internal links."
27,A_top_100_signal_refresh,sora-ai-review,Sora AI Review: A Practical Lovart Workflow Guide,9c6e3ecb-aaf2-48e0-a63f-23eab9da5ed3,Review,lovart-review,pillar_candidate,pillar,1605.52,4.0,4065.0,10.32,835.2,8867,General Creative Workflow,signal_refresh_complete,Round 2 -> Round 3,Review; broad-intent; 4065 impressions; 4 clicks; pos 10.3; strong pillar potential,"Full multi-round rewrite with SERP evidence, tested walkthrough, framework, cluster hub role.","Rewrite with lovart-blog-signal-writer using GSC top queries, improve title/meta/intro/FAQ/internal links."
28,A_top_100_signal_refresh,nano-banana-2-vs-pro,Nano Banana 2 vs Nano Banana Pro: Complete Comparison & Free Access Guide 2026,blog-nbvsp-en,Review,lovart-review,pillar_candidate,pillar,1626.46,11.0,3683.0,12.16,834.64,25777,General Creative Workflow,signal_refresh_complete,Round 2 -> Round 3,Review; broad-intent; 3683 impressions; 11 clicks; pos 12.2; strong pillar potential,"Full multi-round rewrite with SERP evidence, tested walkthrough, framework, cluster hub role.","Rewrite with lovart-blog-signal-writer using GSC top queries, improve title/meta/intro/FAQ/internal links."
29,A_top_100_signal_refresh,8-best-ai-face-swap-apps-2026,8 Best AI Face Swap Apps in 2026: Reface vs DeepAR vs Vidnoz vs Lovart,8-best-ai-face-swap-apps-2026,How-To,how-to-benchmark-research,pillar_candidate,pillar,1611.46,23.0,2008.0,14.13,820.64,14747,General Creative Workflow,signal_refresh_complete,Round 2 -> Round 3,How-To; broad-intent; 2008 impressions; 23 clicks; pos 14.1; strong pillar potential,"Full multi-round rewrite with SERP evidence, tested walkthrough, framework, cluster hub role.","Rewrite with lovart-blog-signal-writer using GSC top queries, improve title/meta/intro/FAQ/internal links."
30,A_top_100_signal_refresh,6-best-ai-body-age-transformation-apps-2026,6 Best AI Body & Age Transformation Apps in 2026: Fitness Visualizer to Facetune Body,6-best-ai-body-age-transformation-apps-2026,How-To,how-to-benchmark-research,pillar_candidate,pillar,1616.69,39.0,1167.0,8.1,813.36,13190,General Creative Workflow,signal_refresh_complete,Round 2 -> Round 3,How-To; broad-intent; 1167 impressions; 39 clicks; pos 8.1; strong pillar potential,"Full multi-round rewrite with SERP evidence, tested walkthrough, framework, cluster hub role.","Rewrite with lovart-blog-signal-writer using GSC top queries, improve title/meta/intro/FAQ/internal links."
31,A_top_100_signal_refresh,discord-community-design-guide,Discord Community Design Guide: A Practical Lovart Workflow Guide,discord-community-design-guide,How-To,how-to-benchmark-research,pillar_candidate,pillar,1585.43,19.0,1766.0,8.11,801.28,8947,General Creative Workflow,signal_refresh_complete,Round 2 -> Round 3,How-To; broad-intent; 1766 impressions; 19 clicks; pos 8.1; strong pillar potential,"Full multi-round rewrite with SERP evidence, tested walkthrough, framework, cluster hub role.","Rewrite with lovart-blog-signal-writer using GSC top queries, improve title/meta/intro/FAQ/internal links."
32,A_top_100_signal_refresh,free-ai-design-tools-2026,Free AI Design Tools 2026: A Practical Lovart Workflow Guide,free-ai-design-tools-2026,How-To,how-to-benchmark-research,pillar_candidate,pillar,1579.65,7.0,3081.0,9.15,786.48,8922,General Creative Workflow,signal_refresh_complete,Round 2 -> Round 3,How-To; broad-intent; 3081 impressions; 7 clicks; pos 9.2; strong pillar potential,"Full multi-round rewrite with SERP evidence, tested walkthrough, framework, cluster hub role.","Rewrite with lovart-blog-signal-writer using GSC top queries, improve title/meta/intro/FAQ/internal links."
33,A_top_100_signal_refresh,ai-illustration-guide,AI Illustration Guide: A Practical Lovart Workflow Guide,ad7b7372-8205-45ae-af23-d39238000d9f,How-To,how-to-benchmark-research,pillar_candidate,pillar,1588.46,11.0,2370.0,8.53,769.6,8902,General Creative Workflow,signal_refresh_complete,Round 2 -> Round 3,How-To; broad-intent; 2370 impressions; 11 clicks; pos 8.5; strong pillar potential,"Full multi-round rewrite with SERP evidence, tested walkthrough, framework, cluster hub role.","Rewrite with lovart-blog-signal-writer using GSC top queries, improve title/meta/intro/FAQ/internal links."
34,A_top_100_signal_refresh,complete-guide-free-ai-design-tools-2026,The 2026 Complete Guide to Free AI Design Tools,complete-guide-free-ai-design-tools-2026,Complete Guide,lovart-complete-guide,pillar_candidate,pillar,1631.9,5.0,3613.0,11.13,769.04,49147,General Creative Workflow,signal_refresh_complete,Round 2 -> Round 3,Complete Guide; broad-intent; 3613 impressions; 5 clicks; pos 11.1; strong pillar potential,"Full multi-round rewrite with SERP evidence, tested walkthrough, framework, cluster hub role.","Rewrite with lovart-blog-signal-writer using GSC top queries, improve title/meta/intro/FAQ/internal links."
35,A_top_100_signal_refresh,hailuo-ai-alternatives,Hailuo Ai Alternative: When to Use a Design Agent Instead,3c576876-e2d4-4194-8565-63a61fb23fa1,Review,lovart-review,pillar_candidate,pillar,1622.28,17.0,2091.0,6.34,767.28,10071,General Creative Workflow,signal_refresh_complete,Round 2 -> Round 3,Review; broad-intent; 2091 impressions; 17 clicks; pos 6.3; strong pillar potential,"Full multi-round rewrite with SERP evidence, tested walkthrough, framework, cluster hub role.","Rewrite with lovart-blog-signal-writer using GSC top queries, improve title/meta/intro/FAQ/internal links."
36,A_top_100_signal_refresh,complete-guide-ai-texture-material-generation,The 2026 Complete Guide to AI Texture & Material Generation,complete-guide-ai-texture-material-generation,Complete Guide,lovart-complete-guide,pillar_candidate,pillar,1656.69,14.0,2374.0,10.64,759.92,51288,General Creative Workflow,signal_refresh_complete,Round 2 -> Round 3,Complete Guide; broad-intent; 2374 impressions; 14 clicks; pos 10.6; strong pillar potential,"Full multi-round rewrite with SERP evidence, tested walkthrough, framework, cluster hub role.","Rewrite with lovart-blog-signal-writer using GSC top queries, improve title/meta/intro/FAQ/internal links."
37,A_top_100_signal_refresh,freepik-ai-alternatives,"Freepik AI Alternatives: 7 Tools for Image Generation, Editing, and Brand Design",blog-freepik-ai-alternatives-en,Review,lovart-review,pillar_candidate,pillar,1603.02,19.0,1621.0,10.56,749.68,18257,AI Image,signal_refresh_complete,Round 2 -> Round 3,Review; broad-intent; 1621 impressions; 19 clicks; pos 10.6; strong pillar potential,"Full multi-round rewrite with SERP evidence, tested walkthrough, framework, cluster hub role.","Rewrite with lovart-blog-signal-writer using GSC top queries, improve title/meta/intro/FAQ/internal links."
38,A_top_100_signal_refresh,amazon-listing-images-ai,Amazon Listing Images AI: A Practical Lovart Workflow Guide,blog-amz-en,How-To,how-to-benchmark-research,pillar_candidate,pillar,1567.4,13.0,1869.0,10.76,749.52,8917,AI Image,signal_refresh_complete,Round 2 -> Round 3,How-To; broad-intent; 1869 impressions; 13 clicks; pos 10.8; strong pillar potential,"Full multi-round rewrite with SERP evidence, tested walkthrough, framework, cluster hub role.","Rewrite with lovart-blog-signal-writer using GSC top queries, improve title/meta/intro/FAQ/internal links."
39,A_top_100_signal_refresh,canva-ai-image-generator-review,"Canva AI Image Generator Review – Features, Testing, and Real-World Results",canva-ai-image-generator-review,Review,lovart-review,pillar_candidate,pillar,1583.81,0.0,3851.0,15.01,738.08,9168,AI Image,signal_refresh_complete,Round 2 -> Round 3,Review; broad-intent; 3851 impressions; pos 15.0; strong pillar potential,"Full multi-round rewrite with SERP evidence, tested walkthrough, framework, cluster hub role.","Rewrite with lovart-blog-signal-writer using GSC top queries, improve title/meta/intro/FAQ/internal links."
40,A_top_100_signal_refresh,lovart-official-chinese-entry-guide,Lovart Official Chinese Entry Guide: How to Find the Real Lovart AI Design Platform,lovart-official-chinese-entry-guide,How-To,how-to-benchmark-research,pillar_candidate,pillar,1590.02,30.0,1328.0,5.75,736.24,9005,General Creative Workflow,signal_refresh_complete,Round 2 -> Round 3,How-To; broad-intent; 1328 impressions; 30 clicks; pos 5.8; strong pillar potential,"Full multi-round rewrite with SERP evidence, tested walkthrough, framework, cluster hub role.","Rewrite with lovart-blog-signal-writer using GSC top queries, improve title/meta/intro/FAQ/internal links."
41,A_top_100_signal_refresh,runway-vs-pika-vs-kling-2026,Runway vs Pika vs Kling 2026: Compare the Workflow Before You Choose,bp-runway-vs-pika-vs-kling-2026,Review,lovart-review,pillar_candidate,pillar,1580.02,9.0,2627.0,8.08,730.16,10047,General Creative Workflow,signal_refresh_complete,Round 2 -> Round 3,Review; 2627 impressions; 9 clicks; pos 8.1; strong pillar potential,"Full multi-round rewrite with SERP evidence, tested walkthrough, framework, cluster hub role.","Rewrite with lovart-blog-signal-writer using GSC top queries, improve title/meta/intro/FAQ/internal links."
42,A_top_100_signal_refresh,capcut-ai-review,Capcut AI Review: A Practical Lovart Workflow Guide,7a3ecf3d-02c4-40b5-ae7d-2c4eb347c2df,Review,lovart-review,pillar_candidate,pillar,1591.89,3.0,2861.0,9.26,728.88,8877,General Creative Workflow,signal_refresh_complete,Round 2 -> Round 3,Review; broad-intent; 2861 impressions; 3 clicks; pos 9.3; strong pillar potential,"Full multi-round rewrite with SERP evidence, tested walkthrough, framework, cluster hub role.","Rewrite with lovart-blog-signal-writer using GSC top queries, improve title/meta/intro/FAQ/internal links."
43,A_top_100_signal_refresh,ai-animation-from-script,AI Animation From Script: A Practical Lovart Workflow Guide,72aacb49-25ca-4a5f-9bfb-4f785a851f5b,How-To,how-to-benchmark-research,pillar_candidate,pillar,1558.24,11.0,1849.0,16.3,727.92,8917,General Creative Workflow,signal_refresh_complete,Round 2 -> Round 3,How-To; broad-intent; 1849 impressions; 11 clicks; pos 16.3; strong pillar potential,"Full multi-round rewrite with SERP evidence, tested walkthrough, framework, cluster hub role.","Rewrite with lovart-blog-signal-writer using GSC top queries, improve title/meta/intro/FAQ/internal links."
44,A_top_100_signal_refresh,free-ai-design-tools-online-no-signup-2026,Free AI Design Tools Online — What You Can Actually Do Without Paying (2026),free-ai-design-tools-online-no-signup-2026,How-To,how-to-benchmark-research,pillar_candidate,pillar,1576.61,8.0,2701.0,7.46,726.08,14112,General Creative Workflow,signal_refresh_complete,Round 2 -> Round 3,How-To; broad-intent; 2701 impressions; 8 clicks; pos 7.5; strong pillar potential,"Full multi-round rewrite with SERP evidence, tested walkthrough, framework, cluster hub role.","Rewrite with lovart-blog-signal-writer using GSC top queries, improve title/meta/intro/FAQ/internal links."
45,A_top_100_signal_refresh,how-to-use-nano-banana-pro-free,How To Use Nano Banana Pro Free: A Practical Lovart Workflow Guide,blog-nbpfcg-en,How-To,how-to-benchmark-research,pillar_candidate,pillar,1564.53,4.0,2691.0,6.29,725.28,8952,General Creative Workflow,signal_refresh_complete,Round 2 -> Round 3,How-To; broad-intent; 2691 impressions; 4 clicks; pos 6.3; strong pillar potential,"Full multi-round rewrite with SERP evidence, tested walkthrough, framework, cluster hub role.","Rewrite with lovart-blog-signal-writer using GSC top queries, improve title/meta/intro/FAQ/internal links."
46,A_top_100_signal_refresh,best-image-to-video-tools-2026,Best Image To Video Tools 2026: A Practical Lovart Workflow Guide,08eb4008-0751-4975-a514-55aebd0ae2a8,How-To,how-to-benchmark-research,pillar_candidate,pillar,1549.76,0.0,2845.0,8.92,697.6,8947,AI Video,signal_refresh_complete,Round 2 -> Round 3,How-To; broad-intent; 2845 impressions; pos 8.9; strong pillar potential,"Full multi-round rewrite with SERP evidence, tested walkthrough, framework, cluster hub role.","Rewrite with lovart-blog-signal-writer using GSC top queries, improve title/meta/intro/FAQ/internal links."
47,A_top_100_signal_refresh,the-vectorize-toggle-turning-ai-art-into-scalable-graphics,"The ""Vectorize"" Toggle: Turning AI Art into Scalable Graphics",the-vectorize-toggle-turning-ai-art-into-scalable-graphics,How-To,how-to-benchmark-research,deep_refresh_candidate,a_support,1388.86,15.0,1308.0,7.77,684.64,9631,General Creative Workflow,signal_refresh_complete,Round 2 -> Round 3,How-To; 1308 impressions; 15 clicks; pos 7.8; worth second-stage depth upgrade,"Second-stage deep refresh: add evidence, judgment, tested sections, and stronger FAQ.","Rewrite with lovart-blog-signal-writer using GSC top queries, improve title/meta/intro/FAQ/internal links."
48,A_top_100_signal_refresh,ai-face-swap-ethics-legal-2026,AI Face Swap Ethics Legal 2026: A Practical Lovart Workflow Guide,2958dcc7-6f38-4bfb-b81f-136bc95aecf1,How-To,how-to-benchmark-research,pillar_candidate,pillar,1532.61,8.0,1614.0,5.47,679.12,8947,General Creative Workflow,signal_refresh_complete,Round 2 -> Round 3,How-To; broad-intent; 1614 impressions; 8 clicks; pos 5.5; strong pillar potential,"Full multi-round rewrite with SERP evidence, tested walkthrough, framework, cluster hub role.","Rewrite with lovart-blog-signal-writer using GSC top queries, improve title/meta/intro/FAQ/internal links."
49,A_top_100_signal_refresh,ai-menu-design-restaurant-layout,AI Menu Design Restaurant Layout: A Practical Lovart Workflow Guide,blog-ai-menu-design-restaurant-layout-en,How-To,how-to-benchmark-research,pillar_candidate,pillar,1524.08,10.0,1329.0,11.21,676.32,8957,General Creative Workflow,signal_refresh_complete,Round 2 -> Round 3,How-To; broad-intent; 1329 impressions; 10 clicks; pos 11.2; strong pillar potential,"Full multi-round rewrite with SERP evidence, tested walkthrough, framework, cluster hub role.","Rewrite with lovart-blog-signal-writer using GSC top queries, improve title/meta/intro/FAQ/internal links."
50,A_top_100_signal_refresh,complete-guide-ai-sketch-drawing-generation,The 2026 Complete Guide to AI Sketch & Drawing Generation,complete-guide-ai-sketch-drawing-generation,Complete Guide,lovart-complete-guide,pillar_candidate,pillar,1598.0,13.0,1431.0,10.73,674.48,60207,General Creative Workflow,signal_refresh_complete,Round 2 -> Round 3,Complete Guide; broad-intent; 1431 impressions; 13 clicks; pos 10.7; strong pillar potential,"Full multi-round rewrite with SERP evidence, tested walkthrough, framework, cluster hub role.","Rewrite with lovart-blog-signal-writer using GSC top queries, improve title/meta/intro/FAQ/internal links."
51,A_top_100_signal_refresh,instagram-stories-ai-guide,How to Create Instagram Stories with AI: The Ultimate 2026 Guide,blog-ig-en,How-To,how-to-benchmark-research,pillar_candidate,pillar,1535.56,13.0,1389.0,9.6,671.12,21947,General Creative Workflow,signal_refresh_complete,Round 2 -> Round 3,How-To; broad-intent; 1389 impressions; 13 clicks; pos 9.6; strong pillar potential,"Full multi-round rewrite with SERP evidence, tested walkthrough, framework, cluster hub role.","Rewrite with lovart-blog-signal-writer using GSC top queries, improve title/meta/intro/FAQ/internal links."
52,A_top_100_signal_refresh,how-to-upscale-images-ai-bing,How to Upscale Low Resolution Images with AI — Quality Guide,how-to-upscale-images-ai-bing,How-To,how-to-benchmark-research,pillar_candidate,pillar,1539.8,11.0,1600.0,6.97,668.0,14142,AI Image,signal_refresh_complete,Round 2 -> Round 3,How-To; broad-intent; 1600 impressions; 11 clicks; pos 7.0; strong pillar potential,"Full multi-round rewrite with SERP evidence, tested walkthrough, framework, cluster hub role.","Rewrite with lovart-blog-signal-writer using GSC top queries, improve title/meta/intro/FAQ/internal links."
53,A_top_100_signal_refresh,ai-business-card-design,AI Business Card Design: How to Create Professional Cards Fast,blog-ai-business-card-design-en,How-To,how-to-benchmark-research,deep_refresh_candidate,a_support,1381.73,13.0,1323.0,8.57,665.84,12407,General Creative Workflow,signal_refresh_complete,Round 2 -> Round 3,How-To; 1323 impressions; 13 clicks; pos 8.6; worth second-stage depth upgrade,"Second-stage deep refresh: add evidence, judgment, tested sections, and stronger FAQ.","Rewrite with lovart-blog-signal-writer using GSC top queries, improve title/meta/intro/FAQ/internal links."
54,A_top_100_signal_refresh,ai-design-tools-pricing-comparison-2026,"AI Design Tools Pricing Comparison 2026: Plans, Value & Best Picks | Lovart",bd-ai-design-tools-pricing-comparison-2026,Review,lovart-review,pillar_candidate,pillar,1558.73,4.0,1823.0,6.94,655.84,8070,General Creative Workflow,signal_refresh_complete,Round 2 -> Round 3,Review; broad-intent; 1823 impressions; 4 clicks; pos 6.9; strong pillar potential,"Full multi-round rewrite with SERP evidence, tested walkthrough, framework, cluster hub role.","Rewrite with lovart-blog-signal-writer using GSC top queries, improve title/meta/intro/FAQ/internal links."
55,A_top_100_signal_refresh,b42-ai-design-pricing-guide-bing,"The Field Guide to AI Design Pricing: Every Plan, Every Tool, No Nonsense",b42-ai-design-pricing-guide-bing,How-To,how-to-benchmark-research,pillar_candidate,pillar,1547.59,2.0,2355.0,6.21,638.4,11188,General Creative Workflow,signal_refresh_complete,Round 2 -> Round 3,How-To; broad-intent; 2355 impressions; 2 clicks; pos 6.2; strong pillar potential,"Full multi-round rewrite with SERP evidence, tested walkthrough, framework, cluster hub role.","Rewrite with lovart-blog-signal-writer using GSC top queries, improve title/meta/intro/FAQ/internal links."
56,A_top_100_signal_refresh,6-best-ai-character-consistency-tools-2026,6 Best AI Character Consistency Tools in 2026: Keep Your Character Looking the Same Across Every Scene,6-best-ai-character-consistency-tools-2026,How-To,how-to-benchmark-research,pillar_candidate,pillar,1521.82,9.0,1428.0,11.29,634.24,13494,Character Consistency,signal_refresh_complete,Round 2 -> Round 3,How-To; broad-intent; 1428 impressions; 9 clicks; pos 11.3; strong pillar potential,"Full multi-round rewrite with SERP evidence, tested walkthrough, framework, cluster hub role.","Rewrite with lovart-blog-signal-writer using GSC top queries, improve title/meta/intro/FAQ/internal links."
57,A_top_100_signal_refresh,ai-illustration-mistakes,AI Illustration Mistakes: A Practical Lovart Workflow Guide,ai-illustration-mistakes,How-To,how-to-benchmark-research,pillar_candidate,pillar,1489.92,10.0,740.0,7.74,629.2,8917,General Creative Workflow,signal_refresh_complete,Round 2 -> Round 3,How-To; broad-intent; 740 impressions; 10 clicks; pos 7.7; strong pillar potential,"Full multi-round rewrite with SERP evidence, tested walkthrough, framework, cluster hub role.","Rewrite with lovart-blog-signal-writer using GSC top queries, improve title/meta/intro/FAQ/internal links."
58,A_top_100_signal_refresh,what-is-goenhance-ai,What is GoEnhance AI?,what-is-goenhance-ai,Lovart 101,lovart-101,pillar_candidate,pillar,1566.59,5.0,1786.0,6.88,622.88,9606,General Creative Workflow,signal_refresh_complete,Round 2 -> Round 3,Lovart 101; broad-intent; 1786 impressions; 5 clicks; pos 6.9; strong pillar potential,"Full multi-round rewrite with SERP evidence, tested walkthrough, framework, cluster hub role.","Rewrite with lovart-blog-signal-writer using GSC top queries, improve title/meta/intro/FAQ/internal links."
59,A_top_100_signal_refresh,ai-lip-sync-video-2026,AI Lip Sync Video 2026: A Practical Lovart Workflow Guide,3695543b-de29-4c90-bbaf-1a02fd28af9e,How-To,how-to-benchmark-research,pillar_candidate,pillar,1504.37,4.0,1403.0,11.99,622.24,8907,AI Video,signal_refresh_complete,Round 2 -> Round 3,How-To; broad-intent; 1403 impressions; 4 clicks; pos 12.0; strong pillar potential,"Full multi-round rewrite with SERP evidence, tested walkthrough, framework, cluster hub role.","Rewrite with lovart-blog-signal-writer using GSC top queries, improve title/meta/intro/FAQ/internal links."
60,A_top_100_signal_refresh,ai-price-list-maker-small-business,AI Price List Maker Small Business: Create Better Visuals From a Clear Brief,blog-ai-price-list-maker-small-business-en,How-To,how-to-benchmark-research,deep_refresh_candidate,a_support,1334.12,10.0,640.0,8.4,621.2,8987,General Creative Workflow,signal_refresh_complete,Round 2 -> Round 3,How-To; 640 impressions; 10 clicks; pos 8.4; worth second-stage depth upgrade,"Second-stage deep refresh: add evidence, judgment, tested sections, and stronger FAQ.","Rewrite with lovart-blog-signal-writer using GSC top queries, improve title/meta/intro/FAQ/internal links."
61,A_top_100_signal_refresh,imagineart-review,Why I Tested ImagineArt: An Honest AI Art Generator Review & Comparison,imagineart-review,Review,lovart-review,pillar_candidate,pillar,1528.05,4.0,1294.0,12.26,613.52,8877,General Creative Workflow,signal_refresh_complete,Round 2 -> Round 3,Review; broad-intent; 1294 impressions; 4 clicks; pos 12.3; strong pillar potential,"Full multi-round rewrite with SERP evidence, tested walkthrough, framework, cluster hub role.","Rewrite with lovart-blog-signal-writer using GSC top queries, improve title/meta/intro/FAQ/internal links."
62,A_top_100_signal_refresh,7-best-ai-poster-design-tools-2026,7 Best AI Poster Design Tools in 2026: From Prompt to Print-Ready Poster in Minutes,7-best-ai-poster-design-tools-2026,How-To,how-to-benchmark-research,pillar_candidate,pillar,1511.16,5.0,1520.0,7.66,601.6,13489,General Creative Workflow,signal_refresh_complete,Round 2 -> Round 3,How-To; broad-intent; 1520 impressions; 5 clicks; pos 7.7; strong pillar potential,"Full multi-round rewrite with SERP evidence, tested walkthrough, framework, cluster hub role.","Rewrite with lovart-blog-signal-writer using GSC top queries, improve title/meta/intro/FAQ/internal links."
63,A_top_100_signal_refresh,ai-art-platforms-compared-2026,Leonardo AI vs OpenArt vs Civitai vs Lovart — Best AI Art Platform for Creators,ai-art-platforms-compared-2026,Review,lovart-review,pillar_candidate,pillar,1531.12,8.0,1140.0,10.12,601.2,10567,General Creative Workflow,signal_refresh_complete,Round 2 -> Round 3,Review; broad-intent; 1140 impressions; 8 clicks; pos 10.1; strong pillar potential,"Full multi-round rewrite with SERP evidence, tested walkthrough, framework, cluster hub role.","Rewrite with lovart-blog-signal-writer using GSC top queries, improve title/meta/intro/FAQ/internal links."
64,A_top_100_signal_refresh,expression-sheets-generating-a-grid-of-emotions-for-one-character,"Expression Sheets: Generating a Grid of Emotions (Happy, Sad, Shocked) for One Character",expression-sheets-generating-a-grid-of-emotions-for-one-characte,Best Practice,lovart-best-practice,deep_refresh_candidate,a_support,1342.89,12.0,636.0,8.25,600.88,10000,Character Consistency,signal_refresh_complete,Round 2 -> Round 3,Best Practice; 636 impressions; 12 clicks; pos 8.2; worth second-stage depth upgrade,"Second-stage deep refresh: add evidence, judgment, tested sections, and stronger FAQ.","Rewrite with lovart-blog-signal-writer using GSC top queries, improve title/meta/intro/FAQ/internal links."
65,A_top_100_signal_refresh,5-best-ai-texture-material-generators-2026,"5 Best AI Texture & Material Generators in 2026: PBR, Seamless & Game-Ready Assets",5-best-ai-texture-material-generators-2026,How-To,how-to-benchmark-research,pillar_candidate,pillar,1493.52,10.0,871.0,9.14,599.68,11061,General Creative Workflow,signal_refresh_complete,Round 2 -> Round 3,How-To; broad-intent; 871 impressions; 10 clicks; pos 9.1; strong pillar potential,"Full multi-round rewrite with SERP evidence, tested walkthrough, framework, cluster hub role.","Rewrite with lovart-blog-signal-writer using GSC top queries, improve title/meta/intro/FAQ/internal links."
66,A_top_100_signal_refresh,infinite-canvas-ai-design-ui,Infinite Canvas AI Design UI: A Practical Lovart Workflow Guide,infinite-canvas-ai-design-ui,How-To,how-to-benchmark-research,pillar_candidate,pillar,1490.28,3.0,1229.0,5.82,598.32,8937,Lovart Canvas,signal_refresh_complete,Round 2 -> Round 3,How-To; broad-intent; 1229 impressions; 3 clicks; pos 5.8; strong pillar potential,"Full multi-round rewrite with SERP evidence, tested walkthrough, framework, cluster hub role.","Rewrite with lovart-blog-signal-writer using GSC top queries, improve title/meta/intro/FAQ/internal links."
67,A_top_100_signal_refresh,complete-guide-ai-poster-design-printing,Complete Guide AI Poster Design Printing: A Practical Lovart Workflow Guide,complete-guide-ai-poster-design-printing,Complete Guide,lovart-complete-guide,pillar_candidate,pillar,1543.03,5.0,966.0,10.07,597.28,8997,General Creative Workflow,signal_refresh_complete,Round 2 -> Round 3,Complete Guide; broad-intent; 966 impressions; 5 clicks; pos 10.1; strong pillar potential,"Full multi-round rewrite with SERP evidence, tested walkthrough, framework, cluster hub role.","Rewrite with lovart-blog-signal-writer using GSC top queries, improve title/meta/intro/FAQ/internal links."
68,A_top_100_signal_refresh,storyboarding-consistent-character-video-script-ai,Storyboarding Consistent Character Video Script AI: A Practical Lovart Workflow Guide,storyboarding-consistent-character-video-script-ai,How-To,how-to-benchmark-research,pillar_candidate,pillar,1501.24,7.0,1211.0,9.56,596.88,9047,AI Video,signal_refresh_complete,Round 2 -> Round 3,How-To; broad-intent; 1211 impressions; 7 clicks; pos 9.6; strong pillar potential,"Full multi-round rewrite with SERP evidence, tested walkthrough, framework, cluster hub role.","Rewrite with lovart-blog-signal-writer using GSC top queries, improve title/meta/intro/FAQ/internal links."
69,A_top_100_signal_refresh,inside-mcot-engine-ai-design-reasoning,Inside the MCoT Engine: Why Lovart's AI Actually Thinks Before It Designs,blog-mcot-engine-en,How-To,how-to-benchmark-research,deep_refresh_candidate,a_support,1354.2,6.0,1331.0,6.96,596.48,25477,General Creative Workflow,signal_refresh_complete,Round 2 -> Round 3,How-To; 1331 impressions; 6 clicks; pos 7.0; worth second-stage depth upgrade,"Second-stage deep refresh: add evidence, judgment, tested sections, and stronger FAQ.","Rewrite with lovart-blog-signal-writer using GSC top queries, improve title/meta/intro/FAQ/internal links."
70,A_top_100_signal_refresh,ai-illustration-prompts,AI Illustration Prompts: A Practical Lovart Workflow Guide,ai-illustration-prompts,How-To,how-to-benchmark-research,pillar_candidate,pillar,1469.16,9.0,451.0,6.01,596.08,8912,General Creative Workflow,signal_refresh_complete,Round 2 -> Round 3,How-To; broad-intent; 451 impressions; 9 clicks; pos 6.0; strong pillar potential,"Full multi-round rewrite with SERP evidence, tested walkthrough, framework, cluster hub role.","Rewrite with lovart-blog-signal-writer using GSC top queries, improve title/meta/intro/FAQ/internal links."
71,A_top_100_signal_refresh,looka-alternatives-2026,Looka Alternatives 2026: AI Logo and Brand Identity Tools for Professional Designers,blog-looka-alternatives-2026-en,Review,lovart-review,pillar_candidate,pillar,1546.04,2.0,1811.0,9.42,594.88,14982,Brand System,signal_refresh_complete,Round 2 -> Round 3,Review; broad-intent; 1811 impressions; 2 clicks; pos 9.4; strong pillar potential,"Full multi-round rewrite with SERP evidence, tested walkthrough, framework, cluster hub role.","Rewrite with lovart-blog-signal-writer using GSC top queries, improve title/meta/intro/FAQ/internal links."
72,A_top_100_signal_refresh,ai-social-media-post-generators,7 Best Free AI Social Media Post Generators in 2026 (Tested & Ranked),blog-smg-en,How-To,how-to-benchmark-research,pillar_candidate,pillar,1575.35,12.0,2419.0,27.73,593.52,21697,General Creative Workflow,signal_refresh_complete,Round 2 -> Round 3,How-To; broad-intent; 2419 impressions; 12 clicks; pos 27.7; strong pillar potential,"Full multi-round rewrite with SERP evidence, tested walkthrough, framework, cluster hub role.","Rewrite with lovart-blog-signal-writer using GSC top queries, improve title/meta/intro/FAQ/internal links."
73,A_top_100_signal_refresh,ai-video-generator-2026-review,AI Video Generator 2026 Review: Create Better Visuals From a Clear Brief,64803fe0-b3f9-43b6-bfff-3c867022cf52,Review,lovart-review,pillar_candidate,pillar,1520.11,0.0,1433.0,12.73,584.64,8967,AI Video,signal_refresh_complete,Round 2 -> Round 3,Review; broad-intent; 1433 impressions; pos 12.7; strong pillar potential,"Full multi-round rewrite with SERP evidence, tested walkthrough, framework, cluster hub role.","Rewrite with lovart-blog-signal-writer using GSC top queries, improve title/meta/intro/FAQ/internal links."
74,A_top_100_signal_refresh,ai-design-cost-complete-breakdown-2026,How Much Does AI Design Cost? Complete Breakdown 2026,ai-design-cost-complete-breakdown-2026,How-To,how-to-benchmark-research,deep_refresh_candidate,a_support,1337.62,0.0,1390.0,7.72,581.2,6783,General Creative Workflow,signal_refresh_complete,Round 2 -> Round 3,How-To; 1390 impressions; pos 7.7; worth second-stage depth upgrade,"Second-stage deep refresh: add evidence, judgment, tested sections, and stronger FAQ.","Rewrite with lovart-blog-signal-writer using GSC top queries, improve title/meta/intro/FAQ/internal links."
75,A_top_100_signal_refresh,best-kling-ai-alternatives-in-2025-ai-video-tools-comparison,Best Kling AI Alternatives in 2026: AI Video Tools Comparison,best-kling-ai-alternatives-in-2025-ai-video-tools-comparison,Review,lovart-review,pillar_candidate,pillar,1532.17,3.0,1503.0,15.25,580.24,9987,AI Video,signal_refresh_complete,Round 2 -> Round 3,Review; broad-intent; 1503 impressions; 3 clicks; pos 15.2; strong pillar potential,"Full multi-round rewrite with SERP evidence, tested walkthrough, framework, cluster hub role.","Rewrite with lovart-blog-signal-writer using GSC top queries, improve title/meta/intro/FAQ/internal links."
76,A_top_100_signal_refresh,complete-guide-ai-body-age-transformation-portrait,The 2026 Complete Guide to AI Body & Age Transformation Portraits,complete-guide-ai-body-age-transformation-portrait,Complete Guide,lovart-complete-guide,pillar_candidate,pillar,1552.37,6.0,1127.0,13.69,580.16,80720,General Creative Workflow,signal_refresh_complete,Round 2 -> Round 3,Complete Guide; broad-intent; 1127 impressions; 6 clicks; pos 13.7; strong pillar potential,"Full multi-round rewrite with SERP evidence, tested walkthrough, framework, cluster hub role.","Rewrite with lovart-blog-signal-writer using GSC top queries, improve title/meta/intro/FAQ/internal links."
77,A_top_100_signal_refresh,text-to-video,Text To Video: A Practical Lovart Workflow Guide,text-to-video,How-To,how-to-benchmark-research,pillar_candidate,pillar,1485.24,0.0,1349.0,10.68,577.92,8862,AI Video,signal_refresh_complete,Round 2 -> Round 3,How-To; broad-intent; 1349 impressions; pos 10.7; strong pillar potential,"Full multi-round rewrite with SERP evidence, tested walkthrough, framework, cluster hub role.","Rewrite with lovart-blog-signal-writer using GSC top queries, improve title/meta/intro/FAQ/internal links."
78,A_top_100_signal_refresh,adobe-illustrator-alternatives,Adobe Illustrator Alternative: When to Use a Design Agent Instead,1180020b-fae9-4b8e-b366-f0fb1bbe033b,Review,lovart-review,pillar_candidate,pillar,1523.59,5.0,1217.0,10.39,577.36,10127,General Creative Workflow,signal_refresh_complete,Round 2 -> Round 3,Review; broad-intent; 1217 impressions; 5 clicks; pos 10.4; strong pillar potential,"Full multi-round rewrite with SERP evidence, tested walkthrough, framework, cluster hub role.","Rewrite with lovart-blog-signal-writer using GSC top queries, improve title/meta/intro/FAQ/internal links."
79,A_top_100_signal_refresh,ai-face-swap-2026-professional,AI Face Swap 2026 Professional: A Practical Lovart Workflow Guide,e8985d44-900e-4021-a3ab-2687d782bf35,How-To,how-to-benchmark-research,pillar_candidate,pillar,1468.01,5.0,707.0,11.79,576.56,8947,General Creative Workflow,signal_refresh_complete,Round 2 -> Round 3,How-To; broad-intent; 707 impressions; 5 clicks; pos 11.8; strong pillar potential,"Full multi-round rewrite with SERP evidence, tested walkthrough, framework, cluster hub role.","Rewrite with lovart-blog-signal-writer using GSC top queries, improve title/meta/intro/FAQ/internal links."
80,A_top_100_signal_refresh,8-best-ai-banner-ad-makers-2026,8 Best AI Banner Ad Makers 2026: Create Better Visuals From a Clear Brief,8-best-ai-banner-ad-makers-2026,How-To,how-to-benchmark-research,pillar_candidate,pillar,1458.37,7.0,403.0,8.64,572.24,8972,General Creative Workflow,signal_refresh_complete,Round 2 -> Round 3,How-To; broad-intent; 403 impressions; 7 clicks; pos 8.6; strong pillar potential,"Full multi-round rewrite with SERP evidence, tested walkthrough, framework, cluster hub role.","Rewrite with lovart-blog-signal-writer using GSC top queries, improve title/meta/intro/FAQ/internal links."
81,A_top_100_signal_refresh,01-insight-2026-year-review,2026 AI Design Year in Review: The Year AI Became Every Designer's Co-Pilot,01-insight-2026-year-review,Review,lovart-review,pillar_candidate,pillar,1522.31,4.0,1264.0,8.41,571.12,11581,General Creative Workflow,signal_refresh_complete,Round 2 -> Round 3,Review; broad-intent; 1264 impressions; 4 clicks; pos 8.4; strong pillar potential,"Full multi-round rewrite with SERP evidence, tested walkthrough, framework, cluster hub role.","Rewrite with lovart-blog-signal-writer using GSC top queries, improve title/meta/intro/FAQ/internal links."
82,A_top_100_signal_refresh,civitai-alternative,Civitai Alternative: When to Use a Design Agent Instead,o6YkSZCNskGrZicahtE3YO,Review,lovart-review,pillar_candidate,pillar,1502.41,10.0,507.0,11.22,570.56,10057,General Creative Workflow,signal_refresh_complete,Round 2 -> Round 3,Review; broad-intent; 507 impressions; 10 clicks; pos 11.2; strong pillar potential,"Full multi-round rewrite with SERP evidence, tested walkthrough, framework, cluster hub role.","Rewrite with lovart-blog-signal-writer using GSC top queries, improve title/meta/intro/FAQ/internal links."
83,A_top_100_signal_refresh,hedra-ai-review-2025-ai-character-animation-platform-tested,Hedra AI Review 2025 AI Character Animation Platform Tested: A Practical Lovart Workflow Guide,hedra-ai-review-2025-ai-character-animation-platform-tested,Review,lovart-review,pillar_candidate,pillar,1526.26,2.0,1470.0,10.67,567.6,9092,Character Consistency,signal_refresh_complete,Round 2 -> Round 3,Review; broad-intent; 1470 impressions; 2 clicks; pos 10.7; strong pillar potential,"Full multi-round rewrite with SERP evidence, tested walkthrough, framework, cluster hub role.","Rewrite with lovart-blog-signal-writer using GSC top queries, improve title/meta/intro/FAQ/internal links."
84,A_top_100_signal_refresh,ai-art-copyright-2026,AI Art Copyright 2026: The Complete Legal Guide for Creators and Brands,ai-art-copyright-2026,How-To,how-to-benchmark-research,pillar_candidate,pillar,1500.67,0.0,1684.0,8.22,564.72,15987,Brand System,signal_refresh_complete,Round 2 -> Round 3,How-To; broad-intent; 1684 impressions; pos 8.2; strong pillar potential,"Full multi-round rewrite with SERP evidence, tested walkthrough, framework, cluster hub role.","Rewrite with lovart-blog-signal-writer using GSC top queries, improve title/meta/intro/FAQ/internal links."
85,A_top_100_signal_refresh,ai-vs-traditional-design,Understanding the AI Design Revolution,ai-vs-traditional-design,Review,lovart-review,pillar_candidate,pillar,1490.63,3.0,1304.0,7.5,564.32,17186,General Creative Workflow,signal_refresh_complete,Round 2 -> Round 3,Review; 1304 impressions; 3 clicks; pos 7.5; strong pillar potential,"Full multi-round rewrite with SERP evidence, tested walkthrough, framework, cluster hub role.","Rewrite with lovart-blog-signal-writer using GSC top queries, improve title/meta/intro/FAQ/internal links."
86,A_top_100_signal_refresh,ai-image-quality-benchmark-2026,"I tested 10 AI image models on 100 prompts and 5,000 images. The quality ranking is not what most people think.",bd-ai-image-quality-benchmark-2026,Insight & Trend,lovart-insight-trend,pillar_candidate,pillar,1460.57,3.0,803.0,9.28,564.24,6704,AI Image,signal_refresh_complete,Round 2 -> Round 3,Insight & Trend; 803 impressions; 3 clicks; pos 9.3; strong pillar potential,"Full multi-round rewrite with SERP evidence, tested walkthrough, framework, cluster hub role.","Rewrite with lovart-blog-signal-writer using GSC top queries, improve title/meta/intro/FAQ/internal links."
87,A_top_100_signal_refresh,ai-character-design-guide-how-to-create-consistent-characters-with-ai-tools,AI Character Design Guide: How to Create Consistent Characters with AI Tools,ai-character-design-guide-how-to-create-consistent-characters-wi,How-To,how-to-benchmark-research,pillar_candidate,pillar,1473.92,8.0,671.0,12.07,563.68,15970,Character Consistency,signal_refresh_complete,Round 2 -> Round 3,How-To; broad-intent; 671 impressions; 8 clicks; pos 12.1; strong pillar potential,"Full multi-round rewrite with SERP evidence, tested walkthrough, framework, cluster hub role.","Rewrite with lovart-blog-signal-writer using GSC top queries, improve title/meta/intro/FAQ/internal links."
88,A_top_100_signal_refresh,01-pillar-ai-video-generation-101,01 Pillar AI Video Generation 101: A Practical Lovart Workflow Guide,01-pillar-ai-video-generation-101,Lovart 101,lovart-101,pillar_candidate,pillar,1498.09,5.0,536.0,7.54,562.88,8962,AI Video,signal_refresh_complete,Round 2 -> Round 3,Lovart 101; broad-intent; 536 impressions; 5 clicks; pos 7.5; strong pillar potential,"Full multi-round rewrite with SERP evidence, tested walkthrough, framework, cluster hub role.","Rewrite with lovart-blog-signal-writer using GSC top queries, improve title/meta/intro/FAQ/internal links."
89,A_top_100_signal_refresh,02-enterprise-team-plan-guide,"Lovart Team Plan: Seats, Credits & Permission Management Explained",02-enterprise-team-plan-guide,Lovart 101,lovart-101,pillar_candidate,pillar,1525.35,4.0,1144.0,6.45,561.52,9860,General Creative Workflow,signal_refresh_complete,Round 2 -> Round 3,Lovart 101; broad-intent; 1144 impressions; 4 clicks; pos 6.5; strong pillar potential,"Full multi-round rewrite with SERP evidence, tested walkthrough, framework, cluster hub role.","Rewrite with lovart-blog-signal-writer using GSC top queries, improve title/meta/intro/FAQ/internal links."
90,A_top_100_signal_refresh,complete-guide-brand-kit-every-industry-lovart,How to Create a Brand Kit Instantly — The Complete Guide for Every Industry and Role,complete-guide-brand-kit-every-industry-lovart,Complete Guide,lovart-complete-guide,pillar_candidate,pillar,1539.61,5.0,976.0,13.43,558.08,55843,Brand System,signal_refresh_complete,Round 2 -> Round 3,Complete Guide; broad-intent; 976 impressions; 5 clicks; pos 13.4; strong pillar potential,"Full multi-round rewrite with SERP evidence, tested walkthrough, framework, cluster hub role.","Rewrite with lovart-blog-signal-writer using GSC top queries, improve title/meta/intro/FAQ/internal links."
91,A_top_100_signal_refresh,5-best-ai-movie-poster-generators-2026,5 Best AI Movie Poster Generators in 2026: Cinematic Poster Design Without a Hollywood Budget,5-best-ai-movie-poster-generators-2026,How-To,how-to-benchmark-research,pillar_candidate,pillar,1478.91,5.0,964.0,10.93,557.12,11859,General Creative Workflow,signal_refresh_complete,Round 2 -> Round 3,How-To; broad-intent; 964 impressions; 5 clicks; pos 10.9; strong pillar potential,"Full multi-round rewrite with SERP evidence, tested walkthrough, framework, cluster hub role.","Rewrite with lovart-blog-signal-writer using GSC top queries, improve title/meta/intro/FAQ/internal links."
92,A_top_100_signal_refresh,b27-how-to-generate-ai-art-commercial-bing,How to Generate AI Art for Commercial Use — Rights & Process,b27-how-to-generate-ai-art-commercial-bing,How-To,how-to-benchmark-research,deep_refresh_candidate,a_support,1337.97,2.0,1327.0,10.24,556.16,14641,General Creative Workflow,signal_refresh_complete,Round 2 -> Round 3,How-To; 1327 impressions; 2 clicks; pos 10.2; worth second-stage depth upgrade,"Second-stage deep refresh: add evidence, judgment, tested sections, and stronger FAQ.","Rewrite with lovart-blog-signal-writer using GSC top queries, improve title/meta/intro/FAQ/internal links."
93,A_top_100_signal_refresh,how-to-generate-textures-materials-ai,How to Generate Textures & Materials with AI — Seamless Patterns for 3D & Design,how-to-generate-textures-materials-ai,How-To,how-to-benchmark-research,deep_refresh_candidate,a_support,1316.15,8.0,537.0,9.4,552.96,11431,General Creative Workflow,signal_refresh_complete,Round 2 -> Round 3,How-To; 537 impressions; 8 clicks; pos 9.4; worth second-stage depth upgrade,"Second-stage deep refresh: add evidence, judgment, tested sections, and stronger FAQ.","Rewrite with lovart-blog-signal-writer using GSC top queries, improve title/meta/intro/FAQ/internal links."
94,A_top_100_signal_refresh,lovart-notion-api-database-to-visual,Lovart Notion Api Database To Visual: A Practical Lovart Workflow Guide,stack-notion-lovart,How-To,how-to-benchmark-research,pillar_candidate,pillar,1450.78,5.0,410.0,5.34,552.8,8977,General Creative Workflow,signal_refresh_complete,Round 2 -> Round 3,How-To; broad-intent; 410 impressions; 5 clicks; pos 5.3; strong pillar potential,"Full multi-round rewrite with SERP evidence, tested walkthrough, framework, cluster hub role.","Rewrite with lovart-blog-signal-writer using GSC top queries, improve title/meta/intro/FAQ/internal links."
95,A_top_100_signal_refresh,ai-music-video-tools-compared,AI Music Video Tools Compared: Kaiber vs Neural Frames vs Lovart — Beat-Synced Visuals,ai-music-video-tools-compared,Review,lovart-review,pillar_candidate,pillar,1521.86,0.0,1532.0,11.75,552.56,10366,AI Video,signal_refresh_complete,Round 2 -> Round 3,Review; broad-intent; 1532 impressions; pos 11.8; strong pillar potential,"Full multi-round rewrite with SERP evidence, tested walkthrough, framework, cluster hub role.","Rewrite with lovart-blog-signal-writer using GSC top queries, improve title/meta/intro/FAQ/internal links."
96,A_top_100_signal_refresh,enterprise-gdpr-compliance-lovart,Enterprise Gdpr Compliance Lovart: A Practical Lovart Workflow Guide,enterprise-gdpr-compliance-lovart,How-To,how-to-benchmark-research,pillar_candidate,pillar,1450.49,5.0,405.0,6.91,552.4,8962,General Creative Workflow,signal_refresh_complete,Round 2 -> Round 3,How-To; broad-intent; 405 impressions; 5 clicks; pos 6.9; strong pillar potential,"Full multi-round rewrite with SERP evidence, tested walkthrough, framework, cluster hub role.","Rewrite with lovart-blog-signal-writer using GSC top queries, improve title/meta/intro/FAQ/internal links."
97,A_top_100_signal_refresh,ai-twitter-x-post-generator-guide,AI Twitter/X Post Generator Guide: From Brand Message to Visual Campaign,blog-ai-twitter-x-post-generator-guide-en,How-To,how-to-benchmark-research,pillar_candidate,pillar,1471.78,6.0,772.0,9.05,551.76,13871,Brand System,signal_refresh_complete,Round 2 -> Round 3,How-To; broad-intent; 772 impressions; 6 clicks; pos 9.1; strong pillar potential,"Full multi-round rewrite with SERP evidence, tested walkthrough, framework, cluster hub role.","Rewrite with lovart-blog-signal-writer using GSC top queries, improve title/meta/intro/FAQ/internal links."
98,A_top_100_signal_refresh,openart-ai-vs-lovart,OpenArt AI vs Lovart: AI Art Platform or Production Design Agent?,openart-ai-vs-lovart,Review,lovart-review,pillar_candidate,pillar,1504.97,5.0,896.0,9.52,551.68,9085,General Creative Workflow,signal_refresh_complete,Round 2 -> Round 3,Review; broad-intent; 896 impressions; 5 clicks; pos 9.5; strong pillar potential,"Full multi-round rewrite with SERP evidence, tested walkthrough, framework, cluster hub role.","Rewrite with lovart-blog-signal-writer using GSC top queries, improve title/meta/intro/FAQ/internal links."
99,A_top_100_signal_refresh,iteration-loop-ai-design-touch-edit,The Iteration Loop: How to Work With AI to Get Exactly the Design You Want,blog-iter-loop-en,How-To,how-to-benchmark-research,deep_refresh_candidate,a_support,1324.27,5.0,884.0,8.84,550.72,18448,General Creative Workflow,signal_refresh_complete,Round 2 -> Round 3,How-To; 884 impressions; 5 clicks; pos 8.8; worth second-stage depth upgrade,"Second-stage deep refresh: add evidence, judgment, tested sections, and stronger FAQ.","Rewrite with lovart-blog-signal-writer using GSC top queries, improve title/meta/intro/FAQ/internal links."
100,A_top_100_signal_refresh,ai-video-prompt-generator,Video To Prompt Generator: AI-Powered Creation Tool 2026 | L,blog-aivpg-en,How-To,how-to-benchmark-research,deep_refresh_candidate,a_support,1319.34,6.0,730.0,11.38,548.4,25061,AI Video,signal_refresh_complete,Round 2 -> Round 3,How-To; 730 impressions; 6 clicks; pos 11.4; worth second-stage depth upgrade,"Second-stage deep refresh: add evidence, judgment, tested sections, and stronger FAQ.","Rewrite with lovart-blog-signal-writer using GSC top queries, improve title/meta/intro/FAQ/internal links."
101,B_indexed_or_visible_refresh,ai-character-consistency-tools-compared,AI Character Consistency Tools Compared: Leonardo vs Artbreeder vs Lovart,ai-character-consistency-tools-compared,Review,lovart-review,deep_refresh_candidate,b1,1041.99,2.0,1224.0,14.45,547.92,12359,Character Consistency,signal_refresh_complete,Round 2 -> Round 3,Review; broad-intent; 1224 impressions; 2 clicks; pos 14.4; worth second-stage depth upgrade,"Second-stage deep refresh: add evidence, judgment, tested sections, and stronger FAQ.",Refresh if query intent is relevant; preserve URL; improve sections tied to visible queries.
102,B_indexed_or_visible_refresh,ai-character-sticker-pack,AI Character Sticker Pack: A Practical Lovart Workflow Guide,ai-character-sticker-pack,How-To,how-to-benchmark-research,deep_refresh_candidate,b1,977.01,5.0,345.0,10.83,547.6,8922,Character Consistency,signal_refresh_complete,Round 2 -> Round 3,How-To; broad-intent; 345 impressions; 5 clicks; pos 10.8; worth second-stage depth upgrade,"Second-stage deep refresh: add evidence, judgment, tested sections, and stronger FAQ.",Refresh if query intent is relevant; preserve URL; improve sections tied to visible queries.
103,B_indexed_or_visible_refresh,7-best-ai-animal-pet-portrait-generators-2026,7 Best AI Animal & Pet Portrait Generators in 2026: Royal Pet Portraits Without the Painter,7-best-ai-animal-pet-portrait-generators-2026,How-To,how-to-benchmark-research,deep_refresh_candidate,b1,1016.69,0.0,1443.0,5.19,545.44,13077,Pet & Character,signal_refresh_complete,Round 2 -> Round 3,How-To; broad-intent; 1443 impressions; pos 5.2; worth second-stage depth upgrade,"Second-stage deep refresh: add evidence, judgment, tested sections, and stronger FAQ.",Refresh if query intent is relevant; preserve URL; improve sections tied to visible queries.
104,B_indexed_or_visible_refresh,vmaker-ai-review,What Happened When I Tried Vmaker For Real Projects,vmaker-ai-review,Review,lovart-review,deep_refresh_candidate,b1,1036.6,3.0,1062.0,6.91,544.96,9904,General Creative Workflow,signal_refresh_complete,Round 2 -> Round 3,Review; broad-intent; 1062 impressions; 3 clicks; pos 6.9; worth second-stage depth upgrade,"Second-stage deep refresh: add evidence, judgment, tested sections, and stronger FAQ.",Refresh if query intent is relevant; preserve URL; improve sections tied to visible queries.
105,B_indexed_or_visible_refresh,ai-video-editor-tools-compared,AI Video Editor Tools Compared: A Practical Lovart Workflow Guide,ai-video-editor-tools-compared,Review,lovart-review,deep_refresh_candidate,b1,1016.65,1.0,787.0,9.03,542.96,8947,AI Video,signal_refresh_complete,Round 2 -> Round 3,Review; broad-intent; 787 impressions; 1 clicks; pos 9.0; worth second-stage depth upgrade,"Second-stage deep refresh: add evidence, judgment, tested sections, and stronger FAQ.",Refresh if query intent is relevant; preserve URL; improve sections tied to visible queries.
106,B_indexed_or_visible_refresh,ai-animal-pet-generators-compared,AI Animal & Pet Portrait Generators Compared: PetPic vs FurryAI vs Lovart,ai-animal-pet-generators-compared,Review,lovart-review,deep_refresh_candidate,b1,1012.41,2.0,645.0,6.97,541.6,8834,Pet & Character,signal_refresh_complete,Round 2 -> Round 3,Review; broad-intent; 645 impressions; 2 clicks; pos 7.0; worth second-stage depth upgrade,"Second-stage deep refresh: add evidence, judgment, tested sections, and stronger FAQ.",Refresh if query intent is relevant; preserve URL; improve sections tied to visible queries.
107,B_indexed_or_visible_refresh,how-to-create-music-videos-ai-beat-sync,How to Create AI Music Videos & Beat-Synced Visuals — From Song to Screen,how-to-create-music-videos-ai-beat-sync,How-To,how-to-benchmark-research,cluster_support_only,b2,806.38,5.0,748.0,10.74,539.84,10851,AI Video,signal_refresh_complete,Round 4,How-To; 748 impressions; 5 clicks; pos 10.7; best kept as cluster support,"Support role only; keep clean, indexable, and internally linked.",Refresh if query intent is relevant; preserve URL; improve sections tied to visible queries.
108,B_indexed_or_visible_refresh,creating-negative-space-ai-leave-room-for-text,Creating Negative Space — How to Tell AI to Leave Room for Your Text,creating-negative-space-ai-leave-room-for-text,Best Practice,lovart-best-practice,cluster_support_only,b2,814.58,4.0,872.0,6.46,539.76,10251,General Creative Workflow,signal_refresh_complete,Round 4,Best Practice; 872 impressions; 4 clicks; pos 6.5; best kept as cluster support,"Support role only; keep clean, indexable, and internally linked.",Refresh if query intent is relevant; preserve URL; improve sections tied to visible queries.
109,B_indexed_or_visible_refresh,ai-image-to-image-guide,AI Image-to-Image: How It Works and How to Use It (With Examples),blog-img2img-en,How-To,how-to-benchmark-research,deep_refresh_candidate,b1,1026.15,15.0,744.0,9.87,539.52,19099,AI Image,signal_refresh_complete,Round 2 -> Round 3,How-To; broad-intent; 744 impressions; 15 clicks; pos 9.9; worth second-stage depth upgrade,"Second-stage deep refresh: add evidence, judgment, tested sections, and stronger FAQ.",Refresh if query intent is relevant; preserve URL; improve sections tied to visible queries.
110,B_indexed_or_visible_refresh,ai-logo-creator,AI Logo Creator: A Practical Lovart Workflow Guide,ai-logo-creator,How-To,how-to-benchmark-research,deep_refresh_candidate,b1,982.59,1.0,717.0,14.83,537.36,8872,Logo & Identity,signal_refresh_complete,Round 2 -> Round 3,How-To; broad-intent; 717 impressions; 1 clicks; pos 14.8; worth second-stage depth upgrade,"Second-stage deep refresh: add evidence, judgment, tested sections, and stronger FAQ.",Refresh if query intent is relevant; preserve URL; improve sections tied to visible queries.
111,B_indexed_or_visible_refresh,picsart-ai-review,PicsArt AI Review: The Mobile-First Editor Goes AI-Native,picsart-ai-review,Review,lovart-review,deep_refresh_candidate,b1,1033.35,2.0,1075.0,9.5,536.0,10224,General Creative Workflow,signal_refresh_complete,Round 2 -> Round 3,Review; broad-intent; 1075 impressions; 2 clicks; pos 9.5; worth second-stage depth upgrade,"Second-stage deep refresh: add evidence, judgment, tested sections, and stronger FAQ.",Refresh if query intent is relevant; preserve URL; improve sections tied to visible queries.
112,B_indexed_or_visible_refresh,pictory-ai-review,Pictory AI Review: A Practical Lovart Workflow Guide,5129d33d-b2bc-4abb-abda-646e0f34d085,Review,lovart-review,deep_refresh_candidate,b1,1013.52,0.0,802.0,12.21,534.16,8882,General Creative Workflow,signal_refresh_complete,Round 2 -> Round 3,Review; broad-intent; 802 impressions; pos 12.2; worth second-stage depth upgrade,"Second-stage deep refresh: add evidence, judgment, tested sections, and stronger FAQ.",Refresh if query intent is relevant; preserve URL; improve sections tied to visible queries.
113,B_indexed_or_visible_refresh,01-pillar-ai-design-technology,01 Pillar AI Design Technology: A Practical Lovart Workflow Guide,01-pillar-ai-design-technology,How-To,how-to-benchmark-research,deep_refresh_candidate,b1,980.09,1.0,674.0,9.1,533.92,8947,General Creative Workflow,signal_refresh_complete,Round 2 -> Round 3,How-To; broad-intent; 674 impressions; 1 clicks; pos 9.1; worth second-stage depth upgrade,"Second-stage deep refresh: add evidence, judgment, tested sections, and stronger FAQ.",Refresh if query intent is relevant; preserve URL; improve sections tied to visible queries.
114,B_indexed_or_visible_refresh,01-bofu-canva-migration-guide,01 Bofu Canva Migration Guide: A Practical Lovart Workflow Guide,01-bofu-canva-migration-guide,How-To,how-to-benchmark-research,deep_refresh_candidate,b1,978.76,1.0,651.0,9.24,532.08,8942,Canva Alternative,signal_refresh_complete,Round 2 -> Round 3,How-To; broad-intent; 651 impressions; 1 clicks; pos 9.2; worth second-stage depth upgrade,"Second-stage deep refresh: add evidence, judgment, tested sections, and stronger FAQ.",Refresh if query intent is relevant; preserve URL; improve sections tied to visible queries.
115,B_indexed_or_visible_refresh,seedance-ai-review,Seedance AI Review: A Practical Lovart Workflow Guide,493d6989-5102-4cf1-abed-a99f2a9d321f,Review,lovart-review,deep_refresh_candidate,b1,1008.7,1.0,650.0,8.78,532.0,8887,General Creative Workflow,signal_refresh_complete,Round 2 -> Round 3,Review; broad-intent; 650 impressions; 1 clicks; pos 8.8; worth second-stage depth upgrade,"Second-stage deep refresh: add evidence, judgment, tested sections, and stronger FAQ.",Refresh if query intent is relevant; preserve URL; improve sections tied to visible queries.
116,B_indexed_or_visible_refresh,complete-guide-ai-animal-pet-portrait-generation,The 2026 Complete Guide to AI Animal & Pet Portrait Generation,complete-guide-ai-animal-pet-portrait-generation,Complete Guide,lovart-complete-guide,deep_refresh_candidate,b1,1050.58,5.0,648.0,8.51,531.84,77813,Pet & Character,signal_refresh_complete,Round 2 -> Round 3,Complete Guide; broad-intent; 648 impressions; 5 clicks; pos 8.5; worth second-stage depth upgrade,"Promote to canonical longform via state-machine drafting, evidence pack, and cluster integration.",Refresh if query intent is relevant; preserve URL; improve sections tied to visible queries.
117,B_indexed_or_visible_refresh,how-to-choose-ai-image-model,"How to Choose the Right AI Image Model — DALL-E, Midjourney, FLUX & More",how-to-choose-ai-image-model,How-To,how-to-benchmark-research,keep_refresh_only,b2,835.85,0.0,1256.0,16.82,530.48,51320,AI Image,signal_refresh_complete,Round 4 -> Round 5,How-To; 1256 impressions; pos 16.8; maintain signal refresh state,"Keep refresh gains; add proof, CTR framing, and cluster polish only.",Refresh if query intent is relevant; preserve URL; improve sections tied to visible queries.
118,B_indexed_or_visible_refresh,lovart-nano-banana-2-ai-design-agent,Lovart Nano Banana 2 AI Design Agent: A Practical Lovart Workflow Guide,lovart-nano-banana-2-ai-design-agent,How-To,how-to-benchmark-research,deep_refresh_candidate,b1,976.21,1.0,607.0,8.32,528.56,8977,AI Design Agent,signal_refresh_complete,Round 2 -> Round 3,How-To; broad-intent; 607 impressions; 1 clicks; pos 8.3; worth second-stage depth upgrade,"Second-stage deep refresh: add evidence, judgment, tested sections, and stronger FAQ.",Refresh if query intent is relevant; preserve URL; improve sections tied to visible queries.
119,B_indexed_or_visible_refresh,03-cluster-etsy-listing-images,03 Cluster Etsy Listing Images: A Practical Lovart Workflow Guide,03-cluster-etsy-listing-images,How-To,how-to-benchmark-research,deep_refresh_candidate,b1,978.82,0.0,721.0,19.96,527.68,8947,AI Image,signal_refresh_complete,Round 2 -> Round 3,How-To; broad-intent; 721 impressions; pos 20.0; worth second-stage depth upgrade,"Second-stage deep refresh: add evidence, judgment, tested sections, and stronger FAQ.",Refresh if query intent is relevant; preserve URL; improve sections tied to visible queries.
120,B_indexed_or_visible_refresh,nano-banana-presentation-guide,Nano Banana Presentation Guide: A Practical Lovart Workflow Guide,blog-nano-banana-presentation-guide-en,How-To,how-to-benchmark-research,deep_refresh_candidate,b1,968.72,3.0,340.0,19.37,527.2,8947,General Creative Workflow,signal_refresh_complete,Round 2 -> Round 3,How-To; broad-intent; 340 impressions; 3 clicks; pos 19.4; worth second-stage depth upgrade,"Second-stage deep refresh: add evidence, judgment, tested sections, and stronger FAQ.",Refresh if query intent is relevant; preserve URL; improve sections tied to visible queries.
121,B_indexed_or_visible_refresh,01-cluster-brand-kit-from-scratch,Building a Complete Brand Kit from Scratch with Lovart,01-cluster-brand-kit-from-scratch,Best Practice,lovart-best-practice,cluster_support_only,b2,798.04,6.0,449.0,6.78,525.92,12067,Brand System,signal_refresh_complete,Round 4,Best Practice; 449 impressions; 6 clicks; pos 6.8; best kept as cluster support,"Support role only; keep clean, indexable, and internally linked.",Refresh if query intent is relevant; preserve URL; improve sections tied to visible queries.
122,B_indexed_or_visible_refresh,ai-texture-generator-tools-compared,AI Texture Generators Compared: Polycam vs WithPoly vs Lovart — Seamless Results?,ai-texture-generator-tools-compared,Review,lovart-review,deep_refresh_candidate,b1,1018.09,4.0,674.0,7.91,523.92,11171,General Creative Workflow,signal_refresh_complete,Round 2 -> Round 3,Review; broad-intent; 674 impressions; 4 clicks; pos 7.9; worth second-stage depth upgrade,"Second-stage deep refresh: add evidence, judgment, tested sections, and stronger FAQ.",Refresh if query intent is relevant; preserve URL; improve sections tied to visible queries.
123,B_indexed_or_visible_refresh,8-best-ai-object-removers-watermark-removers-2026,8 Best AI Object Removers & Watermark Removers in 2026: Cleanup.pictures vs Magic Eraser vs Lovart,8-best-ai-object-removers-watermark-removers-2026,How-To,how-to-benchmark-research,deep_refresh_candidate,b1,994.19,2.0,917.0,16.32,523.36,13770,General Creative Workflow,signal_refresh_complete,Round 2 -> Round 3,How-To; broad-intent; 917 impressions; 2 clicks; pos 16.3; worth second-stage depth upgrade,"Second-stage deep refresh: add evidence, judgment, tested sections, and stronger FAQ.",Refresh if query intent is relevant; preserve URL; improve sections tied to visible queries.
124,B_indexed_or_visible_refresh,15-best-free-ai-design-tools-2026,15 Best Free AI Design Tools in 2026: Professional Results Without the Price Tag,15-best-free-ai-design-tools-2026,How-To,how-to-benchmark-research,deep_refresh_candidate,b1,990.41,3.0,783.0,16.0,522.64,18035,General Creative Workflow,signal_refresh_complete,Round 2 -> Round 3,How-To; broad-intent; 783 impressions; 3 clicks; pos 16.0; worth second-stage depth upgrade,"Second-stage deep refresh: add evidence, judgment, tested sections, and stronger FAQ.",Refresh if query intent is relevant; preserve URL; improve sections tied to visible queries.
125,B_indexed_or_visible_refresh,fotor-ai-review-2025-photo-editing-and-ai-art-generator-tested,Fotor AI Review 2026: Photo Editing & AI Art Generator Tested,fotor-ai-review-2025-photo-editing-and-ai-art-generator-tested,Review,lovart-review,deep_refresh_candidate,b1,1016.58,4.0,648.0,10.27,521.84,9368,General Creative Workflow,signal_refresh_complete,Round 2 -> Round 3,Review; broad-intent; 648 impressions; 4 clicks; pos 10.3; worth second-stage depth upgrade,"Second-stage deep refresh: add evidence, judgment, tested sections, and stronger FAQ.",Refresh if query intent is relevant; preserve URL; improve sections tied to visible queries.
126,B_indexed_or_visible_refresh,how-to-generate-cinematic-video-prompts,How To Generate Cinematic Video Prompts: A Practical Lovart Workflow Guide,blog-cinevid-en,How-To,how-to-benchmark-research,deep_refresh_candidate,b1,965.88,2.0,360.0,10.76,518.8,8992,AI Video,signal_refresh_complete,Round 2 -> Round 3,How-To; broad-intent; 360 impressions; 2 clicks; pos 10.8; worth second-stage depth upgrade,"Second-stage deep refresh: add evidence, judgment, tested sections, and stronger FAQ.",Refresh if query intent is relevant; preserve URL; improve sections tied to visible queries.
127,B_indexed_or_visible_refresh,03-best-practice-psd-vs-png,Best Practice: PSD vs PNG Export — When to Use Each Format,03-best-practice-psd-vs-png,Review,lovart-review,deep_refresh_candidate,b1,997.68,1.0,460.0,5.55,516.8,7816,General Creative Workflow,signal_refresh_complete,Round 2 -> Round 3,Review; broad-intent; 460 impressions; 1 clicks; pos 5.5; worth second-stage depth upgrade,"Second-stage deep refresh: add evidence, judgment, tested sections, and stronger FAQ.",Refresh if query intent is relevant; preserve URL; improve sections tied to visible queries.
128,B_indexed_or_visible_refresh,how-to-use-free-ai-design-tools,How to Use Free AI Design Tools — Create Professional Designs Without Spending a Dime,how-to-use-free-ai-design-tools,How-To,how-to-benchmark-research,deep_refresh_candidate,b1,985.89,3.0,705.0,10.42,516.4,51140,General Creative Workflow,signal_refresh_complete,Round 2 -> Round 3,How-To; broad-intent; 705 impressions; 3 clicks; pos 10.4; worth second-stage depth upgrade,"Second-stage deep refresh: add evidence, judgment, tested sections, and stronger FAQ.",Refresh if query intent is relevant; preserve URL; improve sections tied to visible queries.
129,B_indexed_or_visible_refresh,03-cluster-color-psychology-ai-design,03 Cluster Color Psychology AI Design: A Practical Lovart Workflow Guide,03-cluster-color-psychology-ai-design,How-To,how-to-benchmark-research,deep_refresh_candidate,b1,963.39,2.0,317.0,12.46,515.36,8982,General Creative Workflow,signal_refresh_complete,Round 2 -> Round 3,How-To; broad-intent; 317 impressions; 2 clicks; pos 12.5; worth second-stage depth upgrade,"Second-stage deep refresh: add evidence, judgment, tested sections, and stronger FAQ.",Refresh if query intent is relevant; preserve URL; improve sections tied to visible queries.
130,B_indexed_or_visible_refresh,how-to-transform-age-body-ai-portraits,"How to Transform Age, Appearance & Body in AI Portraits — Baby, Aging & More Effects",how-to-transform-age-body-ai-portraits,How-To,how-to-benchmark-research,keep_refresh_only,b2,811.83,4.0,566.0,12.62,515.28,11531,General Creative Workflow,signal_refresh_complete,Round 4 -> Round 5,How-To; 566 impressions; 4 clicks; pos 12.6; maintain signal refresh state,"Keep refresh gains; add proof, CTR framing, and cluster polish only.",Refresh if query intent is relevant; preserve URL; improve sections tied to visible queries.
131,B_indexed_or_visible_refresh,10-best-ai-print-design-tools-2026,10 Best AI Print Design Tools 2026: A Practical Lovart Workflow Guide,10-best-ai-print-design-tools-2026,How-To,how-to-benchmark-research,deep_refresh_candidate,b1,963.27,2.0,315.0,7.77,515.2,8967,General Creative Workflow,signal_refresh_complete,Round 2 -> Round 3,How-To; broad-intent; 315 impressions; 2 clicks; pos 7.8; worth second-stage depth upgrade,"Second-stage deep refresh: add evidence, judgment, tested sections, and stronger FAQ.",Refresh if query intent is relevant; preserve URL; improve sections tied to visible queries.
132,B_indexed_or_visible_refresh,02-cluster-brand-style-guide-ai,02 Cluster Brand Style Guide AI: A Practical Lovart Workflow Guide,02-cluster-brand-style-guide-ai,How-To,how-to-benchmark-research,deep_refresh_candidate,b1,962.98,2.0,310.0,8.91,514.8,8952,Brand System,signal_refresh_complete,Round 2 -> Round 3,How-To; broad-intent; 310 impressions; 2 clicks; pos 8.9; worth second-stage depth upgrade,"Second-stage deep refresh: add evidence, judgment, tested sections, and stronger FAQ.",Refresh if query intent is relevant; preserve URL; improve sections tied to visible queries.
133,B_indexed_or_visible_refresh,01-industry-hair-salon-menu,"Hair Salon Menu Design: Services, Pricing, and Visual Style That Books Appointments",01-industry-hair-salon-menu,How-To,how-to-benchmark-research,keep_refresh_only,b2,817.75,2.0,806.0,8.41,514.48,13017,General Creative Workflow,signal_refresh_complete,Round 4 -> Round 5,How-To; 806 impressions; 2 clicks; pos 8.4; maintain signal refresh state,"Keep refresh gains; add proof, CTR framing, and cluster polish only.",Refresh if query intent is relevant; preserve URL; improve sections tied to visible queries.
134,B_indexed_or_visible_refresh,ai-art-generator-tools-compared,AI Art Generator: Midjourney vs DALL-E vs Lovart 2026,ai-art-generator-tools-compared,Review,lovart-review,deep_refresh_candidate,b1,1017.46,2.0,801.0,14.01,514.08,10746,General Creative Workflow,signal_refresh_complete,Round 2 -> Round 3,Review; broad-intent; 801 impressions; 2 clicks; pos 14.0; worth second-stage depth upgrade,"Second-stage deep refresh: add evidence, judgment, tested sections, and stronger FAQ.",Refresh if query intent is relevant; preserve URL; improve sections tied to visible queries.
135,B_indexed_or_visible_refresh,ai-collage-moodboard-tools-compared,AI Collage & Moodboard Makers Compared: Milanote vs Moodzer vs Lovart,ai-collage-moodboard-tools-compared,Review,lovart-review,deep_refresh_candidate,b1,995.65,1.0,425.0,9.81,514.0,8823,Moodboard & Collage,signal_refresh_complete,Round 2 -> Round 3,Review; broad-intent; 425 impressions; 1 clicks; pos 9.8; worth second-stage depth upgrade,"Second-stage deep refresh: add evidence, judgment, tested sections, and stronger FAQ.",Refresh if query intent is relevant; preserve URL; improve sections tied to visible queries.
136,B_indexed_or_visible_refresh,brand-kit-martial-arts-lovart,How to Create a Brand Kit for a Martial Arts School,brand-kit-martial-arts-lovart,Best Practice,lovart-best-practice,cluster_support_only,b2,773.63,3.0,166.0,12.6,513.28,6033,Brand System,signal_refresh_complete,Round 4,Best Practice; 166 impressions; 3 clicks; pos 12.6; best kept as cluster support,"Support role only; keep clean, indexable, and internally linked.",Refresh if query intent is relevant; preserve URL; improve sections tied to visible queries.
137,B_indexed_or_visible_refresh,ai-poster-tools-compared,AI Poster Makers Compared: Canva vs PosterMyWall vs Lovart,ai-poster-tools-compared,Review,lovart-review,deep_refresh_candidate,b1,1016.3,2.0,781.0,11.44,512.48,9350,Canva Alternative,signal_refresh_complete,Round 2 -> Round 3,Review; broad-intent; 781 impressions; 2 clicks; pos 11.4; worth second-stage depth upgrade,"Second-stage deep refresh: add evidence, judgment, tested sections, and stronger FAQ.",Refresh if query intent is relevant; preserve URL; improve sections tied to visible queries.
138,B_indexed_or_visible_refresh,8-best-ai-background-wallpaper-generators-2026,8 Best AI Background & Wallpaper Generators in 2026: From Phone Screens to Zoom Backdrops,8-best-ai-background-wallpaper-generators-2026,How-To,how-to-benchmark-research,deep_refresh_candidate,b1,978.29,4.0,505.0,9.09,510.4,14608,General Creative Workflow,signal_refresh_complete,Round 2 -> Round 3,How-To; broad-intent; 505 impressions; 4 clicks; pos 9.1; worth second-stage depth upgrade,"Second-stage deep refresh: add evidence, judgment, tested sections, and stronger FAQ.",Refresh if query intent is relevant; preserve URL; improve sections tied to visible queries.
139,B_indexed_or_visible_refresh,ai-illustrations-social-media,AI Illustrations Social Media: A Practical Lovart Workflow Guide,ai-illustrations-social-media,How-To,how-to-benchmark-research,deep_refresh_candidate,b1,959.85,1.0,325.0,9.11,506.0,8942,General Creative Workflow,signal_refresh_complete,Round 2 -> Round 3,How-To; broad-intent; 325 impressions; 1 clicks; pos 9.1; worth second-stage depth upgrade,"Second-stage deep refresh: add evidence, judgment, tested sections, and stronger FAQ.",Refresh if query intent is relevant; preserve URL; improve sections tied to visible queries.
140,B_indexed_or_visible_refresh,6-best-ai-art-platforms-2026,6 Best AI Art Platforms in 2026: Midjourney vs Leonardo vs Civitai vs NightCafe vs Lovart,6-best-ai-art-platforms-2026,How-To,how-to-benchmark-research,deep_refresh_candidate,b1,984.79,1.0,824.0,9.23,505.92,12535,General Creative Workflow,signal_refresh_complete,Round 2 -> Round 3,How-To; broad-intent; 824 impressions; 1 clicks; pos 9.2; worth second-stage depth upgrade,"Second-stage deep refresh: add evidence, judgment, tested sections, and stronger FAQ.",Refresh if query intent is relevant; preserve URL; improve sections tied to visible queries.
141,B_indexed_or_visible_refresh,lovart-ai-image-generator-create-stunning-images,Lovart AI Image Generator - Create Stunning Images with AI,lovart-ai-image-generator-create-stunning-images,How-To,how-to-benchmark-research,keep_refresh_only,b2,810.73,2.0,685.0,7.49,504.8,32168,AI Image,signal_refresh_complete,Round 4 -> Round 5,How-To; 685 impressions; 2 clicks; pos 7.5; maintain signal refresh state,"Keep refresh gains; add proof, CTR framing, and cluster polish only.",Refresh if query intent is relevant; preserve URL; improve sections tied to visible queries.
142,B_indexed_or_visible_refresh,complete-guide-ai-avatar-digital-identity,The 2026 Complete Guide to AI Avatar & Digital Identity Creation,complete-guide-ai-avatar-digital-identity,Complete Guide,lovart-complete-guide,deep_refresh_candidate,b1,1039.69,2.0,667.0,14.57,503.36,75517,General Creative Workflow,signal_refresh_complete,Round 2 -> Round 3,Complete Guide; broad-intent; 667 impressions; 2 clicks; pos 14.6; worth second-stage depth upgrade,"Promote to canonical longform via state-machine drafting, evidence pack, and cluster integration.",Refresh if query intent is relevant; preserve URL; improve sections tied to visible queries.
143,B_indexed_or_visible_refresh,best-ai-design-agent-for-makeup-studio-owner,"Best AI Design Agent for Makeup Studio Owners: Before/After Proof, Bridal Lookbooks & Tutorial Covers by Lovart",best-ai-design-agent-for-makeup-studio-owner,Best Practice,lovart-best-practice,deep_refresh_candidate,b1,958.99,2.0,155.0,16.3,502.4,6160,AI Design Agent,signal_refresh_complete,Round 2 -> Round 3,Best Practice; broad-intent; 155 impressions; 2 clicks; pos 16.3; worth second-stage depth upgrade,"Second-stage deep refresh: add evidence, judgment, tested sections, and stronger FAQ.",Refresh if query intent is relevant; preserve URL; improve sections tied to visible queries.
144,B_indexed_or_visible_refresh,adobe-firefly-vs-ai-design-agents,Adobe Firefly vs AI Design Agents: Which Platform Delivers Better Creative Output?,adobe-firefly-vs-ai-design-agents,Review,lovart-review,deep_refresh_candidate,b1,1012.07,1.0,777.0,10.32,502.16,11666,AI Design Agent,signal_refresh_complete,Round 2 -> Round 3,Review; broad-intent; 777 impressions; 1 clicks; pos 10.3; worth second-stage depth upgrade,"Second-stage deep refresh: add evidence, judgment, tested sections, and stronger FAQ.",Refresh if query intent is relevant; preserve URL; improve sections tied to visible queries.
145,B_indexed_or_visible_refresh,best-luma-dream-machine-alternatives-in-2025-ai-video-tools,Best Luma Dream Machine Alternative: When to Use a Design Agent Instead,best-luma-dream-machine-alternatives-in-2025-ai-video-tools,Review,lovart-review,deep_refresh_candidate,b1,1008.82,2.0,652.0,9.99,502.16,10169,AI Video,signal_refresh_complete,Round 2 -> Round 3,Review; broad-intent; 652 impressions; 2 clicks; pos 10.0; worth second-stage depth upgrade,"Second-stage deep refresh: add evidence, judgment, tested sections, and stronger FAQ.",Refresh if query intent is relevant; preserve URL; improve sections tied to visible queries.
146,B_indexed_or_visible_refresh,ai-print-materials-tools-compared,AI Print Materials Tools Compared: A Practical Lovart Workflow Guide,ai-print-materials-tools-compared,Review,lovart-review,deep_refresh_candidate,b1,983.82,2.0,152.0,8.09,502.16,8962,General Creative Workflow,signal_refresh_complete,Round 2 -> Round 3,Review; broad-intent; 152 impressions; 2 clicks; pos 8.1; worth second-stage depth upgrade,"Second-stage deep refresh: add evidence, judgment, tested sections, and stronger FAQ.",Refresh if query intent is relevant; preserve URL; improve sections tied to visible queries.
147,B_indexed_or_visible_refresh,5-best-ai-image-models-compared-2026,5 Best AI Image Models Compared in 2026: Midjourney V6 vs DALL-E 3 vs SD3 vs Firefly vs Lovart,5-best-ai-image-models-compared-2026,Review,lovart-review,deep_refresh_candidate,b1,1015.08,0.0,898.0,7.08,501.84,12965,AI Image,signal_refresh_complete,Round 2 -> Round 3,Review; broad-intent; 898 impressions; pos 7.1; worth second-stage depth upgrade,"Second-stage deep refresh: add evidence, judgment, tested sections, and stronger FAQ.",Refresh if query intent is relevant; preserve URL; improve sections tied to visible queries.
148,B_indexed_or_visible_refresh,b33-ai-background-remover-comparison-bing,Background Remover: 7 AI Tools Tested for Accuracy 2026,b33-ai-background-remover-comparison-bing,Review,lovart-review,deep_refresh_candidate,b1,1011.78,1.0,772.0,10.04,501.76,13542,General Creative Workflow,signal_refresh_complete,Round 2 -> Round 3,Review; broad-intent; 772 impressions; 1 clicks; pos 10.0; worth second-stage depth upgrade,"Second-stage deep refresh: add evidence, judgment, tested sections, and stronger FAQ.",Refresh if query intent is relevant; preserve URL; improve sections tied to visible queries.
149,B_indexed_or_visible_refresh,pollo-ai-vs-lovart-comparison,Pollo AI vs Lovart — AI Video Generator vs Full AI Design Agent,pollo-ai-vs-lovart-comparison,Review,lovart-review,deep_refresh_candidate,b1,989.79,0.0,393.0,12.51,501.44,7937,AI Video,signal_refresh_complete,Round 2 -> Round 3,Review; broad-intent; 393 impressions; pos 12.5; worth second-stage depth upgrade,"Second-stage deep refresh: add evidence, judgment, tested sections, and stronger FAQ.",Refresh if query intent is relevant; preserve URL; improve sections tied to visible queries.
150,B_indexed_or_visible_refresh,best-ai-design-agent-for-bubble-tea-shop-owner,Best AI Design Agent for Bubble Tea Shop Owners — Boba Branding That Pops,best-ai-design-agent-for-bubble-tea-shop-owner,Best Practice,lovart-best-practice,deep_refresh_candidate,b1,958.12,2.0,140.0,10.63,501.2,6458,Brand System,signal_refresh_complete,Round 2 -> Round 3,Best Practice; broad-intent; 140 impressions; 2 clicks; pos 10.6; worth second-stage depth upgrade,"Second-stage deep refresh: add evidence, judgment, tested sections, and stronger FAQ.",Refresh if query intent is relevant; preserve URL; improve sections tied to visible queries.
151,B_indexed_or_visible_refresh,ai-illustration-guide-how-to-generate-professional-artwork-from-prompts,AI Illustration Guide: How to Generate Professional Artwork from Prompts,ai-illustration-guide-how-to-generate-professional-artwork-from-,How-To,how-to-benchmark-research,deep_refresh_candidate,b1,977.77,2.0,634.0,11.0,500.72,16668,General Creative Workflow,signal_refresh_complete,Round 2 -> Round 3,How-To; broad-intent; 634 impressions; 2 clicks; pos 11.0; worth second-stage depth upgrade,"Second-stage deep refresh: add evidence, judgment, tested sections, and stronger FAQ.",Refresh if query intent is relevant; preserve URL; improve sections tied to visible queries.
152,B_indexed_or_visible_refresh,nano-banana-2-lovart-commercial-workflow,Nano Banana 2 Lovart Commercial Workflow: A Practical Lovart Workflow Guide,nano-banana-2-lovart-commercial-workflow,Best Practice,lovart-best-practice,deep_refresh_candidate,b1,957.19,2.0,124.0,11.14,499.92,8997,General Creative Workflow,signal_refresh_complete,Round 2 -> Round 3,Best Practice; broad-intent; 124 impressions; 2 clicks; pos 11.1; worth second-stage depth upgrade,"Second-stage deep refresh: add evidence, judgment, tested sections, and stronger FAQ.",Refresh if query intent is relevant; preserve URL; improve sections tied to visible queries.
153,B_indexed_or_visible_refresh,how-to-gen-product-photography-with-ai,How To Gen Product Photography With AI: A Practical Lovart Workflow Guide,how-to-gen-product-photography-with-ai,How-To,how-to-benchmark-research,deep_refresh_candidate,b1,958.4,0.0,369.0,15.87,499.52,8987,General Creative Workflow,signal_refresh_complete,Round 2 -> Round 3,How-To; broad-intent; 369 impressions; pos 15.9; worth second-stage depth upgrade,"Second-stage deep refresh: add evidence, judgment, tested sections, and stronger FAQ.",Refresh if query intent is relevant; preserve URL; improve sections tied to visible queries.
154,B_indexed_or_visible_refresh,lovart-digest-june-2026-week4,Lovart Digest June 2026 Week4: A Practical Lovart Workflow Guide,lovart-digest-june-2026-week4,How-To,how-to-benchmark-research,deep_refresh_candidate,b1,958.4,0.0,369.0,5.23,499.52,8942,General Creative Workflow,signal_refresh_complete,Round 2 -> Round 3,How-To; broad-intent; 369 impressions; pos 5.2; worth second-stage depth upgrade,"Second-stage deep refresh: add evidence, judgment, tested sections, and stronger FAQ.",Refresh if query intent is relevant; preserve URL; improve sections tied to visible queries.
155,B_indexed_or_visible_refresh,s27---midjourney-vs-dalle-vs-lovart-three-way,Midjourney vs DALL-E vs Lovart: The Ultimate 3-Way AI Image Battle (2026),s27---midjourney-vs-dalle-vs-lovart-three-way,Review,lovart-review,keep_refresh_only,b2,815.09,1.0,243.0,5.79,499.44,8304,AI Image,signal_refresh_complete,Round 4 -> Round 5,Review; 243 impressions; 1 clicks; pos 5.8; maintain signal refresh state,"Keep refresh gains; add proof, CTR framing, and cluster polish only.",Refresh if query intent is relevant; preserve URL; improve sections tied to visible queries.
156,B_indexed_or_visible_refresh,food-truck-wrap-design-ai,Food Truck Wrap Design: How AI Can Help You Stand Out for Free,blog-ftw-en,How-To,how-to-benchmark-research,keep_refresh_only,b2,799.76,4.0,358.0,7.97,498.64,26613,General Creative Workflow,signal_refresh_complete,Round 4 -> Round 5,How-To; 358 impressions; 4 clicks; pos 8.0; maintain signal refresh state,"Keep refresh gains; add proof, CTR framing, and cluster polish only.",Refresh if query intent is relevant; preserve URL; improve sections tied to visible queries.
157,B_indexed_or_visible_refresh,image-to-video-ai-2026-workflow,Image To Video AI 2026 Workflow: A Practical Lovart Workflow Guide,a3e0c144-f3aa-4612-a9e9-d485118bf150,Best Practice,lovart-best-practice,deep_refresh_candidate,b1,959.46,1.0,232.0,10.34,498.56,8952,AI Video,signal_refresh_complete,Round 2 -> Round 3,Best Practice; broad-intent; 232 impressions; 1 clicks; pos 10.3; worth second-stage depth upgrade,"Second-stage deep refresh: add evidence, judgment, tested sections, and stronger FAQ.",Refresh if query intent is relevant; preserve URL; improve sections tied to visible queries.
158,B_indexed_or_visible_refresh,the-best-ai-agent-driven-canvas-for-spa-with-lovart-all-in-one-design-agent,The Best AI Agent Driven Canvas For Spa with Lovart All-in-One Design Agent,the-best-ai-agent-driven-canvas-for-spa-with-lovart-all-in-one-d,Best Practice,lovart-best-practice,deep_refresh_candidate,b1,984.05,1.0,725.0,9.15,498.0,14006,AI Design Agent,signal_refresh_complete,Round 2 -> Round 3,Best Practice; broad-intent; 725 impressions; 1 clicks; pos 9.2; worth second-stage depth upgrade,"Second-stage deep refresh: add evidence, judgment, tested sections, and stronger FAQ.",Refresh if query intent is relevant; preserve URL; improve sections tied to visible queries.
159,B_indexed_or_visible_refresh,dall-e-alternatives-2026,DALL-E Alternatives 2026: Best AI Image Generators Compared | Lovart,bd-dall-e-alternatives-2026,Review,lovart-review,deep_refresh_candidate,b1,983.24,1.0,211.0,11.09,496.88,6668,AI Image,signal_refresh_complete,Round 2 -> Round 3,Review; broad-intent; 211 impressions; 1 clicks; pos 11.1; worth second-stage depth upgrade,"Second-stage deep refresh: add evidence, judgment, tested sections, and stronger FAQ.",Refresh if query intent is relevant; preserve URL; improve sections tied to visible queries.
160,B_indexed_or_visible_refresh,github-ai-coding-tools-comparison-2026,Github AI Coding Tools Comparison 2026: A Practical Lovart Workflow Guide,blog-github-ai-coding-tools-comparison-2026-en,Review,lovart-review,deep_refresh_candidate,b1,986.31,0.0,333.0,9.42,496.64,8987,General Creative Workflow,signal_refresh_complete,Round 2 -> Round 3,Review; broad-intent; 333 impressions; pos 9.4; worth second-stage depth upgrade,"Second-stage deep refresh: add evidence, judgment, tested sections, and stronger FAQ.",Refresh if query intent is relevant; preserve URL; improve sections tied to visible queries.
161,B_indexed_or_visible_refresh,03-industry-certificate-design-ai,03 Industry Certificate Design AI: A Practical Lovart Workflow Guide,03-industry-certificate-design-ai,How-To,how-to-benchmark-research,deep_refresh_candidate,b1,952.48,1.0,198.0,9.0,495.84,8962,General Creative Workflow,signal_refresh_complete,Round 2 -> Round 3,How-To; broad-intent; 198 impressions; 1 clicks; pos 9.0; worth second-stage depth upgrade,"Second-stage deep refresh: add evidence, judgment, tested sections, and stronger FAQ.",Refresh if query intent is relevant; preserve URL; improve sections tied to visible queries.
162,B_indexed_or_visible_refresh,best-ai-design-agent-for-freelancer,"Best AI Design Agent for Freelancers: Personal Branding, Portfolio Design & Client Proposals by Lovart",best-ai-design-agent-for-freelancer,Best Practice,lovart-best-practice,deep_refresh_candidate,b1,957.48,1.0,198.0,19.55,495.84,8154,Brand System,signal_refresh_complete,Round 2 -> Round 3,Best Practice; broad-intent; 198 impressions; 1 clicks; pos 19.6; worth second-stage depth upgrade,"Second-stage deep refresh: add evidence, judgment, tested sections, and stronger FAQ.",Refresh if query intent is relevant; preserve URL; improve sections tied to visible queries.
163,B_indexed_or_visible_refresh,ai-subscription-fatigue-utility-gap,Ai Subscription Fatigue Utility Gap,ai-subscription-fatigue-utility-gap,How-To,how-to-benchmark-research,keep_refresh_only,b2,804.18,2.0,572.0,9.62,495.76,9851,General Creative Workflow,signal_refresh_complete,Round 4 -> Round 5,How-To; 572 impressions; 2 clicks; pos 9.6; maintain signal refresh state,"Keep refresh gains; add proof, CTR framing, and cluster polish only.",Refresh if query intent is relevant; preserve URL; improve sections tied to visible queries.
164,B_indexed_or_visible_refresh,picsart-ai-vs-lovart-comparison,Picsart AI vs Lovart — Photo Editor Meets AI Design Agent,picsart-ai-vs-lovart-comparison,Review,lovart-review,deep_refresh_candidate,b1,982.14,1.0,192.0,10.06,495.36,6314,General Creative Workflow,signal_refresh_complete,Round 2 -> Round 3,Review; broad-intent; 192 impressions; 1 clicks; pos 10.1; worth second-stage depth upgrade,"Second-stage deep refresh: add evidence, judgment, tested sections, and stronger FAQ.",Refresh if query intent is relevant; preserve URL; improve sections tied to visible queries.
165,B_indexed_or_visible_refresh,s20-5-ai-design-trends-2026,5 AI Design Trends in 2026 That Are Changing Everything,s20-5-ai-design-trends-2026,Insight & Trend,lovart-insight-trend,deep_refresh_candidate,b1,972.08,1.0,691.0,9.27,495.28,12612,General Creative Workflow,signal_refresh_complete,Round 2 -> Round 3,Insight & Trend; 691 impressions; 1 clicks; pos 9.3; worth second-stage depth upgrade,"Second-stage deep refresh: add evidence, judgment, tested sections, and stronger FAQ.",Refresh if query intent is relevant; preserve URL; improve sections tied to visible queries.
166,B_indexed_or_visible_refresh,01-canva-vs-lovart,Canva vs Lovart: Template Design vs AI Design Agent (2026),01-canva-vs-lovart,Review,lovart-review,deep_refresh_candidate,b1,997.27,4.0,315.0,7.77,495.2,13678,Canva Alternative,signal_refresh_complete,Round 2 -> Round 3,Review; broad-intent; 315 impressions; 4 clicks; pos 7.8; worth second-stage depth upgrade,"Second-stage deep refresh: add evidence, judgment, tested sections, and stronger FAQ.",Refresh if query intent is relevant; preserve URL; improve sections tied to visible queries.
167,B_indexed_or_visible_refresh,03-wiki-export-formats-guide,03 Wiki Export Formats Guide: A Practical Lovart Workflow Guide,03-wiki-export-formats-guide,How-To,how-to-benchmark-research,deep_refresh_candidate,b1,951.96,1.0,189.0,6.87,495.12,8937,General Creative Workflow,signal_refresh_complete,Round 2 -> Round 3,How-To; broad-intent; 189 impressions; 1 clicks; pos 6.9; worth second-stage depth upgrade,"Second-stage deep refresh: add evidence, judgment, tested sections, and stronger FAQ.",Refresh if query intent is relevant; preserve URL; improve sections tied to visible queries.
168,B_indexed_or_visible_refresh,06-pillar-design-templates-category,06 Pillar Design Templates Category: A Practical Lovart Workflow Guide,06-pillar-design-templates-category,How-To,how-to-benchmark-research,deep_refresh_candidate,b1,951.9,1.0,188.0,9.62,495.04,8972,General Creative Workflow,signal_refresh_complete,Round 2 -> Round 3,How-To; broad-intent; 188 impressions; 1 clicks; pos 9.6; worth second-stage depth upgrade,"Second-stage deep refresh: add evidence, judgment, tested sections, and stronger FAQ.",Refresh if query intent is relevant; preserve URL; improve sections tied to visible queries.
169,B_indexed_or_visible_refresh,fast-logo-creation,How to Design a Professional Logo within 10 Minutes in 2026,fast-logo-creation,How-To,how-to-benchmark-research,keep_refresh_only,b2,803.42,2.0,559.0,8.02,494.72,11460,Logo & Identity,signal_refresh_complete,Round 4 -> Round 5,How-To; 559 impressions; 2 clicks; pos 8.0; maintain signal refresh state,"Keep refresh gains; add proof, CTR framing, and cluster polish only.",Refresh if query intent is relevant; preserve URL; improve sections tied to visible queries.
170,B_indexed_or_visible_refresh,ai-interior-design-tools-compared,AI Interior Design Tools Compared: A Practical Lovart Workflow Guide,ai-interior-design-tools-compared,Review,lovart-review,deep_refresh_candidate,b1,984.23,0.0,297.0,11.88,493.76,8962,General Creative Workflow,signal_refresh_complete,Round 2 -> Round 3,Review; broad-intent; 297 impressions; pos 11.9; worth second-stage depth upgrade,"Second-stage deep refresh: add evidence, judgment, tested sections, and stronger FAQ.",Refresh if query intent is relevant; preserve URL; improve sections tied to visible queries.
171,B_indexed_or_visible_refresh,logo-design-guide,Logo Design Guide: A Practical Lovart Workflow Guide,logo-design-guide,How-To,how-to-benchmark-research,deep_refresh_candidate,b1,950.86,1.0,170.0,14.82,493.6,8882,Logo & Identity,signal_refresh_complete,Round 2 -> Round 3,How-To; broad-intent; 170 impressions; 1 clicks; pos 14.8; worth second-stage depth upgrade,"Second-stage deep refresh: add evidence, judgment, tested sections, and stronger FAQ.",Refresh if query intent is relevant; preserve URL; improve sections tied to visible queries.
172,B_indexed_or_visible_refresh,lovart-vs-rentahuman-ai-design-comparison,Lovart vs RentAHuman.ai - Complete Comparison of AI Design vs Human Task Execution,lovart-vs-rentahuman-ai-design-comparison,Review,lovart-review,deep_refresh_candidate,b1,1008.99,0.0,793.0,7.93,493.44,41595,General Creative Workflow,signal_refresh_complete,Round 2 -> Round 3,Review; broad-intent; 793 impressions; pos 7.9; worth second-stage depth upgrade,"Second-stage deep refresh: add evidence, judgment, tested sections, and stronger FAQ.",Refresh if query intent is relevant; preserve URL; improve sections tied to visible queries.
173,B_indexed_or_visible_refresh,lovart-ai-complete-overview-features-capabilities,Lovart AI - Complete Overview of Features and Capabilities,lovart-ai-complete-overview-features-capabilities,How-To,how-to-benchmark-research,keep_refresh_only,b2,808.65,0.0,787.0,6.53,492.96,65367,General Creative Workflow,signal_refresh_complete,Round 4 -> Round 5,How-To; 787 impressions; pos 6.5; maintain signal refresh state,"Keep refresh gains; add proof, CTR framing, and cluster polish only.",Refresh if query intent is relevant; preserve URL; improve sections tied to visible queries.
174,B_indexed_or_visible_refresh,pictory-ai-review-2025-ai-video-editor-features-pricing-and-test,Pictory AI Review 2025 AI Video Editor Features Pricing And Test: A Practical Lovart Workflow Guide,pictory-ai-review-2025-ai-video-editor-features-pricing-and-test,Review,lovart-review,deep_refresh_candidate,b1,1008.47,0.0,784.0,9.69,492.72,9117,AI Video,signal_refresh_complete,Round 2 -> Round 3,Review; broad-intent; 784 impressions; pos 9.7; worth second-stage depth upgrade,"Second-stage deep refresh: add evidence, judgment, tested sections, and stronger FAQ.",Refresh if query intent is relevant; preserve URL; improve sections tied to visible queries.
175,B_indexed_or_visible_refresh,adobe-creative-cloud-alternatives-2026,Adobe Creative Cloud Alternatives 2026: Best Tools & Lovart Comparison,bd-adobe-creative-cloud-alternatives-2026,Review,lovart-review,deep_refresh_candidate,b1,980.16,1.0,158.0,7.14,492.64,8054,General Creative Workflow,signal_refresh_complete,Round 2 -> Round 3,Review; broad-intent; 158 impressions; 1 clicks; pos 7.1; worth second-stage depth upgrade,"Second-stage deep refresh: add evidence, judgment, tested sections, and stronger FAQ.",Refresh if query intent is relevant; preserve URL; improve sections tied to visible queries.
176,B_indexed_or_visible_refresh,product-photos-ai-2026-guide,Product Photos AI 2026 Guide: A Practical Lovart Workflow Guide,9688e06c-6e0a-40de-a1d3-71317d4ba133,How-To,how-to-benchmark-research,deep_refresh_candidate,b1,950.05,1.0,156.0,7.61,492.48,8937,General Creative Workflow,signal_refresh_complete,Round 2 -> Round 3,How-To; broad-intent; 156 impressions; 1 clicks; pos 7.6; worth second-stage depth upgrade,"Second-stage deep refresh: add evidence, judgment, tested sections, and stronger FAQ.",Refresh if query intent is relevant; preserve URL; improve sections tied to visible queries.
177,B_indexed_or_visible_refresh,s11-how-to-use-ai-for-design-beginner-guide,S11 How To Use AI For Design Beginner Guide: A Practical Lovart Workflow Guide,s11-how-to-use-ai-for-design-beginner-guide,Best Practice,lovart-best-practice,deep_refresh_candidate,b1,976.57,2.0,527.0,16.88,492.16,9012,General Creative Workflow,signal_refresh_complete,Round 2 -> Round 3,Best Practice; broad-intent; 527 impressions; 2 clicks; pos 16.9; worth second-stage depth upgrade,"Second-stage deep refresh: add evidence, judgment, tested sections, and stronger FAQ.",Refresh if query intent is relevant; preserve URL; improve sections tied to visible queries.
178,B_indexed_or_visible_refresh,lovart-digest-june-2026-week1,"Lovart Digest — Summer Design Trends, Tutorial Roundup & Community Picks (June W1)",lovart-digest-june-2026-week1,Insight & Trend,lovart-insight-trend,deep_refresh_candidate,b1,948.01,0.0,276.0,14.24,492.08,7940,General Creative Workflow,signal_refresh_complete,Round 2 -> Round 3,Insight & Trend; 276 impressions; pos 14.2; worth second-stage depth upgrade,"Second-stage deep refresh: add evidence, judgment, tested sections, and stronger FAQ.",Refresh if query intent is relevant; preserve URL; improve sections tied to visible queries.
179,B_indexed_or_visible_refresh,best-haiper-ai-alternatives-in-2025-video-generation-compared,Best Haiper AI Alternatives in 2026: Video Generation Compared,best-haiper-ai-alternatives-in-2025-video-generation-compared,Review,lovart-review,deep_refresh_candidate,b1,1000.99,2.0,517.0,12.84,491.36,10154,AI Video,signal_refresh_complete,Round 2 -> Round 3,Review; broad-intent; 517 impressions; 2 clicks; pos 12.8; worth second-stage depth upgrade,"Second-stage deep refresh: add evidence, judgment, tested sections, and stronger FAQ.",Refresh if query intent is relevant; preserve URL; improve sections tied to visible queries.
180,B_indexed_or_visible_refresh,content-gap-analysis-q2-2026,Lovart Content Gap Analysis — Q2 2026,content-gap-analysis-q2-2026,How-To,how-to-benchmark-research,keep_refresh_only,b2,782.02,0.0,259.0,8.66,490.72,7949,General Creative Workflow,signal_refresh_complete,Round 4 -> Round 5,How-To; 259 impressions; pos 8.7; maintain signal refresh state,"Keep refresh gains; add proof, CTR framing, and cluster polish only.",Refresh if query intent is relevant; preserve URL; improve sections tied to visible queries.
181,B_indexed_or_visible_refresh,b36-ai-avatar-tools-comparison-bing,B36 AI Avatar Tools Comparison Bing: A Practical Lovart Workflow Guide,b36-ai-avatar-tools-comparison-bing,Review,lovart-review,deep_refresh_candidate,b1,981.96,0.0,258.0,13.11,490.64,8972,General Creative Workflow,signal_refresh_complete,Round 2 -> Round 3,Review; broad-intent; 258 impressions; pos 13.1; worth second-stage depth upgrade,"Second-stage deep refresh: add evidence, judgment, tested sections, and stronger FAQ.",Refresh if query intent is relevant; preserve URL; improve sections tied to visible queries.
182,B_indexed_or_visible_refresh,best-ai-design-agent-for-boutique-owners,Best AI Design Agent For Boutique Owners: A Practical Lovart Workflow Guide,blog-best-ai-design-agent-for-boutique-owners-en,Best Practice,lovart-best-practice,deep_refresh_candidate,b1,956.96,0.0,258.0,7.03,490.64,8997,AI Design Agent,signal_refresh_complete,Round 2 -> Round 3,Best Practice; broad-intent; 258 impressions; pos 7.0; worth second-stage depth upgrade,"Second-stage deep refresh: add evidence, judgment, tested sections, and stronger FAQ.",Refresh if query intent is relevant; preserve URL; improve sections tied to visible queries.
183,B_indexed_or_visible_refresh,complete-guide-ai-face-retouching-portrait-editing,The 2026 Complete Guide to AI Face Retouching & Portrait Editing,complete-guide-ai-face-retouching-portrait-editing,Complete Guide,lovart-complete-guide,deep_refresh_candidate,b1,1036.91,0.0,757.0,8.15,490.56,51630,General Creative Workflow,signal_refresh_complete,Round 2 -> Round 3,Complete Guide; broad-intent; 757 impressions; pos 8.2; worth second-stage depth upgrade,"Promote to canonical longform via state-machine drafting, evidence pack, and cluster integration.",Refresh if query intent is relevant; preserve URL; improve sections tied to visible queries.
184,B_indexed_or_visible_refresh,best-ai-design-agent-for-digital-agencies-2026,Best AI Design Agent For Digital Agencies 2026: A Practical Lovart Workflow Guide,best-ai-design-agent-for-digital-agencies-2026,Best Practice,lovart-best-practice,deep_refresh_candidate,b1,978.42,1.0,628.0,12.7,490.24,9027,AI Design Agent,signal_refresh_complete,Round 2 -> Round 3,Best Practice; broad-intent; 628 impressions; 1 clicks; pos 12.7; worth second-stage depth upgrade,"Second-stage deep refresh: add evidence, judgment, tested sections, and stronger FAQ.",Refresh if query intent is relevant; preserve URL; improve sections tied to visible queries.
185,B_indexed_or_visible_refresh,how-to-create-ai-avatar-profile-picture,How To Create AI Avatar Profile Picture: A Practical Lovart Workflow Guide,how-to-create-ai-avatar-profile-picture,How-To,how-to-benchmark-research,deep_refresh_candidate,b1,948.25,1.0,125.0,13.28,490.0,8992,General Creative Workflow,signal_refresh_complete,Round 2 -> Round 3,How-To; broad-intent; 125 impressions; 1 clicks; pos 13.3; worth second-stage depth upgrade,"Second-stage deep refresh: add evidence, judgment, tested sections, and stronger FAQ.",Refresh if query intent is relevant; preserve URL; improve sections tied to visible queries.
186,B_indexed_or_visible_refresh,how-to-generate-consistent-characters-ai-bing,How to Generate Consistent Characters with AI — Tutorial,how-to-generate-consistent-characters-ai-bing,How-To,how-to-benchmark-research,keep_refresh_only,b2,799.94,2.0,499.0,16.21,489.92,13862,Character Consistency,signal_refresh_complete,Round 4 -> Round 5,How-To; 499 impressions; 2 clicks; pos 16.2; maintain signal refresh state,"Keep refresh gains; add proof, CTR framing, and cluster polish only.",Refresh if query intent is relevant; preserve URL; improve sections tied to visible queries.
187,B_indexed_or_visible_refresh,adobe-illustrator-alternatives-2026,Adobe Illustrator Alternatives 2026: Best Vector & AI Design Tools | Lovart,bd-adobe-illustrator-alternatives-2026,Review,lovart-review,deep_refresh_candidate,b1,978.08,1.0,122.0,4.02,489.76,7873,General Creative Workflow,signal_refresh_complete,Round 2 -> Round 3,Review; broad-intent; 122 impressions; 1 clicks; pos 4.0; worth second-stage depth upgrade,"Second-stage deep refresh: add evidence, judgment, tested sections, and stronger FAQ.",Refresh if query intent is relevant; preserve URL; improve sections tied to visible queries.
188,B_indexed_or_visible_refresh,imagen-3-review,"Imagen 3 Review 2026: Features, Quality & Alternatives | Lovart",imagen-3-review,Review,lovart-review,deep_refresh_candidate,b1,1003.02,1.0,621.0,13.97,489.68,9481,AI Image,signal_refresh_complete,Round 2 -> Round 3,Review; broad-intent; 621 impressions; 1 clicks; pos 14.0; worth second-stage depth upgrade,"Second-stage deep refresh: add evidence, judgment, tested sections, and stronger FAQ.",Refresh if query intent is relevant; preserve URL; improve sections tied to visible queries.
189,B_indexed_or_visible_refresh,05-enterprise-security-overview,Lovart Security Overview: How We Protect Your Designs & Data,05-enterprise-security-overview,How-To,how-to-benchmark-research,keep_refresh_only,b2,793.21,4.0,245.0,5.44,489.6,11135,General Creative Workflow,signal_refresh_complete,Round 4 -> Round 5,How-To; 245 impressions; 4 clicks; pos 5.4; maintain signal refresh state,"Keep refresh gains; add proof, CTR framing, and cluster polish only.",Refresh if query intent is relevant; preserve URL; improve sections tied to visible queries.
190,B_indexed_or_visible_refresh,ai-video-for-ecommerce-2026,AI Video For Ecommerce 2026: A Practical Lovart Workflow Guide,498afa51-fca0-40c3-9eac-c76832f394ba,Best Practice,lovart-best-practice,deep_refresh_candidate,b1,956.21,0.0,245.0,10.04,489.6,8932,AI Video,signal_refresh_complete,Round 2 -> Round 3,Best Practice; broad-intent; 245 impressions; pos 10.0; worth second-stage depth upgrade,"Second-stage deep refresh: add evidence, judgment, tested sections, and stronger FAQ.",Refresh if query intent is relevant; preserve URL; improve sections tied to visible queries.
191,B_indexed_or_visible_refresh,photo-animation-tools-compared,Photo Animation Tools Compared: MyHeritage vs Deep Nostalgia vs Lovart — Bringing Photos to Life,photo-animation-tools-compared,Review,lovart-review,deep_refresh_candidate,b1,999.65,2.0,494.0,13.55,489.52,11452,General Creative Workflow,signal_refresh_complete,Round 2 -> Round 3,Review; broad-intent; 494 impressions; 2 clicks; pos 13.6; worth second-stage depth upgrade,"Second-stage deep refresh: add evidence, judgment, tested sections, and stronger FAQ.",Refresh if query intent is relevant; preserve URL; improve sections tied to visible queries.
192,B_indexed_or_visible_refresh,ai-design-tools-for-text-rendering-2026,AI Design Tools For Text Rendering 2026: A Practical Lovart Workflow Guide,bd-ai-design-tools-for-text-rendering-2026,Best Practice,lovart-best-practice,deep_refresh_candidate,b1,955.57,0.0,234.0,6.29,488.72,8992,General Creative Workflow,signal_refresh_complete,Round 2 -> Round 3,Best Practice; broad-intent; 234 impressions; pos 6.3; worth second-stage depth upgrade,"Second-stage deep refresh: add evidence, judgment, tested sections, and stronger FAQ.",Refresh if query intent is relevant; preserve URL; improve sections tied to visible queries.
193,B_indexed_or_visible_refresh,how-to-chat-generate-brochure-lovart,How To Chat Generate Brochure Lovart: A Practical Lovart Workflow Guide,how-to-chat-generate-brochure-lovart,How-To,how-to-benchmark-research,deep_refresh_candidate,b1,950.4,0.0,231.0,8.14,488.48,8977,General Creative Workflow,signal_refresh_complete,Round 2 -> Round 3,How-To; broad-intent; 231 impressions; pos 8.1; worth second-stage depth upgrade,"Second-stage deep refresh: add evidence, judgment, tested sections, and stronger FAQ.",Refresh if query intent is relevant; preserve URL; improve sections tied to visible queries.
194,B_indexed_or_visible_refresh,complete-guide-photo-expansion-uncrop-ai,The 2026 Complete Guide to AI Photo Expansion & Uncrop,complete-guide-photo-expansion-uncrop-ai,Complete Guide,lovart-complete-guide,deep_refresh_candidate,b1,1024.2,3.0,331.0,15.28,486.48,54959,General Creative Workflow,signal_refresh_complete,Round 2 -> Round 3,Complete Guide; broad-intent; 331 impressions; 3 clicks; pos 15.3; worth second-stage depth upgrade,"Promote to canonical longform via state-machine drafting, evidence pack, and cluster integration.",Refresh if query intent is relevant; preserve URL; improve sections tied to visible queries.
195,B_indexed_or_visible_refresh,best-ai-design-agent-for-side-hustlers,Best AI Design Agent For Side Hustlers: A Practical Lovart Workflow Guide,blog-best-ai-design-agent-for-side-hustlers-en,Best Practice,lovart-best-practice,deep_refresh_candidate,b1,953.89,0.0,205.0,9.59,486.4,8987,AI Design Agent,signal_refresh_complete,Round 2 -> Round 3,Best Practice; broad-intent; 205 impressions; pos 9.6; worth second-stage depth upgrade,"Second-stage deep refresh: add evidence, judgment, tested sections, and stronger FAQ.",Refresh if query intent is relevant; preserve URL; improve sections tied to visible queries.
196,B_indexed_or_visible_refresh,ai-video-creation-tricks-claymation-loop-animate-photos,Ai Video Creation With Picture: AI-Powered Solution 2026 | L,ai-video-creation-tricks-claymation-loop-animate-photos,How-To,how-to-benchmark-research,keep_refresh_only,b2,797.27,2.0,453.0,16.79,486.24,14985,AI Video,signal_refresh_complete,Round 4 -> Round 5,How-To; 453 impressions; 2 clicks; pos 16.8; maintain signal refresh state,"Keep refresh gains; add proof, CTR framing, and cluster polish only.",Refresh if query intent is relevant; preserve URL; improve sections tied to visible queries.
197,B_indexed_or_visible_refresh,best-ai-design-tools-in-2025-complete-comparison-guide-for-creators-and-marketers,Best AI Design Tools in 2026: Complete Comparison Guide for Creators & Marketers,best-ai-design-tools-in-2025-complete-comparison-guide-for-creat,Review,lovart-review,deep_refresh_candidate,b1,1003.6,0.0,700.0,13.83,486.0,75670,General Creative Workflow,signal_refresh_complete,Round 2 -> Round 3,Review; broad-intent; 700 impressions; pos 13.8; worth second-stage depth upgrade,"Second-stage deep refresh: add evidence, judgment, tested sections, and stronger FAQ.",Refresh if query intent is relevant; preserve URL; improve sections tied to visible queries.
198,B_indexed_or_visible_refresh,5-best-ai-image-expanders-uncrop-tools-2026,AI Image Extender: Uncrop & Expand Photos Naturally 2026,5-best-ai-image-expanders-uncrop-tools-2026,How-To,how-to-benchmark-research,deep_refresh_candidate,b1,969.89,1.0,567.0,5.6,485.36,11049,AI Image,signal_refresh_complete,Round 2 -> Round 3,How-To; broad-intent; 567 impressions; 1 clicks; pos 5.6; worth second-stage depth upgrade,"Second-stage deep refresh: add evidence, judgment, tested sections, and stronger FAQ.",Refresh if query intent is relevant; preserve URL; improve sections tied to visible queries.
199,B_indexed_or_visible_refresh,leonardo-ai-alternative-nano-banana-pro,Seeking a Leonardo AI Alternative: When to Use a Design Agent Instead,leonardo-ai-alternative-nano-banana-pro,Review,lovart-review,deep_refresh_candidate,b1,996.58,2.0,441.0,10.07,485.28,10155,General Creative Workflow,signal_refresh_complete,Round 2 -> Round 3,Review; broad-intent; 441 impressions; 2 clicks; pos 10.1; worth second-stage depth upgrade,"Second-stage deep refresh: add evidence, judgment, tested sections, and stronger FAQ.",Refresh if query intent is relevant; preserve URL; improve sections tied to visible queries.
200,B_indexed_or_visible_refresh,step-by-step-brochure-without-photoshop,A Step-by-Step Guide to Create a Brochure Without Photoshop — Print-Ready in 5 Steps,step-by-step-brochure-without-photoshop,How-To,how-to-benchmark-research,deep_refresh_candidate,b1,963.15,3.0,313.0,8.81,485.04,12143,General Creative Workflow,signal_refresh_complete,Round 2 -> Round 3,How-To; broad-intent; 313 impressions; 3 clicks; pos 8.8; worth second-stage depth upgrade,"Second-stage deep refresh: add evidence, judgment, tested sections, and stronger FAQ.",Refresh if query intent is relevant; preserve URL; improve sections tied to visible queries.
201,B_indexed_or_visible_refresh,how-to-turn-photo-into-anime-cartoon-ai,"How to Turn Your Photo into Anime, Cartoon & Disney Style with AI",how-to-turn-photo-into-anime-cartoon-ai,How-To,how-to-benchmark-research,keep_refresh_only,b2,796.29,2.0,436.0,11.52,484.88,11792,General Creative Workflow,signal_refresh_complete,Round 4 -> Round 5,How-To; 436 impressions; 2 clicks; pos 11.5; maintain signal refresh state,"Keep refresh gains; add proof, CTR framing, and cluster polish only.",Refresh if query intent is relevant; preserve URL; improve sections tied to visible queries.
202,B_indexed_or_visible_refresh,lovart-digest-june-2026-week3,Lovart Digest June 2026 Week3: A Practical Lovart Workflow Guide,lovart-digest-june-2026-week3,How-To,how-to-benchmark-research,deep_refresh_candidate,b1,947.56,0.0,182.0,6.12,484.56,8942,General Creative Workflow,signal_refresh_complete,Round 2 -> Round 3,How-To; broad-intent; 182 impressions; pos 6.1; worth second-stage depth upgrade,"Second-stage deep refresh: add evidence, judgment, tested sections, and stronger FAQ.",Refresh if query intent is relevant; preserve URL; improve sections tied to visible queries.
203,B_indexed_or_visible_refresh,ai-photo-restoration-2026,AI Photo Restoration 2026: A Practical Lovart Workflow Guide,b53025c4-4679-4f38-8cf8-9f6f0c66848d,How-To,how-to-benchmark-research,deep_refresh_candidate,b1,947.38,0.0,179.0,12.85,484.32,8922,General Creative Workflow,signal_refresh_complete,Round 2 -> Round 3,How-To; broad-intent; 179 impressions; pos 12.8; worth second-stage depth upgrade,"Second-stage deep refresh: add evidence, judgment, tested sections, and stronger FAQ.",Refresh if query intent is relevant; preserve URL; improve sections tied to visible queries.
204,B_indexed_or_visible_refresh,opening-hook,Opening Hook: Why AI Design Matters for Modern Creators,opening-hook,How-To,how-to-benchmark-research,keep_refresh_only,b2,777.09,0.0,174.0,4.28,483.92,8907,General Creative Workflow,signal_refresh_complete,Round 4 -> Round 5,How-To; 174 impressions; pos 4.3; maintain signal refresh state,"Keep refresh gains; add proof, CTR framing, and cluster polish only.",Refresh if query intent is relevant; preserve URL; improve sections tied to visible queries.
205,B_indexed_or_visible_refresh,how-to-design-posters-ai-guide,How To Design Posters AI Guide: A Practical Lovart Workflow Guide,how-to-design-posters-ai-guide,How-To,how-to-benchmark-research,deep_refresh_candidate,b1,946.28,0.0,160.0,9.6,482.8,8947,General Creative Workflow,signal_refresh_complete,Round 2 -> Round 3,How-To; broad-intent; 160 impressions; pos 9.6; worth second-stage depth upgrade,"Second-stage deep refresh: add evidence, judgment, tested sections, and stronger FAQ.",Refresh if query intent is relevant; preserve URL; improve sections tied to visible queries.
206,B_indexed_or_visible_refresh,insight-2027-ai-design-year-review,Insight 2027 AI Design Year Review: A Practical Lovart Workflow Guide,insight-2027-ai-design-year-review,Review,lovart-review,deep_refresh_candidate,b1,976.22,0.0,159.0,6.68,482.72,8967,General Creative Workflow,signal_refresh_complete,Round 2 -> Round 3,Review; broad-intent; 159 impressions; pos 6.7; worth second-stage depth upgrade,"Second-stage deep refresh: add evidence, judgment, tested sections, and stronger FAQ.",Refresh if query intent is relevant; preserve URL; improve sections tied to visible queries.
207,B_indexed_or_visible_refresh,how-to-make-movie-poster-ai,How to Make a Movie Poster with AI — Cinematic Designs That Look Professional,how-to-make-movie-poster-ai,How-To,how-to-benchmark-research,keep_refresh_only,b2,776.16,0.0,158.0,9.27,482.64,8551,General Creative Workflow,signal_refresh_complete,Round 4 -> Round 5,How-To; 158 impressions; pos 9.3; maintain signal refresh state,"Keep refresh gains; add proof, CTR framing, and cluster polish only.",Refresh if query intent is relevant; preserve URL; improve sections tied to visible queries.
208,B_indexed_or_visible_refresh,ai-design-tools-comparison-2026-complete,"Best AI Design Tools 2026: Complete Comparison, Pricing & Best Picks | Lovart",bd-ai-design-tools-comparison-2026-complete,Review,lovart-review,deep_refresh_candidate,b1,975.93,0.0,154.0,13.55,482.32,7053,General Creative Workflow,signal_refresh_complete,Round 2 -> Round 3,Review; broad-intent; 154 impressions; pos 13.6; worth second-stage depth upgrade,"Second-stage deep refresh: add evidence, judgment, tested sections, and stronger FAQ.",Refresh if query intent is relevant; preserve URL; improve sections tied to visible queries.
209,B_indexed_or_visible_refresh,midjourney-character-reference-vs-lovart-nano-banana-consistency-test,Lovart AI: Midjourney Character Reference Vs Lovart Nano Banana Consistency Test | Tested 2026,midjourney-character-reference-vs-lovart-nano-banana-consistency,Review,lovart-review,keep_refresh_only,b2,830.76,0.0,651.0,13.96,482.08,10586,Character Consistency,signal_refresh_complete,Round 4 -> Round 5,Review; 651 impressions; pos 14.0; maintain signal refresh state,"Keep refresh gains; add proof, CTR framing, and cluster polish only.",Refresh if query intent is relevant; preserve URL; improve sections tied to visible queries.
210,B_indexed_or_visible_refresh,03-cluster-ai-lip-sync,Faceswap Ai: AI-Powered Solution 2026,03-cluster-ai-lip-sync,How-To,how-to-benchmark-research,keep_refresh_only,b2,791.01,3.0,276.0,14.01,482.08,11273,General Creative Workflow,signal_refresh_complete,Round 4 -> Round 5,How-To; 276 impressions; 3 clicks; pos 14.0; maintain signal refresh state,"Keep refresh gains; add proof, CTR framing, and cluster polish only.",Refresh if query intent is relevant; preserve URL; improve sections tied to visible queries.
211,B_indexed_or_visible_refresh,ai-design-for-linkedin-personal-branding,AI Design For Linkedin Personal Branding: A Practical Lovart Workflow Guide,ai-design-for-linkedin-personal-branding,Best Practice,lovart-best-practice,deep_refresh_candidate,b1,950.7,0.0,150.0,9.2,482.0,8997,Brand System,signal_refresh_complete,Round 2 -> Round 3,Best Practice; broad-intent; 150 impressions; pos 9.2; worth second-stage depth upgrade,"Second-stage deep refresh: add evidence, judgment, tested sections, and stronger FAQ.",Refresh if query intent is relevant; preserve URL; improve sections tied to visible queries.
212,B_indexed_or_visible_refresh,01-cluster-image-to-video,Image to Video: Transform Photos into Cinematic Motion,01-cluster-image-to-video,How-To,how-to-benchmark-research,keep_refresh_only,b2,775.64,0.0,149.0,13.34,481.92,8814,AI Video,signal_refresh_complete,Round 4 -> Round 5,How-To; 149 impressions; pos 13.3; maintain signal refresh state,"Keep refresh gains; add proof, CTR framing, and cluster polish only.",Refresh if query intent is relevant; preserve URL; improve sections tied to visible queries.
213,B_indexed_or_visible_refresh,step-by-step-google-ads-without-photoshop,Step-by-Step Google Ads Without Photoshop: Design Display and Discovery Ad Creative,step-by-step-google-ads-without-photoshop,How-To,how-to-benchmark-research,keep_refresh_only,b2,775.06,0.0,139.0,11.26,481.12,7725,General Creative Workflow,signal_refresh_complete,Round 4 -> Round 5,How-To; 139 impressions; pos 11.3; maintain signal refresh state,"Keep refresh gains; add proof, CTR framing, and cluster polish only.",Refresh if query intent is relevant; preserve URL; improve sections tied to visible queries.
214,B_indexed_or_visible_refresh,how-to-chat-generate-ai-effects-lovart,How To Chat Generate AI Effects Lovart: A Practical Lovart Workflow Guide,how-to-chat-generate-ai-effects-lovart,How-To,how-to-benchmark-research,deep_refresh_candidate,b1,944.95,0.0,137.0,9.52,480.96,8987,General Creative Workflow,signal_refresh_complete,Round 2 -> Round 3,How-To; broad-intent; 137 impressions; pos 9.5; worth second-stage depth upgrade,"Second-stage deep refresh: add evidence, judgment, tested sections, and stronger FAQ.",Refresh if query intent is relevant; preserve URL; improve sections tied to visible queries.
215,B_indexed_or_visible_refresh,ai-design-tools-batch-generation-2026,AI Design Tools Batch Generation 2026: A Practical Lovart Workflow Guide,bd-ai-design-tools-batch-generation-2026,How-To,how-to-benchmark-research,deep_refresh_candidate,b1,944.83,0.0,135.0,9.0,480.8,8982,General Creative Workflow,signal_refresh_complete,Round 2 -> Round 3,How-To; broad-intent; 135 impressions; pos 9.0; worth second-stage depth upgrade,"Second-stage deep refresh: add evidence, judgment, tested sections, and stronger FAQ.",Refresh if query intent is relevant; preserve URL; improve sections tied to visible queries.
216,B_indexed_or_visible_refresh,design-trends-2027,Design Trends 2027: A Practical Lovart Workflow Guide,design-trends-2027,Insight & Trend,lovart-insight-trend,deep_refresh_candidate,b1,1006.27,8.0,384.0,8.79,480.72,8887,General Creative Workflow,signal_refresh_complete,Round 2 -> Round 3,Insight & Trend; broad-intent; 384 impressions; 8 clicks; pos 8.8; worth second-stage depth upgrade,"Second-stage deep refresh: add evidence, judgment, tested sections, and stronger FAQ.",Refresh if query intent is relevant; preserve URL; improve sections tied to visible queries.
217,B_indexed_or_visible_refresh,hailuo-ai-review-2025-cinematic-video-generation-tested-hands-on,Hailuo AI Review 2026: Cinematic Video Generation Tested Hands-On,hailuo-ai-review-2025-cinematic-video-generation-tested-hands-on,Review,lovart-review,deep_refresh_candidate,b1,996.06,1.0,501.0,15.22,480.08,10004,AI Video,signal_refresh_complete,Round 2 -> Round 3,Review; broad-intent; 501 impressions; 1 clicks; pos 15.2; worth second-stage depth upgrade,"Second-stage deep refresh: add evidence, judgment, tested sections, and stronger FAQ.",Refresh if query intent is relevant; preserve URL; improve sections tied to visible queries.
218,B_indexed_or_visible_refresh,01-pillar-ai-brand-design-playbook,Ai Design: AI-Powered Solution 2026,01-pillar-ai-brand-design-playbook,How-To,how-to-benchmark-research,keep_refresh_only,b2,792.63,2.0,373.0,8.79,479.84,18191,Brand System,signal_refresh_complete,Round 4 -> Round 5,How-To; 373 impressions; 2 clicks; pos 8.8; maintain signal refresh state,"Keep refresh gains; add proof, CTR framing, and cluster polish only.",Refresh if query intent is relevant; preserve URL; improve sections tied to visible queries.
219,B_indexed_or_visible_refresh,lovart-make-no-code-automation,Lovart Make No Code Automation: A Practical Lovart Workflow Guide,stack-make-lovart,How-To,how-to-benchmark-research,deep_refresh_candidate,b1,944.13,0.0,123.0,6.46,479.84,8947,General Creative Workflow,signal_refresh_complete,Round 2 -> Round 3,How-To; broad-intent; 123 impressions; pos 6.5; worth second-stage depth upgrade,"Second-stage deep refresh: add evidence, judgment, tested sections, and stronger FAQ.",Refresh if query intent is relevant; preserve URL; improve sections tied to visible queries.
220,B_indexed_or_visible_refresh,step-by-step-fb-ads-without-photoshop,Step By Step Fb Ads Without Photoshop: A Practical Lovart Workflow Guide,step-by-step-fb-ads-without-photoshop,How-To,how-to-benchmark-research,deep_refresh_candidate,b1,943.84,0.0,118.0,8.49,479.44,8982,General Creative Workflow,signal_refresh_complete,Round 2 -> Round 3,How-To; broad-intent; 118 impressions; pos 8.5; worth second-stage depth upgrade,"Second-stage deep refresh: add evidence, judgment, tested sections, and stronger FAQ.",Refresh if query intent is relevant; preserve URL; improve sections tied to visible queries.
221,B_indexed_or_visible_refresh,veo-ai-free-vs-lovart,Veo AI Free vs Lovart: Compare the Workflow Before You Choose,y2MFYERGQO0IvWXX54vKrS,Review,lovart-review,cluster_support_only,b2,799.04,3.0,242.0,7.66,479.36,9998,General Creative Workflow,signal_refresh_complete,Round 4,Review; 242 impressions; 3 clicks; pos 7.7; best kept as cluster support,"Support role only; keep clean, indexable, and internally linked.",Refresh if query intent is relevant; preserve URL; improve sections tied to visible queries.
222,B_indexed_or_visible_refresh,b32-ai-logo-maker-comparison-bing,B32 AI Logo Maker Comparison Bing: Create Better Visuals From a Clear Brief,b32-ai-logo-maker-comparison-bing,Review,lovart-review,deep_refresh_candidate,b1,973.67,0.0,115.0,11.1,479.2,8982,Logo & Identity,signal_refresh_complete,Round 2 -> Round 3,Review; broad-intent; 115 impressions; pos 11.1; worth second-stage depth upgrade,"Second-stage deep refresh: add evidence, judgment, tested sections, and stronger FAQ.",Refresh if query intent is relevant; preserve URL; improve sections tied to visible queries.
223,B_indexed_or_visible_refresh,step-by-step-price-lists-without-photoshop,Step-by-Step Price Lists Without Photoshop: Design Professional Pricing Sheets with Lovart,step-by-step-price-lists-without-photoshop,How-To,how-to-benchmark-research,keep_refresh_only,b2,773.67,0.0,115.0,9.79,479.2,8396,General Creative Workflow,signal_refresh_complete,Round 4 -> Round 5,How-To; 115 impressions; pos 9.8; maintain signal refresh state,"Keep refresh gains; add proof, CTR framing, and cluster polish only.",Refresh if query intent is relevant; preserve URL; improve sections tied to visible queries.
224,B_indexed_or_visible_refresh,ai-design-ecommerce-stores,AI Design Ecommerce Stores: A Practical Lovart Workflow Guide,ai-design-ecommerce-stores,How-To,how-to-benchmark-research,cluster_support_only,b2,783.5,0.0,112.0,15.59,478.96,8927,General Creative Workflow,signal_refresh_complete,Round 4,How-To; broad-intent; 112 impressions; pos 15.6; best kept as cluster support,"Support role only; keep clean, indexable, and internally linked.",Refresh if query intent is relevant; preserve URL; improve sections tied to visible queries.
225,B_indexed_or_visible_refresh,best-ai-design-agent-for-amazon-seller,"Best AI Design Agent for Amazon Sellers: White Background Main Images, Lifestyle Shots & A+ Modules by Lovart",best-ai-design-agent-for-amazon-seller,Best Practice,lovart-best-practice,cluster_support_only,b2,788.38,0.0,110.0,17.86,478.8,7844,AI Image,signal_refresh_complete,Round 4,Best Practice; broad-intent; 110 impressions; pos 17.9; best kept as cluster support,"Support role only; keep clean, indexable, and internally linked.",Refresh if query intent is relevant; preserve URL; improve sections tied to visible queries.
226,B_indexed_or_visible_refresh,best-ai-tools-for-ecommerce-2026,Best AI Tools For Ecommerce 2026: A Practical Lovart Workflow Guide,bp-best-ai-tools-for-ecommerce-2026,Best Practice,lovart-best-practice,cluster_support_only,b2,788.26,0.0,108.0,18.33,478.64,8957,General Creative Workflow,signal_refresh_complete,Round 4,Best Practice; broad-intent; 108 impressions; pos 18.3; best kept as cluster support,"Support role only; keep clean, indexable, and internally linked.",Refresh if query intent is relevant; preserve URL; improve sections tied to visible queries.
227,B_indexed_or_visible_refresh,how-to-create-editable-designs-ai-no-photoshop,How To Create Editable Designs AI No Photoshop: A Practical Lovart Workflow Guide,how-to-create-editable-designs-ai-no-photoshop,How-To,how-to-benchmark-research,deep_refresh_candidate,b1,963.62,1.0,459.0,5.65,476.72,9027,General Creative Workflow,signal_refresh_complete,Round 2 -> Round 3,How-To; broad-intent; 459 impressions; 1 clicks; pos 5.7; worth second-stage depth upgrade,"Second-stage deep refresh: add evidence, judgment, tested sections, and stronger FAQ.",Refresh if query intent is relevant; preserve URL; improve sections tied to visible queries.
228,B_indexed_or_visible_refresh,how-to-create-posters-banners-flyers-ai,"How to Create Posters, Banners & Flyers with AI — Design Like a Pro Without Skills",how-to-create-posters-banners-flyers-ai,How-To,how-to-benchmark-research,cluster_support_only,b2,772.98,1.0,448.0,10.0,475.84,13134,General Creative Workflow,signal_refresh_complete,Round 4,How-To; 448 impressions; 1 clicks; pos 10.0; best kept as cluster support,"Support role only; keep clean, indexable, and internally linked.",Refresh if query intent is relevant; preserve URL; improve sections tied to visible queries.
229,B_indexed_or_visible_refresh,photo-to-anime-tools-compared,Photo-to-Anime Tools Compared: ToonMe vs AnimeGAN vs Lovart — Best Cartoon Transformation,photo-to-anime-tools-compared,Review,lovart-review,deep_refresh_candidate,b1,989.15,2.0,313.0,10.9,475.04,10729,General Creative Workflow,signal_refresh_complete,Round 2 -> Round 3,Review; broad-intent; 313 impressions; 2 clicks; pos 10.9; worth second-stage depth upgrade,"Second-stage deep refresh: add evidence, judgment, tested sections, and stronger FAQ.",Refresh if query intent is relevant; preserve URL; improve sections tied to visible queries.
230,B_indexed_or_visible_refresh,s10-ai-design-agent-vs-image-generator,AI Design Agent vs AI Image Generator — What's the Real Difference?,s10-ai-design-agent-vs-image-generator,Review,lovart-review,deep_refresh_candidate,b1,995.6,0.0,562.0,10.0,474.96,13717,AI Image,signal_refresh_complete,Round 2 -> Round 3,Review; broad-intent; 562 impressions; pos 10.0; worth second-stage depth upgrade,"Second-stage deep refresh: add evidence, judgment, tested sections, and stronger FAQ.",Refresh if query intent is relevant; preserve URL; improve sections tied to visible queries.
231,B_indexed_or_visible_refresh,ultimate-guide-ai-design-agent-canvas-for-creators-business,Ultimate Guide AI Design Agent Canvas For Creators Business: A Practical Lovart Workflow Guide,ultimate-guide-ai-design-agent-canvas-for-creators-business,Best Practice,lovart-best-practice,deep_refresh_candidate,b1,970.48,0.0,560.0,5.79,474.8,9092,AI Design Agent,signal_refresh_complete,Round 2 -> Round 3,Best Practice; broad-intent; 560 impressions; pos 5.8; worth second-stage depth upgrade,"Second-stage deep refresh: add evidence, judgment, tested sections, and stronger FAQ.",Refresh if query intent is relevant; preserve URL; improve sections tied to visible queries.
232,B_indexed_or_visible_refresh,complete-guide-photo-sharpening-enhancement-ai,Complete Guide Photo Sharpening Enhancement AI: A Practical Lovart Workflow Guide,complete-guide-photo-sharpening-enhancement-ai,Complete Guide,lovart-complete-guide,deep_refresh_candidate,b1,1018.57,2.0,303.0,13.53,474.24,9027,General Creative Workflow,signal_refresh_complete,Round 2 -> Round 3,Complete Guide; broad-intent; 303 impressions; 2 clicks; pos 13.5; worth second-stage depth upgrade,"Promote to canonical longform via state-machine drafting, evidence pack, and cluster integration.",Refresh if query intent is relevant; preserve URL; improve sections tied to visible queries.
233,B_indexed_or_visible_refresh,04-midjourney-vs-lovart,Midjourney vs Lovart: Which AI Image Tool Wins in 2026?,04-midjourney-vs-lovart,Review,lovart-review,keep_refresh_only,b2,815.27,3.0,177.0,6.42,474.16,13110,AI Image,signal_refresh_complete,Round 4 -> Round 5,Review; 177 impressions; 3 clicks; pos 6.4; maintain signal refresh state,"Keep refresh gains; add proof, CTR framing, and cluster polish only.",Refresh if query intent is relevant; preserve URL; improve sections tied to visible queries.
234,B_indexed_or_visible_refresh,ai-design-for-healthcare-patient-materials-2026,AI Design For Healthcare Patient Materials 2026: A Practical Lovart Workflow Guide,ai-design-for-healthcare-patient-materials-2026,Best Practice,lovart-best-practice,deep_refresh_candidate,b1,959.86,3.0,170.0,12.14,473.6,9032,General Creative Workflow,signal_refresh_complete,Round 2 -> Round 3,Best Practice; broad-intent; 170 impressions; 3 clicks; pos 12.1; worth second-stage depth upgrade,"Second-stage deep refresh: add evidence, judgment, tested sections, and stronger FAQ.",Refresh if query intent is relevant; preserve URL; improve sections tied to visible queries.
235,B_indexed_or_visible_refresh,s18-nano-banana-free-access-guide,Nano Banana Free: How to Access Lovart's AI Image Model at No Cost,s18-nano-banana-free-access-guide,How-To,how-to-benchmark-research,deep_refresh_candidate,b1,961.19,1.0,417.0,11.06,473.36,9398,AI Image,signal_refresh_complete,Round 2 -> Round 3,How-To; broad-intent; 417 impressions; 1 clicks; pos 11.1; worth second-stage depth upgrade,"Second-stage deep refresh: add evidence, judgment, tested sections, and stronger FAQ.",Refresh if query intent is relevant; preserve URL; improve sections tied to visible queries.
236,B_indexed_or_visible_refresh,the-best-ai-agent-driven-canvas-for-dtc-founder-with-lovart-all-in-one-design-agent,The Best AI Agent Driven Canvas For DTC Founder with Lovart All-in-One Design Agent,the-best-ai-agent-driven-canvas-for-dtc-founder-with-lovart-all-,Best Practice,lovart-best-practice,deep_refresh_candidate,b1,966.13,1.0,416.0,8.82,473.28,13707,AI Design Agent,signal_refresh_complete,Round 2 -> Round 3,Best Practice; broad-intent; 416 impressions; 1 clicks; pos 8.8; worth second-stage depth upgrade,"Second-stage deep refresh: add evidence, judgment, tested sections, and stronger FAQ.",Refresh if query intent is relevant; preserve URL; improve sections tied to visible queries.
237,B_indexed_or_visible_refresh,brand-kit-restaurant-lovart,Brand Kit for Restaurant Lovart: Build a Visual System With AI,brand-kit-restaurant-lovart,Best Practice,lovart-best-practice,cluster_support_only,b2,775.66,1.0,408.0,13.42,472.64,9075,Brand System,signal_refresh_complete,Round 4,Best Practice; 408 impressions; 1 clicks; pos 13.4; best kept as cluster support,"Support role only; keep clean, indexable, and internally linked.",Refresh if query intent is relevant; preserve URL; improve sections tied to visible queries.
238,B_indexed_or_visible_refresh,03-industry-beauty-salon-branding,Beauty Salon Branding: From Logo to Instagram Aesthetic — A Complete Visual System,03-industry-beauty-salon-branding,How-To,how-to-benchmark-research,keep_refresh_only,b2,787.01,2.0,276.0,11.31,472.08,11753,Brand System,signal_refresh_complete,Round 4 -> Round 5,How-To; 276 impressions; 2 clicks; pos 11.3; maintain signal refresh state,"Keep refresh gains; add proof, CTR framing, and cluster polish only.",Refresh if query intent is relevant; preserve URL; improve sections tied to visible queries.
239,B_indexed_or_visible_refresh,b37-ai-animation-tools-comparison-bing,AI Animation Tools Comparison: Best for Beginners & Professionals,b37-ai-animation-tools-comparison-bing,Review,lovart-review,deep_refresh_candidate,b1,993.39,0.0,524.0,19.28,471.92,14973,General Creative Workflow,signal_refresh_complete,Round 2 -> Round 3,Review; broad-intent; 524 impressions; pos 19.3; worth second-stage depth upgrade,"Second-stage deep refresh: add evidence, judgment, tested sections, and stronger FAQ.",Refresh if query intent is relevant; preserve URL; improve sections tied to visible queries.
240,B_indexed_or_visible_refresh,s29---how-lovart-ai-works-behind-scenes,Behind the Scenes: How Lovart's AI Actually Works (A Non-Technical Guide),s29---how-lovart-ai-works-behind-scenes,How-To,how-to-benchmark-research,deep_refresh_candidate,b1,955.67,2.0,253.0,6.45,470.24,12755,General Creative Workflow,signal_refresh_complete,Round 2 -> Round 3,How-To; broad-intent; 253 impressions; 2 clicks; pos 6.5; worth second-stage depth upgrade,"Second-stage deep refresh: add evidence, judgment, tested sections, and stronger FAQ.",Refresh if query intent is relevant; preserve URL; improve sections tied to visible queries.
241,B_indexed_or_visible_refresh,complete-guide-restaurant-cafe-branding-ai,The 2026 Complete Guide to AI Restaurant & Cafe Branding Design,complete-guide-restaurant-cafe-branding-ai,Complete Guide,lovart-complete-guide,deep_refresh_candidate,b1,1014.92,2.0,240.0,18.25,469.2,44415,Brand System,signal_refresh_complete,Round 2 -> Round 3,Complete Guide; broad-intent; 240 impressions; 2 clicks; pos 18.2; worth second-stage depth upgrade,"Promote to canonical longform via state-machine drafting, evidence pack, and cluster integration.",Refresh if query intent is relevant; preserve URL; improve sections tied to visible queries.
242,B_indexed_or_visible_refresh,brand-kit-restaurant-cafe-lovart,"How to Create a Brand Kit for Your Restaurant or Cafe — Colors, Fonts & Templates",brand-kit-restaurant-cafe-lovart,Best Practice,lovart-best-practice,cluster_support_only,b2,769.63,2.0,235.0,9.43,468.8,11524,Brand System,signal_refresh_complete,Round 4,Best Practice; 235 impressions; 2 clicks; pos 9.4; best kept as cluster support,"Support role only; keep clean, indexable, and internally linked.",Refresh if query intent is relevant; preserve URL; improve sections tied to visible queries.
243,B_indexed_or_visible_refresh,flora-ai-vs-lovart,Flora AI vs Lovart: Infinite Canvas vs AI Design Agent in 2026,blog-flora-ai-vs-lovart-en,Review,lovart-review,deep_refresh_candidate,b1,990.78,0.0,479.0,8.32,468.32,9014,Lovart Canvas,signal_refresh_complete,Round 2 -> Round 3,Review; broad-intent; 479 impressions; pos 8.3; worth second-stage depth upgrade,"Second-stage deep refresh: add evidence, judgment, tested sections, and stronger FAQ.",Refresh if query intent is relevant; preserve URL; improve sections tied to visible queries.
244,B_indexed_or_visible_refresh,s17-sora-vs-veo-vs-kling-vs-lovart,Best AI Video Tools Compared: Sora 2 vs Veo 3 vs Kling vs Lovart (2026),s17-sora-vs-veo-vs-kling-vs-lovart,Review,lovart-review,deep_refresh_candidate,b1,987.07,1.0,346.0,12.84,467.68,13947,AI Video,signal_refresh_complete,Round 2 -> Round 3,Review; broad-intent; 346 impressions; 1 clicks; pos 12.8; worth second-stage depth upgrade,"Second-stage deep refresh: add evidence, judgment, tested sections, and stronger FAQ.",Refresh if query intent is relevant; preserve URL; improve sections tied to visible queries.
245,B_indexed_or_visible_refresh,how-to-create-professional-posters,Lovart AI Design Agent: Key Takeaways & Summary,how-to-create-professional-posters,How-To,how-to-benchmark-research,deep_refresh_candidate,b1,959.85,0.0,463.0,10.31,467.04,9827,General Creative Workflow,signal_refresh_complete,Round 2 -> Round 3,How-To; broad-intent; 463 impressions; pos 10.3; worth second-stage depth upgrade,"Second-stage deep refresh: add evidence, judgment, tested sections, and stronger FAQ.",Refresh if query intent is relevant; preserve URL; improve sections tied to visible queries.
246,B_indexed_or_visible_refresh,the-best-ai-agent-driven-canvas-for-makeup-studio-with-lovart-all-in-one-design-agent,The Best AI Agent Driven Canvas For Makeup Studio with Lovart All-in-One Design Agent,the-best-ai-agent-driven-canvas-for-makeup-studio-with-lovart-al,Best Practice,lovart-best-practice,deep_refresh_candidate,b1,961.14,1.0,330.0,12.75,466.4,13652,AI Design Agent,signal_refresh_complete,Round 2 -> Round 3,Best Practice; broad-intent; 330 impressions; 1 clicks; pos 12.8; worth second-stage depth upgrade,"Second-stage deep refresh: add evidence, judgment, tested sections, and stronger FAQ.",Refresh if query intent is relevant; preserve URL; improve sections tied to visible queries.
247,B_indexed_or_visible_refresh,deevid-ai-alternative,Deevid AI Alternative: When to Use a Design Agent Instead,o6YkSZCNskGrZicahtE6ng,Review,lovart-review,deep_refresh_candidate,b1,1015.97,11.0,327.0,7.83,466.16,10071,General Creative Workflow,signal_refresh_complete,Round 2 -> Round 3,Review; broad-intent; 327 impressions; 11 clicks; pos 7.8; worth second-stage depth upgrade,"Second-stage deep refresh: add evidence, judgment, tested sections, and stronger FAQ.",Refresh if query intent is relevant; preserve URL; improve sections tied to visible queries.
248,B_indexed_or_visible_refresh,ai-audio-branding-sonic-identity-guide-2026,AI Audio Branding — How to Create a Sonic Identity for Your Brand,ai-audio-branding-sonic-identity-guide-2026,How-To,how-to-benchmark-research,deep_refresh_candidate,b1,1023.66,9.0,1201.0,28.46,466.08,11355,Brand System,signal_refresh_complete,Round 2 -> Round 3,How-To; broad-intent; 1201 impressions; 9 clicks; pos 28.5; worth second-stage depth upgrade,"Second-stage deep refresh: add evidence, judgment, tested sections, and stronger FAQ.",Refresh if query intent is relevant; preserve URL; improve sections tied to visible queries.
249,B_indexed_or_visible_refresh,ai-design-freelance-pricing-guide-2026,AI Design Freelance Pricing Guide — How to Charge When You're 10x Faster,ai-design-freelance-pricing-guide-2026,How-To,how-to-benchmark-research,deep_refresh_candidate,b1,952.48,2.0,198.0,9.2,465.84,15701,General Creative Workflow,signal_refresh_complete,Round 2 -> Round 3,How-To; broad-intent; 198 impressions; 2 clicks; pos 9.2; worth second-stage depth upgrade,"Second-stage deep refresh: add evidence, judgment, tested sections, and stronger FAQ.",Refresh if query intent is relevant; preserve URL; improve sections tied to visible queries.
250,B_indexed_or_visible_refresh,sso-saml-integration-guide-enterprise-2027,SSO and SAML Integration Guide for Enterprise Teams Using Lovart,sso-saml-integration-guide-enterprise-2027,How-To,how-to-benchmark-research,deep_refresh_candidate,b1,958.35,0.0,437.0,5.84,464.96,10356,General Creative Workflow,signal_refresh_complete,Round 2 -> Round 3,How-To; broad-intent; 437 impressions; pos 5.8; worth second-stage depth upgrade,"Second-stage deep refresh: add evidence, judgment, tested sections, and stronger FAQ.",Refresh if query intent is relevant; preserve URL; improve sections tied to visible queries.
251,B_indexed_or_visible_refresh,getimg-ai-review,Getimg AI Review: A Deep Dive into This Versatile Image Generation Platform,getimg-ai-review,Review,lovart-review,deep_refresh_candidate,b1,981.85,2.0,187.0,13.95,464.96,11359,AI Image,signal_refresh_complete,Round 2 -> Round 3,Review; broad-intent; 187 impressions; 2 clicks; pos 13.9; worth second-stage depth upgrade,"Second-stage deep refresh: add evidence, judgment, tested sections, and stronger FAQ.",Refresh if query intent is relevant; preserve URL; improve sections tied to visible queries.
252,B_indexed_or_visible_refresh,ai-design-competitor-landscape-2027,AI Design Competitor Landscape 2026 — Who's Winning and Why,ai-design-competitor-landscape-2027,How-To,how-to-benchmark-research,keep_refresh_only,b2,787.88,0.0,429.0,10.53,464.32,13366,Pet & Character,signal_refresh_complete,Round 4 -> Round 5,How-To; 429 impressions; pos 10.5; maintain signal refresh state,"Keep refresh gains; add proof, CTR framing, and cluster polish only.",Refresh if query intent is relevant; preserve URL; improve sections tied to visible queries.
253,B_indexed_or_visible_refresh,pika-alternatives,Best Pika Alternatives in 2026: A Creator's Honest Guide,pika-alternatives,Review,lovart-review,deep_refresh_candidate,b1,984.52,1.0,302.0,12.14,464.16,13120,General Creative Workflow,signal_refresh_complete,Round 2 -> Round 3,Review; broad-intent; 302 impressions; 1 clicks; pos 12.1; worth second-stage depth upgrade,"Second-stage deep refresh: add evidence, judgment, tested sections, and stronger FAQ.",Refresh if query intent is relevant; preserve URL; improve sections tied to visible queries.
254,B_indexed_or_visible_refresh,the-keyword-gap,From AI Image Generator to Logo Design: How to Run an Entire Brand Campaign in One Place,blog-keyword-gap-en,How-To,how-to-benchmark-research,keep_refresh_only,b2,787.71,0.0,426.0,8.47,464.08,21607,AI Image,signal_refresh_complete,Round 4 -> Round 5,How-To; 426 impressions; pos 8.5; maintain signal refresh state,"Keep refresh gains; add proof, CTR framing, and cluster polish only.",Refresh if query intent is relevant; preserve URL; improve sections tied to visible queries.
255,B_indexed_or_visible_refresh,how-to-generate-ai-art-sketches-doodles-clipart,"How to Generate AI Art, Sketches, Doodles & Clipart — Your Visual Toolkit",how-to-generate-ai-art-sketches-doodles-clipart,How-To,how-to-benchmark-research,keep_refresh_only,b2,784.4,1.0,300.0,15.71,464.0,52238,General Creative Workflow,signal_refresh_complete,Round 4 -> Round 5,How-To; 300 impressions; 1 clicks; pos 15.7; maintain signal refresh state,"Keep refresh gains; add proof, CTR framing, and cluster polish only.",Refresh if query intent is relevant; preserve URL; improve sections tied to visible queries.
301,B_indexed_or_visible_refresh,6-best-ai-collage-moodboard-makers-2026,AI Collage Maker: Create Stunning Photo Collages 2026,6-best-ai-collage-moodboard-makers-2026,How-To,how-to-benchmark-research,keep_refresh_only,b2,775.0,1.0,138.0,7.17,451.04,12256,Moodboard & Collage,signal_refresh_complete,Round 4 -> Round 5,How-To; 138 impressions; 1 clicks; pos 7.2; maintain signal refresh state,"Keep refresh gains; add proof, CTR framing, and cluster polish only.",Refresh if query intent is relevant; preserve URL; improve sections tied to visible queries.
302,B_indexed_or_visible_refresh,ai-design-2028-predictions,AI Design 2028: Predictions from the Lovart Team,ai-design-2028-predictions,How-To,how-to-benchmark-research,keep_refresh_only,b2,774.37,1.0,127.0,9.91,450.16,17624,General Creative Workflow,signal_refresh_complete,Round 4 -> Round 5,How-To; 127 impressions; 1 clicks; pos 9.9; maintain signal refresh state,"Keep refresh gains; add proof, CTR framing, and cluster polish only.",Refresh if query intent is relevant; preserve URL; improve sections tied to visible queries.
303,B_indexed_or_visible_refresh,brand-kit-makeup-studio-lovart,Brand Kit for Makeup Studios: Complete Visual Identity Guide with Lovart's AI Design Agent,brand-kit-makeup-studio-lovart,Best Practice,lovart-best-practice,deep_refresh_candidate,b1,951.98,0.0,241.0,12.86,449.28,10687,Brand System,signal_refresh_complete,Round 2 -> Round 3,Best Practice; broad-intent; 241 impressions; pos 12.9; worth second-stage depth upgrade,"Second-stage deep refresh: add evidence, judgment, tested sections, and stronger FAQ.",Refresh if query intent is relevant; preserve URL; improve sections tied to visible queries.
304,B_indexed_or_visible_refresh,b4-how-to-create-loop-claymation-fantasy-video-ai,"How to Create Loop Videos, Claymation & Dark Fantasy with AI — Creative Effects Guide",b4-how-to-create-loop-claymation-fantasy-video-ai,How-To,how-to-benchmark-research,deep_refresh_candidate,b1,943.32,1.0,109.0,15.9,448.72,16297,AI Video,signal_refresh_complete,Round 2 -> Round 3,How-To; broad-intent; 109 impressions; 1 clicks; pos 15.9; worth second-stage depth upgrade,"Second-stage deep refresh: add evidence, judgment, tested sections, and stronger FAQ.",Refresh if query intent is relevant; preserve URL; improve sections tied to visible queries.
305,B_indexed_or_visible_refresh,best-ai-design-agent-for-ecommerce-seller,"Best AI Design Agent for Ecommerce Sellers: Product Images, Detail Pages & A+ Content by Lovart",best-ai-design-agent-for-ecommerce-seller,Best Practice,lovart-best-practice,deep_refresh_candidate,b1,951.28,0.0,229.0,12.43,448.32,16457,AI Image,signal_refresh_complete,Round 2 -> Round 3,Best Practice; broad-intent; 229 impressions; pos 12.4; worth second-stage depth upgrade,"Second-stage deep refresh: add evidence, judgment, tested sections, and stronger FAQ.",Refresh if query intent is relevant; preserve URL; improve sections tied to visible queries.
306,B_indexed_or_visible_refresh,best-ai-design-agent-for-ecommerce-seller,best-ai-design-agent-for-ecommerce-seller,blog-best-ai-design-agent-for-ecommerce-seller-en,Best Practice,lovart-best-practice,cluster_support_only,b2,761.28,0.0,229.0,12.43,448.32,17118,AI Design Agent,signal_refresh_complete,Round 4,Best Practice; 229 impressions; pos 12.4; best kept as cluster support,"Support role only; keep clean, indexable, and internally linked.",Refresh if query intent is relevant; preserve URL; improve sections tied to visible queries.
307,B_indexed_or_visible_refresh,runway-gen-3-alternative,Runway Gen-3 Alternative: When to Use a Design Agent Instead,o6YkSZCNskGrZicahpYnse,Review,lovart-review,deep_refresh_candidate,b1,973.03,1.0,104.0,17.16,448.32,10092,General Creative Workflow,signal_refresh_complete,Round 2 -> Round 3,Review; broad-intent; 104 impressions; 1 clicks; pos 17.2; worth second-stage depth upgrade,"Second-stage deep refresh: add evidence, judgment, tested sections, and stronger FAQ.",Refresh if query intent is relevant; preserve URL; improve sections tied to visible queries.
308,B_indexed_or_visible_refresh,ai-video-background-changer,AI Video Background Changer: Remove or Replace a Video Background Online,blog-ai-video-background-changer-en,How-To,how-to-benchmark-research,keep_refresh_only,b2,837.3,10.0,850.0,20.21,448.0,10486,AI Video,signal_refresh_complete,Round 4 -> Round 5,How-To; 850 impressions; 10 clicks; pos 20.2; maintain signal refresh state,"Keep refresh gains; add proof, CTR framing, and cluster polish only.",Refresh if query intent is relevant; preserve URL; improve sections tied to visible queries.
309,B_indexed_or_visible_refresh,s19-ai-design-enterprise-cto-guide,AI Design for Enterprise: A CTO's Complete Guide to AI-Powered Creative Teams,s19-ai-design-enterprise-cto-guide,Complete Guide,lovart-complete-guide,deep_refresh_candidate,b1,1005.59,0.0,217.0,18.21,447.36,11499,General Creative Workflow,signal_refresh_complete,Round 2 -> Round 3,Complete Guide; broad-intent; 217 impressions; pos 18.2; worth second-stage depth upgrade,"Promote to canonical longform via state-machine drafting, evidence pack, and cluster integration.",Refresh if query intent is relevant; preserve URL; improve sections tied to visible queries.
310,B_indexed_or_visible_refresh,step-by-step-channel-art-without-photoshop,Step By Step Channel Art Without Photoshop: A Practical Lovart Workflow Guide,step-by-step-channel-art-without-photoshop,How-To,how-to-benchmark-research,deep_refresh_candidate,b1,945.24,0.0,211.0,10.96,446.88,9007,General Creative Workflow,signal_refresh_complete,Round 2 -> Round 3,How-To; broad-intent; 211 impressions; pos 11.0; worth second-stage depth upgrade,"Second-stage deep refresh: add evidence, judgment, tested sections, and stronger FAQ.",Refresh if query intent is relevant; preserve URL; improve sections tied to visible queries.
311,B_indexed_or_visible_refresh,ai-face-retouch-tools-compared,AI Face Retouch Tools Compared: Facetune vs Remini vs Lovart — Smile Edit & More,ai-face-retouch-tools-compared,Review,lovart-review,deep_refresh_candidate,b1,974.95,0.0,206.0,7.81,446.48,12039,General Creative Workflow,signal_refresh_complete,Round 2 -> Round 3,Review; broad-intent; 206 impressions; pos 7.8; worth second-stage depth upgrade,"Second-stage deep refresh: add evidence, judgment, tested sections, and stronger FAQ.",Refresh if query intent is relevant; preserve URL; improve sections tied to visible queries.
312,B_indexed_or_visible_refresh,02-cluster-shopify-product-images,Shopify Product Images: AI-Generated vs Professional Photography (2026),02-cluster-shopify-product-images,How-To,how-to-benchmark-research,keep_refresh_only,b2,774.08,0.0,191.0,8.4,445.28,12474,AI Image,signal_refresh_complete,Round 4 -> Round 5,How-To; 191 impressions; pos 8.4; maintain signal refresh state,"Keep refresh gains; add proof, CTR framing, and cluster polish only.",Refresh if query intent is relevant; preserve URL; improve sections tied to visible queries.
313,B_indexed_or_visible_refresh,best-ai-design-agent-for-novices-beginner-friendly-design-tools-guide,Best AI Design Agent for Novices: Beginner-Friendly Design Tools Guide,best-ai-design-agent-for-novices-beginner-friendly-design-tools-,Best Practice,lovart-best-practice,deep_refresh_candidate,b1,949.02,0.0,190.0,15.75,445.2,10916,AI Design Agent,signal_refresh_complete,Round 2 -> Round 3,Best Practice; broad-intent; 190 impressions; pos 15.8; worth second-stage depth upgrade,"Second-stage deep refresh: add evidence, judgment, tested sections, and stronger FAQ.",Refresh if query intent is relevant; preserve URL; improve sections tied to visible queries.
314,B_indexed_or_visible_refresh,nano-banana-pro-free-tips,Nano Banana Pro Free Tips: 10 Hidden Features You're Not Using,blog-nbpt-en,How-To,how-to-benchmark-research,keep_refresh_only,b2,773.85,0.0,187.0,11.6,444.96,23946,General Creative Workflow,signal_refresh_complete,Round 4 -> Round 5,How-To; 187 impressions; pos 11.6; maintain signal refresh state,"Keep refresh gains; add proof, CTR framing, and cluster polish only.",Refresh if query intent is relevant; preserve URL; improve sections tied to visible queries.
315,B_indexed_or_visible_refresh,how-to-create-youtube-thumbnails-ai-chatcanvas,How To Create Youtube Thumbnails AI Chatcanvas: A Practical Lovart Workflow Guide,how-to-create-youtube-thumbnails-ai-chatcanvas,How-To,how-to-benchmark-research,deep_refresh_candidate,b1,943.09,0.0,174.0,18.45,443.92,9027,Lovart Canvas,signal_refresh_complete,Round 2 -> Round 3,How-To; broad-intent; 174 impressions; pos 18.4; worth second-stage depth upgrade,"Second-stage deep refresh: add evidence, judgment, tested sections, and stronger FAQ.",Refresh if query intent is relevant; preserve URL; improve sections tied to visible queries.
316,B_indexed_or_visible_refresh,ai-commercial-license-country-comparison-2026,AI Commercial License by Country — What's Legal Where in 2026,ai-commercial-license-country-comparison-2026,Review,lovart-review,deep_refresh_candidate,b1,972.74,0.0,168.0,7.32,443.44,12988,General Creative Workflow,signal_refresh_complete,Round 2 -> Round 3,Review; broad-intent; 168 impressions; pos 7.3; worth second-stage depth upgrade,"Second-stage deep refresh: add evidence, judgment, tested sections, and stronger FAQ.",Refresh if query intent is relevant; preserve URL; improve sections tied to visible queries.
317,B_indexed_or_visible_refresh,complete-guide-ai-art-generation-text-to-art,The 2026 Complete Guide to AI Art Generation — Text to Art,complete-guide-ai-art-generation-text-to-art,Complete Guide,lovart-complete-guide,deep_refresh_candidate,b1,1002.74,0.0,168.0,18.99,443.44,50967,General Creative Workflow,signal_refresh_complete,Round 2 -> Round 3,Complete Guide; broad-intent; 168 impressions; pos 19.0; worth second-stage depth upgrade,"Promote to canonical longform via state-machine drafting, evidence pack, and cluster integration.",Refresh if query intent is relevant; preserve URL; improve sections tied to visible queries.
318,B_indexed_or_visible_refresh,02-cluster-what-is-mcot,What Is MCOT? How Lovart's Engine Thinks About Design Like a Human Designer,02-cluster-what-is-mcot,Lovart 101,lovart-101,deep_refresh_candidate,b1,982.34,0.0,161.0,6.92,442.88,10650,General Creative Workflow,signal_refresh_complete,Round 2 -> Round 3,Lovart 101; broad-intent; 161 impressions; pos 6.9; worth second-stage depth upgrade,"Second-stage deep refresh: add evidence, judgment, tested sections, and stronger FAQ.",Refresh if query intent is relevant; preserve URL; improve sections tied to visible queries.
319,B_indexed_or_visible_refresh,b35-ai-design-vs-traditional-software-bing,B35 AI Design vs Traditional Software Bing: Compare the Workflow Before You Choose,b35-ai-design-vs-traditional-software-bing,Review,lovart-review,cluster_support_only,b2,781.82,0.0,152.0,13.13,442.16,10145,General Creative Workflow,signal_refresh_complete,Round 4,Review; 152 impressions; pos 13.1; best kept as cluster support,"Support role only; keep clean, indexable, and internally linked.",Refresh if query intent is relevant; preserve URL; improve sections tied to visible queries.
320,B_indexed_or_visible_refresh,spa-wellness-branding-calming-visual-strategy-2027,Spa & Wellness Branding: A Calming Visual Strategy for 2026,spa-wellness-branding-calming-visual-strategy-2027,How-To,how-to-benchmark-research,keep_refresh_only,b2,771.7,0.0,150.0,15.34,442.0,12762,Brand System,signal_refresh_complete,Round 4 -> Round 5,How-To; 150 impressions; pos 15.3; maintain signal refresh state,"Keep refresh gains; add proof, CTR framing, and cluster polish only.",Refresh if query intent is relevant; preserve URL; improve sections tied to visible queries.
321,B_indexed_or_visible_refresh,ai-design-agencies,AI Design for Agencies: Margin Recovery in a Compressing Market,ai-design-agencies,How-To,how-to-benchmark-research,keep_refresh_only,b2,771.41,0.0,145.0,16.59,441.6,13687,General Creative Workflow,signal_refresh_complete,Round 4 -> Round 5,How-To; 145 impressions; pos 16.6; maintain signal refresh state,"Keep refresh gains; add proof, CTR framing, and cluster polish only.",Refresh if query intent is relevant; preserve URL; improve sections tied to visible queries.
322,B_indexed_or_visible_refresh,nano-banana-2-gemini-image-editor-lovart,The Hallucination Tax: Why Agencies Are Afraid of Generative AI,nano-banana-2-gemini-image-editor-lovart,How-To,how-to-benchmark-research,keep_refresh_only,b2,771.41,0.0,145.0,8.01,441.6,16121,AI Image,signal_refresh_complete,Round 4 -> Round 5,How-To; 145 impressions; pos 8.0; maintain signal refresh state,"Keep refresh gains; add proof, CTR framing, and cluster polish only.",Refresh if query intent is relevant; preserve URL; improve sections tied to visible queries.
323,B_indexed_or_visible_refresh,complete-guide-ai-design-for-every-business-niche,Complete Guide AI Design For Every Business Niche: A Practical Lovart Workflow Guide,complete-guide-ai-design-for-every-business-niche,Complete Guide,lovart-complete-guide,deep_refresh_candidate,b1,1001.29,0.0,143.0,8.94,441.44,9042,General Creative Workflow,signal_refresh_complete,Round 2 -> Round 3,Complete Guide; broad-intent; 143 impressions; pos 8.9; worth second-stage depth upgrade,"Promote to canonical longform via state-machine drafting, evidence pack, and cluster integration.",Refresh if query intent is relevant; preserve URL; improve sections tied to visible queries.
324,B_indexed_or_visible_refresh,b38-ai-product-photography-comparison-bing,AI Product Photography Tools: Quality Comparison & Buyer's Guide,b38-ai-product-photography-comparison-bing,Review,lovart-review,deep_refresh_candidate,b1,970.83,0.0,135.0,15.07,440.8,15319,General Creative Workflow,signal_refresh_complete,Round 2 -> Round 3,Review; broad-intent; 135 impressions; pos 15.1; worth second-stage depth upgrade,"Second-stage deep refresh: add evidence, judgment, tested sections, and stronger FAQ.",Refresh if query intent is relevant; preserve URL; improve sections tied to visible queries.
325,B_indexed_or_visible_refresh,brand-kit-real-estate-lovart,Brand Kit for Real Estate: Complete Visual Identity Guide with Lovart's AI Design Agent,brand-kit-real-estate-lovart,Best Practice,lovart-best-practice,deep_refresh_candidate,b1,945.71,0.0,133.0,9.1,440.64,9929,Brand System,signal_refresh_complete,Round 2 -> Round 3,Best Practice; broad-intent; 133 impressions; pos 9.1; worth second-stage depth upgrade,"Second-stage deep refresh: add evidence, judgment, tested sections, and stronger FAQ.",Refresh if query intent is relevant; preserve URL; improve sections tied to visible queries.
326,B_indexed_or_visible_refresh,topaz-ai-alternative,Topaz AI Alternative: When to Use a Design Agent Instead,1u5vaBwLndY1gqYUMVexGX,Review,lovart-review,deep_refresh_candidate,b1,970.6,0.0,131.0,13.28,440.48,10064,General Creative Workflow,signal_refresh_complete,Round 2 -> Round 3,Review; broad-intent; 131 impressions; pos 13.3; worth second-stage depth upgrade,"Second-stage deep refresh: add evidence, judgment, tested sections, and stronger FAQ.",Refresh if query intent is relevant; preserve URL; improve sections tied to visible queries.
327,B_indexed_or_visible_refresh,perfect-imperfection-add-grain-noise-natural-ai,Perfect Imperfection Add Grain Noise Natural AI: A Practical Lovart Workflow Guide,perfect-imperfection-add-grain-noise-natural-ai,How-To,how-to-benchmark-research,deep_refresh_candidate,b1,940.6,0.0,131.0,7.57,440.48,9032,General Creative Workflow,signal_refresh_complete,Round 2 -> Round 3,How-To; broad-intent; 131 impressions; pos 7.6; worth second-stage depth upgrade,"Second-stage deep refresh: add evidence, judgment, tested sections, and stronger FAQ.",Refresh if query intent is relevant; preserve URL; improve sections tied to visible queries.
328,B_indexed_or_visible_refresh,case-study-social-media-expanded-cropped-photos-ai,How Social Media Manager Priya Nair Expanded 200 Cropped Photos — And Stopped Apologizing to Her Agency's Clients,case-study-social-media-expanded-cropped-photos-ai,How-To,how-to-benchmark-research,keep_refresh_only,b2,770.31,0.0,126.0,6.5,440.08,13997,General Creative Workflow,signal_refresh_complete,Round 4 -> Round 5,How-To; 126 impressions; pos 6.5; maintain signal refresh state,"Keep refresh gains; add proof, CTR framing, and cluster polish only.",Refresh if query intent is relevant; preserve URL; improve sections tied to visible queries.
329,B_indexed_or_visible_refresh,case-study-youtuber-edited-videos-ai,How YouTuber James Okonkwo Edited 47 Videos in 11 Days — Without Opening Premiere Pro Once,case-study-youtuber-edited-videos-ai,How-To,how-to-benchmark-research,keep_refresh_only,b2,770.19,0.0,124.0,5.66,439.92,14145,AI Video,signal_refresh_complete,Round 4 -> Round 5,How-To; 124 impressions; pos 5.7; maintain signal refresh state,"Keep refresh gains; add proof, CTR framing, and cluster polish only.",Refresh if query intent is relevant; preserve URL; improve sections tied to visible queries.
330,B_indexed_or_visible_refresh,ai-design-workflow-comparison-canva-vs-lovart-vs-figma,AI Design Workflow Comparison Canva vs Lovart vs Figma: Compare the Workflow Before You Choose,bd-ai-design-workflow-comparison-canva-vs-lovart-vs-figma,Review,lovart-review,deep_refresh_candidate,b1,970.08,0.0,122.0,6.47,439.76,10229,Canva Alternative,signal_refresh_complete,Round 2 -> Round 3,Review; broad-intent; 122 impressions; pos 6.5; worth second-stage depth upgrade,"Second-stage deep refresh: add evidence, judgment, tested sections, and stronger FAQ.",Refresh if query intent is relevant; preserve URL; improve sections tied to visible queries.
331,B_indexed_or_visible_refresh,ai-design-for-saas-pricing-pages-2026,AI Design for SaaS Pricing Pages — Convert More Visitors with Better Visuals,ai-design-for-saas-pricing-pages-2026,Best Practice,lovart-best-practice,cluster_support_only,b2,755.02,0.0,121.0,10.55,439.68,10991,General Creative Workflow,signal_refresh_complete,Round 4,Best Practice; 121 impressions; pos 10.6; best kept as cluster support,"Support role only; keep clean, indexable, and internally linked.",Refresh if query intent is relevant; preserve URL; improve sections tied to visible queries.
332,B_indexed_or_visible_refresh,a4-how-to-remove-watermarks-objects-photos-ai,Remove Background from Image: AI Tools That Actually Work,a4-how-to-remove-watermarks-objects-photos-ai,How-To,how-to-benchmark-research,keep_refresh_only,b2,799.55,0.0,113.0,14.58,439.04,14263,AI Image,signal_refresh_complete,Round 4 -> Round 5,How-To; broad-intent; 113 impressions; pos 14.6; maintain signal refresh state,"Keep refresh gains; add proof, CTR framing, and cluster polish only.",Refresh if query intent is relevant; preserve URL; improve sections tied to visible queries.
333,B_indexed_or_visible_refresh,isolating-objects-transparent-stickers-ai,Isolating Objects — How to Turn AI-Generated Items into Transparent Stickers,isolating-objects-transparent-stickers-ai,How-To,how-to-benchmark-research,keep_refresh_only,b2,769.44,0.0,111.0,9.65,438.88,10005,General Creative Workflow,signal_refresh_complete,Round 4 -> Round 5,How-To; 111 impressions; pos 9.7; maintain signal refresh state,"Keep refresh gains; add proof, CTR framing, and cluster polish only.",Refresh if query intent is relevant; preserve URL; improve sections tied to visible queries.
334,B_indexed_or_visible_refresh,enterprise-lovart-vs-agency-cost-2026,Enterprise Lovart vs Agency Cost 2026: Compare the Workflow Before You Choose,enterprise-lovart-vs-agency-cost-2026,Review,lovart-review,cluster_support_only,b2,779.38,0.0,110.0,8.87,438.8,10110,General Creative Workflow,signal_refresh_complete,Round 4,Review; 110 impressions; pos 8.9; best kept as cluster support,"Support role only; keep clean, indexable, and internally linked.",Refresh if query intent is relevant; preserve URL; improve sections tied to visible queries.
335,B_indexed_or_visible_refresh,ai-design-bias-inclusive-visual-output-2027,AI Design Bias: How to Ensure Inclusive Visual Output in 2026,ai-design-bias-inclusive-visual-output-2027,How-To,how-to-benchmark-research,keep_refresh_only,b2,769.26,0.0,108.0,6.18,438.64,16423,General Creative Workflow,signal_refresh_complete,Round 4 -> Round 5,How-To; 108 impressions; pos 6.2; maintain signal refresh state,"Keep refresh gains; add proof, CTR framing, and cluster polish only.",Refresh if query intent is relevant; preserve URL; improve sections tied to visible queries.
336,B_indexed_or_visible_refresh,design-workflow-comparison-traditional-vs-ai,Design Workflow Comparison Traditional vs AI: Compare the Workflow Before You Choose,design-workflow-comparison-traditional-vs-ai,Review,lovart-review,deep_refresh_candidate,b1,969.26,0.0,108.0,11.71,438.64,10159,General Creative Workflow,signal_refresh_complete,Round 2 -> Round 3,Review; broad-intent; 108 impressions; pos 11.7; worth second-stage depth upgrade,"Second-stage deep refresh: add evidence, judgment, tested sections, and stronger FAQ.",Refresh if query intent is relevant; preserve URL; improve sections tied to visible queries.
337,B_indexed_or_visible_refresh,best-ai-design-agent-for-cocktail-bar-owners,Best AI Design Agent For Cocktail Bar Owners: A Practical Lovart Workflow Guide,blog-best-ai-design-agent-for-cocktail-bar-owners-en,Best Practice,lovart-best-practice,deep_refresh_candidate,b1,944.15,0.0,106.0,10.61,438.48,9017,AI Design Agent,signal_refresh_complete,Round 2 -> Round 3,Best Practice; broad-intent; 106 impressions; pos 10.6; worth second-stage depth upgrade,"Second-stage deep refresh: add evidence, judgment, tested sections, and stronger FAQ.",Refresh if query intent is relevant; preserve URL; improve sections tied to visible queries.
338,B_indexed_or_visible_refresh,remini-alternative,Remini Alternative: When to Use a Design Agent Instead,o6YkSZCNskGrZicahpYoWu,Review,lovart-review,deep_refresh_candidate,b1,969.15,0.0,106.0,11.23,438.48,10050,General Creative Workflow,signal_refresh_complete,Round 2 -> Round 3,Review; broad-intent; 106 impressions; pos 11.2; worth second-stage depth upgrade,"Second-stage deep refresh: add evidence, judgment, tested sections, and stronger FAQ.",Refresh if query intent is relevant; preserve URL; improve sections tied to visible queries.
339,B_indexed_or_visible_refresh,brand-kit-influencer-lovart,Brand Kit for Influencer Lovart: Build a Visual System With AI,brand-kit-influencer-lovart,Best Practice,lovart-best-practice,cluster_support_only,b2,754.03,0.0,104.0,10.53,438.32,9075,Brand System,signal_refresh_complete,Round 4,Best Practice; 104 impressions; pos 10.5; best kept as cluster support,"Support role only; keep clean, indexable, and internally linked.",Refresh if query intent is relevant; preserve URL; improve sections tied to visible queries.
340,B_indexed_or_visible_refresh,02-industry-school-branding-guide,"School Branding Guide: Mascot, Colors, and Visual Consistency Across Every Touchpoint",02-industry-school-branding-guide,How-To,how-to-benchmark-research,deep_refresh_candidate,b1,938.92,0.0,102.0,8.17,438.16,11634,Brand System,signal_refresh_complete,Round 2 -> Round 3,How-To; broad-intent; 102 impressions; pos 8.2; worth second-stage depth upgrade,"Second-stage deep refresh: add evidence, judgment, tested sections, and stronger FAQ.",Refresh if query intent is relevant; preserve URL; improve sections tied to visible queries.
341,B_indexed_or_visible_refresh,https-www-lovart-ai-zh-blog-the-death-of-the-stock-footage-era-a-complete-guide-to-ai-powered-video-creation-in-2026,Https ::Www.Lovart.Ai:Zh:Blog:The Death Of The Stock Footage Era A Complete Guide To Ai Powered Video Creation In 2026,https-www-lovart-ai-zh-blog-the-death-of-the-stock-footage-era-a-complete-guide-to-ai-powered-video-creation-in-2026,Complete Guide,lovart-complete-guide,deep_refresh_candidate,b1,998.8,0.0,100.0,6.62,438.0,13462,AI Video,signal_refresh_complete,Round 2 -> Round 3,Complete Guide; broad-intent; 100 impressions; pos 6.6; worth second-stage depth upgrade,"Promote to canonical longform via state-machine drafting, evidence pack, and cluster integration.",Refresh if query intent is relevant; preserve URL; improve sections tied to visible queries.
342,B_indexed_or_visible_refresh,04-best-practice-chatcanvas-layout,Best Practice: ChatCanvas Layout Strategy for Maximum Productivity,04-best-practice-chatcanvas-layout,How-To,how-to-benchmark-research,deep_refresh_candidate,b1,955.64,5.0,149.0,5.93,431.92,8021,Lovart Canvas,signal_refresh_complete,Round 2 -> Round 3,How-To; broad-intent; 149 impressions; 5 clicks; pos 5.9; worth second-stage depth upgrade,"Second-stage deep refresh: add evidence, judgment, tested sections, and stronger FAQ.",Refresh if query intent is relevant; preserve URL; improve sections tied to visible queries.
343,B_indexed_or_visible_refresh,law-firm-branding-trust-authority-design-2027,"Law Firm Branding: Building Trust, Authority, and Professionalism Through Design",law-firm-branding-trust-authority-design-2027,How-To,how-to-benchmark-research,keep_refresh_only,b2,849.55,2.0,1613.0,22.88,429.04,14929,Brand System,signal_refresh_complete,Round 4 -> Round 5,How-To; 1613 impressions; 2 clicks; pos 22.9; maintain signal refresh state,"Keep refresh gains; add proof, CTR framing, and cluster polish only.",Refresh if query intent is relevant; preserve URL; improve sections tied to visible queries.
344,B_indexed_or_visible_refresh,s25---ai-design-templates-library,S25 AI Design Templates Library: A Practical Lovart Workflow Guide,s25---ai-design-templates-library,How-To,how-to-benchmark-research,deep_refresh_candidate,b1,952.8,4.0,169.0,19.71,423.52,8952,General Creative Workflow,signal_refresh_complete,Round 2 -> Round 3,How-To; broad-intent; 169 impressions; 4 clicks; pos 19.7; worth second-stage depth upgrade,"Second-stage deep refresh: add evidence, judgment, tested sections, and stronger FAQ.",Refresh if query intent is relevant; preserve URL; improve sections tied to visible queries.
345,B_indexed_or_visible_refresh,how-to-convert-images-vector-free-bing,How To Convert Images Vector Free Bing: A Practical Lovart Workflow Guide,how-to-convert-images-vector-free-bing,How-To,how-to-benchmark-research,deep_refresh_candidate,b1,973.15,5.0,537.0,40.39,412.96,8987,AI Image,signal_refresh_complete,Round 2 -> Round 3,How-To; broad-intent; 537 impressions; 5 clicks; pos 40.4; worth second-stage depth upgrade,"Second-stage deep refresh: add evidence, judgment, tested sections, and stronger FAQ.",Refresh if query intent is relevant; preserve URL; improve sections tied to visible queries.
346,B_indexed_or_visible_refresh,01-cluster-product-detail-page,01 Cluster Product Detail Page: A Practical Lovart Workflow Guide,01-cluster-product-detail-page,How-To,how-to-benchmark-research,deep_refresh_candidate,b1,940.51,2.0,95.0,9.66,397.6,8947,General Creative Workflow,signal_refresh_complete,Round 2 -> Round 3,How-To; broad-intent; 95 impressions; 2 clicks; pos 9.7; worth second-stage depth upgrade,"Second-stage deep refresh: add evidence, judgment, tested sections, and stronger FAQ.",Refresh if query intent is relevant; preserve URL; improve sections tied to visible queries.
347,B_indexed_or_visible_refresh,how-to-create-banners-display-ads-ai,How To Create Banners Display Ads AI: A Practical Lovart Workflow Guide,how-to-create-banners-display-ads-ai,How-To,how-to-benchmark-research,deep_refresh_candidate,b1,939.23,2.0,73.0,8.3,395.84,8977,General Creative Workflow,signal_refresh_complete,Round 2 -> Round 3,How-To; broad-intent; 73 impressions; 2 clicks; pos 8.3; worth second-stage depth upgrade,"Second-stage deep refresh: add evidence, judgment, tested sections, and stronger FAQ.",Refresh if query intent is relevant; preserve URL; improve sections tied to visible queries.
348,B_indexed_or_visible_refresh,stable-video-diffusion-review,Stable Video Diffusion Review: A Practical Lovart Workflow Guide,9edb48c0-fe03-4505-be70-9f6461c84c36,Review,lovart-review,deep_refresh_candidate,b1,990.91,4.0,395.0,22.03,391.6,8942,AI Video,signal_refresh_complete,Round 2 -> Round 3,Review; broad-intent; 395 impressions; 4 clicks; pos 22.0; worth second-stage depth upgrade,"Second-stage deep refresh: add evidence, judgment, tested sections, and stronger FAQ.",Refresh if query intent is relevant; preserve URL; improve sections tied to visible queries.
349,B_indexed_or_visible_refresh,google-veo-3-review,Google Veo 3 Review: A Practical Lovart Workflow Guide,fb8d5089-5cb1-40e4-8534-2f54ddb90aa4,Review,lovart-review,deep_refresh_candidate,b1,996.19,2.0,624.0,21.46,389.92,8892,General Creative Workflow,signal_refresh_complete,Round 2 -> Round 3,Review; broad-intent; 624 impressions; 2 clicks; pos 21.5; worth second-stage depth upgrade,"Second-stage deep refresh: add evidence, judgment, tested sections, and stronger FAQ.",Refresh if query intent is relevant; preserve URL; improve sections tied to visible queries.
350,B_indexed_or_visible_refresh,how-to-design-interior-rooms-ai,How To Design Interior Rooms AI: A Practical Lovart Workflow Guide,how-to-design-interior-rooms-ai,How-To,how-to-benchmark-research,deep_refresh_candidate,b1,965.79,2.0,617.0,29.58,389.36,8952,General Creative Workflow,signal_refresh_complete,Round 2 -> Round 3,How-To; broad-intent; 617 impressions; 2 clicks; pos 29.6; worth second-stage depth upgrade,"Second-stage deep refresh: add evidence, judgment, tested sections, and stronger FAQ.",Refresh if query intent is relevant; preserve URL; improve sections tied to visible queries.
351,B_indexed_or_visible_refresh,how-to-create-floor-plans-architecture-ai,How to Create Floor Plans & Architectural Designs with AI — From Sketch to Blueprint,how-to-create-floor-plans-architecture-ai,How-To,how-to-benchmark-research,cluster_support_only,b2,759.73,5.0,116.0,9.7,389.28,9382,General Creative Workflow,signal_refresh_complete,Round 4,How-To; 116 impressions; 5 clicks; pos 9.7; best kept as cluster support,"Support role only; keep clean, indexable, and internally linked.",Refresh if query intent is relevant; preserve URL; improve sections tied to visible queries.
352,B_indexed_or_visible_refresh,s22---7-day-ai-design-challenge,S22 7 Day AI Design Challenge: A Practical Lovart Workflow Guide,s22---7-day-ai-design-challenge,How-To,how-to-benchmark-research,deep_refresh_candidate,b1,936.63,1.0,97.0,8.55,387.76,8942,General Creative Workflow,signal_refresh_complete,Round 2 -> Round 3,How-To; broad-intent; 97 impressions; 1 clicks; pos 8.6; worth second-stage depth upgrade,"Second-stage deep refresh: add evidence, judgment, tested sections, and stronger FAQ.",Refresh if query intent is relevant; preserve URL; improve sections tied to visible queries.
353,B_indexed_or_visible_refresh,ai-design-tools-free-tiers-compared,Best Free AI Design Tools 2026: Free Tiers Compared | Lovart,bd-ai-design-tools-free-tiers-compared,Review,lovart-review,deep_refresh_candidate,b1,966.05,1.0,87.0,6.62,386.96,6573,General Creative Workflow,signal_refresh_complete,Round 2 -> Round 3,Review; broad-intent; 87 impressions; 1 clicks; pos 6.6; worth second-stage depth upgrade,"Second-stage deep refresh: add evidence, judgment, tested sections, and stronger FAQ.",Refresh if query intent is relevant; preserve URL; improve sections tied to visible queries.
354,B_indexed_or_visible_refresh,best-ai-design-agent-for-realtor,"Best AI Design Agent for Realtors: Property Listing Flyers, Open House Signage & Community Guides by Lovart",best-ai-design-agent-for-realtor,Best Practice,lovart-best-practice,deep_refresh_candidate,b1,940.58,1.0,79.0,7.49,386.32,7709,AI Design Agent,signal_refresh_complete,Round 2 -> Round 3,Best Practice; broad-intent; 79 impressions; 1 clicks; pos 7.5; worth second-stage depth upgrade,"Second-stage deep refresh: add evidence, judgment, tested sections, and stronger FAQ.",Refresh if query intent is relevant; preserve URL; improve sections tied to visible queries.
355,B_indexed_or_visible_refresh,lovart-descript-video-editing-workflow,Lovart Descript Video Editing Workflow: A Practical Lovart Workflow Guide,stack-descript-lovart,Best Practice,lovart-best-practice,deep_refresh_candidate,b1,939.94,1.0,68.0,7.85,385.44,8987,AI Video,signal_refresh_complete,Round 2 -> Round 3,Best Practice; broad-intent; 68 impressions; 1 clicks; pos 7.8; worth second-stage depth upgrade,"Second-stage deep refresh: add evidence, judgment, tested sections, and stronger FAQ.",Refresh if query intent is relevant; preserve URL; improve sections tied to visible queries.
356,B_indexed_or_visible_refresh,brand-kit-wine-bar-lovart,Wine Bar Brand Kit: Sophisticated Visual Identity That Pours Atmosphere Before the First Glass,brand-kit-wine-bar-lovart,Best Practice,lovart-best-practice,cluster_support_only,b2,749.83,1.0,66.0,7.42,385.28,6204,Brand System,signal_refresh_complete,Round 4,Best Practice; 66 impressions; 1 clicks; pos 7.4; best kept as cluster support,"Support role only; keep clean, indexable, and internally linked.",Refresh if query intent is relevant; preserve URL; improve sections tied to visible queries.
357,B_indexed_or_visible_refresh,brand-kit-plant-shop-lovart,Plant Shop Brand Kit: Leafy Visual Identity That Helps Your Business Grow Organically,brand-kit-plant-shop-lovart,Best Practice,lovart-best-practice,cluster_support_only,b2,749.6,1.0,62.0,7.44,384.96,6640,Brand System,signal_refresh_complete,Round 4,Best Practice; 62 impressions; 1 clicks; pos 7.4; best kept as cluster support,"Support role only; keep clean, indexable, and internally linked.",Refresh if query intent is relevant; preserve URL; improve sections tied to visible queries.
358,B_indexed_or_visible_refresh,best-ai-design-agent-for-handmade-seller,Best AI Design Agent For Handmade Seller: A Practical Lovart Workflow Guide,best-ai-design-agent-for-handmade-seller,Best Practice,lovart-best-practice,deep_refresh_candidate,b1,939.48,1.0,60.0,16.15,384.8,8997,AI Design Agent,signal_refresh_complete,Round 2 -> Round 3,Best Practice; broad-intent; 60 impressions; 1 clicks; pos 16.1; worth second-stage depth upgrade,"Second-stage deep refresh: add evidence, judgment, tested sections, and stronger FAQ.",Refresh if query intent is relevant; preserve URL; improve sections tied to visible queries.
359,B_indexed_or_visible_refresh,how-to-edit-faces-portraits-smile-ai,"How to Edit Faces, Portraits & Smiles with AI — The Complete Face Retouch Guide",how-to-edit-faces-portraits-smile-ai,How-To,how-to-benchmark-research,deep_refresh_candidate,b1,948.8,4.0,169.0,9.69,383.52,10813,General Creative Workflow,signal_refresh_complete,Round 2 -> Round 3,How-To; broad-intent; 169 impressions; 4 clicks; pos 9.7; worth second-stage depth upgrade,"Second-stage deep refresh: add evidence, judgment, tested sections, and stronger FAQ.",Refresh if query intent is relevant; preserve URL; improve sections tied to visible queries.
360,B_indexed_or_visible_refresh,lovart-digest-july-2026-week1,Lovart Digest July 2026 Week1: A Practical Lovart Workflow Guide,lovart-digest-july-2026-week1,How-To,how-to-benchmark-research,deep_refresh_candidate,b1,932.63,0.0,97.0,6.84,377.76,8942,General Creative Workflow,signal_refresh_complete,Round 2 -> Round 3,How-To; broad-intent; 97 impressions; pos 6.8; worth second-stage depth upgrade,"Second-stage deep refresh: add evidence, judgment, tested sections, and stronger FAQ.",Refresh if query intent is relevant; preserve URL; improve sections tied to visible queries.
361,B_indexed_or_visible_refresh,how-to-chat-generate-ui-layout-lovart,How To Chat Generate UI Layout Lovart: A Practical Lovart Workflow Guide,how-to-chat-generate-ui-layout-lovart,How-To,how-to-benchmark-research,deep_refresh_candidate,b1,932.57,0.0,96.0,10.79,377.68,8982,General Creative Workflow,signal_refresh_complete,Round 2 -> Round 3,How-To; broad-intent; 96 impressions; pos 10.8; worth second-stage depth upgrade,"Second-stage deep refresh: add evidence, judgment, tested sections, and stronger FAQ.",Refresh if query intent is relevant; preserve URL; improve sections tied to visible queries.
362,B_indexed_or_visible_refresh,animate-old-photos-ai-2026,Animate Old Photos AI 2026: A Practical Lovart Workflow Guide,03dda55d-b5c5-4832-8319-a3e435422471,How-To,how-to-benchmark-research,deep_refresh_candidate,b1,932.51,0.0,95.0,9.27,377.6,8927,General Creative Workflow,signal_refresh_complete,Round 2 -> Round 3,How-To; broad-intent; 95 impressions; pos 9.3; worth second-stage depth upgrade,"Second-stage deep refresh: add evidence, judgment, tested sections, and stronger FAQ.",Refresh if query intent is relevant; preserve URL; improve sections tied to visible queries.
363,B_indexed_or_visible_refresh,how-to-add-textured-grain-posters,How To Add Textured Grain Posters: A Practical Lovart Workflow Guide,ab8ab79a-be8e-4fc9-93d5-b7c822d58d14,How-To,how-to-benchmark-research,cluster_support_only,b2,772.39,0.0,93.0,15.13,377.44,8962,General Creative Workflow,signal_refresh_complete,Round 4,How-To; broad-intent; 93 impressions; pos 15.1; best kept as cluster support,"Support role only; keep clean, indexable, and internally linked.",Refresh if query intent is relevant; preserve URL; improve sections tied to visible queries.
364,B_indexed_or_visible_refresh,how-to-chat-generate-mockup-lovart,How To Chat Generate Mockup Lovart: A Practical Lovart Workflow Guide,how-to-chat-generate-mockup-lovart,How-To,how-to-benchmark-research,deep_refresh_candidate,b1,932.16,0.0,89.0,7.79,377.12,8967,General Creative Workflow,signal_refresh_complete,Round 2 -> Round 3,How-To; broad-intent; 89 impressions; pos 7.8; worth second-stage depth upgrade,"Second-stage deep refresh: add evidence, judgment, tested sections, and stronger FAQ.",Refresh if query intent is relevant; preserve URL; improve sections tied to visible queries.
365,B_indexed_or_visible_refresh,04-best-practice-touch-edit,Best Practice: Touch Edit — 3 Essential Gestures Every Designer Should Know,04-best-practice-touch-edit,How-To,how-to-benchmark-research,deep_refresh_candidate,b1,931.93,0.0,85.0,7.38,376.8,7804,General Creative Workflow,signal_refresh_complete,Round 2 -> Round 3,How-To; broad-intent; 85 impressions; pos 7.4; worth second-stage depth upgrade,"Second-stage deep refresh: add evidence, judgment, tested sections, and stronger FAQ.",Refresh if query intent is relevant; preserve URL; improve sections tied to visible queries.
366,B_indexed_or_visible_refresh,how-to-design-restaurant-menu-brand-ai,How To Design Restaurant Menu Brand AI: A Practical Lovart Workflow Guide,how-to-design-restaurant-menu-brand-ai,How-To,how-to-benchmark-research,cluster_support_only,b2,771.64,0.0,80.0,15.31,376.4,8987,Brand System,signal_refresh_complete,Round 4,How-To; broad-intent; 80 impressions; pos 15.3; best kept as cluster support,"Support role only; keep clean, indexable, and internally linked.",Refresh if query intent is relevant; preserve URL; improve sections tied to visible queries.
367,B_indexed_or_visible_refresh,why-i-tested-seaart,Why I tested SeaArt,why-i-tested-seaart,How-To,how-to-benchmark-research,keep_refresh_only,b2,761.47,0.0,77.0,7.94,376.16,8709,General Creative Workflow,signal_refresh_complete,Round 4 -> Round 5,How-To; 77 impressions; pos 7.9; maintain signal refresh state,"Keep refresh gains; add proof, CTR framing, and cluster polish only.",Refresh if query intent is relevant; preserve URL; improve sections tied to visible queries.
368,B_indexed_or_visible_refresh,adobe-express-vs-lovart-comparison,Adobe Express vs Lovart — Which AI Design Tool Is Right for You? (2026),adobe-express-vs-lovart-comparison,Review,lovart-review,deep_refresh_candidate,b1,961.0,0.0,69.0,11.91,375.52,6398,General Creative Workflow,signal_refresh_complete,Round 2 -> Round 3,Review; broad-intent; 69 impressions; pos 11.9; worth second-stage depth upgrade,"Second-stage deep refresh: add evidence, judgment, tested sections, and stronger FAQ.",Refresh if query intent is relevant; preserve URL; improve sections tied to visible queries.
369,B_indexed_or_visible_refresh,invideo-vs-lovart-video-editing-comparison,InVideo vs Lovart — Video Editing Platform vs AI Design Agent,invideo-vs-lovart-video-editing-comparison,Review,lovart-review,keep_refresh_only,b2,821.0,0.0,69.0,13.87,375.52,6233,AI Video,signal_refresh_complete,Round 4 -> Round 5,Review; broad-intent; 69 impressions; pos 13.9; maintain signal refresh state,"Keep refresh gains; add proof, CTR framing, and cluster polish only.",Refresh if query intent is relevant; preserve URL; improve sections tied to visible queries.
370,B_indexed_or_visible_refresh,s21---lovart-customer-success-story,Lovart Customer Success: How a DTC Brand Transformed Their Visual Marketing,s21---lovart-customer-success-story,How-To,how-to-benchmark-research,keep_refresh_only,b2,760.94,0.0,68.0,7.96,375.44,6355,Brand System,signal_refresh_complete,Round 4 -> Round 5,How-To; 68 impressions; pos 8.0; maintain signal refresh state,"Keep refresh gains; add proof, CTR framing, and cluster polish only.",Refresh if query intent is relevant; preserve URL; improve sections tied to visible queries.
371,B_indexed_or_visible_refresh,best-ai-design-agent-for-dropshipper,Best AI Design Agent For Dropshipper: A Practical Lovart Workflow Guide,best-ai-design-agent-for-dropshipper,Best Practice,lovart-best-practice,cluster_support_only,b2,775.77,0.0,65.0,18.95,375.2,8977,AI Design Agent,signal_refresh_complete,Round 4,Best Practice; broad-intent; 65 impressions; pos 18.9; best kept as cluster support,"Support role only; keep clean, indexable, and internally linked.",Refresh if query intent is relevant; preserve URL; improve sections tied to visible queries.
372,B_indexed_or_visible_refresh,ai-design-agent-for-artisan-bakery-branding,"The High-End Craft, Low-Budget Visual Paradox",ai-design-agent-for-artisan-bakery-branding,Best Practice,lovart-best-practice,cluster_support_only,b2,745.19,0.0,55.0,10.38,374.4,8752,Brand System,signal_refresh_complete,Round 4,Best Practice; 55 impressions; pos 10.4; best kept as cluster support,"Support role only; keep clean, indexable, and internally linked.",Refresh if query intent is relevant; preserve URL; improve sections tied to visible queries.
373,B_indexed_or_visible_refresh,canva-alternatives-2026,Canva Alternatives 2026: Best Picks for Faster Design Workflows | Lovart,bd-canva-alternatives-2026,Review,lovart-review,cluster_support_only,b2,800.19,0.0,55.0,14.42,374.4,7221,Canva Alternative,signal_refresh_complete,Round 4,Review; broad-intent; 55 impressions; pos 14.4; best kept as cluster support,"Support role only; keep clean, indexable, and internally linked.",Refresh if query intent is relevant; preserve URL; improve sections tied to visible queries.
374,B_indexed_or_visible_refresh,step-by-step-youtube-thumbnails-without-photoshop,Step-by-Step YouTube Thumbnails Without Photoshop: A Complete Lovart Guide,step-by-step-youtube-thumbnails-without-photoshop,How-To,how-to-benchmark-research,keep_refresh_only,b2,790.19,0.0,55.0,13.76,374.4,6741,General Creative Workflow,signal_refresh_complete,Round 4 -> Round 5,How-To; broad-intent; 55 impressions; pos 13.8; maintain signal refresh state,"Keep refresh gains; add proof, CTR framing, and cluster polish only.",Refresh if query intent is relevant; preserve URL; improve sections tied to visible queries.
375,B_indexed_or_visible_refresh,adobe-firefly-alternatives-2026,Adobe Firefly Alternatives 2026: Best Picks for Image & Design Workflows | Lovart,bd-adobe-firefly-alternatives-2026,Review,lovart-review,cluster_support_only,b2,800.02,0.0,52.0,18.46,374.16,7320,AI Image,signal_refresh_complete,Round 4,Review; broad-intent; 52 impressions; pos 18.5; best kept as cluster support,"Support role only; keep clean, indexable, and internally linked.",Refresh if query intent is relevant; preserve URL; improve sections tied to visible queries.
376,B_indexed_or_visible_refresh,step-by-step-illustration-without-photoshop,Step-by-Step Illustration Without Photoshop: Create Custom Artwork with Lovart in 5 Steps,step-by-step-illustration-without-photoshop,How-To,how-to-benchmark-research,keep_refresh_only,b2,759.96,0.0,51.0,15.41,374.08,7871,General Creative Workflow,signal_refresh_complete,Round 4 -> Round 5,How-To; 51 impressions; pos 15.4; maintain signal refresh state,"Keep refresh gains; add proof, CTR framing, and cluster polish only.",Refresh if query intent is relevant; preserve URL; improve sections tied to visible queries.
377,B_indexed_or_visible_refresh,best-ai-design-agent-for-ria-advisor,Best AI Design Agent For Ria Advisor: A Practical Lovart Workflow Guide,best-ai-design-agent-for-ria-advisor,Best Practice,lovart-best-practice,deep_refresh_candidate,b1,934.9,0.0,50.0,10.1,374.0,8977,AI Design Agent,signal_refresh_complete,Round 2 -> Round 3,Best Practice; broad-intent; 50 impressions; pos 10.1; worth second-stage depth upgrade,"Second-stage deep refresh: add evidence, judgment, tested sections, and stronger FAQ.",Refresh if query intent is relevant; preserve URL; improve sections tied to visible queries.
378,B_indexed_or_visible_refresh,evoto-alternative,Evoto Alternative: When to Use a Design Agent Instead,1u5vaBwLndY1gqYUMVf0DE,Review,lovart-review,deep_refresh_candidate,b1,971.5,3.0,112.0,9.21,368.96,10043,General Creative Workflow,signal_refresh_complete,Round 2 -> Round 3,Review; broad-intent; 112 impressions; 3 clicks; pos 9.2; worth second-stage depth upgrade,"Second-stage deep refresh: add evidence, judgment, tested sections, and stronger FAQ.",Refresh if query intent is relevant; preserve URL; improve sections tied to visible queries.
379,B_indexed_or_visible_refresh,designing-a-menu-how-to-update-prices-on-an-image-without-regenerating-the-food,Designing a Menu: How to Update Prices on an Image Without Regenerating the Food,designing-a-menu-how-to-update-prices-on-an-image-without-regene,How-To,how-to-benchmark-research,keep_refresh_only,b2,770.1,3.0,88.0,5.42,367.04,11005,AI Image,signal_refresh_complete,Round 4 -> Round 5,How-To; 88 impressions; 3 clicks; pos 5.4; maintain signal refresh state,"Keep refresh gains; add proof, CTR framing, and cluster polish only.",Refresh if query intent is relevant; preserve URL; improve sections tied to visible queries.
380,B_indexed_or_visible_refresh,comparison-lovart-vs-flora-ai,Comparison Lovart vs Flora AI: Compare the Workflow Before You Choose,blog-comparison-lovart-vs-flora-ai-en,Review,lovart-review,deep_refresh_candidate,b1,969.76,3.0,82.0,12.48,366.56,10054,General Creative Workflow,signal_refresh_complete,Round 2 -> Round 3,Review; broad-intent; 82 impressions; 3 clicks; pos 12.5; worth second-stage depth upgrade,"Second-stage deep refresh: add evidence, judgment, tested sections, and stronger FAQ.",Refresh if query intent is relevant; preserve URL; improve sections tied to visible queries.
381,B_indexed_or_visible_refresh,best-ai-design-agent-for-freelancers,Best AI Design Agent For Freelancers: A Practical Lovart Workflow Guide,3f4d5c04-0fd3-4334-b3ef-165595f9076a,Best Practice,lovart-best-practice,deep_refresh_candidate,b1,951.94,1.0,361.0,20.87,358.88,8977,AI Design Agent,signal_refresh_complete,Round 2 -> Round 3,Best Practice; broad-intent; 361 impressions; 1 clicks; pos 20.9; worth second-stage depth upgrade,"Second-stage deep refresh: add evidence, judgment, tested sections, and stronger FAQ.",Refresh if query intent is relevant; preserve URL; improve sections tied to visible queries.
382,B_indexed_or_visible_refresh,best-ai-design-agent-for-freelancers,Best AI Design Agent For Freelancers: A Practical Lovart Workflow Guide,blog-best-ai-design-agent-for-freelancers-en,Best Practice,lovart-best-practice,deep_refresh_candidate,b1,951.94,1.0,361.0,20.87,358.88,8977,AI Design Agent,signal_refresh_complete,Round 2 -> Round 3,Best Practice; broad-intent; 361 impressions; 1 clicks; pos 20.9; worth second-stage depth upgrade,"Second-stage deep refresh: add evidence, judgment, tested sections, and stronger FAQ.",Refresh if query intent is relevant; preserve URL; improve sections tied to visible queries.
383,B_indexed_or_visible_refresh,04-cluster-best-ai-video-generators,Best AI Video Generators Compared: The Ultimate 2026 Guide,04-cluster-best-ai-video-generators,How-To,how-to-benchmark-research,deep_refresh_candidate,b1,968.17,2.0,727.0,26.89,358.16,16508,AI Video,signal_refresh_complete,Round 2 -> Round 3,How-To; broad-intent; 727 impressions; 2 clicks; pos 26.9; worth second-stage depth upgrade,"Second-stage deep refresh: add evidence, judgment, tested sections, and stronger FAQ.",Refresh if query intent is relevant; preserve URL; improve sections tied to visible queries.
384,B_indexed_or_visible_refresh,brand-kit-gym-lovart,Brand Kit for Gyms: Complete Visual Identity Guide with Lovart's AI Design Agent,brand-kit-gym-lovart,Best Practice,lovart-best-practice,deep_refresh_candidate,b1,941.74,2.0,99.0,9.18,357.92,9689,Brand System,signal_refresh_complete,Round 2 -> Round 3,Best Practice; broad-intent; 99 impressions; 2 clicks; pos 9.2; worth second-stage depth upgrade,"Second-stage deep refresh: add evidence, judgment, tested sections, and stronger FAQ.",Refresh if query intent is relevant; preserve URL; improve sections tied to visible queries.
385,B_indexed_or_visible_refresh,brand-kit-florist-lovart,Brand Kit for Florists: Complete Visual Identity Guide with Lovart's AI Design Agent,brand-kit-florist-lovart,Best Practice,lovart-best-practice,deep_refresh_candidate,b1,941.68,2.0,98.0,8.61,357.84,10652,Brand System,signal_refresh_complete,Round 2 -> Round 3,Best Practice; broad-intent; 98 impressions; 2 clicks; pos 8.6; worth second-stage depth upgrade,"Second-stage deep refresh: add evidence, judgment, tested sections, and stronger FAQ.",Refresh if query intent is relevant; preserve URL; improve sections tied to visible queries.
386,B_indexed_or_visible_refresh,complete-guide-ai-banner-display-ad-design,The 2026 Complete Guide to AI Banner & Display Ad Design,complete-guide-ai-banner-display-ad-design,Complete Guide,lovart-complete-guide,deep_refresh_candidate,b1,996.16,2.0,89.0,13.48,357.12,76868,General Creative Workflow,signal_refresh_complete,Round 2 -> Round 3,Complete Guide; broad-intent; 89 impressions; 2 clicks; pos 13.5; worth second-stage depth upgrade,"Promote to canonical longform via state-machine drafting, evidence pack, and cluster integration.",Refresh if query intent is relevant; preserve URL; improve sections tied to visible queries.
387,B_indexed_or_visible_refresh,for-restaurant-owners-building-a-premium-brand-identity-with-ai-on-a-budget,For Restaurant Owners: Building a Premium Brand Identity with AI on a Budget,for-restaurant-owners-building-a-premium-brand-identity-with-ai-,Best Practice,lovart-best-practice,cluster_support_only,b2,751.16,2.0,89.0,9.55,357.12,18399,Brand System,signal_refresh_complete,Round 4,Best Practice; 89 impressions; 2 clicks; pos 9.6; best kept as cluster support,"Support role only; keep clean, indexable, and internally linked.",Refresh if query intent is relevant; preserve URL; improve sections tied to visible queries.
388,B_indexed_or_visible_refresh,brand-kit-coffee-shop-lovart,Brand Kit for Coffee Shops: Complete Visual Identity Guide with Lovart's AI Design Agent,brand-kit-coffee-shop-lovart,Best Practice,lovart-best-practice,deep_refresh_candidate,b1,940.58,2.0,79.0,11.28,356.32,10301,Brand System,signal_refresh_complete,Round 2 -> Round 3,Best Practice; broad-intent; 79 impressions; 2 clicks; pos 11.3; worth second-stage depth upgrade,"Second-stage deep refresh: add evidence, judgment, tested sections, and stronger FAQ.",Refresh if query intent is relevant; preserve URL; improve sections tied to visible queries.
389,B_indexed_or_visible_refresh,ai-design-for-architecture-firms-2026,"AI Design for Architecture Firms — Renderings, Proposals & Client Presentations",ai-design-for-architecture-firms-2026,Best Practice,lovart-best-practice,cluster_support_only,b2,749.71,2.0,64.0,6.81,355.12,11056,General Creative Workflow,signal_refresh_complete,Round 4,Best Practice; 64 impressions; 2 clicks; pos 6.8; best kept as cluster support,"Support role only; keep clean, indexable, and internally linked.",Refresh if query intent is relevant; preserve URL; improve sections tied to visible queries.
390,B_indexed_or_visible_refresh,lovart-vs-winatra,Lovart vs Winatra: Compare the Workflow Before You Choose,blog-lovart-vs-winatra-en,Review,lovart-review,cluster_support_only,b2,774.71,2.0,64.0,11.91,355.12,9970,General Creative Workflow,signal_refresh_complete,Round 4,Review; 64 impressions; 2 clicks; pos 11.9; best kept as cluster support,"Support role only; keep clean, indexable, and internally linked.",Refresh if query intent is relevant; preserve URL; improve sections tied to visible queries.
391,B_indexed_or_visible_refresh,back-to-school-student-ai-toolkit-2026,"Back-to-School AI Design Toolkit — Posters, Presentations & Projects for Students",back-to-school-student-ai-toolkit-2026,How-To,how-to-benchmark-research,keep_refresh_only,b2,764.36,2.0,58.0,9.97,354.64,12350,General Creative Workflow,signal_refresh_complete,Round 4 -> Round 5,How-To; 58 impressions; 2 clicks; pos 10.0; maintain signal refresh state,"Keep refresh gains; add proof, CTR framing, and cluster polish only.",Refresh if query intent is relevant; preserve URL; improve sections tied to visible queries.
392,B_indexed_or_visible_refresh,a2-how-to-upscale-images-4k-ai,AI Image Upscaler: Enhance Photos to 4K Without Quality Loss,a2-how-to-upscale-images-4k-ai,How-To,how-to-benchmark-research,keep_refresh_only,b2,792.54,2.0,630.0,25.59,350.4,13398,AI Image,signal_refresh_complete,Round 4 -> Round 5,How-To; 630 impressions; 2 clicks; pos 25.6; maintain signal refresh state,"Keep refresh gains; add proof, CTR framing, and cluster polish only.",Refresh if query intent is relevant; preserve URL; improve sections tied to visible queries.
393,B_indexed_or_visible_refresh,ai-movie-poster-tools-compared,AI Movie Poster Makers Compared: Film Poster AI vs CinePoster vs Lovart,ai-movie-poster-tools-compared,Review,lovart-review,deep_refresh_candidate,b1,968.99,1.0,224.0,25.39,347.92,8841,General Creative Workflow,signal_refresh_complete,Round 2 -> Round 3,Review; broad-intent; 224 impressions; 1 clicks; pos 25.4; worth second-stage depth upgrade,"Second-stage deep refresh: add evidence, judgment, tested sections, and stronger FAQ.",Refresh if query intent is relevant; preserve URL; improve sections tied to visible queries.
394,B_indexed_or_visible_refresh,05-mid-year-sale-ecommerce-guide,Mid-Year Sale Design Guide: Conversion-Focused E-Commerce Visuals,05-mid-year-sale-ecommerce-guide,How-To,how-to-benchmark-research,deep_refresh_candidate,b1,932.57,1.0,96.0,7.16,347.68,11531,General Creative Workflow,signal_refresh_complete,Round 2 -> Round 3,How-To; broad-intent; 96 impressions; 1 clicks; pos 7.2; worth second-stage depth upgrade,"Second-stage deep refresh: add evidence, judgment, tested sections, and stronger FAQ.",Refresh if query intent is relevant; preserve URL; improve sections tied to visible queries.
395,B_indexed_or_visible_refresh,canva-vs-adobe-express-2026,Canva vs Adobe Express 2026: Compare the Workflow Before You Choose,bp-canva-vs-adobe-express-2026,Review,lovart-review,cluster_support_only,b2,772.57,1.0,96.0,8.96,347.68,10040,Canva Alternative,signal_refresh_complete,Round 4,Review; 96 impressions; 1 clicks; pos 9.0; best kept as cluster support,"Support role only; keep clean, indexable, and internally linked.",Refresh if query intent is relevant; preserve URL; improve sections tied to visible queries.
396,B_indexed_or_visible_refresh,best-ai-design-agent-for-hair-salons,Best Ai Design Agent For Hair Salons,best-ai-design-agent-for-hair-salons,Best Practice,lovart-best-practice,deep_refresh_candidate,b1,937.28,1.0,91.0,11.64,347.28,12358,AI Design Agent,signal_refresh_complete,Round 2 -> Round 3,Best Practice; broad-intent; 91 impressions; 1 clicks; pos 11.6; worth second-stage depth upgrade,"Second-stage deep refresh: add evidence, judgment, tested sections, and stronger FAQ.",Refresh if query intent is relevant; preserve URL; improve sections tied to visible queries.
397,B_indexed_or_visible_refresh,how-to-create-backgrounds-wallpapers-ai,How to Create Backgrounds & Wallpapers with AI — Aesthetic Patterns for Any Screen,how-to-create-backgrounds-wallpapers-ai,How-To,how-to-benchmark-research,cluster_support_only,b2,741.93,1.0,85.0,10.13,346.8,9912,General Creative Workflow,signal_refresh_complete,Round 4,How-To; 85 impressions; 1 clicks; pos 10.1; best kept as cluster support,"Support role only; keep clean, indexable, and internally linked.",Refresh if query intent is relevant; preserve URL; improve sections tied to visible queries.
398,B_indexed_or_visible_refresh,user-persona-journey-maps-ai-design-2027,Creating User Personas and Journey Maps with AI: A Designer's Guide for 2026,user-persona-journey-maps-ai-design-2027,How-To,how-to-benchmark-research,deep_refresh_candidate,b1,931.47,1.0,77.0,7.08,346.16,17773,General Creative Workflow,signal_refresh_complete,Round 2 -> Round 3,How-To; broad-intent; 77 impressions; 1 clicks; pos 7.1; worth second-stage depth upgrade,"Second-stage deep refresh: add evidence, judgment, tested sections, and stronger FAQ.",Refresh if query intent is relevant; preserve URL; improve sections tied to visible queries.
399,B_indexed_or_visible_refresh,reverse-engineer-video-into-prompt,Reverse-Engineer Any Video Into a Prompt: AI Video-to-Prompt Guide,blog-reveng-en,How-To,how-to-benchmark-research,deep_refresh_candidate,b1,930.71,1.0,64.0,7.23,345.12,19789,AI Video,signal_refresh_complete,Round 2 -> Round 3,How-To; broad-intent; 64 impressions; 1 clicks; pos 7.2; worth second-stage depth upgrade,"Second-stage deep refresh: add evidence, judgment, tested sections, and stronger FAQ.",Refresh if query intent is relevant; preserve URL; improve sections tied to visible queries.
400,B_indexed_or_visible_refresh,brand-kit-coach-lovart,Brand Kit for Coaches: Complete Visual Identity Guide with Lovart's AI Design Agent,brand-kit-coach-lovart,Best Practice,lovart-best-practice,deep_refresh_candidate,b1,935.48,1.0,60.0,8.57,344.8,10467,Brand System,signal_refresh_complete,Round 2 -> Round 3,Best Practice; broad-intent; 60 impressions; 1 clicks; pos 8.6; worth second-stage depth upgrade,"Second-stage deep refresh: add evidence, judgment, tested sections, and stronger FAQ.",Refresh if query intent is relevant; preserve URL; improve sections tied to visible queries.
401,B_indexed_or_visible_refresh,clutter-why-simple-thumbnails-perform-better,Clutter: Why Simple Thumbnails Perform Better (and How to Remove Noise),clutter-why-simple-thumbnails-perform-better,How-To,how-to-benchmark-research,keep_refresh_only,b2,760.48,1.0,60.0,6.68,344.8,10539,General Creative Workflow,signal_refresh_complete,Round 4 -> Round 5,How-To; 60 impressions; 1 clicks; pos 6.7; maintain signal refresh state,"Keep refresh gains; add proof, CTR framing, and cluster polish only.",Refresh if query intent is relevant; preserve URL; improve sections tied to visible queries.
402,B_indexed_or_visible_refresh,best-ai-design-agent-for-dessert-shop-owner,Best AI Design Agent For Dessert Shop Owner: A Practical Lovart Workflow Guide,best-ai-design-agent-for-dessert-shop-owner,Best Practice,lovart-best-practice,deep_refresh_candidate,b1,935.31,1.0,57.0,11.7,344.56,9012,AI Design Agent,signal_refresh_complete,Round 2 -> Round 3,Best Practice; broad-intent; 57 impressions; 1 clicks; pos 11.7; worth second-stage depth upgrade,"Second-stage deep refresh: add evidence, judgment, tested sections, and stronger FAQ.",Refresh if query intent is relevant; preserve URL; improve sections tied to visible queries.
403,B_indexed_or_visible_refresh,ideogram-ai-alternative,Ideogram AI Alternative: When to Use a Design Agent Instead,o6YkSZCNskGrZicahpYn20,Review,lovart-review,deep_refresh_candidate,b1,960.25,1.0,56.0,11.12,344.48,10085,General Creative Workflow,signal_refresh_complete,Round 2 -> Round 3,Review; broad-intent; 56 impressions; 1 clicks; pos 11.1; worth second-stage depth upgrade,"Second-stage deep refresh: add evidence, judgment, tested sections, and stronger FAQ.",Refresh if query intent is relevant; preserve URL; improve sections tied to visible queries.
404,B_indexed_or_visible_refresh,facetune-alternative,Facetune Alternative: When to Use a Design Agent Instead,5OcAE57ZPh7ef83a6AOBX6,Review,lovart-review,deep_refresh_candidate,b1,960.19,1.0,55.0,11.69,344.4,10064,General Creative Workflow,signal_refresh_complete,Round 2 -> Round 3,Review; broad-intent; 55 impressions; 1 clicks; pos 11.7; worth second-stage depth upgrade,"Second-stage deep refresh: add evidence, judgment, tested sections, and stronger FAQ.",Refresh if query intent is relevant; preserve URL; improve sections tied to visible queries.
405,B_indexed_or_visible_refresh,best-ai-design-agent-for-aesthetics-studio,Best AI Design Agent For Aesthetics Studio: A Practical Lovart Workflow Guide,best-ai-design-agent-for-aesthetics-studio,Best Practice,lovart-best-practice,deep_refresh_candidate,b1,935.02,1.0,52.0,9.54,344.16,9007,AI Design Agent,signal_refresh_complete,Round 2 -> Round 3,Best Practice; broad-intent; 52 impressions; 1 clicks; pos 9.5; worth second-stage depth upgrade,"Second-stage deep refresh: add evidence, judgment, tested sections, and stronger FAQ.",Refresh if query intent is relevant; preserve URL; improve sections tied to visible queries.
406,B_indexed_or_visible_refresh,best-ai-design-agent-for-lash-technician,"Best AI Design Agent for Lash Technicians: Lash Menus, Style Guides & Eyelash Extension Visuals by Lovart",best-ai-design-agent-for-lash-technician,Best Practice,lovart-best-practice,deep_refresh_candidate,b1,935.02,1.0,52.0,9.06,344.16,17148,AI Design Agent,signal_refresh_complete,Round 2 -> Round 3,Best Practice; broad-intent; 52 impressions; 1 clicks; pos 9.1; worth second-stage depth upgrade,"Second-stage deep refresh: add evidence, judgment, tested sections, and stronger FAQ.",Refresh if query intent is relevant; preserve URL; improve sections tied to visible queries.
407,B_indexed_or_visible_refresh,best-ai-design-agent-for-bookstore-owners,Best AI Design Agent For Bookstore Owners: A Practical Lovart Workflow Guide,blog-best-ai-design-agent-for-bookstore-owners-en,Best Practice,lovart-best-practice,deep_refresh_candidate,b1,934.96,1.0,51.0,7.82,344.08,9002,AI Design Agent,signal_refresh_complete,Round 2 -> Round 3,Best Practice; broad-intent; 51 impressions; 1 clicks; pos 7.8; worth second-stage depth upgrade,"Second-stage deep refresh: add evidence, judgment, tested sections, and stronger FAQ.",Refresh if query intent is relevant; preserve URL; improve sections tied to visible queries.
408,B_indexed_or_visible_refresh,gimp-vs-lovart-free-open-source-vs-ai-agent,Gimp vs Lovart Free Open Source vs AI Agent: Compare the Workflow Before You Choose,gimp-vs-lovart-free-open-source-vs-ai-agent,Review,lovart-review,cluster_support_only,b2,769.96,1.0,51.0,8.25,344.08,10152,General Creative Workflow,signal_refresh_complete,Round 4,Review; 51 impressions; 1 clicks; pos 8.2; best kept as cluster support,"Support role only; keep clean, indexable, and internally linked.",Refresh if query intent is relevant; preserve URL; improve sections tied to visible queries.
409,B_indexed_or_visible_refresh,adcreative-ai-vs-canva-vs-lovart,Adcreative AI vs Canva vs Lovart: Compare the Workflow Before You Choose,blog-adcreative-ai-vs-canva-vs-lovart-en,Review,lovart-review,cluster_support_only,b2,769.9,1.0,50.0,10.22,344.0,10075,Canva Alternative,signal_refresh_complete,Round 4,Review; 50 impressions; 1 clicks; pos 10.2; best kept as cluster support,"Support role only; keep clean, indexable, and internally linked.",Refresh if query intent is relevant; preserve URL; improve sections tied to visible queries.
410,B_indexed_or_visible_refresh,ai-design-contracts-freelancers-agencies-should-include,AI Design Contracts Freelancers Agencies Should Include: A Practical Lovart Workflow Guide,ai-design-contracts-freelancers-agencies-should-include,How-To,how-to-benchmark-research,deep_refresh_candidate,b1,954.71,8.0,133.0,10.31,340.64,9072,General Creative Workflow,signal_refresh_complete,Round 2 -> Round 3,How-To; broad-intent; 133 impressions; 8 clicks; pos 10.3; worth second-stage depth upgrade,"Second-stage deep refresh: add evidence, judgment, tested sections, and stronger FAQ.",Refresh if query intent is relevant; preserve URL; improve sections tied to visible queries.
411,B_indexed_or_visible_refresh,heygen-vs-lovart-talking-avatar-comparison,HeyGen vs Lovart — Which AI Talking Avatar Tool Actually Delivers?,heygen-vs-lovart-talking-avatar-comparison,Review,lovart-review,deep_refresh_candidate,b1,966.79,0.0,255.0,22.31,340.4,6326,General Creative Workflow,signal_refresh_complete,Round 2 -> Round 3,Review; broad-intent; 255 impressions; pos 22.3; worth second-stage depth upgrade,"Second-stage deep refresh: add evidence, judgment, tested sections, and stronger FAQ.",Refresh if query intent is relevant; preserve URL; improve sections tied to visible queries.
412,B_indexed_or_visible_refresh,seedance-video-production-workflow-case-study,Seedance Video Production Workflow — A Real 30-Video Campaign Case Study,seedance-video-production-workflow-case-study,Best Practice,lovart-best-practice,cluster_support_only,b2,743.74,0.0,99.0,14.27,337.92,12489,AI Video,signal_refresh_complete,Round 4,Best Practice; 99 impressions; pos 14.3; best kept as cluster support,"Support role only; keep clean, indexable, and internally linked.",Refresh if query intent is relevant; preserve URL; improve sections tied to visible queries.
413,B_indexed_or_visible_refresh,vistacreate-alternative,VistaCreate Alternative: When to Use a Design Agent Instead,o6YkSZCNskGrZicahpYwN6,Review,lovart-review,deep_refresh_candidate,b1,958.63,0.0,97.0,9.04,337.76,10085,General Creative Workflow,signal_refresh_complete,Round 2 -> Round 3,Review; broad-intent; 97 impressions; pos 9.0; worth second-stage depth upgrade,"Second-stage deep refresh: add evidence, judgment, tested sections, and stronger FAQ.",Refresh if query intent is relevant; preserve URL; improve sections tied to visible queries.
414,B_indexed_or_visible_refresh,https-www-lovart-ai-zh-blog-how-to-create-fb-ads-with-brand-kit,How To Create FB Ads With Brand Kit,https-www-lovart-ai-zh-blog-how-to-create-fb-ads-with-brand-kit,Best Practice,lovart-best-practice,cluster_support_only,b2,743.51,0.0,95.0,8.96,337.6,20920,Brand System,signal_refresh_complete,Round 4,Best Practice; 95 impressions; pos 9.0; best kept as cluster support,"Support role only; keep clean, indexable, and internally linked.",Refresh if query intent is relevant; preserve URL; improve sections tied to visible queries.
415,B_indexed_or_visible_refresh,02-industry-fitness-studio-content,Fitness Studio 30-Day Content Calendar: AI-Powered Social Media That Fills Classes,02-industry-fitness-studio-content,How-To,how-to-benchmark-research,keep_refresh_only,b2,758.39,0.0,93.0,14.37,337.44,11758,General Creative Workflow,signal_refresh_complete,Round 4 -> Round 5,How-To; 93 impressions; pos 14.4; maintain signal refresh state,"Keep refresh gains; add proof, CTR framing, and cluster polish only.",Refresh if query intent is relevant; preserve URL; improve sections tied to visible queries.
416,B_indexed_or_visible_refresh,live-editable-text-let-review-real-time-copy-editing-within-ai-images,Live Editable Text (LET) Review: Real-Time Copy Editing Within AI Images,live-editable-text-LET-review-real-time-copy-editing-within-ai-images,Review,lovart-review,deep_refresh_candidate,b1,958.39,0.0,93.0,6.82,337.44,16182,AI Image,signal_refresh_complete,Round 2 -> Round 3,Review; broad-intent; 93 impressions; pos 6.8; worth second-stage depth upgrade,"Second-stage deep refresh: add evidence, judgment, tested sections, and stronger FAQ.",Refresh if query intent is relevant; preserve URL; improve sections tied to visible queries.
417,B_indexed_or_visible_refresh,live-editable-text-let-review-real-time-copy-editing-within-ai-images,Live Editable Text (LET) Review: Real-Time Copy Editing Within AI Images,live-editable-text-let-review-real-time-copy-editing-within-ai-i,Review,lovart-review,deep_refresh_candidate,b1,958.39,0.0,93.0,6.82,337.44,16359,AI Image,signal_refresh_complete,Round 2 -> Round 3,Review; broad-intent; 93 impressions; pos 6.8; worth second-stage depth upgrade,"Second-stage deep refresh: add evidence, judgment, tested sections, and stronger FAQ.",Refresh if query intent is relevant; preserve URL; improve sections tied to visible queries.
418,B_indexed_or_visible_refresh,case-study-prank-video-face-swap-ai,How Comedy Creator Lucas Mendes Built a 200K-Follower Account with AI Face Swaps — Without Ever Showing His Real Face,case-study-prank-video-face-swap-ai,How-To,how-to-benchmark-research,keep_refresh_only,b2,758.34,0.0,92.0,9.15,337.36,14841,AI Video,signal_refresh_complete,Round 4 -> Round 5,How-To; 92 impressions; pos 9.2; maintain signal refresh state,"Keep refresh gains; add proof, CTR framing, and cluster polish only.",Refresh if query intent is relevant; preserve URL; improve sections tied to visible queries.
419,B_indexed_or_visible_refresh,content-refresh-ai-video-brand-pillars-2027,Content Refresh AI Video Brand Pillars 2027: A Practical Lovart Workflow Guide,content-refresh-ai-video-brand-pillars-2027,How-To,how-to-benchmark-research,deep_refresh_candidate,b1,928.34,0.0,92.0,10.33,337.36,9012,AI Video,signal_refresh_complete,Round 2 -> Round 3,How-To; broad-intent; 92 impressions; pos 10.3; worth second-stage depth upgrade,"Second-stage deep refresh: add evidence, judgment, tested sections, and stronger FAQ.",Refresh if query intent is relevant; preserve URL; improve sections tied to visible queries.
420,B_indexed_or_visible_refresh,step-by-step-fb-post-cover-without-photoshop,Step By Step Fb Post Cover Without Photoshop: A Practical Lovart Workflow Guide,step-by-step-fb-post-cover-without-photoshop,How-To,how-to-benchmark-research,deep_refresh_candidate,b1,928.16,0.0,89.0,8.26,337.12,9017,General Creative Workflow,signal_refresh_complete,Round 2 -> Round 3,How-To; broad-intent; 89 impressions; pos 8.3; worth second-stage depth upgrade,"Second-stage deep refresh: add evidence, judgment, tested sections, and stronger FAQ.",Refresh if query intent is relevant; preserve URL; improve sections tied to visible queries.
421,B_indexed_or_visible_refresh,extracting-color-palettes-how-to-generate-a-brand-scheme-from-a-photo-you-love,Extracting Color Palettes: How to Generate a Brand Scheme from a Photo You Love,extracting-color-palettes-how-to-generate-a-brand-scheme-from-a-,How-To,how-to-benchmark-research,keep_refresh_only,b2,758.1,0.0,88.0,15.38,337.04,14490,Brand System,signal_refresh_complete,Round 4 -> Round 5,How-To; 88 impressions; pos 15.4; maintain signal refresh state,"Keep refresh gains; add proof, CTR framing, and cluster polish only.",Refresh if query intent is relevant; preserve URL; improve sections tied to visible queries.
422,B_indexed_or_visible_refresh,ai-design-agent-ecommerce-workflow,The Strategy-Execution Chasm: Bridging the Gap Between Brand Vision and AI Design Output,ai-design-agent-ecommerce-workflow,Best Practice,lovart-best-practice,keep_refresh_only,b2,762.99,0.0,86.0,6.22,336.88,19496,Brand System,signal_refresh_complete,Round 4 -> Round 5,Best Practice; 86 impressions; pos 6.2; maintain signal refresh state,"Keep refresh gains; add proof, CTR framing, and cluster polish only.",Refresh if query intent is relevant; preserve URL; improve sections tied to visible queries.
423,B_indexed_or_visible_refresh,an-ultimated-guideline-to-make-a-linkedin-banner,An Ultimate Guideline to Make a LinkedIn Banner (Zero Experience Required),an-ultimated-guideline-to-make-a-linkedin-banner,How-To,how-to-benchmark-research,deep_refresh_candidate,b1,927.81,0.0,83.0,7.43,336.64,12437,General Creative Workflow,signal_refresh_complete,Round 2 -> Round 3,How-To; broad-intent; 83 impressions; pos 7.4; worth second-stage depth upgrade,"Second-stage deep refresh: add evidence, judgment, tested sections, and stronger FAQ.",Refresh if query intent is relevant; preserve URL; improve sections tied to visible queries.
424,B_indexed_or_visible_refresh,lovart-video-capabilities-vs-separate-tools,Lovart Video Capabilities vs Separate Tools: Compare the Workflow Before You Choose,lovart-video-capabilities-vs-separate-tools,Review,lovart-review,deep_refresh_candidate,b1,957.81,0.0,83.0,11.73,336.64,10152,AI Video,signal_refresh_complete,Round 2 -> Round 3,Review; broad-intent; 83 impressions; pos 11.7; worth second-stage depth upgrade,"Second-stage deep refresh: add evidence, judgment, tested sections, and stronger FAQ.",Refresh if query intent is relevant; preserve URL; improve sections tied to visible queries.
425,B_indexed_or_visible_refresh,midjourney-limitations-ai-secondary-editing,Midjourney Limitations AI Secondary Editing: A Practical Lovart Workflow Guide,midjourney-limitations-ai-secondary-editing,How-To,how-to-benchmark-research,deep_refresh_candidate,b1,927.81,0.0,83.0,4.65,336.64,9012,General Creative Workflow,signal_refresh_complete,Round 2 -> Round 3,How-To; broad-intent; 83 impressions; pos 4.7; worth second-stage depth upgrade,"Second-stage deep refresh: add evidence, judgment, tested sections, and stronger FAQ.",Refresh if query intent is relevant; preserve URL; improve sections tied to visible queries.
426,B_indexed_or_visible_refresh,step-by-step-podcast-cover-art-without-photoshop,Step By Step Podcast Cover Art Without Photoshop: A Practical Lovart Workflow Guide,step-by-step-podcast-cover-art-without-photoshop,How-To,how-to-benchmark-research,deep_refresh_candidate,b1,927.81,0.0,83.0,8.81,336.64,9037,General Creative Workflow,signal_refresh_complete,Round 2 -> Round 3,How-To; broad-intent; 83 impressions; pos 8.8; worth second-stage depth upgrade,"Second-stage deep refresh: add evidence, judgment, tested sections, and stronger FAQ.",Refresh if query intent is relevant; preserve URL; improve sections tied to visible queries.
427,B_indexed_or_visible_refresh,ai-design-for-tattoo-artists-studios,"AI Design for Tattoo Artists — Flash Sheets, Stencils & Studio Branding",ai-design-for-tattoo-artists-studios,Best Practice,lovart-best-practice,cluster_support_only,b2,742.76,0.0,82.0,13.18,336.56,10769,Brand System,signal_refresh_complete,Round 4,Best Practice; 82 impressions; pos 13.2; best kept as cluster support,"Support role only; keep clean, indexable, and internally linked.",Refresh if query intent is relevant; preserve URL; improve sections tied to visible queries.
428,B_indexed_or_visible_refresh,faceapp-alternative,FaceApp Alternative: When to Use a Design Agent Instead,5OcAE57ZPh7ef83a6ANvW4,Review,lovart-review,keep_refresh_only,b2,817.7,0.0,81.0,13.96,336.48,10057,General Creative Workflow,signal_refresh_complete,Round 4 -> Round 5,Review; broad-intent; 81 impressions; pos 14.0; maintain signal refresh state,"Keep refresh gains; add proof, CTR framing, and cluster polish only.",Refresh if query intent is relevant; preserve URL; improve sections tied to visible queries.
429,B_indexed_or_visible_refresh,brand-kit-yoga-studio-lovart,Brand Kit for Yoga Studios: Complete Visual Identity Guide with Lovart's AI Design Agent,brand-kit-yoga-studio-lovart,Best Practice,lovart-best-practice,deep_refresh_candidate,b1,932.52,0.0,78.0,7.9,336.24,11707,Brand System,signal_refresh_complete,Round 2 -> Round 3,Best Practice; broad-intent; 78 impressions; pos 7.9; worth second-stage depth upgrade,"Second-stage deep refresh: add evidence, judgment, tested sections, and stronger FAQ.",Refresh if query intent is relevant; preserve URL; improve sections tied to visible queries.
430,B_indexed_or_visible_refresh,how-to-chat-generate-tiktok-ads-lovart,How to Chat-Generate TikTok Ads with Lovart — Spark Ads and In-Feed Creatives,how-to-chat-generate-tiktok-ads-lovart,How-To,how-to-benchmark-research,keep_refresh_only,b2,757.52,0.0,78.0,7.83,336.24,50870,General Creative Workflow,signal_refresh_complete,Round 4 -> Round 5,How-To; 78 impressions; pos 7.8; maintain signal refresh state,"Keep refresh gains; add proof, CTR framing, and cluster polish only.",Refresh if query intent is relevant; preserve URL; improve sections tied to visible queries.
431,B_indexed_or_visible_refresh,step-by-step-linkedin-banner-without-photoshop,Step By Step Linkedin Banner Without Photoshop: A Practical Lovart Workflow Guide,step-by-step-linkedin-banner-without-photoshop,How-To,how-to-benchmark-research,deep_refresh_candidate,b1,927.41,0.0,76.0,11.12,336.08,9027,General Creative Workflow,signal_refresh_complete,Round 2 -> Round 3,How-To; broad-intent; 76 impressions; pos 11.1; worth second-stage depth upgrade,"Second-stage deep refresh: add evidence, judgment, tested sections, and stronger FAQ.",Refresh if query intent is relevant; preserve URL; improve sections tied to visible queries.
432,B_indexed_or_visible_refresh,create-3d-characters,Create 3d Characters: A Practical Lovart Workflow Guide,73dee28f-2ca7-4a69-95ae-ec2fe9416173,How-To,how-to-benchmark-research,deep_refresh_candidate,b1,939.35,4.0,75.0,10.01,336.0,8897,Character Consistency,signal_refresh_complete,Round 2 -> Round 3,How-To; broad-intent; 75 impressions; 4 clicks; pos 10.0; worth second-stage depth upgrade,"Second-stage deep refresh: add evidence, judgment, tested sections, and stronger FAQ.",Refresh if query intent is relevant; preserve URL; improve sections tied to visible queries.
433,B_indexed_or_visible_refresh,brand-kit-for-insurance-agents,Brand Kit for Insurance Agents: Build a Visual System With AI,blog-brand-kit-for-insurance-agents-en,Best Practice,lovart-best-practice,cluster_support_only,b2,742.29,0.0,74.0,11.96,335.92,9069,Brand System,signal_refresh_complete,Round 4,Best Practice; 74 impressions; pos 12.0; best kept as cluster support,"Support role only; keep clean, indexable, and internally linked.",Refresh if query intent is relevant; preserve URL; improve sections tied to visible queries.
434,B_indexed_or_visible_refresh,easiest-ai-design-tools-non-designers-2026,Easiest AI Design Tools for Non-Designers — 2026 Comparison,easiest-ai-design-tools-non-designers-2026,How-To,how-to-benchmark-research,deep_refresh_candidate,b1,927.29,0.0,74.0,10.64,335.92,9682,General Creative Workflow,signal_refresh_complete,Round 2 -> Round 3,How-To; broad-intent; 74 impressions; pos 10.6; worth second-stage depth upgrade,"Second-stage deep refresh: add evidence, judgment, tested sections, and stronger FAQ.",Refresh if query intent is relevant; preserve URL; improve sections tied to visible queries.
435,B_indexed_or_visible_refresh,ai-design-small-business,AI Design for Small Business Owners: What Actually Works in 2026,ai-design-small-business,How-To,how-to-benchmark-research,keep_refresh_only,b2,757.23,0.0,73.0,4.67,335.84,11497,General Creative Workflow,signal_refresh_complete,Round 4 -> Round 5,How-To; 73 impressions; pos 4.7; maintain signal refresh state,"Keep refresh gains; add proof, CTR framing, and cluster polish only.",Refresh if query intent is relevant; preserve URL; improve sections tied to visible queries.
466,B_indexed_or_visible_refresh,best-agent-for-e-book-authors,Best Agent For E Book Authors: A Practical Lovart Workflow Guide,a69018f7-07d8-40ec-bdf4-a27e2020472f,Best Practice,lovart-best-practice,deep_refresh_candidate,b1,930.44,1.0,42.0,11.62,303.36,8942,General Creative Workflow,signal_refresh_complete,Round 2 -> Round 3,Best Practice; broad-intent; 42 impressions; 1 clicks; pos 11.6; worth second-stage depth upgrade,"Second-stage deep refresh: add evidence, judgment, tested sections, and stronger FAQ.",Refresh if query intent is relevant; preserve URL; improve sections tied to visible queries.
467,B_indexed_or_visible_refresh,best-ai-design-agent-for-juice-bar-owner,Best AI Design Agent For Juice Bar Owner: A Practical Lovart Workflow Guide,best-ai-design-agent-for-juice-bar-owner,Best Practice,lovart-best-practice,deep_refresh_candidate,b1,930.38,1.0,41.0,6.51,303.28,8997,AI Design Agent,signal_refresh_complete,Round 2 -> Round 3,Best Practice; broad-intent; 41 impressions; 1 clicks; pos 6.5; worth second-stage depth upgrade,"Second-stage deep refresh: add evidence, judgment, tested sections, and stronger FAQ.",Refresh if query intent is relevant; preserve URL; improve sections tied to visible queries.
468,B_indexed_or_visible_refresh,year-in-review-templates-2027,Year In Review Templates 2027: A Practical Lovart Workflow Guide,year-in-review-templates-2027,Review,lovart-review,deep_refresh_candidate,b1,954.51,1.0,26.0,10.96,302.08,8942,General Creative Workflow,signal_refresh_complete,Round 2 -> Round 3,Review; broad-intent; 26 impressions; 1 clicks; pos 11.0; worth second-stage depth upgrade,"Second-stage deep refresh: add evidence, judgment, tested sections, and stronger FAQ.",Refresh if query intent is relevant; preserve URL; improve sections tied to visible queries.
469,B_indexed_or_visible_refresh,best-ai-design-agent-for-kol,Best AI Design Agent For Kol: A Practical Lovart Workflow Guide,best-ai-design-agent-for-kol,Best Practice,lovart-best-practice,deep_refresh_candidate,b1,929.39,1.0,24.0,8.33,301.92,8937,AI Design Agent,signal_refresh_complete,Round 2 -> Round 3,Best Practice; broad-intent; 24 impressions; 1 clicks; pos 8.3; worth second-stage depth upgrade,"Second-stage deep refresh: add evidence, judgment, tested sections, and stronger FAQ.",Refresh if query intent is relevant; preserve URL; improve sections tied to visible queries.
470,B_indexed_or_visible_refresh,meet-nano-bot-consistent-ai-mascot-blog,Meet Nano Bot Consistent AI Mascot Blog: A Practical Lovart Workflow Guide,meet-nano-bot-consistent-ai-mascot-blog,How-To,how-to-benchmark-research,deep_refresh_candidate,b1,924.1,1.0,19.0,18.53,301.52,8992,General Creative Workflow,signal_refresh_complete,Round 2 -> Round 3,How-To; broad-intent; 19 impressions; 1 clicks; pos 18.5; worth second-stage depth upgrade,"Second-stage deep refresh: add evidence, judgment, tested sections, and stronger FAQ.",Refresh if query intent is relevant; preserve URL; improve sections tied to visible queries.
471,B_indexed_or_visible_refresh,brand-kit-record-store-lovart,Record Store Brand Kit: Analog Visual Identity That Spins Browsers into Collectors,brand-kit-record-store-lovart,Best Practice,lovart-best-practice,cluster_support_only,b2,738.87,1.0,15.0,11.53,301.2,6749,Brand System,signal_refresh_complete,Round 4,Best Practice; 15 impressions; 1 clicks; pos 11.5; best kept as cluster support,"Support role only; keep clean, indexable, and internally linked.",Refresh if query intent is relevant; preserve URL; improve sections tied to visible queries.
472,B_indexed_or_visible_refresh,brand-kit-patisserie-lovart,How to Create a Brand Kit for a Patisserie,brand-kit-patisserie-lovart,Best Practice,lovart-best-practice,cluster_support_only,b2,738.52,1.0,9.0,15.22,300.72,6157,Brand System,signal_refresh_complete,Round 4,Best Practice; 9 impressions; 1 clicks; pos 15.2; best kept as cluster support,"Support role only; keep clean, indexable, and internally linked.",Refresh if query intent is relevant; preserve URL; improve sections tied to visible queries.
473,B_indexed_or_visible_refresh,ai-remove-object,AI Remove Object: A Practical Lovart Workflow Guide,blog-ai-remove-object-en,How-To,how-to-benchmark-research,deep_refresh_candidate,b1,923.46,1.0,8.0,13.12,300.64,8877,General Creative Workflow,signal_refresh_complete,Round 2 -> Round 3,How-To; broad-intent; 8 impressions; 1 clicks; pos 13.1; worth second-stage depth upgrade,"Second-stage deep refresh: add evidence, judgment, tested sections, and stronger FAQ.",Refresh if query intent is relevant; preserve URL; improve sections tied to visible queries.
474,B_indexed_or_visible_refresh,best-ai-tool-for-presentation-design-2026,AI Presentation Maker: Design Slides 10x Faster in 2026,bd-best-ai-tool-for-presentation-design-2026,Best Practice,lovart-best-practice,cluster_support_only,b2,738.23,1.0,4.0,6.5,300.32,6425,General Creative Workflow,signal_refresh_complete,Round 4,Best Practice; 4 impressions; 1 clicks; pos 6.5; best kept as cluster support,"Support role only; keep clean, indexable, and internally linked.",Refresh if query intent is relevant; preserve URL; improve sections tied to visible queries.
475,B_indexed_or_visible_refresh,best-ai-design-agent-for-wellness-studio,Best AI Design Agent For Wellness Studio: A Practical Lovart Workflow Guide,best-ai-design-agent-for-wellness-studio,Best Practice,lovart-best-practice,deep_refresh_candidate,b1,928.17,1.0,3.0,14.0,300.24,8997,AI Design Agent,signal_refresh_complete,Round 2 -> Round 3,Best Practice; broad-intent; 3 impressions; 1 clicks; pos 14.0; worth second-stage depth upgrade,"Second-stage deep refresh: add evidence, judgment, tested sections, and stronger FAQ.",Refresh if query intent is relevant; preserve URL; improve sections tied to visible queries.
476,B_indexed_or_visible_refresh,ai-app-icon-prompts,I generated 30 app icon designs with AI. The 8 that looked professional for App Store (and the 5 mistakes everyone makes).,bp-ai-app-icon-prompts,How-To,how-to-benchmark-research,keep_refresh_only,b2,753.17,1.0,3.0,4.0,300.24,8182,General Creative Workflow,signal_refresh_complete,Round 4 -> Round 5,How-To; 3 impressions; 1 clicks; pos 4.0; maintain signal refresh state,"Keep refresh gains; add proof, CTR framing, and cluster polish only.",Refresh if query intent is relevant; preserve URL; improve sections tied to visible queries.
477,B_indexed_or_visible_refresh,best-ai-design-agent-for-consultant,"Best AI Design Agent for Consultants: Presentation Design, White Papers & Personal Brand Building by Lovart",best-ai-design-agent-for-consultant,Best Practice,lovart-best-practice,deep_refresh_candidate,b1,937.56,0.0,251.0,27.27,300.08,22341,Brand System,signal_refresh_complete,Round 2 -> Round 3,Best Practice; broad-intent; 251 impressions; pos 27.3; worth second-stage depth upgrade,"Second-stage deep refresh: add evidence, judgment, tested sections, and stronger FAQ.",Refresh if query intent is relevant; preserve URL; improve sections tied to visible queries.
478,B_indexed_or_visible_refresh,b28-how-to-create-digital-humans-ai-bing,How to Create Digital Humans and Avatars with AI — Full Guide,b28-how-to-create-digital-humans-ai-bing,How-To,how-to-benchmark-research,deep_refresh_candidate,b1,928.27,0.0,177.0,26.08,294.16,16134,General Creative Workflow,signal_refresh_complete,Round 2 -> Round 3,How-To; broad-intent; 177 impressions; pos 26.1; worth second-stage depth upgrade,"Second-stage deep refresh: add evidence, judgment, tested sections, and stronger FAQ.",Refresh if query intent is relevant; preserve URL; improve sections tied to visible queries.
479,B_indexed_or_visible_refresh,best-ai-design-agent-for-life-coach,Best AI Design Agent For Life Coach: A Practical Lovart Workflow Guide,best-ai-design-agent-for-life-coach,Best Practice,lovart-best-practice,cluster_support_only,b2,766.73,0.0,47.0,14.74,293.76,8972,AI Design Agent,signal_refresh_complete,Round 4,Best Practice; broad-intent; 47 impressions; pos 14.7; best kept as cluster support,"Support role only; keep clean, indexable, and internally linked.",Refresh if query intent is relevant; preserve URL; improve sections tied to visible queries.
480,B_indexed_or_visible_refresh,lorem-ipsum-problem-real-text-ai-design,Why Empty Mockups Break AI Conversion Pages,lorem-ipsum-problem-real-text-ai-design,How-To,how-to-benchmark-research,keep_refresh_only,b2,751.73,0.0,47.0,5.87,293.76,8992,General Creative Workflow,signal_refresh_complete,Round 4 -> Round 5,How-To; 47 impressions; pos 5.9; maintain signal refresh state,"Keep refresh gains; add proof, CTR framing, and cluster polish only.",Refresh if query intent is relevant; preserve URL; improve sections tied to visible queries.
481,B_indexed_or_visible_refresh,best-ai-design-agent-for-bakery-owners,Best AI Design Agent For Bakery Owners: A Practical Lovart Workflow Guide,blog-best-ai-design-agent-for-bakery-owners-en,Best Practice,lovart-best-practice,deep_refresh_candidate,b1,926.61,0.0,45.0,8.62,293.6,8987,AI Design Agent,signal_refresh_complete,Round 2 -> Round 3,Best Practice; broad-intent; 45 impressions; pos 8.6; worth second-stage depth upgrade,"Second-stage deep refresh: add evidence, judgment, tested sections, and stronger FAQ.",Refresh if query intent is relevant; preserve URL; improve sections tied to visible queries.
482,B_indexed_or_visible_refresh,how-to-design-brand-small-business-ai,How To Design Brand Small Business AI: A Practical Lovart Workflow Guide,how-to-design-brand-small-business-ai,How-To,how-to-benchmark-research,deep_refresh_candidate,b1,921.55,0.0,44.0,8.52,293.52,8982,Brand System,signal_refresh_complete,Round 2 -> Round 3,How-To; broad-intent; 44 impressions; pos 8.5; worth second-stage depth upgrade,"Second-stage deep refresh: add evidence, judgment, tested sections, and stronger FAQ.",Refresh if query intent is relevant; preserve URL; improve sections tied to visible queries.
483,B_indexed_or_visible_refresh,brand-guidelines-101-ai-dos-and-donts,Brand Guidelines 101 AI Dos And Donts: A Practical Lovart Workflow Guide,brand-guidelines-101-ai-dos-and-donts,Lovart 101,lovart-101,deep_refresh_candidate,b1,961.49,0.0,43.0,8.72,293.44,8982,Brand System,signal_refresh_complete,Round 2 -> Round 3,Lovart 101; broad-intent; 43 impressions; pos 8.7; worth second-stage depth upgrade,"Second-stage deep refresh: add evidence, judgment, tested sections, and stronger FAQ.",Refresh if query intent is relevant; preserve URL; improve sections tied to visible queries.
484,B_indexed_or_visible_refresh,find-official-lovart-before-exploring-alternatives,Finding the Real Lovart - Why You Should Visit lovart.ai Directly,find-official-lovart-before-exploring-alternatives,Review,lovart-review,deep_refresh_candidate,b1,951.49,0.0,43.0,7.16,293.44,6757,General Creative Workflow,signal_refresh_complete,Round 2 -> Round 3,Review; broad-intent; 43 impressions; pos 7.2; worth second-stage depth upgrade,"Second-stage deep refresh: add evidence, judgment, tested sections, and stronger FAQ.",Refresh if query intent is relevant; preserve URL; improve sections tied to visible queries.
485,B_indexed_or_visible_refresh,best-ai-design-agent-for-koc,Best AI Design Agent For Koc: A Practical Lovart Workflow Guide,best-ai-design-agent-for-koc,Best Practice,lovart-best-practice,deep_refresh_candidate,b1,926.44,0.0,42.0,11.17,293.36,8937,AI Design Agent,signal_refresh_complete,Round 2 -> Round 3,Best Practice; broad-intent; 42 impressions; pos 11.2; worth second-stage depth upgrade,"Second-stage deep refresh: add evidence, judgment, tested sections, and stronger FAQ.",Refresh if query intent is relevant; preserve URL; improve sections tied to visible queries.
486,B_indexed_or_visible_refresh,best-agent-fore-desert-shop-owner,Best Agent Fore Desert Shop Owner: A Practical Lovart Workflow Guide,best-agent-fore-desert-shop-owner,How-To,how-to-benchmark-research,deep_refresh_candidate,b1,921.32,0.0,40.0,6.7,293.2,8962,General Creative Workflow,signal_refresh_complete,Round 2 -> Round 3,How-To; broad-intent; 40 impressions; pos 6.7; worth second-stage depth upgrade,"Second-stage deep refresh: add evidence, judgment, tested sections, and stronger FAQ.",Refresh if query intent is relevant; preserve URL; improve sections tied to visible queries.
487,B_indexed_or_visible_refresh,thinking-in-pages-why-you-should-switch-to-canvas-thinkingl,"Thinking in ""Pages"" vs. ""Canvas"" Thinking",thinking-in-pages-why-you-should-switch-to-canvas-thinkingl,How-To,how-to-benchmark-research,keep_refresh_only,b2,751.26,0.0,39.0,5.33,293.12,8971,Lovart Canvas,signal_refresh_complete,Round 4 -> Round 5,How-To; 39 impressions; pos 5.3; maintain signal refresh state,"Keep refresh gains; add proof, CTR framing, and cluster polish only.",Refresh if query intent is relevant; preserve URL; improve sections tied to visible queries.
488,B_indexed_or_visible_refresh,vintage-wine-label-design-ai-agent,Vintage Wine Label Design AI Agent: A Practical Lovart Workflow Guide,vintage-wine-label-design-ai-agent,How-To,how-to-benchmark-research,deep_refresh_candidate,b1,921.2,0.0,38.0,9.63,293.04,8967,General Creative Workflow,signal_refresh_complete,Round 2 -> Round 3,How-To; broad-intent; 38 impressions; pos 9.6; worth second-stage depth upgrade,"Second-stage deep refresh: add evidence, judgment, tested sections, and stronger FAQ.",Refresh if query intent is relevant; preserve URL; improve sections tied to visible queries.
489,B_indexed_or_visible_refresh,best-ai-design-agent-for-florist,Best AI Design Agent For Florist: A Practical Lovart Workflow Guide,best-ai-design-agent-for-florist,Best Practice,lovart-best-practice,deep_refresh_candidate,b1,926.09,0.0,36.0,10.22,292.88,8957,AI Design Agent,signal_refresh_complete,Round 2 -> Round 3,Best Practice; broad-intent; 36 impressions; pos 10.2; worth second-stage depth upgrade,"Second-stage deep refresh: add evidence, judgment, tested sections, and stronger FAQ.",Refresh if query intent is relevant; preserve URL; improve sections tied to visible queries.
490,B_indexed_or_visible_refresh,s24---first-ai-design-3-projects,S24 First AI Design 3 Projects: A Practical Lovart Workflow Guide,s24---first-ai-design-3-projects,How-To,how-to-benchmark-research,deep_refresh_candidate,b1,921.09,0.0,36.0,7.81,292.88,8947,General Creative Workflow,signal_refresh_complete,Round 2 -> Round 3,How-To; broad-intent; 36 impressions; pos 7.8; worth second-stage depth upgrade,"Second-stage deep refresh: add evidence, judgment, tested sections, and stronger FAQ.",Refresh if query intent is relevant; preserve URL; improve sections tied to visible queries.
491,B_indexed_or_visible_refresh,best-ai-design-agent-for-brow-artist,"Best AI Design Agent for Brow Artists: Brow Mapping Guides, Service Menus & Microblading Visuals by Lovart",best-ai-design-agent-for-brow-artist,Best Practice,lovart-best-practice,deep_refresh_candidate,b1,926.03,0.0,35.0,7.23,292.8,7693,AI Design Agent,signal_refresh_complete,Round 2 -> Round 3,Best Practice; broad-intent; 35 impressions; pos 7.2; worth second-stage depth upgrade,"Second-stage deep refresh: add evidence, judgment, tested sections, and stronger FAQ.",Refresh if query intent is relevant; preserve URL; improve sections tied to visible queries.
492,B_indexed_or_visible_refresh,best-ai-design-tool-for-agencies-2026,"I run a 12-person design agency. I tested 6 AI design tools for client work. 2 are excellent, 2 are good, 2 are not worth the time.",bd-best-ai-design-tool-for-agencies-2026,Best Practice,lovart-best-practice,cluster_support_only,b2,765.97,0.0,34.0,15.94,292.72,6996,General Creative Workflow,signal_refresh_complete,Round 4,Best Practice; broad-intent; 34 impressions; pos 15.9; best kept as cluster support,"Support role only; keep clean, indexable, and internally linked.",Refresh if query intent is relevant; preserve URL; improve sections tied to visible queries.
493,B_indexed_or_visible_refresh,style-picker-borrow-professional-aesthetics-ai,The Style Picker — How to Borrow Professional Aesthetics Without Knowing Design Theory,style-picker-borrow-professional-aesthetics-ai,How-To,how-to-benchmark-research,keep_refresh_only,b2,750.97,0.0,34.0,9.0,292.72,8904,General Creative Workflow,signal_refresh_complete,Round 4 -> Round 5,How-To; 34 impressions; pos 9.0; maintain signal refresh state,"Keep refresh gains; add proof, CTR framing, and cluster polish only.",Refresh if query intent is relevant; preserve URL; improve sections tied to visible queries.
494,B_indexed_or_visible_refresh,ai-design-for-legal-firms-attorneys-2026,AI Design For Legal Firms Attorneys 2026: A Practical Lovart Workflow Guide,ai-design-for-legal-firms-attorneys-2026,Best Practice,lovart-best-practice,cluster_support_only,b2,765.91,0.0,33.0,13.12,292.64,8997,General Creative Workflow,signal_refresh_complete,Round 4,Best Practice; broad-intent; 33 impressions; pos 13.1; best kept as cluster support,"Support role only; keep clean, indexable, and internally linked.",Refresh if query intent is relevant; preserve URL; improve sections tied to visible queries.
495,B_indexed_or_visible_refresh,how-to-chat-generate-slide-deck-lovart,How To Chat Generate Slide Deck Lovart: A Practical Lovart Workflow Guide,how-to-chat-generate-slide-deck-lovart,How-To,how-to-benchmark-research,deep_refresh_candidate,b1,920.86,0.0,32.0,6.78,292.56,8987,General Creative Workflow,signal_refresh_complete,Round 2 -> Round 3,How-To; broad-intent; 32 impressions; pos 6.8; worth second-stage depth upgrade,"Second-stage deep refresh: add evidence, judgment, tested sections, and stronger FAQ.",Refresh if query intent is relevant; preserve URL; improve sections tied to visible queries.
496,B_indexed_or_visible_refresh,brand-kit-pet-sitter-lovart,Pet Sitter Brand Kit: Trust-First Visual Identity That Has Owners Packing Their Bags Worry-Free,brand-kit-pet-sitter-lovart,Best Practice,lovart-best-practice,cluster_support_only,b2,735.68,0.0,29.0,5.14,292.32,6998,Brand System,signal_refresh_complete,Round 4,Best Practice; 29 impressions; pos 5.1; best kept as cluster support,"Support role only; keep clean, indexable, and internally linked.",Refresh if query intent is relevant; preserve URL; improve sections tied to visible queries.
497,B_indexed_or_visible_refresh,best-ai-design-agent-for-bakery-owner,Best AI Design Agent For Bakery Owner: A Practical Lovart Workflow Guide,best-ai-design-agent-for-bakery-owner,Best Practice,lovart-best-practice,cluster_support_only,b2,765.62,0.0,28.0,14.32,292.24,8982,AI Design Agent,signal_refresh_complete,Round 4,Best Practice; broad-intent; 28 impressions; pos 14.3; best kept as cluster support,"Support role only; keep clean, indexable, and internally linked.",Refresh if query intent is relevant; preserve URL; improve sections tied to visible queries.
498,B_indexed_or_visible_refresh,social-media-content-velocity-crisis-solution,Social Media Content Velocity Crisis Solution,social-media-content-velocity-crisis-solution,How-To,how-to-benchmark-research,keep_refresh_only,b2,750.62,0.0,28.0,9.11,292.24,8918,General Creative Workflow,signal_refresh_complete,Round 4 -> Round 5,How-To; 28 impressions; pos 9.1; maintain signal refresh state,"Keep refresh gains; add proof, CTR framing, and cluster polish only.",Refresh if query intent is relevant; preserve URL; improve sections tied to visible queries.
499,B_indexed_or_visible_refresh,step-by-step-menus-without-photoshop,Step By Step Menus Without Photoshop: A Practical Lovart Workflow Guide,step-by-step-menus-without-photoshop,How-To,how-to-benchmark-research,deep_refresh_candidate,b1,920.62,0.0,28.0,8.18,292.24,8977,General Creative Workflow,signal_refresh_complete,Round 2 -> Round 3,How-To; broad-intent; 28 impressions; pos 8.2; worth second-stage depth upgrade,"Second-stage deep refresh: add evidence, judgment, tested sections, and stronger FAQ.",Refresh if query intent is relevant; preserve URL; improve sections tied to visible queries.
500,B_indexed_or_visible_refresh,ai-design-for-comedians-entertainers,AI Design For Comedians Entertainers: A Practical Lovart Workflow Guide,ai-design-for-comedians-entertainers,Best Practice,lovart-best-practice,deep_refresh_candidate,b1,925.45,0.0,25.0,6.84,292.0,8977,General Creative Workflow,signal_refresh_complete,Round 2 -> Round 3,Best Practice; broad-intent; 25 impressions; pos 6.8; worth second-stage depth upgrade,"Second-stage deep refresh: add evidence, judgment, tested sections, and stronger FAQ.",Refresh if query intent is relevant; preserve URL; improve sections tied to visible queries.
501,B_indexed_or_visible_refresh,best-ai-design-agent-for-dentist,Best AI Design Agent For Dentist: A Practical Lovart Workflow Guide,best-ai-design-agent-for-dentist,Best Practice,lovart-best-practice,deep_refresh_candidate,b1,925.45,0.0,25.0,11.8,292.0,8957,AI Design Agent,signal_refresh_complete,Round 2 -> Round 3,Best Practice; broad-intent; 25 impressions; pos 11.8; worth second-stage depth upgrade,"Second-stage deep refresh: add evidence, judgment, tested sections, and stronger FAQ.",Refresh if query intent is relevant; preserve URL; improve sections tied to visible queries.
502,B_indexed_or_visible_refresh,the-context-prompt-placing-your-coffee-mug-on-a-rainy-window-sill-vs-a-sunny-beach,"The ""Context"" Prompt: Placing Your Coffee Mug on a Rainy Window Sill vs. a Sunny Beach",the-context-prompt-placing-your-coffee-mug-on-a-rainy-window-sil,Review,lovart-review,keep_refresh_only,b2,780.39,0.0,24.0,12.33,291.92,8718,General Creative Workflow,signal_refresh_complete,Round 4 -> Round 5,Review; 24 impressions; pos 12.3; maintain signal refresh state,"Keep refresh gains; add proof, CTR framing, and cluster polish only.",Refresh if query intent is relevant; preserve URL; improve sections tied to visible queries.
503,B_indexed_or_visible_refresh,02-industry-digital-menu-board,Digital Menu Board Design with AI: From Static to Dynamic in Minutes,02-industry-digital-menu-board,How-To,how-to-benchmark-research,keep_refresh_only,b2,750.28,0.0,22.0,9.55,291.76,8684,General Creative Workflow,signal_refresh_complete,Round 4 -> Round 5,How-To; 22 impressions; pos 9.6; maintain signal refresh state,"Keep refresh gains; add proof, CTR framing, and cluster polish only.",Refresh if query intent is relevant; preserve URL; improve sections tied to visible queries.
504,B_indexed_or_visible_refresh,ai-photo-enhancer,AI Photo Enhancer: A Practical Lovart Workflow Guide,blog-ai-photo-enhancer-en,How-To,how-to-benchmark-research,deep_refresh_candidate,b1,920.28,0.0,22.0,6.05,291.76,8882,General Creative Workflow,signal_refresh_complete,Round 2 -> Round 3,How-To; broad-intent; 22 impressions; pos 6.0; worth second-stage depth upgrade,"Second-stage deep refresh: add evidence, judgment, tested sections, and stronger FAQ.",Refresh if query intent is relevant; preserve URL; improve sections tied to visible queries.
505,B_indexed_or_visible_refresh,brand-kit-waxing-studio-lovart,How to Create a Brand Kit for a Waxing Studio,brand-kit-waxing-studio-lovart,Best Practice,lovart-best-practice,cluster_support_only,b2,735.28,0.0,22.0,7.45,291.76,6489,Brand System,signal_refresh_complete,Round 4,Best Practice; 22 impressions; pos 7.5; best kept as cluster support,"Support role only; keep clean, indexable, and internally linked.",Refresh if query intent is relevant; preserve URL; improve sections tied to visible queries.
506,B_indexed_or_visible_refresh,how-to-chat-to-gen-fb-ads,How To Chat To Gen Fb Ads,fd6c86cb-ffd1-4c45-94c6-ee1f34b39d92,How-To,how-to-benchmark-research,keep_refresh_only,b2,750.28,0.0,22.0,6.68,291.76,6394,General Creative Workflow,signal_refresh_complete,Round 4 -> Round 5,How-To; 22 impressions; pos 6.7; maintain signal refresh state,"Keep refresh gains; add proof, CTR framing, and cluster polish only.",Refresh if query intent is relevant; preserve URL; improve sections tied to visible queries.
507,B_indexed_or_visible_refresh,best-ai-agent-for-cafe-owner,Best AI Agent For Cafe Owner: A Practical Lovart Workflow Guide,177e446c-e464-4cb1-bed6-92352be34909,Best Practice,lovart-best-practice,cluster_support_only,b2,765.22,0.0,21.0,16.57,291.68,8937,General Creative Workflow,signal_refresh_complete,Round 4,Best Practice; broad-intent; 21 impressions; pos 16.6; best kept as cluster support,"Support role only; keep clean, indexable, and internally linked.",Refresh if query intent is relevant; preserve URL; improve sections tied to visible queries.
508,B_indexed_or_visible_refresh,ai-design-for-wedding-industry-2026,AI Design For Wedding Industry 2026: A Practical Lovart Workflow Guide,ai-design-for-wedding-industry-2026,Best Practice,lovart-best-practice,deep_refresh_candidate,b1,925.22,0.0,21.0,9.0,291.68,8972,General Creative Workflow,signal_refresh_complete,Round 2 -> Round 3,Best Practice; broad-intent; 21 impressions; pos 9.0; worth second-stage depth upgrade,"Second-stage deep refresh: add evidence, judgment, tested sections, and stronger FAQ.",Refresh if query intent is relevant; preserve URL; improve sections tied to visible queries.
509,B_indexed_or_visible_refresh,best-ai-design-agent-for-cocktail-bar-owner,Best AI Design Agent for Cocktail Bar Owners — Shake Up Speakeasy-Quality Branding Without the Agency Tab,best-ai-design-agent-for-cocktail-bar-owner,Best Practice,lovart-best-practice,cluster_support_only,b2,765.22,0.0,21.0,15.67,291.68,6755,Brand System,signal_refresh_complete,Round 4,Best Practice; broad-intent; 21 impressions; pos 15.7; best kept as cluster support,"Support role only; keep clean, indexable, and internally linked.",Refresh if query intent is relevant; preserve URL; improve sections tied to visible queries.
510,B_indexed_or_visible_refresh,brand-kit-jewelry-designer-lovart,How to Create a Brand Kit for a Jewelry Designer,brand-kit-jewelry-designer-lovart,Best Practice,lovart-best-practice,cluster_support_only,b2,735.22,0.0,21.0,18.33,291.68,6141,Brand System,signal_refresh_complete,Round 4,Best Practice; 21 impressions; pos 18.3; best kept as cluster support,"Support role only; keep clean, indexable, and internally linked.",Refresh if query intent is relevant; preserve URL; improve sections tied to visible queries.
511,B_indexed_or_visible_refresh,freelance-designer-complete-workflow-lovart,The Freelance Designer's Complete Workflow with Lovart,freelance-designer-complete-workflow-lovart,Best Practice,lovart-best-practice,cluster_support_only,b2,735.22,0.0,21.0,5.48,291.68,8824,General Creative Workflow,signal_refresh_complete,Round 4,Best Practice; 21 impressions; pos 5.5; best kept as cluster support,"Support role only; keep clean, indexable, and internally linked.",Refresh if query intent is relevant; preserve URL; improve sections tied to visible queries.
512,B_indexed_or_visible_refresh,5-minute-workflow-busy-founders-ai-design,From Idea to Posted — A 5-Minute AI Design Workflow for Busy Founders,5-minute-workflow-busy-founders-ai-design,Best Practice,lovart-best-practice,cluster_support_only,b2,735.16,0.0,20.0,6.65,291.6,8067,General Creative Workflow,signal_refresh_complete,Round 4,Best Practice; 20 impressions; pos 6.7; best kept as cluster support,"Support role only; keep clean, indexable, and internally linked.",Refresh if query intent is relevant; preserve URL; improve sections tied to visible queries.
513,B_indexed_or_visible_refresh,brand-kit-pet-supply-store-lovart,Pet Supply Store Brand Kit: Tail-Wagging Visual Identity for Independent Pet Retailers,brand-kit-pet-supply-store-lovart,Best Practice,lovart-best-practice,cluster_support_only,b2,735.16,0.0,20.0,17.3,291.6,6548,Brand System,signal_refresh_complete,Round 4,Best Practice; 20 impressions; pos 17.3; best kept as cluster support,"Support role only; keep clean, indexable, and internally linked.",Refresh if query intent is relevant; preserve URL; improve sections tied to visible queries.
514,B_indexed_or_visible_refresh,step-by-step-table-tents-without-photoshop,Step-by-Step Table Tents Without Photoshop: Design Restaurant Table Cards with Lovart,step-by-step-table-tents-without-photoshop,How-To,how-to-benchmark-research,keep_refresh_only,b2,750.16,0.0,20.0,15.25,291.6,8747,General Creative Workflow,signal_refresh_complete,Round 4 -> Round 5,How-To; 20 impressions; pos 15.2; maintain signal refresh state,"Keep refresh gains; add proof, CTR framing, and cluster polish only.",Refresh if query intent is relevant; preserve URL; improve sections tied to visible queries.
515,B_indexed_or_visible_refresh,ai-design-for-nonprofits,AI Design For Nonprofits: A Practical Lovart Workflow Guide,ai-design-for-nonprofits,Best Practice,lovart-best-practice,deep_refresh_candidate,b1,925.04,0.0,18.0,9.28,291.44,8917,General Creative Workflow,signal_refresh_complete,Round 2 -> Round 3,Best Practice; broad-intent; 18 impressions; pos 9.3; worth second-stage depth upgrade,"Second-stage deep refresh: add evidence, judgment, tested sections, and stronger FAQ.",Refresh if query intent is relevant; preserve URL; improve sections tied to visible queries.
516,B_indexed_or_visible_refresh,best-ai-design-agent-for-boutique-fitness-studio,"Best AI Design Agent for Boutique Fitness Studios — Class Packs, Challenge Graphics & Sweat-Ready Social",best-ai-design-agent-for-boutique-fitness-studio,Best Practice,lovart-best-practice,cluster_support_only,b2,764.99,0.0,17.0,14.76,291.36,8493,AI Design Agent,signal_refresh_complete,Round 4,Best Practice; broad-intent; 17 impressions; pos 14.8; best kept as cluster support,"Support role only; keep clean, indexable, and internally linked.",Refresh if query intent is relevant; preserve URL; improve sections tied to visible queries.
517,B_indexed_or_visible_refresh,brand-kit-roofer-lovart,Roofer Brand Kit: Solid Visual Identity That Covers Your Marketing From the Top Down,brand-kit-roofer-lovart,Best Practice,lovart-best-practice,cluster_support_only,b2,734.99,0.0,17.0,7.88,291.36,6821,Brand System,signal_refresh_complete,Round 4,Best Practice; 17 impressions; pos 7.9; best kept as cluster support,"Support role only; keep clean, indexable, and internally linked.",Refresh if query intent is relevant; preserve URL; improve sections tied to visible queries.
518,B_indexed_or_visible_refresh,lovart-roi-calculator-spec,Lovart Roi Calculator Spec: A Practical Lovart Workflow Guide,lovart-roi-calculator-spec,How-To,how-to-benchmark-research,deep_refresh_candidate,b1,919.99,0.0,17.0,10.76,291.36,8927,General Creative Workflow,signal_refresh_complete,Round 2 -> Round 3,How-To; broad-intent; 17 impressions; pos 10.8; worth second-stage depth upgrade,"Second-stage deep refresh: add evidence, judgment, tested sections, and stronger FAQ.",Refresh if query intent is relevant; preserve URL; improve sections tied to visible queries.
519,B_indexed_or_visible_refresh,brand-kit-balloon-decorator-lovart,Balloon Decorator Brand Kit: Float-Ready Visual Identity That Inflates Your Booking Rate,brand-kit-balloon-decorator-lovart,Best Practice,lovart-best-practice,cluster_support_only,b2,734.93,0.0,16.0,17.06,291.28,6242,Brand System,signal_refresh_complete,Round 4,Best Practice; 16 impressions; pos 17.1; best kept as cluster support,"Support role only; keep clean, indexable, and internally linked.",Refresh if query intent is relevant; preserve URL; improve sections tied to visible queries.
520,B_indexed_or_visible_refresh,best-ai-design-agent-for-beauty-bar,Best AI Design Agent For Beauty Bar: A Practical Lovart Workflow Guide,best-ai-design-agent-for-beauty-bar,Best Practice,lovart-best-practice,deep_refresh_candidate,b1,924.81,0.0,14.0,9.93,291.12,8972,AI Design Agent,signal_refresh_complete,Round 2 -> Round 3,Best Practice; broad-intent; 14 impressions; pos 9.9; worth second-stage depth upgrade,"Second-stage deep refresh: add evidence, judgment, tested sections, and stronger FAQ.",Refresh if query intent is relevant; preserve URL; improve sections tied to visible queries.
521,B_indexed_or_visible_refresh,brand-kit-handyman-lovart,Handyman Brand Kit: Multi-Service Visual Identity That Makes You the Neighborhood's Go-To Fixer,brand-kit-handyman-lovart,Best Practice,lovart-best-practice,cluster_support_only,b2,734.81,0.0,14.0,8.29,291.12,6214,Brand System,signal_refresh_complete,Round 4,Best Practice; 14 impressions; pos 8.3; best kept as cluster support,"Support role only; keep clean, indexable, and internally linked.",Refresh if query intent is relevant; preserve URL; improve sections tied to visible queries.
522,B_indexed_or_visible_refresh,how-to-chat-generate-google-ads-lovart,How To Chat Generate Google Ads Lovart: A Practical Lovart Workflow Guide,how-to-chat-generate-google-ads-lovart,How-To,how-to-benchmark-research,deep_refresh_candidate,b1,919.81,0.0,14.0,9.29,291.12,8987,General Creative Workflow,signal_refresh_complete,Round 2 -> Round 3,How-To; broad-intent; 14 impressions; pos 9.3; worth second-stage depth upgrade,"Second-stage deep refresh: add evidence, judgment, tested sections, and stronger FAQ.",Refresh if query intent is relevant; preserve URL; improve sections tied to visible queries.
523,B_indexed_or_visible_refresh,quick-verdict,Quick verdict,quick-verdict,How-To,how-to-benchmark-research,keep_refresh_only,b2,749.81,0.0,14.0,7.29,291.12,7387,General Creative Workflow,signal_refresh_complete,Round 4 -> Round 5,How-To; 14 impressions; pos 7.3; maintain signal refresh state,"Keep refresh gains; add proof, CTR framing, and cluster polish only.",Refresh if query intent is relevant; preserve URL; improve sections tied to visible queries.
524,B_indexed_or_visible_refresh,ugly-to-lovely-ms-paint-to-ai-makeover,Ugly To Lovely Ms Paint To AI Makeover: A Practical Lovart Workflow Guide,ugly-to-lovely-ms-paint-to-ai-makeover,How-To,how-to-benchmark-research,deep_refresh_candidate,b1,919.81,0.0,14.0,9.64,291.12,8987,General Creative Workflow,signal_refresh_complete,Round 2 -> Round 3,How-To; broad-intent; 14 impressions; pos 9.6; worth second-stage depth upgrade,"Second-stage deep refresh: add evidence, judgment, tested sections, and stronger FAQ.",Refresh if query intent is relevant; preserve URL; improve sections tied to visible queries.
525,B_indexed_or_visible_refresh,03-career-multi-platform-sizing,"Multi-Platform Sizing: One Design, Every Platform — The Definitive Dimension Guide",03-career-multi-platform-sizing,How-To,how-to-benchmark-research,deep_refresh_candidate,b1,919.75,0.0,13.0,6.31,291.04,6422,General Creative Workflow,signal_refresh_complete,Round 2 -> Round 3,How-To; broad-intent; 13 impressions; pos 6.3; worth second-stage depth upgrade,"Second-stage deep refresh: add evidence, judgment, tested sections, and stronger FAQ.",Refresh if query intent is relevant; preserve URL; improve sections tied to visible queries.
526,B_indexed_or_visible_refresh,best-ai-tool-for-logo-design-2026,"I designed 50+ logos with AI tools. 10 options tested. 1 is clearly the best for AI logo design, 2 are good, 7 are not worth the time.",bd-best-ai-tool-for-logo-design-2026,Best Practice,lovart-best-practice,deep_refresh_candidate,b1,924.75,0.0,13.0,8.38,291.04,6522,Logo & Identity,signal_refresh_complete,Round 2 -> Round 3,Best Practice; broad-intent; 13 impressions; pos 8.4; worth second-stage depth upgrade,"Second-stage deep refresh: add evidence, judgment, tested sections, and stronger FAQ.",Refresh if query intent is relevant; preserve URL; improve sections tied to visible queries.
527,B_indexed_or_visible_refresh,how-to-generate-ai-illustrations,How To Generate AI Illustrations: A Practical Lovart Workflow Guide,blog-illust-en,How-To,how-to-benchmark-research,cluster_support_only,b2,759.75,0.0,13.0,14.85,291.04,8957,General Creative Workflow,signal_refresh_complete,Round 4,How-To; broad-intent; 13 impressions; pos 14.8; best kept as cluster support,"Support role only; keep clean, indexable, and internally linked.",Refresh if query intent is relevant; preserve URL; improve sections tied to visible queries.
528,B_indexed_or_visible_refresh,best-ai-design-agent-for-podcaster,Best AI Design Agent For Podcaster: A Practical Lovart Workflow Guide,best-ai-design-agent-for-podcaster,Best Practice,lovart-best-practice,deep_refresh_candidate,b1,924.7,0.0,12.0,7.42,290.96,8967,AI Design Agent,signal_refresh_complete,Round 2 -> Round 3,Best Practice; broad-intent; 12 impressions; pos 7.4; worth second-stage depth upgrade,"Second-stage deep refresh: add evidence, judgment, tested sections, and stronger FAQ.",Refresh if query intent is relevant; preserve URL; improve sections tied to visible queries.
529,B_indexed_or_visible_refresh,best-ai-design-agent-for-solopreneur,Best AI Design Agent For Solopreneur: A Practical Lovart Workflow Guide,best-ai-design-agent-for-solopreneur,Best Practice,lovart-best-practice,deep_refresh_candidate,b1,924.7,0.0,12.0,6.33,290.96,8977,AI Design Agent,signal_refresh_complete,Round 2 -> Round 3,Best Practice; broad-intent; 12 impressions; pos 6.3; worth second-stage depth upgrade,"Second-stage deep refresh: add evidence, judgment, tested sections, and stronger FAQ.",Refresh if query intent is relevant; preserve URL; improve sections tied to visible queries.
530,B_indexed_or_visible_refresh,design-student-ai-survival-guide-2026,Design Student's AI Survival Guide — How to Graduate Ready for the AI Era,design-student-ai-survival-guide-2026,How-To,how-to-benchmark-research,deep_refresh_candidate,b1,919.7,0.0,12.0,6.67,290.96,7737,General Creative Workflow,signal_refresh_complete,Round 2 -> Round 3,How-To; broad-intent; 12 impressions; pos 6.7; worth second-stage depth upgrade,"Second-stage deep refresh: add evidence, judgment, tested sections, and stronger FAQ.",Refresh if query intent is relevant; preserve URL; improve sections tied to visible queries.
531,B_indexed_or_visible_refresh,best-ai-design-agent-for-content-creator,Best AI Design Agent For Content Creator: A Practical Lovart Workflow Guide,best-ai-design-agent-for-content-creator,Best Practice,lovart-best-practice,cluster_support_only,b2,764.64,0.0,11.0,18.91,290.88,8997,AI Design Agent,signal_refresh + blocker_cleanup,Round 4,Best Practice; broad-intent; 11 impressions; pos 18.9; best kept as cluster support,"Support role only; keep clean, indexable, and internally linked.",Refresh if query intent is relevant; preserve URL; improve sections tied to visible queries.
532,B_indexed_or_visible_refresh,best-ai-design-agent-for-content-creator,Best AI Design Agent For Content Creator: A Practical Lovart Workflow Guide,blog-best-ai-design-agent-for-content-creator-en,Best Practice,lovart-best-practice,cluster_support_only,b2,764.64,0.0,11.0,18.91,290.88,8997,AI Design Agent,signal_refresh + blocker_cleanup,Round 4,Best Practice; broad-intent; 11 impressions; pos 18.9; best kept as cluster support,"Support role only; keep clean, indexable, and internally linked.",Refresh if query intent is relevant; preserve URL; improve sections tied to visible queries.
533,B_indexed_or_visible_refresh,best-ai-design-agent-for-gym-owner,Best AI Design Agent For Gym Owner: A Practical Lovart Workflow Guide,best-ai-design-agent-for-gym-owner,Best Practice,lovart-best-practice,deep_refresh_candidate,b1,924.58,0.0,10.0,8.3,290.8,8967,AI Design Agent,signal_refresh_complete,Round 2 -> Round 3,Best Practice; broad-intent; 10 impressions; pos 8.3; worth second-stage depth upgrade,"Second-stage deep refresh: add evidence, judgment, tested sections, and stronger FAQ.",Refresh if query intent is relevant; preserve URL; improve sections tied to visible queries.
534,B_indexed_or_visible_refresh,ai-voice-generator-comparison,AI Voice Generator Comparison: Create Better Visuals From a Clear Brief,blog-ai-voice-generator-comparison-en,Review,lovart-review,deep_refresh_candidate,b1,949.58,0.0,10.0,5.1,290.8,8962,General Creative Workflow,signal_refresh_complete,Round 2 -> Round 3,Review; broad-intent; 10 impressions; pos 5.1; worth second-stage depth upgrade,"Second-stage deep refresh: add evidence, judgment, tested sections, and stronger FAQ.",Refresh if query intent is relevant; preserve URL; improve sections tied to visible queries.
535,B_indexed_or_visible_refresh,brand-kit-gift-shop-lovart,Gift Shop Brand Kit: Thoughtful Visual Identity That Makes Every Purchase Feel Like a Present,brand-kit-gift-shop-lovart,Best Practice,lovart-best-practice,cluster_support_only,b2,734.58,0.0,10.0,5.6,290.8,6646,Brand System,signal_refresh_complete,Round 4,Best Practice; 10 impressions; pos 5.6; best kept as cluster support,"Support role only; keep clean, indexable, and internally linked.",Refresh if query intent is relevant; preserve URL; improve sections tied to visible queries.
536,B_indexed_or_visible_refresh,brand-kit-hvac-technician-lovart,HVAC Technician Brand Kit: Climate-Control Visual Identity That Keeps Your Pipeline Hot (and Cool),brand-kit-hvac-technician-lovart,Best Practice,lovart-best-practice,cluster_support_only,b2,734.58,0.0,10.0,6.9,290.8,6381,Brand System,signal_refresh_complete,Round 4,Best Practice; 10 impressions; pos 6.9; best kept as cluster support,"Support role only; keep clean, indexable, and internally linked.",Refresh if query intent is relevant; preserve URL; improve sections tied to visible queries.
537,B_indexed_or_visible_refresh,ai-illustration-prompts-2,AI Illustration Prompts 2: A Practical Lovart Workflow Guide,d31e4c91-c925-45bc-9177-2ad17abf784b,How-To,how-to-benchmark-research,deep_refresh_candidate,b1,919.58,0.0,10.0,10.5,290.8,8922,General Creative Workflow,signal_refresh_complete,Round 2 -> Round 3,How-To; broad-intent; 10 impressions; pos 10.5; worth second-stage depth upgrade,"Second-stage deep refresh: add evidence, judgment, tested sections, and stronger FAQ.",Refresh if query intent is relevant; preserve URL; improve sections tied to visible queries.
538,B_indexed_or_visible_refresh,02-career-design-brief-template,02 Career Design Brief Template: A Practical Lovart Workflow Guide,02-career-design-brief-template,How-To,how-to-benchmark-research,cluster_support_only,b2,759.52,0.0,9.0,12.22,290.72,8952,General Creative Workflow,signal_refresh_complete,Round 4,How-To; broad-intent; 9 impressions; pos 12.2; best kept as cluster support,"Support role only; keep clean, indexable, and internally linked.",Refresh if query intent is relevant; preserve URL; improve sections tied to visible queries.
539,B_indexed_or_visible_refresh,ai-design-for-musicians-bands-2026,AI Design For Musicians Bands 2026: A Practical Lovart Workflow Guide,ai-design-for-musicians-bands-2026,Best Practice,lovart-best-practice,deep_refresh_candidate,b1,924.52,0.0,9.0,11.67,290.72,8967,General Creative Workflow,signal_refresh_complete,Round 2 -> Round 3,Best Practice; broad-intent; 9 impressions; pos 11.7; worth second-stage depth upgrade,"Second-stage deep refresh: add evidence, judgment, tested sections, and stronger FAQ.",Refresh if query intent is relevant; preserve URL; improve sections tied to visible queries.
540,B_indexed_or_visible_refresh,ai-design-for-travel-tourism-2026,AI Design For Travel Tourism 2026: A Practical Lovart Workflow Guide,ai-design-for-travel-tourism-2026,Best Practice,lovart-best-practice,cluster_support_only,b2,764.52,0.0,9.0,12.22,290.72,8962,General Creative Workflow,signal_refresh_complete,Round 4,Best Practice; broad-intent; 9 impressions; pos 12.2; best kept as cluster support,"Support role only; keep clean, indexable, and internally linked.",Refresh if query intent is relevant; preserve URL; improve sections tied to visible queries.
541,B_indexed_or_visible_refresh,stable-diffusion-alternatives-2026,Stable Diffusion Alternatives 2026: Best AI Image Tools Compared | Lovart,bd-stable-diffusion-alternatives-2026,Review,lovart-review,deep_refresh_candidate,b1,949.52,0.0,9.0,7.11,290.72,6678,AI Image,signal_refresh_complete,Round 2 -> Round 3,Review; broad-intent; 9 impressions; pos 7.1; worth second-stage depth upgrade,"Second-stage deep refresh: add evidence, judgment, tested sections, and stronger FAQ.",Refresh if query intent is relevant; preserve URL; improve sections tied to visible queries.
542,B_indexed_or_visible_refresh,best-ai-design-agent-for-coach,Best AI Design Agent For Coach: A Practical Lovart Workflow Guide,best-ai-design-agent-for-coach,Best Practice,lovart-best-practice,deep_refresh_candidate,b1,924.52,0.0,9.0,10.89,290.72,8947,AI Design Agent,signal_refresh_complete,Round 2 -> Round 3,Best Practice; broad-intent; 9 impressions; pos 10.9; worth second-stage depth upgrade,"Second-stage deep refresh: add evidence, judgment, tested sections, and stronger FAQ.",Refresh if query intent is relevant; preserve URL; improve sections tied to visible queries.
543,B_indexed_or_visible_refresh,brand-kit-accountant-lovart,How to Create a Brand Kit for an Accountant,brand-kit-accountant-lovart,Best Practice,lovart-best-practice,cluster_support_only,b2,734.52,0.0,9.0,9.67,290.72,6047,Brand System,signal_refresh_complete,Round 4,Best Practice; 9 impressions; pos 9.7; best kept as cluster support,"Support role only; keep clean, indexable, and internally linked.",Refresh if query intent is relevant; preserve URL; improve sections tied to visible queries.
544,B_indexed_or_visible_refresh,brand-kit-dog-trainer-lovart,Dog Trainer Brand Kit: Commanding Visual Identity That Has Owners Clicking 'Book a Session',brand-kit-dog-trainer-lovart,Best Practice,lovart-best-practice,cluster_support_only,b2,734.52,0.0,9.0,7.22,290.72,6829,Brand System,signal_refresh_complete,Round 4,Best Practice; 9 impressions; pos 7.2; best kept as cluster support,"Support role only; keep clean, indexable, and internally linked.",Refresh if query intent is relevant; preserve URL; improve sections tied to visible queries.
545,B_indexed_or_visible_refresh,ai-illustration-mistakes-2,AI Illustration Mistakes 2: A Practical Lovart Workflow Guide,dd1e72be-c021-402b-a0e7-9cbaad361093,How-To,how-to-benchmark-research,deep_refresh_candidate,b1,919.52,0.0,9.0,6.0,290.72,8927,General Creative Workflow,signal_refresh_complete,Round 2 -> Round 3,How-To; broad-intent; 9 impressions; pos 6.0; worth second-stage depth upgrade,"Second-stage deep refresh: add evidence, judgment, tested sections, and stronger FAQ.",Refresh if query intent is relevant; preserve URL; improve sections tied to visible queries.
546,B_indexed_or_visible_refresh,image-to-video-ai-tools,Image to Video AI Tools: How to Pick the Right Workflow in 2026,blog-image-to-video-ai-tools-en,How-To,how-to-benchmark-research,deep_refresh_candidate,b1,919.46,0.0,8.0,6.62,290.64,8971,AI Video,signal_refresh_complete,Round 2 -> Round 3,How-To; broad-intent; 8 impressions; pos 6.6; worth second-stage depth upgrade,"Second-stage deep refresh: add evidence, judgment, tested sections, and stronger FAQ.",Refresh if query intent is relevant; preserve URL; improve sections tied to visible queries.
547,B_indexed_or_visible_refresh,ai-illustration-style-prompts,AI Illustration Style Prompts: A Practical Lovart Workflow Guide,bp-ai-illustration-style-prompts,How-To,how-to-benchmark-research,cluster_support_only,b2,759.41,0.0,7.0,14.86,290.56,8942,General Creative Workflow,signal_refresh_complete,Round 4,How-To; broad-intent; 7 impressions; pos 14.9; best kept as cluster support,"Support role only; keep clean, indexable, and internally linked.",Refresh if query intent is relevant; preserve URL; improve sections tied to visible queries.
548,B_indexed_or_visible_refresh,best-ai-design-agent-for-wine-bar-owner,Best AI Design Agent For Wine Bar Owner: A Practical Lovart Workflow Guide,best-ai-design-agent-for-wine-bar-owner,Best Practice,lovart-best-practice,deep_refresh_candidate,b1,924.35,0.0,6.0,7.83,290.48,8992,AI Design Agent,signal_refresh_complete,Round 2 -> Round 3,Best Practice; broad-intent; 6 impressions; pos 7.8; worth second-stage depth upgrade,"Second-stage deep refresh: add evidence, judgment, tested sections, and stronger FAQ.",Refresh if query intent is relevant; preserve URL; improve sections tied to visible queries.
549,B_indexed_or_visible_refresh,best-ai-design-tool-for-restaurants-2026,"I owned a restaurant for 3 years. I tested 5 AI design tools for restaurant work. 1 is excellent, 2 are good, 2 are not worth the time.",bd-best-ai-design-tool-for-restaurants-2026,Best Practice,lovart-best-practice,deep_refresh_candidate,b1,924.29,0.0,5.0,5.2,290.4,6142,General Creative Workflow,signal_refresh_complete,Round 2 -> Round 3,Best Practice; broad-intent; 5 impressions; pos 5.2; worth second-stage depth upgrade,"Second-stage deep refresh: add evidence, judgment, tested sections, and stronger FAQ.",Refresh if query intent is relevant; preserve URL; improve sections tied to visible queries.
550,B_indexed_or_visible_refresh,free-ai-mockup-generator-guide,Free AI Mockup Generator Guide: Create Better Visuals From a Clear Brief,bp-free-ai-mockup-generator-guide,How-To,how-to-benchmark-research,deep_refresh_candidate,b1,919.29,0.0,5.0,7.8,290.4,8967,General Creative Workflow,signal_refresh_complete,Round 2 -> Round 3,How-To; broad-intent; 5 impressions; pos 7.8; worth second-stage depth upgrade,"Second-stage deep refresh: add evidence, judgment, tested sections, and stronger FAQ.",Refresh if query intent is relevant; preserve URL; improve sections tied to visible queries.
551,B_indexed_or_visible_refresh,brand-kit-catering-lovart,How to Create a Brand Kit for a Catering Business,brand-kit-catering-lovart,Best Practice,lovart-best-practice,cluster_support_only,b2,734.23,0.0,4.0,5.0,290.32,6577,Brand System,signal_refresh_complete,Round 4,Best Practice; 4 impressions; pos 5.0; best kept as cluster support,"Support role only; keep clean, indexable, and internally linked.",Refresh if query intent is relevant; preserve URL; improve sections tied to visible queries.
552,B_indexed_or_visible_refresh,brand-kit-swim-school-lovart,How to Create a Brand Kit for a Swim School,brand-kit-swim-school-lovart,Best Practice,lovart-best-practice,cluster_support_only,b2,734.23,0.0,4.0,9.25,290.32,6079,Brand System,signal_refresh_complete,Round 4,Best Practice; 4 impressions; pos 9.2; best kept as cluster support,"Support role only; keep clean, indexable, and internally linked.",Refresh if query intent is relevant; preserve URL; improve sections tied to visible queries.
553,B_indexed_or_visible_refresh,how-to-chat-generate-fb-ads-lovart,How To Chat Generate Fb Ads Lovart: A Practical Lovart Workflow Guide,how-to-chat-generate-fb-ads-lovart,How-To,how-to-benchmark-research,deep_refresh_candidate,b1,919.23,0.0,4.0,5.25,290.32,8967,General Creative Workflow,signal_refresh_complete,Round 2 -> Round 3,How-To; broad-intent; 4 impressions; pos 5.2; worth second-stage depth upgrade,"Second-stage deep refresh: add evidence, judgment, tested sections, and stronger FAQ.",Refresh if query intent is relevant; preserve URL; improve sections tied to visible queries.
554,B_indexed_or_visible_refresh,best-ai-design-tool-for-non-profits-2026,"I was a design volunteer for 4 non-profits. I tested 5 free AI design tools for non-profit work. 1 is excellent, 2 are good, 2 are not worth the time.",bd-best-ai-design-tool-for-non-profits-2026,Best Practice,lovart-best-practice,deep_refresh_candidate,b1,924.17,0.0,3.0,8.67,290.24,6009,General Creative Workflow,signal_refresh_complete,Round 2 -> Round 3,Best Practice; broad-intent; 3 impressions; pos 8.7; worth second-stage depth upgrade,"Second-stage deep refresh: add evidence, judgment, tested sections, and stronger FAQ.",Refresh if query intent is relevant; preserve URL; improve sections tied to visible queries.
555,B_indexed_or_visible_refresh,best-ai-design-tools-for-enterprise-2026,"I consulted for 8 enterprise design teams (500+ employees each). The AI design tools that work for enterprise are: 1 for security, 1 for collaboration, 1 for governance. Most popular tools fail at least one of these.",bd-best-ai-design-tools-for-enterprise-2026,Best Practice,lovart-best-practice,deep_refresh_candidate,b1,924.17,0.0,3.0,8.67,290.24,6966,General Creative Workflow,signal_refresh_complete,Round 2 -> Round 3,Best Practice; broad-intent; 3 impressions; pos 8.7; worth second-stage depth upgrade,"Second-stage deep refresh: add evidence, judgment, tested sections, and stronger FAQ.",Refresh if query intent is relevant; preserve URL; improve sections tied to visible queries.
556,B_indexed_or_visible_refresh,best-ai-design-agent-for-day-spa-owner,"Best AI Design Agent for Day Spa Owners — Treatment Menus, Social Proof & Serene Branding",best-ai-design-agent-for-day-spa-owner,Best Practice,lovart-best-practice,deep_refresh_candidate,b1,924.17,0.0,3.0,4.0,290.24,8095,Brand System,signal_refresh_complete,Round 2 -> Round 3,Best Practice; broad-intent; 3 impressions; pos 4.0; worth second-stage depth upgrade,"Second-stage deep refresh: add evidence, judgment, tested sections, and stronger FAQ.",Refresh if query intent is relevant; preserve URL; improve sections tied to visible queries.
557,B_indexed_or_visible_refresh,ai-menu-maker,AI Menu Maker: Create Better Visuals From a Clear Brief,blog-ai-menu-maker-en,How-To,how-to-benchmark-research,keep_refresh_only,b2,749.17,0.0,3.0,6.0,290.24,8882,General Creative Workflow,signal_refresh_complete,Round 4 -> Round 5,How-To; 3 impressions; pos 6.0; maintain signal refresh state,"Keep refresh gains; add proof, CTR framing, and cluster polish only.",Refresh if query intent is relevant; preserve URL; improve sections tied to visible queries.
558,B_indexed_or_visible_refresh,how-to-create-flyers-without-photoshop,How To Create Flyers Without Photoshop: A Practical Lovart Workflow Guide,blog-how-to-create-flyers-without-photoshop-en,How-To,how-to-benchmark-research,deep_refresh_candidate,b1,919.17,0.0,3.0,5.33,290.24,8987,General Creative Workflow,signal_refresh_complete,Round 2 -> Round 3,How-To; broad-intent; 3 impressions; pos 5.3; worth second-stage depth upgrade,"Second-stage deep refresh: add evidence, judgment, tested sections, and stronger FAQ.",Refresh if query intent is relevant; preserve URL; improve sections tied to visible queries.
559,B_indexed_or_visible_refresh,ai-design-for-etsy-sellers,AI Design For Etsy Sellers: A Practical Lovart Workflow Guide,bp-ai-design-for-etsy-sellers,Best Practice,lovart-best-practice,deep_refresh_candidate,b1,924.17,0.0,3.0,7.0,290.24,8927,General Creative Workflow,signal_refresh_complete,Round 2 -> Round 3,Best Practice; broad-intent; 3 impressions; pos 7.0; worth second-stage depth upgrade,"Second-stage deep refresh: add evidence, judgment, tested sections, and stronger FAQ.",Refresh if query intent is relevant; preserve URL; improve sections tied to visible queries.
560,B_indexed_or_visible_refresh,brand-kit-comic-book-shop-lovart,Comic Book Shop Brand Kit: Heroic Visual Identity That Turns Wednesday Warriors into Lifelong Fans,brand-kit-comic-book-shop-lovart,Best Practice,lovart-best-practice,cluster_support_only,b2,734.17,0.0,3.0,18.0,290.24,6614,Brand System,signal_refresh_complete,Round 4,Best Practice; 3 impressions; pos 18.0; best kept as cluster support,"Support role only; keep clean, indexable, and internally linked.",Refresh if query intent is relevant; preserve URL; improve sections tied to visible queries.
561,B_indexed_or_visible_refresh,font-pairing-guide-ai-design,Font Pairing Guide AI Design: A Practical Lovart Workflow Guide,font-pairing-guide-ai-design,How-To,how-to-benchmark-research,cluster_support_only,b2,759.17,0.0,3.0,16.33,290.24,8937,General Creative Workflow,signal_refresh_complete,Round 4,How-To; broad-intent; 3 impressions; pos 16.3; best kept as cluster support,"Support role only; keep clean, indexable, and internally linked.",Refresh if query intent is relevant; preserve URL; improve sections tied to visible queries.
562,B_indexed_or_visible_refresh,ai-video-generation-quality-benchmark-2026,I tested 10 AI video models on 30 prompts and 600 videos. The quality ranking is not what most people think.,bd-ai-video-generation-quality-benchmark-2026,Insight & Trend,lovart-insight-trend,deep_refresh_candidate,b1,914.12,0.0,2.0,5.0,290.16,6366,AI Video,signal_refresh_complete,Round 2 -> Round 3,Insight & Trend; 2 impressions; pos 5.0; worth second-stage depth upgrade,"Second-stage deep refresh: add evidence, judgment, tested sections, and stronger FAQ.",Refresh if query intent is relevant; preserve URL; improve sections tied to visible queries.
563,B_indexed_or_visible_refresh,canva-alternatives-for-social-media-2026,Canva Alternatives for Social Media 2026: Best Tools by Platform | Lovart,bd-canva-alternatives-for-social-media-2026,Review,lovart-review,deep_refresh_candidate,b1,949.12,0.0,2.0,4.0,290.16,6155,Canva Alternative,signal_refresh_complete,Round 2 -> Round 3,Review; broad-intent; 2 impressions; pos 4.0; worth second-stage depth upgrade,"Second-stage deep refresh: add evidence, judgment, tested sections, and stronger FAQ.",Refresh if query intent is relevant; preserve URL; improve sections tied to visible queries.
564,B_indexed_or_visible_refresh,ai-art-generator-tutorial,AI Art Generator Tutorial: From Prompt to Finished Visual Direction,blog-ai-art-generator-tutorial-en,How-To,how-to-benchmark-research,keep_refresh_only,b2,749.12,0.0,2.0,7.0,290.16,8952,General Creative Workflow,signal_refresh_complete,Round 4 -> Round 5,How-To; 2 impressions; pos 7.0; maintain signal refresh state,"Keep refresh gains; add proof, CTR framing, and cluster polish only.",Refresh if query intent is relevant; preserve URL; improve sections tied to visible queries.
565,B_indexed_or_visible_refresh,ai-headshot-generator-2026,AI Headshot Generator 2026: Create Professional Photos Without Looking Fake,blog-ai-headshot-generator-2026-en,How-To,how-to-benchmark-research,keep_refresh_only,b2,749.12,0.0,2.0,7.0,290.16,8963,General Creative Workflow,signal_refresh_complete,Round 4 -> Round 5,How-To; 2 impressions; pos 7.0; maintain signal refresh state,"Keep refresh gains; add proof, CTR framing, and cluster polish only.",Refresh if query intent is relevant; preserve URL; improve sections tied to visible queries.
566,B_indexed_or_visible_refresh,ai-infographic-maker,AI Infographic Maker: Create Better Visuals From a Clear Brief,blog-ai-infographic-maker-en,How-To,how-to-benchmark-research,keep_refresh_only,b2,749.12,0.0,2.0,5.0,290.16,8917,General Creative Workflow,signal_refresh_complete,Round 4 -> Round 5,How-To; 2 impressions; pos 5.0; maintain signal refresh state,"Keep refresh gains; add proof, CTR framing, and cluster polish only.",Refresh if query intent is relevant; preserve URL; improve sections tied to visible queries.
567,B_indexed_or_visible_refresh,lovart-design-agent-review,Lovart Design Agent Review: A Practical Lovart Workflow Guide,blog-lovart-design-agent-review-en,Review,lovart-review,deep_refresh_candidate,b1,949.12,0.0,2.0,5.5,290.16,8927,AI Design Agent,signal_refresh_complete,Round 2 -> Round 3,Review; broad-intent; 2 impressions; pos 5.5; worth second-stage depth upgrade,"Second-stage deep refresh: add evidence, judgment, tested sections, and stronger FAQ.",Refresh if query intent is relevant; preserve URL; improve sections tied to visible queries.
568,B_indexed_or_visible_refresh,ai-business-card-prompts,AI Business Card Prompts: A Practical Lovart Workflow Guide,bp-ai-business-card-prompts,How-To,how-to-benchmark-research,deep_refresh_candidate,b1,919.12,0.0,2.0,5.0,290.16,8917,General Creative Workflow,signal_refresh_complete,Round 2 -> Round 3,How-To; broad-intent; 2 impressions; pos 5.0; worth second-stage depth upgrade,"Second-stage deep refresh: add evidence, judgment, tested sections, and stronger FAQ.",Refresh if query intent is relevant; preserve URL; improve sections tied to visible queries.
569,B_indexed_or_visible_refresh,ai-design-for-saas-startups,AI Design For Saas Startups: A Practical Lovart Workflow Guide,bp-ai-design-for-saas-startups,Best Practice,lovart-best-practice,cluster_support_only,b2,764.12,0.0,2.0,20.0,290.16,8932,General Creative Workflow,signal_refresh_complete,Round 4,Best Practice; broad-intent; 2 impressions; pos 20.0; best kept as cluster support,"Support role only; keep clean, indexable, and internally linked.",Refresh if query intent is relevant; preserve URL; improve sections tied to visible queries.
570,B_indexed_or_visible_refresh,ai-product-photography-prompts,AI Product Photography Prompts: A Practical Lovart Workflow Guide,bp-ai-product-photography-prompts,How-To,how-to-benchmark-research,deep_refresh_candidate,b1,919.12,0.0,2.0,9.0,290.16,8947,General Creative Workflow,signal_refresh_complete,Round 2 -> Round 3,How-To; broad-intent; 2 impressions; pos 9.0; worth second-stage depth upgrade,"Second-stage deep refresh: add evidence, judgment, tested sections, and stronger FAQ.",Refresh if query intent is relevant; preserve URL; improve sections tied to visible queries.
571,B_indexed_or_visible_refresh,free-ai-color-palette-generator,Free AI Color Palette Generator: Create Better Visuals From a Clear Brief,bp-free-ai-color-palette-generator,How-To,how-to-benchmark-research,keep_refresh_only,b2,749.12,0.0,2.0,4.0,290.16,8972,General Creative Workflow,signal_refresh_complete,Round 4 -> Round 5,How-To; 2 impressions; pos 4.0; maintain signal refresh state,"Keep refresh gains; add proof, CTR framing, and cluster polish only.",Refresh if query intent is relevant; preserve URL; improve sections tied to visible queries.
572,B_indexed_or_visible_refresh,sora-vs-veo-vs-kling-vs-runway-2026,Sora vs Veo vs Kling vs Runway 2026: Best AI Video Model Compared | Lovart,bp-sora-vs-veo-vs-kling-vs-runway-2026,Review,lovart-review,deep_refresh_candidate,b1,949.12,0.0,2.0,9.5,290.16,6098,AI Video,signal_refresh_complete,Round 2 -> Round 3,Review; broad-intent; 2 impressions; pos 9.5; worth second-stage depth upgrade,"Second-stage deep refresh: add evidence, judgment, tested sections, and stronger FAQ.",Refresh if query intent is relevant; preserve URL; improve sections tied to visible queries.
573,B_indexed_or_visible_refresh,brand-kit-farmer-market-lovart,Farmers Market Brand Kit: Fresh-Picked Visual Identity That Grows Your Vendor Community,brand-kit-farmer-market-lovart,Best Practice,lovart-best-practice,cluster_support_only,b2,734.12,0.0,2.0,8.5,290.16,6644,Brand System,signal_refresh_complete,Round 4,Best Practice; 2 impressions; pos 8.5; best kept as cluster support,"Support role only; keep clean, indexable, and internally linked.",Refresh if query intent is relevant; preserve URL; improve sections tied to visible queries.
574,B_indexed_or_visible_refresh,wan-2-1-ai-review,"Wan 2.1 AI Review 2026: Features, Performance & Comparison Test",wan-2-1-ai-review,Review,lovart-review,deep_refresh_candidate,b1,949.12,0.0,2.0,9.0,290.16,8284,General Creative Workflow,signal_refresh_complete,Round 2 -> Round 3,Review; broad-intent; 2 impressions; pos 9.0; worth second-stage depth upgrade,"Second-stage deep refresh: add evidence, judgment, tested sections, and stronger FAQ.",Refresh if query intent is relevant; preserve URL; improve sections tied to visible queries.
575,B_indexed_or_visible_refresh,best-ai-design-tool-for-startups-2026,Best AI Design Tool For Startups 2026: A Practical Lovart Workflow Guide,bd-best-ai-design-tool-for-startups-2026,Best Practice,lovart-best-practice,deep_refresh_candidate,b1,924.06,0.0,1.0,7.0,290.08,8982,General Creative Workflow,signal_refresh_complete,Round 2 -> Round 3,Best Practice; broad-intent; 1 impressions; pos 7.0; worth second-stage depth upgrade,"Second-stage deep refresh: add evidence, judgment, tested sections, and stronger FAQ.",Refresh if query intent is relevant; preserve URL; improve sections tied to visible queries.
576,B_indexed_or_visible_refresh,best-ai-tool-for-product-photos-2026,"I photographed 1,000+ products with AI tools. 6 options tested. 1 is clearly the best for AI product photos, 2 are good, 3 are not worth the time.",bd-best-ai-tool-for-product-photos-2026,Best Practice,lovart-best-practice,deep_refresh_candidate,b1,924.06,0.0,1.0,9.0,290.08,6084,General Creative Workflow,signal_refresh_complete,Round 2 -> Round 3,Best Practice; broad-intent; 1 impressions; pos 9.0; worth second-stage depth upgrade,"Second-stage deep refresh: add evidence, judgment, tested sections, and stronger FAQ.",Refresh if query intent is relevant; preserve URL; improve sections tied to visible queries.
577,B_indexed_or_visible_refresh,photoshop-alternatives-2026,Photoshop Alternatives 2026: Best AI Design & Editing Tools | Lovart,bd-photoshop-alternatives-2026,Review,lovart-review,deep_refresh_candidate,b1,949.06,0.0,1.0,8.0,290.08,6959,General Creative Workflow,signal_refresh_complete,Round 2 -> Round 3,Review; broad-intent; 1 impressions; pos 8.0; worth second-stage depth upgrade,"Second-stage deep refresh: add evidence, judgment, tested sections, and stronger FAQ.",Refresh if query intent is relevant; preserve URL; improve sections tied to visible queries.
578,B_indexed_or_visible_refresh,ai-design-agent-explained,AI Design Agent Explained: What Changes When the Tool Can Reason,blog-ai-design-agent-explained-en,Lovart 101,lovart-101,deep_refresh_candidate,b1,959.06,0.0,1.0,5.0,290.08,8949,AI Design Agent,signal_refresh_complete,Round 2 -> Round 3,Lovart 101; broad-intent; 1 impressions; pos 5.0; worth second-stage depth upgrade,"Second-stage deep refresh: add evidence, judgment, tested sections, and stronger FAQ.",Refresh if query intent is relevant; preserve URL; improve sections tied to visible queries.
579,B_indexed_or_visible_refresh,ai-image-generator-free-tools,Free AI Image Generator Tools: What to Check Before You Use One,blog-ai-image-generator-free-tools-en,How-To,how-to-benchmark-research,deep_refresh_candidate,b1,919.06,0.0,1.0,8.0,290.08,8881,AI Image,signal_refresh_complete,Round 2 -> Round 3,How-To; broad-intent; 1 impressions; pos 8.0; worth second-stage depth upgrade,"Second-stage deep refresh: add evidence, judgment, tested sections, and stronger FAQ.",Refresh if query intent is relevant; preserve URL; improve sections tied to visible queries.
580,B_indexed_or_visible_refresh,best-ai-design-agent-for-cafe-owners,Best AI Design Agent For Cafe Owners: A Practical Lovart Workflow Guide,blog-best-ai-design-agent-for-cafe-owners-en,Best Practice,lovart-best-practice,cluster_support_only,b2,764.06,0.0,1.0,14.0,290.08,8977,AI Design Agent,signal_refresh_complete,Round 4,Best Practice; broad-intent; 1 impressions; pos 14.0; best kept as cluster support,"Support role only; keep clean, indexable, and internally linked.",Refresh if query intent is relevant; preserve URL; improve sections tied to visible queries.
581,B_indexed_or_visible_refresh,best-ai-design-agent-for-dtc-founders,Best AI Design Agent For Dtc Founders: A Practical Lovart Workflow Guide,blog-best-ai-design-agent-for-dtc-founders-en,Best Practice,lovart-best-practice,deep_refresh_candidate,b1,924.06,0.0,1.0,8.0,290.08,8982,AI Design Agent,signal_refresh_complete,Round 2 -> Round 3,Best Practice; broad-intent; 1 impressions; pos 8.0; worth second-stage depth upgrade,"Second-stage deep refresh: add evidence, judgment, tested sections, and stronger FAQ.",Refresh if query intent is relevant; preserve URL; improve sections tied to visible queries.
582,B_indexed_or_visible_refresh,ai-ebook-cover-prompts,I wrote 40 prompts to generate ebook covers. Here are the 10 that produced bestsellers.,bp-ai-ebook-cover-prompts,How-To,how-to-benchmark-research,keep_refresh_only,b2,749.06,0.0,1.0,5.0,290.08,7318,General Creative Workflow,signal_refresh_complete,Round 4 -> Round 5,How-To; 1 impressions; pos 5.0; maintain signal refresh state,"Keep refresh gains; add proof, CTR framing, and cluster polish only.",Refresh if query intent is relevant; preserve URL; improve sections tied to visible queries.
583,B_indexed_or_visible_refresh,best-ai-tools-for-small-business-2026,Best AI Tools For Small Business 2026: A Practical Lovart Workflow Guide,bp-best-ai-tools-for-small-business-2026,Best Practice,lovart-best-practice,deep_refresh_candidate,b1,924.06,0.0,1.0,5.0,290.08,8982,General Creative Workflow,signal_refresh_complete,Round 2 -> Round 3,Best Practice; broad-intent; 1 impressions; pos 5.0; worth second-stage depth upgrade,"Second-stage deep refresh: add evidence, judgment, tested sections, and stronger FAQ.",Refresh if query intent is relevant; preserve URL; improve sections tied to visible queries.
584,B_indexed_or_visible_refresh,free-ai-banner-maker-guide,Free AI Banner Maker Guide: Create Better Visuals From a Clear Brief,bp-free-ai-banner-maker-guide,How-To,how-to-benchmark-research,deep_refresh_candidate,b1,919.06,0.0,1.0,9.0,290.08,8947,General Creative Workflow,signal_refresh_complete,Round 2 -> Round 3,How-To; broad-intent; 1 impressions; pos 9.0; worth second-stage depth upgrade,"Second-stage deep refresh: add evidence, judgment, tested sections, and stronger FAQ.",Refresh if query intent is relevant; preserve URL; improve sections tied to visible queries.
585,B_indexed_or_visible_refresh,ai-creative-video-tools-compared,Creative AI Video Tools Compared: Claymation vs Loop vs Fantasy Generators,ai-creative-video-tools-compared,Review,lovart-review,keep_refresh_only,b2,813.92,0.0,102.0,24.12,288.16,11906,AI Video,signal_refresh_complete,Round 4 -> Round 5,Review; broad-intent; 102 impressions; pos 24.1; maintain signal refresh state,"Keep refresh gains; add proof, CTR framing, and cluster polish only.",Refresh if query intent is relevant; preserve URL; improve sections tied to visible queries.
586,B_indexed_or_visible_refresh,cohesive-instagram-feed-ai,How to Design a Cohesive Instagram Feed with AI (Step-by-Step),blog-chf-en,How-To,how-to-benchmark-research,keep_refresh_only,b2,759.49,3.0,43.0,14.65,283.44,18782,General Creative Workflow,signal_refresh_complete,Round 4 -> Round 5,How-To; 43 impressions; 3 clicks; pos 14.7; maintain signal refresh state,"Keep refresh gains; add proof, CTR framing, and cluster polish only.",Refresh if query intent is relevant; preserve URL; improve sections tied to visible queries.
587,B_indexed_or_visible_refresh,prompting-for-repairs-words-to-fix-ai-mistakes,Prompting for Repairs — What Words Actually Work When Asking AI to Fix a Mistake,prompting-for-repairs-words-to-fix-ai-mistakes,Best Practice,lovart-best-practice,cluster_support_only,b2,740.26,2.0,39.0,6.79,273.12,15622,General Creative Workflow,signal_refresh_complete,Round 4,Best Practice; 39 impressions; 2 clicks; pos 6.8; best kept as cluster support,"Support role only; keep clean, indexable, and internally linked.",Refresh if query intent is relevant; preserve URL; improve sections tied to visible queries.
588,B_indexed_or_visible_refresh,best-ai-design-agent-for-personal-brand-builder,Best AI Design Agent For Personal Brand Builder: A Practical Lovart Workflow Guide,best-ai-design-agent-for-personal-brand-builder,Best Practice,lovart-best-practice,deep_refresh_candidate,b1,929.28,2.0,22.0,12.36,271.76,9032,Brand System,signal_refresh_complete,Round 2 -> Round 3,Best Practice; broad-intent; 22 impressions; 2 clicks; pos 12.4; worth second-stage depth upgrade,"Second-stage deep refresh: add evidence, judgment, tested sections, and stronger FAQ.",Refresh if query intent is relevant; preserve URL; improve sections tied to visible queries.
589,B_indexed_or_visible_refresh,case-study-agency-ai-banner-campaign,How Agency Creative Director Omar Hassan Replaced Banner Ad Outsourcing — And Cut Client Costs by 82% Without Losing Quality,case-study-agency-ai-banner-campaign,How-To,how-to-benchmark-research,keep_refresh_only,b2,754.28,2.0,22.0,4.32,271.76,15887,General Creative Workflow,signal_refresh_complete,Round 4 -> Round 5,How-To; 22 impressions; 2 clicks; pos 4.3; maintain signal refresh state,"Keep refresh gains; add proof, CTR framing, and cluster polish only.",Refresh if query intent is relevant; preserve URL; improve sections tied to visible queries.
590,B_indexed_or_visible_refresh,seasonal-marketing-prompts-christmas-black-friday-valentines,"Seasonal Marketing — 10 AI Prompts for Christmas, Black Friday & Valentine's Ads",seasonal-marketing-prompts-christmas-black-friday-valentines,How-To,how-to-benchmark-research,keep_refresh_only,b2,753.81,2.0,14.0,5.29,271.12,13710,General Creative Workflow,signal_refresh_complete,Round 4 -> Round 5,How-To; 14 impressions; 2 clicks; pos 5.3; maintain signal refresh state,"Keep refresh gains; add proof, CTR framing, and cluster polish only.",Refresh if query intent is relevant; preserve URL; improve sections tied to visible queries.
591,B_indexed_or_visible_refresh,freepik-ai-image-generator-vs-lovart,Freepik AI Image Generator vs Lovart: Stock Library or AI Design Agent — Which Ships Faster?,freepik-ai-image-generator-vs-lovart,Review,lovart-review,deep_refresh_candidate,b1,1000.29,0.0,1074.0,3.86,265.92,9694,AI Image,signal_refresh_complete,Round 2 -> Round 3,Review; broad-intent; 1074 impressions; pos 3.9; worth second-stage depth upgrade,"Second-stage deep refresh: add evidence, judgment, tested sections, and stronger FAQ.",Refresh if query intent is relevant; preserve URL; improve sections tied to visible queries.
592,B_indexed_or_visible_refresh,how-to-create-amazon-listing-images-ai-design-agent,How to Create High-Conversion Amazon Listing Images with Lovart AI Design Agent,how-to-create-amazon-listing-images-ai-design-agent,How-To,how-to-benchmark-research,deep_refresh_candidate,b1,921.67,1.0,46.0,8.17,263.68,12081,AI Image,signal_refresh_complete,Round 2 -> Round 3,How-To; broad-intent; 46 impressions; 1 clicks; pos 8.2; worth second-stage depth upgrade,"Second-stage deep refresh: add evidence, judgment, tested sections, and stronger FAQ.",Refresh if query intent is relevant; preserve URL; improve sections tied to visible queries.
593,B_indexed_or_visible_refresh,brand-kit-pizzeria-lovart,Brand Kit for Pizzeria Lovart: Build a Visual System With AI,brand-kit-pizzeria-lovart,Best Practice,lovart-best-practice,cluster_support_only,b2,736.09,1.0,36.0,10.97,262.88,9063,Brand System,signal_refresh_complete,Round 4,Best Practice; 36 impressions; 1 clicks; pos 11.0; best kept as cluster support,"Support role only; keep clean, indexable, and internally linked.",Refresh if query intent is relevant; preserve URL; improve sections tied to visible queries.
594,B_indexed_or_visible_refresh,best-ai-design-agent-for-real-estate-agent,"Best AI Design Agent for Real Estate Agents — Listings, Flyers & Open House Signs",best-ai-design-agent-for-real-estate-agent,Best Practice,lovart-best-practice,deep_refresh_candidate,b1,925.91,1.0,33.0,6.97,262.64,10923,AI Design Agent,signal_refresh_complete,Round 2 -> Round 3,Best Practice; broad-intent; 33 impressions; 1 clicks; pos 7.0; worth second-stage depth upgrade,"Second-stage deep refresh: add evidence, judgment, tested sections, and stronger FAQ.",Refresh if query intent is relevant; preserve URL; improve sections tied to visible queries.
595,B_indexed_or_visible_refresh,brand-kit-spa-lovart,Brand Kit for Spas: Complete Visual Identity Guide with Lovart's AI Design Agent,brand-kit-spa-lovart,Best Practice,lovart-best-practice,deep_refresh_candidate,b1,925.91,1.0,33.0,15.73,262.64,10065,Brand System,signal_refresh_complete,Round 2 -> Round 3,Best Practice; broad-intent; 33 impressions; 1 clicks; pos 15.7; worth second-stage depth upgrade,"Second-stage deep refresh: add evidence, judgment, tested sections, and stronger FAQ.",Refresh if query intent is relevant; preserve URL; improve sections tied to visible queries.
596,B_indexed_or_visible_refresh,best-ai-design-agent-for-hair-salon-owner,"Best AI Design Agent for Hair Salon Owners: Price Lists, Portfolio Lookbooks & TikTok Covers by Lovart",best-ai-design-agent-for-hair-salon-owner,Best Practice,lovart-best-practice,deep_refresh_candidate,b1,925.86,1.0,32.0,7.06,262.56,15309,AI Design Agent,signal_refresh_complete,Round 2 -> Round 3,Best Practice; broad-intent; 32 impressions; 1 clicks; pos 7.1; worth second-stage depth upgrade,"Second-stage deep refresh: add evidence, judgment, tested sections, and stronger FAQ.",Refresh if query intent is relevant; preserve URL; improve sections tied to visible queries.
597,B_indexed_or_visible_refresh,how-to-chat-generate-product-photography-lovart,How to Chat-Generate Product Photography — Lovart Agent Workflow,how-to-chat-generate-product-photography-lovart,How-To,how-to-benchmark-research,cluster_support_only,b2,730.8,1.0,31.0,8.71,262.48,11763,General Creative Workflow,signal_refresh_complete,Round 4,How-To; 31 impressions; 1 clicks; pos 8.7; best kept as cluster support,"Support role only; keep clean, indexable, and internally linked.",Refresh if query intent is relevant; preserve URL; improve sections tied to visible queries.
598,B_indexed_or_visible_refresh,merch-drop-print-ai-art-hoodies-no-white-box,Merch Drop — Printing AI Art on Hoodies Without the White Box Background,merch-drop-print-ai-art-hoodies-no-white-box,How-To,how-to-benchmark-research,keep_refresh_only,b2,750.74,1.0,30.0,10.7,262.4,50733,General Creative Workflow,signal_refresh_complete,Round 4 -> Round 5,How-To; 30 impressions; 1 clicks; pos 10.7; maintain signal refresh state,"Keep refresh gains; add proof, CTR framing, and cluster polish only.",Refresh if query intent is relevant; preserve URL; improve sections tied to visible queries.
599,B_indexed_or_visible_refresh,03-cluster-cinematic-camera-control,Video Camera: AI-Powered Solution 2026,03-cluster-cinematic-camera-control,How-To,how-to-benchmark-research,keep_refresh_only,b2,750.68,1.0,29.0,12.52,262.32,10145,AI Video,signal_refresh_complete,Round 4 -> Round 5,How-To; 29 impressions; 1 clicks; pos 12.5; maintain signal refresh state,"Keep refresh gains; add proof, CTR framing, and cluster polish only.",Refresh if query intent is relevant; preserve URL; improve sections tied to visible queries.
600,B_indexed_or_visible_refresh,brand-kit-bridal-shop-lovart,Brand Kit for Bridal Shop Lovart: Build a Visual System With AI,brand-kit-bridal-shop-lovart,Best Practice,lovart-best-practice,cluster_support_only,b2,735.39,1.0,24.0,11.5,261.92,9081,Brand System,signal_refresh_complete,Round 4,Best Practice; 24 impressions; 1 clicks; pos 11.5; best kept as cluster support,"Support role only; keep clean, indexable, and internally linked.",Refresh if query intent is relevant; preserve URL; improve sections tied to visible queries.
601,B_indexed_or_visible_refresh,brand-kit-crossfit-box-lovart,Brand Kit for Crossfit Box Lovart: Build a Visual System With AI,brand-kit-crossfit-box-lovart,Best Practice,lovart-best-practice,cluster_support_only,b2,735.22,1.0,21.0,7.48,261.68,9087,Brand System,signal_refresh_complete,Round 4,Best Practice; 21 impressions; 1 clicks; pos 7.5; best kept as cluster support,"Support role only; keep clean, indexable, and internally linked.",Refresh if query intent is relevant; preserve URL; improve sections tied to visible queries.
602,B_indexed_or_visible_refresh,brand-kit-pediatric-dentist-lovart,Brand Kit for Pediatric Dentist Lovart: Build a Visual System With AI,brand-kit-pediatric-dentist-lovart,Best Practice,lovart-best-practice,cluster_support_only,b2,735.22,1.0,21.0,4.1,261.68,9117,Brand System,signal_refresh_complete,Round 4,Best Practice; 21 impressions; 1 clicks; pos 4.1; best kept as cluster support,"Support role only; keep clean, indexable, and internally linked.",Refresh if query intent is relevant; preserve URL; improve sections tied to visible queries.
603,B_indexed_or_visible_refresh,ai-design-for-nonprofit-fundraising-campaigns-2026,AI Design for Nonprofit Fundraising — Campaigns That Move People to Give,ai-design-for-nonprofit-fundraising-campaigns-2026,Best Practice,lovart-best-practice,cluster_support_only,b2,735.16,1.0,20.0,8.85,261.6,11921,General Creative Workflow,signal_refresh_complete,Round 4,Best Practice; 20 impressions; 1 clicks; pos 8.8; best kept as cluster support,"Support role only; keep clean, indexable, and internally linked.",Refresh if query intent is relevant; preserve URL; improve sections tied to visible queries.
604,B_indexed_or_visible_refresh,nightcafe-alternative,NightCafe Alternative: When to Use a Design Agent Instead,1u5vaBwLndY1gqYUMVevK2,Review,lovart-review,deep_refresh_candidate,b1,950.04,1.0,18.0,8.33,261.44,10071,General Creative Workflow,signal_refresh_complete,Round 2 -> Round 3,Review; broad-intent; 18 impressions; 1 clicks; pos 8.3; worth second-stage depth upgrade,"Second-stage deep refresh: add evidence, judgment, tested sections, and stronger FAQ.",Refresh if query intent is relevant; preserve URL; improve sections tied to visible queries.
605,B_indexed_or_visible_refresh,beautyplus-alternative,BeautyPlus Alternative: When to Use a Design Agent Instead,5OcAE57ZPh7ef83a6AOAlM,Review,lovart-review,deep_refresh_candidate,b1,949.99,1.0,17.0,9.88,261.36,10078,General Creative Workflow,signal_refresh_complete,Round 2 -> Round 3,Review; broad-intent; 17 impressions; 1 clicks; pos 9.9; worth second-stage depth upgrade,"Second-stage deep refresh: add evidence, judgment, tested sections, and stronger FAQ.",Refresh if query intent is relevant; preserve URL; improve sections tied to visible queries.
606,B_indexed_or_visible_refresh,ai-design-agent-last-mile-production,"Solving the ""Last Mile"": How Lovart Takes You from Draft to Final Deliverable",ai-design-agent-last-mile-production,How-To,how-to-benchmark-research,keep_refresh_only,b2,749.99,1.0,17.0,8.41,261.36,25743,AI Design Agent,signal_refresh_complete,Round 4 -> Round 5,How-To; 17 impressions; 1 clicks; pos 8.4; maintain signal refresh state,"Keep refresh gains; add proof, CTR framing, and cluster polish only.",Refresh if query intent is relevant; preserve URL; improve sections tied to visible queries.
607,B_indexed_or_visible_refresh,ab-testing-designs-generating-variations-ai,A/B Testing Designs — Generating 4 Variations of One Ad to See Which Wins,ab-testing-designs-generating-variations-ai,How-To,how-to-benchmark-research,keep_refresh_only,b2,749.7,1.0,12.0,7.5,260.96,10815,General Creative Workflow,signal_refresh_complete,Round 4 -> Round 5,How-To; 12 impressions; 1 clicks; pos 7.5; maintain signal refresh state,"Keep refresh gains; add proof, CTR framing, and cluster polish only.",Refresh if query intent is relevant; preserve URL; improve sections tied to visible queries.
608,B_indexed_or_visible_refresh,best-ai-design-agent-for-sushi-restaurant-owner,"Best AI Design Agent for Sushi Restaurant Owners: Omakase Menus, Nigiri Guides & Japanese Aesthetic Visuals by Lovart",best-ai-design-agent-for-sushi-restaurant-owner,Best Practice,lovart-best-practice,deep_refresh_candidate,b1,924.7,1.0,12.0,5.25,260.96,16077,AI Design Agent,signal_refresh_complete,Round 2 -> Round 3,Best Practice; broad-intent; 12 impressions; 1 clicks; pos 5.2; worth second-stage depth upgrade,"Second-stage deep refresh: add evidence, judgment, tested sections, and stronger FAQ.",Refresh if query intent is relevant; preserve URL; improve sections tied to visible queries.
609,B_indexed_or_visible_refresh,lovart-vs-freepik-complete,Lovart vs Freepik Complete: Compare the Workflow Before You Choose,blog-lovart-vs-freepik-complete-en,Review,lovart-review,cluster_support_only,b2,759.64,1.0,11.0,9.36,260.88,10033,General Creative Workflow,signal_refresh_complete,Round 4,Review; 11 impressions; 1 clicks; pos 9.4; best kept as cluster support,"Support role only; keep clean, indexable, and internally linked.",Refresh if query intent is relevant; preserve URL; improve sections tied to visible queries.
610,B_indexed_or_visible_refresh,how-to-create-promotional-postcards-without-photoshop,How To Create Promotional Postcards Without Photoshop: A Practical Lovart Workflow Guide,blog-how-to-create-promotional-postcards-without-photoshop-en,How-To,how-to-benchmark-research,deep_refresh_candidate,b1,919.12,1.0,2.0,4.0,260.16,9062,General Creative Workflow,signal_refresh_complete,Round 2 -> Round 3,How-To; broad-intent; 2 impressions; 1 clicks; pos 4.0; worth second-stage depth upgrade,"Second-stage deep refresh: add evidence, judgment, tested sections, and stronger FAQ.",Refresh if query intent is relevant; preserve URL; improve sections tied to visible queries.
611,B_indexed_or_visible_refresh,what-happened-when-i-tried-vmaker-for-real-projects,What Happened When I Tried Vmaker For Real Projects,67b7e84b-98e7-44aa-b498-762c31996ff1,Best Practice,lovart-best-practice,cluster_support_only,b2,732.84,0.0,49.0,8.37,253.92,10779,General Creative Workflow,signal_refresh_complete,Round 4,Best Practice; 49 impressions; pos 8.4; best kept as cluster support,"Support role only; keep clean, indexable, and internally linked.",Refresh if query intent is relevant; preserve URL; improve sections tied to visible queries.
612,B_indexed_or_visible_refresh,best-ai-design-tool-for-solopreneurs-2026,Best AI Design Tool For Solopreneurs 2026: A Practical Lovart Workflow Guide,bd-best-ai-design-tool-for-solopreneurs-2026,Best Practice,lovart-best-practice,cluster_support_only,b2,762.84,0.0,49.0,17.69,253.92,9002,General Creative Workflow,signal_refresh_complete,Round 4,Best Practice; broad-intent; 49 impressions; pos 17.7; best kept as cluster support,"Support role only; keep clean, indexable, and internally linked.",Refresh if query intent is relevant; preserve URL; improve sections tied to visible queries.
613,B_indexed_or_visible_refresh,the-end-of-ocr-why-editable-text-generation-is-the-future-of-design,The End of OCR: Why Editable Text Generation is the Future of Design,the-end-of-ocr-why-editable-text-generation-is-the-future-of-des,How-To,how-to-benchmark-research,keep_refresh_only,b2,747.84,0.0,49.0,5.71,253.92,15321,General Creative Workflow,signal_refresh + blocker_cleanup,Round 4 -> Round 5,How-To; 49 impressions; pos 5.7; maintain signal refresh state,"Keep refresh gains; add proof, CTR framing, and cluster polish only.",Refresh if query intent is relevant; preserve URL; improve sections tied to visible queries.
614,B_indexed_or_visible_refresh,best-ai-design-agent-for-coffee-shop-owner,Best AI Design Agent For Coffee Shop Owner: A Practical Lovart Workflow Guide,best-ai-design-agent-for-coffee-shop-owner,Best Practice,lovart-best-practice,cluster_support_only,b2,762.73,0.0,47.0,19.17,253.76,9007,AI Design Agent,signal_refresh_complete,Round 4,Best Practice; broad-intent; 47 impressions; pos 19.2; best kept as cluster support,"Support role only; keep clean, indexable, and internally linked.",Refresh if query intent is relevant; preserve URL; improve sections tied to visible queries.
615,B_indexed_or_visible_refresh,best-ai-design-agent-for-food-blogger,"Best AI Design Agent for Food Bloggers: Recipe Cards, Step-by-Step Guides & Food Photography Visuals by Lovart",best-ai-design-agent-for-food-blogger,Best Practice,lovart-best-practice,deep_refresh_candidate,b1,922.73,0.0,47.0,11.3,253.76,15743,AI Design Agent,signal_refresh_complete,Round 2 -> Round 3,Best Practice; broad-intent; 47 impressions; pos 11.3; worth second-stage depth upgrade,"Second-stage deep refresh: add evidence, judgment, tested sections, and stronger FAQ.",Refresh if query intent is relevant; preserve URL; improve sections tied to visible queries.
616,B_indexed_or_visible_refresh,case-study-game-dev-ai-textures-materials,"How Game Developer Yuki Tanaka Generated 2,400 Textures in 6 Days — And Shipped His Indie Game 8 Months Early",case-study-game-dev-ai-textures-materials,How-To,how-to-benchmark-research,keep_refresh_only,b2,747.67,0.0,46.0,18.87,253.68,15554,General Creative Workflow,signal_refresh_complete,Round 4 -> Round 5,How-To; 46 impressions; pos 18.9; maintain signal refresh state,"Keep refresh gains; add proof, CTR framing, and cluster polish only.",Refresh if query intent is relevant; preserve URL; improve sections tied to visible queries.
617,B_indexed_or_visible_refresh,stop-rerolling-5-ai-prompting-mistakes-designers,Stop Rerolling 5 AI Prompting Mistakes Designers: A Practical Lovart Workflow Guide,stop-rerolling-5-ai-prompting-mistakes-designers,How-To,how-to-benchmark-research,deep_refresh_candidate,b1,917.55,0.0,44.0,7.05,253.52,9037,General Creative Workflow,signal_refresh_complete,Round 2 -> Round 3,How-To; broad-intent; 44 impressions; pos 7.0; worth second-stage depth upgrade,"Second-stage deep refresh: add evidence, judgment, tested sections, and stronger FAQ.",Refresh if query intent is relevant; preserve URL; improve sections tied to visible queries.
618,B_indexed_or_visible_refresh,agency-adapting-to-ai-design-workflow,"How Design Agencies Are Adapting to AI — Workflows, Pricing & Client Relations",agency-adapting-to-ai-design-workflow,Best Practice,lovart-best-practice,cluster_support_only,b2,732.49,0.0,43.0,17.23,253.44,12236,General Creative Workflow,signal_refresh_complete,Round 4,Best Practice; 43 impressions; pos 17.2; best kept as cluster support,"Support role only; keep clean, indexable, and internally linked.",Refresh if query intent is relevant; preserve URL; improve sections tied to visible queries.
619,B_indexed_or_visible_refresh,design-governance-ai-brand-compliance-workflows-2027,Design Governance with AI: Setting Up Brand Compliance Workflows for Enterprise Teams,design-governance-ai-brand-compliance-workflows-2027,Best Practice,lovart-best-practice,cluster_support_only,b2,732.49,0.0,43.0,9.79,253.44,12996,Brand System,signal_refresh_complete,Round 4,Best Practice; 43 impressions; pos 9.8; best kept as cluster support,"Support role only; keep clean, indexable, and internally linked.",Refresh if query intent is relevant; preserve URL; improve sections tied to visible queries.
620,B_indexed_or_visible_refresh,storytelling-thumbnails-intrigue-not-just-subject,Storytelling Thumbnails Intrigue Not Just Subject: A Practical Lovart Workflow Guide,storytelling-thumbnails-intrigue-not-just-subject,How-To,how-to-benchmark-research,deep_refresh_candidate,b1,917.49,0.0,43.0,7.26,253.44,9042,General Creative Workflow,signal_refresh_complete,Round 2 -> Round 3,How-To; broad-intent; 43 impressions; pos 7.3; worth second-stage depth upgrade,"Second-stage deep refresh: add evidence, judgment, tested sections, and stronger FAQ.",Refresh if query intent is relevant; preserve URL; improve sections tied to visible queries.
621,B_indexed_or_visible_refresh,ai-for-teachers-classroom-education-2026,"AI Design for Teachers & Classrooms — Worksheets, Certificates & Visual Learning",ai-for-teachers-classroom-education-2026,Best Practice,lovart-best-practice,cluster_support_only,b2,732.44,0.0,42.0,8.67,253.36,12499,General Creative Workflow,signal_refresh_complete,Round 4,Best Practice; 42 impressions; pos 8.7; best kept as cluster support,"Support role only; keep clean, indexable, and internally linked.",Refresh if query intent is relevant; preserve URL; improve sections tied to visible queries.
622,B_indexed_or_visible_refresh,best-ai-design-agent-for-tattoo-artist,"Best AI Design Agent for Tattoo Artists: Flash Sheets, Portfolio Design & Tattoo Studio Branding by Lovart",best-ai-design-agent-for-tattoo-artist,Best Practice,lovart-best-practice,deep_refresh_candidate,b1,922.44,0.0,42.0,9.1,253.36,16673,Brand System,signal_refresh_complete,Round 2 -> Round 3,Best Practice; broad-intent; 42 impressions; pos 9.1; worth second-stage depth upgrade,"Second-stage deep refresh: add evidence, judgment, tested sections, and stronger FAQ.",Refresh if query intent is relevant; preserve URL; improve sections tied to visible queries.
623,B_indexed_or_visible_refresh,canva-templates-vs-lovart-generative-layouts-which-is-truly-unique,Canva Templates vs. Lovart Generative Layouts- Which is Truly Unique,c5f79b2a-1702-4be4-a750-6baa7b33020f,Review,lovart-review,keep_refresh_only,b2,777.44,0.0,42.0,8.38,253.36,9985,Canva Alternative,signal_refresh + blocker_cleanup,Round 4 -> Round 5,Review; 42 impressions; pos 8.4; maintain signal refresh state,"Keep refresh gains; add proof, CTR framing, and cluster polish only.",Refresh if query intent is relevant; preserve URL; improve sections tied to visible queries.
624,B_indexed_or_visible_refresh,canva-templates-vs-lovart-generative-layouts-which-is-truly-unique,Canva Templates vs. Lovart Generative Layouts: Which is Truly Unique?,canva-templates-vs-lovart-generative-layouts-which-is-truly-uniq,Review,lovart-review,keep_refresh_only,b2,777.44,0.0,42.0,8.38,253.36,9983,Canva Alternative,signal_refresh + blocker_cleanup,Round 4 -> Round 5,Review; 42 impressions; pos 8.4; maintain signal refresh state,"Keep refresh gains; add proof, CTR framing, and cluster polish only.",Refresh if query intent is relevant; preserve URL; improve sections tied to visible queries.
625,B_indexed_or_visible_refresh,ai-design-for-tiktok-creators-viral-visuals,AI Design For Tiktok Creators Viral Visuals: A Practical Lovart Workflow Guide,ai-design-for-tiktok-creators-viral-visuals,Best Practice,lovart-best-practice,cluster_support_only,b2,762.32,0.0,40.0,13.0,253.2,9012,General Creative Workflow,signal_refresh_complete,Round 4,Best Practice; broad-intent; 40 impressions; pos 13.0; best kept as cluster support,"Support role only; keep clean, indexable, and internally linked.",Refresh if query intent is relevant; preserve URL; improve sections tied to visible queries.
626,B_indexed_or_visible_refresh,brand-kit-dance-studio-lovart,Brand Kit for Dance Studio Lovart: Build a Visual System With AI,brand-kit-dance-studio-lovart,Best Practice,lovart-best-practice,cluster_support_only,b2,732.32,0.0,40.0,9.7,253.2,9087,Brand System,signal_refresh_complete,Round 4,Best Practice; 40 impressions; pos 9.7; best kept as cluster support,"Support role only; keep clean, indexable, and internally linked.",Refresh if query intent is relevant; preserve URL; improve sections tied to visible queries.
627,B_indexed_or_visible_refresh,case-study-filmmaker-ai-movie-poster,How Filmmaker Nadia Karimi Designed a Festival-Winning Movie Poster for $19 — And the Director Thought She'd Hired an Agency,case-study-filmmaker-ai-movie-poster,How-To,how-to-benchmark-research,keep_refresh_only,b2,747.26,0.0,39.0,8.44,253.12,16022,General Creative Workflow,signal_refresh_complete,Round 4 -> Round 5,How-To; 39 impressions; pos 8.4; maintain signal refresh state,"Keep refresh gains; add proof, CTR framing, and cluster polish only.",Refresh if query intent is relevant; preserve URL; improve sections tied to visible queries.
628,B_indexed_or_visible_refresh,how-to-create-avatars-cartoons-characters-ai,"How to Create Avatars, Cartoon Characters & Anime Art with AI",how-to-create-avatars-cartoons-characters-ai,How-To,how-to-benchmark-research,cluster_support_only,b2,727.26,0.0,39.0,10.23,253.12,51970,Character Consistency,signal_refresh_complete,Round 4,How-To; 39 impressions; pos 10.2; best kept as cluster support,"Support role only; keep clean, indexable, and internally linked.",Refresh if query intent is relevant; preserve URL; improve sections tied to visible queries.
629,B_indexed_or_visible_refresh,https-www-lovart-ai-zh-blog-vector-logo-export-why-you-need-svg-files-for-signage-and-print,Vector Logo Export Why You Need SVG Files For Signage And Print,https-www-lovart-ai-zh-blog-vector-logo-export-why-you-need-svg-,Best Practice,lovart-best-practice,cluster_support_only,b2,732.26,0.0,39.0,8.21,253.12,13239,Logo & Identity,signal_refresh + blocker_cleanup,Round 4,Best Practice; 39 impressions; pos 8.2; best kept as cluster support,"Support role only; keep clean, indexable, and internally linked.",Refresh if query intent is relevant; preserve URL; improve sections tied to visible queries.
630,B_indexed_or_visible_refresh,brand-kit-bubble-tea-shop-lovart,Brand Kit for Bubble Tea Shop Lovart: Build a Visual System With AI,brand-kit-bubble-tea-shop-lovart,Best Practice,lovart-best-practice,cluster_support_only,b2,732.2,0.0,38.0,10.42,253.04,9105,Brand System,signal_refresh_complete,Round 4,Best Practice; 38 impressions; pos 10.4; best kept as cluster support,"Support role only; keep clean, indexable, and internally linked.",Refresh if query intent is relevant; preserve URL; improve sections tied to visible queries.
631,B_indexed_or_visible_refresh,japan-market-ai-design-localization-lessons,Japan Market AI Design — Localization Lessons from 20% CTR Growth,japan-market-ai-design-localization-lessons,Insight & Trend,lovart-insight-trend,deep_refresh_candidate,b1,912.2,0.0,38.0,12.89,253.04,13828,General Creative Workflow,signal_refresh_complete,Round 2 -> Round 3,Insight & Trend; 38 impressions; pos 12.9; worth second-stage depth upgrade,"Second-stage deep refresh: add evidence, judgment, tested sections, and stronger FAQ.",Refresh if query intent is relevant; preserve URL; improve sections tied to visible queries.
632,B_indexed_or_visible_refresh,s13-why-your-designs-look-amateur,Why Your Designs Look Amateur (and How AI Fixes These 7 Mistakes),s13-why-your-designs-look-amateur,How-To,how-to-benchmark-research,keep_refresh_only,b2,747.2,0.0,38.0,8.92,253.04,9534,General Creative Workflow,signal_refresh_complete,Round 4 -> Round 5,How-To; 38 impressions; pos 8.9; maintain signal refresh state,"Keep refresh gains; add proof, CTR framing, and cluster polish only.",Refresh if query intent is relevant; preserve URL; improve sections tied to visible queries.
633,B_indexed_or_visible_refresh,01-industry-before-after-design,Before & After Design: Creating Compelling Transformation Visuals That Drive Action,01-industry-before-after-design,How-To,how-to-benchmark-research,keep_refresh_only,b2,747.09,0.0,36.0,14.11,252.88,11984,General Creative Workflow,signal_refresh_complete,Round 4 -> Round 5,How-To; 36 impressions; pos 14.1; maintain signal refresh state,"Keep refresh gains; add proof, CTR framing, and cluster polish only.",Refresh if query intent is relevant; preserve URL; improve sections tied to visible queries.
634,B_indexed_or_visible_refresh,how-to-chat-generate-sales-deck-lovart,How to Chat-Generate Sales Decks with Lovart — Pitch Decks That Close Deals,how-to-chat-generate-sales-deck-lovart,How-To,how-to-benchmark-research,keep_refresh_only,b2,747.09,0.0,36.0,5.86,252.88,51023,General Creative Workflow,signal_refresh_complete,Round 4 -> Round 5,How-To; 36 impressions; pos 5.9; maintain signal refresh state,"Keep refresh gains; add proof, CTR framing, and cluster polish only.",Refresh if query intent is relevant; preserve URL; improve sections tied to visible queries.
635,B_indexed_or_visible_refresh,03-cluster-brand-storytelling,Brand Storytelling Through Visual Design: The AI-Powered Approach,03-cluster-brand-storytelling,How-To,how-to-benchmark-research,keep_refresh_only,b2,747.03,0.0,35.0,19.37,252.8,11394,Brand System,signal_refresh_complete,Round 4 -> Round 5,How-To; 35 impressions; pos 19.4; maintain signal refresh state,"Keep refresh gains; add proof, CTR framing, and cluster polish only.",Refresh if query intent is relevant; preserve URL; improve sections tied to visible queries.
636,B_indexed_or_visible_refresh,lovart-worlds-first-ai-image-generator-intelligent-agent,Lovart AI - The World's First AI Image Generator Intelligent Agent Platform,lovart-worlds-first-ai-image-generator-intelligent-agent,How-To,how-to-benchmark-research,keep_refresh_only,b2,747.03,0.0,35.0,4.51,252.8,49607,AI Image,signal_refresh_complete,Round 4 -> Round 5,How-To; 35 impressions; pos 4.5; maintain signal refresh state,"Keep refresh gains; add proof, CTR framing, and cluster polish only.",Refresh if query intent is relevant; preserve URL; improve sections tied to visible queries.
637,B_indexed_or_visible_refresh,02-industry-product-screenshot-beautification,02 Industry Product Screenshot Beautification: A Practical Lovart Workflow Guide,02-industry-product-screenshot-beautification,How-To,how-to-benchmark-research,deep_refresh_candidate,b1,916.97,0.0,34.0,7.47,252.72,9022,General Creative Workflow,signal_refresh_complete,Round 2 -> Round 3,How-To; broad-intent; 34 impressions; pos 7.5; worth second-stage depth upgrade,"Second-stage deep refresh: add evidence, judgment, tested sections, and stronger FAQ.",Refresh if query intent is relevant; preserve URL; improve sections tied to visible queries.
638,B_indexed_or_visible_refresh,brand-kit-for-amazon-sellers,Brand Kit for Amazon Sellers: Build a Visual System With AI,blog-brand-kit-for-amazon-sellers-en,Best Practice,lovart-best-practice,cluster_support_only,b2,731.97,0.0,34.0,8.74,252.72,9057,Brand System,signal_refresh_complete,Round 4,Best Practice; 34 impressions; pos 8.7; best kept as cluster support,"Support role only; keep clean, indexable, and internally linked.",Refresh if query intent is relevant; preserve URL; improve sections tied to visible queries.
639,B_indexed_or_visible_refresh,no-magic-spells-needed-how-to-talk-to-lovart-like-a-human,"No ""Magic Spells"" Needed: How to Talk to Lovart Like a Human",no-magic-spells-needed-how-to-talk-to-lovart-like-a-human,How-To,how-to-benchmark-research,keep_refresh_only,b2,746.97,0.0,34.0,8.68,252.72,10785,General Creative Workflow,signal_refresh_complete,Round 4 -> Round 5,How-To; 34 impressions; pos 8.7; maintain signal refresh state,"Keep refresh gains; add proof, CTR framing, and cluster polish only.",Refresh if query intent is relevant; preserve URL; improve sections tied to visible queries.
640,B_indexed_or_visible_refresh,ai-design-chatcanvas-context-workflow,The Death of the Text Prompt: Why Canvas as Context is the Future of AI Design,ai-design-chatcanvas-context-workflow,Best Practice,lovart-best-practice,keep_refresh_only,b2,751.91,0.0,33.0,12.82,252.64,21617,Lovart Canvas,signal_refresh_complete,Round 4 -> Round 5,Best Practice; 33 impressions; pos 12.8; maintain signal refresh state,"Keep refresh gains; add proof, CTR framing, and cluster polish only.",Refresh if query intent is relevant; preserve URL; improve sections tied to visible queries.
641,B_indexed_or_visible_refresh,ai-design-for-podcasters-complete-visual-kit,AI Design for Podcasters — Complete Visual Kit from Cover Art to Social,ai-design-for-podcasters-complete-visual-kit,Best Practice,lovart-best-practice,cluster_support_only,b2,731.91,0.0,33.0,6.73,252.64,11494,General Creative Workflow,signal_refresh_complete,Round 4,Best Practice; 33 impressions; pos 6.7; best kept as cluster support,"Support role only; keep clean, indexable, and internally linked.",Refresh if query intent is relevant; preserve URL; improve sections tied to visible queries.
642,B_indexed_or_visible_refresh,bbq-playbook-ai-food-photography,Enter the Digital Food Stylist (How Lovart Thinks),bbq-playbook-ai-food-photography,How-To,how-to-benchmark-research,keep_refresh_only,b2,746.91,0.0,33.0,16.61,252.64,18592,General Creative Workflow,signal_refresh_complete,Round 4 -> Round 5,How-To; 33 impressions; pos 16.6; maintain signal refresh state,"Keep refresh gains; add proof, CTR framing, and cluster polish only.",Refresh if query intent is relevant; preserve URL; improve sections tied to visible queries.
643,B_indexed_or_visible_refresh,minimalist-coffee-logo-ai-prompts,The Anatomy of a Modern Coffee Brand,minimalist-coffee-logo-ai-prompts,How-To,how-to-benchmark-research,keep_refresh_only,b2,746.91,0.0,33.0,13.76,252.64,25263,Brand System,signal_refresh_complete,Round 4 -> Round 5,How-To; 33 impressions; pos 13.8; maintain signal refresh state,"Keep refresh gains; add proof, CTR framing, and cluster polish only.",Refresh if query intent is relevant; preserve URL; improve sections tied to visible queries.
644,B_indexed_or_visible_refresh,brand-kit-for-photographers,Brand Kit for Photographers: Build a Visual System With AI,blog-brand-kit-for-photographers-en,Best Practice,lovart-best-practice,cluster_support_only,b2,731.86,0.0,32.0,19.34,252.56,9051,Brand System,signal_refresh_complete,Round 4,Best Practice; 32 impressions; pos 19.3; best kept as cluster support,"Support role only; keep clean, indexable, and internally linked.",Refresh if query intent is relevant; preserve URL; improve sections tied to visible queries.
645,B_indexed_or_visible_refresh,best-ai-design-agent-for-online-seller,"Best AI Design Agent for Online Sellers — Multi-Platform Listing Visuals, Promo Graphics & Conversion-Focused Store Design",best-ai-design-agent-for-online-seller,Best Practice,lovart-best-practice,cluster_support_only,b2,761.8,0.0,31.0,12.61,252.48,9323,AI Design Agent,signal_refresh_complete,Round 4,Best Practice; broad-intent; 31 impressions; pos 12.6; best kept as cluster support,"Support role only; keep clean, indexable, and internally linked.",Refresh if query intent is relevant; preserve URL; improve sections tied to visible queries.
646,B_indexed_or_visible_refresh,best-ai-design-agent-for-piercing-studio,"Best AI Design Agent for Piercing Studios: Jewelry Menus, Aftercare Guides & Body Art Branding by Lovart",best-ai-design-agent-for-piercing-studio,Best Practice,lovart-best-practice,deep_refresh_candidate,b1,921.8,0.0,31.0,8.03,252.48,18134,Brand System,signal_refresh_complete,Round 2 -> Round 3,Best Practice; broad-intent; 31 impressions; pos 8.0; worth second-stage depth upgrade,"Second-stage deep refresh: add evidence, judgment, tested sections, and stronger FAQ.",Refresh if query intent is relevant; preserve URL; improve sections tied to visible queries.
647,B_indexed_or_visible_refresh,best-ai-design-agent-for-coffee-shop-owners,Best AI Design Agent For Coffee Shop Owners: A Practical Lovart Workflow Guide,blog-best-ai-design-agent-for-coffee-shop-owners-en,Best Practice,lovart-best-practice,deep_refresh_candidate,b1,921.8,0.0,31.0,8.42,252.48,9012,AI Design Agent,signal_refresh_complete,Round 2 -> Round 3,Best Practice; broad-intent; 31 impressions; pos 8.4; worth second-stage depth upgrade,"Second-stage deep refresh: add evidence, judgment, tested sections, and stronger FAQ.",Refresh if query intent is relevant; preserve URL; improve sections tied to visible queries.
648,B_indexed_or_visible_refresh,sora-2-vs-lovart,Sora 2 vs Lovart: Compare the Workflow Before You Choose,0fqG5ke3o5nAjEjVNKlOgB,Review,lovart-review,cluster_support_only,b2,756.74,0.0,30.0,6.17,252.4,9963,General Creative Workflow,signal_refresh_complete,Round 4,Review; 30 impressions; pos 6.2; best kept as cluster support,"Support role only; keep clean, indexable, and internally linked.",Refresh if query intent is relevant; preserve URL; improve sections tied to visible queries.
649,B_indexed_or_visible_refresh,ai-design-education-course-materials-certificates,AI Design Education Course Materials Certificates: A Practical Lovart Workflow Guide,ai-design-education-course-materials-certificates,How-To,how-to-benchmark-research,cluster_support_only,b2,756.74,0.0,30.0,14.57,252.4,9042,General Creative Workflow,signal_refresh_complete,Round 4,How-To; broad-intent; 30 impressions; pos 14.6; best kept as cluster support,"Support role only; keep clean, indexable, and internally linked.",Refresh if query intent is relevant; preserve URL; improve sections tied to visible queries.
650,B_indexed_or_visible_refresh,case-study-designer-ai-image-model-workflow,How Designer Lena Vogel Built an AI Model Workflow That Produces 4 Hours of Design in 19 Minutes,case-study-designer-ai-image-model-workflow,Best Practice,lovart-best-practice,cluster_support_only,b2,731.74,0.0,30.0,6.47,252.4,16824,AI Image,signal_refresh_complete,Round 4,Best Practice; 30 impressions; pos 6.5; best kept as cluster support,"Support role only; keep clean, indexable, and internally linked.",Refresh if query intent is relevant; preserve URL; improve sections tied to visible queries.
651,B_indexed_or_visible_refresh,case-study-poet-ai-text-art-typography,How Poet Amara Diallo Turned 83 Poems into Visual Art — And Built a Gallery Exhibition Without Touching a Paintbrush,case-study-poet-ai-text-art-typography,How-To,how-to-benchmark-research,keep_refresh_only,b2,746.74,0.0,30.0,7.5,252.4,16725,General Creative Workflow,signal_refresh_complete,Round 4 -> Round 5,How-To; 30 impressions; pos 7.5; maintain signal refresh state,"Keep refresh gains; add proof, CTR framing, and cluster polish only.",Refresh if query intent is relevant; preserve URL; improve sections tied to visible queries.
652,B_indexed_or_visible_refresh,online-ai-picture-generator-performance-marketing-scale,Online AI Picture Generator Performance Marketing Scale: Create Better Visuals From a Clear Brief,online-ai-picture-generator-performance-marketing-scale,How-To,how-to-benchmark-research,keep_refresh_only,b2,746.74,0.0,30.0,9.57,252.4,9092,General Creative Workflow,signal_refresh_complete,Round 4 -> Round 5,How-To; 30 impressions; pos 9.6; maintain signal refresh state,"Keep refresh gains; add proof, CTR framing, and cluster polish only.",Refresh if query intent is relevant; preserve URL; improve sections tied to visible queries.
653,B_indexed_or_visible_refresh,the-portfolio-renaissance-going-bananas-for-better-design,The Portfolio Renaissance: Going Bananas for Better Design,the-portfolio-renaissance-going-bananas-for-better-design,Best Practice,lovart-best-practice,cluster_support_only,b2,731.74,0.0,30.0,7.43,252.4,18211,General Creative Workflow,signal_refresh_complete,Round 4,Best Practice; 30 impressions; pos 7.4; best kept as cluster support,"Support role only; keep clean, indexable, and internally linked.",Refresh if query intent is relevant; preserve URL; improve sections tied to visible queries.
654,B_indexed_or_visible_refresh,the-best-ai-agent-driven-canvas-for-beauty-salon-owner-with-lovart-all-in-one-design-agent,The Best AI Agent Driven Canvas For Beauty Salon Owner with Lovart All-in-One Design Agent,the-best-ai-agent-driven-canvas-for-beauty-salon-owner-with-lova,Best Practice,lovart-best-practice,deep_refresh_candidate,b1,921.68,0.0,29.0,5.52,252.32,13709,AI Design Agent,signal_refresh_complete,Round 2 -> Round 3,Best Practice; broad-intent; 29 impressions; pos 5.5; worth second-stage depth upgrade,"Second-stage deep refresh: add evidence, judgment, tested sections, and stronger FAQ.",Refresh if query intent is relevant; preserve URL; improve sections tied to visible queries.
655,B_indexed_or_visible_refresh,comparison-lovart-vs-civitai,Comparison Lovart vs Civitai: Compare the Workflow Before You Choose,blog-comparison-lovart-vs-civitai-en,Review,lovart-review,cluster_support_only,b2,786.62,0.0,28.0,19.14,252.24,10047,General Creative Workflow,signal_refresh_complete,Round 4,Review; broad-intent; 28 impressions; pos 19.1; best kept as cluster support,"Support role only; keep clean, indexable, and internally linked.",Refresh if query intent is relevant; preserve URL; improve sections tied to visible queries.
656,B_indexed_or_visible_refresh,how-to-make-social-media-content-ai-bing,How to Make Social Media Content with AI Tools — Complete Workflow,how-to-make-social-media-content-ai-bing,How-To,how-to-benchmark-research,cluster_support_only,b2,756.62,0.0,28.0,15.86,252.24,14219,General Creative Workflow,signal_refresh_complete,Round 4,How-To; broad-intent; 28 impressions; pos 15.9; best kept as cluster support,"Support role only; keep clean, indexable, and internally linked.",Refresh if query intent is relevant; preserve URL; improve sections tied to visible queries.
657,B_indexed_or_visible_refresh,best-ai-design-agent-for-personal-trainer,best-ai-design-agent-for-personal-trainer,blog-best-ai-design-agent-for-personal-trainer-en,Best Practice,lovart-best-practice,cluster_support_only,b2,731.57,0.0,27.0,8.33,252.16,16358,AI Design Agent,signal_refresh_complete,Round 4,Best Practice; 27 impressions; pos 8.3; best kept as cluster support,"Support role only; keep clean, indexable, and internally linked.",Refresh if query intent is relevant; preserve URL; improve sections tied to visible queries.
658,B_indexed_or_visible_refresh,brand-kit-wedding-dj-lovart,Brand Kit for Wedding Dj Lovart: Build a Visual System With AI,brand-kit-wedding-dj-lovart,Best Practice,lovart-best-practice,cluster_support_only,b2,731.57,0.0,27.0,5.96,252.16,9075,Brand System,signal_refresh_complete,Round 4,Best Practice; 27 impressions; pos 6.0; best kept as cluster support,"Support role only; keep clean, indexable, and internally linked.",Refresh if query intent is relevant; preserve URL; improve sections tied to visible queries.
659,B_indexed_or_visible_refresh,how-to-create-tiktok-ads-with-brand-kit,The Symphony of Chaos: Mastering TikTok Ads through Agentic Design Consistency,how-to-create-tiktok-ads-with-brand-kit,Best Practice,lovart-best-practice,cluster_support_only,b2,731.57,0.0,27.0,13.41,252.16,16315,Brand System,signal_refresh_complete,Round 4,Best Practice; 27 impressions; pos 13.4; best kept as cluster support,"Support role only; keep clean, indexable, and internally linked.",Refresh if query intent is relevant; preserve URL; improve sections tied to visible queries.
660,B_indexed_or_visible_refresh,brand-kit-party-planner-lovart,Brand Kit for Party Planner Lovart: Build a Visual System With AI,brand-kit-party-planner-lovart,Best Practice,lovart-best-practice,cluster_support_only,b2,731.45,0.0,25.0,7.08,252.0,9093,Brand System,signal_refresh_complete,Round 4,Best Practice; 25 impressions; pos 7.1; best kept as cluster support,"Support role only; keep clean, indexable, and internally linked.",Refresh if query intent is relevant; preserve URL; improve sections tied to visible queries.
661,B_indexed_or_visible_refresh,global-expansion-translate-campaign-poster-ai,Global Expansion — Translating a Campaign Poster into 5 Languages in Seconds,global-expansion-translate-campaign-poster-ai,How-To,how-to-benchmark-research,keep_refresh_only,b2,746.45,0.0,25.0,4.84,252.0,12458,General Creative Workflow,signal_refresh_complete,Round 4 -> Round 5,How-To; 25 impressions; pos 4.8; maintain signal refresh state,"Keep refresh gains; add proof, CTR framing, and cluster polish only.",Refresh if query intent is relevant; preserve URL; improve sections tied to visible queries.
662,B_indexed_or_visible_refresh,stop-struggling-how-to-command-ai-to-create-pro-level-posters,Stop Struggling: How to Command AI to Create Pro-Level Posters,stop-struggling-how-to-command-ai-to-create-pro-level-posters,How-To,how-to-benchmark-research,keep_refresh_only,b2,746.45,0.0,25.0,10.72,252.0,9672,General Creative Workflow,signal_refresh_complete,Round 4 -> Round 5,How-To; 25 impressions; pos 10.7; maintain signal refresh state,"Keep refresh gains; add proof, CTR framing, and cluster polish only.",Refresh if query intent is relevant; preserve URL; improve sections tied to visible queries.
663,B_indexed_or_visible_refresh,bad-lighting-why-you-should-fix-the-light-on-your-product-before-background-removal,Bad Lighting: Why You Should Fix the Light on Your Product Before Background Removal,bad-lighting-why-you-should-fix-the-light-on-your-product-before,How-To,how-to-benchmark-research,keep_refresh_only,b2,746.39,0.0,24.0,7.88,251.92,12817,General Creative Workflow,signal_refresh_complete,Round 4 -> Round 5,How-To; 24 impressions; pos 7.9; maintain signal refresh state,"Keep refresh gains; add proof, CTR framing, and cluster polish only.",Refresh if query intent is relevant; preserve URL; improve sections tied to visible queries.
664,B_indexed_or_visible_refresh,clutter-why-simple-thumbnails-perform-better-and-how-to-remove-noise,Clutter: Why Simple Thumbnails Perform Better (and How to Remove Noise),clutter-why-simple-thumbnails-perform-better-and-how-to-remove-noise,How-To,how-to-benchmark-research,keep_refresh_only,b2,746.33,0.0,23.0,14.61,251.84,10992,General Creative Workflow,signal_refresh_complete,Round 4 -> Round 5,How-To; 23 impressions; pos 14.6; maintain signal refresh state,"Keep refresh gains; add proof, CTR framing, and cluster polish only.",Refresh if query intent is relevant; preserve URL; improve sections tied to visible queries.
665,B_indexed_or_visible_refresh,ai-design-accessibility-inclusive-design-guide,AI Design & Accessibility — How to Create Inclusive Visuals That Work for Everyone,ai-design-accessibility-inclusive-design-guide,How-To,how-to-benchmark-research,deep_refresh_candidate,b1,916.28,0.0,22.0,4.82,251.76,12979,General Creative Workflow,signal_refresh_complete,Round 2 -> Round 3,How-To; broad-intent; 22 impressions; pos 4.8; worth second-stage depth upgrade,"Second-stage deep refresh: add evidence, judgment, tested sections, and stronger FAQ.",Refresh if query intent is relevant; preserve URL; improve sections tied to visible queries.
666,B_indexed_or_visible_refresh,how-to-create-stunning-ui-layouts-with-ai-design-tools-in-2025,How to Create Stunning UI Layouts with AI Design Tools in 2026,how-to-create-stunning-ui-layouts-with-ai-design-tools-in-2025,How-To,how-to-benchmark-research,deep_refresh_candidate,b1,916.28,0.0,22.0,10.91,251.76,12688,General Creative Workflow,signal_refresh_complete,Round 2 -> Round 3,How-To; broad-intent; 22 impressions; pos 10.9; worth second-stage depth upgrade,"Second-stage deep refresh: add evidence, judgment, tested sections, and stronger FAQ.",Refresh if query intent is relevant; preserve URL; improve sections tied to visible queries.
667,B_indexed_or_visible_refresh,https-www-lovart-ai-blog-ai-design-video-agents-dtc-workflow-compression,AI Design Video Agents DTC Workflow Compression,https-www-lovart-ai-blog-ai-design-video-agents-dtc-workflow-com,Best Practice,lovart-best-practice,cluster_support_only,b2,731.28,0.0,22.0,5.5,251.76,15248,AI Video,signal_refresh_complete,Round 4,Best Practice; 22 impressions; pos 5.5; best kept as cluster support,"Support role only; keep clean, indexable, and internally linked.",Refresh if query intent is relevant; preserve URL; improve sections tied to visible queries.
668,B_indexed_or_visible_refresh,insight-2027-content-year-summary,Lovart 2026: A Year in Content & Community — The Full Recap,insight-2027-content-year-summary,How-To,how-to-benchmark-research,keep_refresh_only,b2,746.28,0.0,22.0,7.77,251.76,10917,General Creative Workflow,signal_refresh_complete,Round 4 -> Round 5,How-To; 22 impressions; pos 7.8; maintain signal refresh state,"Keep refresh gains; add proof, CTR framing, and cluster polish only.",Refresh if query intent is relevant; preserve URL; improve sections tied to visible queries.
669,B_indexed_or_visible_refresh,real-estate-design-tools-compared,Real Estate Marketing Tools Compared: Canva vs AgentPrint vs Lovart,real-estate-design-tools-compared,Review,lovart-review,deep_refresh_candidate,b1,946.28,0.0,22.0,8.27,251.76,10621,Canva Alternative,signal_refresh_complete,Round 2 -> Round 3,Review; broad-intent; 22 impressions; pos 8.3; worth second-stage depth upgrade,"Second-stage deep refresh: add evidence, judgment, tested sections, and stronger FAQ.",Refresh if query intent is relevant; preserve URL; improve sections tied to visible queries.
670,B_indexed_or_visible_refresh,ai-design-erase-vs-replace-workflow,The Subtractive Method: When to Erase and When to Replace in AI Design,ai-design-erase-vs-replace-workflow,Review,lovart-review,keep_refresh_only,b2,776.22,0.0,21.0,7.57,251.68,22157,General Creative Workflow,signal_refresh_complete,Round 4 -> Round 5,Review; 21 impressions; pos 7.6; maintain signal refresh state,"Keep refresh gains; add proof, CTR framing, and cluster polish only.",Refresh if query intent is relevant; preserve URL; improve sections tied to visible queries.
671,B_indexed_or_visible_refresh,brand-kit-for-podcasters,Brand Kit for Podcasters: Build a Visual System With AI,blog-brand-kit-for-podcasters-en,Best Practice,lovart-best-practice,cluster_support_only,b2,731.22,0.0,21.0,17.57,251.68,9033,Brand System,signal_refresh_complete,Round 4,Best Practice; 21 impressions; pos 17.6; best kept as cluster support,"Support role only; keep clean, indexable, and internally linked.",Refresh if query intent is relevant; preserve URL; improve sections tied to visible queries.
672,B_indexed_or_visible_refresh,best-ai-design-agent-for-real-estate-agents,Best AI Design Agent For Real Estate Agents: A Practical Lovart Workflow Guide,blog-best-ai-design-agent-for-real-estate-agents-en,Best Practice,lovart-best-practice,cluster_support_only,b2,761.16,0.0,20.0,15.55,251.6,9012,AI Design Agent,signal_refresh_complete,Round 4,Best Practice; broad-intent; 20 impressions; pos 15.6; best kept as cluster support,"Support role only; keep clean, indexable, and internally linked.",Refresh if query intent is relevant; preserve URL; improve sections tied to visible queries.
673,B_indexed_or_visible_refresh,01-industry-multi-platform-restaurant,Multi-Platform Restaurant Branding: From Menu to Instagram to Google to UberEats — One Cohesive Visual System,01-industry-multi-platform-restaurant,How-To,how-to-benchmark-research,keep_refresh_only,b2,746.1,0.0,19.0,13.84,251.52,9215,Brand System,signal_refresh_complete,Round 4 -> Round 5,How-To; 19 impressions; pos 13.8; maintain signal refresh state,"Keep refresh gains; add proof, CTR framing, and cluster polish only.",Refresh if query intent is relevant; preserve URL; improve sections tied to visible queries.
674,B_indexed_or_visible_refresh,comparison-lovart-vs-luma-dream-machine,Comparison Lovart vs Luma Dream Machine: Compare the Workflow Before You Choose,blog-comparison-lovart-vs-luma-dream-machine-en,Review,lovart-review,deep_refresh_candidate,b1,946.1,0.0,19.0,11.16,251.52,10124,General Creative Workflow,signal_refresh_complete,Round 2 -> Round 3,Review; broad-intent; 19 impressions; pos 11.2; worth second-stage depth upgrade,"Second-stage deep refresh: add evidence, judgment, tested sections, and stronger FAQ.",Refresh if query intent is relevant; preserve URL; improve sections tied to visible queries.
675,B_indexed_or_visible_refresh,brand-kit-ice-cream-shop-lovart,Brand Kit for Ice Cream Shop Lovart: Build a Visual System With AI,brand-kit-ice-cream-shop-lovart,Best Practice,lovart-best-practice,cluster_support_only,b2,731.1,0.0,19.0,12.95,251.52,9099,Brand System,signal_refresh_complete,Round 4,Best Practice; 19 impressions; pos 12.9; best kept as cluster support,"Support role only; keep clean, indexable, and internally linked.",Refresh if query intent is relevant; preserve URL; improve sections tied to visible queries.
676,B_indexed_or_visible_refresh,how-to-chat-generate-illustration-lovart,How to Chat-Generate Illustrations with Lovart — Editorial Art Without Hiring an Illustrator,how-to-chat-generate-illustration-lovart,How-To,how-to-benchmark-research,keep_refresh_only,b2,746.1,0.0,19.0,9.0,251.52,12255,General Creative Workflow,signal_refresh_complete,Round 4 -> Round 5,How-To; 19 impressions; pos 9.0; maintain signal refresh state,"Keep refresh gains; add proof, CTR framing, and cluster polish only.",Refresh if query intent is relevant; preserve URL; improve sections tied to visible queries.
677,B_indexed_or_visible_refresh,marketing-director-ai-design,The Marketing Director's AI Design Playbook: Scaling Creative Output Without Scaling Headcount,marketing-director-ai-design,How-To,how-to-benchmark-research,keep_refresh_only,b2,746.1,0.0,19.0,5.42,251.52,13222,General Creative Workflow,signal_refresh_complete,Round 4 -> Round 5,How-To; 19 impressions; pos 5.4; maintain signal refresh state,"Keep refresh gains; add proof, CTR framing, and cluster polish only.",Refresh if query intent is relevant; preserve URL; improve sections tied to visible queries.
678,B_indexed_or_visible_refresh,chatcanvas-vs-traditional-design-tools,Chatcanvas vs Traditional Design Tools: Compare the Workflow Before You Choose,chatcanvas-vs-traditional-design-tools,Review,lovart-review,deep_refresh_candidate,b1,946.04,0.0,18.0,7.72,251.44,10117,Lovart Canvas,signal_refresh_complete,Round 2 -> Round 3,Review; broad-intent; 18 impressions; pos 7.7; worth second-stage depth upgrade,"Second-stage deep refresh: add evidence, judgment, tested sections, and stronger FAQ.",Refresh if query intent is relevant; preserve URL; improve sections tied to visible queries.
679,B_indexed_or_visible_refresh,veo-3-1-vs-lovart,Veo 3 1 vs Lovart: Compare the Workflow Before You Choose,y2MFYERGQO0IvWXX54vJuk,Review,lovart-review,cluster_support_only,b2,756.04,0.0,18.0,10.67,251.44,9970,General Creative Workflow,signal_refresh_complete,Round 4,Review; 18 impressions; pos 10.7; best kept as cluster support,"Support role only; keep clean, indexable, and internally linked.",Refresh if query intent is relevant; preserve URL; improve sections tied to visible queries.
680,B_indexed_or_visible_refresh,ai-design-for-pet-businesses-2026,"AI Design for Pet Businesses — Groomers, Trainers & Pet Brands Made Easy",ai-design-for-pet-businesses-2026,Best Practice,lovart-best-practice,cluster_support_only,b2,730.99,0.0,17.0,5.12,251.36,14050,Brand System,signal_refresh_complete,Round 4,Best Practice; 17 impressions; pos 5.1; best kept as cluster support,"Support role only; keep clean, indexable, and internally linked.",Refresh if query intent is relevant; preserve URL; improve sections tied to visible queries.
681,B_indexed_or_visible_refresh,best-ai-design-agent-for-artisan-bakery-owner,Best AI Design Agent For Artisan Bakery Owner: A Practical Lovart Workflow Guide,best-ai-design-agent-for-artisan-bakery-owner,Best Practice,lovart-best-practice,cluster_support_only,b2,760.99,0.0,17.0,12.94,251.36,9022,AI Design Agent,signal_refresh_complete,Round 4,Best Practice; broad-intent; 17 impressions; pos 12.9; best kept as cluster support,"Support role only; keep clean, indexable, and internally linked.",Refresh if query intent is relevant; preserve URL; improve sections tied to visible queries.
682,B_indexed_or_visible_refresh,best-ai-design-agent-for-beauty-salon-owner,Best AI Design Agent For Beauty Salon Owner: A Practical Lovart Workflow Guide,best-ai-design-agent-for-beauty-salon-owner,Best Practice,lovart-best-practice,deep_refresh_candidate,b1,920.99,0.0,17.0,11.06,251.36,9012,AI Design Agent,signal_refresh_complete,Round 2 -> Round 3,Best Practice; broad-intent; 17 impressions; pos 11.1; worth second-stage depth upgrade,"Second-stage deep refresh: add evidence, judgment, tested sections, and stronger FAQ.",Refresh if query intent is relevant; preserve URL; improve sections tied to visible queries.
683,B_indexed_or_visible_refresh,best-ai-design-agent-for-food-truck-owner,"Best AI Design Agent for Food Truck Owners: Window Menus, Truck Wrap Concepts & Event Banners by Lovart",best-ai-design-agent-for-food-truck-owner,Best Practice,lovart-best-practice,cluster_support_only,b2,760.99,0.0,17.0,15.0,251.36,14646,AI Design Agent,signal_refresh_complete,Round 4,Best Practice; broad-intent; 17 impressions; pos 15.0; best kept as cluster support,"Support role only; keep clean, indexable, and internally linked.",Refresh if query intent is relevant; preserve URL; improve sections tied to visible queries.
684,B_indexed_or_visible_refresh,best-ai-design-agent-for-social-media-marketing-manager,"Best AI Design Agent for Social Media Marketing Managers — Client Content Batching, Multi-Brand Management & Creative Scaling",best-ai-design-agent-for-social-media-marketing-manager,Best Practice,lovart-best-practice,cluster_support_only,b2,760.99,0.0,17.0,14.82,251.36,10035,Brand System,signal_refresh_complete,Round 4,Best Practice; broad-intent; 17 impressions; pos 14.8; best kept as cluster support,"Support role only; keep clean, indexable, and internally linked.",Refresh if query intent is relevant; preserve URL; improve sections tied to visible queries.
685,B_indexed_or_visible_refresh,best-ai-design-agent-for-vegan-restaurant-owner,"Best AI Design Agent for Vegan Restaurant Owners: Plant-Based Menus, Sustainability Visuals & Ethical Brand Design by Lovart",best-ai-design-agent-for-vegan-restaurant-owner,Best Practice,lovart-best-practice,deep_refresh_candidate,b1,920.99,0.0,17.0,7.18,251.36,16093,Brand System,signal_refresh_complete,Round 2 -> Round 3,Best Practice; broad-intent; 17 impressions; pos 7.2; worth second-stage depth upgrade,"Second-stage deep refresh: add evidence, judgment, tested sections, and stronger FAQ.",Refresh if query intent is relevant; preserve URL; improve sections tied to visible queries.
686,B_indexed_or_visible_refresh,brand-kit-dog-walker-lovart,Brand Kit for Dog Walker Lovart: Build a Visual System With AI,brand-kit-dog-walker-lovart,Best Practice,lovart-best-practice,cluster_support_only,b2,730.99,0.0,17.0,16.94,251.36,9075,Brand System,signal_refresh_complete,Round 4,Best Practice; 17 impressions; pos 16.9; best kept as cluster support,"Support role only; keep clean, indexable, and internally linked.",Refresh if query intent is relevant; preserve URL; improve sections tied to visible queries.
687,B_indexed_or_visible_refresh,case-study-gallery-owner-ai-art-exhibition,Case Study Gallery Owner AI Art Exhibition: A Practical Lovart Workflow Guide,case-study-gallery-owner-ai-art-exhibition,How-To,how-to-benchmark-research,cluster_support_only,b2,755.99,0.0,17.0,14.82,251.36,9007,General Creative Workflow,signal_refresh_complete,Round 4,How-To; broad-intent; 17 impressions; pos 14.8; best kept as cluster support,"Support role only; keep clean, indexable, and internally linked.",Refresh if query intent is relevant; preserve URL; improve sections tied to visible queries.
688,B_indexed_or_visible_refresh,brand-consistency-at-scale-ai-campaigns-2027,Brand Consistency at Scale: Managing 10+ Campaigns with AI Design Tools,brand-consistency-at-scale-ai-campaigns-2027,How-To,how-to-benchmark-research,deep_refresh_candidate,b1,915.93,0.0,16.0,6.69,251.28,14256,Brand System,signal_refresh_complete,Round 2 -> Round 3,How-To; broad-intent; 16 impressions; pos 6.7; worth second-stage depth upgrade,"Second-stage deep refresh: add evidence, judgment, tested sections, and stronger FAQ.",Refresh if query intent is relevant; preserve URL; improve sections tied to visible queries.
689,B_indexed_or_visible_refresh,remix-culture-editable-ai-assets-new-stock-photography,Remix Culture Editable AI Assets New Stock Photography: A Practical Lovart Workflow Guide,remix-culture-editable-ai-assets-new-stock-photography,How-To,how-to-benchmark-research,deep_refresh_candidate,b1,915.93,0.0,16.0,6.69,251.28,9067,General Creative Workflow,signal_refresh_complete,Round 2 -> Round 3,How-To; broad-intent; 16 impressions; pos 6.7; worth second-stage depth upgrade,"Second-stage deep refresh: add evidence, judgment, tested sections, and stronger FAQ.",Refresh if query intent is relevant; preserve URL; improve sections tied to visible queries.
690,B_indexed_or_visible_refresh,best-ai-design-agent-for-nutritionist,"Best AI Design Agent for Nutritionists: Meal Plans, Client Handouts & Nutrition Education Visuals by Lovart",best-ai-design-agent-for-nutritionist,Best Practice,lovart-best-practice,deep_refresh_candidate,b1,920.87,0.0,15.0,7.4,251.2,16634,AI Design Agent,signal_refresh_complete,Round 2 -> Round 3,Best Practice; broad-intent; 15 impressions; pos 7.4; worth second-stage depth upgrade,"Second-stage deep refresh: add evidence, judgment, tested sections, and stronger FAQ.",Refresh if query intent is relevant; preserve URL; improve sections tied to visible queries.
691,B_indexed_or_visible_refresh,spatial-thinking-how-seeing-everything-at-once-improves-creativity,Spatial Thinking: How Seeing Everything at Once Improves Creativity,spatial-thinking-how-seeing-everything-at-once-improves-creativi,How-To,how-to-benchmark-research,keep_refresh_only,b2,745.87,0.0,15.0,9.0,251.2,13949,General Creative Workflow,signal_refresh_complete,Round 4 -> Round 5,How-To; 15 impressions; pos 9.0; maintain signal refresh state,"Keep refresh gains; add proof, CTR framing, and cluster polish only.",Refresh if query intent is relevant; preserve URL; improve sections tied to visible queries.
692,B_indexed_or_visible_refresh,ai-design-education,AI Design for Education: The 205 Hours Teachers Spend on Design Every Year,ai-design-education,How-To,how-to-benchmark-research,keep_refresh_only,b2,745.81,0.0,14.0,6.07,251.12,15123,General Creative Workflow,signal_refresh_complete,Round 4 -> Round 5,How-To; 14 impressions; pos 6.1; maintain signal refresh state,"Keep refresh gains; add proof, CTR framing, and cluster polish only.",Refresh if query intent is relevant; preserve URL; improve sections tied to visible queries.
693,B_indexed_or_visible_refresh,ai-design-marketing-teams,AI Design for Marketing Teams: The Economics of Throughput,ai-design-marketing-teams,How-To,how-to-benchmark-research,keep_refresh_only,b2,745.81,0.0,14.0,6.14,251.12,11678,General Creative Workflow,signal_refresh_complete,Round 4 -> Round 5,How-To; 14 impressions; pos 6.1; maintain signal refresh state,"Keep refresh gains; add proof, CTR framing, and cluster polish only.",Refresh if query intent is relevant; preserve URL; improve sections tied to visible queries.
694,B_indexed_or_visible_refresh,best-agent-for-social-media-marketing-manager,Best Agent For Social Media Marketing Manager: A Practical Lovart Workflow Guide,best-agent-for-social-media-marketing-manager,Best Practice,lovart-best-practice,deep_refresh_candidate,b1,920.81,0.0,14.0,5.43,251.12,9022,General Creative Workflow,signal_refresh_complete,Round 2 -> Round 3,Best Practice; broad-intent; 14 impressions; pos 5.4; worth second-stage depth upgrade,"Second-stage deep refresh: add evidence, judgment, tested sections, and stronger FAQ.",Refresh if query intent is relevant; preserve URL; improve sections tied to visible queries.
695,B_indexed_or_visible_refresh,best-ai-design-agent-for-pilates-studio-owner,Best AI Design Agent For Pilates Studio Owner: A Practical Lovart Workflow Guide,best-ai-design-agent-for-pilates-studio-owner,Best Practice,lovart-best-practice,deep_refresh_candidate,b1,920.81,0.0,14.0,11.43,251.12,9022,AI Design Agent,signal_refresh_complete,Round 2 -> Round 3,Best Practice; broad-intent; 14 impressions; pos 11.4; worth second-stage depth upgrade,"Second-stage deep refresh: add evidence, judgment, tested sections, and stronger FAQ.",Refresh if query intent is relevant; preserve URL; improve sections tied to visible queries.
696,B_indexed_or_visible_refresh,best-ai-design-agent-for-shopify-merchant,Best AI Design Agent For Shopify Merchant: A Practical Lovart Workflow Guide,best-ai-design-agent-for-shopify-merchant,Best Practice,lovart-best-practice,deep_refresh_candidate,b1,920.81,0.0,14.0,8.21,251.12,9002,AI Design Agent,signal_refresh_complete,Round 2 -> Round 3,Best Practice; broad-intent; 14 impressions; pos 8.2; worth second-stage depth upgrade,"Second-stage deep refresh: add evidence, judgment, tested sections, and stronger FAQ.",Refresh if query intent is relevant; preserve URL; improve sections tied to visible queries.
697,B_indexed_or_visible_refresh,brand-kit-for-gym-owner,Brand Kit for Gym Owner: Build a Visual System With AI,blog-brand-kit-for-gym-owner-en,Best Practice,lovart-best-practice,cluster_support_only,b2,730.81,0.0,14.0,8.14,251.12,9027,Brand System,signal_refresh_complete,Round 4,Best Practice; 14 impressions; pos 8.1; best kept as cluster support,"Support role only; keep clean, indexable, and internally linked.",Refresh if query intent is relevant; preserve URL; improve sections tied to visible queries.
698,B_indexed_or_visible_refresh,step-by-step-reels-cover-without-photoshop,Step By Step Reels Cover Without Photoshop: A Practical Lovart Workflow Guide,step-by-step-reels-cover-without-photoshop,How-To,how-to-benchmark-research,cluster_support_only,b2,755.81,0.0,14.0,12.36,251.12,9007,General Creative Workflow,signal_refresh_complete,Round 4,How-To; broad-intent; 14 impressions; pos 12.4; best kept as cluster support,"Support role only; keep clean, indexable, and internally linked.",Refresh if query intent is relevant; preserve URL; improve sections tied to visible queries.
699,B_indexed_or_visible_refresh,lovart-vs-canva-2026,Lovart vs Canva 2026: AI Design Agent vs Template Editor,bd-lovart-vs-canva-2026,Review,lovart-review,deep_refresh_candidate,b1,945.7,0.0,12.0,5.08,250.96,10000,Canva Alternative,signal_refresh_complete,Round 2 -> Round 3,Review; broad-intent; 12 impressions; pos 5.1; worth second-stage depth upgrade,"Second-stage deep refresh: add evidence, judgment, tested sections, and stronger FAQ.",Refresh if query intent is relevant; preserve URL; improve sections tied to visible queries.
700,B_indexed_or_visible_refresh,brand-kit-for-life-coachs,Brand Kit for Life Coachs: Build a Visual System With AI,blog-brand-kit-for-life-coachs-en,Best Practice,lovart-best-practice,cluster_support_only,b2,730.7,0.0,12.0,7.83,250.96,9039,Brand System,signal_refresh_complete,Round 4,Best Practice; 12 impressions; pos 7.8; best kept as cluster support,"Support role only; keep clean, indexable, and internally linked.",Refresh if query intent is relevant; preserve URL; improve sections tied to visible queries.
701,B_indexed_or_visible_refresh,lovart-vs-canva-2026,Lovart vs Canva 2026: AI Design Agent vs Template Editor,blog-lovart-vs-canva-2026-en,Review,lovart-review,deep_refresh_candidate,b1,945.7,0.0,12.0,5.08,250.96,10000,Canva Alternative,signal_refresh_complete,Round 2 -> Round 3,Review; broad-intent; 12 impressions; pos 5.1; worth second-stage depth upgrade,"Second-stage deep refresh: add evidence, judgment, tested sections, and stronger FAQ.",Refresh if query intent is relevant; preserve URL; improve sections tied to visible queries.
702,B_indexed_or_visible_refresh,case-study-architect-ai-floor-plan-client,How Architect Takeshi Yamamoto Created 18 Floor Plan Concepts in a Single Client Meeting — And Cut His Sales Cycle by 67%,case-study-architect-ai-floor-plan-client,How-To,how-to-benchmark-research,keep_refresh_only,b2,745.7,0.0,12.0,16.83,250.96,16690,General Creative Workflow,signal_refresh_complete,Round 4 -> Round 5,How-To; 12 impressions; pos 16.8; maintain signal refresh state,"Keep refresh gains; add proof, CTR framing, and cluster polish only.",Refresh if query intent is relevant; preserve URL; improve sections tied to visible queries.
703,B_indexed_or_visible_refresh,case-study-architect-ai-sketches-concept,How Architect Mateo Reyes Cut Concept Design from 12 Days to 4 Hours — And Won 3 Projects His Firm Expected to Lose,case-study-architect-ai-sketches-concept,How-To,how-to-benchmark-research,keep_refresh_only,b2,745.7,0.0,12.0,6.5,250.96,15655,General Creative Workflow,signal_refresh_complete,Round 4 -> Round 5,How-To; 12 impressions; pos 6.5; maintain signal refresh state,"Keep refresh gains; add proof, CTR framing, and cluster polish only.",Refresh if query intent is relevant; preserve URL; improve sections tied to visible queries.
704,B_indexed_or_visible_refresh,best-ai-design-agent-for-digital-marketing-manager,"Best AI Design Agent for Digital Marketing Managers — Campaign Creative, Landing Page Visuals & Full-Funnel Brand Assets",best-ai-design-agent-for-digital-marketing-manager,Best Practice,lovart-best-practice,deep_refresh_candidate,b1,920.64,0.0,11.0,8.91,250.88,9786,Brand System,signal_refresh_complete,Round 2 -> Round 3,Best Practice; broad-intent; 11 impressions; pos 8.9; worth second-stage depth upgrade,"Second-stage deep refresh: add evidence, judgment, tested sections, and stronger FAQ.",Refresh if query intent is relevant; preserve URL; improve sections tied to visible queries.
705,B_indexed_or_visible_refresh,ai-ad-generators-for-professional-designers,AI Ad Generators For Professional Designers: Create Better Visuals From a Clear Brief,blog-ai-ad-generators-professional-designers-en,Best Practice,lovart-best-practice,cluster_support_only,b2,730.64,0.0,11.0,19.55,250.88,9032,General Creative Workflow,signal_refresh_complete,Round 4,Best Practice; 11 impressions; pos 19.6; best kept as cluster support,"Support role only; keep clean, indexable, and internally linked.",Refresh if query intent is relevant; preserve URL; improve sections tied to visible queries.
706,B_indexed_or_visible_refresh,ai-social-media-post-generator,Ai Social Media Post Generator: AI-Powered Creation Tool 202,blog-ai-social-media-post-generator-en,How-To,how-to-benchmark-research,keep_refresh_only,b2,745.64,0.0,11.0,15.18,250.88,48410,General Creative Workflow,signal_refresh_complete,Round 4 -> Round 5,How-To; 11 impressions; pos 15.2; maintain signal refresh state,"Keep refresh gains; add proof, CTR framing, and cluster polish only.",Refresh if query intent is relevant; preserve URL; improve sections tied to visible queries.
707,B_indexed_or_visible_refresh,brand-kit-for-influencers,Brand Kit for Influencers: Build a Visual System With AI,blog-brand-kit-for-influencers-en,Best Practice,lovart-best-practice,cluster_support_only,b2,730.64,0.0,11.0,18.91,250.88,9039,Brand System,signal_refresh_complete,Round 4,Best Practice; 11 impressions; pos 18.9; best kept as cluster support,"Support role only; keep clean, indexable, and internally linked.",Refresh if query intent is relevant; preserve URL; improve sections tied to visible queries.
708,B_indexed_or_visible_refresh,brand-kit-vintage-shop-lovart,Brand Kit for Vintage Shop Lovart: Build a Visual System With AI,brand-kit-vintage-shop-lovart,Best Practice,lovart-best-practice,cluster_support_only,b2,730.64,0.0,11.0,12.27,250.88,9087,Brand System,signal_refresh_complete,Round 4,Best Practice; 11 impressions; pos 12.3; best kept as cluster support,"Support role only; keep clean, indexable, and internally linked.",Refresh if query intent is relevant; preserve URL; improve sections tied to visible queries.
709,B_indexed_or_visible_refresh,hedra-ai-vs-lovart,Hedra AI vs Lovart: AI Character Animation Compared,0fqG5ke3o5nAjEjVNKlO71,Review,lovart-review,keep_refresh_only,b2,805.58,0.0,10.0,14.4,250.8,9511,Character Consistency,signal_refresh_complete,Round 4 -> Round 5,Review; broad-intent; 10 impressions; pos 14.4; maintain signal refresh state,"Keep refresh gains; add proof, CTR framing, and cluster polish only.",Refresh if query intent is relevant; preserve URL; improve sections tied to visible queries.
710,B_indexed_or_visible_refresh,how-to-create-client-contracts-without-photoshop,How To Create Client Contracts Without Photoshop: A Practical Lovart Workflow Guide,blog-how-to-create-client-contracts-without-photoshop-en,How-To,how-to-benchmark-research,deep_refresh_candidate,b1,915.58,0.0,10.0,5.8,250.8,9037,General Creative Workflow,signal_refresh_complete,Round 2 -> Round 3,How-To; broad-intent; 10 impressions; pos 5.8; worth second-stage depth upgrade,"Second-stage deep refresh: add evidence, judgment, tested sections, and stronger FAQ.",Refresh if query intent is relevant; preserve URL; improve sections tied to visible queries.
711,B_indexed_or_visible_refresh,case-study-cafe-owner-ai-menu-brand-redesign,How Café Owner Leila Haddad Redesigned Her Menu and Brand in One Weekend — And Lines Formed Around the Block,case-study-cafe-owner-ai-menu-brand-redesign,How-To,how-to-benchmark-research,keep_refresh_only,b2,745.58,0.0,10.0,7.9,250.8,16165,Brand System,signal_refresh_complete,Round 4 -> Round 5,How-To; 10 impressions; pos 7.9; maintain signal refresh state,"Keep refresh gains; add proof, CTR framing, and cluster polish only.",Refresh if query intent is relevant; preserve URL; improve sections tied to visible queries.
712,B_indexed_or_visible_refresh,hedra-ai-vs-lovart,Hedra AI vs Lovart: AI Video with Character — Which Platform Owns the Human Element?,hedra-ai-vs-lovart,Review,lovart-review,keep_refresh_only,b2,775.58,0.0,10.0,14.4,250.8,10375,AI Video,signal_refresh_complete,Round 4 -> Round 5,Review; 10 impressions; pos 14.4; maintain signal refresh state,"Keep refresh gains; add proof, CTR framing, and cluster polish only.",Refresh if query intent is relevant; preserve URL; improve sections tied to visible queries.
713,B_indexed_or_visible_refresh,how-to-create-linkedin-banner-with-brand-kit,The 1.5-Second Professional Handshake: Why Your LinkedIn Banner Makes or Breaks B2B Trust,how-to-create-linkedin-banner-with-brand-kit,Best Practice,lovart-best-practice,cluster_support_only,b2,730.58,0.0,10.0,13.6,250.8,12024,Brand System,signal_refresh_complete,Round 4,Best Practice; 10 impressions; pos 13.6; best kept as cluster support,"Support role only; keep clean, indexable, and internally linked.",Refresh if query intent is relevant; preserve URL; improve sections tied to visible queries.
714,B_indexed_or_visible_refresh,lovart-ai-community-deep-thinking-design,Lovart AI Community - Where Creators Think Deeply About Design,lovart-ai-community-deep-thinking-design,How-To,how-to-benchmark-research,keep_refresh_only,b2,745.58,0.0,10.0,5.2,250.8,43878,General Creative Workflow,signal_refresh_complete,Round 4 -> Round 5,How-To; 10 impressions; pos 5.2; maintain signal refresh state,"Keep refresh gains; add proof, CTR framing, and cluster polish only.",Refresh if query intent is relevant; preserve URL; improve sections tied to visible queries.
715,B_indexed_or_visible_refresh,step-by-step-open-house-flyers-without-photoshop,Step By Step Open House Flyers Without Photoshop: A Practical Lovart Workflow Guide,step-by-step-open-house-flyers-without-photoshop,How-To,how-to-benchmark-research,deep_refresh_candidate,b1,915.58,0.0,10.0,5.2,250.8,9037,General Creative Workflow,signal_refresh_complete,Round 2 -> Round 3,How-To; broad-intent; 10 impressions; pos 5.2; worth second-stage depth upgrade,"Second-stage deep refresh: add evidence, judgment, tested sections, and stronger FAQ.",Refresh if query intent is relevant; preserve URL; improve sections tied to visible queries.
716,B_indexed_or_visible_refresh,traditional-designer-to-ai-designer-transition,From Photoshop to AI Agent — A Traditional Designer's Transition Guide,traditional-designer-to-ai-designer-transition,How-To,how-to-benchmark-research,deep_refresh_candidate,b1,915.58,0.0,10.0,8.7,250.8,18500,General Creative Workflow,signal_refresh_complete,Round 2 -> Round 3,How-To; broad-intent; 10 impressions; pos 8.7; worth second-stage depth upgrade,"Second-stage deep refresh: add evidence, judgment, tested sections, and stronger FAQ.",Refresh if query intent is relevant; preserve URL; improve sections tied to visible queries.
717,B_indexed_or_visible_refresh,best-ai-design-agent-for-independent-cafe-owner,Best AI Design Agent For Independent Cafe Owner: A Practical Lovart Workflow Guide,best-ai-design-agent-for-independent-cafe-owner,Best Practice,lovart-best-practice,cluster_support_only,b2,760.52,0.0,9.0,17.56,250.72,9032,AI Design Agent,signal_refresh_complete,Round 4,Best Practice; broad-intent; 9 impressions; pos 17.6; best kept as cluster support,"Support role only; keep clean, indexable, and internally linked.",Refresh if query intent is relevant; preserve URL; improve sections tied to visible queries.
718,B_indexed_or_visible_refresh,brand-kit-pet-groomer-lovart,Brand Kit for Pet Groomer Lovart: Build a Visual System With AI,brand-kit-pet-groomer-lovart,Best Practice,lovart-best-practice,cluster_support_only,b2,730.52,0.0,9.0,7.67,250.72,9081,Brand System,signal_refresh_complete,Round 4,Best Practice; 9 impressions; pos 7.7; best kept as cluster support,"Support role only; keep clean, indexable, and internally linked.",Refresh if query intent is relevant; preserve URL; improve sections tied to visible queries.
719,B_indexed_or_visible_refresh,how-to-create-real-estate-marketing-materials-ai,How To Create Real Estate Marketing Materials AI: A Practical Lovart Workflow Guide,how-to-create-real-estate-marketing-materials-ai,How-To,how-to-benchmark-research,cluster_support_only,b2,755.52,0.0,9.0,16.67,250.72,9037,General Creative Workflow,signal_refresh_complete,Round 4,How-To; broad-intent; 9 impressions; pos 16.7; best kept as cluster support,"Support role only; keep clean, indexable, and internally linked.",Refresh if query intent is relevant; preserve URL; improve sections tied to visible queries.
720,B_indexed_or_visible_refresh,lovart-ai-creation-history-track-creative-journey,Lovart AI Creation History - Track Your Creative Journey,lovart-ai-creation-history-track-creative-journey,How-To,how-to-benchmark-research,keep_refresh_only,b2,745.52,0.0,9.0,10.0,250.72,43340,General Creative Workflow,signal_refresh_complete,Round 4 -> Round 5,How-To; 9 impressions; pos 10.0; maintain signal refresh state,"Keep refresh gains; add proof, CTR framing, and cluster polish only.",Refresh if query intent is relevant; preserve URL; improve sections tied to visible queries.
721,B_indexed_or_visible_refresh,midjourney-alternatives-for-free-2026,Free Midjourney Alternative: When to Use a Design Agent Instead,bd-midjourney-alternatives-for-free-2026,Review,lovart-review,deep_refresh_candidate,b1,945.46,0.0,8.0,7.25,250.64,10113,General Creative Workflow,signal_refresh_complete,Round 2 -> Round 3,Review; broad-intent; 8 impressions; pos 7.2; worth second-stage depth upgrade,"Second-stage deep refresh: add evidence, judgment, tested sections, and stronger FAQ.",Refresh if query intent is relevant; preserve URL; improve sections tied to visible queries.
722,B_indexed_or_visible_refresh,brand-kit-dermatologist-lovart,Brand Kit for Dermatologist Lovart: Build a Visual System With AI,brand-kit-dermatologist-lovart,Best Practice,lovart-best-practice,cluster_support_only,b2,730.46,0.0,8.0,4.88,250.64,9093,Brand System,signal_refresh_complete,Round 4,Best Practice; 8 impressions; pos 4.9; best kept as cluster support,"Support role only; keep clean, indexable, and internally linked.",Refresh if query intent is relevant; preserve URL; improve sections tied to visible queries.
723,B_indexed_or_visible_refresh,brand-kit-soap-maker-lovart,Brand Kit for Soap Maker Lovart: Build a Visual System With AI,brand-kit-soap-maker-lovart,Best Practice,lovart-best-practice,cluster_support_only,b2,730.46,0.0,8.0,8.62,250.64,9075,Brand System,signal_refresh_complete,Round 4,Best Practice; 8 impressions; pos 8.6; best kept as cluster support,"Support role only; keep clean, indexable, and internally linked.",Refresh if query intent is relevant; preserve URL; improve sections tied to visible queries.
724,B_indexed_or_visible_refresh,lovart-pro-ai-design-agent-logos-brands-video,"Lovart Pro - AI Design Agent for Logos, Brands & Video",lovart-pro-ai-design-agent-logos-brands-video,How-To,how-to-benchmark-research,deep_refresh_candidate,b1,915.46,0.0,8.0,7.75,250.64,49319,AI Video,signal_refresh_complete,Round 2 -> Round 3,How-To; broad-intent; 8 impressions; pos 7.8; worth second-stage depth upgrade,"Second-stage deep refresh: add evidence, judgment, tested sections, and stronger FAQ.",Refresh if query intent is relevant; preserve URL; improve sections tied to visible queries.
725,B_indexed_or_visible_refresh,multi-language-roi-framework-ai-design-content,Multi-Language ROI Framework — How to Calculate the Value of AI Design Translation,multi-language-roi-framework-ai-design-content,How-To,how-to-benchmark-research,keep_refresh_only,b2,745.46,0.0,8.0,11.12,250.64,11807,General Creative Workflow,signal_refresh_complete,Round 4 -> Round 5,How-To; 8 impressions; pos 11.1; maintain signal refresh state,"Keep refresh gains; add proof, CTR framing, and cluster polish only.",Refresh if query intent is relevant; preserve URL; improve sections tied to visible queries.
726,B_indexed_or_visible_refresh,ai-design-for-restaurant-chains-multi-location,AI Design for Restaurant Chains — Multi-Location Brand Consistency,ai-design-for-restaurant-chains-multi-location,Best Practice,lovart-best-practice,cluster_support_only,b2,730.41,0.0,7.0,4.71,250.56,11694,Brand System,signal_refresh_complete,Round 4,Best Practice; 7 impressions; pos 4.7; best kept as cluster support,"Support role only; keep clean, indexable, and internally linked.",Refresh if query intent is relevant; preserve URL; improve sections tied to visible queries.
727,B_indexed_or_visible_refresh,ai-design-restaurants,AI Design for Restaurants: When Menu Updates Take 10 Days and Your Margins Are 5%,ai-design-restaurants,How-To,how-to-benchmark-research,keep_refresh_only,b2,745.41,0.0,7.0,6.71,250.56,13134,General Creative Workflow,signal_refresh_complete,Round 4 -> Round 5,How-To; 7 impressions; pos 6.7; maintain signal refresh state,"Keep refresh gains; add proof, CTR framing, and cluster polish only.",Refresh if query intent is relevant; preserve URL; improve sections tied to visible queries.
728,B_indexed_or_visible_refresh,best-ai-design-agent-for-cake-shop-owner,"Best AI Design Agent for Cake Shop Owners — Custom Order Forms, Cake Portfolio Galleries & Celebration-Ready Content",best-ai-design-agent-for-cake-shop-owner,Best Practice,lovart-best-practice,deep_refresh_candidate,b1,920.41,0.0,7.0,5.0,250.56,9818,AI Design Agent,signal_refresh_complete,Round 2 -> Round 3,Best Practice; broad-intent; 7 impressions; pos 5.0; worth second-stage depth upgrade,"Second-stage deep refresh: add evidence, judgment, tested sections, and stronger FAQ.",Refresh if query intent is relevant; preserve URL; improve sections tied to visible queries.
729,B_indexed_or_visible_refresh,brand-kit-for-restaurant-owners,Brand Kit for Restaurant Owners: Build a Visual System With AI,blog-brand-kit-for-restaurant-owners-en,Best Practice,lovart-best-practice,cluster_support_only,b2,730.41,0.0,7.0,5.86,250.56,9075,Brand System,signal_refresh_complete,Round 4,Best Practice; 7 impressions; pos 5.9; best kept as cluster support,"Support role only; keep clean, indexable, and internally linked.",Refresh if query intent is relevant; preserve URL; improve sections tied to visible queries.
730,B_indexed_or_visible_refresh,step-by-step-event-ticket-without-photoshop,Step By Step Event Ticket Without Photoshop: A Practical Lovart Workflow Guide,blog-step-by-step-event-ticket-without-photoshop-en,How-To,how-to-benchmark-research,cluster_support_only,b2,755.41,0.0,7.0,17.0,250.56,9012,General Creative Workflow,signal_refresh_complete,Round 4,How-To; broad-intent; 7 impressions; pos 17.0; best kept as cluster support,"Support role only; keep clean, indexable, and internally linked.",Refresh if query intent is relevant; preserve URL; improve sections tied to visible queries.
731,B_indexed_or_visible_refresh,how-to-create-professional-logos-with-ai-complete-logo-design-tutorial,How to Create Professional Logos with AI: Complete Logo Design Tutorial,how-to-create-professional-logos-with-ai-complete-logo-design-tu,How-To,how-to-benchmark-research,cluster_support_only,b2,725.35,0.0,6.0,6.17,250.48,12724,Logo & Identity,signal_refresh_complete,Round 4,How-To; 6 impressions; pos 6.2; best kept as cluster support,"Support role only; keep clean, indexable, and internally linked.",Refresh if query intent is relevant; preserve URL; improve sections tied to visible queries.
732,B_indexed_or_visible_refresh,layout-grid-systems-design-guide,Grids are why your layouts feel 'off' even when you can't say why,layout-grid-systems-design-guide,How-To,how-to-benchmark-research,deep_refresh_candidate,b1,915.35,0.0,6.0,6.33,250.48,11406,General Creative Workflow,signal_refresh_complete,Round 2 -> Round 3,How-To; broad-intent; 6 impressions; pos 6.3; worth second-stage depth upgrade,"Second-stage deep refresh: add evidence, judgment, tested sections, and stronger FAQ.",Refresh if query intent is relevant; preserve URL; improve sections tied to visible queries.
733,B_indexed_or_visible_refresh,descript-alternative,Descript Alternative: When to Use a Design Agent Instead,o6YkSZCNskGrZicahpYwfg,Review,lovart-review,keep_refresh_only,b2,805.35,0.0,6.0,16.33,250.48,10064,General Creative Workflow,signal_refresh_complete,Round 4 -> Round 5,Review; broad-intent; 6 impressions; pos 16.3; maintain signal refresh state,"Keep refresh gains; add proof, CTR framing, and cluster polish only.",Refresh if query intent is relevant; preserve URL; improve sections tied to visible queries.
734,B_indexed_or_visible_refresh,remixing-elements-combining-best-of-three-generations,Remixing Elements Combining Best Of Three Generations: A Practical Lovart Workflow Guide,remixing-elements-combining-best-of-three-generations,How-To,how-to-benchmark-research,cluster_support_only,b2,755.35,0.0,6.0,17.0,250.48,9062,General Creative Workflow,signal_refresh_complete,Round 4,How-To; broad-intent; 6 impressions; pos 17.0; best kept as cluster support,"Support role only; keep clean, indexable, and internally linked.",Refresh if query intent is relevant; preserve URL; improve sections tied to visible queries.
735,B_indexed_or_visible_refresh,how-to-create-digital-course-workbooks-without-photoeshop,How To Create Digital Course Workbooks Without Photoeshop: A Practical Lovart Workflow Guide,blog-how-to-create-digital-course-workbooks-without-photoeshop-en,How-To,how-to-benchmark-research,deep_refresh_candidate,b1,915.29,0.0,5.0,6.8,250.4,9082,General Creative Workflow,signal_refresh_complete,Round 2 -> Round 3,How-To; broad-intent; 5 impressions; pos 6.8; worth second-stage depth upgrade,"Second-stage deep refresh: add evidence, judgment, tested sections, and stronger FAQ.",Refresh if query intent is relevant; preserve URL; improve sections tied to visible queries.
736,B_indexed_or_visible_refresh,how-to-create-email-signatures-without-photoshop,How To Create Email Signatures Without Photoshop: A Practical Lovart Workflow Guide,blog-how-to-create-email-signatures-without-photoshop-en,How-To,how-to-benchmark-research,deep_refresh_candidate,b1,915.29,0.0,5.0,6.4,250.4,9037,General Creative Workflow,signal_refresh_complete,Round 2 -> Round 3,How-To; broad-intent; 5 impressions; pos 6.4; worth second-stage depth upgrade,"Second-stage deep refresh: add evidence, judgment, tested sections, and stronger FAQ.",Refresh if query intent is relevant; preserve URL; improve sections tied to visible queries.
737,B_indexed_or_visible_refresh,brand-kit-food-stall-lovart,Brand Kit for Food Stall Lovart: Build a Visual System With AI,brand-kit-food-stall-lovart,Best Practice,lovart-best-practice,cluster_support_only,b2,730.29,0.0,5.0,5.0,250.4,9075,Brand System,signal_refresh_complete,Round 4,Best Practice; 5 impressions; pos 5.0; best kept as cluster support,"Support role only; keep clean, indexable, and internally linked.",Refresh if query intent is relevant; preserve URL; improve sections tied to visible queries.
738,B_indexed_or_visible_refresh,aesthetic-feeds-minimalist-retro-theme-ai,Aesthetic Feeds Minimalist Retro Theme AI: A Practical Lovart Workflow Guide,aesthetic-feeds-minimalist-retro-theme-ai,How-To,how-to-benchmark-research,deep_refresh_candidate,b1,915.23,0.0,4.0,5.25,250.32,9002,General Creative Workflow,signal_refresh_complete,Round 2 -> Round 3,How-To; broad-intent; 4 impressions; pos 5.2; worth second-stage depth upgrade,"Second-stage deep refresh: add evidence, judgment, tested sections, and stronger FAQ.",Refresh if query intent is relevant; preserve URL; improve sections tied to visible queries.
739,B_indexed_or_visible_refresh,best-ai-design-agent-for-beauty-salon-owners,Best AI Design Agent For Beauty Salon Owners: A Practical Lovart Workflow Guide,blog-best-ai-design-agent-for-beauty-salon-owners-en,Best Practice,lovart-best-practice,deep_refresh_candidate,b1,920.23,0.0,4.0,9.75,250.32,9017,AI Design Agent,signal_refresh_complete,Round 2 -> Round 3,Best Practice; broad-intent; 4 impressions; pos 9.8; worth second-stage depth upgrade,"Second-stage deep refresh: add evidence, judgment, tested sections, and stronger FAQ.",Refresh if query intent is relevant; preserve URL; improve sections tied to visible queries.
740,B_indexed_or_visible_refresh,brand-kit-for-hair-salon-owners,Brand Kit for Hair Salon Owners: Build a Visual System With AI,blog-brand-kit-for-hair-salon-owners-en,Best Practice,lovart-best-practice,cluster_support_only,b2,730.23,0.0,4.0,14.0,250.32,9075,Brand System,signal_refresh_complete,Round 4,Best Practice; 4 impressions; pos 14.0; best kept as cluster support,"Support role only; keep clean, indexable, and internally linked.",Refresh if query intent is relevant; preserve URL; improve sections tied to visible queries.
741,B_indexed_or_visible_refresh,brand-kit-for-indie-brand-owners,Brand Kit for Indie Brand Owners: Build a Visual System With AI,blog-brand-kit-for-indie-brand-owners-en,Best Practice,lovart-best-practice,cluster_support_only,b2,730.23,0.0,4.0,6.0,250.32,9081,Brand System,signal_refresh_complete,Round 4,Best Practice; 4 impressions; pos 6.0; best kept as cluster support,"Support role only; keep clean, indexable, and internally linked.",Refresh if query intent is relevant; preserve URL; improve sections tied to visible queries.
742,B_indexed_or_visible_refresh,case-study-dating-coach-ai-face-retouch,How Dating Coach Kwame Asante Transformed 47 Client Profile Photos in One Weekend — And Their Match Rate Doubled,case-study-dating-coach-ai-face-retouch,How-To,how-to-benchmark-research,keep_refresh_only,b2,745.23,0.0,4.0,8.25,250.32,15249,General Creative Workflow,signal_refresh_complete,Round 4 -> Round 5,How-To; 4 impressions; pos 8.2; maintain signal refresh state,"Keep refresh gains; add proof, CTR framing, and cluster polish only.",Refresh if query intent is relevant; preserve URL; improve sections tied to visible queries.
743,B_indexed_or_visible_refresh,design-trends-2026,Design trends 2026: the 12 that actually matter (and the 8 to ignore),design-trends-2026,Insight & Trend,lovart-insight-trend,deep_refresh_candidate,b1,910.23,0.0,4.0,8.25,250.32,14357,General Creative Workflow,signal_refresh_complete,Round 2 -> Round 3,Insight & Trend; 4 impressions; pos 8.2; worth second-stage depth upgrade,"Second-stage deep refresh: add evidence, judgment, tested sections, and stronger FAQ.",Refresh if query intent is relevant; preserve URL; improve sections tied to visible queries.
744,B_indexed_or_visible_refresh,sustainable-ai-design-green-design-practices,Sustainable AI Design — Green Practices for Environmentally Conscious Creators,sustainable-ai-design-green-design-practices,How-To,how-to-benchmark-research,keep_refresh_only,b2,745.23,0.0,4.0,6.25,250.32,12097,General Creative Workflow,signal_refresh_complete,Round 4 -> Round 5,How-To; 4 impressions; pos 6.2; maintain signal refresh state,"Keep refresh gains; add proof, CTR framing, and cluster polish only.",Refresh if query intent is relevant; preserve URL; improve sections tied to visible queries.
745,B_indexed_or_visible_refresh,best-ai-design-agent-for-corporate-trainer,"Best AI Design Agent for Corporate Trainers — Workshop Slide Decks, Training Workbooks & Learning-Experience Branding",best-ai-design-agent-for-corporate-trainer,Best Practice,lovart-best-practice,deep_refresh_candidate,b1,920.17,0.0,3.0,8.33,250.24,11879,Brand System,signal_refresh_complete,Round 2 -> Round 3,Best Practice; broad-intent; 3 impressions; pos 8.3; worth second-stage depth upgrade,"Second-stage deep refresh: add evidence, judgment, tested sections, and stronger FAQ.",Refresh if query intent is relevant; preserve URL; improve sections tied to visible queries.
746,B_indexed_or_visible_refresh,brand-kit-for-real-estate-agent,Brand Kit for Real Estate Agent: Build a Visual System With AI,blog-brand-kit-for-real-estate-agent-en,Best Practice,lovart-best-practice,cluster_support_only,b2,730.17,0.0,3.0,8.67,250.24,9075,Brand System,signal_refresh_complete,Round 4,Best Practice; 3 impressions; pos 8.7; best kept as cluster support,"Support role only; keep clean, indexable, and internally linked.",Refresh if query intent is relevant; preserve URL; improve sections tied to visible queries.
747,B_indexed_or_visible_refresh,how-to-create-price-guides-without-photoshop,How To Create Price Guides Without Photoshop: A Practical Lovart Workflow Guide,blog-how-to-create-price-guides-without-photoshop-en,How-To,how-to-benchmark-research,deep_refresh_candidate,b1,915.17,0.0,3.0,6.0,250.24,9017,General Creative Workflow,signal_refresh_complete,Round 2 -> Round 3,How-To; broad-intent; 3 impressions; pos 6.0; worth second-stage depth upgrade,"Second-stage deep refresh: add evidence, judgment, tested sections, and stronger FAQ.",Refresh if query intent is relevant; preserve URL; improve sections tied to visible queries.
748,B_indexed_or_visible_refresh,how-to-create-service-price-lists-without-photoeshop,How To Create Service Price Lists Without Photoeshop: A Practical Lovart Workflow Guide,blog-how-to-create-service-price-lists-without-photoeshop-en,How-To,how-to-benchmark-research,deep_refresh_candidate,b1,915.17,0.0,3.0,6.0,250.24,9057,General Creative Workflow,signal_refresh_complete,Round 2 -> Round 3,How-To; broad-intent; 3 impressions; pos 6.0; worth second-stage depth upgrade,"Second-stage deep refresh: add evidence, judgment, tested sections, and stronger FAQ.",Refresh if query intent is relevant; preserve URL; improve sections tied to visible queries.
749,B_indexed_or_visible_refresh,lip-sync-ai-tutorial,Lip Sync AI Tutorial: Build Talking Avatar Videos Without Losing Brand Control,blog-lip-sync-ai-tutorial-en,How-To,how-to-benchmark-research,keep_refresh_only,b2,745.17,0.0,3.0,19.67,250.24,9060,AI Video,signal_refresh_complete,Round 4 -> Round 5,How-To; 3 impressions; pos 19.7; maintain signal refresh state,"Keep refresh gains; add proof, CTR framing, and cluster polish only.",Refresh if query intent is relevant; preserve URL; improve sections tied to visible queries.
750,B_indexed_or_visible_refresh,brand-kit-urgent-care-lovart,Brand Kit for Urgent Care Lovart: Build a Visual System With AI,brand-kit-urgent-care-lovart,Best Practice,lovart-best-practice,cluster_support_only,b2,730.17,0.0,3.0,8.0,250.24,9081,Brand System,signal_refresh_complete,Round 4,Best Practice; 3 impressions; pos 8.0; best kept as cluster support,"Support role only; keep clean, indexable, and internally linked.",Refresh if query intent is relevant; preserve URL; improve sections tied to visible queries.
751,B_indexed_or_visible_refresh,how-to-politely-argue-with-ai-iteration-tips,How To Politely Argue With AI Iteration Tips: A Practical Lovart Workflow Guide,how-to-politely-argue-with-ai-iteration-tips,How-To,how-to-benchmark-research,deep_refresh_candidate,b1,915.17,0.0,3.0,4.67,250.24,9017,General Creative Workflow,signal_refresh_complete,Round 2 -> Round 3,How-To; broad-intent; 3 impressions; pos 4.7; worth second-stage depth upgrade,"Second-stage deep refresh: add evidence, judgment, tested sections, and stronger FAQ.",Refresh if query intent is relevant; preserve URL; improve sections tied to visible queries.
752,B_indexed_or_visible_refresh,saving-the-shoot-fix-missing-prop-product-photo-ai,Saving the Shoot — How We Fixed a Missing Prop in a Product Photo Without Reshooting,saving-the-shoot-fix-missing-prop-product-photo-ai,How-To,how-to-benchmark-research,keep_refresh_only,b2,745.17,0.0,3.0,7.67,250.24,11162,General Creative Workflow,signal_refresh_complete,Round 4 -> Round 5,How-To; 3 impressions; pos 7.7; maintain signal refresh state,"Keep refresh gains; add proof, CTR framing, and cluster polish only.",Refresh if query intent is relevant; preserve URL; improve sections tied to visible queries.
753,B_indexed_or_visible_refresh,03-career-chatcanvas-client-review,Presenting Designs: How to Use ChatCanvas for Client Reviews That Get Approved Faster,03-career-chatcanvas-client-review,Review,lovart-review,deep_refresh_candidate,b1,945.12,0.0,2.0,5.5,250.16,11569,Lovart Canvas,signal_refresh_complete,Round 2 -> Round 3,Review; broad-intent; 2 impressions; pos 5.5; worth second-stage depth upgrade,"Second-stage deep refresh: add evidence, judgment, tested sections, and stronger FAQ.",Refresh if query intent is relevant; preserve URL; improve sections tied to visible queries.
754,B_indexed_or_visible_refresh,brand-kit-for-consultants,Brand Kit for Consultants: Build a Visual System With AI,blog-brand-kit-for-consultants-en,Best Practice,lovart-best-practice,cluster_support_only,b2,730.12,0.0,2.0,5.5,250.16,9039,Brand System,signal_refresh_complete,Round 4,Best Practice; 2 impressions; pos 5.5; best kept as cluster support,"Support role only; keep clean, indexable, and internally linked.",Refresh if query intent is relevant; preserve URL; improve sections tied to visible queries.
755,B_indexed_or_visible_refresh,brand-kit-for-nail-studio-owners,Brand Kit for Nail Studio Owners: Build a Visual System With AI,blog-brand-kit-for-nail-studio-owners-en,Best Practice,lovart-best-practice,cluster_support_only,b2,730.12,0.0,2.0,9.5,250.16,9081,Brand System,signal_refresh_complete,Round 4,Best Practice; 2 impressions; pos 9.5; best kept as cluster support,"Support role only; keep clean, indexable, and internally linked.",Refresh if query intent is relevant; preserve URL; improve sections tied to visible queries.
756,B_indexed_or_visible_refresh,brand-kit-for-side-hustlers,Brand Kit for Side Hustlers: Build a Visual System With AI,blog-brand-kit-for-side-hustlers-en,Best Practice,lovart-best-practice,cluster_support_only,b2,730.12,0.0,2.0,7.5,250.16,9051,Brand System,signal_refresh_complete,Round 4,Best Practice; 2 impressions; pos 7.5; best kept as cluster support,"Support role only; keep clean, indexable, and internally linked.",Refresh if query intent is relevant; preserve URL; improve sections tied to visible queries.
757,B_indexed_or_visible_refresh,how-to-create-portfolio-pages-without-photoshop,How To Create Portfolio Pages Without Photoshop: A Practical Lovart Workflow Guide,blog-how-to-create-portfolio-pages-without-photoshop-en,How-To,how-to-benchmark-research,deep_refresh_candidate,b1,915.12,0.0,2.0,5.0,250.16,9032,General Creative Workflow,signal_refresh_complete,Round 2 -> Round 3,How-To; broad-intent; 2 impressions; pos 5.0; worth second-stage depth upgrade,"Second-stage deep refresh: add evidence, judgment, tested sections, and stronger FAQ.",Refresh if query intent is relevant; preserve URL; improve sections tied to visible queries.
758,B_indexed_or_visible_refresh,brand-kit-doctor-lovart,Brand Kit for Doctor Lovart: Build a Visual System With AI,brand-kit-doctor-lovart,Best Practice,lovart-best-practice,cluster_support_only,b2,730.12,0.0,2.0,7.0,250.16,9051,Brand System,signal_refresh_complete,Round 4,Best Practice; 2 impressions; pos 7.0; best kept as cluster support,"Support role only; keep clean, indexable, and internally linked.",Refresh if query intent is relevant; preserve URL; improve sections tied to visible queries.
759,B_indexed_or_visible_refresh,halloween-restaurant-marketing-guide-2027,Halloween Restaurant Marketing Guide 2027: A Practical Lovart Workflow Guide,halloween-restaurant-marketing-guide-2027,How-To,how-to-benchmark-research,deep_refresh_candidate,b1,915.12,0.0,2.0,5.0,250.16,9002,General Creative Workflow,signal_refresh_complete,Round 2 -> Round 3,How-To; broad-intent; 2 impressions; pos 5.0; worth second-stage depth upgrade,"Second-stage deep refresh: add evidence, judgment, tested sections, and stronger FAQ.",Refresh if query intent is relevant; preserve URL; improve sections tied to visible queries.
760,B_indexed_or_visible_refresh,brand-kit-for-bakery-owner,Brand Kit for Bakery Owner: Build a Visual System With AI,blog-brand-kit-for-bakery-owner-en,Best Practice,lovart-best-practice,cluster_support_only,b2,730.06,0.0,1.0,5.0,250.08,9045,Brand System,signal_refresh_complete,Round 4,Best Practice; 1 impressions; pos 5.0; best kept as cluster support,"Support role only; keep clean, indexable, and internally linked.",Refresh if query intent is relevant; preserve URL; improve sections tied to visible queries.
761,B_indexed_or_visible_refresh,brand-kit-for-coffee-shop-owners,Brand Kit for Coffee Shop Owners: Build a Visual System With AI,blog-brand-kit-for-coffee-shop-owners-en,Best Practice,lovart-best-practice,cluster_support_only,b2,730.06,0.0,1.0,5.0,250.08,9081,Brand System,signal_refresh_complete,Round 4,Best Practice; 1 impressions; pos 5.0; best kept as cluster support,"Support role only; keep clean, indexable, and internally linked.",Refresh if query intent is relevant; preserve URL; improve sections tied to visible queries.
762,B_indexed_or_visible_refresh,how-to-create-business-flyers-without-photoshop,How To Create Business Flyers Without Photoshop: A Practical Lovart Workflow Guide,blog-how-to-create-business-flyers-without-photoshop-en,How-To,how-to-benchmark-research,deep_refresh_candidate,b1,915.06,0.0,1.0,7.0,250.08,9032,General Creative Workflow,signal_refresh_complete,Round 2 -> Round 3,How-To; broad-intent; 1 impressions; pos 7.0; worth second-stage depth upgrade,"Second-stage deep refresh: add evidence, judgment, tested sections, and stronger FAQ.",Refresh if query intent is relevant; preserve URL; improve sections tied to visible queries.
763,B_indexed_or_visible_refresh,how-to-create-course-sales-pages-without-photoeshop,How To Create Course Sales Pages Without Photoeshop: A Practical Lovart Workflow Guide,blog-how-to-create-course-sales-pages-without-photoeshop-en,How-To,how-to-benchmark-research,deep_refresh_candidate,b1,915.06,0.0,1.0,4.0,250.08,9052,General Creative Workflow,signal_refresh_complete,Round 2 -> Round 3,How-To; broad-intent; 1 impressions; pos 4.0; worth second-stage depth upgrade,"Second-stage deep refresh: add evidence, judgment, tested sections, and stronger FAQ.",Refresh if query intent is relevant; preserve URL; improve sections tied to visible queries.
764,B_indexed_or_visible_refresh,canva-vs-ai-design-agents-2026,Canva vs AI Design Agents 2026: Compare the Workflow Before You Choose,bp-canva-vs-ai-design-agents-2026,Review,lovart-review,deep_refresh_candidate,b1,945.06,0.0,1.0,9.0,250.08,10061,AI Design Agent,signal_refresh_complete,Round 2 -> Round 3,Review; broad-intent; 1 impressions; pos 9.0; worth second-stage depth upgrade,"Second-stage deep refresh: add evidence, judgment, tested sections, and stronger FAQ.",Refresh if query intent is relevant; preserve URL; improve sections tied to visible queries.
765,B_indexed_or_visible_refresh,a-step-by-step-guide-to-create-instagram-posts-without-photoshop-2,A Step By Step Guide To Create Instagram Posts Without Photoshop 2: A Practical Lovart Workflow Guide,c61a7050-440c-40e1-b336-1d312878caa7,How-To,how-to-benchmark-research,deep_refresh_candidate,b1,915.06,0.0,1.0,8.0,250.08,9127,General Creative Workflow,signal_refresh_complete,Round 2 -> Round 3,How-To; broad-intent; 1 impressions; pos 8.0; worth second-stage depth upgrade,"Second-stage deep refresh: add evidence, judgment, tested sections, and stronger FAQ.",Refresh if query intent is relevant; preserve URL; improve sections tied to visible queries.
766,B_indexed_or_visible_refresh,psychology-of-ai-design-why-some-images-convert,The Psychology of AI Design — Why Some Images Convert and Others Don't,psychology-of-ai-design-why-some-images-convert,How-To,how-to-benchmark-research,keep_refresh_only,b2,745.06,0.0,1.0,8.0,250.08,11931,AI Image,signal_refresh_complete,Round 4 -> Round 5,How-To; 1 impressions; pos 8.0; maintain signal refresh state,"Keep refresh gains; add proof, CTR framing, and cluster polish only.",Refresh if query intent is relevant; preserve URL; improve sections tied to visible queries.
767,B_indexed_or_visible_refresh,why-imagen-4-matters,Why Imagen 4 matters,why-imagen-4-matters,How-To,how-to-benchmark-research,keep_refresh_only,b2,757.37,0.0,265.0,3.91,241.2,7084,AI Image,signal_refresh_complete,Round 4 -> Round 5,How-To; 265 impressions; pos 3.9; maintain signal refresh state,"Keep refresh gains; add proof, CTR framing, and cluster polish only.",Refresh if query intent is relevant; preserve URL; improve sections tied to visible queries.
768,B_indexed_or_visible_refresh,opus-clip-alternative,Opus Clip Alternative: When to Use a Design Agent Instead,o6YkSZCNskGrZicahpYxGq,Review,lovart-review,deep_refresh_candidate,b1,965.14,4.0,192.0,24.66,235.36,10071,General Creative Workflow,signal_refresh_complete,Round 2 -> Round 3,Review; broad-intent; 192 impressions; 4 clicks; pos 24.7; worth second-stage depth upgrade,"Second-stage deep refresh: add evidence, judgment, tested sections, and stronger FAQ.",Refresh if query intent is relevant; preserve URL; improve sections tied to visible queries.
769,B_indexed_or_visible_refresh,ai-youtube-thumbnail,AI Youtube Thumbnail: A Practical Lovart Workflow Guide,blog-ai-youtube-thumbnail-en,How-To,how-to-benchmark-research,cluster_support_only,b2,756.64,0.0,80.0,27.45,226.4,8897,General Creative Workflow,signal_refresh_complete,Round 4,How-To; broad-intent; 80 impressions; pos 27.4; best kept as cluster support,"Support role only; keep clean, indexable, and internally linked.",Refresh if query intent is relevant; preserve URL; improve sections tied to visible queries.
770,B_indexed_or_visible_refresh,lovart-account-enforcement,Lovart AI: Lovart Account Enforcement | Tested 2026,lovart-account-enforcement,How-To,how-to-benchmark-research,keep_refresh_only,b2,753.66,0.0,270.0,3.24,201.6,11065,General Creative Workflow,signal_refresh_complete,Round 4 -> Round 5,How-To; 270 impressions; pos 3.2; maintain signal refresh state,"Keep refresh gains; add proof, CTR framing, and cluster polish only.",Refresh if query intent is relevant; preserve URL; improve sections tied to visible queries.
771,B_indexed_or_visible_refresh,brand-kit-consultant-lovart,Brand Kit for Consultant Lovart: Build a Visual System With AI,brand-kit-consultant-lovart,Best Practice,lovart-best-practice,cluster_support_only,b2,731.58,1.0,79.0,23.01,196.32,9075,Brand System,signal_refresh_complete,Round 4,Best Practice; 79 impressions; 1 clicks; pos 23.0; best kept as cluster support,"Support role only; keep clean, indexable, and internally linked.",Refresh if query intent is relevant; preserve URL; improve sections tied to visible queries.
772,B_indexed_or_visible_refresh,02-cluster-product-videos-ai,Make Ai Videos: AI-Powered Solution 2026,02-cluster-product-videos-ai,How-To,how-to-benchmark-research,keep_refresh_only,b2,745.6,1.0,62.0,20.52,194.96,11905,AI Video,signal_refresh_complete,Round 4 -> Round 5,How-To; 62 impressions; 1 clicks; pos 20.5; maintain signal refresh state,"Keep refresh gains; add proof, CTR framing, and cluster polish only.",Refresh if query intent is relevant; preserve URL; improve sections tied to visible queries.
773,B_indexed_or_visible_refresh,03-industry-tech-company-branding,Tech Company Branding: Building Trust Through Visual Design with AI,03-industry-tech-company-branding,How-To,how-to-benchmark-research,keep_refresh_only,b2,742.58,0.0,79.0,20.47,186.32,12003,Brand System,signal_refresh_complete,Round 4 -> Round 5,How-To; 79 impressions; pos 20.5; maintain signal refresh state,"Keep refresh gains; add proof, CTR framing, and cluster polish only.",Refresh if query intent is relevant; preserve URL; improve sections tied to visible queries.
774,B_indexed_or_visible_refresh,he-death-of-the-stock-footage-era-a-complete-guide-to-ai-powered-video-creation-in-2026,The Death Of The Stock Footage Era A Complete Guide To Ai Powered Video Creation In 2026,he-death-of-the-stock-footage-era-a-complete-guide-to-ai-powered,Complete Guide,lovart-complete-guide,deep_refresh_candidate,b1,972.35,0.0,75.0,22.63,186.0,14469,AI Video,signal_refresh_complete,Round 2 -> Round 3,Complete Guide; broad-intent; 75 impressions; pos 22.6; worth second-stage depth upgrade,"Promote to canonical longform via state-machine drafting, evidence pack, and cluster integration.",Refresh if query intent is relevant; preserve URL; improve sections tied to visible queries.
775,B_indexed_or_visible_refresh,ai-design-for-authors-writers-2026,"AI Design for Authors & Writers — Book Covers, Social Media & Author Branding",ai-design-for-authors-writers-2026,Best Practice,lovart-best-practice,cluster_support_only,b2,726.02,0.0,52.0,23.94,184.16,10678,Brand System,signal_refresh_complete,Round 4,Best Practice; 52 impressions; pos 23.9; best kept as cluster support,"Support role only; keep clean, indexable, and internally linked.",Refresh if query intent is relevant; preserve URL; improve sections tied to visible queries.
776,B_indexed_or_visible_refresh,brand-kit-chiropractor-lovart,How to Create a Brand Kit for a Chiropractor,brand-kit-chiropractor-lovart,Best Practice,lovart-best-practice,cluster_support_only,b2,725.2,1.0,38.0,26.84,153.04,6858,Brand System,signal_refresh_complete,Round 4,Best Practice; 38 impressions; 1 clicks; pos 26.8; best kept as cluster support,"Support role only; keep clean, indexable, and internally linked.",Refresh if query intent is relevant; preserve URL; improve sections tied to visible queries.
777,B_indexed_or_visible_refresh,best-agent-for-non-design,Best Agent For Non Design - Best Practice,b6e30e12-5a0f-471d-92a2-646847eb1d9c,Best Practice,lovart-best-practice,cluster_support_only,b2,751.61,0.0,45.0,23.53,143.6,7892,General Creative Workflow,signal_refresh_complete,Round 4,Best Practice; broad-intent; 45 impressions; pos 23.5; best kept as cluster support,"Support role only; keep clean, indexable, and internally linked.",Refresh if query intent is relevant; preserve URL; improve sections tied to visible queries.
778,B_indexed_or_visible_refresh,ai-poster-maker,AI Poster Maker: Create Better Visuals From a Clear Brief,blog-ai-poster-maker-en,How-To,how-to-benchmark-research,keep_refresh_only,b2,736.44,0.0,42.0,27.1,143.36,8892,General Creative Workflow,signal_refresh_complete,Round 4 -> Round 5,How-To; 42 impressions; pos 27.1; maintain signal refresh state,"Keep refresh gains; add proof, CTR framing, and cluster polish only.",Refresh if query intent is relevant; preserve URL; improve sections tied to visible queries.
779,B_indexed_or_visible_refresh,bestpractice-build-brand-with-ai,Bestpractice Build Brand With AI: A Practical Lovart Workflow Guide,blog-bestpractice-build-brand-with-ai-en,How-To,how-to-benchmark-research,cluster_support_only,b2,745.97,0.0,34.0,27.35,142.72,8957,Brand System,signal_refresh_complete,Round 4,How-To; broad-intent; 34 impressions; pos 27.4; best kept as cluster support,"Support role only; keep clean, indexable, and internally linked.",Refresh if query intent is relevant; preserve URL; improve sections tied to visible queries.
780,B_indexed_or_visible_refresh,ai-design-templates,AI Design Templates: A Practical Lovart Workflow Guide,blog-ai-design-templates-en,How-To,how-to-benchmark-research,cluster_support_only,b2,744.75,0.0,13.0,28.85,141.04,8892,General Creative Workflow,signal_refresh_complete,Round 4,How-To; broad-intent; 13 impressions; pos 28.9; best kept as cluster support,"Support role only; keep clean, indexable, and internally linked.",Refresh if query intent is relevant; preserve URL; improve sections tied to visible queries.
781,B_indexed_or_visible_refresh,ai-social-media,AI Social Media: A Practical Lovart Workflow Guide,blog-ai-social-media-en,How-To,how-to-benchmark-research,cluster_support_only,b2,744.41,0.0,7.0,24.29,140.56,8872,General Creative Workflow,signal_refresh_complete,Round 4,How-To; broad-intent; 7 impressions; pos 24.3; best kept as cluster support,"Support role only; keep clean, indexable, and internally linked.",Refresh if query intent is relevant; preserve URL; improve sections tied to visible queries.
782,B_indexed_or_visible_refresh,brand-kit-candle-maker-lovart,How to Create a Brand Kit for a Candle Maker,brand-kit-candle-maker-lovart,Best Practice,lovart-best-practice,cluster_support_only,b2,719.41,0.0,7.0,23.86,140.56,6227,Brand System,signal_refresh_complete,Round 4,Best Practice; 7 impressions; pos 23.9; best kept as cluster support,"Support role only; keep clean, indexable, and internally linked.",Refresh if query intent is relevant; preserve URL; improve sections tied to visible queries.
783,B_indexed_or_visible_refresh,ai-banner-maker,AI Banner Maker: Create Better Visuals From a Clear Brief,blog-ai-banner-maker-en,How-To,how-to-benchmark-research,keep_refresh_only,b2,734.35,0.0,6.0,31.67,140.48,8892,General Creative Workflow,signal_refresh_complete,Round 4 -> Round 5,How-To; 6 impressions; pos 31.7; maintain signal refresh state,"Keep refresh gains; add proof, CTR framing, and cluster polish only.",Refresh if query intent is relevant; preserve URL; improve sections tied to visible queries.
784,B_indexed_or_visible_refresh,creating-restaurant-menu,Creating Restaurant Menu: A Practical Lovart Workflow Guide,237db92c-92e4-4bfc-8a5c-9bdad147e619,How-To,how-to-benchmark-research,cluster_support_only,b2,744.29,0.0,5.0,23.6,140.4,8917,General Creative Workflow,signal_refresh_complete,Round 4,How-To; broad-intent; 5 impressions; pos 23.6; best kept as cluster support,"Support role only; keep clean, indexable, and internally linked.",Refresh if query intent is relevant; preserve URL; improve sections tied to visible queries.
785,B_indexed_or_visible_refresh,best-ai-design-agent-for-photographers,Best AI Design Agent For Photographers: A Practical Lovart Workflow Guide,blog-best-ai-design-agent-for-photographers-en,Best Practice,lovart-best-practice,cluster_support_only,b2,749.23,0.0,4.0,28.5,140.32,8987,AI Design Agent,signal_refresh_complete,Round 4,Best Practice; broad-intent; 4 impressions; pos 28.5; best kept as cluster support,"Support role only; keep clean, indexable, and internally linked.",Refresh if query intent is relevant; preserve URL; improve sections tied to visible queries.
786,B_indexed_or_visible_refresh,best-ai-design-agent-for-consultants,Best AI Design Agent For Consultants: A Practical Lovart Workflow Guide,blog-best-ai-design-agent-for-consultants-en,Best Practice,lovart-best-practice,cluster_support_only,b2,750.65,0.0,63.0,50.7,125.04,8977,AI Design Agent,signal_refresh_complete,Round 4,Best Practice; broad-intent; 63 impressions; pos 50.7; best kept as cluster support,"Support role only; keep clean, indexable, and internally linked.",Refresh if query intent is relevant; preserve URL; improve sections tied to visible queries.
787,B_indexed_or_visible_refresh,lovart-product-update-may-2026,What's New in Lovart — May 2026 Product Updates,lovart-product-update-may-2026,How-To,how-to-benchmark-research,keep_refresh_only,b2,735.02,0.0,52.0,2.73,124.16,6325,General Creative Workflow,signal_refresh_complete,Round 4 -> Round 5,How-To; 52 impressions; pos 2.7; maintain signal refresh state,"Keep refresh gains; add proof, CTR framing, and cluster polish only.",Refresh if query intent is relevant; preserve URL; improve sections tied to visible queries.
788,B_indexed_or_visible_refresh,veed-io-alternative,Veed.io Alternative: When to Use a Design Agent Instead,5OcAE57ZPh7ef83a6GJrJ2,Review,lovart-review,deep_refresh_candidate,b1,936.26,1.0,39.0,25.87,113.12,10057,General Creative Workflow,signal_refresh_complete,Round 2 -> Round 3,Review; broad-intent; 39 impressions; 1 clicks; pos 25.9; worth second-stage depth upgrade,"Second-stage deep refresh: add evidence, judgment, tested sections, and stronger FAQ.",Refresh if query intent is relevant; preserve URL; improve sections tied to visible queries.
789,B_indexed_or_visible_refresh,brand-kit-plumber-lovart,Brand Kit for Plumber Lovart: Build a Visual System With AI,brand-kit-plumber-lovart,Best Practice,lovart-best-practice,cluster_support_only,b2,720.86,1.0,32.0,21.38,112.56,9057,Brand System,signal_refresh_complete,Round 4,Best Practice; 32 impressions; 1 clicks; pos 21.4; best kept as cluster support,"Support role only; keep clean, indexable, and internally linked.",Refresh if query intent is relevant; preserve URL; improve sections tied to visible queries.
790,B_indexed_or_visible_refresh,best-ai-design-agent-for-financial-advisors,Best AI Design Agent For Financial Advisors: A Practical Lovart Workflow Guide,blog-best-ai-design-agent-for-financial-advisors-en,Best Practice,lovart-best-practice,deep_refresh_candidate,b1,909.23,1.0,4.0,38.25,110.32,9012,AI Design Agent,signal_refresh_complete,Round 2 -> Round 3,Best Practice; broad-intent; 4 impressions; 1 clicks; pos 38.2; worth second-stage depth upgrade,"Second-stage deep refresh: add evidence, judgment, tested sections, and stronger FAQ.",Refresh if query intent is relevant; preserve URL; improve sections tied to visible queries.
791,B_indexed_or_visible_refresh,b26-how-to-create-restaurant-menus-ai-bing,How to Create Restaurant Menus with AI — Step by Step,b26-how-to-create-restaurant-menus-ai-bing,How-To,how-to-benchmark-research,cluster_support_only,b2,712.55,0.0,44.0,25.39,103.52,16462,General Creative Workflow,signal_refresh_complete,Round 4,How-To; 44 impressions; pos 25.4; best kept as cluster support,"Support role only; keep clean, indexable, and internally linked.",Refresh if query intent is relevant; preserve URL; improve sections tied to visible queries.
792,B_indexed_or_visible_refresh,google-veo-3-ai-review-2025-features-test-results-and-final-verdict,Google Veo 3 AI Review 2025 Features Test Results And Final Verdict: A Practical Lovart Workflow Guide,google-veo-3-ai-review-2025-features-test-results-and-final-verd,Review,lovart-review,cluster_support_only,b2,772.55,0.0,44.0,36.3,103.52,9132,General Creative Workflow,signal_refresh_complete,Round 4,Review; broad-intent; 44 impressions; pos 36.3; best kept as cluster support,"Support role only; keep clean, indexable, and internally linked.",Refresh if query intent is relevant; preserve URL; improve sections tied to visible queries.
793,B_indexed_or_visible_refresh,best-ai-design-agent-for-restaurant-owners,Best AI Design Agent For Restaurant Owners: A Practical Lovart Workflow Guide,blog-best-ai-design-agent-for-restaurant-owners-en,Best Practice,lovart-best-practice,cluster_support_only,b2,746.8,0.0,31.0,33.87,102.48,9007,AI Design Agent,signal_refresh_complete,Round 4,Best Practice; broad-intent; 31 impressions; pos 33.9; best kept as cluster support,"Support role only; keep clean, indexable, and internally linked.",Refresh if query intent is relevant; preserve URL; improve sections tied to visible queries.
794,B_indexed_or_visible_refresh,best-ai-design-agent-for-makeup-studio-owners,Best AI Design Agent For Makeup Studio Owners: A Practical Lovart Workflow Guide,blog-best-ai-design-agent-for-makeup-studio-owners-en,Best Practice,lovart-best-practice,cluster_support_only,b2,746.74,0.0,30.0,39.4,102.4,9022,AI Design Agent,signal_refresh_complete,Round 4,Best Practice; broad-intent; 30 impressions; pos 39.4; best kept as cluster support,"Support role only; keep clean, indexable, and internally linked.",Refresh if query intent is relevant; preserve URL; improve sections tied to visible queries.
795,B_indexed_or_visible_refresh,complete-guide-real-estate-marketing-design-ai,The 2026 Complete Guide to AI Real Estate Marketing Design,complete-guide-real-estate-marketing-design-ai,Complete Guide,lovart-complete-guide,deep_refresh_candidate,b1,961.62,0.0,28.0,27.04,102.24,52887,General Creative Workflow,signal_refresh_complete,Round 2 -> Round 3,Complete Guide; broad-intent; 28 impressions; pos 27.0; worth second-stage depth upgrade,"Promote to canonical longform via state-machine drafting, evidence pack, and cluster integration.",Refresh if query intent is relevant; preserve URL; improve sections tied to visible queries.
796,B_indexed_or_visible_refresh,how-to-generate-ai-art-from-text,How to Generate AI Art from Text — Turn Words into Stunning Visuals,how-to-generate-ai-art-from-text,How-To,how-to-benchmark-research,keep_refresh_only,b2,731.39,0.0,24.0,42.88,101.92,11226,General Creative Workflow,signal_refresh_complete,Round 4 -> Round 5,How-To; 24 impressions; pos 42.9; maintain signal refresh state,"Keep refresh gains; add proof, CTR framing, and cluster polish only.",Refresh if query intent is relevant; preserve URL; improve sections tied to visible queries.
797,B_indexed_or_visible_refresh,best-ai-design-agent-for-content-creators,Best AI Design Agent For Content Creators: A Practical Lovart Workflow Guide,blog-best-ai-design-agent-for-content-creators-en,Best Practice,lovart-best-practice,cluster_support_only,b2,746.04,0.0,18.0,27.78,101.44,9002,AI Design Agent,signal_refresh_complete,Round 4,Best Practice; broad-intent; 18 impressions; pos 27.8; best kept as cluster support,"Support role only; keep clean, indexable, and internally linked.",Refresh if query intent is relevant; preserve URL; improve sections tied to visible queries.
798,B_indexed_or_visible_refresh,best-ai-design-agent-for-handmade-sellers,Best AI Design Agent For Handmade Sellers: A Practical Lovart Workflow Guide,blog-best-ai-design-agent-for-handmade-sellers-en,Best Practice,lovart-best-practice,cluster_support_only,b2,745.99,0.0,17.0,34.06,101.36,9002,AI Design Agent,signal_refresh_complete,Round 4,Best Practice; broad-intent; 17 impressions; pos 34.1; best kept as cluster support,"Support role only; keep clean, indexable, and internally linked.",Refresh if query intent is relevant; preserve URL; improve sections tied to visible queries.
799,B_indexed_or_visible_refresh,lovart-vs-venngage-2026,Lovart vs Venngage 2026: Compare the Workflow Before You Choose,bd-lovart-vs-venngage-2026,Review,lovart-review,cluster_support_only,b2,740.87,0.0,15.0,22.33,101.2,10012,General Creative Workflow,signal_refresh_complete,Round 4,Review; 15 impressions; pos 22.3; best kept as cluster support,"Support role only; keep clean, indexable, and internally linked.",Refresh if query intent is relevant; preserve URL; improve sections tied to visible queries.
800,B_indexed_or_visible_refresh,brand-kit-for-beauty-salon-owner,Brand Kit for Beauty Salon Owner: Build a Visual System With AI,blog-brand-kit-for-beauty-salon-owner-en,Best Practice,lovart-best-practice,cluster_support_only,b2,715.29,0.0,5.0,30.6,100.4,9081,Brand System,signal_refresh_complete,Round 4,Best Practice; 5 impressions; pos 30.6; best kept as cluster support,"Support role only; keep clean, indexable, and internally linked.",Refresh if query intent is relevant; preserve URL; improve sections tied to visible queries.
801,B_indexed_or_visible_refresh,case-study-bootstrapper-free-ai-tools-growth,Case Study Bootstrapper Free AI Tools Growth: A Practical Lovart Workflow Guide,case-study-bootstrapper-free-ai-tools-growth,How-To,how-to-benchmark-research,cluster_support_only,b2,740.29,0.0,5.0,24.2,100.4,9017,General Creative Workflow,signal_refresh_complete,Round 4,How-To; broad-intent; 5 impressions; pos 24.2; best kept as cluster support,"Support role only; keep clean, indexable, and internally linked.",Refresh if query intent is relevant; preserve URL; improve sections tied to visible queries.
802,B_indexed_or_visible_refresh,best-ai-design-agent-for-personal-trainers,Best AI Design Agent For Personal Trainers: A Practical Lovart Workflow Guide,blog-best-ai-design-agent-for-personal-trainers-en,Best Practice,lovart-best-practice,cluster_support_only,b2,745.23,0.0,4.0,25.25,100.32,9007,AI Design Agent,signal_refresh_complete,Round 4,Best Practice; broad-intent; 4 impressions; pos 25.2; best kept as cluster support,"Support role only; keep clean, indexable, and internally linked.",Refresh if query intent is relevant; preserve URL; improve sections tied to visible queries.
803,B_indexed_or_visible_refresh,best-ai-design-agent-for-solo-practitioner,Best AI Design Agent For Solo Practitioner: A Practical Lovart Workflow Guide,best-ai-design-agent-for-solo-practitioner,Best Practice,lovart-best-practice,cluster_support_only,b2,745.17,0.0,3.0,21.33,100.24,9007,AI Design Agent,signal_refresh_complete,Round 4,Best Practice; broad-intent; 3 impressions; pos 21.3; best kept as cluster support,"Support role only; keep clean, indexable, and internally linked.",Refresh if query intent is relevant; preserve URL; improve sections tied to visible queries.
804,B_indexed_or_visible_refresh,ai-vs-traditional-designers-2,AI vs Traditional Designers 2: Compare the Workflow Before You Choose,e279cd49-85be-41a8-98c4-f3206102b70f,Review,lovart-review,cluster_support_only,b2,740.17,0.0,3.0,28.0,100.24,10054,General Creative Workflow,signal_refresh_complete,Round 4,Review; 3 impressions; pos 28.0; best kept as cluster support,"Support role only; keep clean, indexable, and internally linked.",Refresh if query intent is relevant; preserve URL; improve sections tied to visible queries.
805,B_indexed_or_visible_refresh,brand-consistency-design-guide,Brand consistency: the difference between a brand and a business,brand-consistency-design-guide,How-To,how-to-benchmark-research,keep_refresh_only,b2,760.12,0.0,2.0,44.5,100.16,11339,Brand System,signal_refresh_complete,Round 4 -> Round 5,How-To; broad-intent; 2 impressions; pos 44.5; maintain signal refresh state,"Keep refresh gains; add proof, CTR framing, and cluster polish only.",Refresh if query intent is relevant; preserve URL; improve sections tied to visible queries.
806,B_indexed_or_visible_refresh,bfcm-ecommerce-visual-strategy-2027,Bfcm Ecommerce Visual Strategy 2027: A Practical Lovart Workflow Guide,bfcm-ecommerce-visual-strategy-2027,How-To,how-to-benchmark-research,deep_refresh_candidate,b1,895.16,0.0,20.0,3.05,41.6,8972,General Creative Workflow,signal_refresh_complete,Round 2 -> Round 3,How-To; broad-intent; 20 impressions; pos 3.0; worth second-stage depth upgrade,"Second-stage deep refresh: add evidence, judgment, tested sections, and stronger FAQ.",Refresh if query intent is relevant; preserve URL; improve sections tied to visible queries.
807,B_indexed_or_visible_refresh,lovart-digest-may-2026-week3,"Lovart Digest — Best Design Tips, Tools & Templates This Week (May W3)",lovart-digest-may-2026-week3,How-To,how-to-benchmark-research,deep_refresh_candidate,b1,894.75,0.0,13.0,3.62,41.04,6210,General Creative Workflow,signal_refresh_complete,Round 2 -> Round 3,How-To; broad-intent; 13 impressions; pos 3.6; worth second-stage depth upgrade,"Second-stage deep refresh: add evidence, judgment, tested sections, and stronger FAQ.",Refresh if query intent is relevant; preserve URL; improve sections tied to visible queries.
808,B_indexed_or_visible_refresh,best-ai-design-agent-for-influencers,Best AI Design Agent For Influencers: A Practical Lovart Workflow Guide,blog-best-ai-design-agent-for-influencers-en,Best Practice,lovart-best-practice,cluster_support_only,b2,739.58,0.0,10.0,72.5,40.8,8977,AI Design Agent,signal_refresh_complete,Round 4,Best Practice; broad-intent; 10 impressions; pos 72.5; best kept as cluster support,"Support role only; keep clean, indexable, and internally linked.",Refresh if query intent is relevant; preserve URL; improve sections tied to visible queries.
809,B_indexed_or_visible_refresh,ai-marketing-design-tools,AI Marketing Design Tools: A Practical Lovart Workflow Guide,blog-ai-marketing-design-tools-en,How-To,how-to-benchmark-research,deep_refresh_candidate,b1,894.52,0.0,9.0,2.33,40.72,8922,General Creative Workflow,signal_refresh_complete,Round 2 -> Round 3,How-To; broad-intent; 9 impressions; pos 2.3; worth second-stage depth upgrade,"Second-stage deep refresh: add evidence, judgment, tested sections, and stronger FAQ.",Refresh if query intent is relevant; preserve URL; improve sections tied to visible queries.
810,B_indexed_or_visible_refresh,best-ai-design-agent-for-course-creators,Best AI Design Agent For Course Creators: A Practical Lovart Workflow Guide,blog-best-ai-design-agent-for-course-creators-en,Best Practice,lovart-best-practice,cluster_support_only,b2,739.35,0.0,6.0,57.5,40.48,8997,AI Design Agent,signal_refresh_complete,Round 4,Best Practice; broad-intent; 6 impressions; pos 57.5; best kept as cluster support,"Support role only; keep clean, indexable, and internally linked.",Refresh if query intent is relevant; preserve URL; improve sections tied to visible queries.
811,B_indexed_or_visible_refresh,brand-kit-thrift-store-lovart,Thrift Store Brand Kit: Secondhand Visual Identity That Makes Pre-Loved Feel Premium,brand-kit-thrift-store-lovart,Best Practice,lovart-best-practice,cluster_support_only,b2,709.35,0.0,6.0,3.33,40.48,6394,Brand System,signal_refresh_complete,Round 4,Best Practice; 6 impressions; pos 3.3; best kept as cluster support,"Support role only; keep clean, indexable, and internally linked.",Refresh if query intent is relevant; preserve URL; improve sections tied to visible queries.
812,B_indexed_or_visible_refresh,midjourney-alternatives-2026,Midjourney Alternatives 2026: Best AI Image Generators Compared | Lovart,bd-midjourney-alternatives-2026,Review,lovart-review,deep_refresh_candidate,b1,924.23,0.0,4.0,3.25,40.32,6850,AI Image,signal_refresh_complete,Round 2 -> Round 3,Review; broad-intent; 4 impressions; pos 3.2; worth second-stage depth upgrade,"Second-stage deep refresh: add evidence, judgment, tested sections, and stronger FAQ.",Refresh if query intent is relevant; preserve URL; improve sections tied to visible queries.
813,B_indexed_or_visible_refresh,ai-design-for-freelancers-pricing,AI Design For Freelancers Pricing: A Practical Lovart Workflow Guide,bp-ai-design-for-freelancers-pricing,Best Practice,lovart-best-practice,deep_refresh_candidate,b1,899.17,0.0,3.0,1.0,40.24,8962,General Creative Workflow,signal_refresh_complete,Round 2 -> Round 3,Best Practice; broad-intent; 3 impressions; pos 1.0; worth second-stage depth upgrade,"Second-stage deep refresh: add evidence, judgment, tested sections, and stronger FAQ.",Refresh if query intent is relevant; preserve URL; improve sections tied to visible queries.
814,B_indexed_or_visible_refresh,best-ai-design-tool-for-affiliate-marketers-2026,"I was an affiliate marketer for 5 years. I tested 5 AI design tools for affiliate marketing. 1 is excellent, 2 are good, 2 are not worth the time.",bd-best-ai-design-tool-for-affiliate-marketers-2026,Best Practice,lovart-best-practice,deep_refresh_candidate,b1,899.12,0.0,2.0,3.0,40.16,6184,General Creative Workflow,signal_refresh_complete,Round 2 -> Round 3,Best Practice; broad-intent; 2 impressions; pos 3.0; worth second-stage depth upgrade,"Second-stage deep refresh: add evidence, judgment, tested sections, and stronger FAQ.",Refresh if query intent is relevant; preserve URL; improve sections tied to visible queries.
815,B_indexed_or_visible_refresh,ai-video-generator-comparison-2026,"AI Video Generator Comparison 2026: Choose by Workflow, Not Hype",blog-ai-video-generator-comparison-2026-en,Review,lovart-review,deep_refresh_candidate,b1,924.12,0.0,2.0,3.5,40.16,8953,AI Video,signal_refresh_complete,Round 2 -> Round 3,Review; broad-intent; 2 impressions; pos 3.5; worth second-stage depth upgrade,"Second-stage deep refresh: add evidence, judgment, tested sections, and stronger FAQ.",Refresh if query intent is relevant; preserve URL; improve sections tied to visible queries.
816,B_indexed_or_visible_refresh,ai-design-for-education,AI Design For Education: A Practical Lovart Workflow Guide,bp-ai-design-for-education,Best Practice,lovart-best-practice,deep_refresh_candidate,b1,899.12,0.0,2.0,3.0,40.16,8912,General Creative Workflow,signal_refresh_complete,Round 2 -> Round 3,Best Practice; broad-intent; 2 impressions; pos 3.0; worth second-stage depth upgrade,"Second-stage deep refresh: add evidence, judgment, tested sections, and stronger FAQ.",Refresh if query intent is relevant; preserve URL; improve sections tied to visible queries.
817,B_indexed_or_visible_refresh,best-ai-design-tool-for-real-estate-2026,"I was a real estate agent for 5 years. I tested 5 AI design tools for real estate. 1 is excellent, 2 are good, 2 are not worth the time.",bd-best-ai-design-tool-for-real-estate-2026,Best Practice,lovart-best-practice,deep_refresh_candidate,b1,899.06,0.0,1.0,3.0,40.08,6140,General Creative Workflow,signal_refresh_complete,Round 2 -> Round 3,Best Practice; broad-intent; 1 impressions; pos 3.0; worth second-stage depth upgrade,"Second-stage deep refresh: add evidence, judgment, tested sections, and stronger FAQ.",Refresh if query intent is relevant; preserve URL; improve sections tied to visible queries.
818,B_indexed_or_visible_refresh,best-ai-design-agent-for-gym-owners,Best AI Design Agent For Gym Owners: A Practical Lovart Workflow Guide,blog-best-ai-design-agent-for-gym-owners-en,Best Practice,lovart-best-practice,deep_refresh_candidate,b1,899.06,0.0,1.0,2.0,40.08,8972,AI Design Agent,signal_refresh_complete,Round 2 -> Round 3,Best Practice; broad-intent; 1 impressions; pos 2.0; worth second-stage depth upgrade,"Second-stage deep refresh: add evidence, judgment, tested sections, and stronger FAQ.",Refresh if query intent is relevant; preserve URL; improve sections tied to visible queries.
819,C_long_tail_low_value_review,create-logos-guide,Create Logos Guide: A Practical Lovart Workflow Guide,042b701e-1f83-47b4-84d2-de405fffcbeb,How-To,how-to-benchmark-research,cluster_support_only,c_support,384.0,0.0,0.0,,40.0,8887,Logo & Identity,signal_refresh + structure_fix + cleanup + slug_hygiene,Round 4,How-To; broad-intent; best kept as cluster support,"Support role only; keep clean, indexable, and internally linked.","Review for consolidation, cluster support, or lower-priority rewrite; keep indexable unless there is a separate policy reason."
820,C_long_tail_low_value_review,best-ai-design-tool-for-events-2026,"I was an event planner for 3 years. I tested 5 AI design tools for event design. 1 is excellent, 2 are good, 2 are not worth the time.",bd-best-ai-design-tool-for-events-2026,Best Practice,lovart-best-practice,cluster_support_only,c_support,389.0,0.0,0.0,,40.0,6037,General Creative Workflow,signal_refresh + structure_fix + cleanup + slug_hygiene,Round 4,Best Practice; broad-intent; best kept as cluster support,"Support role only; keep clean, indexable, and internally linked.","Review for consolidation, cluster support, or lower-priority rewrite; keep indexable unless there is a separate policy reason."
821,C_long_tail_low_value_review,best-ai-design-tool-for-freelancers-2026,Best AI Design Tool For Freelancers 2026: A Practical Lovart Workflow Guide,bd-best-ai-design-tool-for-freelancers-2026,Best Practice,lovart-best-practice,cluster_support_only,c_support,389.0,0.0,0.0,,40.0,8997,General Creative Workflow,signal_refresh + structure_fix + cleanup + slug_hygiene,Round 4,Best Practice; broad-intent; best kept as cluster support,"Support role only; keep clean, indexable, and internally linked.","Review for consolidation, cluster support, or lower-priority rewrite; keep indexable unless there is a separate policy reason."
822,C_long_tail_low_value_review,best-ai-image-generator-for-photorealism-2026,Best Ai Image Generator: AI-Powered Creation Tool 2026 | Lov,bd-best-ai-image-generator-for-photorealism-2026,Best Practice,lovart-best-practice,cluster_support_only,c_support,389.0,0.0,0.0,,40.0,6023,AI Image,signal_refresh + structure_fix + cleanup + slug_hygiene,Round 4,Best Practice; broad-intent; best kept as cluster support,"Support role only; keep clean, indexable, and internally linked.","Review for consolidation, cluster support, or lower-priority rewrite; keep indexable unless there is a separate policy reason."
823,C_long_tail_low_value_review,best-ai-video-tool-for-marketers-2026,Best AI Video Tool For Marketers 2026: A Practical Lovart Workflow Guide,bd-best-ai-video-tool-for-marketers-2026,Best Practice,lovart-best-practice,cluster_support_only,c_support,389.0,0.0,0.0,,40.0,8982,AI Video,signal_refresh + structure_fix + cleanup + slug_hygiene,Round 4,Best Practice; broad-intent; best kept as cluster support,"Support role only; keep clean, indexable, and internally linked.","Review for consolidation, cluster support, or lower-priority rewrite; keep indexable unless there is a separate policy reason."
824,C_long_tail_low_value_review,before-after-design-transformation,Before and After Design Transformation: How to Make the Improvement Visible,before-after-design-transformation,How-To,how-to-benchmark-research,cluster_support_only,c_support,354.0,0.0,0.0,,40.0,8996,General Creative Workflow,signal_refresh + structure_fix + cleanup + slug_hygiene,Round 4,How-To; best kept as cluster support,"Support role only; keep clean, indexable, and internally linked.","Review for consolidation, cluster support, or lower-priority rewrite; keep indexable unless there is a separate policy reason."
825,C_long_tail_low_value_review,best-ai-design-agent-for-chef,"Best AI Design Agent for Chefs: Tasting Menu Cards, Plating Diagrams & Personal Brand Visuals by Lovart",best-ai-design-agent-for-chef,Best Practice,lovart-best-practice,cluster_support_only,c_support,389.0,0.0,0.0,,40.0,6150,Brand System,signal_refresh + structure_fix + cleanup + slug_hygiene,Round 4,Best Practice; broad-intent; best kept as cluster support,"Support role only; keep clean, indexable, and internally linked.","Review for consolidation, cluster support, or lower-priority rewrite; keep indexable unless there is a separate policy reason."
826,C_long_tail_low_value_review,best-ai-design-agent-for-influencer,"Best AI Design Agent for Influencers: Media Kits, Brand Partnership Proposals & Content Calendar Design by Lovart",best-ai-design-agent-for-influencer,Best Practice,lovart-best-practice,cluster_support_only,c_support,389.0,0.0,0.0,,40.0,8630,Brand System,signal_refresh + structure_fix + cleanup + slug_hygiene,Round 4,Best Practice; broad-intent; best kept as cluster support,"Support role only; keep clean, indexable, and internally linked.","Review for consolidation, cluster support, or lower-priority rewrite; keep indexable unless there is a separate policy reason."
827,C_long_tail_low_value_review,best-ai-design-agent-for-non-designers-create-pro-visuals-without-skills,Best AI Design Agent for Non-Designers: Create Pro Visuals Without Skills,best-ai-design-agent-for-non-designers-create-pro-visuals-withou,Best Practice,lovart-best-practice,cluster_support_only,c_support,389.0,0.0,0.0,,40.0,7943,AI Design Agent,signal_refresh + structure_fix + cleanup + slug_hygiene,Round 4,Best Practice; broad-intent; best kept as cluster support,"Support role only; keep clean, indexable, and internally linked.","Review for consolidation, cluster support, or lower-priority rewrite; keep indexable unless there is a separate policy reason."
828,C_long_tail_low_value_review,ai-background-remover-tools,AI Background Remover Tools: Choose the Right Cleanup Workflow,blog-ai-background-remover-tools-en,How-To,how-to-benchmark-research,cluster_support_only,c_support,384.0,0.0,0.0,,40.0,8978,General Creative Workflow,signal_refresh + structure_fix + cleanup + slug_hygiene,Round 4,How-To; broad-intent; best kept as cluster support,"Support role only; keep clean, indexable, and internally linked.","Review for consolidation, cluster support, or lower-priority rewrite; keep indexable unless there is a separate policy reason."
829,C_long_tail_low_value_review,ai-design-for-ecommerce-sellers,AI Design for Ecommerce Sellers: Product Visuals That Convert Without a Studio Shoot,blog-ai-design-for-ecommerce-sellers-en,Best Practice,lovart-best-practice,cluster_support_only,c_support,359.0,0.0,0.0,,40.0,8971,General Creative Workflow,signal_refresh + structure_fix + cleanup + slug_hygiene,Round 4,Best Practice; best kept as cluster support,"Support role only; keep clean, indexable, and internally linked.","Review for consolidation, cluster support, or lower-priority rewrite; keep indexable unless there is a separate policy reason."
830,C_long_tail_low_value_review,ai-photo-generator-for-ecommerce,AI Photo Generator for Ecommerce: Build Product Images Buyers Can Trust,blog-ai-photo-generator-for-ecommerce-en,Best Practice,lovart-best-practice,cluster_support_only,c_support,359.0,0.0,0.0,,40.0,8968,AI Image,signal_refresh + structure_fix + cleanup + slug_hygiene,Round 4,Best Practice; best kept as cluster support,"Support role only; keep clean, indexable, and internally linked.","Review for consolidation, cluster support, or lower-priority rewrite; keep indexable unless there is a separate policy reason."
831,C_long_tail_low_value_review,ai-picture-generator-guide,AI Picture Generator Guide: Turn a Rough Idea Into a Finished Visual,blog-ai-picture-generator-guide-en,How-To,how-to-benchmark-research,cluster_support_only,c_support,384.0,0.0,0.0,,40.0,8864,General Creative Workflow,signal_refresh + structure_fix + cleanup + slug_hygiene,Round 4,How-To; broad-intent; best kept as cluster support,"Support role only; keep clean, indexable, and internally linked.","Review for consolidation, cluster support, or lower-priority rewrite; keep indexable unless there is a separate policy reason."
832,C_long_tail_low_value_review,ai-portrait-generator-tools,AI Portrait Generator Tools: Create Portraits That Still Feel Human,blog-ai-portrait-generator-tools-en,How-To,how-to-benchmark-research,cluster_support_only,c_support,384.0,0.0,0.0,,40.0,8903,General Creative Workflow,signal_refresh + structure_fix + cleanup + slug_hygiene,Round 4,How-To; broad-intent; best kept as cluster support,"Support role only; keep clean, indexable, and internally linked.","Review for consolidation, cluster support, or lower-priority rewrite; keep indexable unless there is a separate policy reason."
833,C_long_tail_low_value_review,ai-tools-for-small-business,AI Tools for Small Business: A Practical 2026 Design Stack,blog-ai-tools-for-small-business-en,Best Practice,lovart-best-practice,cluster_support_only,c_support,389.0,0.0,0.0,,40.0,8980,General Creative Workflow,signal_refresh + structure_fix + cleanup + slug_hygiene,Round 4,Best Practice; broad-intent; best kept as cluster support,"Support role only; keep clean, indexable, and internally linked.","Review for consolidation, cluster support, or lower-priority rewrite; keep indexable unless there is a separate policy reason."
834,C_long_tail_low_value_review,ai-video-for-social-media-2026,AI Video For Social Media 2026: A Practical Lovart Workflow Guide,blog-ai-video-for-social-media-2026-en,Best Practice,lovart-best-practice,cluster_support_only,c_support,389.0,0.0,0.0,,40.0,8947,AI Video,signal_refresh + structure_fix + cleanup + slug_hygiene,Round 4,Best Practice; broad-intent; best kept as cluster support,"Support role only; keep clean, indexable, and internally linked.","Review for consolidation, cluster support, or lower-priority rewrite; keep indexable unless there is a separate policy reason."
835,C_long_tail_low_value_review,best-ai-design-agent-for-dentists,Best AI Design Agent For Dentists: A Practical Lovart Workflow Guide,blog-best-ai-design-agent-for-dentists-en,Best Practice,lovart-best-practice,cluster_support_only,c_support,389.0,0.0,0.0,,40.0,8962,AI Design Agent,signal_refresh + structure_fix + cleanup + slug_hygiene,Round 4,Best Practice; broad-intent; best kept as cluster support,"Support role only; keep clean, indexable, and internally linked.","Review for consolidation, cluster support, or lower-priority rewrite; keep indexable unless there is a separate policy reason."
836,C_long_tail_low_value_review,best-ai-design-agent-for-sushi-bars,Best AI Design Agent For Sushi Bars: A Practical Lovart Workflow Guide,blog-best-ai-design-agent-for-sushi-bars-en,Best Practice,lovart-best-practice,cluster_support_only,c_support,389.0,0.0,0.0,,40.0,8972,AI Design Agent,signal_refresh + structure_fix + cleanup + slug_hygiene,Round 4,Best Practice; broad-intent; best kept as cluster support,"Support role only; keep clean, indexable, and internally linked.","Review for consolidation, cluster support, or lower-priority rewrite; keep indexable unless there is a separate policy reason."
837,C_long_tail_low_value_review,best-ai-image-generators-2026,Best AI Image Generators 2026: How to Choose for Real Design Work,blog-best-ai-image-generators-2026-en,How-To,how-to-benchmark-research,cluster_support_only,c_support,384.0,0.0,0.0,,40.0,8908,AI Image,signal_refresh + structure_fix + cleanup + slug_hygiene,Round 4,How-To; broad-intent; best kept as cluster support,"Support role only; keep clean, indexable, and internally linked.","Review for consolidation, cluster support, or lower-priority rewrite; keep indexable unless there is a separate policy reason."
838,C_long_tail_low_value_review,best-ai-photo-editors-2026,Best AI Photo Editors 2026: What Matters After the First Edit,blog-best-ai-photo-editors-2026-en,How-To,how-to-benchmark-research,cluster_support_only,c_support,384.0,0.0,0.0,,40.0,8910,General Creative Workflow,signal_refresh + structure_fix + cleanup + slug_hygiene,Round 4,How-To; broad-intent; best kept as cluster support,"Support role only; keep clean, indexable, and internally linked.","Review for consolidation, cluster support, or lower-priority rewrite; keep indexable unless there is a separate policy reason."
839,C_long_tail_low_value_review,create-product-photos-with-ai,Create Product Photos With AI: A Seller-Friendly Workflow,blog-create-product-photos-with-ai-en,How-To,how-to-benchmark-research,cluster_support_only,c_support,354.0,0.0,0.0,,40.0,8932,General Creative Workflow,signal_refresh + structure_fix + cleanup + slug_hygiene,Round 4,How-To; best kept as cluster support,"Support role only; keep clean, indexable, and internally linked.","Review for consolidation, cluster support, or lower-priority rewrite; keep indexable unless there is a separate policy reason."
840,C_long_tail_low_value_review,face-swap-ai-tools-2026,Face Swap AI Tools 2026: A Practical Lovart Workflow Guide,blog-face-swap-ai-tools-2026-en,How-To,how-to-benchmark-research,cluster_support_only,c_support,384.0,0.0,0.0,,40.0,8912,General Creative Workflow,signal_refresh + structure_fix + cleanup + slug_hygiene,Round 4,How-To; broad-intent; best kept as cluster support,"Support role only; keep clean, indexable, and internally linked.","Review for consolidation, cluster support, or lower-priority rewrite; keep indexable unless there is a separate policy reason."
841,C_long_tail_low_value_review,free-ai-logo-generators,Free AI Logo Generators: Create Better Visuals From a Clear Brief,blog-free-ai-logo-generators-en,How-To,how-to-benchmark-research,cluster_support_only,c_support,354.0,0.0,0.0,,40.0,8932,Logo & Identity,signal_refresh + structure_fix + cleanup + slug_hygiene,Round 4,How-To; best kept as cluster support,"Support role only; keep clean, indexable, and internally linked.","Review for consolidation, cluster support, or lower-priority rewrite; keep indexable unless there is a separate policy reason."
842,C_long_tail_low_value_review,how-to-create-ai-videos-free,How to Create AI Videos for Free: Start With a Tight Creative Brief,blog-how-to-create-ai-videos-free-en,How-To,how-to-benchmark-research,cluster_support_only,c_support,354.0,0.0,0.0,,40.0,8908,AI Video,signal_refresh + structure_fix + cleanup + slug_hygiene,Round 4,How-To; best kept as cluster support,"Support role only; keep clean, indexable, and internally linked.","Review for consolidation, cluster support, or lower-priority rewrite; keep indexable unless there is a separate policy reason."
843,C_long_tail_low_value_review,kling-ai,Kling AI: A Practical Lovart Workflow Guide,blog-kling-ai-en,How-To,how-to-benchmark-research,cluster_support_only,c_support,384.0,0.0,0.0,,40.0,8837,General Creative Workflow,signal_refresh + structure_fix + cleanup + slug_hygiene,Round 4,How-To; broad-intent; best kept as cluster support,"Support role only; keep clean, indexable, and internally linked.","Review for consolidation, cluster support, or lower-priority rewrite; keep indexable unless there is a separate policy reason."
844,C_long_tail_low_value_review,ai-design-asset-management-guide,AI Design Asset Management Guide: Keep Generated Work Findable and Reusable,bp-ai-design-asset-management-guide,How-To,how-to-benchmark-research,cluster_support_only,c_support,384.0,0.0,0.0,,40.0,8961,General Creative Workflow,signal_refresh + structure_fix + cleanup + slug_hygiene,Round 4,How-To; broad-intent; best kept as cluster support,"Support role only; keep clean, indexable, and internally linked.","Review for consolidation, cluster support, or lower-priority rewrite; keep indexable unless there is a separate policy reason."
845,C_long_tail_low_value_review,ai-design-brand-consistency-guide,AI Design Brand Consistency Guide: A Practical Lovart Workflow Guide,bp-ai-design-brand-consistency-guide,How-To,how-to-benchmark-research,cluster_support_only,c_support,384.0,0.0,0.0,,40.0,8962,Brand System,signal_refresh + structure_fix + cleanup + slug_hygiene,Round 4,How-To; broad-intent; best kept as cluster support,"Support role only; keep clean, indexable, and internally linked.","Review for consolidation, cluster support, or lower-priority rewrite; keep indexable unless there is a separate policy reason."
846,C_long_tail_low_value_review,ai-design-for-agencies-2026,AI Design for Agencies 2026: Ship More Creative Without Losing Taste,bp-ai-design-for-agencies-2026,Best Practice,lovart-best-practice,cluster_support_only,c_support,359.0,0.0,0.0,,40.0,8948,General Creative Workflow,signal_refresh + structure_fix + cleanup + slug_hygiene,Round 4,Best Practice; best kept as cluster support,"Support role only; keep clean, indexable, and internally linked.","Review for consolidation, cluster support, or lower-priority rewrite; keep indexable unless there is a separate policy reason."
847,C_long_tail_low_value_review,ai-design-for-authors-and-writers,"AI Design for Authors and Writers: Covers, Launch Graphics, and Reader Trust",bp-ai-design-for-authors-and-writers,Best Practice,lovart-best-practice,cluster_support_only,c_support,359.0,0.0,0.0,,40.0,8940,General Creative Workflow,signal_refresh + structure_fix + cleanup + slug_hygiene,Round 4,Best Practice; best kept as cluster support,"Support role only; keep clean, indexable, and internally linked.","Review for consolidation, cluster support, or lower-priority rewrite; keep indexable unless there is a separate policy reason."
848,C_long_tail_low_value_review,ai-design-for-course-creators,AI Design for Course Creators: Build Course Visuals That Make the Offer Clear,bp-ai-design-for-course-creators,Best Practice,lovart-best-practice,cluster_support_only,c_support,359.0,0.0,0.0,,40.0,8946,General Creative Workflow,signal_refresh + structure_fix + cleanup + slug_hygiene,Round 4,Best Practice; best kept as cluster support,"Support role only; keep clean, indexable, and internally linked.","Review for consolidation, cluster support, or lower-priority rewrite; keep indexable unless there is a separate policy reason."
849,C_long_tail_low_value_review,ai-design-for-fashion-brands,AI Design For Fashion Brands: A Practical Lovart Workflow Guide,bp-ai-design-for-fashion-brands,Best Practice,lovart-best-practice,cluster_support_only,c_support,389.0,0.0,0.0,,40.0,8937,Brand System,signal_refresh + structure_fix + cleanup + slug_hygiene,Round 4,Best Practice; broad-intent; best kept as cluster support,"Support role only; keep clean, indexable, and internally linked.","Review for consolidation, cluster support, or lower-priority rewrite; keep indexable unless there is a separate policy reason."
850,C_long_tail_low_value_review,ai-design-for-graphic-designers-2026,AI Design for Graphic Designers 2026: Use AI Without Giving Up Direction,bp-ai-design-for-graphic-designers-2026,Best Practice,lovart-best-practice,cluster_support_only,c_support,359.0,0.0,0.0,,40.0,8966,General Creative Workflow,signal_refresh + structure_fix + cleanup + slug_hygiene,Round 4,Best Practice; best kept as cluster support,"Support role only; keep clean, indexable, and internally linked.","Review for consolidation, cluster support, or lower-priority rewrite; keep indexable unless there is a separate policy reason."
851,C_long_tail_low_value_review,ai-design-for-healthcare-marketing,AI Design For Healthcare Marketing: A Practical Lovart Workflow Guide,bp-ai-design-for-healthcare-marketing,Best Practice,lovart-best-practice,cluster_support_only,c_support,389.0,0.0,0.0,,40.0,8967,General Creative Workflow,signal_refresh + structure_fix + cleanup + slug_hygiene,Round 4,Best Practice; broad-intent; best kept as cluster support,"Support role only; keep clean, indexable, and internally linked.","Review for consolidation, cluster support, or lower-priority rewrite; keep indexable unless there is a separate policy reason."
852,C_long_tail_low_value_review,ai-design-for-music-promotion,AI Design For Music Promotion: A Practical Lovart Workflow Guide,bp-ai-design-for-music-promotion,Best Practice,lovart-best-practice,cluster_support_only,c_support,389.0,0.0,0.0,,40.0,8942,General Creative Workflow,signal_refresh + structure_fix + cleanup + slug_hygiene,Round 4,Best Practice; broad-intent; best kept as cluster support,"Support role only; keep clean, indexable, and internally linked.","Review for consolidation, cluster support, or lower-priority rewrite; keep indexable unless there is a separate policy reason."
853,C_long_tail_low_value_review,ai-design-for-non-designers-guide,AI Design For Non Designers Guide: A Practical Lovart Workflow Guide,bp-ai-design-for-non-designers-guide,Best Practice,lovart-best-practice,cluster_support_only,c_support,389.0,0.0,0.0,,40.0,8962,General Creative Workflow,signal_refresh + structure_fix + cleanup + slug_hygiene,Round 4,Best Practice; broad-intent; best kept as cluster support,"Support role only; keep clean, indexable, and internally linked.","Review for consolidation, cluster support, or lower-priority rewrite; keep indexable unless there is a separate policy reason."
854,C_long_tail_low_value_review,ai-design-for-travel-industry,AI Design For Travel Industry: A Practical Lovart Workflow Guide,bp-ai-design-for-travel-industry,Best Practice,lovart-best-practice,cluster_support_only,c_support,389.0,0.0,0.0,,40.0,8942,General Creative Workflow,signal_refresh + structure_fix + cleanup + slug_hygiene,Round 4,Best Practice; broad-intent; best kept as cluster support,"Support role only; keep clean, indexable, and internally linked.","Review for consolidation, cluster support, or lower-priority rewrite; keep indexable unless there is a separate policy reason."
855,C_long_tail_low_value_review,ai-design-for-youtube-channel,AI Design For Youtube Channel: A Practical Lovart Workflow Guide,bp-ai-design-for-youtube-channel,Best Practice,lovart-best-practice,cluster_support_only,c_support,389.0,0.0,0.0,,40.0,8942,General Creative Workflow,signal_refresh + structure_fix + cleanup + slug_hygiene,Round 4,Best Practice; broad-intent; best kept as cluster support,"Support role only; keep clean, indexable, and internally linked.","Review for consolidation, cluster support, or lower-priority rewrite; keep indexable unless there is a separate policy reason."
856,C_long_tail_low_value_review,ai-design-iteration-workflow-guide,I used to throw away my first 5 design attempts. Now the first 3 are usually the best.,bp-ai-design-iteration-workflow-guide,Best Practice,lovart-best-practice,cluster_support_only,c_support,389.0,0.0,0.0,,40.0,7430,General Creative Workflow,signal_refresh + structure_fix + cleanup + slug_hygiene,Round 4,Best Practice; broad-intent; best kept as cluster support,"Support role only; keep clean, indexable, and internally linked.","Review for consolidation, cluster support, or lower-priority rewrite; keep indexable unless there is a separate policy reason."
857,C_long_tail_low_value_review,ai-design-quality-control-checklist,AI Design Quality Control Checklist: A Practical Lovart Workflow Guide,bp-ai-design-quality-control-checklist,How-To,how-to-benchmark-research,cluster_support_only,c_support,384.0,0.0,0.0,,40.0,8972,General Creative Workflow,signal_refresh + structure_fix + cleanup + slug_hygiene,Round 4,How-To; broad-intent; best kept as cluster support,"Support role only; keep clean, indexable, and internally linked.","Review for consolidation, cluster support, or lower-priority rewrite; keep indexable unless there is a separate policy reason."
858,C_long_tail_low_value_review,ai-design-workflow-from-brief-to-final,My design brief used to be 3 paragraphs of fluff. Now it's 5 sentences and produces better work.,bp-ai-design-workflow-from-brief-to-final,Best Practice,lovart-best-practice,cluster_support_only,c_support,359.0,0.0,0.0,,40.0,8613,General Creative Workflow,signal_refresh + structure_fix + cleanup + slug_hygiene,Round 4,Best Practice; best kept as cluster support,"Support role only; keep clean, indexable, and internally linked.","Review for consolidation, cluster support, or lower-priority rewrite; keep indexable unless there is a separate policy reason."
859,C_long_tail_low_value_review,ai-email-banner-prompts,AI Email Banner Prompts: A Practical Lovart Workflow Guide,bp-ai-email-banner-prompts,How-To,how-to-benchmark-research,cluster_support_only,c_support,384.0,0.0,0.0,,40.0,8912,General Creative Workflow,signal_refresh + structure_fix + cleanup + slug_hygiene,Round 4,How-To; broad-intent; best kept as cluster support,"Support role only; keep clean, indexable, and internally linked.","Review for consolidation, cluster support, or lower-priority rewrite; keep indexable unless there is a separate policy reason."
860,C_long_tail_low_value_review,ai-merchandise-mockup-prompts,I generated 25 t-shirt mockups with AI. The 8 that looked professional on Redbubble (and the 4 mistakes everyone makes).,bp-ai-merchandise-mockup-prompts,How-To,how-to-benchmark-research,cluster_support_only,c_support,354.0,0.0,0.0,,40.0,8517,General Creative Workflow,signal_refresh + structure_fix + cleanup + slug_hygiene,Round 4,How-To; best kept as cluster support,"Support role only; keep clean, indexable, and internally linked.","Review for consolidation, cluster support, or lower-priority rewrite; keep indexable unless there is a separate policy reason."
861,C_long_tail_low_value_review,ai-podcast-cover-prompts,I generated 30 podcast covers with AI. The 8 that looked professional (and the 5 mistakes everyone makes).,bp-ai-podcast-cover-prompts,How-To,how-to-benchmark-research,cluster_support_only,c_support,354.0,0.0,0.0,,40.0,8272,General Creative Workflow,signal_refresh + structure_fix + cleanup + slug_hygiene,Round 4,How-To; best kept as cluster support,"Support role only; keep clean, indexable, and internally linked.","Review for consolidation, cluster support, or lower-priority rewrite; keep indexable unless there is a separate policy reason."
862,C_long_tail_low_value_review,ai-social-media-prompts-guide,AI Social Media Prompts Guide: A Practical Lovart Workflow Guide,bp-ai-social-media-prompts-guide,How-To,how-to-benchmark-research,cluster_support_only,c_support,384.0,0.0,0.0,,40.0,8942,General Creative Workflow,signal_refresh + structure_fix + cleanup + slug_hygiene,Round 4,How-To; broad-intent; best kept as cluster support,"Support role only; keep clean, indexable, and internally linked.","Review for consolidation, cluster support, or lower-priority rewrite; keep indexable unless there is a separate policy reason."
863,C_long_tail_low_value_review,batch-generate-variations-ai-design,Batch Generate Variations AI Design: A Practical Lovart Workflow Guide,bp-batch-generate-variations-ai-design,How-To,how-to-benchmark-research,cluster_support_only,c_support,384.0,0.0,0.0,,40.0,8972,General Creative Workflow,signal_refresh + structure_fix + cleanup + slug_hygiene,Round 4,How-To; broad-intent; best kept as cluster support,"Support role only; keep clean, indexable, and internally linked.","Review for consolidation, cluster support, or lower-priority rewrite; keep indexable unless there is a separate policy reason."
864,C_long_tail_low_value_review,best-ai-tools-for-social-media-2026,Best AI Tools For Social Media 2026: A Practical Lovart Workflow Guide,bp-best-ai-tools-for-social-media-2026,Best Practice,lovart-best-practice,cluster_support_only,c_support,389.0,0.0,0.0,,40.0,8972,General Creative Workflow,signal_refresh + structure_fix + cleanup + slug_hygiene,Round 4,Best Practice; broad-intent; best kept as cluster support,"Support role only; keep clean, indexable, and internally linked.","Review for consolidation, cluster support, or lower-priority rewrite; keep indexable unless there is a separate policy reason."
865,C_long_tail_low_value_review,free-ai-background-remover-guide,Free AI Background Remover Guide: A Practical Lovart Workflow Guide,bp-free-ai-background-remover-guide,How-To,how-to-benchmark-research,cluster_support_only,c_support,384.0,0.0,0.0,,40.0,8957,General Creative Workflow,signal_refresh + structure_fix + cleanup + slug_hygiene,Round 4,How-To; broad-intent; best kept as cluster support,"Support role only; keep clean, indexable, and internally linked.","Review for consolidation, cluster support, or lower-priority rewrite; keep indexable unless there is a separate policy reason."
866,C_long_tail_low_value_review,free-ai-ebook-cover-maker-guide,I built 8 ebook covers in 30 minutes. 3 were good enough to publish on Amazon. Here's the 5-step workflow.,bp-free-ai-ebook-cover-maker-guide,How-To,how-to-benchmark-research,cluster_support_only,c_support,384.0,0.0,0.0,,40.0,6785,General Creative Workflow,signal_refresh + structure_fix + cleanup + slug_hygiene,Round 4,How-To; broad-intent; best kept as cluster support,"Support role only; keep clean, indexable, and internally linked.","Review for consolidation, cluster support, or lower-priority rewrite; keep indexable unless there is a separate policy reason."
867,C_long_tail_low_value_review,free-ai-image-upscaler-guide,Free AI Image Upscaler Guide: A Practical Lovart Workflow Guide,bp-free-ai-image-upscaler-guide,How-To,how-to-benchmark-research,cluster_support_only,c_support,384.0,0.0,0.0,,40.0,8937,AI Image,signal_refresh + structure_fix + cleanup + slug_hygiene,Round 4,How-To; broad-intent; best kept as cluster support,"Support role only; keep clean, indexable, and internally linked.","Review for consolidation, cluster support, or lower-priority rewrite; keep indexable unless there is a separate policy reason."
868,C_long_tail_low_value_review,free-ai-logo-maker-guide-2026,Free AI Logo Maker Guide 2026: Create Better Visuals From a Clear Brief,bp-free-ai-logo-maker-guide-2026,How-To,how-to-benchmark-research,cluster_support_only,c_support,384.0,0.0,0.0,,40.0,8962,Logo & Identity,signal_refresh + structure_fix + cleanup + slug_hygiene,Round 4,How-To; broad-intent; best kept as cluster support,"Support role only; keep clean, indexable, and internally linked.","Review for consolidation, cluster support, or lower-priority rewrite; keep indexable unless there is a separate policy reason."
869,C_long_tail_low_value_review,free-ai-photo-editor-guide,Free AI Photo Editor Guide: A Practical Lovart Workflow Guide,bp-free-ai-photo-editor-guide,How-To,how-to-benchmark-research,cluster_support_only,c_support,384.0,0.0,0.0,,40.0,8927,General Creative Workflow,signal_refresh + structure_fix + cleanup + slug_hygiene,Round 4,How-To; broad-intent; best kept as cluster support,"Support role only; keep clean, indexable, and internally linked.","Review for consolidation, cluster support, or lower-priority rewrite; keep indexable unless there is a separate policy reason."
870,C_long_tail_low_value_review,free-ai-podcast-cover-maker-guide,Free AI Podcast Cover Maker Guide: Create Better Visuals From a Clear Brief,bp-free-ai-podcast-cover-maker-guide,How-To,how-to-benchmark-research,cluster_support_only,c_support,384.0,0.0,0.0,,40.0,8982,General Creative Workflow,signal_refresh + structure_fix + cleanup + slug_hygiene,Round 4,How-To; broad-intent; best kept as cluster support,"Support role only; keep clean, indexable, and internally linked.","Review for consolidation, cluster support, or lower-priority rewrite; keep indexable unless there is a separate policy reason."
871,C_long_tail_low_value_review,free-ai-poster-maker-guide,Free AI Poster Maker Guide: Create Better Visuals From a Clear Brief,bp-free-ai-poster-maker-guide,How-To,how-to-benchmark-research,cluster_support_only,c_support,384.0,0.0,0.0,,40.0,8947,General Creative Workflow,signal_refresh + structure_fix + cleanup + slug_hygiene,Round 4,How-To; broad-intent; best kept as cluster support,"Support role only; keep clean, indexable, and internally linked.","Review for consolidation, cluster support, or lower-priority rewrite; keep indexable unless there is a separate policy reason."
872,C_long_tail_low_value_review,free-ai-thumbnail-maker-guide,Free AI Thumbnail Maker Guide: Create Better Visuals From a Clear Brief,bp-free-ai-thumbnail-maker-guide,How-To,how-to-benchmark-research,cluster_support_only,c_support,384.0,0.0,0.0,,40.0,8962,General Creative Workflow,signal_refresh + structure_fix + cleanup + slug_hygiene,Round 4,How-To; broad-intent; best kept as cluster support,"Support role only; keep clean, indexable, and internally linked.","Review for consolidation, cluster support, or lower-priority rewrite; keep indexable unless there is a separate policy reason."
873,C_long_tail_low_value_review,free-ai-video-editor-guide,Free AI Video Editor Guide: A Practical Lovart Workflow Guide,bp-free-ai-video-editor-guide,How-To,how-to-benchmark-research,cluster_support_only,c_support,384.0,0.0,0.0,,40.0,8927,AI Video,signal_refresh + structure_fix + cleanup + slug_hygiene,Round 4,How-To; broad-intent; best kept as cluster support,"Support role only; keep clean, indexable, and internally linked.","Review for consolidation, cluster support, or lower-priority rewrite; keep indexable unless there is a separate policy reason."
874,C_long_tail_low_value_review,midjourney-vs-dall-e-vs-flux-vs-stable-diffusion-2026,Midjourney vs DALL-E vs FLUX vs Stable Diffusion 2026: Which Model Wins?,bp-midjourney-vs-dall-e-vs-flux-vs-stable-diffusion-2026,Review,lovart-review,cluster_support_only,c_support,384.0,0.0,0.0,,40.0,6614,General Creative Workflow,signal_refresh + structure_fix + cleanup + slug_hygiene,Round 4,Review; best kept as cluster support,"Support role only; keep clean, indexable, and internally linked.","Review for consolidation, cluster support, or lower-priority rewrite; keep indexable unless there is a separate policy reason."
875,C_long_tail_low_value_review,brand-kit-bakery-artisan-lovart,How to Create a Brand Kit for an Artisan Bakery,brand-kit-bakery-artisan-lovart,Best Practice,lovart-best-practice,cluster_support_only,c_support,359.0,0.0,0.0,,40.0,6220,Brand System,signal_refresh + structure_fix + cleanup + slug_hygiene,Round 4,Best Practice; best kept as cluster support,"Support role only; keep clean, indexable, and internally linked.","Review for consolidation, cluster support, or lower-priority rewrite; keep indexable unless there is a separate policy reason."
876,C_long_tail_low_value_review,color-accessibility-design-guide,Color Accessibility Design Guide: Make Visuals Clear Before They Look Clever,color-accessibility-design-guide,How-To,how-to-benchmark-research,cluster_support_only,c_support,384.0,0.0,0.0,,40.0,8989,General Creative Workflow,signal_refresh + structure_fix + cleanup + slug_hygiene,Round 4,How-To; broad-intent; best kept as cluster support,"Support role only; keep clean, indexable, and internally linked.","Review for consolidation, cluster support, or lower-priority rewrite; keep indexable unless there is a separate policy reason."
877,C_long_tail_low_value_review,data-visualization-design-guide,Data Visualization Design Guide: Make the Chart Answer One Question,data-visualization-design-guide,How-To,how-to-benchmark-research,cluster_support_only,c_support,384.0,0.0,0.0,,40.0,8964,General Creative Workflow,signal_refresh + structure_fix + cleanup + slug_hygiene,Round 4,How-To; broad-intent; best kept as cluster support,"Support role only; keep clean, indexable, and internally linked.","Review for consolidation, cluster support, or lower-priority rewrite; keep indexable unless there is a separate policy reason."
878,C_long_tail_low_value_review,email-design-best-practices,Email Design Best Practices: A Practical Lovart Workflow Guide,email-design-best-practices,How-To,how-to-benchmark-research,cluster_support_only,c_support,384.0,0.0,0.0,,40.0,8932,General Creative Workflow,signal_refresh + structure_fix + cleanup + slug_hygiene,Round 4,How-To; broad-intent; best kept as cluster support,"Support role only; keep clean, indexable, and internally linked.","Review for consolidation, cluster support, or lower-priority rewrite; keep indexable unless there is a separate policy reason."
879,C_long_tail_low_value_review,fall-collection-visual-strategy-2027,Fall Collection Visual Strategy 2027: A Practical Lovart Workflow Guide,fall-collection-visual-strategy-2027,How-To,how-to-benchmark-research,cluster_support_only,c_support,384.0,0.0,0.0,,40.0,8977,General Creative Workflow,signal_refresh + structure_fix + cleanup + slug_hygiene,Round 4,How-To; broad-intent; best kept as cluster support,"Support role only; keep clean, indexable, and internally linked.","Review for consolidation, cluster support, or lower-priority rewrite; keep indexable unless there is a separate policy reason."
880,C_long_tail_low_value_review,how-to-chat-generate-table-tents-lovart,How To Chat Generate Table Tents Lovart: A Practical Lovart Workflow Guide,how-to-chat-generate-table-tents-lovart,How-To,how-to-benchmark-research,cluster_support_only,c_support,384.0,0.0,0.0,,40.0,8992,General Creative Workflow,signal_refresh + structure_fix + cleanup + slug_hygiene,Round 4,How-To; broad-intent; best kept as cluster support,"Support role only; keep clean, indexable, and internally linked.","Review for consolidation, cluster support, or lower-priority rewrite; keep indexable unless there is a separate policy reason."
881,C_long_tail_low_value_review,how-to-make-collages-moodboards-ai,How To Make Collages Moodboards AI: A Practical Lovart Workflow Guide,how-to-make-collages-moodboards-ai,How-To,how-to-benchmark-research,cluster_support_only,c_support,384.0,0.0,0.0,,40.0,8967,Moodboard & Collage,signal_refresh + structure_fix + cleanup + slug_hygiene,Round 4,How-To; broad-intent; best kept as cluster support,"Support role only; keep clean, indexable, and internally linked.","Review for consolidation, cluster support, or lower-priority rewrite; keep indexable unless there is a separate policy reason."
882,C_long_tail_low_value_review,mood-board-ai-design,Mood Board AI Design: A Practical Lovart Workflow Guide,mood-board-ai-design,How-To,how-to-benchmark-research,cluster_support_only,c_support,384.0,0.0,0.0,,40.0,8897,General Creative Workflow,signal_refresh + structure_fix + cleanup + slug_hygiene,Round 4,How-To; broad-intent; best kept as cluster support,"Support role only; keep clean, indexable, and internally linked.","Review for consolidation, cluster support, or lower-priority rewrite; keep indexable unless there is a separate policy reason."
883,C_long_tail_low_value_review,shutterstock-ai-vs-lovart,"Shutterstock AI Review 2026: Pricing, Licensing & Lovart Alternative",shutterstock-ai-vs-lovart,Review,lovart-review,cluster_support_only,c_support,414.0,0.0,0.0,,40.0,8191,General Creative Workflow,signal_refresh + structure_fix + cleanup + slug_hygiene,Round 4,Review; broad-intent; best kept as cluster support,"Support role only; keep clean, indexable, and internally linked.","Review for consolidation, cluster support, or lower-priority rewrite; keep indexable unless there is a separate policy reason."
884,C_long_tail_low_value_review,step-by-step-ui-layout-without-photoshop,Step By Step UI Layout Without Photoshop: A Practical Lovart Workflow Guide,step-by-step-ui-layout-without-photoshop,How-To,how-to-benchmark-research,cluster_support_only,c_support,384.0,0.0,0.0,,40.0,8997,General Creative Workflow,signal_refresh + structure_fix + cleanup + slug_hygiene,Round 4,How-To; broad-intent; best kept as cluster support,"Support role only; keep clean, indexable, and internally linked.","Review for consolidation, cluster support, or lower-priority rewrite; keep indexable unless there is a separate policy reason."
885,C_long_tail_low_value_review,year-in-review-design-templates,Year-in-Review Design Templates: Turn Your 2026 Data Into Stunning Visual Stories,year-in-review-design-templates,Review,lovart-review,cluster_support_only,c_support,414.0,0.0,0.0,,40.0,6850,General Creative Workflow,signal_refresh + structure_fix + cleanup + slug_hygiene,Round 4,Review; broad-intent; best kept as cluster support,"Support role only; keep clean, indexable, and internally linked.","Review for consolidation, cluster support, or lower-priority rewrite; keep indexable unless there is a separate policy reason."
886,B_indexed_or_visible_refresh,lovart-vs-looka-2026,Lovart vs Looka 2026: Compare the Workflow Before You Choose,bd-lovart-vs-looka-2026,Review,lovart-review,cluster_support_only,b2,734.12,1.0,2.0,3.0,10.16,9991,General Creative Workflow,signal_refresh_complete,Round 4,Review; 2 impressions; 1 clicks; pos 3.0; best kept as cluster support,"Support role only; keep clean, indexable, and internally linked.",Refresh if query intent is relevant; preserve URL; improve sections tied to visible queries.
887,B_indexed_or_visible_refresh,02-wiki-chatcanvas-guide,ChatCanvas Complete Operation Guide: Master Conversational AI Design,02-wiki-chatcanvas-guide,How-To,how-to-benchmark-research,deep_refresh_candidate,b1,892.73,0.0,47.0,2.62,3.76,48988,Lovart Canvas,signal_refresh_complete,Round 2 -> Round 3,How-To; broad-intent; 47 impressions; pos 2.6; worth second-stage depth upgrade,"Second-stage deep refresh: add evidence, judgment, tested sections, and stronger FAQ.",Refresh if query intent is relevant; preserve URL; improve sections tied to visible queries.
888,B_indexed_or_visible_refresh,ai-design-enterprise-teams,"AI Design for Enterprise: When 12,000 Employees Need Brand-Compliant Creative",ai-design-enterprise-teams,How-To,how-to-benchmark-research,keep_refresh_only,b2,722.55,0.0,44.0,3.43,3.52,17048,Brand System,signal_refresh_complete,Round 4 -> Round 5,How-To; 44 impressions; pos 3.4; maintain signal refresh state,"Keep refresh gains; add proof, CTR framing, and cluster polish only.",Refresh if query intent is relevant; preserve URL; improve sections tied to visible queries.
889,B_indexed_or_visible_refresh,best-ai-design-agent-for-digital-agency-owners,Best AI Design Agent For Digital Agency Owners: A Practical Lovart Workflow Guide,blog-best-ai-design-agent-for-digital-agency-owners-en,Best Practice,lovart-best-practice,cluster_support_only,b2,737.09,0.0,36.0,62.67,2.88,9027,AI Design Agent,signal_refresh_complete,Round 4,Best Practice; broad-intent; 36 impressions; pos 62.7; best kept as cluster support,"Support role only; keep clean, indexable, and internally linked.",Refresh if query intent is relevant; preserve URL; improve sections tied to visible queries.
890,B_indexed_or_visible_refresh,ai-design-for-social-media-managers-daily-workflow,AI Design for Social Media Managers — A Complete Daily Workflow,ai-design-for-social-media-managers-daily-workflow,Best Practice,lovart-best-practice,cluster_support_only,b2,706.16,0.0,20.0,3.3,1.6,11480,General Creative Workflow,signal_refresh_complete,Round 4,Best Practice; 20 impressions; pos 3.3; best kept as cluster support,"Support role only; keep clean, indexable, and internally linked.",Refresh if query intent is relevant; preserve URL; improve sections tied to visible queries.
891,B_indexed_or_visible_refresh,how-to-create-referral-cards-without-photoshop,How To Create Referral Cards Without Photoshop: A Practical Lovart Workflow Guide,blog-how-to-create-referral-cards-without-photoshop-en,How-To,how-to-benchmark-research,deep_refresh_candidate,b1,890.93,0.0,16.0,2.75,1.28,9027,General Creative Workflow,signal_refresh_complete,Round 2 -> Round 3,How-To; broad-intent; 16 impressions; pos 2.8; worth second-stage depth upgrade,"Second-stage deep refresh: add evidence, judgment, tested sections, and stronger FAQ.",Refresh if query intent is relevant; preserve URL; improve sections tied to visible queries.
892,B_indexed_or_visible_refresh,brand-kit-tattoo-studio-lovart,Brand Kit for Tattoo Studio Lovart: Build a Visual System With AI,brand-kit-tattoo-studio-lovart,Best Practice,lovart-best-practice,cluster_support_only,b2,705.46,0.0,8.0,3.25,0.64,9093,Brand System,signal_refresh_complete,Round 4,Best Practice; 8 impressions; pos 3.2; best kept as cluster support,"Support role only; keep clean, indexable, and internally linked.",Refresh if query intent is relevant; preserve URL; improve sections tied to visible queries.
893,B_indexed_or_visible_refresh,content-health-score-framework-ai-design-blogs,Content Health Score Framework AI Design Blogs: A Practical Lovart Workflow Guide,content-health-score-framework-ai-design-blogs,How-To,how-to-benchmark-research,deep_refresh_candidate,b1,890.41,0.0,7.0,3.57,0.56,9027,General Creative Workflow,signal_refresh_complete,Round 2 -> Round 3,How-To; broad-intent; 7 impressions; pos 3.6; worth second-stage depth upgrade,"Second-stage deep refresh: add evidence, judgment, tested sections, and stronger FAQ.",Refresh if query intent is relevant; preserve URL; improve sections tied to visible queries.
894,B_indexed_or_visible_refresh,healthcare-marketing-design-hipaa-aware-visuals-2027,Healthcare Marketing Design: Creating HIPAA-Aware Visuals That Build Patient Trust,healthcare-marketing-design-hipaa-aware-visuals-2027,How-To,how-to-benchmark-research,keep_refresh_only,b2,720.35,0.0,6.0,3.67,0.48,10266,General Creative Workflow,signal_refresh_complete,Round 4 -> Round 5,How-To; 6 impressions; pos 3.7; maintain signal refresh state,"Keep refresh gains; add proof, CTR framing, and cluster polish only.",Refresh if query intent is relevant; preserve URL; improve sections tied to visible queries.
895,B_indexed_or_visible_refresh,brand-kit-dtc-brand-lovart,Brand Kit for DTC Brands: Complete Visual Identity Guide with Lovart's AI Design Agent,brand-kit-dtc-brand-lovart,Best Practice,lovart-best-practice,deep_refresh_candidate,b1,895.17,0.0,3.0,3.67,0.24,12023,Brand System,signal_refresh_complete,Round 2 -> Round 3,Best Practice; broad-intent; 3 impressions; pos 3.7; worth second-stage depth upgrade,"Second-stage deep refresh: add evidence, judgment, tested sections, and stronger FAQ.",Refresh if query intent is relevant; preserve URL; improve sections tied to visible queries.
896,B_indexed_or_visible_refresh,02-industry-online-course-visual-identity,Online Course Visual Identity: From Logo to Thumbnails — Building a Cohesive Look That Sells,02-industry-online-course-visual-identity,How-To,how-to-benchmark-research,keep_refresh_only,b2,720.12,0.0,2.0,3.0,0.16,9583,Logo & Identity,signal_refresh_complete,Round 4 -> Round 5,How-To; 2 impressions; pos 3.0; maintain signal refresh state,"Keep refresh gains; add proof, CTR framing, and cluster polish only.",Refresh if query intent is relevant; preserve URL; improve sections tied to visible queries.
897,B_indexed_or_visible_refresh,lovart-vs-midjourney-2026,Lovart vs Midjourney 2026: Compare the Workflow Before You Choose,bd-lovart-vs-midjourney-2026,Review,lovart-review,cluster_support_only,b2,730.06,0.0,1.0,1.0,0.08,10026,General Creative Workflow,signal_refresh_complete,Round 4,Review; 1 impressions; pos 1.0; best kept as cluster support,"Support role only; keep clean, indexable, and internally linked.",Refresh if query intent is relevant; preserve URL; improve sections tied to visible queries.
898,B_indexed_or_visible_refresh,midjourney-vs-dall-e-vs-flux-2026,Midjourney vs Dall E vs Flux 2026: Compare the Workflow Before You Choose,bp-midjourney-vs-dall-e-vs-flux-2026,Review,lovart-review,cluster_support_only,b2,730.06,0.0,1.0,1.0,0.08,10082,General Creative Workflow,signal_refresh_complete,Round 4,Review; 1 impressions; pos 1.0; best kept as cluster support,"Support role only; keep clean, indexable, and internally linked.",Refresh if query intent is relevant; preserve URL; improve sections tied to visible queries.
899,C_long_tail_low_value_review,ai-avatar-tools-compared,AI Avatar Makers Compared: Lensa vs Picsart vs Lovart — Best Digital Identity Creator,ai-avatar-tools-compared,Review,lovart-review,cluster_support_only,c_support,410.0,0.0,0.0,,0.0,10773,General Creative Workflow,signal_refresh + structure_fix + cleanup + slug_hygiene,Round 4,Review; broad-intent; best kept as cluster support,"Support role only; keep clean, indexable, and internally linked.","Review for consolidation, cluster support, or lower-priority rewrite; keep indexable unless there is a separate policy reason."
900,C_long_tail_low_value_review,ai-design-for-photographers-2026,"AI Design for Photographers — Pricing Guides, Portfolios & Client Workflows",ai-design-for-photographers-2026,Best Practice,lovart-best-practice,cluster_support_only,c_support,385.0,0.0,0.0,,0.0,12790,General Creative Workflow,signal_refresh + structure_fix + cleanup + slug_hygiene,Round 4,Best Practice; broad-intent; best kept as cluster support,"Support role only; keep clean, indexable, and internally linked.","Review for consolidation, cluster support, or lower-priority rewrite; keep indexable unless there is a separate policy reason."
901,C_long_tail_low_value_review,ai-design-vs-diy-canva-time-comparison,AI Design vs Diy Canva Time Comparison: Compare the Workflow Before You Choose,ai-design-vs-diy-canva-time-comparison,Review,lovart-review,cluster_support_only,c_support,410.0,0.0,0.0,,0.0,10117,Canva Alternative,signal_refresh + structure_fix + cleanup + slug_hygiene,Round 4,Review; broad-intent; best kept as cluster support,"Support role only; keep clean, indexable, and internally linked.","Review for consolidation, cluster support, or lower-priority rewrite; keep indexable unless there is a separate policy reason."
902,C_long_tail_low_value_review,ai-face-swap-tools-compared,AI Face Swap Tools Compared: Reface vs DeepSwap vs Lovart,ai-face-swap-tools-compared,Review,lovart-review,cluster_support_only,c_support,410.0,0.0,0.0,,0.0,11593,General Creative Workflow,signal_refresh + structure_fix + cleanup + slug_hygiene,Round 4,Review; broad-intent; best kept as cluster support,"Support role only; keep clean, indexable, and internally linked.","Review for consolidation, cluster support, or lower-priority rewrite; keep indexable unless there is a separate policy reason."
903,C_long_tail_low_value_review,figma-alternatives-2026,Figma raised prices 3x. I tested 9 Alternative: When to Use a Design Agent Instead,bd-figma-alternatives-2026,Review,lovart-review,cluster_support_only,c_support,410.0,0.0,0.0,,0.0,10246,General Creative Workflow,signal_refresh + structure_fix + cleanup + slug_hygiene,Round 4,Review; broad-intent; best kept as cluster support,"Support role only; keep clean, indexable, and internally linked.","Review for consolidation, cluster support, or lower-priority rewrite; keep indexable unless there is a separate policy reason."
904,C_long_tail_low_value_review,lovart-vs-adobe-express-2026,Lovart vs Adobe Express 2026: Compare the Workflow Before You Choose,bd-lovart-vs-adobe-express-2026,Review,lovart-review,cluster_support_only,c_support,380.0,0.0,0.0,,0.0,10047,General Creative Workflow,signal_refresh + structure_fix + cleanup + slug_hygiene,Round 4,Review; best kept as cluster support,"Support role only; keep clean, indexable, and internally linked.","Review for consolidation, cluster support, or lower-priority rewrite; keep indexable unless there is a separate policy reason."
905,C_long_tail_low_value_review,lovart-vs-descript-2026,Lovart vs Descript 2026: Compare the Workflow Before You Choose,bd-lovart-vs-descript-2026,Review,lovart-review,cluster_support_only,c_support,380.0,0.0,0.0,,0.0,10012,General Creative Workflow,signal_refresh + structure_fix + cleanup + slug_hygiene,Round 4,Review; best kept as cluster support,"Support role only; keep clean, indexable, and internally linked.","Review for consolidation, cluster support, or lower-priority rewrite; keep indexable unless there is a separate policy reason."
906,C_long_tail_low_value_review,lovart-vs-figma-2026,Lovart vs Figma 2026: Compare the Workflow Before You Choose,bd-lovart-vs-figma-2026,Review,lovart-review,cluster_support_only,c_support,380.0,0.0,0.0,,0.0,9991,General Creative Workflow,signal_refresh + structure_fix + cleanup + slug_hygiene,Round 4,Review; best kept as cluster support,"Support role only; keep clean, indexable, and internally linked.","Review for consolidation, cluster support, or lower-priority rewrite; keep indexable unless there is a separate policy reason."
907,C_long_tail_low_value_review,lovart-vs-figma-for-marketing-2026,Lovart vs Figma For Marketing 2026: Compare the Workflow Before You Choose,bd-lovart-vs-figma-for-marketing-2026,Review,lovart-review,cluster_support_only,c_support,380.0,0.0,0.0,,0.0,10089,General Creative Workflow,signal_refresh + structure_fix + cleanup + slug_hygiene,Round 4,Review; best kept as cluster support,"Support role only; keep clean, indexable, and internally linked.","Review for consolidation, cluster support, or lower-priority rewrite; keep indexable unless there is a separate policy reason."
908,C_long_tail_low_value_review,lovart-vs-ideogram-2026,Lovart vs Ideogram 2026: Compare the Workflow Before You Choose,bd-lovart-vs-ideogram-2026,Review,lovart-review,cluster_support_only,c_support,380.0,0.0,0.0,,0.0,10012,General Creative Workflow,signal_refresh + structure_fix + cleanup + slug_hygiene,Round 4,Review; best kept as cluster support,"Support role only; keep clean, indexable, and internally linked.","Review for consolidation, cluster support, or lower-priority rewrite; keep indexable unless there is a separate policy reason."
909,C_long_tail_low_value_review,lovart-vs-picsart-2026,Lovart vs Picsart 2026: Compare the Workflow Before You Choose,bd-lovart-vs-picsart-2026,Review,lovart-review,cluster_support_only,c_support,380.0,0.0,0.0,,0.0,10005,General Creative Workflow,signal_refresh + structure_fix + cleanup + slug_hygiene,Round 4,Review; best kept as cluster support,"Support role only; keep clean, indexable, and internally linked.","Review for consolidation, cluster support, or lower-priority rewrite; keep indexable unless there is a separate policy reason."
910,C_long_tail_low_value_review,best-ai-design-agent-for-bootstrappers-maximize-creative-output-on-a-budget,Best AI Design Agent For Bootstrappers Maximize Creative Output On A Budget: A Practical Lovart Workflow Guide,best-ai-design-agent-for-bootstrappers-maximize-creative-output-,Best Practice,lovart-best-practice,cluster_support_only,c_support,385.0,0.0,0.0,,0.0,9172,AI Design Agent,signal_refresh + structure_fix + cleanup + slug_hygiene,Round 4,Best Practice; broad-intent; best kept as cluster support,"Support role only; keep clean, indexable, and internally linked.","Review for consolidation, cluster support, or lower-priority rewrite; keep indexable unless there is a separate policy reason."
911,C_long_tail_low_value_review,best-ai-design-agent-for-private-practitioner,Best AI Design Agent For Private Practitioner: A Practical Lovart Workflow Guide,best-ai-design-agent-for-private-practitioner,Best Practice,lovart-best-practice,cluster_support_only,c_support,385.0,0.0,0.0,,0.0,9022,AI Design Agent,signal_refresh + structure_fix + cleanup + slug_hygiene,Round 4,Best Practice; broad-intent; best kept as cluster support,"Support role only; keep clean, indexable, and internally linked.","Review for consolidation, cluster support, or lower-priority rewrite; keep indexable unless there is a separate policy reason."
912,C_long_tail_low_value_review,best-ai-design-agent-for-skin-clinic-owner,Best AI Design Agent For Skin Clinic Owner: A Practical Lovart Workflow Guide,best-ai-design-agent-for-skin-clinic-owner,Best Practice,lovart-best-practice,cluster_support_only,c_support,385.0,0.0,0.0,,0.0,9007,AI Design Agent,signal_refresh + structure_fix + cleanup + slug_hygiene,Round 4,Best Practice; broad-intent; best kept as cluster support,"Support role only; keep clean, indexable, and internally linked.","Review for consolidation, cluster support, or lower-priority rewrite; keep indexable unless there is a separate policy reason."
913,C_long_tail_low_value_review,ai-image-editor-vs-photoshop,AI Image Editor vs Photoshop: Which Workflow Fits Your 2026 Creative Work?,blog-ai-image-editor-vs-photoshop-en,Review,lovart-review,cluster_support_only,c_support,380.0,0.0,0.0,,0.0,10011,AI Image,signal_refresh + structure_fix + cleanup + slug_hygiene,Round 4,Review; best kept as cluster support,"Support role only; keep clean, indexable, and internally linked.","Review for consolidation, cluster support, or lower-priority rewrite; keep indexable unless there is a separate policy reason."
914,C_long_tail_low_value_review,best-ai-design-agent-for-nail-studio-owners,Best AI Design Agent For Nail Studio Owners: A Practical Lovart Workflow Guide,blog-best-ai-design-agent-for-nail-studio-owners-en,Best Practice,lovart-best-practice,cluster_support_only,c_support,385.0,0.0,0.0,,0.0,9012,AI Design Agent,signal_refresh + structure_fix + cleanup + slug_hygiene,Round 4,Best Practice; broad-intent; best kept as cluster support,"Support role only; keep clean, indexable, and internally linked.","Review for consolidation, cluster support, or lower-priority rewrite; keep indexable unless there is a separate policy reason."
915,C_long_tail_low_value_review,best-ai-design-agent-for-pilates-studio-owners,Best AI Design Agent For Pilates Studio Owners: A Practical Lovart Workflow Guide,blog-best-ai-design-agent-for-pilates-studio-owners-en,Best Practice,lovart-best-practice,cluster_support_only,c_support,385.0,0.0,0.0,,0.0,9027,AI Design Agent,signal_refresh + structure_fix + cleanup + slug_hygiene,Round 4,Best Practice; broad-intent; best kept as cluster support,"Support role only; keep clean, indexable, and internally linked.","Review for consolidation, cluster support, or lower-priority rewrite; keep indexable unless there is a separate policy reason."
916,C_long_tail_low_value_review,best-ai-design-agent-for-yoga-studio-owners,Best AI Design Agent For Yoga Studio Owners: A Practical Lovart Workflow Guide,blog-best-ai-design-agent-for-yoga-studio-owners-en,Best Practice,lovart-best-practice,cluster_support_only,c_support,385.0,0.0,0.0,,0.0,9012,AI Design Agent,signal_refresh + structure_fix + cleanup + slug_hygiene,Round 4,Best Practice; broad-intent; best kept as cluster support,"Support role only; keep clean, indexable, and internally linked.","Review for consolidation, cluster support, or lower-priority rewrite; keep indexable unless there is a separate policy reason."
917,C_long_tail_low_value_review,brand-kit-for-art-galleries,Brand Kit for Art Galleries: Build a Visual System With AI,blog-brand-kit-for-art-galleries-en,Best Practice,lovart-best-practice,cluster_support_only,c_support,355.0,0.0,0.0,,0.0,9051,Brand System,signal_refresh + structure_fix + cleanup + slug_hygiene,Round 4,Best Practice; best kept as cluster support,"Support role only; keep clean, indexable, and internally linked.","Review for consolidation, cluster support, or lower-priority rewrite; keep indexable unless there is a separate policy reason."
918,C_long_tail_low_value_review,brand-kit-for-boutique-hotels,Brand Kit for Boutique Hotels: Build a Visual System With AI,blog-brand-kit-for-boutique-hotels-en,Best Practice,lovart-best-practice,cluster_support_only,c_support,355.0,0.0,0.0,,0.0,9063,Brand System,signal_refresh + structure_fix + cleanup + slug_hygiene,Round 4,Best Practice; best kept as cluster support,"Support role only; keep clean, indexable, and internally linked.","Review for consolidation, cluster support, or lower-priority rewrite; keep indexable unless there is a separate policy reason."
919,C_long_tail_low_value_review,brand-kit-for-boutique-owners,Brand Kit for Boutique Owners: Build a Visual System With AI,blog-brand-kit-for-boutique-owners-en,Best Practice,lovart-best-practice,cluster_support_only,c_support,355.0,0.0,0.0,,0.0,9063,Brand System,signal_refresh + structure_fix + cleanup + slug_hygiene,Round 4,Best Practice; best kept as cluster support,"Support role only; keep clean, indexable, and internally linked.","Review for consolidation, cluster support, or lower-priority rewrite; keep indexable unless there is a separate policy reason."
920,C_long_tail_low_value_review,brand-kit-for-catering-businesses,Brand Kit for Catering Businesses: Build a Visual System With AI,blog-brand-kit-for-catering-businesses-en,Best Practice,lovart-best-practice,cluster_support_only,c_support,355.0,0.0,0.0,,0.0,9087,Brand System,signal_refresh + structure_fix + cleanup + slug_hygiene,Round 4,Best Practice; best kept as cluster support,"Support role only; keep clean, indexable, and internally linked.","Review for consolidation, cluster support, or lower-priority rewrite; keep indexable unless there is a separate policy reason."
921,C_long_tail_low_value_review,brand-kit-for-coffee-shop-owner,Brand Kit for Coffee Shop Owner: Build a Visual System With AI,blog-brand-kit-for-coffee-shop-owner-en,Best Practice,lovart-best-practice,cluster_support_only,c_support,355.0,0.0,0.0,,0.0,9075,Brand System,signal_refresh + structure_fix + cleanup + slug_hygiene,Round 4,Best Practice; best kept as cluster support,"Support role only; keep clean, indexable, and internally linked.","Review for consolidation, cluster support, or lower-priority rewrite; keep indexable unless there is a separate policy reason."
922,C_long_tail_low_value_review,brand-kit-for-dentists,Brand Kit for Dentists: Build a Visual System With AI,blog-brand-kit-for-dentists-en,Best Practice,lovart-best-practice,cluster_support_only,c_support,355.0,0.0,0.0,,0.0,9021,Brand System,signal_refresh + structure_fix + cleanup + slug_hygiene,Round 4,Best Practice; best kept as cluster support,"Support role only; keep clean, indexable, and internally linked.","Review for consolidation, cluster support, or lower-priority rewrite; keep indexable unless there is a separate policy reason."
923,C_long_tail_low_value_review,brand-kit-for-event-planners,Brand Kit for Event Planners: Build a Visual System With AI,blog-brand-kit-for-event-planners-en,Best Practice,lovart-best-practice,cluster_support_only,c_support,355.0,0.0,0.0,,0.0,9057,Brand System,signal_refresh + structure_fix + cleanup + slug_hygiene,Round 4,Best Practice; best kept as cluster support,"Support role only; keep clean, indexable, and internally linked.","Review for consolidation, cluster support, or lower-priority rewrite; keep indexable unless there is a separate policy reason."
924,C_long_tail_low_value_review,brand-kit-for-financial-advisors,Brand Kit for Financial Advisors: Build a Visual System With AI,blog-brand-kit-for-financial-advisors-en,Best Practice,lovart-best-practice,cluster_support_only,c_support,355.0,0.0,0.0,,0.0,9081,Brand System,signal_refresh + structure_fix + cleanup + slug_hygiene,Round 4,Best Practice; best kept as cluster support,"Support role only; keep clean, indexable, and internally linked.","Review for consolidation, cluster support, or lower-priority rewrite; keep indexable unless there is a separate policy reason."
925,C_long_tail_low_value_review,brand-kit-for-florists,Brand Kit for Florists: Build a Visual System With AI,blog-brand-kit-for-florists-en,Best Practice,lovart-best-practice,cluster_support_only,c_support,355.0,0.0,0.0,,0.0,9021,Brand System,signal_refresh + structure_fix + cleanup + slug_hygiene,Round 4,Best Practice; best kept as cluster support,"Support role only; keep clean, indexable, and internally linked.","Review for consolidation, cluster support, or lower-priority rewrite; keep indexable unless there is a separate policy reason."
926,C_long_tail_low_value_review,brand-kit-for-interior-designers,Brand Kit for Interior Designers: Build a Visual System With AI,blog-brand-kit-for-interior-designers-en,Best Practice,lovart-best-practice,cluster_support_only,c_support,355.0,0.0,0.0,,0.0,9081,Brand System,signal_refresh + structure_fix + cleanup + slug_hygiene,Round 4,Best Practice; best kept as cluster support,"Support role only; keep clean, indexable, and internally linked.","Review for consolidation, cluster support, or lower-priority rewrite; keep indexable unless there is a separate policy reason."
927,C_long_tail_low_value_review,brand-kit-for-real-estate-agents,Brand Kit for Real Estate Agents: Build a Visual System With AI,blog-brand-kit-for-real-estate-agents-en,Best Practice,lovart-best-practice,cluster_support_only,c_support,355.0,0.0,0.0,,0.0,9081,Brand System,signal_refresh + structure_fix + cleanup + slug_hygiene,Round 4,Best Practice; best kept as cluster support,"Support role only; keep clean, indexable, and internally linked.","Review for consolidation, cluster support, or lower-priority rewrite; keep indexable unless there is a separate policy reason."
928,C_long_tail_low_value_review,brand-kit-for-sushi-bars,Brand Kit for Sushi Bars: Build a Visual System With AI,blog-brand-kit-for-sushi-bars-en,Best Practice,lovart-best-practice,cluster_support_only,c_support,355.0,0.0,0.0,,0.0,9033,Brand System,signal_refresh + structure_fix + cleanup + slug_hygiene,Round 4,Best Practice; best kept as cluster support,"Support role only; keep clean, indexable, and internally linked.","Review for consolidation, cluster support, or lower-priority rewrite; keep indexable unless there is a separate policy reason."
929,C_long_tail_low_value_review,brand-kit-for-yoga-studio-owners,Brand Kit for Yoga Studio Owners: Build a Visual System With AI,blog-brand-kit-for-yoga-studio-owners-en,Best Practice,lovart-best-practice,cluster_support_only,c_support,355.0,0.0,0.0,,0.0,9081,Brand System,signal_refresh + structure_fix + cleanup + slug_hygiene,Round 4,Best Practice; best kept as cluster support,"Support role only; keep clean, indexable, and internally linked.","Review for consolidation, cluster support, or lower-priority rewrite; keep indexable unless there is a separate policy reason."
930,C_long_tail_low_value_review,ai-branding-101,AI Branding 101: How AI Is Transforming Brand Identity Design,blog-branding-en,Lovart 101,lovart-101,cluster_support_only,c_support,420.0,0.0,0.0,,0.0,18399,Brand System,signal_refresh + structure_fix + cleanup + slug_hygiene,Round 4,Lovart 101; broad-intent; best kept as cluster support,"Support role only; keep clean, indexable, and internally linked.","Review for consolidation, cluster support, or lower-priority rewrite; keep indexable unless there is a separate policy reason."
931,C_long_tail_low_value_review,how-to-create-appointment-cards-without-photoshop,How To Create Appointment Cards Without Photoshop: A Practical Lovart Workflow Guide,blog-how-to-create-appointment-cards-without-photoshop-en,How-To,how-to-benchmark-research,cluster_support_only,c_support,380.0,0.0,0.0,,0.0,9042,General Creative Workflow,signal_refresh + structure_fix + cleanup + slug_hygiene,Round 4,How-To; broad-intent; best kept as cluster support,"Support role only; keep clean, indexable, and internally linked.","Review for consolidation, cluster support, or lower-priority rewrite; keep indexable unless there is a separate policy reason."
932,C_long_tail_low_value_review,how-to-create-before-after-photoes-without-photoeshop,How To Create Before After Photoes Without Photoeshop: A Practical Lovart Workflow Guide,blog-how-to-create-before-after-photoes-without-photoeshop-en,How-To,how-to-benchmark-research,cluster_support_only,c_support,380.0,0.0,0.0,,0.0,9062,General Creative Workflow,signal_refresh + structure_fix + cleanup + slug_hygiene,Round 4,How-To; broad-intent; best kept as cluster support,"Support role only; keep clean, indexable, and internally linked.","Review for consolidation, cluster support, or lower-priority rewrite; keep indexable unless there is a separate policy reason."
933,C_long_tail_low_value_review,how-to-create-consulting-propoesals-without-photoeshop,How To Create Consulting Propoesals Without Photoeshop: A Practical Lovart Workflow Guide,blog-how-to-create-consulting-propoesals-without-photoeshop-en,How-To,how-to-benchmark-research,cluster_support_only,c_support,380.0,0.0,0.0,,0.0,9067,General Creative Workflow,signal_refresh + structure_fix + cleanup + slug_hygiene,Round 4,How-To; broad-intent; best kept as cluster support,"Support role only; keep clean, indexable, and internally linked.","Review for consolidation, cluster support, or lower-priority rewrite; keep indexable unless there is a separate policy reason."
934,C_long_tail_low_value_review,how-to-create-loyalty-punch-cards-without-photoeshop,How To Create Loyalty Punch Cards Without Photoeshop: A Practical Lovart Workflow Guide,blog-how-to-create-loyalty-punch-cards-without-photoeshop-en,How-To,how-to-benchmark-research,cluster_support_only,c_support,380.0,0.0,0.0,,0.0,9057,General Creative Workflow,signal_refresh + structure_fix + cleanup + slug_hygiene,Round 4,How-To; broad-intent; best kept as cluster support,"Support role only; keep clean, indexable, and internally linked.","Review for consolidation, cluster support, or lower-priority rewrite; keep indexable unless there is a separate policy reason."
935,C_long_tail_low_value_review,how-to-create-podcast-episode-artworks-without-photoeshop,How To Create Podcast Episode Artworks Without Photoeshop: A Practical Lovart Workflow Guide,blog-how-to-create-podcast-episode-artworks-without-photoeshop-en,How-To,how-to-benchmark-research,cluster_support_only,c_support,380.0,0.0,0.0,,0.0,9082,General Creative Workflow,signal_refresh + structure_fix + cleanup + slug_hygiene,Round 4,How-To; broad-intent; best kept as cluster support,"Support role only; keep clean, indexable, and internally linked.","Review for consolidation, cluster support, or lower-priority rewrite; keep indexable unless there is a separate policy reason."
936,C_long_tail_low_value_review,how-to-create-sale-banners-without-photoshop,How To Create Sale Banners Without Photoshop: A Practical Lovart Workflow Guide,blog-how-to-create-sale-banners-without-photoshop-en,How-To,how-to-benchmark-research,cluster_support_only,c_support,380.0,0.0,0.0,,0.0,9017,General Creative Workflow,signal_refresh + structure_fix + cleanup + slug_hygiene,Round 4,How-To; broad-intent; best kept as cluster support,"Support role only; keep clean, indexable, and internally linked.","Review for consolidation, cluster support, or lower-priority rewrite; keep indexable unless there is a separate policy reason."
937,C_long_tail_low_value_review,how-to-create-seasonal-collection-catalogs-without-photoeshop,How To Create Seasonal Collection Catalogs Without Photoeshop: A Practical Lovart Workflow Guide,blog-how-to-create-seasonal-collection-catalogs-without-photoeshop-en,How-To,how-to-benchmark-research,cluster_support_only,c_support,380.0,0.0,0.0,,0.0,9102,General Creative Workflow,signal_refresh + structure_fix + cleanup + slug_hygiene,Round 4,How-To; broad-intent; best kept as cluster support,"Support role only; keep clean, indexable, and internally linked.","Review for consolidation, cluster support, or lower-priority rewrite; keep indexable unless there is a separate policy reason."
938,C_long_tail_low_value_review,lovart-vs-midjourney-comparison,Lovart vs Midjourney: Image Generation vs Design Agent Workflow,blog-lovart-vs-midjourney-comparison-en,Review,lovart-review,cluster_support_only,c_support,410.0,0.0,0.0,,0.0,9987,AI Image,signal_refresh + structure_fix + cleanup + slug_hygiene,Round 4,Review; broad-intent; best kept as cluster support,"Support role only; keep clean, indexable, and internally linked.","Review for consolidation, cluster support, or lower-priority rewrite; keep indexable unless there is a separate policy reason."
939,C_long_tail_low_value_review,lovart-vs-openart,Lovart vs Openart: Compare the Workflow Before You Choose,blog-lovart-vs-openart-en,Review,lovart-review,cluster_support_only,c_support,380.0,0.0,0.0,,0.0,9970,General Creative Workflow,signal_refresh + structure_fix + cleanup + slug_hygiene,Round 4,Review; best kept as cluster support,"Support role only; keep clean, indexable, and internally linked.","Review for consolidation, cluster support, or lower-priority rewrite; keep indexable unless there is a separate policy reason."
940,C_long_tail_low_value_review,step-by-step-social-media-banner-without-photoshop,Step By Step Social Media Banner Without Photoshop: A Practical Lovart Workflow Guide,blog-step-by-step-social-media-banner-without-photoshop-en,How-To,how-to-benchmark-research,cluster_support_only,c_support,380.0,0.0,0.0,,0.0,9047,General Creative Workflow,signal_refresh + structure_fix + cleanup + slug_hygiene,Round 4,How-To; broad-intent; best kept as cluster support,"Support role only; keep clean, indexable, and internally linked.","Review for consolidation, cluster support, or lower-priority rewrite; keep indexable unless there is a separate policy reason."
941,C_long_tail_low_value_review,adobe-firefly-vs-midjourney-2026,Adobe Firefly vs Midjourney 2026: Compare the Workflow Before You Choose,bp-adobe-firefly-vs-midjourney-2026,Review,lovart-review,cluster_support_only,c_support,380.0,0.0,0.0,,0.0,10075,General Creative Workflow,signal_refresh + structure_fix + cleanup + slug_hygiene,Round 4,Review; best kept as cluster support,"Support role only; keep clean, indexable, and internally linked.","Review for consolidation, cluster support, or lower-priority rewrite; keep indexable unless there is a separate policy reason."
942,C_long_tail_low_value_review,ai-design-for-coaches-and-consultants,AI Design for Coaches and Consultants: Make Expertise Look Trustworthy,bp-ai-design-for-coaches-and-consultants,Best Practice,lovart-best-practice,cluster_support_only,c_support,355.0,0.0,0.0,,0.0,9008,General Creative Workflow,signal_refresh + structure_fix + cleanup + slug_hygiene,Round 4,Best Practice; best kept as cluster support,"Support role only; keep clean, indexable, and internally linked.","Review for consolidation, cluster support, or lower-priority rewrite; keep indexable unless there is a separate policy reason."
943,C_long_tail_low_value_review,ai-youtube-thumbnail-prompts,I wrote 50 AI prompts for YouTube thumbnails. Here are the 12 that hit 10%+ CTR.,bp-ai-youtube-thumbnail-prompts,How-To,how-to-benchmark-research,cluster_support_only,c_support,350.0,0.0,0.0,,0.0,9328,General Creative Workflow,signal_refresh + structure_fix + cleanup + slug_hygiene,Round 4,How-To; best kept as cluster support,"Support role only; keep clean, indexable, and internally linked.","Review for consolidation, cluster support, or lower-priority rewrite; keep indexable unless there is a separate policy reason."
944,C_long_tail_low_value_review,brand-kit-multi-brand-management-ai,Brand Kit Multi-Brand Management — Handle 10+ Brands Without Losing Consistency,brand-kit-multi-brand-management-ai,Best Practice,lovart-best-practice,cluster_support_only,c_support,355.0,0.0,0.0,,0.0,12296,Brand System,signal_refresh + structure_fix + cleanup + slug_hygiene,Round 4,Best Practice; best kept as cluster support,"Support role only; keep clean, indexable, and internally linked.","Review for consolidation, cluster support, or lower-priority rewrite; keep indexable unless there is a separate policy reason."
945,C_long_tail_low_value_review,case-study-app-developer-ai-wallpaper-backgrounds,Case Study App Developer AI Wallpaper Backgrounds: A Practical Lovart Workflow Guide,case-study-app-developer-ai-wallpaper-backgrounds,How-To,how-to-benchmark-research,cluster_support_only,c_support,380.0,0.0,0.0,,0.0,9042,General Creative Workflow,signal_refresh + structure_fix + cleanup + slug_hygiene,Round 4,How-To; broad-intent; best kept as cluster support,"Support role only; keep clean, indexable, and internally linked.","Review for consolidation, cluster support, or lower-priority rewrite; keep indexable unless there is a separate policy reason."
946,C_long_tail_low_value_review,case-study-ecommerce-upscaled-product-images-ai,How Shopify Seller Dev Patel Upscaled 600 Product Images in One Afternoon — And Doubled His Conversion Rate,case-study-ecommerce-upscaled-product-images-ai,How-To,how-to-benchmark-research,cluster_support_only,c_support,350.0,0.0,0.0,,0.0,12965,AI Image,signal_refresh + structure_fix + cleanup + slug_hygiene,Round 4,How-To; best kept as cluster support,"Support role only; keep clean, indexable, and internally linked.","Review for consolidation, cluster support, or lower-priority rewrite; keep indexable unless there is a separate policy reason."
947,C_long_tail_low_value_review,case-study-novelist-consistent-character-ai,How Novelist Amara Obi Created 14 Consistent Characters Across a 300-Page Trilogy — Without Sketching Once,case-study-novelist-consistent-character-ai,How-To,how-to-benchmark-research,cluster_support_only,c_support,350.0,0.0,0.0,,0.0,16505,Character Consistency,signal_refresh + structure_fix + cleanup + slug_hygiene,Round 4,How-To; best kept as cluster support,"Support role only; keep clean, indexable, and internally linked.","Review for consolidation, cluster support, or lower-priority rewrite; keep indexable unless there is a separate policy reason."
948,C_long_tail_low_value_review,case-study-real-estate-ai-interior-staging,How Real Estate Agent Daniel Almeida Staged 34 Vacant Listings in 2 Days — And Sold Every One Above Asking,case-study-real-estate-ai-interior-staging,How-To,how-to-benchmark-research,cluster_support_only,c_support,350.0,0.0,0.0,,0.0,17158,General Creative Workflow,signal_refresh + structure_fix + cleanup + slug_hygiene,Round 4,How-To; best kept as cluster support,"Support role only; keep clean, indexable, and internally linked.","Review for consolidation, cluster support, or lower-priority rewrite; keep indexable unless there is a separate policy reason."
949,C_long_tail_low_value_review,case-study-video-producer-ai-model-selection,How Video Producer Ravi Krishnan Tested 7 AI Models in One Afternoon — And Found the One That Cut His Render Time by 94%,case-study-video-producer-ai-model-selection,How-To,how-to-benchmark-research,cluster_support_only,c_support,350.0,0.0,0.0,,0.0,17388,AI Video,signal_refresh + structure_fix + cleanup + slug_hygiene,Round 4,How-To; best kept as cluster support,"Support role only; keep clean, indexable, and internally linked.","Review for consolidation, cluster support, or lower-priority rewrite; keep indexable unless there is a separate policy reason."
950,C_long_tail_low_value_review,complete-guide-ai-collage-moodboard-creation,The 2026 Complete Guide to AI Collage & Moodboard Creation,complete-guide-ai-collage-moodboard-creation,Complete Guide,lovart-complete-guide,deep_refresh_candidate,c_pilot,600.0,0.0,0.0,,0.0,77383,Moodboard & Collage,signal_refresh + structure_fix + cleanup + slug_hygiene,Round 3 pilot,Complete Guide; broad-intent; worth second-stage depth upgrade,"Promote to canonical longform via state-machine drafting, evidence pack, and cluster integration.","Review for consolidation, cluster support, or lower-priority rewrite; keep indexable unless there is a separate policy reason."
951,C_long_tail_low_value_review,complete-guide-ai-video-model-selection-2026,The 2026 Complete Guide to AI Video Model Selection,complete-guide-ai-video-model-selection-2026,Complete Guide,lovart-complete-guide,deep_refresh_candidate,c_pilot,600.0,0.0,0.0,,0.0,43842,AI Video,signal_refresh + structure_fix + cleanup + slug_hygiene,Round 3 pilot,Complete Guide; broad-intent; worth second-stage depth upgrade,"Promote to canonical longform via state-machine drafting, evidence pack, and cluster integration.","Review for consolidation, cluster support, or lower-priority rewrite; keep indexable unless there is a separate policy reason."
952,C_long_tail_low_value_review,https-www-lovart-ai-zh-blog-human-ai-cocreation-lovart-canvas-solopreneur-design,Ai Cocreation Lovart Canvas Solopreneur Design,https-www-lovart-ai-zh-blog-human-ai-cocreation-lovart-canvas-so,How-To,how-to-benchmark-research,cluster_support_only,c_support,350.0,0.0,0.0,,0.0,13110,Lovart Canvas,signal_refresh + structure_fix + cleanup + slug_hygiene,Round 4,How-To; best kept as cluster support,"Support role only; keep clean, indexable, and internally linked.","Review for consolidation, cluster support, or lower-priority rewrite; keep indexable unless there is a separate policy reason."
953,C_long_tail_low_value_review,hunyuan-video-review,Hunyuan Video Review: Tencent's Free AI Video Generator Put to the Test,hunyuan-video-review,Review,lovart-review,cluster_support_only,c_support,410.0,0.0,0.0,,0.0,10465,AI Video,signal_refresh + structure_fix + cleanup + slug_hygiene,Round 4,Review; broad-intent; best kept as cluster support,"Support role only; keep clean, indexable, and internally linked.","Review for consolidation, cluster support, or lower-priority rewrite; keep indexable unless there is a separate policy reason."
954,C_long_tail_low_value_review,in-situ-marketing-product-in-use-ai-photos,In Situ Marketing Product In Use AI Photos: A Practical Lovart Workflow Guide,in-situ-marketing-product-in-use-ai-photos,How-To,how-to-benchmark-research,cluster_support_only,c_support,380.0,0.0,0.0,,0.0,9007,General Creative Workflow,signal_refresh + structure_fix + cleanup + slug_hygiene,Round 4,How-To; broad-intent; best kept as cluster support,"Support role only; keep clean, indexable, and internally linked.","Review for consolidation, cluster support, or lower-priority rewrite; keep indexable unless there is a separate policy reason."
955,C_long_tail_low_value_review,mcot-vs-prompt-engineering-experiment,MCoT vs Prompt Engineering — We Ran 100 Tests to See Which AI Design Approach Wins,mcot-vs-prompt-engineering-experiment,Review,lovart-review,cluster_support_only,c_support,380.0,0.0,0.0,,0.0,16562,General Creative Workflow,signal_refresh + structure_fix + cleanup + slug_hygiene,Round 4,Review; best kept as cluster support,"Support role only; keep clean, indexable, and internally linked.","Review for consolidation, cluster support, or lower-priority rewrite; keep indexable unless there is a separate policy reason."
956,C_long_tail_low_value_review,packaging-design-ai-guide,I shipped 47 packaging designs in one quarter. Here's the AI workflow.,packaging-design-ai-guide,How-To,how-to-benchmark-research,cluster_support_only,c_support,380.0,0.0,0.0,,0.0,15698,Packaging Design,signal_refresh + structure_fix + cleanup + slug_hygiene,Round 4,How-To; broad-intent; best kept as cluster support,"Support role only; keep clean, indexable, and internally linked.","Review for consolidation, cluster support, or lower-priority rewrite; keep indexable unless there is a separate policy reason."
957,C_long_tail_low_value_review,real-estate-rescue-remove-objects-listing-photos-ai,Real Estate Rescue Remove Objects Listing Photos AI: A Practical Lovart Workflow Guide,real-estate-rescue-remove-objects-listing-photos-ai,How-To,how-to-benchmark-research,cluster_support_only,c_support,380.0,0.0,0.0,,0.0,9052,General Creative Workflow,signal_refresh + structure_fix + cleanup + slug_hygiene,Round 4,How-To; broad-intent; best kept as cluster support,"Support role only; keep clean, indexable, and internally linked.","Review for consolidation, cluster support, or lower-priority rewrite; keep indexable unless there is a separate policy reason."
958,C_long_tail_low_value_review,rise-of-generalist-creator-ai-design,The Rise of the Generalist Creator — Why You No Longer Need a Specialist for Every Graphic,rise-of-generalist-creator-ai-design,Insight & Trend,lovart-insight-trend,cluster_support_only,c_support,375.0,0.0,0.0,,0.0,9585,General Creative Workflow,signal_refresh + structure_fix + cleanup + slug_hygiene,Round 4,Insight & Trend; best kept as cluster support,"Support role only; keep clean, indexable, and internally linked.","Review for consolidation, cluster support, or lower-priority rewrite; keep indexable unless there is a separate policy reason."
959,C_long_tail_low_value_review,russia-ctr-vs-france-multilingual-seo-lessons,Russia CTR vs France — Multilingual SEO Lessons from Lovart's Global Data,russia-ctr-vs-france-multilingual-seo-lessons,Review,lovart-review,cluster_support_only,c_support,380.0,0.0,0.0,,0.0,12454,General Creative Workflow,signal_refresh + structure_fix + cleanup + slug_hygiene,Round 4,Review; best kept as cluster support,"Support role only; keep clean, indexable, and internally linked.","Review for consolidation, cluster support, or lower-priority rewrite; keep indexable unless there is a separate policy reason."
960,C_long_tail_low_value_review,the-subtractive-method-when-to-erase-vs-replace,The Subtractive Method When To Erase vs Replace: Compare the Workflow Before You Choose,the-subtractive-method-when-to-erase-vs-replace,Review,lovart-review,cluster_support_only,c_support,380.0,0.0,0.0,,0.0,10180,General Creative Workflow,signal_refresh + structure_fix + cleanup + slug_hygiene,Round 4,Review; best kept as cluster support,"Support role only; keep clean, indexable, and internally linked.","Review for consolidation, cluster support, or lower-priority rewrite; keep indexable unless there is a separate policy reason."
961,C_long_tail_low_value_review,white-space-negative-space-design-guide,I gave a $4M brand white space anxiety. Here's how I fixed it.,white-space-negative-space-design-guide,How-To,how-to-benchmark-research,cluster_support_only,c_support,380.0,0.0,0.0,,0.0,12104,Brand System,signal_refresh + structure_fix + cleanup + slug_hygiene,Round 4,How-To; broad-intent; best kept as cluster support,"Support role only; keep clean, indexable, and internally linked.","Review for consolidation, cluster support, or lower-priority rewrite; keep indexable unless there is a separate policy reason."
