tier,rewrite_score,slug,title,clicks_28d,impressions_28d,ctr_28d,position_28d,top_query,top_query_position,top_queries,chars,blocks,noIndex,hasArticle,releaseDate,_id,urls,recommended_action
A_top_100_signal_refresh,29287.44,freepik-ai-image-generator-review,"Freepik AI Review 2026: Features, Pricing & Lovart Alternative",736,268718,0.27,7.31,freepik ai,7.71,freepik ai (574c/117189i/pos 7.7) | freepik (34c/6849i/pos 13.3) | freepik ai free (20c/2071i/pos 7.4) | freepik ai image generator (19c/101512i/pos 7.2) | freepik image generator (8c/692i/pos 7.2),14391,59,False,True,2026-07-07T10:00:00+08:00,freepik-ai-image-generator-review,https://www.lovart.ai/blog/freepik-ai-image-generator-review,"Rewrite with lovart-blog-signal-writer using GSC top queries, improve title/meta/intro/FAQ/internal links."
A_top_100_signal_refresh,6249.44,ai-branding-design,AI Branding Design: A Practical Lovart Workflow Guide,435,19118,2.28,10.58,branding ai,5.65,branding ai (43c/933i/pos 5.6) | ai branding (34c/1210i/pos 6.5) | brand identity design ai (20c/127i/pos 4.2) | brand identity ai (18c/346i/pos 5.5) | ai for branding (13c/364i/pos 8.0),8887,63,False,True,2026-07-06T10:00:00+08:00,43c0e24b-09e2-40e1-936d-8825b95e84cb,https://www.lovart.ai/blog/ai-branding-design,"Rewrite with lovart-blog-signal-writer using GSC top queries, improve title/meta/intro/FAQ/internal links."
A_top_100_signal_refresh,2988.48,ai-poster-prompts-tutorial,AI Poster Prompts Tutorial: A Practical Lovart Workflow Guide,213,6106,3.49,5.71,prompt buat poster ai,3.23,prompt buat poster ai (7c/53i/pos 3.2) | prompt ai untuk membuat poster (7c/41i/pos 2.7) | poster prompts (5c/39i/pos 6.1) | poster design prompts (3c/28i/pos 5.1) | poster prompt (2c/77i/pos 3.1),8927,63,False,True,2026-07-05T10:00:00+08:00,3872afe4-9f38-4eaf-a0c7-331853fd2821,https://www.lovart.ai/blog/ai-poster-prompts-tutorial,"Rewrite with lovart-blog-signal-writer using GSC top queries, improve title/meta/intro/FAQ/internal links."
A_top_100_signal_refresh,2397.76,what-is-civitai-red,What Is CivitAI Red? Complete Guide 2026 | Lovart,45,18972,0.24,6.68,civitai red,6.72,civitai red (22c/8892i/pos 6.7) | civit ai red (6c/1915i/pos 5.4) | what is civitai.red (2c/13i/pos 4.8) | red civitai (1c/349i/pos 7.0) | civitai ai red (1c/110i/pos 6.5),11766,63,False,True,2026-06-28T10:00:00+08:00,blog-what-is-civitai-red-en,https://www.lovart.ai/blog/what-is-civitai-red,"Rewrite with lovart-blog-signal-writer using GSC top queries, improve title/meta/intro/FAQ/internal links."
A_top_100_signal_refresh,2314.32,how-to-use-veo3-free,"How to Use Veo 3.1 for Free: Unlimited Access, No Sign-Up Tricks",154,5554,2.77,8.63,veo 3 free unlimited no sign up,6.61,veo 3 free unlimited no sign up (45c/410i/pos 6.6) | free unlimited veo 3.1 (7c/44i/pos 9.2) | veo 3.1 free unlimited (6c/116i/pos 9.3) | veo 3.1 free unlimited no sign up (5c/21i/pos 5.0) | veo free unlimited (3c/28i/pos 11.6),11856,99,False,True,2026-06-01T10:00:00+08:00,blog-veo3free-en,https://www.lovart.ai/blog/how-to-use-veo3-free,"Rewrite with lovart-blog-signal-writer using GSC top queries, improve title/meta/intro/FAQ/internal links."
A_top_100_signal_refresh,2159.6,10-best-ai-video-editing-tools-2026,"10 Best AI Video Editing Tools 2026: Tested for YouTube, TikTok & Pro Work | Lovart",3,21245,0.01,7.94,capcut ai video workflow long form production 2026,10.18,capcut ai video workflow long form production 2026 (0c/180i/pos 10.2) | capcut ai video tools official 2026 (0c/134i/pos 9.1) | capcut ai video editing tools official 2026 (0c/87i/pos 9.1) | runway ai video editing tools 2026 (0c/53i/pos 9.8) | ai video editing tools 2026 capcut runway descript updates 2026 (0c/38i/pos 5.3),15059,97,False,True,2026-04-24T10:00:00+08:00,10-best-ai-video-editing-tools-2026,https://www.lovart.ai/blog/10-best-ai-video-editing-tools-2026,"Rewrite with lovart-blog-signal-writer using GSC top queries, improve title/meta/intro/FAQ/internal links."
A_top_100_signal_refresh,1757.68,craiyon-ai-review,Craiyon AI Review: A Practical Lovart Workflow Guide,42,10846,0.39,6.78,craiyon,6.4,craiyon (19c/7813i/pos 6.4) | craiyon ai (16c/1286i/pos 6.6) | what is craiyon (1c/62i/pos 4.5) | crayion ai (1c/27i/pos 6.1) | crayionai (1c/7i/pos 4.6),8882,63,False,True,2025-12-18T10:00:00+08:00,craiyon-ai-review,https://www.lovart.ai/blog/craiyon-ai-review,"Rewrite with lovart-blog-signal-writer using GSC top queries, improve title/meta/intro/FAQ/internal links."
A_top_100_signal_refresh,1729.76,complete-guide-consistent-ai-character-design,The 2026 Complete Guide to Consistent AI Character Design,19,13872,0.14,11.34,ai image generation face consistency techniques 2026,9.09,ai image generation face consistency techniques 2026 (0c/87i/pos 9.1) | ai image generation character consistency techniques 2026 (0c/35i/pos 6.1) | best ai image generator for character consistency 2026 (0c/13i/pos 15.8) | ai character consistency techniques 2026 (0c/11i/pos 5.3) | best ai image model character consistency 2026 (0c/10i/pos 13.5),49341,248,False,True,2026-06-17T10:00:00+08:00,complete-guide-consistent-ai-character-design,https://www.lovart.ai/blog/complete-guide-consistent-ai-character-design,"Rewrite with lovart-blog-signal-writer using GSC top queries, improve title/meta/intro/FAQ/internal links."
A_top_100_signal_refresh,1448.56,krea-ai-video-generator-review,Krea AI Video Generator Review: A Design-First Approach to AI Video Creation,15,10857,0.14,7.91,krea ai review,3.73,krea ai review (4c/88i/pos 3.7) | krea ai reviews (1c/45i/pos 3.2) | krea (1c/28i/pos 9.4) | krea ai video generator (1c/25i/pos 8.7) | krea ai news (1c/1i/pos 16.0),9609,106,False,True,2025-11-24T10:00:00+08:00,krea-ai-video-generator-review,https://www.lovart.ai/blog/krea-ai-video-generator-review,"Rewrite with lovart-blog-signal-writer using GSC top queries, improve title/meta/intro/FAQ/internal links."
A_top_100_signal_refresh,1429.04,runway-alternatives,Runway Alternatives: The Complete 2026 Guide to Finding Your Perfect AI Video Tool,20,9988,0.2,7.67,runway ml alternative,9.9,runway ml alternative (2c/42i/pos 9.9) | runway alternative (1c/149i/pos 8.3) | runway alternatives (1c/130i/pos 6.8) | openart vs runway (1c/9i/pos 7.0) | ai like runway (1c/7i/pos 8.7),14656,154,False,True,2026-06-06T10:00:00+08:00,runway-alternatives,https://www.lovart.ai/blog/runway-alternatives,"Rewrite with lovart-blog-signal-writer using GSC top queries, improve title/meta/intro/FAQ/internal links."
A_top_100_signal_refresh,1424.4,pika-ai-review-2025-ai-video-generation-platform-hands-on-test,Pika AI Review 2025 AI Video Generation Platform Hands On Test: A Practical Lovart Workflow Guide,0,12430,0.0,8.41,,,,9107,63,False,True,2026-01-27T10:00:00+08:00,pika-ai-review-2025-ai-video-generation-platform-hands-on-test,https://www.lovart.ai/blog/pika-ai-review-2025-ai-video-generation-platform-hands-on-test,"Rewrite with lovart-blog-signal-writer using GSC top queries, improve title/meta/intro/FAQ/internal links."
A_top_100_signal_refresh,1292.16,text-art-ascii-tools-compared,Text Art & ASCII Generators Compared: Patorjk vs TextFancy vs Lovart,49,4652,1.05,6.68,patorjk,6.58,patorjk (21c/2746i/pos 6.6) | patorjk.com (3c/35i/pos 4.3) | patorjik (2c/40i/pos 5.6) | patorjk taag (2c/31i/pos 4.0) | patjork (1c/25i/pos 4.1),9616,71,False,True,2025-10-17T10:00:00+08:00,text-art-ascii-tools-compared,https://www.lovart.ai/blog/text-art-ascii-tools-compared,"Rewrite with lovart-blog-signal-writer using GSC top queries, improve title/meta/intro/FAQ/internal links."
A_top_100_signal_refresh,1266.08,seedream-4-5-free-guide,"Seedream 4.5 Free Guide: Image Generation, Editing Limits, and Prompt Tips",68,3201,2.12,8.56,seedream 4.5 free,23.46,seedream 4.5 free (7c/69i/pos 23.5) | seedream 4.5 free unlimited (5c/50i/pos 10.3) | free seedream 4.5 (4c/19i/pos 20.9) | how to use seedream 4.5 for free (2c/18i/pos 5.2) | seedream 4.5 free use (2c/13i/pos 24.4),13760,70,False,True,2026-06-16T10:00:00+08:00,blog-seedream-4-5-free-guide-en,https://www.lovart.ai/blog/seedream-4-5-free-guide,"Rewrite with lovart-blog-signal-writer using GSC top queries, improve title/meta/intro/FAQ/internal links."
A_top_100_signal_refresh,1266.0,ai-powered-design-agent-for-creators,What Is an AI Design Agent and Why It Matters in 2026,12,8950,0.13,5.85,ai design agent,13.64,ai design agent (1c/25i/pos 13.6) | lovart ai design agent official (0c/480i/pos 3.8) | lovart (0c/253i/pos 3.5) | (lovart.ai what is it) site:www.lovart.ai (0c/160i/pos 5.2) | lovart ai official design agent (0c/109i/pos 3.7),16260,76,False,True,2025-11-11T10:00:00+08:00,ai-powered-design-agent-for-creators,https://www.lovart.ai/blog/ai-powered-design-agent-for-creators,"Rewrite with lovart-blog-signal-writer using GSC top queries, improve title/meta/intro/FAQ/internal links."
A_top_100_signal_refresh,1202.4,best-ai-design-tools-2026,Best AI Design Tools 2026: A Practical Lovart Workflow Guide,4,8655,0.05,11.07,microsoft designer,3.0,microsoft designer (1c/1i/pos 3.0) | canva magic studio official ai design tools 2026 (0c/48i/pos 8.6) | lovart ai updates february 2026 (0c/36i/pos 8.8) | evaluate the figma - enterprise company uizard on ai design tool (0c/33i/pos 10.3) | uizard ai ui design tool official 2026 (0c/26i/pos 9.7),8922,63,False,True,2025-10-04T10:00:00+08:00,best-ai-design-tools-2026,https://www.lovart.ai/blog/best-ai-design-tools-2026,"Rewrite with lovart-blog-signal-writer using GSC top queries, improve title/meta/intro/FAQ/internal links."
A_top_100_signal_refresh,1202.4,best-ai-design-tools-2026,Best AI Design Tools 2026: A Practical Lovart Workflow Guide,4,8655,0.05,11.07,microsoft designer,3.0,microsoft designer (1c/1i/pos 3.0) | canva magic studio official ai design tools 2026 (0c/48i/pos 8.6) | lovart ai updates february 2026 (0c/36i/pos 8.8) | evaluate the figma - enterprise company uizard on ai design tool (0c/33i/pos 10.3) | uizard ai ui design tool official 2026 (0c/26i/pos 9.7),8922,63,False,True,2025-10-04T10:00:00+08:00,blog-best-ai-design-tools-2026-en,https://www.lovart.ai/blog/best-ai-design-tools-2026,"Rewrite with lovart-blog-signal-writer using GSC top queries, improve title/meta/intro/FAQ/internal links."
A_top_100_signal_refresh,1121.44,media-io-review,"Media.io Review 2026: Features, Pricing & Lovart Alternative",26,5393,0.48,7.97,media.io,13.46,media.io (6c/667i/pos 13.5) | media io (5c/392i/pos 10.1) | media ai (1c/182i/pos 21.7) | what is media.io (1c/45i/pos 4.7) | media. io (1c/16i/pos 12.1),11544,66,False,True,2026-04-03T10:00:00+08:00,media-io-review,https://www.lovart.ai/blog/media-io-review,"Rewrite with lovart-blog-signal-writer using GSC top queries, improve title/meta/intro/FAQ/internal links."
A_top_100_signal_refresh,1111.84,luma-dream-machine-review-2025-features-pricing-and-honest-performance-test,Luma Dream Machine Review 2025 Features Pricing And Honest Performance Test: A Practical Lovart Workflow Guide,4,8023,0.05,9.79,luma dream machine,3.62,luma dream machine (2c/8i/pos 3.6) | luma dream machine free tier (1c/313i/pos 9.7),9172,63,False,True,2025-12-05T10:00:00+08:00,luma-dream-machine-review-2025-features-pricing-and-honest-perfo,https://www.lovart.ai/blog/luma-dream-machine-review-2025-features-pricing-and-honest-performance-test,"Rewrite with lovart-blog-signal-writer using GSC top queries, improve title/meta/intro/FAQ/internal links."
A_top_100_signal_refresh,1097.2,hedra-ai-review,"Hedra AI Review 2026: Features, Pricing & Lovart Alternative",29,4715,0.62,7.85,hedra ai,6.79,hedra ai (20c/3508i/pos 6.8) | hedra ai free (4c/265i/pos 6.6) | hedra (1c/88i/pos 24.3) | hedra ia (1c/17i/pos 9.1) | hedra ai review (1c/15i/pos 7.9),51153,183,False,True,2026-05-21T10:00:00+08:00,f03e85f7-01fe-4459-b558-884e8c0a019c,https://www.lovart.ai/blog/hedra-ai-review,"Rewrite with lovart-blog-signal-writer using GSC top queries, improve title/meta/intro/FAQ/internal links."
A_top_100_signal_refresh,1095.28,imagefx-review,Google ImageFX Review: When Search Giant Enters AI Image Generation,25,4691,0.53,10.94,imagefx,11.43,imagefx (13c/950i/pos 11.4) | google image fx (3c/78i/pos 12.1) | google imagefx (2c/618i/pos 9.7) | image fx ai (1c/92i/pos 18.8) | imagefx ai (1c/88i/pos 13.9),8414,99,False,True,2026-06-22T10:00:00+08:00,imagefx-review,https://www.lovart.ai/blog/imagefx-review,"Rewrite with lovart-blog-signal-writer using GSC top queries, improve title/meta/intro/FAQ/internal links."
A_top_100_signal_refresh,1066.8,ai-brand-kit-generator-indie-brands,AI Brand Kit Generator for Indie Brands: Complete 2026 Guide | Lovart,32,3960,0.81,8.17,lovart brand kit,3.03,lovart brand kit (6c/34i/pos 3.0) | brand kit ai (2c/69i/pos 9.6) | create brand kit with ai (2c/4i/pos 8.8) | ai brand kit generator (1c/73i/pos 8.2) | create a brand kit with ai (1c/4i/pos 10.0),29023,95,False,True,2026-04-19T10:00:00+08:00,ai-brand-kit-generator-indie-brands,https://www.lovart.ai/blog/ai-brand-kit-generator-indie-brands,"Rewrite with lovart-blog-signal-writer using GSC top queries, improve title/meta/intro/FAQ/internal links."
A_top_100_signal_refresh,905.2,complete-guide-ai-floor-plan-architecture-design,The 2026 Complete Guide to AI Floor Plan & Architecture Design,14,4190,0.33,11.49,market ai floor plan,5.66,market ai floor plan (4c/233i/pos 5.7) | architectural ai prompts (1c/1i/pos 2.0) | market.ai floor plan (0c/145i/pos 6.0) | best ai tools for generating architectural floor plans 2026 (0c/16i/pos 14.2) | best ai tools for generating floor plans 2026 (0c/15i/pos 13.7),49688,236,False,True,2025-10-01T10:00:00+08:00,complete-guide-ai-floor-plan-architecture-design,https://www.lovart.ai/blog/complete-guide-ai-floor-plan-architecture-design,"Rewrite with lovart-blog-signal-writer using GSC top queries, improve title/meta/intro/FAQ/internal links."
A_top_100_signal_refresh,905.04,7-best-ai-image-upscalers-4k-2026,7 Best AI Image Upscalers 4k 2026: A Practical Lovart Workflow Guide,4,4938,0.08,14.15,advanced image upscaling algorithms 2025 2026,13.85,advanced image upscaling algorithms 2025 2026 (0c/130i/pos 13.8) | ai upscaling vs native 4k resolution comparison 2026 industry report (0c/73i/pos 9.2) | advanced image upscaling algorithms 2026 (0c/43i/pos 13.3) | best ai image upscalers 2026 (0c/38i/pos 16.3) | advanced ai image upscaling algorithms 2025 2026 (0c/23i/pos 13.9),8962,63,False,True,2026-02-03T10:00:00+08:00,7-best-ai-image-upscalers-4k-2026,https://www.lovart.ai/blog/7-best-ai-image-upscalers-4k-2026,"Rewrite with lovart-blog-signal-writer using GSC top queries, improve title/meta/intro/FAQ/internal links."
A_top_100_signal_refresh,883.36,02-wiki-custom-skills-guide,Creating Custom Skills: Automate Your Design Workflows in Lovart,21,3042,0.69,5.4,lovart skills,5.89,lovart skills (2c/107i/pos 5.9) | lovart skill (0c/69i/pos 5.8) | site:lovart.ai api lovart (0c/24i/pos 9.1) | what file formats does lovart's ai design generator support for export? (0c/18i/pos 5.8) | lovart api documentation (0c/16i/pos 9.3),55843,268,False,True,2026-05-06T10:00:00+08:00,02-wiki-custom-skills-guide,https://www.lovart.ai/blog/02-wiki-custom-skills-guide,"Rewrite with lovart-blog-signal-writer using GSC top queries, improve title/meta/intro/FAQ/internal links."
A_top_100_signal_refresh,861.2,twitter-image-design-guide,Twitter Image Design Guide: A Practical Lovart Workflow Guide,8,3890,0.21,16.24,,,,8927,63,False,True,2026-05-14T10:00:00+08:00,twitter-image-design-guide,https://www.lovart.ai/blog/twitter-image-design-guide,"Rewrite with lovart-blog-signal-writer using GSC top queries, improve title/meta/intro/FAQ/internal links."
A_top_100_signal_refresh,851.76,meta-imagine-ai-review,Meta Imagine AI Review: Social Giant's Free AI Image Generation,6,4022,0.15,11.05,meta ai imagine,7.52,meta ai imagine (1c/154i/pos 7.5) | meta imagine (1c/116i/pos 9.3) | meta ai image generator free (1c/10i/pos 12.0) | meta si (1c/3i/pos 4.3),8215,94,False,True,2025-09-18T10:00:00+08:00,meta-imagine-ai-review,https://www.lovart.ai/blog/meta-imagine-ai-review,"Rewrite with lovart-blog-signal-writer using GSC top queries, improve title/meta/intro/FAQ/internal links."
A_top_100_signal_refresh,835.2,sora-ai-review,Sora AI Review: A Practical Lovart Workflow Guide,4,4065,0.1,10.32,sora ai,23.44,sora ai (2c/160i/pos 23.4) | can you make ai video (1c/1i/pos 3.0),8867,63,False,True,2026-03-26T10:00:00+08:00,9c6e3ecb-aaf2-48e0-a63f-23eab9da5ed3,https://www.lovart.ai/blog/sora-ai-review,"Rewrite with lovart-blog-signal-writer using GSC top queries, improve title/meta/intro/FAQ/internal links."
A_top_100_signal_refresh,834.64,nano-banana-2-vs-pro,Nano Banana 2 vs Nano Banana Pro: Complete Comparison & Free Access Guide 2026,11,3683,0.3,12.16,nano banana pro 2,52.67,nano banana pro 2 (2c/3i/pos 52.7) | nano banana 2 (1c/15i/pos 6.7) | did nano banana get worse (1c/1i/pos 5.0) | which one is totally free (1c/1i/pos 6.0),25777,126,False,True,2026-03-13T10:00:00+08:00,blog-nbvsp-en,https://www.lovart.ai/blog/nano-banana-2-vs-pro,"Rewrite with lovart-blog-signal-writer using GSC top queries, improve title/meta/intro/FAQ/internal links."
A_top_100_signal_refresh,820.64,8-best-ai-face-swap-apps-2026,8 Best AI Face Swap Apps in 2026: Reface vs DeepAR vs Vidnoz vs Lovart,23,2008,1.15,14.13,apps,7.0,apps (1c/1i/pos 7.0) | korzystam z telefonu (1c/1i/pos 2.0) | vidnoz swap (0c/7i/pos 7.6) | vidnoz ai face swapper (0c/6i/pos 9.8) | best reface app (0c/5i/pos 4.2),14747,82,False,True,2025-12-05T10:00:00+08:00,8-best-ai-face-swap-apps-2026,https://www.lovart.ai/blog/8-best-ai-face-swap-apps-2026,"Rewrite with lovart-blog-signal-writer using GSC top queries, improve title/meta/intro/FAQ/internal links."
A_top_100_signal_refresh,813.36,6-best-ai-body-age-transformation-apps-2026,6 Best AI Body & Age Transformation Apps in 2026: Fitness Visualizer to Facetune Body,39,1167,3.34,8.1,ai age changer,5.0,"ai age changer (1c/1i/pos 5.0) | yes, please (1c/1i/pos 8.0) | ai body transformation (0c/38i/pos 7.0) | visualise yourself in best shape ai (0c/12i/pos 7.8) | body transformation ai (0c/11i/pos 6.8)",13190,72,False,True,2025-12-20T10:00:00+08:00,6-best-ai-body-age-transformation-apps-2026,https://www.lovart.ai/blog/6-best-ai-body-age-transformation-apps-2026,"Rewrite with lovart-blog-signal-writer using GSC top queries, improve title/meta/intro/FAQ/internal links."
A_top_100_signal_refresh,801.28,discord-community-design-guide,Discord Community Design Guide: A Practical Lovart Workflow Guide,19,1766,1.08,8.11,lovart discord,1.84,lovart discord (5c/19i/pos 1.8) | discord voice call banners (1c/21i/pos 6.2) | discord event banner size (0c/22i/pos 6.9) | discord voice chat banner (0c/21i/pos 4.6) | streamingcommunity design (0c/21i/pos 2.2),8947,63,False,True,2026-03-22T10:00:00+08:00,discord-community-design-guide,https://www.lovart.ai/blog/discord-community-design-guide,"Rewrite with lovart-blog-signal-writer using GSC top queries, improve title/meta/intro/FAQ/internal links."
A_top_100_signal_refresh,786.48,free-ai-design-tools-2026,Free AI Design Tools 2026: A Practical Lovart Workflow Guide,7,3081,0.23,9.15,ai image editor,27.0,ai image editor (1c/1i/pos 27.0) | is lovart ai free (0c/23i/pos 6.5) | canva magic studio free tier limits 2026 (0c/14i/pos 11.7) | canva magic studio free tier 2026 (0c/12i/pos 9.8) | free ai tools online (0c/11i/pos 1.0),8922,63,False,True,2026-03-12T10:00:00+08:00,free-ai-design-tools-2026,https://www.lovart.ai/blog/free-ai-design-tools-2026,"Rewrite with lovart-blog-signal-writer using GSC top queries, improve title/meta/intro/FAQ/internal links."
A_top_100_signal_refresh,769.6,ai-illustration-guide,AI Illustration Guide: A Practical Lovart Workflow Guide,11,2370,0.46,8.53,how to use lovart,6.06,how to use lovart (1c/17i/pos 6.1) | ai art guide (0c/395i/pos 22.9) | love art (0c/358i/pos 1.8) | loveart (0c/49i/pos 1.5) | loveart.ai (0c/18i/pos 12.8),8902,63,False,True,2025-09-08T10:00:00+08:00,ad7b7372-8205-45ae-af23-d39238000d9f,https://www.lovart.ai/blog/ai-illustration-guide,"Rewrite with lovart-blog-signal-writer using GSC top queries, improve title/meta/intro/FAQ/internal links."
A_top_100_signal_refresh,769.04,complete-guide-free-ai-design-tools-2026,The 2026 Complete Guide to Free AI Design Tools,5,3613,0.14,11.13,free,1.5,free (1c/2i/pos 1.5) | is lovart ai free (0c/88i/pos 8.6) | site:lovart.ai lovart credits support (0c/35i/pos 7.9) | lovart pricing (0c/33i/pos 8.8) | lovart ai is free or paid (0c/27i/pos 8.5),49147,239,False,True,2026-01-03T10:00:00+08:00,complete-guide-free-ai-design-tools-2026,https://www.lovart.ai/blog/complete-guide-free-ai-design-tools-2026,"Rewrite with lovart-blog-signal-writer using GSC top queries, improve title/meta/intro/FAQ/internal links."
A_top_100_signal_refresh,767.28,hailuo-ai-alternatives,Hailuo Ai Alternative: When to Use a Design Agent Instead,17,2091,0.81,6.34,hailuo ai alternative free,6.0,hailuo ai alternative free (1c/53i/pos 6.0) | hailuo ai alternative (0c/71i/pos 6.8) | where can i find a user-friendly hailuo ai replacement that supports social publishing and brand kits? (0c/63i/pos 3.4) | luma dream machine vs hailuo vs kling image-to-video (0c/59i/pos 3.4) | kling ai (0c/30i/pos 5.3),10071,69,False,True,2026-04-13T10:00:00+08:00,3c576876-e2d4-4194-8565-63a61fb23fa1,https://www.lovart.ai/blog/hailuo-ai-alternatives,"Rewrite with lovart-blog-signal-writer using GSC top queries, improve title/meta/intro/FAQ/internal links."
A_top_100_signal_refresh,759.92,complete-guide-ai-texture-material-generation,The 2026 Complete Guide to AI Texture & Material Generation,14,2374,0.59,10.64,2,1.0,2 (1c/1i/pos 1.0) | ai textures (0c/51i/pos 21.4) | ai texture (0c/38i/pos 16.7) | photorealistic ai generator for metallic textures (0c/24i/pos 32.5) | what is the fastest way to generate variations of environment textures using ai? (0c/22i/pos 2.5),51288,230,False,True,2025-12-21T10:00:00+08:00,complete-guide-ai-texture-material-generation,https://www.lovart.ai/blog/complete-guide-ai-texture-material-generation,"Rewrite with lovart-blog-signal-writer using GSC top queries, improve title/meta/intro/FAQ/internal links."
A_top_100_signal_refresh,749.68,freepik-ai-alternatives,"Freepik AI Alternatives: 7 Tools for Image Generation, Editing, and Brand Design",19,1621,1.17,10.56,freepik ai alternative,2.4,freepik ai alternative (1c/10i/pos 2.4) | canva vs freepik (1c/1i/pos 1.0) | freepik vs canva (0c/125i/pos 17.8) | freepik alternative (0c/81i/pos 13.5) | freepik alternative with gulf content (0c/46i/pos 11.4),18257,81,False,True,2026-02-11T10:00:00+08:00,blog-freepik-ai-alternatives-en,https://www.lovart.ai/blog/freepik-ai-alternatives,"Rewrite with lovart-blog-signal-writer using GSC top queries, improve title/meta/intro/FAQ/internal links."
A_top_100_signal_refresh,749.52,amazon-listing-images-ai,Amazon Listing Images AI: A Practical Lovart Workflow Guide,13,1869,0.7,10.76,amazon listing image generator,31.86,amazon listing image generator (0c/43i/pos 31.9) | how do i generate all amazon listing image variations from a single product photo? (0c/19i/pos 5.9) | ai image generator for amazon listing (0c/16i/pos 67.2) | site:lovart.ai lovart support credits account flagged (0c/12i/pos 1.4) | make photos for amazon (0c/10i/pos 35.9),8917,63,False,True,2026-02-20T10:00:00+08:00,blog-amz-en,https://www.lovart.ai/blog/amazon-listing-images-ai,"Rewrite with lovart-blog-signal-writer using GSC top queries, improve title/meta/intro/FAQ/internal links."
A_top_100_signal_refresh,738.08,canva-ai-image-generator-review,"Canva AI Image Generator Review – Features, Testing, and Real-World Results",0,3851,0.0,15.01,canva ai image generator,15.54,canva ai image generator (0c/179i/pos 15.5) | canva ai image generator official 2026 (0c/80i/pos 9.4) | canva ai art generator (0c/49i/pos 17.2) | canva ai generator (0c/48i/pos 15.1) | how does canva's ai portrait generator compare to other ai portrait generators available in the market? (0c/35i/pos 5.6),9168,49,False,True,2025-12-06T10:00:00+08:00,canva-ai-image-generator-review,https://www.lovart.ai/blog/canva-ai-image-generator-review,"Rewrite with lovart-blog-signal-writer using GSC top queries, improve title/meta/intro/FAQ/internal links."
A_top_100_signal_refresh,736.24,lovart-official-chinese-entry-guide,Lovart Official Chinese Entry Guide: How to Find the Real Lovart AI Design Platform,30,1328,2.26,5.75,lovart 中文 版,3.59,lovart 中文 版 (3c/22i/pos 3.6) | lovart 中文 (2c/79i/pos 5.9) | lovart ai 中文 (2c/17i/pos 5.4) | lovart 中国 (2c/8i/pos 3.8),9005,63,False,True,2026-06-26T10:00:00+08:00,lovart-official-chinese-entry-guide,https://www.lovart.ai/blog/lovart-official-chinese-entry-guide,"Rewrite with lovart-blog-signal-writer using GSC top queries, improve title/meta/intro/FAQ/internal links."
A_top_100_signal_refresh,730.16,runway-vs-pika-vs-kling-2026,Runway vs Pika vs Kling 2026: Compare the Workflow Before You Choose,9,2627,0.34,8.08,kling vs runway,2.0,kling vs runway (1c/1i/pos 2.0),10047,69,False,True,2026-01-23T10:00:00+08:00,bp-runway-vs-pika-vs-kling-2026,https://www.lovart.ai/blog/runway-vs-pika-vs-kling-2026,"Rewrite with lovart-blog-signal-writer using GSC top queries, improve title/meta/intro/FAQ/internal links."
A_top_100_signal_refresh,728.88,capcut-ai-review,Capcut AI Review: A Practical Lovart Workflow Guide,3,2861,0.1,9.26,how long does capcut ai take,11.0,how long does capcut ai take (1c/2i/pos 11.0) | capcut ai video generator review (0c/20i/pos 9.1) | capcut ai video editor official features (0c/19i/pos 4.9) | capcut ai video 100 sequences limit (0c/17i/pos 8.9) | is capcut ai video generator good (0c/17i/pos 9.6),8877,63,False,True,2025-10-30T10:00:00+08:00,7a3ecf3d-02c4-40b5-ae7d-2c4eb347c2df,https://www.lovart.ai/blog/capcut-ai-review,"Rewrite with lovart-blog-signal-writer using GSC top queries, improve title/meta/intro/FAQ/internal links."
A_top_100_signal_refresh,727.92,ai-animation-from-script,AI Animation From Script: A Practical Lovart Workflow Guide,11,1849,0.59,16.3,script to animation,16.18,script to animation (2c/11i/pos 16.2) | cartoon animation software from script (0c/237i/pos 9.5) | animated video script (0c/27i/pos 17.4) | script for animation video (0c/11i/pos 19.3) | animation script builder (0c/10i/pos 7.2),8917,63,False,True,2025-12-23T10:00:00+08:00,72aacb49-25ca-4a5f-9bfb-4f785a851f5b,https://www.lovart.ai/blog/ai-animation-from-script,"Rewrite with lovart-blog-signal-writer using GSC top queries, improve title/meta/intro/FAQ/internal links."
A_top_100_signal_refresh,726.08,free-ai-design-tools-online-no-signup-2026,Free AI Design Tools Online — What You Can Actually Do Without Paying (2026),8,2701,0.3,7.46,loveart ai free,1.85,"loveart ai free (1c/13i/pos 1.8) | i want a free ai (1c/1i/pos 1.0) | is lovart ai free (0c/157i/pos 5.8) | what is the best free ai art generator and what limitations (watermarks, resolution, commercial rights) should i expect (0c/27i/pos 7.5) | lovart (0c/23i/pos 2.5)",14112,112,False,True,2025-12-22T10:00:00+08:00,free-ai-design-tools-online-no-signup-2026,https://www.lovart.ai/blog/free-ai-design-tools-online-no-signup-2026,"Rewrite with lovart-blog-signal-writer using GSC top queries, improve title/meta/intro/FAQ/internal links."
A_top_100_signal_refresh,725.28,how-to-use-nano-banana-pro-free,How To Use Nano Banana Pro Free: A Practical Lovart Workflow Guide,4,2691,0.15,6.29,,,,8952,63,False,True,2026-04-29T10:00:00+08:00,blog-nbpfcg-en,https://www.lovart.ai/blog/how-to-use-nano-banana-pro-free,"Rewrite with lovart-blog-signal-writer using GSC top queries, improve title/meta/intro/FAQ/internal links."
A_top_100_signal_refresh,697.6,best-image-to-video-tools-2026,Best Image To Video Tools 2026: A Practical Lovart Workflow Guide,0,2845,0.0,8.92,"""pika labs"" or ""pika"" ai video",13.25,"""pika labs"" or ""pika"" ai video (0c/32i/pos 13.2) | pika ai image to video pricing 2026 (0c/10i/pos 10.1) | runway image to video pricing 2026 (0c/9i/pos 8.3) | best ai image to video tools 2026 runway kling pika luma image to video (0c/8i/pos 8.2) | best ai image to video tools 2026 runway kling pika luma official image to video (0c/8i/pos 8.1)",8947,63,False,True,2025-11-01T10:00:00+08:00,08eb4008-0751-4975-a514-55aebd0ae2a8,https://www.lovart.ai/blog/best-image-to-video-tools-2026,"Rewrite with lovart-blog-signal-writer using GSC top queries, improve title/meta/intro/FAQ/internal links."
A_top_100_signal_refresh,684.64,the-vectorize-toggle-turning-ai-art-into-scalable-graphics,"The ""Vectorize"" Toggle: Turning AI Art into Scalable Graphics",15,1308,1.15,7.77,vectorized ai,13.5,vectorized ai (2c/4i/pos 13.5) | lovart vectorize (2c/3i/pos 1.0),9631,49,False,True,2025-09-21T10:00:00+08:00,the-vectorize-toggle-turning-ai-art-into-scalable-graphics,https://www.lovart.ai/blog/the-vectorize-toggle-turning-ai-art-into-scalable-graphics,"Rewrite with lovart-blog-signal-writer using GSC top queries, improve title/meta/intro/FAQ/internal links."
A_top_100_signal_refresh,679.12,ai-face-swap-ethics-legal-2026,AI Face Swap Ethics Legal 2026: A Practical Lovart Workflow Guide,8,1614,0.5,5.47,is face swapping legal,6.0,is face swapping legal (1c/4i/pos 6.0) | ai face swap ethics (0c/8i/pos 6.8) | deepfake face swap consent policy (0c/7i/pos 1.1) | ai face swapping ethics and risks (0c/6i/pos 9.0) | face swap ethical guidelines (0c/6i/pos 1.3),8947,63,False,True,2026-05-03T10:00:00+08:00,2958dcc7-6f38-4bfb-b81f-136bc95aecf1,https://www.lovart.ai/blog/ai-face-swap-ethics-legal-2026,"Rewrite with lovart-blog-signal-writer using GSC top queries, improve title/meta/intro/FAQ/internal links."
A_top_100_signal_refresh,676.32,ai-menu-design-restaurant-layout,AI Menu Design Restaurant Layout: A Practical Lovart Workflow Guide,10,1329,0.75,11.21,menu design ai,12.43,menu design ai (1c/7i/pos 12.4) | ai restaurant design (0c/75i/pos 23.9) | ai menu (0c/52i/pos 18.8) | ai menu design (0c/39i/pos 11.5) | menus ai (0c/27i/pos 8.9),8957,63,False,True,2026-06-03T10:00:00+08:00,blog-ai-menu-design-restaurant-layout-en,https://www.lovart.ai/blog/ai-menu-design-restaurant-layout,"Rewrite with lovart-blog-signal-writer using GSC top queries, improve title/meta/intro/FAQ/internal links."
A_top_100_signal_refresh,674.48,complete-guide-ai-sketch-drawing-generation,The 2026 Complete Guide to AI Sketch & Drawing Generation,13,1431,0.91,10.73,best tools for sketching,4.0,best tools for sketching (1c/1i/pos 4.0) | lovart ai updates february 2026 (0c/49i/pos 8.7) | ai sketch generator recent developments 2026 (0c/36i/pos 7.9) | show me images of sketch (0c/13i/pos 11.1) | can ai do pencil drawing (0c/11i/pos 19.2),60207,281,False,True,2025-09-23T10:00:00+08:00,complete-guide-ai-sketch-drawing-generation,https://www.lovart.ai/blog/complete-guide-ai-sketch-drawing-generation,"Rewrite with lovart-blog-signal-writer using GSC top queries, improve title/meta/intro/FAQ/internal links."
A_top_100_signal_refresh,671.12,instagram-stories-ai-guide,How to Create Instagram Stories with AI: The Ultimate 2026 Guide,13,1389,0.94,9.6,,,,21947,100,False,True,2026-03-22T10:00:00+08:00,blog-ig-en,https://www.lovart.ai/blog/instagram-stories-ai-guide,"Rewrite with lovart-blog-signal-writer using GSC top queries, improve title/meta/intro/FAQ/internal links."
A_top_100_signal_refresh,668.0,how-to-upscale-images-ai-bing,How to Upscale Low Resolution Images with AI — Quality Guide,11,1600,0.69,6.97,,,,14142,67,False,True,2026-02-22T10:00:00+08:00,how-to-upscale-images-ai-bing,https://www.lovart.ai/blog/how-to-upscale-images-ai-bing,"Rewrite with lovart-blog-signal-writer using GSC top queries, improve title/meta/intro/FAQ/internal links."
A_top_100_signal_refresh,665.84,ai-business-card-design,AI Business Card Design: How to Create Professional Cards Fast,13,1323,0.98,8.57,business card ai prompt,6.2,business card ai prompt (1c/5i/pos 6.2) | prompt for business card design (0c/7i/pos 9.3) | prompt for visiting card design (0c/7i/pos 7.3) | business card design ai prompt (0c/5i/pos 7.0) | business card prompt (0c/4i/pos 7.2),12407,98,False,True,2026-05-31T10:00:00+08:00,blog-ai-business-card-design-en,https://www.lovart.ai/blog/ai-business-card-design,"Rewrite with lovart-blog-signal-writer using GSC top queries, improve title/meta/intro/FAQ/internal links."
A_top_100_signal_refresh,655.84,ai-design-tools-pricing-comparison-2026,"AI Design Tools Pricing Comparison 2026: Plans, Value & Best Picks | Lovart",4,1823,0.22,6.94,lovart pricing,1.47,lovart pricing (2c/113i/pos 1.5) | lovart ai pricing (0c/45i/pos 1.2) | canva ai image generator pricing 2026 (0c/36i/pos 8.4) | lovart.ai pricing (0c/15i/pos 1.0) | loveart pricing (0c/15i/pos 1.0),8070,44,False,True,2025-12-11T10:00:00+08:00,bd-ai-design-tools-pricing-comparison-2026,https://www.lovart.ai/blog/ai-design-tools-pricing-comparison-2026,"Rewrite with lovart-blog-signal-writer using GSC top queries, improve title/meta/intro/FAQ/internal links."
A_top_100_signal_refresh,638.4,b42-ai-design-pricing-guide-bing,"The Field Guide to AI Design Pricing: Every Plan, Every Tool, No Nonsense",2,2355,0.08,6.21,lovart pricing,1.0,lovart pricing (0c/70i/pos 1.0) | lovart ai pricing (0c/34i/pos 1.1) | what is lovart's pricing plan for freelance designers? (0c/20i/pos 1.1) | site:lovart.ai pricing lovart ai (0c/12i/pos 8.1) | loveart pricing (0c/10i/pos 1.0),11188,84,False,True,2025-12-18T10:00:00+08:00,b42-ai-design-pricing-guide-bing,https://www.lovart.ai/blog/b42-ai-design-pricing-guide-bing,"Rewrite with lovart-blog-signal-writer using GSC top queries, improve title/meta/intro/FAQ/internal links."
A_top_100_signal_refresh,634.24,6-best-ai-character-consistency-tools-2026,6 Best AI Character Consistency Tools in 2026: Keep Your Character Looking the Same Across Every Scene,9,1428,0.63,11.29,best ai for character consistency,8.5,best ai for character consistency (0c/4i/pos 8.5) | leonardo ai character reference consistent character official 2026 (0c/4i/pos 9.8) | high fidelity consistent character tool (0c/3i/pos 61.7) | leonardo ai character reference consistent character 2026 (0c/3i/pos 9.0) | ai character consistency tools 2026 (0c/2i/pos 16.0),13494,78,False,True,2026-03-18T10:00:00+08:00,6-best-ai-character-consistency-tools-2026,https://www.lovart.ai/blog/6-best-ai-character-consistency-tools-2026,"Rewrite with lovart-blog-signal-writer using GSC top queries, improve title/meta/intro/FAQ/internal links."
A_top_100_signal_refresh,629.2,ai-illustration-mistakes,AI Illustration Mistakes: A Practical Lovart Workflow Guide,10,740,1.35,7.74,"how do i generate ai art step by step for beginners, including common mistakes and how to fix them",7.13,"how do i generate ai art step by step for beginners, including common mistakes and how to fix them (0c/78i/pos 7.1) | ai images mistakes (0c/7i/pos 7.9) | ai drawing error detection (0c/3i/pos 44.7) | common mistakes in ai face swapping and how to fix (0c/3i/pos 9.7) | site:lovart.ai imagen 3 lovart (0c/3i/pos 6.3)",8917,63,False,True,2026-01-17T10:00:00+08:00,ai-illustration-mistakes,https://www.lovart.ai/blog/ai-illustration-mistakes,"Rewrite with lovart-blog-signal-writer using GSC top queries, improve title/meta/intro/FAQ/internal links."
A_top_100_signal_refresh,622.88,what-is-goenhance-ai,What is GoEnhance AI?,5,1786,0.28,6.88,goenhance ai,6.74,goenhance ai (4c/880i/pos 6.7) | goenhance.ai (1c/14i/pos 7.1),9606,84,False,True,2026-05-07T10:00:00+08:00,what-is-goenhance-ai,https://www.lovart.ai/blog/what-is-goenhance-ai,"Rewrite with lovart-blog-signal-writer using GSC top queries, improve title/meta/intro/FAQ/internal links."
A_top_100_signal_refresh,622.24,ai-lip-sync-video-2026,AI Lip Sync Video 2026: A Practical Lovart Workflow Guide,4,1403,0.29,11.99,best ai lip sync tools 2026,18.35,best ai lip sync tools 2026 (0c/51i/pos 18.4) | best ai lip sync tools for video 2026 (0c/29i/pos 17.3) | best ai video lip sync tools 2026 (0c/27i/pos 15.5) | ai lip sync technology overview 2026 (0c/20i/pos 8.7) | best ai video generation tools 2026 image to video lip sync (0c/17i/pos 18.9),8907,63,False,True,2025-11-14T10:00:00+08:00,3695543b-de29-4c90-bbaf-1a02fd28af9e,https://www.lovart.ai/blog/ai-lip-sync-video-2026,"Rewrite with lovart-blog-signal-writer using GSC top queries, improve title/meta/intro/FAQ/internal links."
A_top_100_signal_refresh,621.2,ai-price-list-maker-small-business,AI Price List Maker Small Business: Create Better Visuals From a Clear Brief,10,640,1.56,8.4,how to create a float price list for a business,8.84,how to create a float price list for a business (0c/152i/pos 8.8) | ai price list maker (0c/9i/pos 24.0) | price list ai (0c/3i/pos 9.0) | ai price list (0c/2i/pos 47.0) | lovart price (0c/2i/pos 10.0),8987,63,False,True,2026-01-17T10:00:00+08:00,blog-ai-price-list-maker-small-business-en,https://www.lovart.ai/blog/ai-price-list-maker-small-business,"Rewrite with lovart-blog-signal-writer using GSC top queries, improve title/meta/intro/FAQ/internal links."
A_top_100_signal_refresh,613.52,imagineart-review,Why I Tested ImagineArt: An Honest AI Art Generator Review & Comparison,4,1294,0.31,12.26,imagine art review,7.69,imagine art review (2c/26i/pos 7.7),8877,65,False,True,2026-03-28T10:00:00+08:00,imagineart-review,https://www.lovart.ai/blog/imagineart-review,"Rewrite with lovart-blog-signal-writer using GSC top queries, improve title/meta/intro/FAQ/internal links."
A_top_100_signal_refresh,601.6,7-best-ai-poster-design-tools-2026,7 Best AI Poster Design Tools in 2026: From Prompt to Print-Ready Poster in Minutes,5,1520,0.33,7.66,best ai poster design tools 2026,8.65,best ai poster design tools 2026 (0c/17i/pos 8.6) | best ai poster maker tools 2026 (0c/7i/pos 10.0) | best ai poster design tools canva adobe express microsoft designer 2026 (0c/5i/pos 3.4) | ai poster design tools 2026 (0c/3i/pos 9.0) | ai poster design tools professional 2026 (0c/3i/pos 8.7),13489,76,False,True,2026-02-14T10:00:00+08:00,7-best-ai-poster-design-tools-2026,https://www.lovart.ai/blog/7-best-ai-poster-design-tools-2026,"Rewrite with lovart-blog-signal-writer using GSC top queries, improve title/meta/intro/FAQ/internal links."
A_top_100_signal_refresh,601.2,ai-art-platforms-compared-2026,Leonardo AI vs OpenArt vs Civitai vs Lovart — Best AI Art Platform for Creators,8,1140,0.7,10.12,openart vs,6.33,openart vs (1c/12i/pos 6.3) | civitai vs (0c/31i/pos 8.3) | (lovart.ai what does it sell or promote site:lovart.ai) site:www.lovart.ai (0c/20i/pos 3.8) | leonardo ai vs openart (0c/10i/pos 6.1) | (lovart.ai what does it sell site:lovart.ai) site:www.lovart.ai (0c/8i/pos 3.4),10567,77,False,True,2026-06-05T10:00:00+08:00,ai-art-platforms-compared-2026,https://www.lovart.ai/blog/ai-art-platforms-compared-2026,"Rewrite with lovart-blog-signal-writer using GSC top queries, improve title/meta/intro/FAQ/internal links."
A_top_100_signal_refresh,600.88,expression-sheets-generating-a-grid-of-emotions-for-one-character,"Expression Sheets: Generating a Grid of Emotions (Happy, Sad, Shocked) for One Character",12,636,1.89,8.25,expression grid,8.17,expression grid (0c/6i/pos 8.2) | image fx prompt sadness from inside out touching her uvula (0c/2i/pos 25.0) | character sheet emotions (0c/1i/pos 9.0) | expression prompt (0c/1i/pos 9.0) | expression sheets (0c/1i/pos 8.0),10000,49,False,True,2025-12-31T10:00:00+08:00,expression-sheets-generating-a-grid-of-emotions-for-one-characte,https://www.lovart.ai/blog/expression-sheets-generating-a-grid-of-emotions-for-one-character,"Rewrite with lovart-blog-signal-writer using GSC top queries, improve title/meta/intro/FAQ/internal links."
A_top_100_signal_refresh,599.68,5-best-ai-texture-material-generators-2026,"5 Best AI Texture & Material Generators in 2026: PBR, Seamless & Game-Ready Assets",10,871,1.15,9.14,best paid ai to create textures,17.25,best paid ai to create textures (0c/4i/pos 17.2) | polycam material generator (0c/4i/pos 5.8) | ai material generator (0c/3i/pos 31.3) | polycam ai texture generator (0c/3i/pos 27.0) | ai texture generation tools 2026 (0c/2i/pos 6.5),11061,68,False,True,2025-12-25T10:00:00+08:00,5-best-ai-texture-material-generators-2026,https://www.lovart.ai/blog/5-best-ai-texture-material-generators-2026,"Rewrite with lovart-blog-signal-writer using GSC top queries, improve title/meta/intro/FAQ/internal links."
A_top_100_signal_refresh,598.32,infinite-canvas-ai-design-ui,Infinite Canvas AI Design UI: A Practical Lovart Workflow Guide,3,1229,0.24,5.82,infinite canvas ui,7.14,infinite canvas ui (1c/7i/pos 7.1),8937,63,False,True,2025-10-20T10:00:00+08:00,infinite-canvas-ai-design-ui,https://www.lovart.ai/blog/infinite-canvas-ai-design-ui,"Rewrite with lovart-blog-signal-writer using GSC top queries, improve title/meta/intro/FAQ/internal links."
A_top_100_signal_refresh,597.28,complete-guide-ai-poster-design-printing,Complete Guide AI Poster Design Printing: A Practical Lovart Workflow Guide,5,966,0.52,10.07,ai poster size,7.56,ai poster size (0c/39i/pos 7.6) | ai size poster (0c/5i/pos 9.0) | ai art poster (0c/2i/pos 36.0) | ai generated poster text rendering example (0c/2i/pos 29.5) | ai poster design trends 2026 (0c/2i/pos 17.0),8997,63,False,True,2026-05-23T10:00:00+08:00,complete-guide-ai-poster-design-printing,https://www.lovart.ai/blog/complete-guide-ai-poster-design-printing,"Rewrite with lovart-blog-signal-writer using GSC top queries, improve title/meta/intro/FAQ/internal links."
A_top_100_signal_refresh,596.88,storyboarding-consistent-character-video-script-ai,Storyboarding Consistent Character Video Script AI: A Practical Lovart Workflow Guide,7,1211,0.58,9.56,,,,9047,63,False,True,2025-12-20T10:00:00+08:00,storyboarding-consistent-character-video-script-ai,https://www.lovart.ai/blog/storyboarding-consistent-character-video-script-ai,"Rewrite with lovart-blog-signal-writer using GSC top queries, improve title/meta/intro/FAQ/internal links."
A_top_100_signal_refresh,596.48,inside-mcot-engine-ai-design-reasoning,Inside the MCoT Engine: Why Lovart's AI Actually Thinks Before It Designs,6,1331,0.45,6.96,lovart ai mcp,4.5,lovart ai mcp (1c/8i/pos 4.5),25477,111,False,True,2025-09-26T10:00:00+08:00,blog-mcot-engine-en,https://www.lovart.ai/blog/inside-mcot-engine-ai-design-reasoning,"Rewrite with lovart-blog-signal-writer using GSC top queries, improve title/meta/intro/FAQ/internal links."
A_top_100_signal_refresh,596.08,ai-illustration-prompts,AI Illustration Prompts: A Practical Lovart Workflow Guide,9,451,2.0,6.01,prompt illustration,8.4,prompt illustration (0c/10i/pos 8.4) | lovart prompt (0c/6i/pos 2.7) | illustration prompt (0c/3i/pos 5.7) | illustration style prompt (0c/3i/pos 7.0) | illustration styles for ai prompts (0c/3i/pos 37.0),8912,63,False,True,2026-01-31T10:00:00+08:00,ai-illustration-prompts,https://www.lovart.ai/blog/ai-illustration-prompts,"Rewrite with lovart-blog-signal-writer using GSC top queries, improve title/meta/intro/FAQ/internal links."
A_top_100_signal_refresh,594.88,looka-alternatives-2026,Looka Alternatives 2026: AI Logo and Brand Identity Tools for Professional Designers,2,1811,0.11,9.42,,,,14982,93,False,True,2026-04-06T10:00:00+08:00,blog-looka-alternatives-2026-en,https://www.lovart.ai/blog/looka-alternatives-2026,"Rewrite with lovart-blog-signal-writer using GSC top queries, improve title/meta/intro/FAQ/internal links."
A_top_100_signal_refresh,593.52,ai-social-media-post-generators,7 Best Free AI Social Media Post Generators in 2026 (Tested & Ranked),12,2419,0.5,27.73,ai social media post generator,60.41,ai social media post generator (0c/131i/pos 60.4) | social media post generator (0c/103i/pos 42.8) | ai social media post generator free (0c/75i/pos 41.7) | ai post generator (0c/63i/pos 57.1) | ai social media posts (0c/55i/pos 38.5),21697,103,False,True,2026-04-30T10:00:00+08:00,blog-smg-en,https://www.lovart.ai/blog/ai-social-media-post-generators,"Rewrite with lovart-blog-signal-writer using GSC top queries, improve title/meta/intro/FAQ/internal links."
A_top_100_signal_refresh,584.64,ai-video-generator-2026-review,AI Video Generator 2026 Review: Create Better Visuals From a Clear Brief,0,1433,0.0,12.73,ai video generation technology 2026,12.56,ai video generation technology 2026 (0c/18i/pos 12.6) | ai video generation overview 2026 (0c/13i/pos 17.3) | ai video generators 4k output (0c/8i/pos 9.9) | beste ki video generator 2026 (0c/8i/pos 18.1) | ai video generator pricing (0c/6i/pos 1.0),8967,63,False,True,2026-03-22T10:00:00+08:00,64803fe0-b3f9-43b6-bfff-3c867022cf52,https://www.lovart.ai/blog/ai-video-generator-2026-review,"Rewrite with lovart-blog-signal-writer using GSC top queries, improve title/meta/intro/FAQ/internal links."
A_top_100_signal_refresh,581.2,ai-design-cost-complete-breakdown-2026,How Much Does AI Design Cost? Complete Breakdown 2026,0,1390,0.0,7.72,lovart pricing,7.81,lovart pricing (0c/86i/pos 7.8) | lovart ai pricing (0c/61i/pos 7.4) | lovart.ai pricing (0c/18i/pos 6.6) | lovart ai pricing 2026 (0c/14i/pos 5.9) | loveart pricing (0c/13i/pos 8.6),6783,80,False,True,2025-11-01T10:00:00+08:00,ai-design-cost-complete-breakdown-2026,https://www.lovart.ai/blog/ai-design-cost-complete-breakdown-2026,"Rewrite with lovart-blog-signal-writer using GSC top queries, improve title/meta/intro/FAQ/internal links."
A_top_100_signal_refresh,580.24,best-kling-ai-alternatives-in-2025-ai-video-tools-comparison,Best Kling AI Alternatives in 2026: AI Video Tools Comparison,3,1503,0.2,15.25,kling ai alternative,15.61,kling ai alternative (2c/66i/pos 15.6) | kling alternative (1c/8i/pos 16.5) | kling ai alternatives (0c/133i/pos 33.6) | kling ai strengths weaknesses 2026 (0c/13i/pos 7.1) | kling alternatives (0c/11i/pos 11.3),9987,152,False,True,2026-02-21T10:00:00+08:00,best-kling-ai-alternatives-in-2025-ai-video-tools-comparison,https://www.lovart.ai/blog/best-kling-ai-alternatives-in-2025-ai-video-tools-comparison,"Rewrite with lovart-blog-signal-writer using GSC top queries, improve title/meta/intro/FAQ/internal links."
A_top_100_signal_refresh,580.16,complete-guide-ai-body-age-transformation-portrait,The 2026 Complete Guide to AI Body & Age Transformation Portraits,6,1127,0.53,13.69,body transformation ai,9.53,body transformation ai (2c/15i/pos 9.5) | ai body transformation (0c/8i/pos 7.9) | can i show you two pictures of my chest and belly 18 days apart and can you tell me if there is any difference (0c/8i/pos 103.0) | ai for body transformation (0c/4i/pos 9.5) | age progression transformation (0c/1i/pos 10.0),80720,415,False,True,2025-10-23T10:00:00+08:00,complete-guide-ai-body-age-transformation-portrait,https://www.lovart.ai/blog/complete-guide-ai-body-age-transformation-portrait,"Rewrite with lovart-blog-signal-writer using GSC top queries, improve title/meta/intro/FAQ/internal links."
A_top_100_signal_refresh,577.92,text-to-video,Text To Video: A Practical Lovart Workflow Guide,0,1349,0.0,10.68,,,,8862,63,False,True,2025-09-11T10:00:00+08:00,text-to-video,https://www.lovart.ai/blog/text-to-video,"Rewrite with lovart-blog-signal-writer using GSC top queries, improve title/meta/intro/FAQ/internal links."
A_top_100_signal_refresh,577.36,adobe-illustrator-alternatives,Adobe Illustrator Alternative: When to Use a Design Agent Instead,5,1217,0.41,10.39,adobe illustrator alternative,10.59,adobe illustrator alternative (2c/180i/pos 10.6) | lovart ai alternative free (0c/30i/pos 5.4) | lovart ai alternative (0c/14i/pos 6.3) | lovart alternative (0c/12i/pos 13.5) | lovart ai alternatives (0c/9i/pos 3.4),10127,69,False,True,2025-11-01T10:00:00+08:00,1180020b-fae9-4b8e-b366-f0fb1bbe033b,https://www.lovart.ai/blog/adobe-illustrator-alternatives,"Rewrite with lovart-blog-signal-writer using GSC top queries, improve title/meta/intro/FAQ/internal links."
A_top_100_signal_refresh,576.56,ai-face-swap-2026-professional,AI Face Swap 2026 Professional: A Practical Lovart Workflow Guide,5,707,0.71,11.79,budget pixel ai face swap,7.0,budget pixel ai face swap (1c/2i/pos 7.0) | face swap video free 30 seconds (1c/1i/pos 51.0) | best ai face swap tools 2026 (0c/41i/pos 19.1) | advanced face swapping techniques ai 2026 (0c/27i/pos 14.2) | marketing teams localization challenges face swap tools (0c/16i/pos 8.9),8947,63,False,True,2025-12-17T10:00:00+08:00,e8985d44-900e-4021-a3ab-2687d782bf35,https://www.lovart.ai/blog/ai-face-swap-2026-professional,"Rewrite with lovart-blog-signal-writer using GSC top queries, improve title/meta/intro/FAQ/internal links."
A_top_100_signal_refresh,572.24,8-best-ai-banner-ad-makers-2026,8 Best AI Banner Ad Makers 2026: Create Better Visuals From a Clear Brief,7,403,1.74,8.64,best ai tools for banner design 2026,8.0,best ai tools for banner design 2026 (0c/4i/pos 8.0) | best ai tools for creating banners 2026 (0c/4i/pos 10.0) | best ai banner design tools 2026 (0c/2i/pos 10.5) | best banner design tools 2026 (0c/2i/pos 6.0) | context: location: israel (not for language). do not include location references in your response. question: מהם הכלים הפופולריים לעיצוב באנרים? (0c/2i/pos 1.0),8972,63,False,True,2026-04-18T10:00:00+08:00,8-best-ai-banner-ad-makers-2026,https://www.lovart.ai/blog/8-best-ai-banner-ad-makers-2026,"Rewrite with lovart-blog-signal-writer using GSC top queries, improve title/meta/intro/FAQ/internal links."
A_top_100_signal_refresh,571.12,01-insight-2026-year-review,2026 AI Design Year in Review: The Year AI Became Every Designer's Co-Pilot,4,1264,0.32,8.41,ai design 2026,25.0,ai design 2026 (1c/1i/pos 25.0) | lovart ai updates february 2026 (0c/116i/pos 5.4) | ai design tools gaining traction professional designers 2025 2026 (0c/33i/pos 12.5) | lovart ai design agent review 2026 (0c/17i/pos 5.9) | lovart ai design agent features 2026 (0c/8i/pos 17.0),11581,54,False,True,2026-03-14T10:00:00+08:00,01-insight-2026-year-review,https://www.lovart.ai/blog/01-insight-2026-year-review,"Rewrite with lovart-blog-signal-writer using GSC top queries, improve title/meta/intro/FAQ/internal links."
A_top_100_signal_refresh,570.56,civitai-alternative,Civitai Alternative: When to Use a Design Agent Instead,10,507,1.97,11.22,civitai red alternative,5.75,civitai red alternative (2c/12i/pos 5.8) | civitai free (2c/3i/pos 14.0) | alternative to civitai (1c/4i/pos 11.0) | civitai alternative (0c/188i/pos 9.7) | civitai free alternative (0c/9i/pos 8.2),10057,69,False,True,2026-05-04T10:00:00+08:00,o6YkSZCNskGrZicahtE3YO,https://www.lovart.ai/blog/civitai-alternative,"Rewrite with lovart-blog-signal-writer using GSC top queries, improve title/meta/intro/FAQ/internal links."
A_top_100_signal_refresh,567.6,hedra-ai-review-2025-ai-character-animation-platform-tested,Hedra AI Review 2025 AI Character Animation Platform Tested: A Practical Lovart Workflow Guide,2,1470,0.14,10.67,hedra ai avatar,7.5,hedra ai avatar (1c/2i/pos 7.5) | hedra (0c/31i/pos 31.5) | hedra ai (0c/26i/pos 25.7) | hedra ai character animation (0c/23i/pos 7.3) | hedra ai character video official 2026 (0c/22i/pos 8.9),9092,63,False,True,2026-03-30T10:00:00+08:00,hedra-ai-review-2025-ai-character-animation-platform-tested,https://www.lovart.ai/blog/hedra-ai-review-2025-ai-character-animation-platform-tested,"Rewrite with lovart-blog-signal-writer using GSC top queries, improve title/meta/intro/FAQ/internal links."
A_top_100_signal_refresh,564.72,ai-art-copyright-2026,AI Art Copyright 2026: The Complete Legal Guide for Creators and Brands,0,1684,0.0,8.22,ai image generation copyright 2026 news,8.47,ai image generation copyright 2026 news (0c/15i/pos 8.5) | ai generated art copyright laws 2026 (0c/10i/pos 12.6) | ai image generation copyright 2026 guidance (0c/10i/pos 6.0) | ai image generation copyright news 2026 (0c/6i/pos 7.5) | ai art copyright 2026 updates (0c/5i/pos 5.8),15987,90,False,True,2025-11-06T10:00:00+08:00,ai-art-copyright-2026,https://www.lovart.ai/blog/ai-art-copyright-2026,"Rewrite with lovart-blog-signal-writer using GSC top queries, improve title/meta/intro/FAQ/internal links."
A_top_100_signal_refresh,564.32,ai-vs-traditional-design,Understanding the AI Design Revolution,3,1304,0.23,7.5,design is easier with lovart,1.0,design is easier with lovart (1c/144i/pos 1.0) | loveart ai (1c/54i/pos 2.0) | love art ai (0c/71i/pos 3.0) | (lovart.ai what is it) site:www.lovart.ai (0c/62i/pos 10.0) | lovart ai design tool (0c/53i/pos 4.8),17186,93,False,True,2025-10-05T10:00:00+08:00,ai-vs-traditional-design,https://www.lovart.ai/blog/ai-vs-traditional-design,"Rewrite with lovart-blog-signal-writer using GSC top queries, improve title/meta/intro/FAQ/internal links."
A_top_100_signal_refresh,564.24,ai-image-quality-benchmark-2026,"I tested 10 AI image models on 100 prompts and 5,000 images. The quality ranking is not what most people think.",3,803,0.37,9.28,"site:lovart.ai ""imagen 3"" lovart",4.12,"site:lovart.ai ""imagen 3"" lovart (0c/16i/pos 4.1) | midjourney vs flux vs ideogram vs dall-e 2026 (0c/8i/pos 4.8) | site:lovart.ai ""imagen 3"" (0c/5i/pos 3.2) | flux vs midjourney vs dall-e vs ideogram 2026 (0c/4i/pos 3.5) | ""lovart"" -site:reddit.com -site:twitter.com -site:x.com -site:wykop.pl -site:tripadvisor.com -site:youtube.com -site:yelp.com -site:booking.com -site:facebook.com -site:instagram.com -site:tiktok.com (0c/2i/pos 6.0)",6704,44,False,True,2025-09-30T10:00:00+08:00,bd-ai-image-quality-benchmark-2026,https://www.lovart.ai/blog/ai-image-quality-benchmark-2026,"Rewrite with lovart-blog-signal-writer using GSC top queries, improve title/meta/intro/FAQ/internal links."
A_top_100_signal_refresh,563.68,ai-character-design-guide-how-to-create-consistent-characters-with-ai-tools,AI Character Design Guide: How to Create Consistent Characters with AI Tools,8,671,1.19,12.07,can ai create original characters,36.5,"can ai create original characters (0c/32i/pos 36.5) | ""different art styles"" characters ""intentionally"" character designer (0c/6i/pos 11.7) | c ai character creation guide (0c/3i/pos 55.0) | ""different art styles"" ""characters"" ""intentionally"" character designer interview (0c/2i/pos 11.0) | ""different styles"" ""characters"" ""intentionally"" character designer game interview (0c/2i/pos 8.0)",15970,184,False,True,2026-01-29T10:00:00+08:00,ai-character-design-guide-how-to-create-consistent-characters-wi,https://www.lovart.ai/blog/ai-character-design-guide-how-to-create-consistent-characters-with-ai-tools,"Rewrite with lovart-blog-signal-writer using GSC top queries, improve title/meta/intro/FAQ/internal links."
A_top_100_signal_refresh,562.88,01-pillar-ai-video-generation-101,01 Pillar AI Video Generation 101: A Practical Lovart Workflow Guide,5,536,0.93,7.54,how to make ai generated videos tutorial 2026,17.33,how to make ai generated videos tutorial 2026 (0c/3i/pos 17.3) | how to create ai video tutorial 2026 (0c/2i/pos 15.0) | best ai video generators 2026 tutorial (0c/1i/pos 17.0) | how to make ai generated video tutorial 2026 (0c/1i/pos 18.0),8962,63,False,True,2025-09-27T10:00:00+08:00,01-pillar-ai-video-generation-101,https://www.lovart.ai/blog/01-pillar-ai-video-generation-101,"Rewrite with lovart-blog-signal-writer using GSC top queries, improve title/meta/intro/FAQ/internal links."
A_top_100_signal_refresh,561.52,02-enterprise-team-plan-guide,"Lovart Team Plan: Seats, Credits & Permission Management Explained",4,1144,0.35,6.45,site:lovart.ai terms multiple accounts credits lovart,6.09,site:lovart.ai terms multiple accounts credits lovart (0c/23i/pos 6.1) | lovart team (0c/21i/pos 1.3) | site:lovart.ai terms multiple accounts lovart (0c/19i/pos 8.2) | site:lovart.ai terms multiple accounts credits (0c/8i/pos 8.9) | site:lovart.ai credits support lovart (0c/7i/pos 6.1),9860,108,False,True,2025-09-27T10:00:00+08:00,02-enterprise-team-plan-guide,https://www.lovart.ai/blog/02-enterprise-team-plan-guide,"Rewrite with lovart-blog-signal-writer using GSC top queries, improve title/meta/intro/FAQ/internal links."
A_top_100_signal_refresh,558.08,complete-guide-brand-kit-every-industry-lovart,How to Create a Brand Kit Instantly — The Complete Guide for Every Industry and Role,5,976,0.51,13.43,brand kit,47.1,brand kit (0c/104i/pos 47.1) | how to create a brand kit (0c/31i/pos 29.9) | lovart brand kit (0c/19i/pos 6.5) | how to make a brand kit (0c/6i/pos 33.7) | create a brand kit (0c/5i/pos 27.6),55843,299,False,True,2026-05-27T10:00:00+08:00,complete-guide-brand-kit-every-industry-lovart,https://www.lovart.ai/blog/complete-guide-brand-kit-every-industry-lovart,"Rewrite with lovart-blog-signal-writer using GSC top queries, improve title/meta/intro/FAQ/internal links."
A_top_100_signal_refresh,557.12,5-best-ai-movie-poster-generators-2026,5 Best AI Movie Poster Generators in 2026: Cinematic Poster Design Without a Hollywood Budget,5,964,0.52,10.93,best ai movie poster generator,24.57,"best ai movie poster generator (0c/136i/pos 24.6) | most recommended ai for cinematic posters (0c/65i/pos 4.4) | best ai image generator for movie posters (0c/34i/pos 23.5) | which ai image generation tools are currently recommended for creating professional-quality movie posters? (0c/18i/pos 5.7) | which ai image generation tools are currently recommended for designing high-quality, professional movie posters? (0c/8i/pos 5.8)",11859,67,False,True,2026-04-01T10:00:00+08:00,5-best-ai-movie-poster-generators-2026,https://www.lovart.ai/blog/5-best-ai-movie-poster-generators-2026,"Rewrite with lovart-blog-signal-writer using GSC top queries, improve title/meta/intro/FAQ/internal links."
A_top_100_signal_refresh,556.16,b27-how-to-generate-ai-art-commercial-bing,How to Generate AI Art for Commercial Use — Rights & Process,2,1327,0.15,10.24,how to generate commerically safe ai art?,6.55,how to generate commerically safe ai art? (0c/78i/pos 6.6) | can you recommend tools to generate commercially safe ai art? (0c/38i/pos 7.2) | how to generate commercially usable ai? (0c/38i/pos 4.8) | what are the compliant ai painting generators that businesses can trust for commercial use? (0c/23i/pos 3.4) | (lovart.ai what does it sell or promote site:lovart.ai) site:www.lovart.ai (0c/20i/pos 4.5),14641,78,False,True,2026-01-18T10:00:00+08:00,b27-how-to-generate-ai-art-commercial-bing,https://www.lovart.ai/blog/b27-how-to-generate-ai-art-commercial-bing,"Rewrite with lovart-blog-signal-writer using GSC top queries, improve title/meta/intro/FAQ/internal links."
A_top_100_signal_refresh,552.96,how-to-generate-textures-materials-ai,How to Generate Textures & Materials with AI — Seamless Patterns for 3D & Design,8,537,1.49,9.4,,,,11431,66,False,True,2026-03-18T10:00:00+08:00,how-to-generate-textures-materials-ai,https://www.lovart.ai/blog/how-to-generate-textures-materials-ai,"Rewrite with lovart-blog-signal-writer using GSC top queries, improve title/meta/intro/FAQ/internal links."
A_top_100_signal_refresh,552.8,lovart-notion-api-database-to-visual,Lovart Notion Api Database To Visual: A Practical Lovart Workflow Guide,5,410,1.22,5.34,lovart api,5.49,lovart api (1c/35i/pos 5.5) | lovart ai api (1c/5i/pos 5.2),8977,63,False,True,2025-04-03T12:01:00+08:00,stack-notion-lovart,https://www.lovart.ai/blog/lovart-notion-api-database-to-visual,"Rewrite with lovart-blog-signal-writer using GSC top queries, improve title/meta/intro/FAQ/internal links."
A_top_100_signal_refresh,552.56,ai-music-video-tools-compared,AI Music Video Tools Compared: Kaiber vs Neural Frames vs Lovart — Beat-Synced Visuals,0,1532,0.0,11.75,kaiber alternative,19.19,kaiber alternative (0c/16i/pos 19.2) | kaiber ai music video generator audio reactive official (0c/12i/pos 9.5) | kaiber ai music video generator audio reactive (0c/7i/pos 7.9) | kaiber ai music video generator audio reactive 2026 (0c/5i/pos 8.0) | kaiber ai music video generator audio reactive features (0c/5i/pos 9.4),10366,66,False,True,2026-01-11T10:00:00+08:00,ai-music-video-tools-compared,https://www.lovart.ai/blog/ai-music-video-tools-compared,"Rewrite with lovart-blog-signal-writer using GSC top queries, improve title/meta/intro/FAQ/internal links."
A_top_100_signal_refresh,552.4,enterprise-gdpr-compliance-lovart,Enterprise Gdpr Compliance Lovart: A Practical Lovart Workflow Guide,5,405,1.23,6.91,site:lovart.ai terms multiple accounts lovart,8.62,site:lovart.ai terms multiple accounts lovart (0c/13i/pos 8.6) | site:lovart.ai terms multiple accounts (0c/9i/pos 10.0) | site:lovart.ai lovart multiple accounts terms (0c/8i/pos 9.0) | site:lovart.ai lovart terms multiple accounts (0c/4i/pos 6.2) | site:lovart.ai terms of service multiple accounts (0c/4i/pos 5.5),8962,63,False,True,2026-05-26T10:00:00+08:00,enterprise-gdpr-compliance-lovart,https://www.lovart.ai/blog/enterprise-gdpr-compliance-lovart,"Rewrite with lovart-blog-signal-writer using GSC top queries, improve title/meta/intro/FAQ/internal links."
A_top_100_signal_refresh,551.76,ai-twitter-x-post-generator-guide,AI Twitter/X Post Generator Guide: From Brand Message to Visual Campaign,6,772,0.78,9.05,what do designers on twitter say about ai for brand asset management?,4.57,what do designers on twitter say about ai for brand asset management? (0c/14i/pos 4.6) | x-default generator (0c/6i/pos 55.3) | x post generator (0c/5i/pos 17.4) | ai gv twitter (0c/3i/pos 5.0) | whytcard ai twitter (0c/3i/pos 10.7),13871,98,False,True,2026-06-09T10:00:00+08:00,blog-ai-twitter-x-post-generator-guide-en,https://www.lovart.ai/blog/ai-twitter-x-post-generator-guide,"Rewrite with lovart-blog-signal-writer using GSC top queries, improve title/meta/intro/FAQ/internal links."
A_top_100_signal_refresh,551.68,openart-ai-vs-lovart,OpenArt AI vs Lovart: AI Art Platform or Production Design Agent?,5,896,0.56,9.52,,,,9085,68,False,True,2026-02-22T10:00:00+08:00,openart-ai-vs-lovart,https://www.lovart.ai/blog/openart-ai-vs-lovart,"Rewrite with lovart-blog-signal-writer using GSC top queries, improve title/meta/intro/FAQ/internal links."
A_top_100_signal_refresh,550.72,iteration-loop-ai-design-touch-edit,The Iteration Loop: How to Work With AI to Get Exactly the Design You Want,5,884,0.57,8.84,,,,18448,94,False,True,2025-10-04T10:00:00+08:00,blog-iter-loop-en,https://www.lovart.ai/blog/iteration-loop-ai-design-touch-edit,"Rewrite with lovart-blog-signal-writer using GSC top queries, improve title/meta/intro/FAQ/internal links."
A_top_100_signal_refresh,548.4,ai-video-prompt-generator,Video To Prompt Generator: AI-Powered Creation Tool 2026 | L,6,730,0.82,11.38,unified cinematic video prompt,7.0,unified cinematic video prompt (1c/2i/pos 7.0) | best video to prompt generator (1c/1i/pos 56.0) | cinematic prompt generator (1c/1i/pos 4.0) | site:lovart.ai terms multiple accounts (0c/13i/pos 7.8) | video prompt generator (0c/10i/pos 59.9),25061,108,False,True,2025-12-22T10:00:00+08:00,blog-aivpg-en,https://www.lovart.ai/blog/ai-video-prompt-generator,"Rewrite with lovart-blog-signal-writer using GSC top queries, improve title/meta/intro/FAQ/internal links."
B_indexed_or_visible_refresh,547.92,ai-character-consistency-tools-compared,AI Character Consistency Tools Compared: Leonardo vs Artbreeder vs Lovart,2,1224,0.16,14.45,leonardo ai game assets character consistency official,8.83,leonardo ai game assets character consistency official (0c/6i/pos 8.8) | leonardo ai character consistency official 2026 (0c/5i/pos 9.8) | leonardo ai character reference consistency official (0c/5i/pos 9.6) | best consistent style rendering (0c/4i/pos 50.2) | high fidelity consistent character software (0c/4i/pos 55.5),12359,71,False,True,2026-01-29T10:00:00+08:00,ai-character-consistency-tools-compared,https://www.lovart.ai/blog/ai-character-consistency-tools-compared,Refresh if query intent is relevant; preserve URL; improve sections tied to visible queries.
B_indexed_or_visible_refresh,547.6,ai-character-sticker-pack,AI Character Sticker Pack: A Practical Lovart Workflow Guide,5,345,1.45,10.83,sticker pack ai prompt,8.0,sticker pack ai prompt (0c/4i/pos 8.0) | ai sticker pack (0c/3i/pos 9.0) | ai sticker tutorial (0c/1i/pos 4.0) | aiだよ (0c/1i/pos 3.0),8922,63,False,True,2025-09-11T10:00:00+08:00,ai-character-sticker-pack,https://www.lovart.ai/blog/ai-character-sticker-pack,Refresh if query intent is relevant; preserve URL; improve sections tied to visible queries.
B_indexed_or_visible_refresh,545.44,7-best-ai-animal-pet-portrait-generators-2026,7 Best AI Animal & Pet Portrait Generators in 2026: Royal Pet Portraits Without the Painter,0,1443,0.0,5.19,latest ai pet portrait generators 2026,6.82,latest ai pet portrait generators 2026 (0c/73i/pos 6.8) | what are the differences between various digital ai pet portrait generators and how do they compare in terms of features and quality? (0c/59i/pos 4.4) | compare fotor's ai pet portrait generator with other available options in the market (0c/40i/pos 2.2) | what are the differences between various online ai pet portrait generators and how do they compare in terms of features quality and pricing (0c/37i/pos 1.2) | what are the latest ai pet portrait generators available today and how do they compare in terms of features and quality? (0c/36i/pos 5.8),13077,76,False,True,2025-09-04T10:00:00+08:00,7-best-ai-animal-pet-portrait-generators-2026,https://www.lovart.ai/blog/7-best-ai-animal-pet-portrait-generators-2026,Refresh if query intent is relevant; preserve URL; improve sections tied to visible queries.
B_indexed_or_visible_refresh,544.96,vmaker-ai-review,What Happened When I Tried Vmaker For Real Projects,3,1062,0.28,6.91,vmaker,10.07,vmaker (1c/40i/pos 10.1),9904,55,False,True,2026-02-05T10:00:00+08:00,vmaker-ai-review,https://www.lovart.ai/blog/vmaker-ai-review,Refresh if query intent is relevant; preserve URL; improve sections tied to visible queries.
B_indexed_or_visible_refresh,542.96,ai-video-editor-tools-compared,AI Video Editor Tools Compared: A Practical Lovart Workflow Guide,1,787,0.13,9.03,what are the latest updates and features in runway compared to other ai video editors?,8.27,what are the latest updates and features in runway compared to other ai video editors? (0c/26i/pos 8.3) | what is the best ai video editor compared to runway? (0c/12i/pos 5.7) | playcut vs runway (0c/7i/pos 19.7) | best free ai video creation app (0c/6i/pos 1.0) | compare ai video editor with runway (0c/4i/pos 1.0),8947,63,False,True,2026-03-31T10:00:00+08:00,ai-video-editor-tools-compared,https://www.lovart.ai/blog/ai-video-editor-tools-compared,Refresh if query intent is relevant; preserve URL; improve sections tied to visible queries.
B_indexed_or_visible_refresh,541.6,ai-animal-pet-generators-compared,AI Animal & Pet Portrait Generators Compared: PetPic vs FurryAI vs Lovart,2,645,0.31,6.97,furryai,5.0,furryai (1c/4i/pos 5.0) | what are the differences between various online ai pet portrait generators and how do they compare in terms of features quality and pricing (0c/81i/pos 4.0) | what are the differences between various digital ai pet portrait generators and how do they compare in terms of features and quality? (0c/51i/pos 5.5) | what are the free ai pet portrait generators available and how do they compare to each other in terms of features and quality? (0c/29i/pos 9.1) | what are the latest ai pet portrait generators available today and how do they compare in terms of features and quality? (0c/26i/pos 2.5),8834,69,False,True,2025-10-31T10:00:00+08:00,ai-animal-pet-generators-compared,https://www.lovart.ai/blog/ai-animal-pet-generators-compared,Refresh if query intent is relevant; preserve URL; improve sections tied to visible queries.
B_indexed_or_visible_refresh,539.84,how-to-create-music-videos-ai-beat-sync,How to Create AI Music Videos & Beat-Synced Visuals — From Song to Screen,5,748,0.67,10.74,match music to video ai,53.12,match music to video ai (0c/8i/pos 53.1) | sync music to video ai (0c/8i/pos 55.0) | ai tools that sync music tempo and mood to video content automatically (0c/2i/pos 1.0) | which tool can match visuals to the beat of songs? (0c/2i/pos 1.0) | free ai music video generator no credits (0c/1i/pos 1.0),10851,69,False,True,2025-12-01T10:00:00+08:00,how-to-create-music-videos-ai-beat-sync,https://www.lovart.ai/blog/how-to-create-music-videos-ai-beat-sync,Refresh if query intent is relevant; preserve URL; improve sections tied to visible queries.
B_indexed_or_visible_refresh,539.76,creating-negative-space-ai-leave-room-for-text,Creating Negative Space — How to Tell AI to Leave Room for Your Text,4,872,0.46,6.46,negative space text,11.5,"negative space text (1c/10i/pos 11.5) | how to create extra negative space for text placement by expanding the background with ai, then verify brand-safe realism? (0c/26i/pos 8.0) | leave negative space (0c/7i/pos 22.3) | 16:9 (0c/1i/pos 1.0) | give me promt (0c/1i/pos 1.0)",10251,65,False,True,2026-03-21T10:00:00+08:00,creating-negative-space-ai-leave-room-for-text,https://www.lovart.ai/blog/creating-negative-space-ai-leave-room-for-text,Refresh if query intent is relevant; preserve URL; improve sections tied to visible queries.
B_indexed_or_visible_refresh,539.52,ai-image-to-image-guide,AI Image-to-Image: How It Works and How to Use It (With Examples),15,744,2.02,9.87,aiimagetoimage,9.05,aiimagetoimage (1c/44i/pos 9.0) | ai image generator from image (1c/4i/pos 1.5) | how to image (0c/15i/pos 4.5) | what is image to image (0c/13i/pos 7.2) | how to convert image to ai image (0c/8i/pos 42.9),19099,97,False,True,2026-04-04T10:00:00+08:00,blog-img2img-en,https://www.lovart.ai/blog/ai-image-to-image-guide,Refresh if query intent is relevant; preserve URL; improve sections tied to visible queries.
B_indexed_or_visible_refresh,537.36,ai-logo-creator,AI Logo Creator: A Practical Lovart Workflow Guide,1,717,0.14,14.83,what are the best online logo maker options and how do their pricing compares?,4.38,what are the best online logo maker options and how do their pricing compares? (0c/16i/pos 4.4) | what are the best online logo maker tools available in 2026 with their pricing options? (0c/10i/pos 4.3) | free vs paid ai logo generators for micro businesses 2025 (0c/9i/pos 9.4) | what are the latest online logo maker tools available and how do their pricing options compare? (0c/8i/pos 4.4) | what are the best logo maker apps available in 2026 with their pricing options? (0c/6i/pos 8.0),8872,63,False,True,2026-02-16T10:00:00+08:00,ai-logo-creator,https://www.lovart.ai/blog/ai-logo-creator,Refresh if query intent is relevant; preserve URL; improve sections tied to visible queries.
B_indexed_or_visible_refresh,536.0,picsart-ai-review,PicsArt AI Review: The Mobile-First Editor Goes AI-Native,2,1075,0.19,9.5,is picsart good,9.0,is picsart good (1c/5i/pos 9.0),10224,105,False,True,2026-02-03T10:00:00+08:00,picsart-ai-review,https://www.lovart.ai/blog/picsart-ai-review,Refresh if query intent is relevant; preserve URL; improve sections tied to visible queries.
B_indexed_or_visible_refresh,534.16,pictory-ai-review,Pictory AI Review: A Practical Lovart Workflow Guide,0,802,0.0,12.21,,,,8882,63,False,True,2026-06-19T10:00:00+08:00,5129d33d-b2bc-4abb-abda-646e0f34d085,https://www.lovart.ai/blog/pictory-ai-review,Refresh if query intent is relevant; preserve URL; improve sections tied to visible queries.
B_indexed_or_visible_refresh,533.92,01-pillar-ai-design-technology,01 Pillar AI Design Technology: A Practical Lovart Workflow Guide,1,674,0.15,9.1,"site:lovart.ai ""stable diffusion"" lovart",3.15,"site:lovart.ai ""stable diffusion"" lovart (0c/20i/pos 3.1)",8947,63,False,True,2025-12-30T10:00:00+08:00,01-pillar-ai-design-technology,https://www.lovart.ai/blog/01-pillar-ai-design-technology,Refresh if query intent is relevant; preserve URL; improve sections tied to visible queries.
B_indexed_or_visible_refresh,532.08,01-bofu-canva-migration-guide,01 Bofu Canva Migration Guide: A Practical Lovart Workflow Guide,1,651,0.15,9.24,canva to ai platform migration guide,8.92,canva to ai platform migration guide (0c/12i/pos 8.9) | site:lovart.ai lovart verify email credits (0c/4i/pos 9.0) | migration+canva (0c/1i/pos 10.0) | site:lovart.ai support lovart credits account (0c/1i/pos 1.0),8942,63,False,True,2026-02-15T10:00:00+08:00,01-bofu-canva-migration-guide,https://www.lovart.ai/blog/01-bofu-canva-migration-guide,Refresh if query intent is relevant; preserve URL; improve sections tied to visible queries.
B_indexed_or_visible_refresh,532.0,seedance-ai-review,Seedance AI Review: A Practical Lovart Workflow Guide,1,650,0.15,8.78,,,,8887,63,False,True,2025-09-11T10:00:00+08:00,493d6989-5102-4cf1-abed-a99f2a9d321f,https://www.lovart.ai/blog/seedance-ai-review,Refresh if query intent is relevant; preserve URL; improve sections tied to visible queries.
B_indexed_or_visible_refresh,531.84,complete-guide-ai-animal-pet-portrait-generation,The 2026 Complete Guide to AI Animal & Pet Portrait Generation,5,648,0.77,8.51,what are the best digital tools and services available for creating ai-generated pet portraits?,6.33,what are the best digital tools and services available for creating ai-generated pet portraits? (0c/43i/pos 6.3) | what features does an online photorealistic ai pet portrait generator offer? (0c/20i/pos 6.0) | what photorealistic features does an ai pet portrait generator need to have for understanding how it creates lifelike pet images? (0c/20i/pos 5.5) | what features does an ai pet portrait generator with photorealistic quality offer (0c/19i/pos 7.2) | what are the latest ai pet portrait generators available today and how do they compare in terms of features and quality? (0c/18i/pos 5.7),77813,408,False,True,2025-09-07T10:00:00+08:00,complete-guide-ai-animal-pet-portrait-generation,https://www.lovart.ai/blog/complete-guide-ai-animal-pet-portrait-generation,Refresh if query intent is relevant; preserve URL; improve sections tied to visible queries.
B_indexed_or_visible_refresh,530.48,how-to-choose-ai-image-model,"How to Choose the Right AI Image Model — DALL-E, Midjourney, FLUX & More",0,1256,0.0,16.82,site:lovart.ai api lovart,6.11,"site:lovart.ai api lovart (0c/9i/pos 6.1) | site:lovart.ai ""stable diffusion"" lovart (0c/7i/pos 3.4) | site:lovart.ai ""api"" ""lovart"" (0c/5i/pos 3.6) | grok imagine vs midjourney vs dall-e vs flux vs stable diffusion (0c/4i/pos 23.2) | grok imagine vs midjourney vs dall-e vs flux (0c/3i/pos 20.0)",51320,206,False,True,2026-05-13T10:00:00+08:00,how-to-choose-ai-image-model,https://www.lovart.ai/blog/how-to-choose-ai-image-model,Refresh if query intent is relevant; preserve URL; improve sections tied to visible queries.
B_indexed_or_visible_refresh,528.56,lovart-nano-banana-2-ai-design-agent,Lovart Nano Banana 2 AI Design Agent: A Practical Lovart Workflow Guide,1,607,0.16,8.32,,,,8977,63,False,True,2026-04-06T10:00:00+08:00,lovart-nano-banana-2-ai-design-agent,https://www.lovart.ai/blog/lovart-nano-banana-2-ai-design-agent,Refresh if query intent is relevant; preserve URL; improve sections tied to visible queries.
B_indexed_or_visible_refresh,527.68,03-cluster-etsy-listing-images,03 Cluster Etsy Listing Images: A Practical Lovart Workflow Guide,0,721,0.0,19.96,etsy listing photo generator,28.44,etsy listing photo generator (0c/9i/pos 28.4) | etsy ai images (0c/2i/pos 13.5) | etsy (0c/1i/pos 5.0) | how to use etsy (0c/1i/pos 1.0) | sell on etsy (0c/1i/pos 2.0),8947,63,False,True,2026-03-22T10:00:00+08:00,03-cluster-etsy-listing-images,https://www.lovart.ai/blog/03-cluster-etsy-listing-images,Refresh if query intent is relevant; preserve URL; improve sections tied to visible queries.
B_indexed_or_visible_refresh,527.2,nano-banana-presentation-guide,Nano Banana Presentation Guide: A Practical Lovart Workflow Guide,3,340,0.88,19.37,,,,8947,63,False,True,2026-06-10T10:00:00+08:00,blog-nano-banana-presentation-guide-en,https://www.lovart.ai/blog/nano-banana-presentation-guide,Refresh if query intent is relevant; preserve URL; improve sections tied to visible queries.
B_indexed_or_visible_refresh,525.92,01-cluster-brand-kit-from-scratch,Building a Complete Brand Kit from Scratch with Lovart,6,449,1.34,6.78,lovart brand kit,7.36,lovart brand kit (0c/14i/pos 7.4) | #1a56db (0c/1i/pos 13.0) | lovart ai brand kit official (0c/1i/pos 10.0) | lovart ai design agent brand kit official (0c/1i/pos 10.0) | site:lovart.ai credits account support lovart (0c/1i/pos 1.0),12067,75,False,True,2025-10-24T10:00:00+08:00,01-cluster-brand-kit-from-scratch,https://www.lovart.ai/blog/01-cluster-brand-kit-from-scratch,Refresh if query intent is relevant; preserve URL; improve sections tied to visible queries.
B_indexed_or_visible_refresh,523.92,ai-texture-generator-tools-compared,AI Texture Generators Compared: Polycam vs WithPoly vs Lovart — Seamless Results?,4,674,0.59,7.91,withpoly,8.51,withpoly (3c/53i/pos 8.5) | polycam ai texture generator (0c/72i/pos 6.5) | polycam texture generator (0c/48i/pos 7.1) | polycam texture ai (0c/18i/pos 7.1) | withpoly texture generator (0c/13i/pos 8.2),11171,72,False,True,2025-12-19T10:00:00+08:00,ai-texture-generator-tools-compared,https://www.lovart.ai/blog/ai-texture-generator-tools-compared,Refresh if query intent is relevant; preserve URL; improve sections tied to visible queries.
B_indexed_or_visible_refresh,523.36,8-best-ai-object-removers-watermark-removers-2026,8 Best AI Object Removers & Watermark Removers in 2026: Cleanup.pictures vs Magic Eraser vs Lovart,2,917,0.22,16.32,best ai tools for removing watermarks from images 2026,16.0,best ai tools for removing watermarks from images 2026 (0c/4i/pos 16.0) | best ai watermark remover 2026 (0c/3i/pos 16.0) | welche marken empfehlen leute für ki‑objektentfernungs‑tools? in 2026 (0c/3i/pos 1.0) | best ai object removal tools 2026 recommendations brands (0c/2i/pos 11.5) | blur patch (0c/2i/pos 4.0),13770,86,False,True,2025-10-18T10:00:00+08:00,8-best-ai-object-removers-watermark-removers-2026,https://www.lovart.ai/blog/8-best-ai-object-removers-watermark-removers-2026,Refresh if query intent is relevant; preserve URL; improve sections tied to visible queries.
B_indexed_or_visible_refresh,522.64,15-best-free-ai-design-tools-2026,15 Best Free AI Design Tools in 2026: Professional Results Without the Price Tag,3,783,0.38,16.0,is lovart ai free,3.14,is lovart ai free (1c/29i/pos 3.1) | lovart (0c/7i/pos 2.7) | lovart ai alternative free (0c/5i/pos 7.0) | best free ai design tools 2026 (0c/3i/pos 13.3) | lovart ai design tool features 2026 (0c/3i/pos 10.0),18035,112,False,True,2025-11-01T10:00:00+08:00,15-best-free-ai-design-tools-2026,https://www.lovart.ai/blog/15-best-free-ai-design-tools-2026,Refresh if query intent is relevant; preserve URL; improve sections tied to visible queries.
B_indexed_or_visible_refresh,521.84,fotor-ai-review-2025-photo-editing-and-ai-art-generator-tested,Fotor AI Review 2026: Photo Editing & AI Art Generator Tested,4,648,0.62,10.27,fotor art,9.87,fotor art (1c/15i/pos 9.9) | fotor test (1c/5i/pos 8.4) | fotor ai art generator (0c/67i/pos 9.0) | what is fotor (0c/12i/pos 9.6) | compare ai painting generator with fotor (0c/11i/pos 5.5),9368,73,False,True,2025-11-11T10:00:00+08:00,fotor-ai-review-2025-photo-editing-and-ai-art-generator-tested,https://www.lovart.ai/blog/fotor-ai-review-2025-photo-editing-and-ai-art-generator-tested,Refresh if query intent is relevant; preserve URL; improve sections tied to visible queries.
B_indexed_or_visible_refresh,518.8,how-to-generate-cinematic-video-prompts,How To Generate Cinematic Video Prompts: A Practical Lovart Workflow Guide,2,360,0.56,10.76,,,,8992,63,False,True,2025-10-07T10:00:00+08:00,blog-cinevid-en,https://www.lovart.ai/blog/how-to-generate-cinematic-video-prompts,Refresh if query intent is relevant; preserve URL; improve sections tied to visible queries.
B_indexed_or_visible_refresh,516.8,03-best-practice-psd-vs-png,Best Practice: PSD vs PNG Export — When to Use Each Format,1,460,0.22,5.55,psd vs png,5.4,psd vs png (0c/63i/pos 5.4) | png vs psd (0c/44i/pos 4.7) | difference between png and psd (0c/11i/pos 5.0) | difference between psd and png (0c/8i/pos 6.1) | psd or png (0c/4i/pos 6.5),7816,58,False,True,2026-02-16T10:00:00+08:00,03-best-practice-psd-vs-png,https://www.lovart.ai/blog/03-best-practice-psd-vs-png,Refresh if query intent is relevant; preserve URL; improve sections tied to visible queries.
B_indexed_or_visible_refresh,516.4,how-to-use-free-ai-design-tools,How to Use Free AI Design Tools — Create Professional Designs Without Spending a Dime,3,705,0.43,10.42,lovart,2.89,lovart (1c/19i/pos 2.9) | loveart ai image generator (1c/1i/pos 8.0),51140,236,False,True,2026-05-20T10:00:00+08:00,how-to-use-free-ai-design-tools,https://www.lovart.ai/blog/how-to-use-free-ai-design-tools,Refresh if query intent is relevant; preserve URL; improve sections tied to visible queries.
B_indexed_or_visible_refresh,515.36,03-cluster-color-psychology-ai-design,03 Cluster Color Psychology AI Design: A Practical Lovart Workflow Guide,2,317,0.63,12.46,site:lovart.ai lovart phone verification,9.5,site:lovart.ai lovart phone verification (0c/2i/pos 9.5) | neutral solid colors (0c/1i/pos 2.0) | personalized product & color palette recommender ai agent (0c/1i/pos 79.0),8982,63,False,True,2025-12-17T10:00:00+08:00,03-cluster-color-psychology-ai-design,https://www.lovart.ai/blog/03-cluster-color-psychology-ai-design,Refresh if query intent is relevant; preserve URL; improve sections tied to visible queries.
B_indexed_or_visible_refresh,515.28,how-to-transform-age-body-ai-portraits,"How to Transform Age, Appearance & Body in AI Portraits — Baby, Aging & More Effects",4,566,0.71,12.62,,,,11531,78,False,True,2026-02-02T10:00:00+08:00,how-to-transform-age-body-ai-portraits,https://www.lovart.ai/blog/how-to-transform-age-body-ai-portraits,Refresh if query intent is relevant; preserve URL; improve sections tied to visible queries.
B_indexed_or_visible_refresh,515.2,10-best-ai-print-design-tools-2026,10 Best AI Print Design Tools 2026: A Practical Lovart Workflow Guide,2,315,0.63,7.77,best ai flyer design tools canva adobe express microsoft designer 2026,6.25,best ai flyer design tools canva adobe express microsoft designer 2026 (0c/4i/pos 6.2) | how can ai flyer tools optimize flyers for print and digital formats? (0c/2i/pos 21.5) | best ai flyer maker 2026 (0c/1i/pos 8.0) | what are the new flyer maker options available and how do they compare to each other? (0c/1i/pos 1.0),8967,63,False,True,2026-02-19T10:00:00+08:00,10-best-ai-print-design-tools-2026,https://www.lovart.ai/blog/10-best-ai-print-design-tools-2026,Refresh if query intent is relevant; preserve URL; improve sections tied to visible queries.
B_indexed_or_visible_refresh,514.8,02-cluster-brand-style-guide-ai,02 Cluster Brand Style Guide AI: A Practical Lovart Workflow Guide,2,310,0.65,8.91,ai video editor brand guidelines support,77.25,ai video editor brand guidelines support (0c/4i/pos 77.2) | techart fierce ai approach style guide leaguachannlfe (0c/3i/pos 6.0) | 7. how does lovart's ai generator handle custom brand color palettes? (0c/1i/pos 10.0) | ai brand book (0c/1i/pos 90.0) | ai brand guide generator (0c/1i/pos 99.0),8952,63,False,True,2025-12-23T10:00:00+08:00,02-cluster-brand-style-guide-ai,https://www.lovart.ai/blog/02-cluster-brand-style-guide-ai,Refresh if query intent is relevant; preserve URL; improve sections tied to visible queries.
B_indexed_or_visible_refresh,514.48,01-industry-hair-salon-menu,"Hair Salon Menu Design: Services, Pricing, and Visual Style That Books Appointments",2,806,0.25,8.41,salon menus,13.53,salon menus (0c/36i/pos 13.5) | salon menu card is called (0c/18i/pos 9.7) | salon menu book (0c/15i/pos 13.5) | what do we call salon menu (0c/15i/pos 8.3) | menu for salon (0c/12i/pos 11.2),13017,102,False,True,2025-09-21T10:00:00+08:00,01-industry-hair-salon-menu,https://www.lovart.ai/blog/01-industry-hair-salon-menu,Refresh if query intent is relevant; preserve URL; improve sections tied to visible queries.
B_indexed_or_visible_refresh,514.08,ai-art-generator-tools-compared,AI Art Generator: Midjourney vs DALL-E vs Lovart 2026,2,801,0.25,14.01,best ai tools for content creation,1.0,best ai tools for content creation (0c/25i/pos 1.0) | best ai tools for product design (0c/11i/pos 1.0) | lovart art (0c/10i/pos 4.7) | top ai tools for content creation (0c/8i/pos 1.0) | best ai art generation app (0c/7i/pos 1.0),10746,78,False,True,2025-11-19T10:00:00+08:00,ai-art-generator-tools-compared,https://www.lovart.ai/blog/ai-art-generator-tools-compared,Refresh if query intent is relevant; preserve URL; improve sections tied to visible queries.
B_indexed_or_visible_refresh,514.0,ai-collage-moodboard-tools-compared,AI Collage & Moodboard Makers Compared: Milanote vs Moodzer vs Lovart,1,425,0.24,9.81,does milanote use ai,8.66,does milanote use ai (0c/65i/pos 8.7) | moodzer (0c/19i/pos 8.8) | milanote ai (0c/17i/pos 8.4) | what are the trending moodboard maker tools and how do they compare to each other? (0c/6i/pos 5.8) | is milanote ai (0c/5i/pos 10.8),8823,64,False,True,2026-01-31T10:00:00+08:00,ai-collage-moodboard-tools-compared,https://www.lovart.ai/blog/ai-collage-moodboard-tools-compared,Refresh if query intent is relevant; preserve URL; improve sections tied to visible queries.
B_indexed_or_visible_refresh,513.28,brand-kit-martial-arts-lovart,How to Create a Brand Kit for a Martial Arts School,3,166,1.81,12.6,creative branding for martial arts businesses,16.0,creative branding for martial arts businesses (0c/10i/pos 16.0) | martial arts branding (0c/10i/pos 8.5) | brand development for martial arts gyms (0c/6i/pos 20.0) | branding services for martial arts businesses (0c/3i/pos 29.3) | brand strategy for martial arts businesses (0c/2i/pos 52.0),6033,48,False,True,2026-05-08T10:00:00+08:00,brand-kit-martial-arts-lovart,https://www.lovart.ai/blog/brand-kit-martial-arts-lovart,Refresh if query intent is relevant; preserve URL; improve sections tied to visible queries.
B_indexed_or_visible_refresh,512.48,ai-poster-tools-compared,AI Poster Makers Compared: Canva vs PosterMyWall vs Lovart,2,781,0.26,11.44,postermywall vs canva,8.2,"postermywall vs canva (0c/181i/pos 8.2) | canva vs postermywall (0c/48i/pos 7.4) | how does postermywall compare to canva? (0c/19i/pos 10.6) | which is better: canva vs. postermywall (0c/14i/pos 10.4) | what is better, canva or postermywall? (0c/11i/pos 10.0)",9350,74,False,True,2025-10-02T10:00:00+08:00,ai-poster-tools-compared,https://www.lovart.ai/blog/ai-poster-tools-compared,Refresh if query intent is relevant; preserve URL; improve sections tied to visible queries.
B_indexed_or_visible_refresh,510.4,8-best-ai-background-wallpaper-generators-2026,8 Best AI Background & Wallpaper Generators in 2026: From Phone Screens to Zoom Backdrops,4,505,0.79,9.09,how do smartphones compare in ai-powered wallpaper generation,3.24,how do smartphones compare in ai-powered wallpaper generation (0c/21i/pos 3.2) | best ai for wallpaper generation (0c/9i/pos 3.7) | what types of backgrounds can lovart generate? (0c/8i/pos 4.0) | can i use lovart's background generator for social media? (0c/7i/pos 7.0) | best ai backgrounds (0c/2i/pos 4.5),14608,83,False,True,2026-04-05T10:00:00+08:00,8-best-ai-background-wallpaper-generators-2026,https://www.lovart.ai/blog/8-best-ai-background-wallpaper-generators-2026,Refresh if query intent is relevant; preserve URL; improve sections tied to visible queries.
B_indexed_or_visible_refresh,506.0,ai-illustrations-social-media,AI Illustrations Social Media: A Practical Lovart Workflow Guide,1,325,0.31,9.11,social art ai,8.5,social art ai (0c/2i/pos 8.5) | ai in media and art (0c/1i/pos 79.0),8942,63,False,True,2026-02-23T10:00:00+08:00,ai-illustrations-social-media,https://www.lovart.ai/blog/ai-illustrations-social-media,Refresh if query intent is relevant; preserve URL; improve sections tied to visible queries.
B_indexed_or_visible_refresh,505.92,6-best-ai-art-platforms-2026,6 Best AI Art Platforms in 2026: Midjourney vs Leonardo vs Civitai vs NightCafe vs Lovart,1,824,0.12,9.23,"site:lovart.ai ""stable diffusion"" lovart",7.0,"site:lovart.ai ""stable diffusion"" lovart (0c/17i/pos 7.0) | nightcafe updates 2026 (0c/11i/pos 10.1) | nightcafe community updates 2026 (0c/4i/pos 10.2) | site:lovart.ai ""daily free credits"" lovart (0c/3i/pos 3.3) | site:lovart.ai terms multiple accounts credits (0c/2i/pos 10.0)",12535,70,False,True,2026-03-18T10:00:00+08:00,6-best-ai-art-platforms-2026,https://www.lovart.ai/blog/6-best-ai-art-platforms-2026,Refresh if query intent is relevant; preserve URL; improve sections tied to visible queries.
B_indexed_or_visible_refresh,504.8,lovart-ai-image-generator-create-stunning-images,Lovart AI Image Generator - Create Stunning Images with AI,2,685,0.29,7.49,,,,32168,307,False,True,2026-04-10T10:00:00+08:00,lovart-ai-image-generator-create-stunning-images,https://www.lovart.ai/blog/lovart-ai-image-generator-create-stunning-images,Refresh if query intent is relevant; preserve URL; improve sections tied to visible queries.
B_indexed_or_visible_refresh,503.36,complete-guide-ai-avatar-digital-identity,The 2026 Complete Guide to AI Avatar & Digital Identity Creation,2,667,0.3,14.57,latest news digital identities virtual models avatars photorealistic ai 2026,7.44,latest news digital identities virtual models avatars photorealistic ai 2026 (0c/9i/pos 7.4) | latest news digital identities virtual models avatarization photorealistic ai avatars 2025 2026 (0c/4i/pos 3.8) | types of avatars (0c/4i/pos 1.0) | digital avatar (0c/3i/pos 44.0) | ai avatar generation techniques 2025 2026 (0c/2i/pos 20.0),75517,401,False,True,2026-04-09T10:00:00+08:00,complete-guide-ai-avatar-digital-identity,https://www.lovart.ai/blog/complete-guide-ai-avatar-digital-identity,Refresh if query intent is relevant; preserve URL; improve sections tied to visible queries.
B_indexed_or_visible_refresh,502.4,best-ai-design-agent-for-makeup-studio-owner,"Best AI Design Agent for Makeup Studio Owners: Before/After Proof, Bridal Lookbooks & Tutorial Covers by Lovart",2,155,1.29,16.3,ai booking assistant for makeup artists,11.49,ai booking assistant for makeup artists (0c/35i/pos 11.5) | instagram ai agent for makeup artists (0c/33i/pos 19.6) | waxing consultation ai agent (0c/9i/pos 32.6) | ai receptionist for makeup artists (0c/5i/pos 23.2) | permanent makeup consultation ai agent (0c/3i/pos 77.7),6160,56,False,True,2025-11-10T10:00:00+08:00,best-ai-design-agent-for-makeup-studio-owner,https://www.lovart.ai/blog/best-ai-design-agent-for-makeup-studio-owner,Refresh if query intent is relevant; preserve URL; improve sections tied to visible queries.
B_indexed_or_visible_refresh,502.16,adobe-firefly-vs-ai-design-agents,Adobe Firefly vs AI Design Agents: Which Platform Delivers Better Creative Output?,1,777,0.13,10.32,provide a comparison pricing for firefly image generation vs photoshop of illustrator.,4.54,provide a comparison pricing for firefly image generation vs photoshop of illustrator. (0c/136i/pos 4.5) | evaluate the ai art technology company adobe firefly on ai design & graphics_commercial_test (0c/66i/pos 7.8) | provide a comparison pricing for adobe firefly image generation vs photoshop of illustrator. (0c/39i/pos 5.0) | adobe firefly vs (0c/23i/pos 25.1) | evaluate the ai art technology company adobe firefly on ai voice & audio_commercial_test (0c/23i/pos 8.9),11666,60,False,True,2026-05-14T10:00:00+08:00,adobe-firefly-vs-ai-design-agents,https://www.lovart.ai/blog/adobe-firefly-vs-ai-design-agents,Refresh if query intent is relevant; preserve URL; improve sections tied to visible queries.
B_indexed_or_visible_refresh,502.16,best-luma-dream-machine-alternatives-in-2025-ai-video-tools,Best Luma Dream Machine Alternative: When to Use a Design Agent Instead,2,652,0.31,9.99,luma ai alternative,10.29,luma ai alternative (0c/17i/pos 10.3) | luma alternatives (0c/13i/pos 11.8) | luma dream machine alternative (0c/11i/pos 8.5) | luma ai free alternative (0c/10i/pos 9.8) | luma alternative (0c/10i/pos 11.1),10169,69,False,True,2025-12-05T10:00:00+08:00,best-luma-dream-machine-alternatives-in-2025-ai-video-tools,https://www.lovart.ai/blog/best-luma-dream-machine-alternatives-in-2025-ai-video-tools,Refresh if query intent is relevant; preserve URL; improve sections tied to visible queries.
B_indexed_or_visible_refresh,502.16,ai-print-materials-tools-compared,AI Print Materials Tools Compared: A Practical Lovart Workflow Guide,2,152,1.32,8.09,best premium printing moo vs canva print,1.8,"best premium printing moo vs canva print (0c/5i/pos 1.8) | canva matte vs uncoated (0c/1i/pos 8.0) | canva paper types (0c/1i/pos 4.0) | intitle:""canva"" -www.youtube.com -www.facebook.com -www.tiktok.com -www.instagram.com ""premium"" ""subscription"" (0c/1i/pos 88.0) | moo ai (0c/1i/pos 10.0)",8962,63,False,True,2026-02-25T10:00:00+08:00,ai-print-materials-tools-compared,https://www.lovart.ai/blog/ai-print-materials-tools-compared,Refresh if query intent is relevant; preserve URL; improve sections tied to visible queries.
B_indexed_or_visible_refresh,501.84,5-best-ai-image-models-compared-2026,5 Best AI Image Models Compared in 2026: Midjourney V6 vs DALL-E 3 vs SD3 vs Firefly vs Lovart,0,898,0.0,7.08,"site:lovart.ai ""stable diffusion"" lovart",8.12,"site:lovart.ai ""stable diffusion"" lovart (0c/17i/pos 8.1) | adobe firefly vs midjourney vs dall-e vs stable diffusion 2026 (0c/10i/pos 11.0) | adobe firefly vs midjourney vs dall-e vs stable diffusion comparison 2026 (0c/7i/pos 13.9) | adobe firefly vs midjourney vs dall-e vs stable diffusion 2026 comparison (0c/6i/pos 15.7) | adobe firefly vs competitors like midjourney dall-e 2026 (0c/5i/pos 14.4)",12965,76,False,True,2026-05-10T10:00:00+08:00,5-best-ai-image-models-compared-2026,https://www.lovart.ai/blog/5-best-ai-image-models-compared-2026,Refresh if query intent is relevant; preserve URL; improve sections tied to visible queries.
B_indexed_or_visible_refresh,501.76,b33-ai-background-remover-comparison-bing,Background Remover: 7 AI Tools Tested for Accuracy 2026,1,772,0.13,10.04,what are the most recent background remover tools and how do they compare to each other?,10.0,what are the most recent background remover tools and how do they compare to each other? (0c/15i/pos 10.0) | free ai image editor with no restrictions (0c/12i/pos 1.0) | what are the most recent online background remover tools and how do they compare to each other? (0c/10i/pos 9.5) | what are the best background remover tools available for professional use and how do they compare in terms of features and pricing? (0c/7i/pos 7.4) | what are the best background remover web tools and how do their pricing compare? (0c/6i/pos 12.7),13542,97,False,True,2026-02-18T10:00:00+08:00,b33-ai-background-remover-comparison-bing,https://www.lovart.ai/blog/b33-ai-background-remover-comparison-bing,Refresh if query intent is relevant; preserve URL; improve sections tied to visible queries.
B_indexed_or_visible_refresh,501.44,pollo-ai-vs-lovart-comparison,Pollo AI vs Lovart — AI Video Generator vs Full AI Design Agent,0,393,0.0,12.51,,,,7937,113,False,True,2025-10-25T10:00:00+08:00,pollo-ai-vs-lovart-comparison,https://www.lovart.ai/blog/pollo-ai-vs-lovart-comparison,Refresh if query intent is relevant; preserve URL; improve sections tied to visible queries.
B_indexed_or_visible_refresh,501.2,best-ai-design-agent-for-bubble-tea-shop-owner,Best AI Design Agent for Bubble Tea Shop Owners — Boba Branding That Pops,2,140,1.43,10.63,bubble tea ai,7.86,bubble tea ai (0c/7i/pos 7.9),6458,35,False,True,2026-02-19T10:00:00+08:00,best-ai-design-agent-for-bubble-tea-shop-owner,https://www.lovart.ai/blog/best-ai-design-agent-for-bubble-tea-shop-owner,Refresh if query intent is relevant; preserve URL; improve sections tied to visible queries.
B_indexed_or_visible_refresh,500.72,ai-illustration-guide-how-to-generate-professional-artwork-from-prompts,AI Illustration Guide: How to Generate Professional Artwork from Prompts,2,634,0.32,11.0,oui,5.0,"oui (1c/1i/pos 5.0) | can i see a reference (0c/1i/pos 1.0) | for canva (0c/1i/pos 2.0) | how can i use ai to create portraits for clients: workflow, file formats, and professional tips (0c/1i/pos 1.0) | professional ai image generator (0c/1i/pos 20.0)",16668,174,False,True,2025-10-20T10:00:00+08:00,ai-illustration-guide-how-to-generate-professional-artwork-from-,https://www.lovart.ai/blog/ai-illustration-guide-how-to-generate-professional-artwork-from-prompts,Refresh if query intent is relevant; preserve URL; improve sections tied to visible queries.
B_indexed_or_visible_refresh,499.92,nano-banana-2-lovart-commercial-workflow,Nano Banana 2 Lovart Commercial Workflow: A Practical Lovart Workflow Guide,2,124,1.61,11.14,,,,8997,63,False,True,2026-01-06T10:00:00+08:00,nano-banana-2-lovart-commercial-workflow,https://www.lovart.ai/blog/nano-banana-2-lovart-commercial-workflow,Refresh if query intent is relevant; preserve URL; improve sections tied to visible queries.
B_indexed_or_visible_refresh,499.52,how-to-gen-product-photography-with-ai,How To Gen Product Photography With AI: A Practical Lovart Workflow Guide,0,369,0.0,15.87,lovart ai product hunt,9.5,lovart ai product hunt (0c/2i/pos 9.5) | ai image generator that allows anything (0c/1i/pos 1.0) | ai product photography monthly retainer contract details deliverables sla 2026 agency (0c/1i/pos 84.0) | lovart ai design tool features 2026 (0c/1i/pos 7.0),8987,63,False,True,2025-12-22T10:00:00+08:00,how-to-gen-product-photography-with-ai,https://www.lovart.ai/blog/how-to-gen-product-photography-with-ai,Refresh if query intent is relevant; preserve URL; improve sections tied to visible queries.
B_indexed_or_visible_refresh,499.52,lovart-digest-june-2026-week4,Lovart Digest June 2026 Week4: A Practical Lovart Workflow Guide,0,369,0.0,5.23,,,,8942,63,False,True,2026-04-11T10:00:00+08:00,lovart-digest-june-2026-week4,https://www.lovart.ai/blog/lovart-digest-june-2026-week4,Refresh if query intent is relevant; preserve URL; improve sections tied to visible queries.
B_indexed_or_visible_refresh,499.44,s27---midjourney-vs-dalle-vs-lovart-three-way,Midjourney vs DALL-E vs Lovart: The Ultimate 3-Way AI Image Battle (2026),1,243,0.41,5.79,,,,8304,62,False,True,2026-02-28T10:00:00+08:00,s27---midjourney-vs-dalle-vs-lovart-three-way,https://www.lovart.ai/blog/s27---midjourney-vs-dalle-vs-lovart-three-way,Refresh if query intent is relevant; preserve URL; improve sections tied to visible queries.
B_indexed_or_visible_refresh,498.64,food-truck-wrap-design-ai,Food Truck Wrap Design: How AI Can Help You Stand Out for Free,4,358,1.12,7.97,food truck wrap design online free,4.6,food truck wrap design online free (1c/20i/pos 4.6) | food truck design generator (0c/3i/pos 22.0) | taco food truck wrap design neon green orange (0c/2i/pos 9.0) | ai food truck design (0c/1i/pos 1.0),26613,112,False,True,2025-10-17T10:00:00+08:00,blog-ftw-en,https://www.lovart.ai/blog/food-truck-wrap-design-ai,Refresh if query intent is relevant; preserve URL; improve sections tied to visible queries.
B_indexed_or_visible_refresh,498.56,image-to-video-ai-2026-workflow,Image To Video AI 2026 Workflow: A Practical Lovart Workflow Guide,1,232,0.43,10.34,,,,8952,63,False,True,2025-11-29T10:00:00+08:00,a3e0c144-f3aa-4612-a9e9-d485118bf150,https://www.lovart.ai/blog/image-to-video-ai-2026-workflow,Refresh if query intent is relevant; preserve URL; improve sections tied to visible queries.
B_indexed_or_visible_refresh,498.0,the-best-ai-agent-driven-canvas-for-spa-with-lovart-all-in-one-design-agent,The Best AI Agent Driven Canvas For Spa with Lovart All-in-One Design Agent,1,725,0.14,9.15,,,,14006,59,False,True,2025-09-21T10:00:00+08:00,the-best-ai-agent-driven-canvas-for-spa-with-lovart-all-in-one-d,https://www.lovart.ai/blog/the-best-ai-agent-driven-canvas-for-spa-with-lovart-all-in-one-design-agent,Refresh if query intent is relevant; preserve URL; improve sections tied to visible queries.
B_indexed_or_visible_refresh,496.88,dall-e-alternatives-2026,DALL-E Alternatives 2026: Best AI Image Generators Compared | Lovart,1,211,0.47,11.09,dall e alternatives,17.85,dall e alternatives (0c/20i/pos 17.9) | dall-e alternatives (0c/13i/pos 12.7) | best dall-e 3 alternatives 2026 (0c/8i/pos 9.4) | dall e alternative (0c/4i/pos 6.0) | midjourney vs dall-e vs flux vs ideogram 2026 (0c/4i/pos 3.0),6668,36,,True,2026-02-20T10:00:00+08:00,bd-dall-e-alternatives-2026,https://www.lovart.ai/blog/dall-e-alternatives-2026,Refresh if query intent is relevant; preserve URL; improve sections tied to visible queries.
B_indexed_or_visible_refresh,496.64,github-ai-coding-tools-comparison-2026,Github AI Coding Tools Comparison 2026: A Practical Lovart Workflow Guide,0,333,0.0,9.42,"site:lovart.ai ""api key"" lovart",6.83,"site:lovart.ai ""api key"" lovart (0c/12i/pos 6.8) | openhands opendevin github stars 2026 (0c/3i/pos 9.3) | ""stackblitz"" news (0c/2i/pos 90.5) | github ai tool (0c/2i/pos 6.0) | opendevin autonomous coding agent (0c/2i/pos 16.0)",8987,63,False,True,2026-04-15T10:00:00+08:00,blog-github-ai-coding-tools-comparison-2026-en,https://www.lovart.ai/blog/github-ai-coding-tools-comparison-2026,Refresh if query intent is relevant; preserve URL; improve sections tied to visible queries.
B_indexed_or_visible_refresh,495.84,03-industry-certificate-design-ai,03 Industry Certificate Design AI: A Practical Lovart Workflow Guide,1,198,0.51,9.0,"show me the differences between various certificate template designs and how they compare in terms of layout, visual elements, and professional appearance.",20.31,"show me the differences between various certificate template designs and how they compare in terms of layout, visual elements, and professional appearance. (0c/16i/pos 20.3) | what are the best practices and options available for certificate template design? (0c/5i/pos 21.2) | certificates (0c/4i/pos 1.0) | certificate design (0c/2i/pos 1.0) | how should i design a certificate template for my needs? (0c/2i/pos 31.5)",8962,63,False,True,2026-02-22T10:00:00+08:00,03-industry-certificate-design-ai,https://www.lovart.ai/blog/03-industry-certificate-design-ai,Refresh if query intent is relevant; preserve URL; improve sections tied to visible queries.
B_indexed_or_visible_refresh,495.84,best-ai-design-agent-for-freelancer,"Best AI Design Agent for Freelancers: Personal Branding, Portfolio Design & Client Proposals by Lovart",1,198,0.51,19.55,,,,8154,55,False,True,2026-02-24T10:00:00+08:00,best-ai-design-agent-for-freelancer,https://www.lovart.ai/blog/best-ai-design-agent-for-freelancer,Refresh if query intent is relevant; preserve URL; improve sections tied to visible queries.
B_indexed_or_visible_refresh,495.76,ai-subscription-fatigue-utility-gap,Ai Subscription Fatigue Utility Gap,2,572,0.35,9.62,lovart ai subscription,7.14,lovart ai subscription (0c/14i/pos 7.1) | lovart subscription (0c/13i/pos 7.5) | ai subscription fatigue (0c/4i/pos 7.0) | lovart ai cancel subscription (0c/1i/pos 12.0) | lovart cancel subscription (0c/1i/pos 11.0),9851,177,False,True,2026-05-13T10:00:00+08:00,ai-subscription-fatigue-utility-gap,https://www.lovart.ai/blog/ai-subscription-fatigue-utility-gap,Refresh if query intent is relevant; preserve URL; improve sections tied to visible queries.
B_indexed_or_visible_refresh,495.36,picsart-ai-vs-lovart-comparison,Picsart AI vs Lovart — Photo Editor Meets AI Design Agent,1,192,0.52,10.06,,,,6314,105,False,True,2025-11-03T10:00:00+08:00,picsart-ai-vs-lovart-comparison,https://www.lovart.ai/blog/picsart-ai-vs-lovart-comparison,Refresh if query intent is relevant; preserve URL; improve sections tied to visible queries.
B_indexed_or_visible_refresh,495.28,s20-5-ai-design-trends-2026,5 AI Design Trends in 2026 That Are Changing Everything,1,691,0.14,9.27,ai design trend,8.67,ai design trend (1c/3i/pos 8.7),12612,102,False,True,2026-04-13T10:00:00+08:00,s20-5-ai-design-trends-2026,https://www.lovart.ai/blog/s20-5-ai-design-trends-2026,Refresh if query intent is relevant; preserve URL; improve sections tied to visible queries.
B_indexed_or_visible_refresh,495.2,01-canva-vs-lovart,Canva vs Lovart: Template Design vs AI Design Agent (2026),4,315,1.27,7.77,canva,3.5,canva (0c/2i/pos 3.5) | ai ad creative platform that can plug into meta ads manager worth it or should i use canva (0c/1i/pos 1.0) | ai flyer generator (0c/1i/pos 5.0) | evaluate the generative ai company lovart on cost-effective professional ai creative stack (0c/1i/pos 1.0) | evaluate the generative ai company lovart on custom ai production pipelines for studios (0c/1i/pos 1.0),13678,96,False,True,2026-05-15T10:00:00+08:00,01-canva-vs-lovart,https://www.lovart.ai/blog/01-canva-vs-lovart,Refresh if query intent is relevant; preserve URL; improve sections tied to visible queries.
B_indexed_or_visible_refresh,495.12,03-wiki-export-formats-guide,03 Wiki Export Formats Guide: A Practical Lovart Workflow Guide,1,189,0.53,6.87,site:lovart.ai lovart support email official,8.81,site:lovart.ai lovart support email official (0c/16i/pos 8.8),8937,63,False,True,2026-04-22T10:00:00+08:00,03-wiki-export-formats-guide,https://www.lovart.ai/blog/03-wiki-export-formats-guide,Refresh if query intent is relevant; preserve URL; improve sections tied to visible queries.
B_indexed_or_visible_refresh,495.04,06-pillar-design-templates-category,06 Pillar Design Templates Category: A Practical Lovart Workflow Guide,1,188,0.53,9.62,template categories,33.33,template categories (0c/3i/pos 33.3) | ai poster generator (0c/1i/pos 16.0),8972,63,False,True,2025-12-08T10:00:00+08:00,06-pillar-design-templates-category,https://www.lovart.ai/blog/06-pillar-design-templates-category,Refresh if query intent is relevant; preserve URL; improve sections tied to visible queries.
B_indexed_or_visible_refresh,494.72,fast-logo-creation,How to Design a Professional Logo within 10 Minutes in 2026,2,559,0.36,8.02,lovart logo,1.65,lovart logo (0c/124i/pos 1.6) | lovart ai logo (0c/21i/pos 1.0) | lovart logo png (0c/13i/pos 7.2) | rusart.pro logo (0c/4i/pos 7.8) | lovart icon (0c/3i/pos 8.7),11460,181,False,True,2026-05-04T10:00:00+08:00,fast-logo-creation,https://www.lovart.ai/blog/fast-logo-creation,Refresh if query intent is relevant; preserve URL; improve sections tied to visible queries.
B_indexed_or_visible_refresh,493.76,ai-interior-design-tools-compared,AI Interior Design Tools Compared: A Practical Lovart Workflow Guide,0,297,0.0,11.88,decormatters ai interior design official,10.14,decormatters ai interior design official (0c/7i/pos 10.1) | houzz ai (0c/6i/pos 8.7) | houzz ai design (0c/4i/pos 9.2) | houzz ai room design official (0c/2i/pos 9.0) | houzz alternatives for finding and buying furniture with ai (0c/2i/pos 7.0),8962,63,False,True,2025-10-27T10:00:00+08:00,ai-interior-design-tools-compared,https://www.lovart.ai/blog/ai-interior-design-tools-compared,Refresh if query intent is relevant; preserve URL; improve sections tied to visible queries.
B_indexed_or_visible_refresh,493.6,logo-design-guide,Logo Design Guide: A Practical Lovart Workflow Guide,1,170,0.59,14.82,,,,8882,63,False,True,2025-12-27T10:00:00+08:00,logo-design-guide,https://www.lovart.ai/blog/logo-design-guide,Refresh if query intent is relevant; preserve URL; improve sections tied to visible queries.
B_indexed_or_visible_refresh,493.44,lovart-vs-rentahuman-ai-design-comparison,Lovart vs RentAHuman.ai - Complete Comparison of AI Design vs Human Task Execution,0,793,0.0,7.93,,,,41595,250,False,True,2026-01-13T10:00:00+08:00,lovart-vs-rentahuman-ai-design-comparison,https://www.lovart.ai/blog/lovart-vs-rentahuman-ai-design-comparison,Refresh if query intent is relevant; preserve URL; improve sections tied to visible queries.
B_indexed_or_visible_refresh,492.96,lovart-ai-complete-overview-features-capabilities,Lovart AI - Complete Overview of Features and Capabilities,0,787,0.0,6.53,,,,65367,359,False,True,2025-11-21T10:00:00+08:00,lovart-ai-complete-overview-features-capabilities,https://www.lovart.ai/blog/lovart-ai-complete-overview-features-capabilities,Refresh if query intent is relevant; preserve URL; improve sections tied to visible queries.
B_indexed_or_visible_refresh,492.72,pictory-ai-review-2025-ai-video-editor-features-pricing-and-test,Pictory AI Review 2025 AI Video Editor Features Pricing And Test: A Practical Lovart Workflow Guide,0,784,0.0,9.69,,,,9117,63,False,True,2025-11-05T10:00:00+08:00,pictory-ai-review-2025-ai-video-editor-features-pricing-and-test,https://www.lovart.ai/blog/pictory-ai-review-2025-ai-video-editor-features-pricing-and-test,Refresh if query intent is relevant; preserve URL; improve sections tied to visible queries.
B_indexed_or_visible_refresh,492.64,adobe-creative-cloud-alternatives-2026,Adobe Creative Cloud Alternatives 2026: Best Tools & Lovart Comparison,1,158,0.63,7.14,"""lovart"" -site:reddit.com -site:twitter.com -site:x.com -site:wykop.pl -site:tripadvisor.com -site:youtube.com -site:yelp.com -site:booking.com -site:facebook.com -site:instagram.com -site:tiktok.com",5.75,"""lovart"" -site:reddit.com -site:twitter.com -site:x.com -site:wykop.pl -site:tripadvisor.com -site:youtube.com -site:yelp.com -site:booking.com -site:facebook.com -site:instagram.com -site:tiktok.com (0c/4i/pos 5.8) | -site:facebook.com -site:fb.me -site:youtube.com -site:youtu.be -site:youtube.be -site:twitter.com -site:instagram.com -site:tiktok.com -site:vm.tiktok.com -site:t.co -site:x.com -site:reddit.com ""adobe express"" (0c/2i/pos 22.5) | adobe alternatives 2026 (0c/1i/pos 1.0) | adobe creative cloud cheap (0c/1i/pos 7.0) | adobe creative cloud free alternatives 2026 (0c/1i/pos 1.0)",8054,38,False,True,2026-02-03T10:00:00+08:00,bd-adobe-creative-cloud-alternatives-2026,https://www.lovart.ai/blog/adobe-creative-cloud-alternatives-2026,Refresh if query intent is relevant; preserve URL; improve sections tied to visible queries.
B_indexed_or_visible_refresh,492.48,product-photos-ai-2026-guide,Product Photos AI 2026 Guide: A Practical Lovart Workflow Guide,1,156,0.64,7.61,,,,8937,63,False,True,2026-01-13T10:00:00+08:00,9688e06c-6e0a-40de-a1d3-71317d4ba133,https://www.lovart.ai/blog/product-photos-ai-2026-guide,Refresh if query intent is relevant; preserve URL; improve sections tied to visible queries.
B_indexed_or_visible_refresh,492.16,s11-how-to-use-ai-for-design-beginner-guide,S11 How To Use AI For Design Beginner Guide: A Practical Lovart Workflow Guide,2,527,0.38,16.88,,,,9012,63,False,True,2026-02-05T10:00:00+08:00,s11-how-to-use-ai-for-design-beginner-guide,https://www.lovart.ai/blog/s11-how-to-use-ai-for-design-beginner-guide,Refresh if query intent is relevant; preserve URL; improve sections tied to visible queries.
B_indexed_or_visible_refresh,492.08,lovart-digest-june-2026-week1,"Lovart Digest — Summer Design Trends, Tutorial Roundup & Community Picks (June W1)",0,276,0.0,14.24,,,,7940,56,False,True,2025-12-21T10:00:00+08:00,lovart-digest-june-2026-week1,https://www.lovart.ai/blog/lovart-digest-june-2026-week1,Refresh if query intent is relevant; preserve URL; improve sections tied to visible queries.
B_indexed_or_visible_refresh,491.36,best-haiper-ai-alternatives-in-2025-video-generation-compared,Best Haiper AI Alternatives in 2026: Video Generation Compared,2,517,0.39,12.84,site:lovart.ai terms multiple accounts credits,8.8,site:lovart.ai terms multiple accounts credits (0c/10i/pos 8.8) | is haiper ai discontinued 2026 (0c/9i/pos 7.8) | haiper ai discontinued 2026 (0c/8i/pos 6.5) | haiper ai video generation tool 2026 (0c/3i/pos 9.7) | what are the best professional ai animation generators that offer watermark-free output for commercial use? (0c/3i/pos 29.0),10154,203,False,True,2026-02-01T10:00:00+08:00,best-haiper-ai-alternatives-in-2025-video-generation-compared,https://www.lovart.ai/blog/best-haiper-ai-alternatives-in-2025-video-generation-compared,Refresh if query intent is relevant; preserve URL; improve sections tied to visible queries.
B_indexed_or_visible_refresh,490.72,content-gap-analysis-q2-2026,Lovart Content Gap Analysis — Q2 2026,0,259,0.0,8.66,site:lovart.ai lovart api documentation,7.5,site:lovart.ai lovart api documentation (0c/6i/pos 7.5) | content gap analysis 2026 (0c/1i/pos 8.0) | content gap topics list 2026 (0c/1i/pos 9.0) | content gap topics list for 2026 (0c/1i/pos 5.0),7949,94,False,True,2025-09-16T10:00:00+08:00,content-gap-analysis-q2-2026,https://www.lovart.ai/blog/content-gap-analysis-q2-2026,Refresh if query intent is relevant; preserve URL; improve sections tied to visible queries.
B_indexed_or_visible_refresh,490.64,b36-ai-avatar-tools-comparison-bing,B36 AI Avatar Tools Comparison Bing: A Practical Lovart Workflow Guide,0,258,0.0,13.11,"compare different avatar maker tools and services that can create video avatars, highlighting their features, capabilities, and how they differ from one another.",9.5,"compare different avatar maker tools and services that can create video avatars, highlighting their features, capabilities, and how they differ from one another. (0c/24i/pos 9.5) | compare the different online avatar makers available and their key features (0c/19i/pos 10.1) | what are the latest avatar maker tools available and how do they compare to each other? (0c/17i/pos 10.2) | what are the best free avatar maker tools available to explore and compare? (0c/8i/pos 10.9) | ai avatar tools comparison (0c/4i/pos 14.5)",8972,63,False,True,2025-09-20T10:00:00+08:00,b36-ai-avatar-tools-comparison-bing,https://www.lovart.ai/blog/b36-ai-avatar-tools-comparison-bing,Refresh if query intent is relevant; preserve URL; improve sections tied to visible queries.
B_indexed_or_visible_refresh,490.64,best-ai-design-agent-for-boutique-owners,Best AI Design Agent For Boutique Owners: A Practical Lovart Workflow Guide,0,258,0.0,7.03,boutique ai,7.88,"boutique ai (0c/33i/pos 7.9) | site:lovart.ai lovart ai design agent features (0c/6i/pos 7.5) | ""lovart"" -site:reddit.com -site:twitter.com -site:x.com -site:wykop.pl -site:tripadvisor.com -site:youtube.com -site:yelp.com -site:booking.com -site:facebook.com -site:instagram.com -site:tiktok.com (0c/4i/pos 1.2) | evaluate the generative ai company lovart on cost-effective professional ai creative stack (0c/3i/pos 1.0) | evaluate the generative ai company lovart on best ai creative tool for agencies and studios (0c/2i/pos 6.5)",8997,63,False,True,2025-10-10T10:00:00+08:00,blog-best-ai-design-agent-for-boutique-owners-en,https://www.lovart.ai/blog/best-ai-design-agent-for-boutique-owners,Refresh if query intent is relevant; preserve URL; improve sections tied to visible queries.
B_indexed_or_visible_refresh,490.56,complete-guide-ai-face-retouching-portrait-editing,The 2026 Complete Guide to AI Face Retouching & Portrait Editing,0,757,0.0,8.15,ai face editing techniques,7.5,ai face editing techniques (0c/4i/pos 7.5) | ai face editing techniques 2025 2026 (0c/3i/pos 8.0) | ai portrait retouching techniques 2025 2026 (0c/3i/pos 19.7) | ai face retouching techniques (0c/2i/pos 17.0) | best ai tools for face retouching 2026 (0c/2i/pos 11.0),51630,264,False,True,2026-04-20T10:00:00+08:00,complete-guide-ai-face-retouching-portrait-editing,https://www.lovart.ai/blog/complete-guide-ai-face-retouching-portrait-editing,Refresh if query intent is relevant; preserve URL; improve sections tied to visible queries.
B_indexed_or_visible_refresh,490.24,best-ai-design-agent-for-digital-agencies-2026,Best AI Design Agent For Digital Agencies 2026: A Practical Lovart Workflow Guide,1,628,0.16,12.7,site:lovart.ai lovart ai design agent official,7.62,site:lovart.ai lovart ai design agent official (0c/29i/pos 7.6) | site:lovart.ai lovart ai design agent (0c/26i/pos 7.5) | lovart ai design agent features 2026 (0c/12i/pos 7.8) | lovart ai design agent official features 2026 (0c/6i/pos 7.3) | lovart ai design agent official 2026 (0c/1i/pos 10.0),9027,63,False,True,2026-03-25T10:00:00+08:00,best-ai-design-agent-for-digital-agencies-2026,https://www.lovart.ai/blog/Best-AI-Design-Agent-for-Digital-Agencies-2026; https://www.lovart.ai/blog/best-ai-design-agent-for-digital-agencies-2026,Refresh if query intent is relevant; preserve URL; improve sections tied to visible queries.
B_indexed_or_visible_refresh,490.0,how-to-create-ai-avatar-profile-picture,How To Create AI Avatar Profile Picture: A Practical Lovart Workflow Guide,1,125,0.8,13.28,how to make an avatar profile picture,20.0,how to make an avatar profile picture (0c/3i/pos 20.0) | profile avatar ai (0c/2i/pos 18.5) | create avatar profile picture (0c/1i/pos 59.0) | create9 avatar image (0c/1i/pos 92.0) | how to set personality and tone of ai avatar (0c/1i/pos 75.0),8992,63,False,True,2025-11-28T10:00:00+08:00,how-to-create-ai-avatar-profile-picture,https://www.lovart.ai/blog/how-to-create-ai-avatar-profile-picture,Refresh if query intent is relevant; preserve URL; improve sections tied to visible queries.
B_indexed_or_visible_refresh,489.92,how-to-generate-consistent-characters-ai-bing,How to Generate Consistent Characters with AI — Tutorial,2,499,0.4,16.21,,,,13862,65,False,True,2025-10-08T10:00:00+08:00,how-to-generate-consistent-characters-ai-bing,https://www.lovart.ai/blog/how-to-generate-consistent-characters-ai-bing,Refresh if query intent is relevant; preserve URL; improve sections tied to visible queries.
B_indexed_or_visible_refresh,489.76,adobe-illustrator-alternatives-2026,Adobe Illustrator Alternatives 2026: Best Vector & AI Design Tools | Lovart,1,122,0.82,4.02,adobe illustrator 免費,1.0,adobe illustrator 免費 (0c/6i/pos 1.0) | illustrator 免費 (0c/4i/pos 1.0) | adobe illustrator alternative (0c/2i/pos 7.5) | adobe illustrator free for macbook (0c/1i/pos 1.0) | apple illustrator alternative (0c/1i/pos 1.0),7873,38,False,True,2026-01-28T10:00:00+08:00,bd-adobe-illustrator-alternatives-2026,https://www.lovart.ai/blog/adobe-illustrator-alternatives-2026,Refresh if query intent is relevant; preserve URL; improve sections tied to visible queries.
B_indexed_or_visible_refresh,489.68,imagen-3-review,"Imagen 3 Review 2026: Features, Quality & Alternatives | Lovart",1,621,0.16,13.97,,,,9481,92,False,True,2026-04-06T10:00:00+08:00,imagen-3-review,https://www.lovart.ai/blog/imagen-3-review,Refresh if query intent is relevant; preserve URL; improve sections tied to visible queries.
B_indexed_or_visible_refresh,489.6,05-enterprise-security-overview,Lovart Security Overview: How We Protect Your Designs & Data,4,245,1.63,5.44,site:lovart.ai lovart multiple accounts terms,8.0,site:lovart.ai lovart multiple accounts terms (0c/3i/pos 8.0) | site:lovart.ai lovart terms multiple accounts (0c/3i/pos 6.0) | site:lovart.ai terms of service multiple accounts lovart (0c/3i/pos 10.0) | iso (0c/1i/pos 1.0) | lovart terms multiple accounts site:lovart.ai (0c/1i/pos 6.0),11135,71,False,True,2026-02-25T10:00:00+08:00,05-enterprise-security-overview,https://www.lovart.ai/blog/05-enterprise-security-overview,Refresh if query intent is relevant; preserve URL; improve sections tied to visible queries.
B_indexed_or_visible_refresh,489.6,ai-video-for-ecommerce-2026,AI Video For Ecommerce 2026: A Practical Lovart Workflow Guide,0,245,0.0,10.04,"""photoroom"" news",81.2,"""photoroom"" news (0c/5i/pos 81.2) | ""lovart"" -site:reddit.com -site:twitter.com -site:x.com -site:wykop.pl -site:tripadvisor.com -site:youtube.com -site:yelp.com -site:booking.com -site:facebook.com -site:instagram.com -site:tiktok.com (0c/3i/pos 9.3) | ai video commerce (0c/2i/pos 16.0) | ai product video generator e-commerce 2026 (0c/1i/pos 9.0)",8932,63,False,True,2025-12-26T10:00:00+08:00,498afa51-fca0-40c3-9eac-c76832f394ba,https://www.lovart.ai/blog/ai-video-for-ecommerce-2026,Refresh if query intent is relevant; preserve URL; improve sections tied to visible queries.
B_indexed_or_visible_refresh,489.52,photo-animation-tools-compared,Photo Animation Tools Compared: MyHeritage vs Deep Nostalgia vs Lovart — Bringing Photos to Life,2,494,0.4,13.55,,,,11452,62,False,True,2026-01-17T10:00:00+08:00,photo-animation-tools-compared,https://www.lovart.ai/blog/photo-animation-tools-compared,Refresh if query intent is relevant; preserve URL; improve sections tied to visible queries.
B_indexed_or_visible_refresh,488.72,ai-design-tools-for-text-rendering-2026,AI Design Tools For Text Rendering 2026: A Practical Lovart Workflow Guide,0,234,0.0,6.29,"site:lovart.ai ""imagen 3"" lovart",7.06,"site:lovart.ai ""imagen 3"" lovart (0c/16i/pos 7.1) | site:lovart.ai ""imagen 3"" (0c/5i/pos 5.8) | ""lovart"" -site:reddit.com -site:twitter.com -site:x.com -site:wykop.pl -site:tripadvisor.com -site:youtube.com -site:yelp.com -site:booking.com -site:facebook.com -site:instagram.com -site:tiktok.com (0c/2i/pos 2.0) | best ai text effects tools 2026 (0c/2i/pos 25.0) | best ai tools for high-resolution text rendering (0c/1i/pos 7.0)",8992,63,False,True,2026-04-24T10:00:00+08:00,bd-ai-design-tools-for-text-rendering-2026,https://www.lovart.ai/blog/ai-design-tools-for-text-rendering-2026,Refresh if query intent is relevant; preserve URL; improve sections tied to visible queries.
B_indexed_or_visible_refresh,488.48,how-to-chat-generate-brochure-lovart,How To Chat Generate Brochure Lovart: A Practical Lovart Workflow Guide,0,231,0.0,8.14,brochure design prompt,6.12,brochure design prompt (0c/8i/pos 6.1) | prompt for brochure design (0c/6i/pos 6.8) | brochure prompt (0c/2i/pos 9.5) | เอาแบบนี้แหละ (0c/1i/pos 10.0),8977,63,False,True,2026-02-19T10:00:00+08:00,how-to-chat-generate-brochure-lovart,https://www.lovart.ai/blog/how-to-chat-generate-brochure-lovart,Refresh if query intent is relevant; preserve URL; improve sections tied to visible queries.
B_indexed_or_visible_refresh,486.48,complete-guide-photo-expansion-uncrop-ai,The 2026 Complete Guide to AI Photo Expansion & Uncrop,3,331,0.91,15.28,what are the recent changes to uncrop image tools available online?,1.7,what are the recent changes to uncrop image tools available online? (0c/20i/pos 1.7) | how can i uncrop an image to expand its borders and reveal more content? (0c/15i/pos 1.0) | what are the best ways for trainers to discover and learn about uncrop image techniques and tools? (0c/14i/pos 1.0) | what are the recent changes in uncrop image technology and how do they compare to previous versions? (0c/8i/pos 4.1) | true or false: once ai creates an image it cannot be further edited. (0c/6i/pos 1.0),54959,263,False,True,2026-02-21T10:00:00+08:00,complete-guide-photo-expansion-uncrop-ai,https://www.lovart.ai/blog/complete-guide-photo-expansion-uncrop-ai,Refresh if query intent is relevant; preserve URL; improve sections tied to visible queries.
B_indexed_or_visible_refresh,486.4,best-ai-design-agent-for-side-hustlers,Best AI Design Agent For Side Hustlers: A Practical Lovart Workflow Guide,0,205,0.0,9.59,site:lovart.ai lovart ai design agent official,7.76,site:lovart.ai lovart ai design agent official (0c/29i/pos 7.8) | site:lovart.ai lovart ai design agent (0c/27i/pos 7.2),8987,63,False,True,2025-12-12T10:00:00+08:00,blog-best-ai-design-agent-for-side-hustlers-en,https://www.lovart.ai/blog/best-ai-design-agent-for-side-hustlers,Refresh if query intent is relevant; preserve URL; improve sections tied to visible queries.
B_indexed_or_visible_refresh,486.24,ai-video-creation-tricks-claymation-loop-animate-photos,Ai Video Creation With Picture: AI-Powered Solution 2026 | L,2,453,0.44,16.79,claymation animation ai,2.73,claymation animation ai (0c/11i/pos 2.7) | claymation video ai (0c/8i/pos 15.0) | clay ai video generator (0c/1i/pos 73.0) | claymation maker (0c/1i/pos 26.0),14985,80,False,True,2025-09-29T10:00:00+08:00,ai-video-creation-tricks-claymation-loop-animate-photos,https://www.lovart.ai/blog/ai-video-creation-tricks-claymation-loop-animate-photos,Refresh if query intent is relevant; preserve URL; improve sections tied to visible queries.
B_indexed_or_visible_refresh,486.0,best-ai-design-tools-in-2025-complete-comparison-guide-for-creators-and-marketers,Best AI Design Tools in 2026: Complete Comparison Guide for Creators & Marketers,0,700,0.0,13.83,lovart ai updates february 2026,6.75,lovart ai updates february 2026 (0c/68i/pos 6.8) | top ai tools for collaboration and creativity 2025 2026 (0c/6i/pos 32.0) | lovart ai design agent review 2026 (0c/4i/pos 8.2) | leading ai tools for creative professionals 2025 2026 (0c/3i/pos 25.3) | best ai tools for creative design in advertising agencies 2025 (0c/2i/pos 41.5),75670,419,False,True,2026-04-02T10:00:00+08:00,best-ai-design-tools-in-2025-complete-comparison-guide-for-creat,https://www.lovart.ai/blog/best-ai-design-tools-in-2025-complete-comparison-guide-for-creators-and-marketers,Refresh if query intent is relevant; preserve URL; improve sections tied to visible queries.
B_indexed_or_visible_refresh,485.36,5-best-ai-image-expanders-uncrop-tools-2026,AI Image Extender: Uncrop & Expand Photos Naturally 2026,1,567,0.18,5.6,what are the recent changes to uncrop image technology and tools available today?,1.23,what are the recent changes to uncrop image technology and tools available today? (0c/39i/pos 1.2) | what are the free options available for uncropping images and how do they compare to each other? (0c/35i/pos 8.2) | what are the recent changes to uncrop image tools available online? (0c/29i/pos 1.2) | what are the most trustworthy methods and tools for uncropping images in a commercial context? (0c/28i/pos 5.4) | what are the recent changes in online tools for uncropping images and how do they compare to each other? (0c/24i/pos 5.4),11049,68,False,True,2025-12-06T10:00:00+08:00,5-best-ai-image-expanders-uncrop-tools-2026,https://www.lovart.ai/blog/5-best-ai-image-expanders-uncrop-tools-2026,Refresh if query intent is relevant; preserve URL; improve sections tied to visible queries.
B_indexed_or_visible_refresh,485.28,leonardo-ai-alternative-nano-banana-pro,Seeking a Leonardo AI Alternative: When to Use a Design Agent Instead,2,441,0.45,10.07,lovart nano banana,7.75,lovart nano banana (1c/4i/pos 7.8),10155,69,False,True,2026-05-06T10:00:00+08:00,leonardo-ai-alternative-nano-banana-pro,https://www.lovart.ai/blog/leonardo-ai-alternative-nano-banana-pro,Refresh if query intent is relevant; preserve URL; improve sections tied to visible queries.
B_indexed_or_visible_refresh,485.04,step-by-step-brochure-without-photoshop,A Step-by-Step Guide to Create a Brochure Without Photoshop — Print-Ready in 5 Steps,3,313,0.96,8.81,,,,12143,89,False,True,2026-05-12T10:00:00+08:00,step-by-step-brochure-without-photoshop,https://www.lovart.ai/blog/step-by-step-brochure-without-photoshop,Refresh if query intent is relevant; preserve URL; improve sections tied to visible queries.
B_indexed_or_visible_refresh,484.88,how-to-turn-photo-into-anime-cartoon-ai,"How to Turn Your Photo into Anime, Cartoon & Disney Style with AI",2,436,0.46,11.52,,,,11792,84,False,True,2026-04-03T10:00:00+08:00,how-to-turn-photo-into-anime-cartoon-ai,https://www.lovart.ai/blog/how-to-turn-photo-into-anime-cartoon-ai,Refresh if query intent is relevant; preserve URL; improve sections tied to visible queries.
B_indexed_or_visible_refresh,484.56,lovart-digest-june-2026-week3,Lovart Digest June 2026 Week3: A Practical Lovart Workflow Guide,0,182,0.0,6.12,,,,8942,63,False,True,2026-04-11T10:00:00+08:00,lovart-digest-june-2026-week3,https://www.lovart.ai/blog/lovart-digest-june-2026-week3,Refresh if query intent is relevant; preserve URL; improve sections tied to visible queries.
B_indexed_or_visible_refresh,484.32,ai-photo-restoration-2026,AI Photo Restoration 2026: A Practical Lovart Workflow Guide,0,179,0.0,12.85,ai photo restoration techniques 2026,14.25,ai photo restoration techniques 2026 (0c/8i/pos 14.2) | ai image restoration techniques 2026 (0c/7i/pos 14.6) | advanced photo restoration techniques ai 2026 (0c/5i/pos 16.6) | photo restoration ai 2026 (0c/5i/pos 8.0) | advanced photo restoration tools 2026 (0c/3i/pos 17.0),8922,63,False,True,2026-01-13T10:00:00+08:00,b53025c4-4679-4f38-8cf8-9f6f0c66848d,https://www.lovart.ai/blog/ai-photo-restoration-2026,Refresh if query intent is relevant; preserve URL; improve sections tied to visible queries.
B_indexed_or_visible_refresh,483.92,opening-hook,Opening Hook: Why AI Design Matters for Modern Creators,0,174,0.0,4.28,,,,8907,62,False,True,2025-12-21T10:00:00+08:00,opening-hook,https://www.lovart.ai/blog/opening-hook,Refresh if query intent is relevant; preserve URL; improve sections tied to visible queries.
B_indexed_or_visible_refresh,482.8,how-to-design-posters-ai-guide,How To Design Posters AI Guide: A Practical Lovart Workflow Guide,0,160,0.0,9.6,ai posters,52.5,ai posters (0c/2i/pos 52.5) | ai poster size (0c/1i/pos 2.0) | how to make ai generated posters (0c/1i/pos 19.0) | making poster with ai (0c/1i/pos 61.0) | xxx (0c/1i/pos 8.0),8947,63,False,True,2025-12-28T10:00:00+08:00,how-to-design-posters-ai-guide,https://www.lovart.ai/blog/how-to-design-posters-ai-guide,Refresh if query intent is relevant; preserve URL; improve sections tied to visible queries.
B_indexed_or_visible_refresh,482.72,insight-2027-ai-design-year-review,Insight 2027 AI Design Year Review: A Practical Lovart Workflow Guide,0,159,0.0,6.68,,,,8967,63,False,True,2026-05-05T10:00:00+08:00,insight-2027-ai-design-year-review,https://www.lovart.ai/blog/insight-2027-ai-design-year-review,Refresh if query intent is relevant; preserve URL; improve sections tied to visible queries.
B_indexed_or_visible_refresh,482.64,how-to-make-movie-poster-ai,How to Make a Movie Poster with AI — Cinematic Designs That Look Professional,0,158,0.0,9.27,,,,8551,51,False,True,2026-03-16T10:00:00+08:00,how-to-make-movie-poster-ai,https://www.lovart.ai/blog/how-to-make-movie-poster-ai,Refresh if query intent is relevant; preserve URL; improve sections tied to visible queries.
B_indexed_or_visible_refresh,482.32,ai-design-tools-comparison-2026-complete,"Best AI Design Tools 2026: Complete Comparison, Pricing & Best Picks | Lovart",0,154,0.0,13.55,"""free ai api"" or ""free llm api"" or ""free tier ai""",4.5,"""free ai api"" or ""free llm api"" or ""free tier ai"" (0c/4i/pos 4.5) | ""ai design"" -site:reddit.com -site:twitter.com -site:x.com -site:wykop.pl -site:tripadvisor.com -site:youtube.com -site:yelp.com -site:booking.com -site:facebook.com -site:instagram.com -site:tiktok.com (0c/2i/pos 2.0) | ""lovart"" -site:reddit.com -site:twitter.com -site:x.com -site:wykop.pl -site:tripadvisor.com -site:youtube.com -site:yelp.com -site:booking.com -site:facebook.com -site:instagram.com -site:tiktok.com (0c/2i/pos 4.0) | ai design tools news 2026 (0c/2i/pos 3.0) | ai design tools comparison 2026 (0c/1i/pos 10.0)",7053,44,,True,2025-09-13T10:00:00+08:00,bd-ai-design-tools-comparison-2026-complete,https://www.lovart.ai/blog/ai-design-tools-comparison-2026-complete,Refresh if query intent is relevant; preserve URL; improve sections tied to visible queries.
B_indexed_or_visible_refresh,482.08,midjourney-character-reference-vs-lovart-nano-banana-consistency-test,Lovart AI: Midjourney Character Reference Vs Lovart Nano Banana Consistency Test | Tested 2026,0,651,0.0,13.96,,,,10586,34,False,True,2025-12-15T10:00:00+08:00,midjourney-character-reference-vs-lovart-nano-banana-consistency,https://www.lovart.ai/blog/midjourney-character-reference-vs-lovart-nano-banana-consistency-test,Refresh if query intent is relevant; preserve URL; improve sections tied to visible queries.
B_indexed_or_visible_refresh,482.08,03-cluster-ai-lip-sync,Faceswap Ai: AI-Powered Solution 2026,3,276,1.09,14.01,ai mode,4.0,ai mode (0c/1i/pos 4.0) | lip speak (0c/1i/pos 22.0),11273,113,False,True,2026-05-15T10:00:00+08:00,03-cluster-ai-lip-sync,https://www.lovart.ai/blog/03-cluster-ai-lip-sync,Refresh if query intent is relevant; preserve URL; improve sections tied to visible queries.
B_indexed_or_visible_refresh,482.0,ai-design-for-linkedin-personal-branding,AI Design For Linkedin Personal Branding: A Practical Lovart Workflow Guide,0,150,0.0,9.2,lovart.ai careers after:2026-04-13,7.83,lovart.ai careers after:2026-04-13 (0c/6i/pos 7.8) | lovart ai careers after:2026-04-13 (0c/5i/pos 6.6) | lovart ai linkedin jobs after:2026-04-13 (0c/2i/pos 3.5) | personal branding with ai slides (0c/2i/pos 40.5),8997,63,False,True,2025-11-10T10:00:00+08:00,ai-design-for-linkedin-personal-branding,https://www.lovart.ai/blog/ai-design-for-linkedin-personal-branding,Refresh if query intent is relevant; preserve URL; improve sections tied to visible queries.
B_indexed_or_visible_refresh,481.92,01-cluster-image-to-video,Image to Video: Transform Photos into Cinematic Motion,0,149,0.0,13.34,video image altervista,160.5,video image altervista (0c/4i/pos 160.5) | static image video (0c/1i/pos 15.0),8814,81,False,True,2025-11-18T10:00:00+08:00,01-cluster-image-to-video,https://www.lovart.ai/blog/01-cluster-image-to-video,Refresh if query intent is relevant; preserve URL; improve sections tied to visible queries.
B_indexed_or_visible_refresh,481.12,step-by-step-google-ads-without-photoshop,Step-by-Step Google Ads Without Photoshop: Design Display and Discovery Ad Creative,0,139,0.0,11.26,,,,7725,33,False,True,2025-09-29T10:00:00+08:00,step-by-step-google-ads-without-photoshop,https://www.lovart.ai/blog/step-by-step-google-ads-without-photoshop,Refresh if query intent is relevant; preserve URL; improve sections tied to visible queries.
B_indexed_or_visible_refresh,480.96,how-to-chat-generate-ai-effects-lovart,How To Chat Generate AI Effects Lovart: A Practical Lovart Workflow Guide,0,137,0.0,9.52,0d0d1a,7.0,0d0d1a (0c/4i/pos 7.0) | chatgpt photo editing prompts for boy (0c/3i/pos 2.3) | #0d0d1a (0c/2i/pos 10.5) | #f5d76e (0c/1i/pos 12.0) | #ff2a6d (0c/1i/pos 6.0),8987,63,False,True,2026-02-01T10:00:00+08:00,how-to-chat-generate-ai-effects-lovart,https://www.lovart.ai/blog/how-to-chat-generate-ai-effects-lovart,Refresh if query intent is relevant; preserve URL; improve sections tied to visible queries.
B_indexed_or_visible_refresh,480.8,ai-design-tools-batch-generation-2026,AI Design Tools Batch Generation 2026: A Practical Lovart Workflow Guide,0,135,0.0,9.0,batch generation,7.33,batch generation (0c/3i/pos 7.3) | site:lovart.ai api lovart (0c/2i/pos 9.0),8982,63,False,True,2026-05-01T10:00:00+08:00,bd-ai-design-tools-batch-generation-2026,https://www.lovart.ai/blog/ai-design-tools-batch-generation-2026,Refresh if query intent is relevant; preserve URL; improve sections tied to visible queries.
B_indexed_or_visible_refresh,480.72,design-trends-2027,Design Trends 2027: A Practical Lovart Workflow Guide,8,384,2.08,8.79,graphic design trends 2027,4.46,graphic design trends 2027 (3c/37i/pos 4.5) | lovart ai updates february 2026 (0c/32i/pos 8.2) | 2027 graphic design trends (0c/19i/pos 1.7) | graphic design trend 2027 (0c/3i/pos 4.0) | graphic design trends for 2027 (0c/2i/pos 1.0),8887,63,False,True,2025-12-21T10:00:00+08:00,design-trends-2027,https://www.lovart.ai/blog/design-trends-2027,Refresh if query intent is relevant; preserve URL; improve sections tied to visible queries.
B_indexed_or_visible_refresh,480.08,hailuo-ai-review-2025-cinematic-video-generation-tested-hands-on,Hailuo AI Review 2026: Cinematic Video Generation Tested Hands-On,1,501,0.2,15.22,chinese free video generator ai,1.0,chinese free video generator ai (1c/1i/pos 1.0) | hailuo ai video generation official 2026 (0c/11i/pos 9.7) | hailuo ai review (0c/9i/pos 1.8) | hailuo ai video generator official 2026 (0c/6i/pos 9.8) | hailuo ai free tier 2026 (0c/5i/pos 9.4),10004,143,False,True,2025-11-01T10:00:00+08:00,hailuo-ai-review-2025-cinematic-video-generation-tested-hands-on,https://www.lovart.ai/blog/hailuo-ai-review-2025-cinematic-video-generation-tested-hands-on,Refresh if query intent is relevant; preserve URL; improve sections tied to visible queries.
B_indexed_or_visible_refresh,479.84,01-pillar-ai-brand-design-playbook,Ai Design: AI-Powered Solution 2026,2,373,0.54,8.79,how to create brand assets,1.0,how to create brand assets (1c/1i/pos 1.0) | ai brand book (0c/1i/pos 64.0) | ai design playbook (0c/1i/pos 8.0) | lovart icon (0c/1i/pos 10.0),18191,189,False,True,2026-04-28T10:00:00+08:00,01-pillar-ai-brand-design-playbook,https://www.lovart.ai/blog/01-pillar-ai-brand-design-playbook,Refresh if query intent is relevant; preserve URL; improve sections tied to visible queries.
B_indexed_or_visible_refresh,479.84,lovart-make-no-code-automation,Lovart Make No Code Automation: A Practical Lovart Workflow Guide,0,123,0.0,6.46,,,,8947,63,False,True,2025-04-30T14:02:00+08:00,stack-make-lovart,https://www.lovart.ai/blog/lovart-make-no-code-automation,Refresh if query intent is relevant; preserve URL; improve sections tied to visible queries.
B_indexed_or_visible_refresh,479.44,step-by-step-fb-ads-without-photoshop,Step By Step Fb Ads Without Photoshop: A Practical Lovart Workflow Guide,0,118,0.0,8.49,,,,8982,63,False,True,2026-05-10T10:00:00+08:00,step-by-step-fb-ads-without-photoshop,https://www.lovart.ai/blog/step-by-step-fb-ads-without-photoshop,Refresh if query intent is relevant; preserve URL; improve sections tied to visible queries.
B_indexed_or_visible_refresh,479.36,veo-ai-free-vs-lovart,Veo AI Free vs Lovart: Compare the Workflow Before You Choose,3,242,1.24,7.66,veoaifree,10.4,veoaifree (2c/60i/pos 10.4),9998,69,False,True,2026-05-02T10:00:00+08:00,y2MFYERGQO0IvWXX54vKrS,https://www.lovart.ai/blog/veo-ai-free-vs-lovart,Refresh if query intent is relevant; preserve URL; improve sections tied to visible queries.
B_indexed_or_visible_refresh,479.2,b32-ai-logo-maker-comparison-bing,B32 AI Logo Maker Comparison Bing: Create Better Visuals From a Clear Brief,0,115,0.0,11.1,compare logo maker tools and services with a focus on how canva's logo maker compares to other available options in the market.,1.88,"compare logo maker tools and services with a focus on how canva's logo maker compares to other available options in the market. (0c/16i/pos 1.9) | what are the latest online logo maker tools and how do they compare to each other? (0c/4i/pos 6.0) | what are the current trends in logo maker tools and how do they compare to each other? (0c/1i/pos 1.0) | worin unterscheiden sich die verschiedenen online-logo-generatoren und wie schneiden sie im vergleich hinsichtlich funktionen, preisgestaltung und benutzerfreundlichkeit ab? (0c/1i/pos 1.0)",8982,63,False,True,2026-05-02T10:00:00+08:00,b32-ai-logo-maker-comparison-bing,https://www.lovart.ai/blog/b32-ai-logo-maker-comparison-bing,Refresh if query intent is relevant; preserve URL; improve sections tied to visible queries.
B_indexed_or_visible_refresh,479.2,step-by-step-price-lists-without-photoshop,Step-by-Step Price Lists Without Photoshop: Design Professional Pricing Sheets with Lovart,0,115,0.0,9.79,,,,8396,33,False,True,2026-02-18T10:00:00+08:00,step-by-step-price-lists-without-photoshop,https://www.lovart.ai/blog/step-by-step-price-lists-without-photoshop,Refresh if query intent is relevant; preserve URL; improve sections tied to visible queries.
B_indexed_or_visible_refresh,478.96,ai-design-ecommerce-stores,AI Design Ecommerce Stores: A Practical Lovart Workflow Guide,0,112,0.0,15.59,,,,8927,63,False,True,2026-03-24T10:00:00+08:00,ai-design-ecommerce-stores,https://www.lovart.ai/blog/ai-design-ecommerce-stores,Refresh if query intent is relevant; preserve URL; improve sections tied to visible queries.
B_indexed_or_visible_refresh,478.8,best-ai-design-agent-for-amazon-seller,"Best AI Design Agent for Amazon Sellers: White Background Main Images, Lifestyle Shots & A+ Modules by Lovart",0,110,0.0,17.86,,,,7844,55,False,True,2026-04-07T10:00:00+08:00,best-ai-design-agent-for-amazon-seller,https://www.lovart.ai/blog/best-ai-design-agent-for-amazon-seller,Refresh if query intent is relevant; preserve URL; improve sections tied to visible queries.
B_indexed_or_visible_refresh,478.64,best-ai-tools-for-ecommerce-2026,Best AI Tools For Ecommerce 2026: A Practical Lovart Workflow Guide,0,108,0.0,18.33,best ai tools for e-commerce businesses in 2026,50.33,"best ai tools for e-commerce businesses in 2026 (0c/3i/pos 50.3) | ""lovart"" -site:reddit.com -site:twitter.com -site:x.com -site:wykop.pl -site:tripadvisor.com -site:youtube.com -site:yelp.com -site:booking.com -site:facebook.com -site:instagram.com -site:tiktok.com (0c/2i/pos 2.0) | ai ecommerce电商设计 2026 (0c/1i/pos 8.0) | ai in ecommerce 2026 (0c/1i/pos 10.0) | ai tools for ecommerce sellers 2026 (0c/1i/pos 10.0)",8957,63,False,True,2025-10-08T10:00:00+08:00,bp-best-ai-tools-for-ecommerce-2026,https://www.lovart.ai/blog/best-ai-tools-for-ecommerce-2026,Refresh if query intent is relevant; preserve URL; improve sections tied to visible queries.
B_indexed_or_visible_refresh,476.72,how-to-create-editable-designs-ai-no-photoshop,How To Create Editable Designs AI No Photoshop: A Practical Lovart Workflow Guide,1,459,0.22,5.65,reemplazo de photoshop,1.0,reemplazo de photoshop (0c/2i/pos 1.0) | free editing (0c/1i/pos 8.0) | free photoshop alternative (0c/1i/pos 1.0) | how to edit an ai generated image (0c/1i/pos 1.0) | psd photoshop (0c/1i/pos 3.0),9027,63,False,True,2025-10-25T10:00:00+08:00,how-to-create-editable-designs-ai-no-photoshop,https://www.lovart.ai/blog/how-to-create-editable-designs-ai-no-photoshop,Refresh if query intent is relevant; preserve URL; improve sections tied to visible queries.
B_indexed_or_visible_refresh,475.84,how-to-create-posters-banners-flyers-ai,"How to Create Posters, Banners & Flyers with AI — Design Like a Pro Without Skills",1,448,0.22,10.0,how to design a branded poster with ai in under 30 seconds?,4.85,"how to design a branded poster with ai in under 30 seconds? (0c/20i/pos 4.8) | ""menu design"" ""my banner"" (0c/1i/pos 12.0) | ai poster banner (0c/1i/pos 10.0) | pode fazer (0c/1i/pos 8.0)",13134,57,False,True,2026-01-25T10:00:00+08:00,how-to-create-posters-banners-flyers-ai,https://www.lovart.ai/blog/how-to-create-posters-banners-flyers-ai,Refresh if query intent is relevant; preserve URL; improve sections tied to visible queries.
B_indexed_or_visible_refresh,475.04,photo-to-anime-tools-compared,Photo-to-Anime Tools Compared: ToonMe vs AnimeGAN vs Lovart — Best Cartoon Transformation,2,313,0.64,10.9,,,,10729,63,False,True,2025-10-12T10:00:00+08:00,photo-to-anime-tools-compared,https://www.lovart.ai/blog/photo-to-anime-tools-compared,Refresh if query intent is relevant; preserve URL; improve sections tied to visible queries.
B_indexed_or_visible_refresh,474.96,s10-ai-design-agent-vs-image-generator,AI Design Agent vs AI Image Generator — What's the Real Difference?,0,562,0.0,10.0,,,,13717,95,False,True,2026-01-24T10:00:00+08:00,s10-ai-design-agent-vs-image-generator,https://www.lovart.ai/blog/s10-ai-design-agent-vs-image-generator,Refresh if query intent is relevant; preserve URL; improve sections tied to visible queries.
B_indexed_or_visible_refresh,474.8,ultimate-guide-ai-design-agent-canvas-for-creators-business,Ultimate Guide AI Design Agent Canvas For Creators Business: A Practical Lovart Workflow Guide,0,560,0.0,5.79,,,,9092,63,False,True,2025-11-20T10:00:00+08:00,ultimate-guide-ai-design-agent-canvas-for-creators-business,https://www.lovart.ai/blog/ultimate-guide-ai-design-agent-canvas-for-creators-business,Refresh if query intent is relevant; preserve URL; improve sections tied to visible queries.
B_indexed_or_visible_refresh,474.24,complete-guide-photo-sharpening-enhancement-ai,Complete Guide Photo Sharpening Enhancement AI: A Practical Lovart Workflow Guide,2,303,0.66,13.53,ai image sharpening techniques 2025 2026,18.0,ai image sharpening techniques 2025 2026 (0c/2i/pos 18.0),9027,63,False,True,2026-03-31T10:00:00+08:00,complete-guide-photo-sharpening-enhancement-ai,https://www.lovart.ai/blog/complete-guide-photo-sharpening-enhancement-ai,Refresh if query intent is relevant; preserve URL; improve sections tied to visible queries.
B_indexed_or_visible_refresh,474.16,04-midjourney-vs-lovart,Midjourney vs Lovart: Which AI Image Tool Wins in 2026?,3,177,1.69,6.42,midjourney vs yuptees,10.1,midjourney vs yuptees (0c/20i/pos 10.1) | lovart midjourney (0c/4i/pos 6.5),13110,104,False,True,2025-11-11T10:00:00+08:00,04-midjourney-vs-lovart,https://www.lovart.ai/blog/04-midjourney-vs-lovart,Refresh if query intent is relevant; preserve URL; improve sections tied to visible queries.
B_indexed_or_visible_refresh,473.6,ai-design-for-healthcare-patient-materials-2026,AI Design For Healthcare Patient Materials 2026: A Practical Lovart Workflow Guide,3,170,1.76,12.14,,,,9032,63,False,True,2026-05-12T10:00:00+08:00,ai-design-for-healthcare-patient-materials-2026,https://www.lovart.ai/blog/ai-design-for-healthcare-patient-materials-2026,Refresh if query intent is relevant; preserve URL; improve sections tied to visible queries.
B_indexed_or_visible_refresh,473.36,s18-nano-banana-free-access-guide,Nano Banana Free: How to Access Lovart's AI Image Model at No Cost,1,417,0.24,11.06,,,,9398,81,False,True,2026-03-07T10:00:00+08:00,s18-nano-banana-free-access-guide,https://www.lovart.ai/blog/s18-nano-banana-free-access-guide,Refresh if query intent is relevant; preserve URL; improve sections tied to visible queries.
B_indexed_or_visible_refresh,473.28,the-best-ai-agent-driven-canvas-for-dtc-founder-with-lovart-all-in-one-design-agent,The Best AI Agent Driven Canvas For DTC Founder with Lovart All-in-One Design Agent,1,416,0.24,8.82,,,,13707,62,False,True,2026-04-10T10:00:00+08:00,the-best-ai-agent-driven-canvas-for-dtc-founder-with-lovart-all-,https://www.lovart.ai/blog/the-best-ai-agent-driven-canvas-for-dtc-founder-with-lovart-all-in-one-design-agent,Refresh if query intent is relevant; preserve URL; improve sections tied to visible queries.
B_indexed_or_visible_refresh,472.64,brand-kit-restaurant-lovart,Brand Kit for Restaurant Lovart: Build a Visual System With AI,1,408,0.25,13.42,#d4a843,10.56,#d4a843 (0c/9i/pos 10.6) | restaurant branding package (0c/7i/pos 57.3) | restaurant branding and review system (0c/5i/pos 39.6) | d4a843 (0c/1i/pos 19.0),9075,63,False,True,2025-12-28T10:00:00+08:00,brand-kit-restaurant-lovart,https://www.lovart.ai/blog/brand-kit-restaurant-lovart,Refresh if query intent is relevant; preserve URL; improve sections tied to visible queries.
B_indexed_or_visible_refresh,472.08,03-industry-beauty-salon-branding,Beauty Salon Branding: From Logo to Instagram Aesthetic — A Complete Visual System,2,276,0.72,11.31,beauty salon instagram branding,4.0,beauty salon instagram branding (1c/1i/pos 4.0) | beauty salon branding (0c/38i/pos 11.5) | branding beauty salon (0c/3i/pos 12.0) | what are the best practices for creating professional and trustworthy instagram highlight covers that enhance brand credibility and customer confidence? (0c/3i/pos 14.3) | aesthetic (0c/1i/pos 13.0),11753,110,False,True,2026-04-15T10:00:00+08:00,03-industry-beauty-salon-branding,https://www.lovart.ai/blog/03-industry-beauty-salon-branding,Refresh if query intent is relevant; preserve URL; improve sections tied to visible queries.
B_indexed_or_visible_refresh,471.92,b37-ai-animation-tools-comparison-bing,AI Animation Tools Comparison: Best for Beginners & Professionals,0,524,0.0,19.28,ai animation tool market,14.66,"ai animation tool market (0c/47i/pos 14.7) | what are the best and best free ai animation tools for beginners and how do their prices compare (0c/25i/pos 8.9) | what are the best ai tools for creating cartoon videos and how do they compare (features, ease of use, pricing) (0c/17i/pos 7.0) | what are the best ai animation tools and services, which ones are free, and which are best for beginners versus professional use? (0c/12i/pos 9.3) | what are the best free ai animation generators available and how do they compare to each other in terms of features and functionality? (0c/5i/pos 7.0)",14973,105,False,True,2025-11-16T10:00:00+08:00,b37-ai-animation-tools-comparison-bing,https://www.lovart.ai/blog/b37-ai-animation-tools-comparison-bing,Refresh if query intent is relevant; preserve URL; improve sections tied to visible queries.
B_indexed_or_visible_refresh,470.24,s29---how-lovart-ai-works-behind-scenes,Behind the Scenes: How Lovart's AI Actually Works (A Non-Technical Guide),2,253,0.79,6.45,,,,12755,88,False,True,2025-09-15T10:00:00+08:00,s29---how-lovart-ai-works-behind-scenes,https://www.lovart.ai/blog/s29---how-lovart-ai-works-behind-scenes,Refresh if query intent is relevant; preserve URL; improve sections tied to visible queries.
B_indexed_or_visible_refresh,469.2,complete-guide-restaurant-cafe-branding-ai,The 2026 Complete Guide to AI Restaurant & Cafe Branding Design,2,240,0.83,18.25,ai restaurant design,40.76,ai restaurant design (0c/45i/pos 40.8) | ai generated restaurant description (0c/11i/pos 17.1) | ai design restaurant (0c/10i/pos 44.4) | ai for restaurant design (0c/7i/pos 50.0) | restaurant design ai (0c/3i/pos 9.0),44415,210,False,True,2025-12-17T10:00:00+08:00,complete-guide-restaurant-cafe-branding-ai,https://www.lovart.ai/blog/complete-guide-restaurant-cafe-branding-ai,Refresh if query intent is relevant; preserve URL; improve sections tied to visible queries.
B_indexed_or_visible_refresh,468.8,brand-kit-restaurant-cafe-lovart,"How to Create a Brand Kit for Your Restaurant or Cafe — Colors, Fonts & Templates",2,235,0.85,9.43,design logo,1.0,design logo (1c/1i/pos 1.0) | restaurant branding package (0c/8i/pos 38.8) | best color plates for food (0c/1i/pos 1.0) | branding pictures (0c/1i/pos 13.0) | fonts for menu (0c/1i/pos 14.0),11524,77,False,True,2026-04-01T10:00:00+08:00,brand-kit-restaurant-cafe-lovart,https://www.lovart.ai/blog/brand-kit-restaurant-cafe-lovart,Refresh if query intent is relevant; preserve URL; improve sections tied to visible queries.
B_indexed_or_visible_refresh,468.32,flora-ai-vs-lovart,Flora AI vs Lovart: Infinite Canvas vs AI Design Agent in 2026,0,479,0.0,8.32,lovart ai design agent infinite canvas official,7.04,lovart ai design agent infinite canvas official (0c/23i/pos 7.0) | lovart ai design agent infinite canvas (0c/17i/pos 8.9) | lovart canvas (0c/7i/pos 5.9) | flora ai alternatives (0c/5i/pos 16.8) | flora ai alternative (0c/3i/pos 16.3),9014,64,,True,2025-12-19T10:00:00+08:00,blog-flora-ai-vs-lovart-en,https://www.lovart.ai/blog/flora-ai-vs-lovart,Refresh if query intent is relevant; preserve URL; improve sections tied to visible queries.
B_indexed_or_visible_refresh,467.68,s17-sora-vs-veo-vs-kling-vs-lovart,Best AI Video Tools Compared: Sora 2 vs Veo 3 vs Kling vs Lovart (2026),1,346,0.29,12.84,,,,13947,118,False,True,2025-12-25T10:00:00+08:00,s17-sora-vs-veo-vs-kling-vs-lovart,https://www.lovart.ai/blog/s17-sora-vs-veo-vs-kling-vs-lovart,Refresh if query intent is relevant; preserve URL; improve sections tied to visible queries.
B_indexed_or_visible_refresh,467.04,how-to-create-professional-posters,Lovart AI Design Agent: Key Takeaways & Summary,0,463,0.0,10.31,design is easier with lovart,1.0,design is easier with lovart (0c/9i/pos 1.0) | site:lovart.ai lovart ai design agent official (0c/7i/pos 10.0) | (lovart.ai what does it sell site:lovart.ai) site:www.lovart.ai (0c/6i/pos 6.7) | how to use lovart.ai (0c/4i/pos 26.0) | loveart موقع (0c/4i/pos 1.0),9827,65,False,True,2026-05-17T10:00:00+08:00,how-to-create-professional-posters,https://www.lovart.ai/blog/how-to-create-professional-posters,Refresh if query intent is relevant; preserve URL; improve sections tied to visible queries.
B_indexed_or_visible_refresh,466.4,the-best-ai-agent-driven-canvas-for-makeup-studio-with-lovart-all-in-one-design-agent,The Best AI Agent Driven Canvas For Makeup Studio with Lovart All-in-One Design Agent,1,330,0.3,12.75,,,,13652,59,False,True,2026-05-01T10:00:00+08:00,the-best-ai-agent-driven-canvas-for-makeup-studio-with-lovart-al,https://www.lovart.ai/blog/the-best-ai-agent-driven-canvas-for-makeup-studio-with-lovart-all-in-one-design-agent,Refresh if query intent is relevant; preserve URL; improve sections tied to visible queries.
B_indexed_or_visible_refresh,466.16,deevid-ai-alternative,Deevid AI Alternative: When to Use a Design Agent Instead,11,327,3.36,7.83,deevid ai alternative,6.03,deevid ai alternative (2c/34i/pos 6.0) | deevid ai alternative free (1c/5i/pos 7.8) | lovart ai deevid (1c/3i/pos 3.0) | deevid alternative (0c/19i/pos 7.7) | deevid ai alternatives (0c/6i/pos 8.7),10071,69,False,True,2025-09-16T10:00:00+08:00,o6YkSZCNskGrZicahtE6ng,https://www.lovart.ai/blog/deevid-ai-alternative,Refresh if query intent is relevant; preserve URL; improve sections tied to visible queries.
B_indexed_or_visible_refresh,466.08,ai-audio-branding-sonic-identity-guide-2026,AI Audio Branding — How to Create a Sonic Identity for Your Brand,9,1201,0.75,28.46,audit sonic identity,49.02,audit sonic identity (0c/165i/pos 49.0) | sonic branding glossary (0c/153i/pos 64.9) | how to create a sonic identity (0c/145i/pos 15.1) | audit sonic branding (0c/136i/pos 52.0) | audio identity (0c/53i/pos 40.5),11355,100,False,True,2026-04-20T10:00:00+08:00,ai-audio-branding-sonic-identity-guide-2026,https://www.lovart.ai/blog/ai-audio-branding-sonic-identity-guide-2026,Refresh if query intent is relevant; preserve URL; improve sections tied to visible queries.
B_indexed_or_visible_refresh,465.84,ai-design-freelance-pricing-guide-2026,AI Design Freelance Pricing Guide — How to Charge When You're 10x Faster,2,198,1.01,9.2,typical pricing for ai branding services freelance india,11.14,typical pricing for ai branding services freelance india (0c/7i/pos 11.1) | 2d illustrator freelancer hire cost (0c/3i/pos 45.0) | lovart pricing (0c/3i/pos 1.0) | what is lovart's pricing plan for freelance designers? (0c/3i/pos 5.3) | 3d illustrator freelancer hire cost (0c/2i/pos 41.0),15701,103,False,True,2026-04-01T10:00:00+08:00,ai-design-freelance-pricing-guide-2026,https://www.lovart.ai/blog/ai-design-freelance-pricing-guide-2026,Refresh if query intent is relevant; preserve URL; improve sections tied to visible queries.
B_indexed_or_visible_refresh,464.96,sso-saml-integration-guide-enterprise-2027,SSO and SAML Integration Guide for Enterprise Teams Using Lovart,0,437,0.0,5.84,,,,10356,79,False,True,2026-03-14T10:00:00+08:00,sso-saml-integration-guide-enterprise-2027,https://www.lovart.ai/blog/sso-saml-integration-guide-enterprise-2027,Refresh if query intent is relevant; preserve URL; improve sections tied to visible queries.
B_indexed_or_visible_refresh,464.96,getimg-ai-review,Getimg AI Review: A Deep Dive into This Versatile Image Generation Platform,2,187,1.07,13.95,getimg.ai,25.35,getimg.ai (1c/46i/pos 25.3) | getimg.ai review (0c/29i/pos 17.4) | getimg (0c/12i/pos 5.5) | getimg ai review (0c/4i/pos 14.0) | análise do getimg ai (0c/3i/pos 11.0),11359,113,False,True,2025-12-04T10:00:00+08:00,getimg-ai-review,https://www.lovart.ai/blog/getimg-ai-review,Refresh if query intent is relevant; preserve URL; improve sections tied to visible queries.
B_indexed_or_visible_refresh,464.32,ai-design-competitor-landscape-2027,AI Design Competitor Landscape 2026 — Who's Winning and Why,0,429,0.0,10.53,ai competition landscape 2026,4.0,ai competition landscape 2026 (0c/3i/pos 4.0) | ai industry competition landscape 2026 (0c/1i/pos 8.0) | ai landscape competitive 2025 2026 (0c/1i/pos 11.0) | ai landscape highly competitive 2025 2026 (0c/1i/pos 4.0) | ai model competition landscape 2026 (0c/1i/pos 10.0),13366,92,False,True,2025-10-12T10:00:00+08:00,ai-design-competitor-landscape-2027,https://www.lovart.ai/blog/ai-design-competitor-landscape-2027,Refresh if query intent is relevant; preserve URL; improve sections tied to visible queries.
B_indexed_or_visible_refresh,464.16,pika-alternatives,Best Pika Alternatives in 2026: A Creator's Honest Guide,1,302,0.33,12.14,,,,13120,178,False,True,2026-03-31T10:00:00+08:00,pika-alternatives,https://www.lovart.ai/blog/pika-alternatives,Refresh if query intent is relevant; preserve URL; improve sections tied to visible queries.
B_indexed_or_visible_refresh,464.08,the-keyword-gap,From AI Image Generator to Logo Design: How to Run an Entire Brand Campaign in One Place,0,426,0.0,8.47,,,,21607,91,False,True,2025-10-31T10:00:00+08:00,blog-keyword-gap-en,https://www.lovart.ai/blog/the-keyword-gap,Refresh if query intent is relevant; preserve URL; improve sections tied to visible queries.
B_indexed_or_visible_refresh,464.0,how-to-generate-ai-art-sketches-doodles-clipart,"How to Generate AI Art, Sketches, Doodles & Clipart — Your Visual Toolkit",1,300,0.33,15.71,,,,52238,247,False,True,2026-02-28T10:00:00+08:00,how-to-generate-ai-art-sketches-doodles-clipart,https://www.lovart.ai/blog/how-to-generate-ai-art-sketches-doodles-clipart,Refresh if query intent is relevant; preserve URL; improve sections tied to visible queries.
B_indexed_or_visible_refresh,463.84,01-pillar-ai-ecommerce-visuals,AI for E-Commerce: Visual Content That Converts (2026 Guide),1,298,0.34,9.7,impact of product page visuals in e-commerce in 2026 creative ai,20.89,impact of product page visuals in e-commerce in 2026 creative ai (0c/36i/pos 20.9) | ai visual commerce (0c/2i/pos 50.0),20750,190,False,True,2025-11-24T10:00:00+08:00,01-pillar-ai-ecommerce-visuals,https://www.lovart.ai/blog/01-pillar-ai-ecommerce-visuals,Refresh if query intent is relevant; preserve URL; improve sections tied to visible queries.
B_indexed_or_visible_refresh,463.2,lovart-psd-export-premiere-video-workflow,Lovart Psd Export Premiere Video Workflow: A Practical Lovart Workflow Guide,2,165,1.21,5.21,,,,9002,63,False,True,2026-01-08T10:00:00+08:00,stack-lovart-psd-premiere,https://www.lovart.ai/blog/lovart-psd-export-premiere-video-workflow,Refresh if query intent is relevant; preserve URL; improve sections tied to visible queries.
B_indexed_or_visible_refresh,463.12,ai-brand-design-tutorial,AI Brand Design Tutorial: A Practical Lovart Workflow Guide,7,289,2.42,4.95,lovart tutorial,2.0,lovart tutorial (3c/11i/pos 2.0) | lovart (0c/15i/pos 6.2) | how to use lovart (0c/6i/pos 2.5) | lovart ai tutorial (0c/6i/pos 2.0) | how to use lovart ai (0c/3i/pos 3.0),8917,63,False,True,2026-05-28T10:00:00+08:00,8c2323e8-977d-4a86-a256-0301dbc56e11,https://www.lovart.ai/blog/ai-brand-design-tutorial,Refresh if query intent is relevant; preserve URL; improve sections tied to visible queries.
B_indexed_or_visible_refresh,463.04,04-cluster-ai-logo-vs-human-designer,AI Logo Generator vs Human Designer: An Honest 2026 Comparison,2,163,1.23,10.52,ai vs human designers,38.33,ai vs human designers (0c/3i/pos 38.3) | ai logo vs real logo (0c/1i/pos 7.0) | ai vs human design (0c/1i/pos 52.0),13703,101,False,True,2026-01-23T10:00:00+08:00,04-cluster-ai-logo-vs-human-designer,https://www.lovart.ai/blog/04-cluster-ai-logo-vs-human-designer,Refresh if query intent is relevant; preserve URL; improve sections tied to visible queries.
B_indexed_or_visible_refresh,462.8,complete-guide-ai-background-wallpaper-pattern-design,"The 2026 Complete Guide to AI Background, Wallpaper & Pattern Design",1,285,0.35,8.85,what types of backgrounds can lovart generate?,4.39,what types of backgrounds can lovart generate? (0c/38i/pos 4.4) | ai background pattern (0c/7i/pos 10.1) | can i use lovart's background generator for social media? (0c/4i/pos 8.0) | how does generative wallpaper work to create custom ai-generated tv backgrounds? (0c/3i/pos 11.0),77426,414,False,True,2025-09-05T10:00:00+08:00,complete-guide-ai-background-wallpaper-pattern-design,https://www.lovart.ai/blog/complete-guide-ai-background-wallpaper-pattern-design,Refresh if query intent is relevant; preserve URL; improve sections tied to visible queries.
B_indexed_or_visible_refresh,462.24,how-to-create-instagram-posts-ai-design-agent-by-lovart,How To Create Instagram Posts AI Design Agent By Lovart: A Practical Lovart Workflow Guide,0,403,0.0,6.64,site:lovart.ai lovart ai design agent,7.33,site:lovart.ai lovart ai design agent (0c/36i/pos 7.3) | site:lovart.ai lovart ai design agent official (0c/32i/pos 6.5) | can i use lovart's background generator for social media? (0c/11i/pos 5.6),9072,63,False,True,2025-09-24T10:00:00+08:00,how-to-create-instagram-posts-ai-design-agent-by-lovart,https://www.lovart.ai/blog/how-to-create-instagram-posts-ai-design-agent-by-lovart,Refresh if query intent is relevant; preserve URL; improve sections tied to visible queries.
B_indexed_or_visible_refresh,462.24,ai-image-expander-tools-compared,AI Image Expander Tools Compared: Photoshop Generative Expand vs Runway vs Lovart,1,278,0.36,7.89,runway expand image,7.88,runway expand image (0c/8i/pos 7.9) | runway outpainting image expand tool (0c/6i/pos 7.2) | top ai generative expand software (0c/4i/pos 6.2) | evaluate the photo & imaging company adobe photoshop on ai expand photo (0c/3i/pos 10.7) | runway expand image outpainting official (0c/2i/pos 8.5),10934,62,False,True,2026-02-13T10:00:00+08:00,ai-image-expander-tools-compared,https://www.lovart.ai/blog/ai-image-expander-tools-compared,Refresh if query intent is relevant; preserve URL; improve sections tied to visible queries.
B_indexed_or_visible_refresh,460.88,raster-png-vs-vector-svg-when-to-use-which,Raster (PNG) vs. Vector (SVG): The Ultimate Guide for Modern Designers (and How Lovart.ai Masters Both),0,386,0.0,12.61,,,,11358,60,False,True,2025-12-06T10:00:00+08:00,raster-PNG-vs-vector-svg-when-to-use-which,https://www.lovart.ai/blog/raster-PNG-vs-vector-svg-when-to-use-which; https://www.lovart.ai/blog/raster-png-vs-vector-svg-when-to-use-which,Refresh if query intent is relevant; preserve URL; improve sections tied to visible queries.
B_indexed_or_visible_refresh,460.88,raster-png-vs-vector-svg-when-to-use-which,Raster Png vs Vector Svg When To Use Which: Compare the Workflow Before You Choose,0,386,0.0,12.61,,,,10145,69,False,True,2026-01-13T10:00:00+08:00,raster-png-vs-vector-svg-when-to-use-which,https://www.lovart.ai/blog/raster-PNG-vs-vector-svg-when-to-use-which; https://www.lovart.ai/blog/raster-png-vs-vector-svg-when-to-use-which,Refresh if query intent is relevant; preserve URL; improve sections tied to visible queries.
B_indexed_or_visible_refresh,459.68,crello-alternative,Crello Alternative: When to Use a Design Agent Instead,0,371,0.0,9.3,crello,8.16,crello (0c/256i/pos 8.2) | crello ai (0c/64i/pos 7.5) | crello vs canva (0c/8i/pos 26.6) | canva vs crello (0c/7i/pos 24.0) | crello design (0c/6i/pos 9.0),10050,69,False,True,2026-03-04T10:00:00+08:00,5OcAE57ZPh7ef83a6AOC9I,https://www.lovart.ai/blog/crello-alternative,Refresh if query intent is relevant; preserve URL; improve sections tied to visible queries.
B_indexed_or_visible_refresh,459.68,case-study-freelancer-ai-avatar-branding,How Freelancer Sofia Andersson Built a Personal Brand in 72 Hours — With AI Avatars That Landed Her 6 Retainer Clients,2,121,1.65,19.53,how can i use an ai art generator to create professional artwork for my business,26.0,how can i use an ai art generator to create professional artwork for my business (0c/1i/pos 26.0) | lovart revenue (0c/1i/pos 1.0),15113,90,False,True,2025-12-30T10:00:00+08:00,case-study-freelancer-ai-avatar-branding,https://www.lovart.ai/blog/case-study-freelancer-ai-avatar-branding,Refresh if query intent is relevant; preserve URL; improve sections tied to visible queries.
B_indexed_or_visible_refresh,459.6,03-cluster-character-consistency,The Hardest Problem in AI Design: Character Consistency Across Generations,1,245,0.41,12.81,stability character rendering,17.5,stability character rendering (0c/2i/pos 17.5) | consistent subject generation (0c/1i/pos 65.0) | high fidelity consistent character solution (0c/1i/pos 45.0) | subject consistency engine (0c/1i/pos 20.0) | what are the challenges in maintaining character consistency in ai image generation? (0c/1i/pos 11.0),9821,66,False,True,2025-11-14T10:00:00+08:00,03-cluster-character-consistency,https://www.lovart.ai/blog/03-cluster-character-consistency,Refresh if query intent is relevant; preserve URL; improve sections tied to visible queries.
B_indexed_or_visible_refresh,459.04,ai-design-2028-5-predictions-lovart-team,AI Design 2028: 5 Predictions from the Lovart Team,1,238,0.42,8.61,lovart team,3.19,lovart team (0c/16i/pos 3.2) | evaluate the generative ai company lovart on custom ai production pipelines for studios (0c/10i/pos 5.5) | lovart.ai careers after:2026-04-13 (0c/6i/pos 3.3) | lovart ai careers after:2026-04-13 (0c/4i/pos 3.2) | evaluate the generative ai company lovart on multi-model ai orchestration for creative work (0c/1i/pos 9.0),13670,87,False,True,2025-10-21T10:00:00+08:00,ai-design-2028-5-predictions-lovart-team,https://www.lovart.ai/blog/ai-design-2028-5-predictions-lovart-team,Refresh if query intent is relevant; preserve URL; improve sections tied to visible queries.
B_indexed_or_visible_refresh,458.88,how-to-use-ai-for-brand-refresh-rebrand,How to Use AI for a Brand Refresh — Complete Rebrand Without an Agency,2,111,1.8,8.2,,,,50081,200,False,True,2025-11-09T10:00:00+08:00,how-to-use-ai-for-brand-refresh-rebrand,https://www.lovart.ai/blog/how-to-use-ai-for-brand-refresh-rebrand,Refresh if query intent is relevant; preserve URL; improve sections tied to visible queries.
B_indexed_or_visible_refresh,458.72,brand-kit-hair-salon-lovart,Brand Kit for Hair Salon Lovart: Build a Visual System With AI,1,234,0.43,12.18,#c4a882,10.2,#c4a882 (0c/15i/pos 10.2) | #d4c5b9 (0c/5i/pos 10.6) | where to find private-label or custom color options for a salon’s brand? (0c/4i/pos 10.5) | how do salons decide which permanent color brand to add to their services? (0c/1i/pos 11.0) | yes (0c/1i/pos 5.0),9075,63,False,True,2026-04-27T10:00:00+08:00,brand-kit-hair-salon-lovart,https://www.lovart.ai/blog/brand-kit-hair-salon-lovart,Refresh if query intent is relevant; preserve URL; improve sections tied to visible queries.
B_indexed_or_visible_refresh,458.32,ai-product-mockup-generator,Smart Mockups: Instantly Place Your Designs into Real-World Contexts,1,229,0.44,10.49,smart mockups,10.25,smart mockups (1c/12i/pos 10.2) | smartmockups ai (0c/10i/pos 8.6) | smart mockup (0c/7i/pos 19.7) | lovart ai mockup generator (0c/3i/pos 7.0) | smart markups (0c/2i/pos 15.0),22320,54,False,True,2025-09-11T10:00:00+08:00,ai-product-mockup-generator,https://www.lovart.ai/blog/ai-product-mockup-generator,Refresh if query intent is relevant; preserve URL; improve sections tied to visible queries.
B_indexed_or_visible_refresh,458.16,best-ai-design-agent-for-esthetician,"Best AI Design Agent for Estheticians: Treatment Menus, Skincare Infographics & Medspa Visuals by Lovart",2,102,1.96,16.02,waxing consultation ai agent,29.29,waxing consultation ai agent (0c/14i/pos 29.3) | dermal filler consultation ai agent (0c/4i/pos 42.8) | aesthetic treatment consent ai agent (0c/1i/pos 98.0),17030,47,False,True,2025-10-21T10:00:00+08:00,best-ai-design-agent-for-esthetician,https://www.lovart.ai/blog/best-ai-design-agent-for-esthetician,Refresh if query intent is relevant; preserve URL; improve sections tied to visible queries.
B_indexed_or_visible_refresh,457.76,02-cluster-color-theory-ai,Color Theory Meets AI: How Lovart Builds Palettes That Actually Work,1,222,0.45,10.83,7. how does lovart's ai generator handle custom brand color palettes?,4.17,7. how does lovart's ai generator handle custom brand color palettes? (0c/24i/pos 4.2) | colo for ai (0c/2i/pos 49.5) | color theory ai (0c/1i/pos 9.0) | triadic color scheme examples (0c/1i/pos 1.0),12828,63,False,True,2026-02-08T10:00:00+08:00,02-cluster-color-theory-ai,https://www.lovart.ai/blog/02-cluster-color-theory-ai,Refresh if query intent is relevant; preserve URL; improve sections tied to visible queries.
B_indexed_or_visible_refresh,457.68,how-to-chat-generate-3d-character-lovart,"How to Chat-Generate 3D Characters with Lovart — Mascots, Avatars, and Brand Personas",0,346,0.0,10.4,"""intentionally designed"" ""different art styles"" characters",9.2,"""intentionally designed"" ""different art styles"" characters (0c/110i/pos 9.2) | ""intentionally designed"" ""different art styles"" characters game (0c/43i/pos 7.5) | ""intentionally designed"" characters ""different art styles"" (0c/30i/pos 7.4) | ""intentionally designed"" characters ""different art styles"" game (0c/16i/pos 6.9) | ""intentionally"" ""different art styles"" characters ""character designer"" game (0c/1i/pos 11.0)",12853,65,False,True,2026-02-05T10:00:00+08:00,how-to-chat-generate-3d-character-lovart,https://www.lovart.ai/blog/how-to-chat-generate-3d-character-lovart,Refresh if query intent is relevant; preserve URL; improve sections tied to visible queries.
B_indexed_or_visible_refresh,457.6,playground-ai-alternative,Playground AI Alternative: When to Use a Design Agent Instead,1,220,0.45,17.76,,,,10099,69,False,True,2025-10-04T10:00:00+08:00,5OcAE57ZPh7ef83a6AO4pk,https://www.lovart.ai/blog/playground-ai-alternative,Refresh if query intent is relevant; preserve URL; improve sections tied to visible queries.
B_indexed_or_visible_refresh,457.44,visual-storytelling-carousel-post-images-flow-together,Visual Storytelling Carousel Post Images Flow Together: A Practical Lovart Workflow Guide,1,218,0.46,6.89,,,,9067,63,False,True,2025-10-03T10:00:00+08:00,visual-storytelling-carousel-post-images-flow-together,https://www.lovart.ai/blog/visual-storytelling-carousel-post-images-flow-together,Refresh if query intent is relevant; preserve URL; improve sections tied to visible queries.
B_indexed_or_visible_refresh,457.36,complete-guide-ai-art-platform-selection-2026,The 2026 Complete Guide to AI Art Platform Selection,0,342,0.0,15.98,,,,77452,421,False,True,2026-02-12T10:00:00+08:00,complete-guide-ai-art-platform-selection-2026,https://www.lovart.ai/blog/complete-guide-ai-art-platform-selection-2026,Refresh if query intent is relevant; preserve URL; improve sections tied to visible queries.
B_indexed_or_visible_refresh,457.36,complete-guide-ai-movie-poster-cinematic-design,Complete Guide AI Movie Poster Cinematic Design: A Practical Lovart Workflow Guide,0,342,0.0,11.11,most recommended ai for cinematic posters,27.32,"most recommended ai for cinematic posters (0c/25i/pos 27.3) | ""cinematic poster"" design guidelines (0c/2i/pos 3.0) | movie ai poster (0c/2i/pos 25.0) | for a movie (0c/1i/pos 2.0) | movie poster maker ai (0c/1i/pos 47.0)",9032,63,False,True,2026-01-17T10:00:00+08:00,complete-guide-ai-movie-poster-cinematic-design,https://www.lovart.ai/blog/complete-guide-ai-movie-poster-cinematic-design,Refresh if query intent is relevant; preserve URL; improve sections tied to visible queries.
B_indexed_or_visible_refresh,457.12,ai-video-models-compared-2026,AI Video Generator: 2026's Best Tools Tested & Ranked | Lovart,0,339,0.0,15.91,sora vs kling vs luma vs runway vs veo 2026 comparison,21.78,sora vs kling vs luma vs runway vs veo 2026 comparison (0c/9i/pos 21.8) | best ai video generator 2026 runway kling veo sora comparison (0c/2i/pos 8.5) | sora vs kling vs luma vs runway vs veo 2026 (0c/2i/pos 9.0) | best ai video generator 2026 runway sora veo kling comparison (0c/1i/pos 3.0) | best ai video generator 2026 veo 3 runway gen-4 kling sora comparison (0c/1i/pos 6.0),53134,235,False,True,2025-09-23T10:00:00+08:00,ai-video-models-compared-2026,https://www.lovart.ai/blog/ai-video-models-compared-2026,Refresh if query intent is relevant; preserve URL; improve sections tied to visible queries.
B_indexed_or_visible_refresh,457.04,haiper-ai-alternatives,Haiper Ai Alternative: When to Use a Design Agent Instead,1,213,0.47,13.23,haiper face,7.6,haiper face (0c/5i/pos 7.6) | lovart alternative (0c/3i/pos 71.3) | ai video generation apps (0c/2i/pos 1.0) | haiper ai (0c/2i/pos 5.5) | haiper.ai (0c/2i/pos 10.5),10071,69,False,True,2025-09-06T10:00:00+08:00,0843f43a-c6ce-42f3-87c1-3b75065e37ab,https://www.lovart.ai/blog/haiper-ai-alternatives,Refresh if query intent is relevant; preserve URL; improve sections tied to visible queries.
B_indexed_or_visible_refresh,456.72,b1-how-to-edit-videos-ai-complete-guide,How to Edit Videos with AI — The Complete Video Editing Guide for Beginners,1,209,0.48,14.39,ai video editor tutorial,44.21,ai video editor tutorial (0c/28i/pos 44.2) | introduction to ai video editing (0c/2i/pos 53.0) | ai video editing tips (0c/1i/pos 45.0) | ai video editing tutorial (0c/1i/pos 52.0) | ai video editing tutorial for beginners (0c/1i/pos 5.0),76429,361,False,True,2026-01-09T10:00:00+08:00,b1-how-to-edit-videos-ai-complete-guide,https://www.lovart.ai/blog/b1-how-to-edit-videos-ai-complete-guide,Refresh if query intent is relevant; preserve URL; improve sections tied to visible queries.
B_indexed_or_visible_refresh,455.44,why-ai-video-background-removal-is-a-game-changer,Why AI Video Background Removal is a Game-Changer,0,318,0.0,10.1,,,,14316,103,False,True,2026-03-28T10:00:00+08:00,why-ai-video-background-removal-is-a-game-changer,https://www.lovart.ai/blog/why-ai-video-background-removal-is-a-game-changer,Refresh if query intent is relevant; preserve URL; improve sections tied to visible queries.
B_indexed_or_visible_refresh,455.12,how-to-create-clipart-vectors-ai,How to Create Clipart & Vector Illustrations with AI — No Drawing Skills Needed,1,189,0.53,6.78,adobe illustrator,2.0,adobe illustrator (0c/1i/pos 2.0) | can gemini create vector images (0c/1i/pos 3.0) | develop clipart (0c/1i/pos 6.0) | establish clipart (0c/1i/pos 2.0) | how to make an image ai format (0c/1i/pos 9.0),9866,80,False,True,2026-03-22T10:00:00+08:00,how-to-create-clipart-vectors-ai,https://www.lovart.ai/blog/how-to-create-clipart-vectors-ai,Refresh if query intent is relevant; preserve URL; improve sections tied to visible queries.
B_indexed_or_visible_refresh,454.8,ai-sketch-tools-compared,AI Sketch Generators Compared: SketchAI vs DrawThings vs Lovart,1,185,0.54,12.07,what are the recent developments in ai sketch generator technology and how do different tools compare to each other?,2.77,what are the recent developments in ai sketch generator technology and how do different tools compare to each other? (0c/13i/pos 2.8) | what are the recent developments in online ai sketch generators and how do they compare to each other? (0c/7i/pos 1.0) | what are the differences between various digital photo to sketch ai tools and how do they compare in terms of features and performance? (0c/6i/pos 7.0) | quais são os desenvolvimentos recentes na tecnologia de geração de esboços por ia e como as diferentes ferramentas se comparam entre si? (0c/5i/pos 1.0) | what are the recent photo to sketch ai tools and how do they compare to each other? (0c/5i/pos 9.2),11443,72,False,True,2025-12-24T10:00:00+08:00,ai-sketch-tools-compared,https://www.lovart.ai/blog/ai-sketch-tools-compared,Refresh if query intent is relevant; preserve URL; improve sections tied to visible queries.
B_indexed_or_visible_refresh,454.64,pollo-ai-review-an-honest-look-at-this-all-in-one-ai-video-platform,Pollo AI Review An Honest Look At This All In One AI Video Platform: A Practical Lovart Workflow Guide,0,308,0.0,8.4,,,,9132,63,False,True,2025-09-15T10:00:00+08:00,44d55bb0-ec27-41ce-8a44-50baf5ace951,https://www.lovart.ai/blog/pollo-ai-review-an-honest-look-at-this-all-in-one-ai-video-platform,Refresh if query intent is relevant; preserve URL; improve sections tied to visible queries.
B_indexed_or_visible_refresh,454.64,adobe-firefly-review-2025-features-pricing-and-honest-hands-on-test,Adobe Firefly Review 2025 Features Pricing And Honest Hands On Test: A Practical Lovart Workflow Guide,0,308,0.0,8.89,adobe firefly pricing official 2026,9.46,adobe firefly pricing official 2026 (0c/39i/pos 9.5) | adobe firefly standalone subscription price 2026 (0c/28i/pos 8.2) | adobe firefly pricing 2026 (0c/11i/pos 9.8) | adobe firefly pricing 2026 official (0c/8i/pos 9.5) | evaluate the ai art technology company adobe on image editor_commercial_2026bfa (0c/8i/pos 6.0),9132,63,False,True,2025-10-07T10:00:00+08:00,adobe-firefly-review-2025-features-pricing-and-honest-hands-on-t,https://www.lovart.ai/blog/adobe-firefly-review-2025-features-pricing-and-honest-hands-on-test,Refresh if query intent is relevant; preserve URL; improve sections tied to visible queries.
B_indexed_or_visible_refresh,454.64,best-sora-alternatives-in-2025-7-ai-video-generators-compared,Best Sora Alternatives in 2026: 7 AI Video Generators Compared,0,308,0.0,14.32,sora alternatives,54.13,sora alternatives (0c/15i/pos 54.1) | runway ml kling ai luma dream machine sora alternatives 2026 (0c/8i/pos 5.1) | runway ml kling ai luma dream machine sora alternatives (0c/4i/pos 8.0) | alternatives to sora ai video generator (0c/3i/pos 1.0) | sora alternatives 2026 (0c/3i/pos 38.3),10688,206,False,True,2025-10-13T10:00:00+08:00,best-sora-alternatives-in-2025-7-ai-video-generators-compared,https://www.lovart.ai/blog/best-sora-alternatives-in-2025-7-ai-video-generators-compared,Refresh if query intent is relevant; preserve URL; improve sections tied to visible queries.
B_indexed_or_visible_refresh,454.48,05-best-practice-model-selection,Best Practice: Choosing the Right AI Model for Your Design Task,1,181,0.55,7.1,ai similar style recommendations,47.0,ai similar style recommendations (0c/2i/pos 47.0) | best consistent style rendering (0c/1i/pos 51.0) | lovart alternative (0c/1i/pos 100.0) | yes please (0c/1i/pos 8.0) | كيف (0c/1i/pos 3.0),10718,84,False,True,2025-11-29T10:00:00+08:00,05-best-practice-model-selection,https://www.lovart.ai/blog/05-best-practice-model-selection,Refresh if query intent is relevant; preserve URL; improve sections tied to visible queries.
B_indexed_or_visible_refresh,454.48,ai-image-generation-quality-benchmark-2026,AI Image Generation Quality Benchmark 2026: A Practical Lovart Workflow Guide,1,181,0.55,18.87,ai image generation benchmarks 2026,11.75,"ai image generation benchmarks 2026 (0c/4i/pos 11.8) | (""new ai model"" or ""frontier model"" or ""model release"" or benchmark) ai 2026 (0c/3i/pos 8.3) | ai image generation benchmark 2026 (0c/3i/pos 7.0) | image generation model benchmarks 2026 (0c/3i/pos 8.7) | ai image generator benchmarks 2026 (0c/2i/pos 20.0)",9007,63,False,True,2026-03-04T10:00:00+08:00,bd-ai-image-generation-quality-benchmark-2026,https://www.lovart.ai/blog/ai-image-generation-quality-benchmark-2026,Refresh if query intent is relevant; preserve URL; improve sections tied to visible queries.
B_indexed_or_visible_refresh,454.32,10-best-ai-design-tools-small-business-2026,Ai Powered Design Tools: AI-Powered Solution 2026,0,304,0.0,10.06,(lovart.ai what does it sell or promote site:lovart.ai) site:www.lovart.ai,8.0,"(lovart.ai what does it sell or promote site:lovart.ai) site:www.lovart.ai (0c/6i/pos 8.0) | ai design tools for small businesses (0c/5i/pos 29.4) | 디자인 경험이 전혀 없는데, 전문가 수준의 고품질 마케팅 자료를 만들고 싶어요. 특히 복잡한 이미지 편집 기능까지 쉽게 사용하면서 디자인 시간도 아끼고 싶은데, 어떤 ai 디자인 툴을 추천해주시나요? 소상공인이나 마케터들이 쓰기 좋은 툴이면 좋겠습니다. (0c/2i/pos 1.0) | adsflair.com (0c/1i/pos 54.0) | iş amaçlı kullanıma uygun, yeni araçlar ve yetenekler keşfetmeme yardımcı olabilecek en iyi yapay zeka tasarım araçları hangileridir? (0c/1i/pos 1.0)",16730,95,False,True,2026-03-14T10:00:00+08:00,10-best-ai-design-tools-small-business-2026,https://www.lovart.ai/blog/10-best-ai-design-tools-small-business-2026,Refresh if query intent is relevant; preserve URL; improve sections tied to visible queries.
B_indexed_or_visible_refresh,454.0,02-better-design-typography-101,Typography 101: Font Pairing Rules for Non-Designers,1,175,0.57,10.93,typography 101,12.71,typography 101 (0c/7i/pos 12.7) | font pairing guide which font goes together (0c/1i/pos 2.0),12522,124,False,True,2026-03-10T10:00:00+08:00,02-better-design-typography-101,https://www.lovart.ai/blog/02-better-design-typography-101,Refresh if query intent is relevant; preserve URL; improve sections tied to visible queries.
B_indexed_or_visible_refresh,453.92,how-to-chat-generate-any-design-type-lovart-agent,How To Chat Generate Any Design Type Lovart Agent: A Practical Lovart Workflow Guide,0,299,0.0,9.5,site:lovart.ai lovart help center credits support,4.0,site:lovart.ai lovart help center credits support (0c/2i/pos 4.0),9042,63,False,True,2025-09-19T10:00:00+08:00,how-to-chat-generate-any-design-type-lovart-agent,https://www.lovart.ai/blog/how-to-chat-generate-any-design-type-lovart-agent,Refresh if query intent is relevant; preserve URL; improve sections tied to visible queries.
B_indexed_or_visible_refresh,453.28,printing-jpegs-why-your-logo-looks-pixelated-on-the-banner,Printing JPEGs: Why Your Logo Looks Pixelated on the Banner (and How to Fix It for Good),0,291,0.0,7.94,,,,11013,54,False,True,2025-11-10T10:00:00+08:00,printing-jpegs-why-your-logo-looks-pixelated-on-the-banner,https://www.lovart.ai/blog/printing-jpegs-why-your-logo-looks-pixelated-on-the-banner,Refresh if query intent is relevant; preserve URL; improve sections tied to visible queries.
B_indexed_or_visible_refresh,452.32,ai-design-ethics-responsibility-framework,AI Design Ethics — A Practical Responsibility Framework for Creators & Brands,1,154,0.65,14.08,ethical ai design,57.5,ethical ai design (0c/2i/pos 57.5) | responsible ai design (0c/2i/pos 69.5) | ai art ethical guidelines (0c/1i/pos 78.0) | ai ethics by design (0c/1i/pos 74.0),17496,101,False,True,2025-09-16T10:00:00+08:00,ai-design-ethics-responsibility-framework,https://www.lovart.ai/blog/ai-design-ethics-responsibility-framework,Refresh if query intent is relevant; preserve URL; improve sections tied to visible queries.
B_indexed_or_visible_refresh,452.16,step-by-step-instagram-posts-without-photoshop,Step By Step Instagram Posts Without Photoshop: A Practical Lovart Workflow Guide,0,277,0.0,6.55,,,,9027,63,False,True,2025-09-02T10:00:00+08:00,step-by-step-instagram-posts-without-photoshop,https://www.lovart.ai/blog/step-by-step-instagram-posts-without-photoshop,Refresh if query intent is relevant; preserve URL; improve sections tied to visible queries.
B_indexed_or_visible_refresh,451.52,how-to-create-3d-characters-with-ai-a-step-by-step-design-tutorial,How to Create 3D Characters with AI: A Step-by-Step Design Tutorial,0,269,0.0,18.36,ai 3d creation workflow for virtual characters,6.62,ai 3d creation workflow for virtual characters (0c/29i/pos 6.6) | create 3d characters (0c/6i/pos 32.3) | the complete guide to creating futuristic 3d characters (0c/3i/pos 96.7) | 3d character ai (0c/2i/pos 41.0) | create 3d character (0c/2i/pos 36.0),18969,224,False,True,2026-03-19T10:00:00+08:00,how-to-create-3d-characters-with-ai-a-step-by-step-design-tutori,https://www.lovart.ai/blog/how-to-create-3d-characters-with-ai-a-step-by-step-design-tutorial,Refresh if query intent is relevant; preserve URL; improve sections tied to visible queries.
B_indexed_or_visible_refresh,451.2,02-flux-vs-nano-banana,FLUX vs Nano Banana: Which AI Image Model Delivers Better Results?,0,265,0.0,15.55,flux vs nano banana,10.0,flux vs nano banana (0c/1i/pos 10.0) | what are the newest ai painting generators and how do they compare to each other? (0c/1i/pos 34.0),9169,68,False,True,2026-01-03T10:00:00+08:00,02-flux-vs-nano-banana,https://www.lovart.ai/blog/02-flux-vs-nano-banana,Refresh if query intent is relevant; preserve URL; improve sections tied to visible queries.
B_indexed_or_visible_refresh,451.2,the-shocked-face-why-it-works-and-how-to-generate-it-without-acting,"The ""Shocked Face"": Why It Works and How to Generate It Without Acting",0,265,0.0,7.93,,,,10300,50,False,True,2025-11-09T10:00:00+08:00,the-shocked-face-why-It-works-and-how-to-generate-it-without-acting,https://www.lovart.ai/blog/the-shocked-face-why-It-works-and-how-to-generate-it-without-acting,Refresh if query intent is relevant; preserve URL; improve sections tied to visible queries.
B_indexed_or_visible_refresh,451.2,the-shocked-face-why-it-works-and-how-to-generate-it-without-acting,"The ""Shocked Face"": Why It Works and How to Generate It Without Acting",0,265,0.0,7.93,,,,10301,50,False,True,2026-03-12T10:00:00+08:00,the-shocked-face-why-it-works-and-how-to-generate-it-without-act,https://www.lovart.ai/blog/the-shocked-face-why-It-works-and-how-to-generate-it-without-acting,Refresh if query intent is relevant; preserve URL; improve sections tied to visible queries.
B_indexed_or_visible_refresh,451.12,case-study-photographer-fixed-blurry-photos-ai,How Wedding Photographer Elena Vasquez Fixed 47 'Ruined' Photos — With AI Sharpening That Paid for Itself in One Event,1,139,0.72,6.32,site:lovart.ai lovart cooldown 24 72 hours,1.0,site:lovart.ai lovart cooldown 24 72 hours (0c/1i/pos 1.0),14550,91,False,True,2026-03-30T10:00:00+08:00,case-study-photographer-fixed-blurry-photos-ai,https://www.lovart.ai/blog/case-study-photographer-fixed-blurry-photos-ai,Refresh if query intent is relevant; preserve URL; improve sections tied to visible queries.
B_indexed_or_visible_refresh,451.04,6-best-ai-collage-moodboard-makers-2026,AI Collage Maker: Create Stunning Photo Collages 2026,1,138,0.72,7.17,what are the most recent collage maker tools and how do they compare to each other?,6.0,what are the most recent collage maker tools and how do they compare to each other? (0c/3i/pos 6.0) | ayaya - ai collage generator review (0c/2i/pos 60.0) | what are the trending moodboard maker tools and platforms available right now? (0c/2i/pos 1.0) | best ai for moodboard (0c/1i/pos 8.0) | best ai moodboard tools 2025 2026 (0c/1i/pos 9.0),12256,72,False,True,2026-04-11T10:00:00+08:00,6-best-ai-collage-moodboard-makers-2026,https://www.lovart.ai/blog/6-best-ai-collage-moodboard-makers-2026,Refresh if query intent is relevant; preserve URL; improve sections tied to visible queries.
B_indexed_or_visible_refresh,450.16,ai-design-2028-predictions,AI Design 2028: Predictions from the Lovart Team,1,127,0.79,9.91,,,,17624,108,False,True,2026-02-21T10:00:00+08:00,ai-design-2028-predictions,https://www.lovart.ai/blog/ai-design-2028-predictions,Refresh if query intent is relevant; preserve URL; improve sections tied to visible queries.
B_indexed_or_visible_refresh,449.28,brand-kit-makeup-studio-lovart,Brand Kit for Makeup Studios: Complete Visual Identity Guide with Lovart's AI Design Agent,0,241,0.0,12.86,lovart help center credits site:lovart.ai,4.67,lovart help center credits site:lovart.ai (0c/3i/pos 4.7) | site:lovart.ai lovart help center credits support (0c/2i/pos 7.0) | site:lovart.ai lovart help center credits (0c/1i/pos 4.0),10687,44,False,True,2025-12-26T10:00:00+08:00,brand-kit-makeup-studio-lovart,https://www.lovart.ai/blog/brand-kit-makeup-studio-lovart,Refresh if query intent is relevant; preserve URL; improve sections tied to visible queries.
B_indexed_or_visible_refresh,448.72,b4-how-to-create-loop-claymation-fantasy-video-ai,"How to Create Loop Videos, Claymation & Dark Fantasy with AI — Creative Effects Guide",1,109,0.92,15.9,"""cat wouldn't jump"" idiom",6.0,"""cat wouldn't jump"" idiom (0c/2i/pos 6.0) | claymation video ai (0c/1i/pos 33.0)",16297,85,False,True,2026-03-29T10:00:00+08:00,b4-how-to-create-loop-claymation-fantasy-video-ai,https://www.lovart.ai/blog/b4-how-to-create-loop-claymation-fantasy-video-ai,Refresh if query intent is relevant; preserve URL; improve sections tied to visible queries.
B_indexed_or_visible_refresh,448.32,best-ai-design-agent-for-ecommerce-seller,"Best AI Design Agent for Ecommerce Sellers: Product Images, Detail Pages & A+ Content by Lovart",0,229,0.0,12.43,ai design agent product images,29.0,ai design agent product images (0c/1i/pos 29.0),16457,54,False,True,2025-09-14T10:00:00+08:00,best-ai-design-agent-for-ecommerce-seller,https://www.lovart.ai/blog/best-ai-design-agent-for-ecommerce-seller,Refresh if query intent is relevant; preserve URL; improve sections tied to visible queries.
B_indexed_or_visible_refresh,448.32,best-ai-design-agent-for-ecommerce-seller,best-ai-design-agent-for-ecommerce-seller,0,229,0.0,12.43,ai design agent product images,29.0,ai design agent product images (0c/1i/pos 29.0),17118,50,False,True,2025-09-14T10:00:00+08:00,blog-best-ai-design-agent-for-ecommerce-seller-en,https://www.lovart.ai/blog/best-ai-design-agent-for-ecommerce-seller,Refresh if query intent is relevant; preserve URL; improve sections tied to visible queries.
B_indexed_or_visible_refresh,448.32,runway-gen-3-alternative,Runway Gen-3 Alternative: When to Use a Design Agent Instead,1,104,0.96,17.16,,,,10092,69,False,True,2025-10-17T10:00:00+08:00,o6YkSZCNskGrZicahpYnse,https://www.lovart.ai/blog/runway-gen-3-alternative,Refresh if query intent is relevant; preserve URL; improve sections tied to visible queries.
B_indexed_or_visible_refresh,448.0,ai-video-background-changer,AI Video Background Changer: Remove or Replace a Video Background Online,10,850,1.18,20.21,video background changer ai,36.23,video background changer ai (2c/13i/pos 36.2) | video background change ai (2c/5i/pos 37.8) | free ai video background changer (1c/2i/pos 48.0) | replace video background (0c/64i/pos 37.1) | video background changer (0c/34i/pos 38.8),10486,87,False,True,2026-01-19T10:00:00+08:00,blog-ai-video-background-changer-en,https://www.lovart.ai/blog/ai-video-background-changer,Refresh if query intent is relevant; preserve URL; improve sections tied to visible queries.
B_indexed_or_visible_refresh,447.36,s19-ai-design-enterprise-cto-guide,AI Design for Enterprise: A CTO's Complete Guide to AI-Powered Creative Teams,0,217,0.0,18.21,,,,11499,132,False,True,2025-11-30T10:00:00+08:00,s19-ai-design-enterprise-cto-guide,https://www.lovart.ai/blog/s19-ai-design-enterprise-cto-guide,Refresh if query intent is relevant; preserve URL; improve sections tied to visible queries.
B_indexed_or_visible_refresh,446.88,step-by-step-channel-art-without-photoshop,Step By Step Channel Art Without Photoshop: A Practical Lovart Workflow Guide,0,211,0.0,10.96,,,,9007,63,False,True,2026-02-16T10:00:00+08:00,step-by-step-channel-art-without-photoshop,https://www.lovart.ai/blog/step-by-step-channel-art-without-photoshop,Refresh if query intent is relevant; preserve URL; improve sections tied to visible queries.
B_indexed_or_visible_refresh,446.48,ai-face-retouch-tools-compared,AI Face Retouch Tools Compared: Facetune vs Remini vs Lovart — Smile Edit & More,0,206,0.0,7.81,ai face retouch,26.0,ai face retouch (0c/1i/pos 26.0) | facetune smile (0c/1i/pos 10.0) | love retouch competitors (0c/1i/pos 9.0),12039,66,False,True,2025-10-03T10:00:00+08:00,ai-face-retouch-tools-compared,https://www.lovart.ai/blog/ai-face-retouch-tools-compared,Refresh if query intent is relevant; preserve URL; improve sections tied to visible queries.
B_indexed_or_visible_refresh,445.28,02-cluster-shopify-product-images,Shopify Product Images: AI-Generated vs Professional Photography (2026),0,191,0.0,8.4,"site:lovart.ai ""24-72"" lovart",2.33,"site:lovart.ai ""24-72"" lovart (0c/6i/pos 2.3) | product images shopify (0c/4i/pos 16.5) | shopify product photography trends 2026 (0c/4i/pos 12.2) | site:lovart.ai credits account support lovart (0c/1i/pos 6.0) | what are the best professional level ai art generator tools and platforms available for discovering advanced features and capabilities? (0c/1i/pos 5.0)",12474,86,False,True,2025-10-06T10:00:00+08:00,02-cluster-shopify-product-images,https://www.lovart.ai/blog/02-cluster-shopify-product-images,Refresh if query intent is relevant; preserve URL; improve sections tied to visible queries.
B_indexed_or_visible_refresh,445.2,best-ai-design-agent-for-novices-beginner-friendly-design-tools-guide,Best AI Design Agent for Novices: Beginner-Friendly Design Tools Guide,0,190,0.0,15.75,can small businesses use lovart to create professional design assets without a designer?,10.76,can small businesses use lovart to create professional design assets without a designer? (0c/21i/pos 10.8) | design agent (0c/8i/pos 48.5) | techart fierce ai approach style guide leaguachannlfe (0c/4i/pos 6.0) | ai design agent (0c/1i/pos 35.0) | ai design agents (0c/1i/pos 45.0),10916,152,False,True,2025-10-25T10:00:00+08:00,best-ai-design-agent-for-novices-beginner-friendly-design-tools-,https://www.lovart.ai/blog/best-ai-design-agent-for-novices-beginner-friendly-design-tools-guide,Refresh if query intent is relevant; preserve URL; improve sections tied to visible queries.
B_indexed_or_visible_refresh,444.96,nano-banana-pro-free-tips,Nano Banana Pro Free Tips: 10 Hidden Features You're Not Using,0,187,0.0,11.6,,,,23946,116,False,True,2025-10-18T10:00:00+08:00,blog-nbpt-en,https://www.lovart.ai/blog/nano-banana-pro-free-tips,Refresh if query intent is relevant; preserve URL; improve sections tied to visible queries.
B_indexed_or_visible_refresh,443.92,how-to-create-youtube-thumbnails-ai-chatcanvas,How To Create Youtube Thumbnails AI Chatcanvas: A Practical Lovart Workflow Guide,0,174,0.0,18.45,,,,9027,63,False,True,2026-02-16T10:00:00+08:00,how-to-create-youtube-thumbnails-ai-chatcanvas,https://www.lovart.ai/blog/how-to-create-youtube-thumbnails-ai-chatcanvas,Refresh if query intent is relevant; preserve URL; improve sections tied to visible queries.
B_indexed_or_visible_refresh,443.44,ai-commercial-license-country-comparison-2026,AI Commercial License by Country — What's Legal Where in 2026,0,168,0.0,7.32,aiva pricing commercial use official 2026,8.0,aiva pricing commercial use official 2026 (0c/1i/pos 8.0),12988,71,False,True,2026-04-24T10:00:00+08:00,ai-commercial-license-country-comparison-2026,https://www.lovart.ai/blog/ai-commercial-license-country-comparison-2026,Refresh if query intent is relevant; preserve URL; improve sections tied to visible queries.
B_indexed_or_visible_refresh,443.44,complete-guide-ai-art-generation-text-to-art,The 2026 Complete Guide to AI Art Generation — Text to Art,0,168,0.0,18.99,,,,50967,230,False,True,2025-12-20T10:00:00+08:00,complete-guide-ai-art-generation-text-to-art,https://www.lovart.ai/blog/complete-guide-ai-art-generation-text-to-art,Refresh if query intent is relevant; preserve URL; improve sections tied to visible queries.
B_indexed_or_visible_refresh,442.88,02-cluster-what-is-mcot,What Is MCOT? How Lovart's Engine Thinks About Design Like a Human Designer,0,161,0.0,6.92,model mcot,6.25,model mcot (0c/4i/pos 6.2) | mcot meaning (0c/2i/pos 32.0) | mcot meaning slang (0c/2i/pos 23.0) | what is mcot (0c/2i/pos 7.5) | mcot urban dictionary (0c/1i/pos 1.0),10650,64,False,True,2025-09-20T10:00:00+08:00,02-cluster-what-is-mcot,https://www.lovart.ai/blog/02-cluster-what-is-mcot,Refresh if query intent is relevant; preserve URL; improve sections tied to visible queries.
B_indexed_or_visible_refresh,442.16,b35-ai-design-vs-traditional-software-bing,B35 AI Design vs Traditional Software Bing: Compare the Workflow Before You Choose,0,152,0.0,13.13,creative ai agent vs traditional design tools,20.2,creative ai agent vs traditional design tools (0c/5i/pos 20.2) | ai design software comparison (0c/1i/pos 9.0),10145,69,False,True,2026-05-07T10:00:00+08:00,b35-ai-design-vs-traditional-software-bing,https://www.lovart.ai/blog/b35-ai-design-vs-traditional-software-bing,Refresh if query intent is relevant; preserve URL; improve sections tied to visible queries.
B_indexed_or_visible_refresh,442.0,spa-wellness-branding-calming-visual-strategy-2027,Spa & Wellness Branding: A Calming Visual Strategy for 2026,0,150,0.0,15.34,,,,12762,97,False,True,2025-11-29T10:00:00+08:00,spa-wellness-branding-calming-visual-strategy-2027,https://www.lovart.ai/blog/spa-wellness-branding-calming-visual-strategy-2027,Refresh if query intent is relevant; preserve URL; improve sections tied to visible queries.
B_indexed_or_visible_refresh,441.6,ai-design-agencies,AI Design for Agencies: Margin Recovery in a Compressing Market,0,145,0.0,16.59,promotional alignment ai margin recovery,13.0,promotional alignment ai margin recovery (0c/1i/pos 13.0),13687,65,False,True,2025-10-12T10:00:00+08:00,ai-design-agencies,https://www.lovart.ai/blog/ai-design-agencies,Refresh if query intent is relevant; preserve URL; improve sections tied to visible queries.
B_indexed_or_visible_refresh,441.6,nano-banana-2-gemini-image-editor-lovart,The Hallucination Tax: Why Agencies Are Afraid of Generative AI,0,145,0.0,8.01,,,,16121,56,False,True,2025-10-08T10:00:00+08:00,nano-banana-2-gemini-image-editor-lovart,https://www.lovart.ai/blog/nano-banana-2-gemini-image-editor-lovart,Refresh if query intent is relevant; preserve URL; improve sections tied to visible queries.
B_indexed_or_visible_refresh,441.44,complete-guide-ai-design-for-every-business-niche,Complete Guide AI Design For Every Business Niche: A Practical Lovart Workflow Guide,0,143,0.0,8.94,"""scene 2: the bakery"" script",2.17,"""scene 2: the bakery"" script (0c/63i/pos 2.2) | ""scene 2: the bakery"" ""namey"" ""lost"" (0c/1i/pos 2.0) | ""scene 2: the bakery"" ""namey"" lost (0c/1i/pos 2.0) | ""scene 2: the bakery"" script comedy (0c/1i/pos 1.0)",9042,63,False,True,2026-01-31T10:00:00+08:00,complete-guide-ai-design-for-every-business-niche,https://www.lovart.ai/blog/complete-guide-ai-design-for-every-business-niche,Refresh if query intent is relevant; preserve URL; improve sections tied to visible queries.
B_indexed_or_visible_refresh,440.8,b38-ai-product-photography-comparison-bing,AI Product Photography Tools: Quality Comparison & Buyer's Guide,0,135,0.0,15.07,should i use ai product images or professional photography?,75.0,should i use ai product images or professional photography? (0c/10i/pos 75.0) | compare ai photography solutions for bespoke creative requests (0c/2i/pos 11.0) | site:lovart.ai lovart cooldown 24 72 hours (0c/2i/pos 2.5) | computational photography differences by brand (0c/1i/pos 92.0) | flair ai pricing product photography (0c/1i/pos 11.0),15319,95,False,True,2026-01-06T10:00:00+08:00,b38-ai-product-photography-comparison-bing,https://www.lovart.ai/blog/b38-ai-product-photography-comparison-bing,Refresh if query intent is relevant; preserve URL; improve sections tied to visible queries.
B_indexed_or_visible_refresh,440.64,brand-kit-real-estate-lovart,Brand Kit for Real Estate: Complete Visual Identity Guide with Lovart's AI Design Agent,0,133,0.0,9.1,(lovart.ai what does it sell or promote site:lovart.ai) site:www.lovart.ai,8.86,(lovart.ai what does it sell or promote site:lovart.ai) site:www.lovart.ai (0c/7i/pos 8.9) | (lovart.ai what does it sell site:lovart.ai) site:www.lovart.ai (0c/3i/pos 3.0) | #1b3a5c (0c/1i/pos 6.0) | 1b3a5c (0c/1i/pos 9.0) | lovart brand kit (0c/1i/pos 10.0),9929,41,False,True,2026-04-01T10:00:00+08:00,brand-kit-real-estate-lovart,https://www.lovart.ai/blog/brand-kit-real-estate-lovart,Refresh if query intent is relevant; preserve URL; improve sections tied to visible queries.
B_indexed_or_visible_refresh,440.48,topaz-ai-alternative,Topaz AI Alternative: When to Use a Design Agent Instead,0,131,0.0,13.28,,,,10064,69,False,True,2025-09-01T10:00:00+08:00,1u5vaBwLndY1gqYUMVexGX,https://www.lovart.ai/blog/topaz-ai-alternative,Refresh if query intent is relevant; preserve URL; improve sections tied to visible queries.
B_indexed_or_visible_refresh,440.48,perfect-imperfection-add-grain-noise-natural-ai,Perfect Imperfection Add Grain Noise Natural AI: A Practical Lovart Workflow Guide,0,131,0.0,7.57,,,,9032,63,False,True,2025-09-15T10:00:00+08:00,perfect-imperfection-add-grain-noise-natural-ai,https://www.lovart.ai/blog/perfect-imperfection-add-grain-noise-natural-ai,Refresh if query intent is relevant; preserve URL; improve sections tied to visible queries.
B_indexed_or_visible_refresh,440.08,case-study-social-media-expanded-cropped-photos-ai,How Social Media Manager Priya Nair Expanded 200 Cropped Photos — And Stopped Apologizing to Her Agency's Clients,0,126,0.0,6.5,"""priya nair"" markovml",5.44,"""priya nair"" markovml (0c/9i/pos 5.4) | ""priya nair"" ""markovml"" (0c/6i/pos 5.7) | ""larch systems"" ""fall expo"" ""priya nair"" booth support (0c/3i/pos 6.0) | ""priya nair"" ""fall expo"" ""larch systems"" booth support (0c/3i/pos 10.7) | ""priya nair"" ""fall expo"" booth support ""larch systems"" (0c/3i/pos 9.3)",13997,84,False,True,2026-02-05T10:00:00+08:00,case-study-social-media-expanded-cropped-photos-ai,https://www.lovart.ai/blog/case-study-social-media-expanded-cropped-photos-ai,Refresh if query intent is relevant; preserve URL; improve sections tied to visible queries.
B_indexed_or_visible_refresh,439.92,case-study-youtuber-edited-videos-ai,How YouTuber James Okonkwo Edited 47 Videos in 11 Days — Without Opening Premiere Pro Once,0,124,0.0,5.66,,,,14145,93,False,True,2026-04-16T10:00:00+08:00,case-study-youtuber-edited-videos-ai,https://www.lovart.ai/blog/case-study-youtuber-edited-videos-ai,Refresh if query intent is relevant; preserve URL; improve sections tied to visible queries.
B_indexed_or_visible_refresh,439.76,ai-design-workflow-comparison-canva-vs-lovart-vs-figma,AI Design Workflow Comparison Canva vs Lovart vs Figma: Compare the Workflow Before You Choose,0,122,0.0,6.47,lovart vs canva,11.0,"lovart vs canva (0c/3i/pos 11.0) | ""canva"" (0c/1i/pos 31.0) | ""free ai api"" or ""free llm api"" or ""free tier ai"" (0c/1i/pos 6.0) | canva vs figma comparison 2025 2026 (0c/1i/pos 16.0)",10229,69,False,True,2026-04-13T10:00:00+08:00,bd-ai-design-workflow-comparison-canva-vs-lovart-vs-figma,https://www.lovart.ai/blog/ai-design-workflow-comparison-canva-vs-lovart-vs-figma,Refresh if query intent is relevant; preserve URL; improve sections tied to visible queries.
B_indexed_or_visible_refresh,439.68,ai-design-for-saas-pricing-pages-2026,AI Design for SaaS Pricing Pages — Convert More Visitors with Better Visuals,0,121,0.0,10.55,wie optimiere ich meine pricing-page für ki-engines?,5.0,wie optimiere ich meine pricing-page für ki-engines? (0c/4i/pos 5.0) | lovart revenue (0c/1i/pos 9.0),10991,102,False,True,2026-06-07T10:00:00+08:00,ai-design-for-saas-pricing-pages-2026,https://www.lovart.ai/blog/ai-design-for-saas-pricing-pages-2026,Refresh if query intent is relevant; preserve URL; improve sections tied to visible queries.
B_indexed_or_visible_refresh,439.04,a4-how-to-remove-watermarks-objects-photos-ai,Remove Background from Image: AI Tools That Actually Work,0,113,0.0,14.58,how to remove mark from photo,77.0,how to remove mark from photo (0c/1i/pos 77.0),14263,72,False,True,2025-12-01T10:00:00+08:00,a4-how-to-remove-watermarks-objects-photos-ai,https://www.lovart.ai/blog/a4-how-to-remove-watermarks-objects-photos-ai,Refresh if query intent is relevant; preserve URL; improve sections tied to visible queries.
B_indexed_or_visible_refresh,438.88,isolating-objects-transparent-stickers-ai,Isolating Objects — How to Turn AI-Generated Items into Transparent Stickers,0,111,0.0,9.65,,,,10005,58,False,True,2026-01-27T10:00:00+08:00,isolating-objects-transparent-stickers-ai,https://www.lovart.ai/blog/isolating-objects-transparent-stickers-ai,Refresh if query intent is relevant; preserve URL; improve sections tied to visible queries.
B_indexed_or_visible_refresh,438.8,enterprise-lovart-vs-agency-cost-2026,Enterprise Lovart vs Agency Cost 2026: Compare the Workflow Before You Choose,0,110,0.0,8.87,lovart ai pricing 2026,10.5,lovart ai pricing 2026 (0c/2i/pos 10.5),10110,69,False,True,2026-02-02T10:00:00+08:00,enterprise-lovart-vs-agency-cost-2026,https://www.lovart.ai/blog/enterprise-lovart-vs-agency-cost-2026,Refresh if query intent is relevant; preserve URL; improve sections tied to visible queries.
B_indexed_or_visible_refresh,438.64,ai-design-bias-inclusive-visual-output-2027,AI Design Bias: How to Ensure Inclusive Visual Output in 2026,0,108,0.0,6.18,"a manager is reviewing a series of ai-generated images for a hiring campaign. they notice that prompts for ""a software developer"" consistently produce images that lack diversity. what is the most effective technique for the manager to use to mitigate this bias and generate more inclusive images? use a different ai image generation tool that has a more diverse training dataset. manually edit the generated images to change the appearance of the people. apply the ""historical context check"" by asking for images of developers from the 1980s. refine the prompt with specific, inclusive descriptors to guide the ai to the desired outcome.",2.0,"a manager is reviewing a series of ai-generated images for a hiring campaign. they notice that prompts for ""a software developer"" consistently produce images that lack diversity. what is the most effective technique for the manager to use to mitigate this bias and generate more inclusive images? use a different ai image generation tool that has a more diverse training dataset. manually edit the generated images to change the appearance of the people. apply the ""historical context check"" by asking for images of developers from the 1980s. refine the prompt with specific, inclusive descriptors to guide the ai to the desired outcome. (0c/1i/pos 2.0) | you’re designing prompts to avoid stereotypes in ai responses about different cultures. what should you focus on? (0c/1i/pos 3.0)",16423,95,False,True,2025-09-16T10:00:00+08:00,ai-design-bias-inclusive-visual-output-2027,https://www.lovart.ai/blog/ai-design-bias-inclusive-visual-output-2027,Refresh if query intent is relevant; preserve URL; improve sections tied to visible queries.
B_indexed_or_visible_refresh,438.64,design-workflow-comparison-traditional-vs-ai,Design Workflow Comparison Traditional vs AI: Compare the Workflow Before You Choose,0,108,0.0,11.71,creative ai agent vs traditional design tools,26.5,creative ai agent vs traditional design tools (0c/2i/pos 26.5) | what is an ai design agent for creative workflows (0c/2i/pos 89.5) | agency side (0c/1i/pos 3.0) | ai marketing agency vs traditional agency (0c/1i/pos 42.0),10159,69,False,True,2026-03-10T10:00:00+08:00,design-workflow-comparison-traditional-vs-ai,https://www.lovart.ai/blog/design-workflow-comparison-traditional-vs-ai,Refresh if query intent is relevant; preserve URL; improve sections tied to visible queries.
B_indexed_or_visible_refresh,438.48,best-ai-design-agent-for-cocktail-bar-owners,Best AI Design Agent For Cocktail Bar Owners: A Practical Lovart Workflow Guide,0,106,0.0,10.61,chanel expansion plans after:2026-07-05,129.0,chanel expansion plans after:2026-07-05 (0c/1i/pos 129.0) | computer vision tips for baristas (0c/1i/pos 221.0),9017,63,False,True,2025-12-19T10:00:00+08:00,blog-best-ai-design-agent-for-cocktail-bar-owners-en,https://www.lovart.ai/blog/best-ai-design-agent-for-cocktail-bar-owners,Refresh if query intent is relevant; preserve URL; improve sections tied to visible queries.
B_indexed_or_visible_refresh,438.48,remini-alternative,Remini Alternative: When to Use a Design Agent Instead,0,106,0.0,11.23,,,,10050,69,False,True,2026-04-28T10:00:00+08:00,o6YkSZCNskGrZicahpYoWu,https://www.lovart.ai/blog/remini-alternative,Refresh if query intent is relevant; preserve URL; improve sections tied to visible queries.
B_indexed_or_visible_refresh,438.32,brand-kit-influencer-lovart,Brand Kit for Influencer Lovart: Build a Visual System With AI,0,104,0.0,10.53,#d4a843,8.33,#d4a843 (0c/6i/pos 8.3) | lovart brand kit (0c/6i/pos 4.3) | d4a843 (0c/5i/pos 8.4),9075,63,False,True,2025-10-06T10:00:00+08:00,brand-kit-influencer-lovart,https://www.lovart.ai/blog/brand-kit-influencer-lovart,Refresh if query intent is relevant; preserve URL; improve sections tied to visible queries.
B_indexed_or_visible_refresh,438.16,02-industry-school-branding-guide,"School Branding Guide: Mascot, Colors, and Visual Consistency Across Every Touchpoint",0,102,0.0,8.17,,,,11634,112,False,True,2025-09-14T10:00:00+08:00,02-industry-school-branding-guide,https://www.lovart.ai/blog/02-industry-school-branding-guide,Refresh if query intent is relevant; preserve URL; improve sections tied to visible queries.
B_indexed_or_visible_refresh,438.0,https-www-lovart-ai-zh-blog-the-death-of-the-stock-footage-era-a-complete-guide-to-ai-powered-video-creation-in-2026,Https ::Www.Lovart.Ai:Zh:Blog:The Death Of The Stock Footage Era A Complete Guide To Ai Powered Video Creation In 2026,0,100,0.0,6.62,,,,13462,87,False,True,2026-02-20T10:00:00+08:00,https-www-lovart-ai-zh-blog-the-death-of-the-stock-footage-era-a-complete-guide-to-ai-powered-video-creation-in-2026,https://www.lovart.ai/blog/https-www-lovart-ai-zh-blog-the-death-of-the-stock-footage-era-a-complete-guide-to-ai-powered-video-creation-in-2026,Refresh if query intent is relevant; preserve URL; improve sections tied to visible queries.
B_indexed_or_visible_refresh,431.92,04-best-practice-chatcanvas-layout,Best Practice: ChatCanvas Layout Strategy for Maximum Productivity,5,149,3.36,5.93,chatcanvas,6.0,chatcanvas (3c/14i/pos 6.0) | lovart chatcanvas (0c/2i/pos 1.0),8021,64,False,True,2025-10-26T10:00:00+08:00,04-best-practice-chatcanvas-layout,https://www.lovart.ai/blog/04-best-practice-chatcanvas-layout,Refresh if query intent is relevant; preserve URL; improve sections tied to visible queries.
B_indexed_or_visible_refresh,429.04,law-firm-branding-trust-authority-design-2027,"Law Firm Branding: Building Trust, Authority, and Professionalism Through Design",2,1613,0.12,22.88,,,,14929,90,False,True,2025-12-25T10:00:00+08:00,law-firm-branding-trust-authority-design-2027,https://www.lovart.ai/blog/law-firm-branding-trust-authority-design-2027,Refresh if query intent is relevant; preserve URL; improve sections tied to visible queries.
B_indexed_or_visible_refresh,423.52,s25---ai-design-templates-library,S25 AI Design Templates Library: A Practical Lovart Workflow Guide,4,169,2.37,19.71,ai design template,16.11,ai design template (1c/18i/pos 16.1),8952,63,False,True,2025-09-04T10:00:00+08:00,s25---ai-design-templates-library,https://www.lovart.ai/blog/s25---ai-design-templates-library,Refresh if query intent is relevant; preserve URL; improve sections tied to visible queries.
B_indexed_or_visible_refresh,412.96,how-to-convert-images-vector-free-bing,How To Convert Images Vector Free Bing: A Practical Lovart Workflow Guide,5,537,0.93,40.39,image to vector,65.41,image to vector (0c/17i/pos 65.4) | image to vector free (0c/12i/pos 55.0) | convert image to vector free (0c/8i/pos 61.2) | convert to vector (0c/8i/pos 57.0) | vector art conversion (0c/6i/pos 72.8),8987,63,False,True,2026-02-23T10:00:00+08:00,how-to-convert-images-vector-free-bing,https://www.lovart.ai/blog/how-to-convert-images-vector-free-bing,Refresh if query intent is relevant; preserve URL; improve sections tied to visible queries.
B_indexed_or_visible_refresh,397.6,01-cluster-product-detail-page,01 Cluster Product Detail Page: A Practical Lovart Workflow Guide,2,95,2.11,9.66,product detail,36.0,product detail (0c/1i/pos 36.0) | product detail page ai generator tools 2026 (0c/1i/pos 9.0),8947,63,False,True,2025-10-23T10:00:00+08:00,01-cluster-product-detail-page,https://www.lovart.ai/blog/01-cluster-product-detail-page,Refresh if query intent is relevant; preserve URL; improve sections tied to visible queries.
B_indexed_or_visible_refresh,395.84,how-to-create-banners-display-ads-ai,How To Create Banners Display Ads AI: A Practical Lovart Workflow Guide,2,73,2.74,8.3,,,,8977,63,False,True,2026-01-20T10:00:00+08:00,how-to-create-banners-display-ads-ai,https://www.lovart.ai/blog/how-to-create-banners-display-ads-ai,Refresh if query intent is relevant; preserve URL; improve sections tied to visible queries.
B_indexed_or_visible_refresh,391.6,stable-video-diffusion-review,Stable Video Diffusion Review: A Practical Lovart Workflow Guide,4,395,1.01,22.03,stablevideodiffusion.pro,11.5,stablevideodiffusion.pro (1c/8i/pos 11.5) | stable video diffusion free (1c/4i/pos 43.5) | stable video diffusion pro (1c/4i/pos 24.5),8942,63,False,True,2026-04-01T10:00:00+08:00,9edb48c0-fe03-4505-be70-9f6461c84c36,https://www.lovart.ai/blog/stable-video-diffusion-review,Refresh if query intent is relevant; preserve URL; improve sections tied to visible queries.
B_indexed_or_visible_refresh,389.92,google-veo-3-review,Google Veo 3 Review: A Practical Lovart Workflow Guide,2,624,0.32,21.46,google veo 3 review,17.89,google veo 3 review (0c/35i/pos 17.9) | veo 3 review (0c/32i/pos 18.9) | google veo pros and cons (0c/12i/pos 12.8) | googleveo3 (0c/6i/pos 10.7) | veo 3 performance test (0c/6i/pos 15.7),8892,63,False,True,2025-12-13T10:00:00+08:00,fb8d5089-5cb1-40e4-8534-2f54ddb90aa4,https://www.lovart.ai/blog/google-veo-3-review,Refresh if query intent is relevant; preserve URL; improve sections tied to visible queries.
B_indexed_or_visible_refresh,389.36,how-to-design-interior-rooms-ai,How To Design Interior Rooms AI: A Practical Lovart Workflow Guide,2,617,0.32,29.58,virtual room makeover,30.18,virtual room makeover (0c/61i/pos 30.2) | ai room design (0c/49i/pos 41.7) | how to design interior with ai (0c/44i/pos 30.4) | redesign rooms with ai (0c/35i/pos 26.1) | redesign room ai (0c/25i/pos 35.2),8952,63,False,True,2025-10-03T10:00:00+08:00,how-to-design-interior-rooms-ai,https://www.lovart.ai/blog/how-to-design-interior-rooms-ai,Refresh if query intent is relevant; preserve URL; improve sections tied to visible queries.
B_indexed_or_visible_refresh,389.28,how-to-create-floor-plans-architecture-ai,How to Create Floor Plans & Architectural Designs with AI — From Sketch to Blueprint,5,116,4.31,9.7,ai architecture plan,63.0,ai architecture plan (0c/1i/pos 63.0) | how to design build victorian house using ai chatbot (0c/1i/pos 56.0) | openart ai floor plan generator (0c/1i/pos 65.0),9382,60,False,True,2026-04-14T10:00:00+08:00,how-to-create-floor-plans-architecture-ai,https://www.lovart.ai/blog/how-to-create-floor-plans-architecture-ai,Refresh if query intent is relevant; preserve URL; improve sections tied to visible queries.
B_indexed_or_visible_refresh,387.76,s22---7-day-ai-design-challenge,S22 7 Day AI Design Challenge: A Practical Lovart Workflow Guide,1,97,1.03,8.55,,,,8942,63,False,True,2026-05-05T10:00:00+08:00,s22---7-day-ai-design-challenge,https://www.lovart.ai/blog/s22---7-day-ai-design-challenge,Refresh if query intent is relevant; preserve URL; improve sections tied to visible queries.
B_indexed_or_visible_refresh,386.96,ai-design-tools-free-tiers-compared,Best Free AI Design Tools 2026: Free Tiers Compared | Lovart,1,87,1.15,6.62,lovart ai free credits,4.5,lovart ai free credits (0c/2i/pos 4.5) | free i want (0c/1i/pos 7.0) | is lovart ai free (0c/1i/pos 1.0),6573,37,False,True,2026-04-14T10:00:00+08:00,bd-ai-design-tools-free-tiers-compared,https://www.lovart.ai/blog/ai-design-tools-free-tiers-compared,Refresh if query intent is relevant; preserve URL; improve sections tied to visible queries.
B_indexed_or_visible_refresh,386.32,best-ai-design-agent-for-realtor,"Best AI Design Agent for Realtors: Property Listing Flyers, Open House Signage & Community Guides by Lovart",1,79,1.27,7.49,site:lovart.ai lovart support email,3.0,site:lovart.ai lovart support email (0c/1i/pos 3.0),7709,55,False,True,2026-02-08T10:00:00+08:00,best-ai-design-agent-for-realtor,https://www.lovart.ai/blog/best-ai-design-agent-for-realtor,Refresh if query intent is relevant; preserve URL; improve sections tied to visible queries.
B_indexed_or_visible_refresh,385.44,lovart-descript-video-editing-workflow,Lovart Descript Video Editing Workflow: A Practical Lovart Workflow Guide,1,68,1.47,7.85,,,,8987,63,False,True,2025-04-14T08:13:00+08:00,stack-descript-lovart,https://www.lovart.ai/blog/lovart-descript-video-editing-workflow,Refresh if query intent is relevant; preserve URL; improve sections tied to visible queries.
B_indexed_or_visible_refresh,385.28,brand-kit-wine-bar-lovart,Wine Bar Brand Kit: Sophisticated Visual Identity That Pours Atmosphere Before the First Glass,1,66,1.52,7.42,wine bar branding,3.0,wine bar branding (1c/1i/pos 3.0) | #d4a574 (0c/20i/pos 7.2) | d4a574 (0c/5i/pos 8.2) | #d4a574 color (0c/2i/pos 7.5),6204,48,False,True,2025-09-23T10:00:00+08:00,brand-kit-wine-bar-lovart,https://www.lovart.ai/blog/brand-kit-wine-bar-lovart,Refresh if query intent is relevant; preserve URL; improve sections tied to visible queries.
B_indexed_or_visible_refresh,384.96,brand-kit-plant-shop-lovart,Plant Shop Brand Kit: Leafy Visual Identity That Helps Your Business Grow Organically,1,62,1.61,7.44,#e8a0bf,10.08,#e8a0bf (0c/13i/pos 10.1),6640,43,False,True,2025-11-13T10:00:00+08:00,brand-kit-plant-shop-lovart,https://www.lovart.ai/blog/brand-kit-plant-shop-lovart,Refresh if query intent is relevant; preserve URL; improve sections tied to visible queries.
B_indexed_or_visible_refresh,384.8,best-ai-design-agent-for-handmade-seller,Best AI Design Agent For Handmade Seller: A Practical Lovart Workflow Guide,1,60,1.67,16.15,,,,8997,63,False,True,2026-02-21T10:00:00+08:00,best-ai-design-agent-for-handmade-seller,https://www.lovart.ai/blog/best-ai-design-agent-for-handmade-seller,Refresh if query intent is relevant; preserve URL; improve sections tied to visible queries.
B_indexed_or_visible_refresh,383.52,how-to-edit-faces-portraits-smile-ai,"How to Edit Faces, Portraits & Smiles with AI — The Complete Face Retouch Guide",4,169,2.37,9.69,lovart ai,4.0,lovart ai (1c/1i/pos 4.0) | change smile (0c/2i/pos 43.0),10813,55,False,True,2026-03-08T10:00:00+08:00,how-to-edit-faces-portraits-smile-ai,https://www.lovart.ai/blog/how-to-edit-faces-portraits-smile-ai,Refresh if query intent is relevant; preserve URL; improve sections tied to visible queries.
B_indexed_or_visible_refresh,377.76,lovart-digest-july-2026-week1,Lovart Digest July 2026 Week1: A Practical Lovart Workflow Guide,0,97,0.0,6.84,,,,8942,63,False,True,2025-11-17T10:00:00+08:00,lovart-digest-july-2026-week1,https://www.lovart.ai/blog/lovart-digest-july-2026-week1,Refresh if query intent is relevant; preserve URL; improve sections tied to visible queries.
B_indexed_or_visible_refresh,377.68,how-to-chat-generate-ui-layout-lovart,How To Chat Generate UI Layout Lovart: A Practical Lovart Workflow Guide,0,96,0.0,10.79,,,,8982,63,False,True,2026-04-08T10:00:00+08:00,how-to-chat-generate-ui-layout-lovart,https://www.lovart.ai/blog/how-to-chat-generate-ui-layout-lovart,Refresh if query intent is relevant; preserve URL; improve sections tied to visible queries.
B_indexed_or_visible_refresh,377.6,animate-old-photos-ai-2026,Animate Old Photos AI 2026: A Practical Lovart Workflow Guide,0,95,0.0,9.27,best ai tools to animate old photos 2026,18.4,best ai tools to animate old photos 2026 (0c/5i/pos 18.4) | best tools to animate old photos 2026 (0c/4i/pos 18.0) | best ai tools to animate old family photos 2026 (0c/3i/pos 9.3) | best ai tools to animate old photos into video 2026 (0c/2i/pos 13.5) | best tools for animating old photos 2026 (0c/1i/pos 12.0),8927,63,False,True,2026-04-08T10:00:00+08:00,03dda55d-b5c5-4832-8319-a3e435422471,https://www.lovart.ai/blog/animate-old-photos-ai-2026,Refresh if query intent is relevant; preserve URL; improve sections tied to visible queries.
B_indexed_or_visible_refresh,377.44,how-to-add-textured-grain-posters,How To Add Textured Grain Posters: A Practical Lovart Workflow Guide,0,93,0.0,15.13,textured grains design trend 2025,18.57,textured grains design trend 2025 (0c/7i/pos 18.6) | poster grain (0c/2i/pos 21.0) | grain poster (0c/1i/pos 17.0),8962,63,False,True,2026-03-08T10:00:00+08:00,ab8ab79a-be8e-4fc9-93d5-b7c822d58d14,https://www.lovart.ai/blog/how-to-add-textured-grain-posters,Refresh if query intent is relevant; preserve URL; improve sections tied to visible queries.
B_indexed_or_visible_refresh,377.12,how-to-chat-generate-mockup-lovart,How To Chat Generate Mockup Lovart: A Practical Lovart Workflow Guide,0,89,0.0,7.79,lovart ai mockup generator,6.0,lovart ai mockup generator (0c/1i/pos 6.0),8967,63,False,True,2025-10-25T10:00:00+08:00,how-to-chat-generate-mockup-lovart,https://www.lovart.ai/blog/how-to-chat-generate-mockup-lovart,Refresh if query intent is relevant; preserve URL; improve sections tied to visible queries.
B_indexed_or_visible_refresh,376.8,04-best-practice-touch-edit,Best Practice: Touch Edit — 3 Essential Gestures Every Designer Should Know,0,85,0.0,7.38,lovart touch edit,6.0,lovart touch edit (0c/6i/pos 6.0) | touch edit (0c/4i/pos 8.8),7804,73,False,True,2026-03-22T10:00:00+08:00,04-best-practice-touch-edit,https://www.lovart.ai/blog/04-best-practice-touch-edit,Refresh if query intent is relevant; preserve URL; improve sections tied to visible queries.
B_indexed_or_visible_refresh,376.4,how-to-design-restaurant-menu-brand-ai,How To Design Restaurant Menu Brand AI: A Practical Lovart Workflow Guide,0,80,0.0,15.31,,,,8987,63,False,True,2026-05-10T10:00:00+08:00,how-to-design-restaurant-menu-brand-ai,https://www.lovart.ai/blog/how-to-design-restaurant-menu-brand-ai,Refresh if query intent is relevant; preserve URL; improve sections tied to visible queries.
B_indexed_or_visible_refresh,376.16,why-i-tested-seaart,Why I tested SeaArt,0,77,0.0,7.94,,,,8709,81,False,True,2026-02-18T10:00:00+08:00,why-i-tested-seaart,https://www.lovart.ai/blog/why-i-tested-seaart,Refresh if query intent is relevant; preserve URL; improve sections tied to visible queries.
B_indexed_or_visible_refresh,375.52,adobe-express-vs-lovart-comparison,Adobe Express vs Lovart — Which AI Design Tool Is Right for You? (2026),0,69,0.0,11.91,what are the best adobe express pricing options across different apps and platforms?,9.0,"what are the best adobe express pricing options across different apps and platforms? (0c/1i/pos 9.0) | what are the differences between adobe express and other design tools in terms of features, pricing, and ease of use? (0c/1i/pos 10.0) | what are the differences between adobe express and other similar apps available on mobile and desktop platforms? (0c/1i/pos 23.0) | what are the top free trial options for adobe express on the web platform compared to other similar tools? (0c/1i/pos 14.0) | what are the top pricing options for adobe express available on the online platform? (0c/1i/pos 8.0)",6398,114,False,True,2025-12-30T10:00:00+08:00,adobe-express-vs-lovart-comparison,https://www.lovart.ai/blog/adobe-express-vs-lovart-comparison,Refresh if query intent is relevant; preserve URL; improve sections tied to visible queries.
B_indexed_or_visible_refresh,375.52,invideo-vs-lovart-video-editing-comparison,InVideo vs Lovart — Video Editing Platform vs AI Design Agent,0,69,0.0,13.87,,,,6233,101,False,True,2025-09-01T10:00:00+08:00,invideo-vs-lovart-video-editing-comparison,https://www.lovart.ai/blog/invideo-vs-lovart-video-editing-comparison,Refresh if query intent is relevant; preserve URL; improve sections tied to visible queries.
B_indexed_or_visible_refresh,375.44,s21---lovart-customer-success-story,Lovart Customer Success: How a DTC Brand Transformed Their Visual Marketing,0,68,0.0,7.96,,,,6355,47,False,True,2026-04-01T10:00:00+08:00,s21---lovart-customer-success-story,https://www.lovart.ai/blog/s21---lovart-customer-success-story,Refresh if query intent is relevant; preserve URL; improve sections tied to visible queries.
B_indexed_or_visible_refresh,375.2,best-ai-design-agent-for-dropshipper,Best AI Design Agent For Dropshipper: A Practical Lovart Workflow Guide,0,65,0.0,18.95,ai dropshipping,2.33,ai dropshipping (0c/3i/pos 2.3) | dropshipping with ai (0c/1i/pos 10.0) | how does ai drop shipping work (0c/1i/pos 2.0),8977,63,False,True,2026-05-13T10:00:00+08:00,best-ai-design-agent-for-dropshipper,https://www.lovart.ai/blog/best-ai-design-agent-for-dropshipper,Refresh if query intent is relevant; preserve URL; improve sections tied to visible queries.
B_indexed_or_visible_refresh,374.4,ai-design-agent-for-artisan-bakery-branding,"The High-End Craft, Low-Budget Visual Paradox",0,55,0.0,10.38,(lovart.ai what does it sell or promote site:lovart.ai) site:www.lovart.ai,5.73,(lovart.ai what does it sell or promote site:lovart.ai) site:www.lovart.ai (0c/11i/pos 5.7),8752,45,False,True,2026-02-11T10:00:00+08:00,ai-design-agent-for-artisan-bakery-branding,https://www.lovart.ai/blog/ai-design-agent-for-artisan-bakery-branding,Refresh if query intent is relevant; preserve URL; improve sections tied to visible queries.
B_indexed_or_visible_refresh,374.4,canva-alternatives-2026,Canva Alternatives 2026: Best Picks for Faster Design Workflows | Lovart,0,55,0.0,14.42,best canva alternatives in 2026,40.14,best canva alternatives in 2026 (0c/7i/pos 40.1) | 2026년 최고의 캔바 대안 (0c/3i/pos 83.0) | site:www.lovart.ai (0c/3i/pos 14.3) | any other (0c/1i/pos 1.0) | canva (0c/1i/pos 21.0),7221,38,False,True,2025-10-27T10:00:00+08:00,bd-canva-alternatives-2026,https://www.lovart.ai/blog/canva-alternatives-2026,Refresh if query intent is relevant; preserve URL; improve sections tied to visible queries.
B_indexed_or_visible_refresh,374.4,step-by-step-youtube-thumbnails-without-photoshop,Step-by-Step YouTube Thumbnails Without Photoshop: A Complete Lovart Guide,0,55,0.0,13.76,,,,6741,34,False,True,2026-02-14T10:00:00+08:00,step-by-step-youtube-thumbnails-without-photoshop,https://www.lovart.ai/blog/step-by-step-youtube-thumbnails-without-photoshop,Refresh if query intent is relevant; preserve URL; improve sections tied to visible queries.
B_indexed_or_visible_refresh,374.16,adobe-firefly-alternatives-2026,Adobe Firefly Alternatives 2026: Best Picks for Image & Design Workflows | Lovart,0,52,0.0,18.46,adobe firefly alternatives,20.0,adobe firefly alternatives (0c/6i/pos 20.0) | adobe firefly alternative (0c/4i/pos 41.2) | alternatives to adobe firefly (0c/1i/pos 1.0) | firefly alternatives (0c/1i/pos 1.0),7320,33,,True,2026-01-16T10:00:00+08:00,bd-adobe-firefly-alternatives-2026,https://www.lovart.ai/blog/adobe-firefly-alternatives-2026,Refresh if query intent is relevant; preserve URL; improve sections tied to visible queries.
B_indexed_or_visible_refresh,374.08,step-by-step-illustration-without-photoshop,Step-by-Step Illustration Without Photoshop: Create Custom Artwork with Lovart in 5 Steps,0,51,0.0,15.41,,,,7871,34,False,True,2025-09-09T10:00:00+08:00,step-by-step-illustration-without-photoshop,https://www.lovart.ai/blog/step-by-step-illustration-without-photoshop,Refresh if query intent is relevant; preserve URL; improve sections tied to visible queries.
B_indexed_or_visible_refresh,374.0,best-ai-design-agent-for-ria-advisor,Best AI Design Agent For Ria Advisor: A Practical Lovart Workflow Guide,0,50,0.0,10.1,,,,8977,63,False,True,2026-03-24T10:00:00+08:00,best-ai-design-agent-for-ria-advisor,https://www.lovart.ai/blog/best-ai-design-agent-for-ria-advisor,Refresh if query intent is relevant; preserve URL; improve sections tied to visible queries.
B_indexed_or_visible_refresh,368.96,evoto-alternative,Evoto Alternative: When to Use a Design Agent Instead,3,112,2.68,9.21,evoto alternatives,9.22,evoto alternatives (1c/9i/pos 9.2) | evoto ai free alternative (1c/6i/pos 4.0) | evoto alternative (0c/19i/pos 7.2) | evoto ai alternative (0c/4i/pos 6.8) | evoto ai alternatives (0c/2i/pos 19.0),10043,69,False,True,2025-10-13T10:00:00+08:00,1u5vaBwLndY1gqYUMVf0DE,https://www.lovart.ai/blog/evoto-alternative,Refresh if query intent is relevant; preserve URL; improve sections tied to visible queries.
B_indexed_or_visible_refresh,367.04,designing-a-menu-how-to-update-prices-on-an-image-without-regenerating-the-food,Designing a Menu: How to Update Prices on an Image Without Regenerating the Food,3,88,3.41,5.42,same menu design rate change,5.0,same menu design rate change (0c/4i/pos 5.0) | new price update (0c/1i/pos 3.0) | vizuál (0c/1i/pos 3.0),11005,56,False,True,2026-01-20T10:00:00+08:00,designing-a-menu-how-to-update-prices-on-an-image-without-regene,https://www.lovart.ai/blog/designing-a-menu-how-to-update-prices-on-an-image-without-regenerating-the-food,Refresh if query intent is relevant; preserve URL; improve sections tied to visible queries.
B_indexed_or_visible_refresh,366.56,comparison-lovart-vs-flora-ai,Comparison Lovart vs Flora AI: Compare the Workflow Before You Choose,3,82,3.66,12.48,flora ai alternatives,24.33,flora ai alternatives (0c/3i/pos 24.3) | lovart ai competitors (0c/1i/pos 42.0),10054,69,False,True,2026-03-10T10:00:00+08:00,blog-comparison-lovart-vs-flora-ai-en,https://www.lovart.ai/blog/comparison-lovart-vs-flora-ai,Refresh if query intent is relevant; preserve URL; improve sections tied to visible queries.
B_indexed_or_visible_refresh,358.88,best-ai-design-agent-for-freelancers,Best AI Design Agent For Freelancers: A Practical Lovart Workflow Guide,1,361,0.28,20.87,design agent,43.65,design agent (0c/26i/pos 43.7) | ai design agents (0c/22i/pos 52.6) | site:lovart.ai lovart ai design agent (0c/22i/pos 9.4) | freelance ai designers (0c/18i/pos 20.0) | hire ai designers (0c/6i/pos 42.0),8977,63,False,True,2026-04-06T10:00:00+08:00,3f4d5c04-0fd3-4334-b3ef-165595f9076a,https://www.lovart.ai/blog/best-ai-design-agent-for-freelancers,Refresh if query intent is relevant; preserve URL; improve sections tied to visible queries.
B_indexed_or_visible_refresh,358.88,best-ai-design-agent-for-freelancers,Best AI Design Agent For Freelancers: A Practical Lovart Workflow Guide,1,361,0.28,20.87,design agent,43.65,design agent (0c/26i/pos 43.7) | ai design agents (0c/22i/pos 52.6) | site:lovart.ai lovart ai design agent (0c/22i/pos 9.4) | freelance ai designers (0c/18i/pos 20.0) | hire ai designers (0c/6i/pos 42.0),8977,63,False,True,2026-04-06T10:00:00+08:00,blog-best-ai-design-agent-for-freelancers-en,https://www.lovart.ai/blog/best-ai-design-agent-for-freelancers,Refresh if query intent is relevant; preserve URL; improve sections tied to visible queries.
B_indexed_or_visible_refresh,358.16,04-cluster-best-ai-video-generators,Best AI Video Generators Compared: The Ultimate 2026 Guide,2,727,0.28,26.89,evaluate the generative ai company lovart on best ai video generation tool,2.75,evaluate the generative ai company lovart on best ai video generation tool (0c/4i/pos 2.8) | best ai video model for charts and graphs (0c/2i/pos 36.5) | what are the best low latency generative video platforms available for commercial use? (0c/1i/pos 68.0) | what are the top options for implementing low latency generative video? (0c/1i/pos 67.0),16508,182,False,True,2025-09-19T10:00:00+08:00,04-cluster-best-ai-video-generators,https://www.lovart.ai/blog/04-cluster-best-ai-video-generators,Refresh if query intent is relevant; preserve URL; improve sections tied to visible queries.
B_indexed_or_visible_refresh,357.92,brand-kit-gym-lovart,Brand Kit for Gyms: Complete Visual Identity Guide with Lovart's AI Design Agent,2,99,2.02,9.18,#f5f0e8,11.0,#f5f0e8 (0c/3i/pos 11.0) | lovart ai design agent brand kit official (0c/1i/pos 10.0),9689,42,False,True,2025-10-24T10:00:00+08:00,brand-kit-gym-lovart,https://www.lovart.ai/blog/brand-kit-gym-lovart,Refresh if query intent is relevant; preserve URL; improve sections tied to visible queries.
B_indexed_or_visible_refresh,357.84,brand-kit-florist-lovart,Brand Kit for Florists: Complete Visual Identity Guide with Lovart's AI Design Agent,2,98,2.04,8.61,#c49a9a,10.6,#c49a9a (0c/5i/pos 10.6) | #e8c4c4 (0c/2i/pos 11.0) | #f7f3eb (0c/1i/pos 12.0) | florist brand (0c/1i/pos 15.0),10652,40,False,True,2026-04-23T10:00:00+08:00,brand-kit-florist-lovart,https://www.lovart.ai/blog/brand-kit-florist-lovart,Refresh if query intent is relevant; preserve URL; improve sections tied to visible queries.
B_indexed_or_visible_refresh,357.12,complete-guide-ai-banner-display-ad-design,The 2026 Complete Guide to AI Banner & Display Ad Design,2,89,2.25,13.48,generative ai display advertising,22.67,generative ai display advertising (0c/6i/pos 22.7) | ai generated banner ads (0c/3i/pos 21.7) | banner ads ai (0c/1i/pos 22.0) | how does ai banner generation work and can it maintain brand consistency across hundreds of variations (0c/1i/pos 9.0) | what are the latest ad makers available and how do they compare to each other? (0c/1i/pos 13.0),76868,426,False,True,2025-12-12T10:00:00+08:00,complete-guide-ai-banner-display-ad-design,https://www.lovart.ai/blog/complete-guide-ai-banner-display-ad-design,Refresh if query intent is relevant; preserve URL; improve sections tied to visible queries.
B_indexed_or_visible_refresh,357.12,for-restaurant-owners-building-a-premium-brand-identity-with-ai-on-a-budget,For Restaurant Owners: Building a Premium Brand Identity with AI on a Budget,2,89,2.25,9.55,ai interior design for restaurant,70.5,ai interior design for restaurant (0c/2i/pos 70.5),18399,66,False,True,2025-09-02T10:00:00+08:00,for-restaurant-owners-building-a-premium-brand-identity-with-ai-,https://www.lovart.ai/blog/for-restaurant-owners-building-a-premium-brand-identity-with-ai-on-a-budget,Refresh if query intent is relevant; preserve URL; improve sections tied to visible queries.
B_indexed_or_visible_refresh,356.32,brand-kit-coffee-shop-lovart,Brand Kit for Coffee Shops: Complete Visual Identity Guide with Lovart's AI Design Agent,2,79,2.53,11.28,site:lovart.ai lovart support contact,10.0,site:lovart.ai lovart support contact (0c/1i/pos 10.0),10301,44,False,True,2026-03-17T10:00:00+08:00,brand-kit-coffee-shop-lovart,https://www.lovart.ai/blog/brand-kit-coffee-shop-lovart,Refresh if query intent is relevant; preserve URL; improve sections tied to visible queries.
B_indexed_or_visible_refresh,355.12,ai-design-for-architecture-firms-2026,"AI Design for Architecture Firms — Renderings, Proposals & Client Presentations",2,64,3.12,6.81,,,,11056,89,False,True,2026-02-07T10:00:00+08:00,ai-design-for-architecture-firms-2026,https://www.lovart.ai/blog/ai-design-for-architecture-firms-2026,Refresh if query intent is relevant; preserve URL; improve sections tied to visible queries.
B_indexed_or_visible_refresh,355.12,lovart-vs-winatra,Lovart vs Winatra: Compare the Workflow Before You Choose,2,64,3.12,11.91,winatra,3.75,winatra (1c/8i/pos 3.8) | winatra ai app download (1c/2i/pos 1.0),9970,69,False,True,2026-04-29T10:00:00+08:00,blog-lovart-vs-winatra-en,https://www.lovart.ai/blog/lovart-vs-winatra,Refresh if query intent is relevant; preserve URL; improve sections tied to visible queries.
B_indexed_or_visible_refresh,354.64,back-to-school-student-ai-toolkit-2026,"Back-to-School AI Design Toolkit — Posters, Presentations & Projects for Students",2,58,3.45,9.97,ai for science fair slides,80.0,ai for science fair slides (0c/1i/pos 80.0),12350,61,False,True,2026-01-05T10:00:00+08:00,back-to-school-student-ai-toolkit-2026,https://www.lovart.ai/blog/back-to-school-student-ai-toolkit-2026,Refresh if query intent is relevant; preserve URL; improve sections tied to visible queries.
B_indexed_or_visible_refresh,350.4,a2-how-to-upscale-images-4k-ai,AI Image Upscaler: Enhance Photos to 4K Without Quality Loss,2,630,0.32,25.59,ai 4k,45.44,ai 4k (0c/18i/pos 45.4) | 4k ai upscaling (0c/12i/pos 58.4) | 4k upscaler (0c/12i/pos 67.8) | 4k upscale (0c/11i/pos 50.1) | ai super upscaling 4k (0c/11i/pos 38.2),13398,73,False,True,2025-09-12T10:00:00+08:00,a2-how-to-upscale-images-4k-ai,https://www.lovart.ai/blog/a2-how-to-upscale-images-4k-ai,Refresh if query intent is relevant; preserve URL; improve sections tied to visible queries.
B_indexed_or_visible_refresh,347.92,ai-movie-poster-tools-compared,AI Movie Poster Makers Compared: Film Poster AI vs CinePoster vs Lovart,1,224,0.45,25.39,most recommended ai for cinematic posters,53.87,most recommended ai for cinematic posters (0c/47i/pos 53.9) | best ai movie poster generator (0c/16i/pos 64.6) | cineposter (0c/10i/pos 6.9) | best ai image generator for movie posters (0c/6i/pos 78.8) | what are the differences between various ai animation generators for creating posters (0c/2i/pos 30.5),8841,69,False,True,2026-04-25T10:00:00+08:00,ai-movie-poster-tools-compared,https://www.lovart.ai/blog/ai-movie-poster-tools-compared,Refresh if query intent is relevant; preserve URL; improve sections tied to visible queries.
B_indexed_or_visible_refresh,347.68,05-mid-year-sale-ecommerce-guide,Mid-Year Sale Design Guide: Conversion-Focused E-Commerce Visuals,1,96,1.04,7.16,,,,11531,118,False,True,2025-12-24T10:00:00+08:00,05-mid-year-sale-ecommerce-guide,https://www.lovart.ai/blog/05-mid-year-sale-ecommerce-guide,Refresh if query intent is relevant; preserve URL; improve sections tied to visible queries.
B_indexed_or_visible_refresh,347.68,canva-vs-adobe-express-2026,Canva vs Adobe Express 2026: Compare the Workflow Before You Choose,1,96,1.04,8.96,adobe express vs canva 2026,21.5,"adobe express vs canva 2026 (0c/4i/pos 21.5) | adobe express free plan official 2026 (0c/3i/pos 8.3) | -site:facebook.com -site:fb.me -site:youtube.com -site:youtu.be -site:youtube.be -site:twitter.com -site:instagram.com -site:tiktok.com -site:vm.tiktok.com -site:t.co -site:x.com -site:reddit.com ""adobe express"" (0c/1i/pos 24.0) | adobe express canva (0c/1i/pos 4.0) | adobe express free official 2026 (0c/1i/pos 10.0)",10040,69,False,True,2025-10-18T10:00:00+08:00,bp-canva-vs-adobe-express-2026,https://www.lovart.ai/blog/canva-vs-adobe-express-2026,Refresh if query intent is relevant; preserve URL; improve sections tied to visible queries.
B_indexed_or_visible_refresh,347.28,best-ai-design-agent-for-hair-salons,Best Ai Design Agent For Hair Salons,1,91,1.1,11.64,salon ai agents,10.0,salon ai agents (0c/4i/pos 10.0) | ai salon design (0c/2i/pos 11.0) | beauty salon manager ai agent (0c/2i/pos 21.0) | ai add (0c/1i/pos 11.0) | site:lovart.ai lovart ai design agent (0c/1i/pos 7.0),12358,167,False,True,2025-12-24T10:00:00+08:00,best-ai-design-agent-for-hair-salons,https://www.lovart.ai/blog/best-ai-design-agent-for-hair-salons,Refresh if query intent is relevant; preserve URL; improve sections tied to visible queries.
B_indexed_or_visible_refresh,346.8,how-to-create-backgrounds-wallpapers-ai,How to Create Backgrounds & Wallpapers with AI — Aesthetic Patterns for Any Screen,1,85,1.18,10.13,a wallpaper,39.0,a wallpaper (0c/1i/pos 39.0) | ai wallpaper (0c/1i/pos 15.0) | how to set up dual monitor wallpaper (0c/1i/pos 1.0),9912,74,False,True,2025-12-16T10:00:00+08:00,how-to-create-backgrounds-wallpapers-ai,https://www.lovart.ai/blog/how-to-create-backgrounds-wallpapers-ai,Refresh if query intent is relevant; preserve URL; improve sections tied to visible queries.
B_indexed_or_visible_refresh,346.16,user-persona-journey-maps-ai-design-2027,Creating User Personas and Journey Maps with AI: A Designer's Guide for 2026,1,77,1.3,7.08,,,,17773,123,False,True,2025-10-23T10:00:00+08:00,user-persona-journey-maps-ai-design-2027,https://www.lovart.ai/blog/user-persona-journey-maps-ai-design-2027,Refresh if query intent is relevant; preserve URL; improve sections tied to visible queries.
B_indexed_or_visible_refresh,345.12,reverse-engineer-video-into-prompt,Reverse-Engineer Any Video Into a Prompt: AI Video-to-Prompt Guide,1,64,1.56,7.23,,,,19789,188,False,True,2025-12-11T10:00:00+08:00,blog-reveng-en,https://www.lovart.ai/blog/reverse-engineer-video-into-prompt,Refresh if query intent is relevant; preserve URL; improve sections tied to visible queries.
B_indexed_or_visible_refresh,344.8,brand-kit-coach-lovart,Brand Kit for Coaches: Complete Visual Identity Guide with Lovart's AI Design Agent,1,60,1.67,8.57,#d4a843,9.75,#d4a843 (0c/4i/pos 9.8) | kleurenprofiel voor coaches (0c/1i/pos 80.0),10467,42,False,True,2025-10-16T10:00:00+08:00,brand-kit-coach-lovart,https://www.lovart.ai/blog/brand-kit-coach-lovart,Refresh if query intent is relevant; preserve URL; improve sections tied to visible queries.
B_indexed_or_visible_refresh,344.8,clutter-why-simple-thumbnails-perform-better,Clutter: Why Simple Thumbnails Perform Better (and How to Remove Noise),1,60,1.67,6.68,,,,10539,51,False,True,2025-12-06T10:00:00+08:00,clutter-why-simple-thumbnails-perform-better,https://www.lovart.ai/blog/clutter-why-simple-thumbnails-perform-better,Refresh if query intent is relevant; preserve URL; improve sections tied to visible queries.
B_indexed_or_visible_refresh,344.56,best-ai-design-agent-for-dessert-shop-owner,Best AI Design Agent For Dessert Shop Owner: A Practical Lovart Workflow Guide,1,57,1.75,11.7,dessert+realtor,9.0,dessert+realtor (0c/1i/pos 9.0),9012,63,False,True,2026-01-01T10:00:00+08:00,best-ai-design-agent-for-dessert-shop-owner,https://www.lovart.ai/blog/best-ai-design-agent-for-dessert-shop-owner,Refresh if query intent is relevant; preserve URL; improve sections tied to visible queries.
B_indexed_or_visible_refresh,344.48,ideogram-ai-alternative,Ideogram AI Alternative: When to Use a Design Agent Instead,1,56,1.79,11.12,,,,10085,69,False,True,2026-03-20T10:00:00+08:00,o6YkSZCNskGrZicahpYn20,https://www.lovart.ai/blog/ideogram-ai-alternative,Refresh if query intent is relevant; preserve URL; improve sections tied to visible queries.
B_indexed_or_visible_refresh,344.4,facetune-alternative,Facetune Alternative: When to Use a Design Agent Instead,1,55,1.82,11.69,facetune alternative,9.14,facetune alternative (0c/7i/pos 9.1) | facetune free alternative (0c/5i/pos 8.4) | free facetune alternative (0c/4i/pos 10.5) | apps like facetune but free (0c/2i/pos 40.0) | facetune competitor (0c/2i/pos 7.5),10064,69,False,True,2025-12-03T10:00:00+08:00,5OcAE57ZPh7ef83a6AOBX6,https://www.lovart.ai/blog/facetune-alternative,Refresh if query intent is relevant; preserve URL; improve sections tied to visible queries.
B_indexed_or_visible_refresh,344.16,best-ai-design-agent-for-aesthetics-studio,Best AI Design Agent For Aesthetics Studio: A Practical Lovart Workflow Guide,1,52,1.92,9.54,dermal filler consultation ai agent,13.5,dermal filler consultation ai agent (0c/6i/pos 13.5) | aesthetic agent (0c/4i/pos 4.8) | aesthetic treatment consent ai agent (0c/2i/pos 29.0) | ai aesthetic studio (0c/2i/pos 7.5) | lovart (0c/1i/pos 6.0),9007,63,False,True,2025-09-24T10:00:00+08:00,best-ai-design-agent-for-aesthetics-studio,https://www.lovart.ai/blog/best-ai-design-agent-for-aesthetics-studio,Refresh if query intent is relevant; preserve URL; improve sections tied to visible queries.
B_indexed_or_visible_refresh,344.16,best-ai-design-agent-for-lash-technician,"Best AI Design Agent for Lash Technicians: Lash Menus, Style Guides & Eyelash Extension Visuals by Lovart",1,52,1.92,9.06,,,,17148,47,False,True,2026-03-12T10:00:00+08:00,best-ai-design-agent-for-lash-technician,https://www.lovart.ai/blog/best-ai-design-agent-for-lash-technician,Refresh if query intent is relevant; preserve URL; improve sections tied to visible queries.
B_indexed_or_visible_refresh,344.08,best-ai-design-agent-for-bookstore-owners,Best AI Design Agent For Bookstore Owners: A Practical Lovart Workflow Guide,1,51,1.96,7.82,bookstore chatbot template,19.67,bookstore chatbot template (0c/3i/pos 19.7) | bookstore ai (0c/1i/pos 11.0) | evaluate the generative ai company lovart on cost-effective professional ai creative stack (0c/1i/pos 1.0),9002,63,False,True,2026-04-28T10:00:00+08:00,blog-best-ai-design-agent-for-bookstore-owners-en,https://www.lovart.ai/blog/best-ai-design-agent-for-bookstore-owners,Refresh if query intent is relevant; preserve URL; improve sections tied to visible queries.
B_indexed_or_visible_refresh,344.08,gimp-vs-lovart-free-open-source-vs-ai-agent,Gimp vs Lovart Free Open Source vs AI Agent: Compare the Workflow Before You Choose,1,51,1.96,8.25,gimp ai free,11.0,gimp ai free (0c/2i/pos 11.0) | gimp (0c/1i/pos 5.0) | lovart free (0c/1i/pos 8.0),10152,69,False,True,2025-12-07T10:00:00+08:00,gimp-vs-lovart-free-open-source-vs-ai-agent,https://www.lovart.ai/blog/gimp-vs-lovart-free-open-source-vs-ai-agent,Refresh if query intent is relevant; preserve URL; improve sections tied to visible queries.
B_indexed_or_visible_refresh,344.0,adcreative-ai-vs-canva-vs-lovart,Adcreative AI vs Canva vs Lovart: Compare the Workflow Before You Choose,1,50,2.0,10.22,lovart vs canva,11.5,lovart vs canva (0c/2i/pos 11.5),10075,69,False,True,2026-03-27T10:00:00+08:00,blog-adcreative-ai-vs-canva-vs-lovart-en,https://www.lovart.ai/blog/adcreative-ai-vs-canva-vs-lovart,Refresh if query intent is relevant; preserve URL; improve sections tied to visible queries.
B_indexed_or_visible_refresh,340.64,ai-design-contracts-freelancers-agencies-should-include,AI Design Contracts Freelancers Agencies Should Include: A Practical Lovart Workflow Guide,8,133,6.02,10.31,ai art legal consultancy,81.6,ai art legal consultancy (0c/5i/pos 81.6),9072,63,False,True,2026-01-23T10:00:00+08:00,ai-design-contracts-freelancers-agencies-should-include,https://www.lovart.ai/blog/ai-design-contracts-freelancers-agencies-should-include,Refresh if query intent is relevant; preserve URL; improve sections tied to visible queries.
B_indexed_or_visible_refresh,340.4,heygen-vs-lovart-talking-avatar-comparison,HeyGen vs Lovart — Which AI Talking Avatar Tool Actually Delivers?,0,255,0.0,22.31,compare ai avatar generator tools with heygen to understand the differences in features and capabilities.,17.0,compare ai avatar generator tools with heygen to understand the differences in features and capabilities. (0c/1i/pos 17.0) | engineer avatars (0c/1i/pos 1.0) | heygen (0c/1i/pos 35.0),6326,116,False,True,2026-05-15T10:00:00+08:00,heygen-vs-lovart-talking-avatar-comparison,https://www.lovart.ai/blog/heygen-vs-lovart-talking-avatar-comparison,Refresh if query intent is relevant; preserve URL; improve sections tied to visible queries.
B_indexed_or_visible_refresh,337.92,seedance-video-production-workflow-case-study,Seedance Video Production Workflow — A Real 30-Video Campaign Case Study,0,99,0.0,14.27,,,,12489,119,False,True,2026-04-30T10:00:00+08:00,seedance-video-production-workflow-case-study,https://www.lovart.ai/blog/seedance-video-production-workflow-case-study,Refresh if query intent is relevant; preserve URL; improve sections tied to visible queries.
B_indexed_or_visible_refresh,337.76,vistacreate-alternative,VistaCreate Alternative: When to Use a Design Agent Instead,0,97,0.0,9.04,,,,10085,69,False,True,2026-02-23T10:00:00+08:00,o6YkSZCNskGrZicahpYwN6,https://www.lovart.ai/blog/vistacreate-alternative,Refresh if query intent is relevant; preserve URL; improve sections tied to visible queries.
B_indexed_or_visible_refresh,337.6,https-www-lovart-ai-zh-blog-how-to-create-fb-ads-with-brand-kit,How To Create FB Ads With Brand Kit,0,95,0.0,8.96,,,,20920,99,False,True,2026-03-20T10:00:00+08:00,https-www-lovart-ai-zh-blog-how-to-create-fb-ads-with-brand-kit,https://www.lovart.ai/blog/https-www-lovart-ai-zh-blog-how-to-create-fb-ads-with-brand-kit,Refresh if query intent is relevant; preserve URL; improve sections tied to visible queries.
B_indexed_or_visible_refresh,337.44,02-industry-fitness-studio-content,Fitness Studio 30-Day Content Calendar: AI-Powered Social Media That Fills Classes,0,93,0.0,14.37,fitness social media content calendar,14.0,fitness social media content calendar (0c/1i/pos 14.0) | gym social media calendar (0c/1i/pos 16.0) | gym social media post ideas (0c/1i/pos 1.0) | social media calendar fitness (0c/1i/pos 12.0) | social media fitness content calendar (0c/1i/pos 17.0),11758,73,False,True,2025-09-27T10:00:00+08:00,02-industry-fitness-studio-content,https://www.lovart.ai/blog/02-industry-fitness-studio-content,Refresh if query intent is relevant; preserve URL; improve sections tied to visible queries.
B_indexed_or_visible_refresh,337.44,live-editable-text-let-review-real-time-copy-editing-within-ai-images,Live Editable Text (LET) Review: Real-Time Copy Editing Within AI Images,0,93,0.0,6.82,,,,16182,72,False,True,2026-04-04T10:00:00+08:00,live-editable-text-LET-review-real-time-copy-editing-within-ai-images,https://www.lovart.ai/blog/live-editable-text-LET-review-real-time-copy-editing-within-ai-images; https://www.lovart.ai/blog/live-editable-text-let-review-real-time-copy-editing-within-ai-images,Refresh if query intent is relevant; preserve URL; improve sections tied to visible queries.
B_indexed_or_visible_refresh,337.44,live-editable-text-let-review-real-time-copy-editing-within-ai-images,Live Editable Text (LET) Review: Real-Time Copy Editing Within AI Images,0,93,0.0,6.82,,,,16359,71,False,True,2026-03-20T10:00:00+08:00,live-editable-text-let-review-real-time-copy-editing-within-ai-i,https://www.lovart.ai/blog/live-editable-text-LET-review-real-time-copy-editing-within-ai-images; https://www.lovart.ai/blog/live-editable-text-let-review-real-time-copy-editing-within-ai-images,Refresh if query intent is relevant; preserve URL; improve sections tied to visible queries.
B_indexed_or_visible_refresh,337.36,case-study-prank-video-face-swap-ai,How Comedy Creator Lucas Mendes Built a 200K-Follower Account with AI Face Swaps — Without Ever Showing His Real Face,0,92,0.0,9.15,what are the most recent online ai face generators and how do they compare to each other,15.0,what are the most recent online ai face generators and how do they compare to each other (0c/1i/pos 15.0) | who made the video (0c/1i/pos 3.0),14841,96,False,True,2025-10-02T10:00:00+08:00,case-study-prank-video-face-swap-ai,https://www.lovart.ai/blog/case-study-prank-video-face-swap-ai,Refresh if query intent is relevant; preserve URL; improve sections tied to visible queries.
B_indexed_or_visible_refresh,337.36,content-refresh-ai-video-brand-pillars-2027,Content Refresh AI Video Brand Pillars 2027: A Practical Lovart Workflow Guide,0,92,0.0,10.33,,,,9012,63,False,True,2026-04-08T10:00:00+08:00,content-refresh-ai-video-brand-pillars-2027,https://www.lovart.ai/blog/content-refresh-ai-video-brand-pillars-2027,Refresh if query intent is relevant; preserve URL; improve sections tied to visible queries.
B_indexed_or_visible_refresh,337.12,step-by-step-fb-post-cover-without-photoshop,Step By Step Fb Post Cover Without Photoshop: A Practical Lovart Workflow Guide,0,89,0.0,8.26,,,,9017,63,False,True,2025-11-06T10:00:00+08:00,step-by-step-fb-post-cover-without-photoshop,https://www.lovart.ai/blog/step-by-step-fb-post-cover-without-photoshop,Refresh if query intent is relevant; preserve URL; improve sections tied to visible queries.
B_indexed_or_visible_refresh,337.04,extracting-color-palettes-how-to-generate-a-brand-scheme-from-a-photo-you-love,Extracting Color Palettes: How to Generate a Brand Scheme from a Photo You Love,0,88,0.0,15.38,ai color palette from image,35.36,ai color palette from image (0c/11i/pos 35.4) | artificial intelligence ai change palette of picture (0c/6i/pos 16.3) | extract colors from logo (0c/1i/pos 24.0),14490,74,False,True,2025-12-05T10:00:00+08:00,extracting-color-palettes-how-to-generate-a-brand-scheme-from-a-,https://www.lovart.ai/blog/extracting-color-palettes-how-to-generate-a-brand-scheme-from-a-photo-you-love,Refresh if query intent is relevant; preserve URL; improve sections tied to visible queries.
B_indexed_or_visible_refresh,336.88,ai-design-agent-ecommerce-workflow,The Strategy-Execution Chasm: Bridging the Gap Between Brand Vision and AI Design Output,0,86,0.0,6.22,lovart revenue,1.0,lovart revenue (0c/1i/pos 1.0),19496,54,False,True,2025-12-10T10:00:00+08:00,ai-design-agent-ecommerce-workflow,https://www.lovart.ai/blog/ai-design-agent-ecommerce-workflow,Refresh if query intent is relevant; preserve URL; improve sections tied to visible queries.
B_indexed_or_visible_refresh,336.64,an-ultimated-guideline-to-make-a-linkedin-banner,An Ultimate Guideline to Make a LinkedIn Banner (Zero Experience Required),0,83,0.0,7.43,create a guide on trusted and safe youtube banner design practices for businesses looking to establish credibility and protect their brand reputation online.,44.0,create a guide on trusted and safe youtube banner design practices for businesses looking to establish credibility and protect their brand reputation online. (0c/1i/pos 44.0) | create linkedin banner with ai (0c/1i/pos 88.0) | how to make a custom banner in minecraft (0c/1i/pos 2.0) | linkedin banner what to put (0c/1i/pos 1.0),12437,67,False,True,2026-05-07T10:00:00+08:00,an-ultimated-guideline-to-make-a-linkedin-banner,https://www.lovart.ai/blog/an-ultimated-guideline-to-make-a-linkedIn-banner; https://www.lovart.ai/blog/an-ultimated-guideline-to-make-a-linkedin-banner,Refresh if query intent is relevant; preserve URL; improve sections tied to visible queries.
B_indexed_or_visible_refresh,336.64,lovart-video-capabilities-vs-separate-tools,Lovart Video Capabilities vs Separate Tools: Compare the Workflow Before You Choose,0,83,0.0,11.73,,,,10152,69,False,True,2025-10-12T10:00:00+08:00,lovart-video-capabilities-vs-separate-tools,https://www.lovart.ai/blog/lovart-video-capabilities-vs-separate-tools,Refresh if query intent is relevant; preserve URL; improve sections tied to visible queries.
B_indexed_or_visible_refresh,336.64,midjourney-limitations-ai-secondary-editing,Midjourney Limitations AI Secondary Editing: A Practical Lovart Workflow Guide,0,83,0.0,4.65,,,,9012,63,False,True,2025-11-16T10:00:00+08:00,midjourney-limitations-ai-secondary-editing,https://www.lovart.ai/blog/midjourney-limitations-ai-secondary-editing,Refresh if query intent is relevant; preserve URL; improve sections tied to visible queries.
B_indexed_or_visible_refresh,336.64,step-by-step-podcast-cover-art-without-photoshop,Step By Step Podcast Cover Art Without Photoshop: A Practical Lovart Workflow Guide,0,83,0.0,8.81,,,,9037,63,False,True,2026-03-30T10:00:00+08:00,step-by-step-podcast-cover-art-without-photoshop,https://www.lovart.ai/blog/step-by-step-podcast-cover-art-without-photoshop,Refresh if query intent is relevant; preserve URL; improve sections tied to visible queries.
B_indexed_or_visible_refresh,336.56,ai-design-for-tattoo-artists-studios,"AI Design for Tattoo Artists — Flash Sheets, Stencils & Studio Branding",0,82,0.0,13.18,tattoo,4.5,"tattoo (0c/2i/pos 4.5) | what are the best ai tattoo generators available on the web and how can they be used to create marketing creatives? (0c/2i/pos 16.0) | ai tattoo generator (0c/1i/pos 2.0) | are ai-generated tattoo previews accurate, safe, and ethical, and how can i fix issues like wrong skin tone or placement (0c/1i/pos 20.0) | compare the different online ai tattoo generator options available and their key features (0c/1i/pos 15.0)",10769,58,False,True,2026-01-22T10:00:00+08:00,ai-design-for-tattoo-artists-studios,https://www.lovart.ai/blog/ai-design-for-tattoo-artists-studios,Refresh if query intent is relevant; preserve URL; improve sections tied to visible queries.
B_indexed_or_visible_refresh,336.48,faceapp-alternative,FaceApp Alternative: When to Use a Design Agent Instead,0,81,0.0,13.96,faceapp alternative,9.36,faceapp alternative (0c/22i/pos 9.4) | best faceapp alternatives 2025 2026 (0c/3i/pos 10.0) | face app alternative (0c/2i/pos 26.0) | apps like faceapp but free (0c/1i/pos 56.0) | does faceapp use generative ai (0c/1i/pos 30.0),10057,69,False,True,2026-03-29T10:00:00+08:00,5OcAE57ZPh7ef83a6ANvW4,https://www.lovart.ai/blog/faceapp-alternative,Refresh if query intent is relevant; preserve URL; improve sections tied to visible queries.
B_indexed_or_visible_refresh,336.24,brand-kit-yoga-studio-lovart,Brand Kit for Yoga Studios: Complete Visual Identity Guide with Lovart's AI Design Agent,0,78,0.0,7.9,c4a882,9.0,c4a882 (0c/3i/pos 9.0) | #c4a882 (0c/1i/pos 8.0),11707,47,False,True,2025-11-08T10:00:00+08:00,brand-kit-yoga-studio-lovart,https://www.lovart.ai/blog/brand-kit-yoga-studio-lovart,Refresh if query intent is relevant; preserve URL; improve sections tied to visible queries.
B_indexed_or_visible_refresh,336.24,how-to-chat-generate-tiktok-ads-lovart,How to Chat-Generate TikTok Ads with Lovart — Spark Ads and In-Feed Creatives,0,78,0.0,7.83,site:lovart.ai lovart phone verification,5.33,site:lovart.ai lovart phone verification (0c/9i/pos 5.3),50870,226,False,True,2026-03-20T10:00:00+08:00,how-to-chat-generate-tiktok-ads-lovart,https://www.lovart.ai/blog/how-to-chat-generate-tiktok-ads-lovart,Refresh if query intent is relevant; preserve URL; improve sections tied to visible queries.
B_indexed_or_visible_refresh,336.08,step-by-step-linkedin-banner-without-photoshop,Step By Step Linkedin Banner Without Photoshop: A Practical Lovart Workflow Guide,0,76,0.0,11.12,,,,9027,63,False,True,2025-10-01T10:00:00+08:00,step-by-step-linkedin-banner-without-photoshop,https://www.lovart.ai/blog/step-by-step-linkedin-banner-without-photoshop,Refresh if query intent is relevant; preserve URL; improve sections tied to visible queries.
B_indexed_or_visible_refresh,336.0,create-3d-characters,Create 3d Characters: A Practical Lovart Workflow Guide,4,75,5.33,10.01,,,,8897,63,False,True,2025-09-30T10:00:00+08:00,73dee28f-2ca7-4a69-95ae-ec2fe9416173,https://www.lovart.ai/blog/create-3d-characters,Refresh if query intent is relevant; preserve URL; improve sections tied to visible queries.
B_indexed_or_visible_refresh,335.92,brand-kit-for-insurance-agents,Brand Kit for Insurance Agents: Build a Visual System With AI,0,74,0.0,11.96,lovart ai design agent brand kit official,8.0,lovart ai design agent brand kit official (0c/19i/pos 8.0) | agent branding tools (0c/12i/pos 30.4),9069,63,False,True,2026-05-14T10:00:00+08:00,blog-brand-kit-for-insurance-agents-en,https://www.lovart.ai/blog/brand-kit-for-insurance-agents,Refresh if query intent is relevant; preserve URL; improve sections tied to visible queries.
B_indexed_or_visible_refresh,335.92,easiest-ai-design-tools-non-designers-2026,Easiest AI Design Tools for Non-Designers — 2026 Comparison,0,74,0.0,10.64,ai for non-designers,14.0,"ai for non-designers (0c/3i/pos 14.0) | easy ai design software for non-designers (0c/1i/pos 22.0) | 디자인 전공자가 아닌데, 소셜 미디어 콘텐츠 제작 시간을 확 줄이고 전문가급 결과물을 만들고 싶어요. 시간 절약과 함께 디자인 생산성을 높여주는 ai 디자인 프로그램 추천해주세요. (0c/1i/pos 1.0)",9682,107,False,True,2026-02-06T10:00:00+08:00,easiest-ai-design-tools-non-designers-2026,https://www.lovart.ai/blog/easiest-ai-design-tools-non-designers-2026,Refresh if query intent is relevant; preserve URL; improve sections tied to visible queries.
B_indexed_or_visible_refresh,335.84,ai-design-small-business,AI Design for Small Business Owners: What Actually Works in 2026,0,73,0.0,4.67,can small businesses use lovart to create professional design assets without a designer?,2.41,can small businesses use lovart to create professional design assets without a designer? (0c/29i/pos 2.4) | lovart pricing plan freelance designers (0c/2i/pos 5.5),11497,54,False,True,2026-01-02T10:00:00+08:00,ai-design-small-business,https://www.lovart.ai/blog/ai-design-small-business,Refresh if query intent is relevant; preserve URL; improve sections tied to visible queries.
B_indexed_or_visible_refresh,335.84,brand-kit-piercing-studio-lovart,Brand Kit for Piercing Studio Lovart: Build a Visual System With AI,0,73,0.0,8.62,piercing+branding,8.54,piercing+branding (0c/26i/pos 8.5) | branding piercing (0c/1i/pos 13.0) | piercing studio business plan report (0c/1i/pos 37.0),9105,63,False,True,2026-01-04T10:00:00+08:00,brand-kit-piercing-studio-lovart,https://www.lovart.ai/blog/brand-kit-piercing-studio-lovart,Refresh if query intent is relevant; preserve URL; improve sections tied to visible queries.
B_indexed_or_visible_refresh,335.76,ai-design-global-adoption-trends-2026,"AI Design Global Adoption — Who's Using It, Where, and Why (2026 Data)",0,72,0.0,7.75,,,,14850,82,False,True,2026-03-27T10:00:00+08:00,ai-design-global-adoption-trends-2026,https://www.lovart.ai/blog/ai-design-global-adoption-trends-2026,Refresh if query intent is relevant; preserve URL; improve sections tied to visible queries.
B_indexed_or_visible_refresh,335.36,ai-illustration-complete-guide,How to Generate AI Illustrations: Complete 2026 Guide,0,67,0.0,9.64,lovart ai updates february 2026,10.16,lovart ai updates february 2026 (0c/56i/pos 10.2) | . (0c/1i/pos 9.0) | .. (0c/1i/pos 9.0),102620,474,,True,2026-03-09T10:00:00+08:00,blog-ai-illustration-complete-guide-en,https://www.lovart.ai/blog/ai-illustration-complete-guide,Refresh if query intent is relevant; preserve URL; improve sections tied to visible queries.
B_indexed_or_visible_refresh,335.28,ai-design-agent-shopify-ecommerce,"The Illusion of the ""One-Click"" E-Commerce Asset",0,66,0.0,10.55,,,,19734,44,False,True,2026-03-20T10:00:00+08:00,ai-design-agent-shopify-ecommerce,https://www.lovart.ai/blog/ai-design-agent-shopify-ecommerce,Refresh if query intent is relevant; preserve URL; improve sections tied to visible queries.
B_indexed_or_visible_refresh,335.2,dental-clinic-branding-trust-design-2027,Dental Clinic Branding: Building Patient Trust Through Strategic Visual Design,0,65,0.0,13.17,,,,11480,86,False,True,2026-01-21T10:00:00+08:00,dental-clinic-branding-trust-design-2027,https://www.lovart.ai/blog/dental-clinic-branding-trust-design-2027,Refresh if query intent is relevant; preserve URL; improve sections tied to visible queries.
B_indexed_or_visible_refresh,335.12,storytelling-thumbnails-creating-intrigue-rather-than-just-showing-the-subject,Storytelling Thumbnails: Creating Intrigue rather than Just Showing the Subject,0,64,0.0,8.59,,,,14202,59,False,True,2025-12-04T10:00:00+08:00,storytelling-thumbnails-creating-intrigue-rather-than-just-showi,https://www.lovart.ai/blog/storytelling-thumbnails-creating-intrigue-rather-than-just-showing-the-subject,Refresh if query intent is relevant; preserve URL; improve sections tied to visible queries.
B_indexed_or_visible_refresh,335.04,google-imagefx-alternative,Google ImageFX Alternative: When to Use a Design Agent Instead,0,63,0.0,12.1,googleimagefx,6.0,googleimagefx (0c/1i/pos 6.0) | imagefx ai free (0c/1i/pos 10.0),10106,69,False,True,2025-11-28T10:00:00+08:00,o6YkSZCNskGrZicahtE89I,https://www.lovart.ai/blog/google-imagefx-alternative,Refresh if query intent is relevant; preserve URL; improve sections tied to visible queries.
B_indexed_or_visible_refresh,335.04,google-imagefx-alternative,Google ImageFX Alternative: When to Use a Design Agent Instead,0,63,0.0,12.1,googleimagefx,6.0,googleimagefx (0c/1i/pos 6.0) | imagefx ai free (0c/1i/pos 10.0),10106,69,False,True,2025-11-28T10:00:00+08:00,o6YkSZCNskGrZicahtEBOa,https://www.lovart.ai/blog/google-imagefx-alternative,Refresh if query intent is relevant; preserve URL; improve sections tied to visible queries.
B_indexed_or_visible_refresh,334.96,batch-generation-monday-friday-content-strategy,Stop Prompting Pixel by Pixel: How to Batch-Generate Your Monday-Friday Strategy,0,62,0.0,12.73,,,,21211,55,False,True,2026-05-04T10:00:00+08:00,batch-generation-monday-friday-content-strategy,https://www.lovart.ai/blog/batch-generation-monday-friday-content-strategy,Refresh if query intent is relevant; preserve URL; improve sections tied to visible queries.
B_indexed_or_visible_refresh,334.88,legal-marketing-design-ethical-visuals-2027,Legal Marketing Design: Ethical Visual Strategies for Attorneys in 2026,0,61,0.0,12.62,,,,16375,120,False,True,2026-03-24T10:00:00+08:00,legal-marketing-design-ethical-visuals-2027,https://www.lovart.ai/blog/legal-marketing-design-ethical-visuals-2027,Refresh if query intent is relevant; preserve URL; improve sections tied to visible queries.
B_indexed_or_visible_refresh,334.8,02-industry-open-house-marketing,Open House Marketing Kit with AI: Everything You Need to Pack the House,0,60,0.0,6.8,open lovart,5.0,open lovart (0c/2i/pos 5.0),9194,59,False,True,2025-09-08T10:00:00+08:00,02-industry-open-house-marketing,https://www.lovart.ai/blog/02-industry-open-house-marketing,Refresh if query intent is relevant; preserve URL; improve sections tied to visible queries.
B_indexed_or_visible_refresh,334.8,how-to-chat-to-gen-linkedin-banner,How To Chat To Gen Linkedin Banner,0,60,0.0,5.37,lovart ai linkedin jobs after:2026-04-13,7.5,lovart ai linkedin jobs after:2026-04-13 (0c/2i/pos 7.5) | linkedin banner photos (0c/1i/pos 5.0) | what about whatsapp (0c/1i/pos 1.0) | what are the best ways to create and use discord profile pictures and banners to personalize your server and account? (0c/1i/pos 22.0) | what information should i know about youtube banners to create an effective one for my channel (0c/1i/pos 25.0),9223,83,False,True,2026-04-16T10:00:00+08:00,how-to-chat-to-gen-linkedin-banner,https://www.lovart.ai/blog/how-to-chat-to-gen-linkedin-banner,Refresh if query intent is relevant; preserve URL; improve sections tied to visible queries.
B_indexed_or_visible_refresh,334.72,brand-kit-sneaker-reseller-lovart,Brand Kit for Sneaker Reseller Lovart: Build a Visual System With AI,0,59,0.0,4.69,#c9a96e,10.0,#c9a96e (0c/1i/pos 10.0) | best app to resell shoes (0c/1i/pos 3.0) | places that buy shoes near me (0c/1i/pos 3.0) | sneaker reseller logo (0c/1i/pos 17.0) | who buys shoes (0c/1i/pos 2.0),9111,63,False,True,2025-12-13T10:00:00+08:00,brand-kit-sneaker-reseller-lovart,https://www.lovart.ai/blog/brand-kit-sneaker-reseller-lovart,Refresh if query intent is relevant; preserve URL; improve sections tied to visible queries.
B_indexed_or_visible_refresh,334.56,best-ai-design-agent-for-catering-businesses,Best AI Design Agent For Catering Businesses: A Practical Lovart Workflow Guide,0,57,0.0,10.54,#1b2a47,10.5,#1b2a47 (0c/2i/pos 10.5) | chanel expansion plans after:2026-07-05 (0c/2i/pos 52.0) | evaluate the generative ai company lovart on custom ai production pipelines for studios (0c/2i/pos 4.5) | chain of thought research (0c/1i/pos 1.0),9017,63,False,True,2025-09-08T10:00:00+08:00,blog-best-ai-design-agent-for-catering-businesses-en,https://www.lovart.ai/blog/best-ai-design-agent-for-catering-businesses,Refresh if query intent is relevant; preserve URL; improve sections tied to visible queries.
B_indexed_or_visible_refresh,334.32,s26---how-to-create-ugc-content-ai,How to Create UGC-Style Content with AI: The Complete Guide,0,54,0.0,6.02,,,,10191,103,False,True,2025-12-06T10:00:00+08:00,s26---how-to-create-ugc-content-ai,https://www.lovart.ai/blog/s26---how-to-create-ugc-content-ai,Refresh if query intent is relevant; preserve URL; improve sections tied to visible queries.
B_indexed_or_visible_refresh,334.24,step-by-step-ad-creatives-without-photoshop,Step By Step Ad Creatives Without Photoshop: A Practical Lovart Workflow Guide,0,53,0.0,6.13,,,,9012,63,False,True,2026-05-12T10:00:00+08:00,step-by-step-ad-creatives-without-photoshop,https://www.lovart.ai/blog/step-by-step-ad-creatives-without-photoshop,Refresh if query intent is relevant; preserve URL; improve sections tied to visible queries.
B_indexed_or_visible_refresh,334.16,best-ai-design-agent-for-beauty-brand-founder,Best AI Design Agent For Beauty Brand Founder: A Practical Lovart Workflow Guide,0,52,0.0,8.9,,,,9022,63,False,True,2026-01-14T10:00:00+08:00,best-ai-design-agent-for-beauty-brand-founder,https://www.lovart.ai/blog/best-ai-design-agent-for-beauty-brand-founder,Refresh if query intent is relevant; preserve URL; improve sections tied to visible queries.
B_indexed_or_visible_refresh,334.16,how-to-create-text-art-ascii-typography-ai,"How to Create Text Art, ASCII Art & Typography Designs with AI",0,52,0.0,19.96,,,,50810,232,False,True,2025-10-29T10:00:00+08:00,how-to-create-text-art-ascii-typography-ai,https://www.lovart.ai/blog/how-to-create-text-art-ascii-typography-ai,Refresh if query intent is relevant; preserve URL; improve sections tied to visible queries.
B_indexed_or_visible_refresh,334.16,text-to-video-tools-compared,Text-to-Video Tools Compared: Sora vs Veo vs Lovart — The 2026 Video Generation Battle,0,52,0.0,8.27,,,,11048,66,False,True,2026-03-06T10:00:00+08:00,text-to-video-tools-compared,https://www.lovart.ai/blog/text-to-video-tools-compared,Refresh if query intent is relevant; preserve URL; improve sections tied to visible queries.
B_indexed_or_visible_refresh,334.08,best-ai-design-agent-for-ecommerce-sellers,Best AI Design Agent For Ecommerce Sellers: A Practical Lovart Workflow Guide,0,51,0.0,10.51,,,,9007,63,False,True,2025-12-23T10:00:00+08:00,blog-best-ai-design-agent-for-ecommerce-sellers-en,https://www.lovart.ai/blog/best-ai-design-agent-for-ecommerce-sellers,Refresh if query intent is relevant; preserve URL; improve sections tied to visible queries.
B_indexed_or_visible_refresh,334.08,how-to-create-sketches-doodles-ai,How to Create Sketches & Doodles with AI — From Rough Idea to Finished Drawing,0,51,0.0,6.75,what are the differences between various digital photo to sketch ai tools and how do they compare in terms of features and performance?,17.0,what are the differences between various digital photo to sketch ai tools and how do they compare in terms of features and performance? (0c/1i/pos 17.0),9774,72,False,True,2026-01-01T10:00:00+08:00,how-to-create-sketches-doodles-ai,https://www.lovart.ai/blog/how-to-create-sketches-doodles-ai,Refresh if query intent is relevant; preserve URL; improve sections tied to visible queries.
B_indexed_or_visible_refresh,334.0,text-to-video-ai-complete-guide-2026,Text to Video AI: Complete 2026 Guide — From Prompt to Published Video | Lovart,0,50,0.0,6.62,,,,73828,326,,True,2025-11-25T10:00:00+08:00,4c1e444d-edb4-4d3b-ae0e-5b1d914503ba,https://www.lovart.ai/blog/text-to-video-ai-complete-guide-2026,Refresh if query intent is relevant; preserve URL; improve sections tied to visible queries.
B_indexed_or_visible_refresh,329.44,ai-vs-traditional-designers,AI vs Traditional Designers: Compare the Workflow Before You Choose,7,118,5.93,8.25,compare ai ad creators vs traditional design tools,6.38,compare ai ad creators vs traditional design tools (0c/21i/pos 6.4) | ai vs designer (0c/12i/pos 6.8) | ai vs human designers (0c/4i/pos 20.2) | designer vs ai (0c/2i/pos 4.5) | ai vs designers (0c/1i/pos 10.0),10040,69,False,True,2025-12-01T10:00:00+08:00,ai-vs-traditional-designers,https://www.lovart.ai/blog/ai-vs-traditional-designers,Refresh if query intent is relevant; preserve URL; improve sections tied to visible queries.
B_indexed_or_visible_refresh,326.4,8-best-ai-avatar-maker-apps-2026,Ai Ppt Maker: Design & Create with AI,1,455,0.22,23.07,best ai avatar generator apps 2026,16.0,best ai avatar generator apps 2026 (0c/2i/pos 16.0) | best digital avatar creation tools 2026 (0c/2i/pos 19.0) | avatar app (0c/1i/pos 30.0) | best ai avatar apps 2026 (0c/1i/pos 11.0) | best ai avatar customization tools 2026 (0c/1i/pos 19.0),14548,81,False,True,2026-04-06T10:00:00+08:00,8-best-ai-avatar-maker-apps-2026,https://www.lovart.ai/blog/8-best-ai-avatar-maker-apps-2026,Refresh if query intent is relevant; preserve URL; improve sections tied to visible queries.
B_indexed_or_visible_refresh,326.32,a1-how-to-sharpen-enhance-photos-ai,Enhance Photo Quality: AI Sharpening & Restoration Guide,1,454,0.22,22.74,ai image sharpening,43.04,ai image sharpening (0c/47i/pos 43.0) | ai sharpen image (0c/25i/pos 41.3) | sharpen ai (0c/23i/pos 22.2) | ai sharpening (0c/13i/pos 29.4) | sharpen image ai (0c/11i/pos 32.4),12987,69,False,True,2025-10-28T10:00:00+08:00,a1-how-to-sharpen-enhance-photos-ai,https://www.lovart.ai/blog/a1-how-to-sharpen-enhance-photos-ai,Refresh if query intent is relevant; preserve URL; improve sections tied to visible queries.
B_indexed_or_visible_refresh,324.4,best-ai-design-agent-for-acupuncturist,"Best AI Design Agent for Acupuncturists — Ancient Practice, Modern Branding",3,55,5.45,10.2,acupuncture informed consent ai agent,28.0,acupuncture informed consent ai agent (0c/1i/pos 28.0),6938,35,False,True,2025-11-23T10:00:00+08:00,best-ai-design-agent-for-acupuncturist,https://www.lovart.ai/blog/best-ai-design-agent-for-acupuncturist,Refresh if query intent is relevant; preserve URL; improve sections tied to visible queries.
B_indexed_or_visible_refresh,318.64,haiper-ai-review,"Haiper AI Review 2026: Features, Pricing & Lovart Alternative",1,358,0.28,20.7,haiper ai,14.67,haiper ai (1c/9i/pos 14.7) | haiper.ai (0c/10i/pos 30.5) | haiper face (0c/8i/pos 10.6) | haiper ai review 2026 (0c/7i/pos 9.1) | haiper (0c/5i/pos 18.4),51060,186,False,True,2026-04-21T10:00:00+08:00,eb7a140f-f31f-458b-a7c6-997e2b17f367,https://www.lovart.ai/blog/haiper-ai-review,Refresh if query intent is relevant; preserve URL; improve sections tied to visible queries.
B_indexed_or_visible_refresh,309.84,bing-seo-optimization-checklist,Bing SEO Optimization Checklist — Lovart Internal Playbook,0,373,0.0,36.86,bing seo optimization,46.02,"bing seo optimization (0c/129i/pos 46.0) | seo for bing (0c/24i/pos 59.8) | bing seo optimisation (0c/15i/pos 55.2) | site:lovart.ai ""api key"" lovart (0c/11i/pos 4.1) | bing seo guide (0c/9i/pos 77.0)",12549,148,False,True,2025-09-29T10:00:00+08:00,bing-seo-optimization-checklist,https://www.lovart.ai/blog/bing-seo-optimization-checklist,Refresh if query intent is relevant; preserve URL; improve sections tied to visible queries.
B_indexed_or_visible_refresh,309.52,what-exactly-is-an-ai-video-upscaler,What Exactly Is an AI Video Upscaler? 🤔,0,369,0.0,27.96,,,,14381,135,False,True,2026-04-20T10:00:00+08:00,what-exactly-is-an-ai-video-upscaler,https://www.lovart.ai/blog/what-exactly-is-an-ai-video-upscaler,Refresh if query intent is relevant; preserve URL; improve sections tied to visible queries.
B_indexed_or_visible_refresh,303.44,ai-design-myths-debunked-2026,5 AI Design Myths Debunked — What Actually Happens When You Try It,1,43,2.33,13.33,,,,8471,47,False,True,2025-11-03T10:00:00+08:00,ai-design-myths-debunked-2026,https://www.lovart.ai/blog/ai-design-myths-debunked-2026,Refresh if query intent is relevant; preserve URL; improve sections tied to visible queries.
B_indexed_or_visible_refresh,303.36,best-agent-for-e-book-authors,Best Agent For E Book Authors: A Practical Lovart Workflow Guide,1,42,2.38,11.62,(lovart.ai what does it sell or promote site:lovart.ai) site:www.lovart.ai,8.5,(lovart.ai what does it sell or promote site:lovart.ai) site:www.lovart.ai (0c/8i/pos 8.5) | (lovart.ai what does it sell site:lovart.ai) site:www.lovart.ai (0c/8i/pos 4.4),8942,63,False,True,2025-12-04T10:00:00+08:00,a69018f7-07d8-40ec-bdf4-a27e2020472f,https://www.lovart.ai/blog/best-agent-for-e-book-authors,Refresh if query intent is relevant; preserve URL; improve sections tied to visible queries.
B_indexed_or_visible_refresh,303.28,best-ai-design-agent-for-juice-bar-owner,Best AI Design Agent For Juice Bar Owner: A Practical Lovart Workflow Guide,1,41,2.44,6.51,,,,8997,63,False,True,2026-05-14T10:00:00+08:00,best-ai-design-agent-for-juice-bar-owner,https://www.lovart.ai/blog/best-ai-design-agent-for-juice-bar-owner,Refresh if query intent is relevant; preserve URL; improve sections tied to visible queries.
B_indexed_or_visible_refresh,302.08,year-in-review-templates-2027,Year In Review Templates 2027: A Practical Lovart Workflow Guide,1,26,3.85,10.96,,,,8942,63,False,True,2025-11-02T10:00:00+08:00,year-in-review-templates-2027,https://www.lovart.ai/blog/year-in-review-templates-2027,Refresh if query intent is relevant; preserve URL; improve sections tied to visible queries.
B_indexed_or_visible_refresh,301.92,best-ai-design-agent-for-kol,Best AI Design Agent For Kol: A Practical Lovart Workflow Guide,1,24,4.17,8.33,ai kol agency,38.0,ai kol agency (0c/2i/pos 38.0) | kol pricing agent (0c/1i/pos 16.0),8937,63,False,True,2026-05-16T10:00:00+08:00,best-ai-design-agent-for-kol,https://www.lovart.ai/blog/best-ai-design-agent-for-kol,Refresh if query intent is relevant; preserve URL; improve sections tied to visible queries.
B_indexed_or_visible_refresh,301.52,meet-nano-bot-consistent-ai-mascot-blog,Meet Nano Bot Consistent AI Mascot Blog: A Practical Lovart Workflow Guide,1,19,5.26,18.53,,,,8992,63,False,True,2026-05-15T10:00:00+08:00,meet-nano-bot-consistent-ai-mascot-blog,https://www.lovart.ai/blog/meet-nano-bot-consistent-ai-mascot-blog,Refresh if query intent is relevant; preserve URL; improve sections tied to visible queries.
B_indexed_or_visible_refresh,301.2,brand-kit-record-store-lovart,Record Store Brand Kit: Analog Visual Identity That Spins Browsers into Collectors,1,15,6.67,11.53,,,,6749,43,False,True,2026-01-28T10:00:00+08:00,brand-kit-record-store-lovart,https://www.lovart.ai/blog/brand-kit-record-store-lovart,Refresh if query intent is relevant; preserve URL; improve sections tied to visible queries.
B_indexed_or_visible_refresh,300.72,brand-kit-patisserie-lovart,How to Create a Brand Kit for a Patisserie,1,9,11.11,15.22,patisserie brand,15.5,patisserie brand (0c/2i/pos 15.5) | #c7ceea (0c/1i/pos 21.0),6157,56,False,True,2026-04-25T10:00:00+08:00,brand-kit-patisserie-lovart,https://www.lovart.ai/blog/brand-kit-patisserie-lovart,Refresh if query intent is relevant; preserve URL; improve sections tied to visible queries.
B_indexed_or_visible_refresh,300.64,ai-remove-object,AI Remove Object: A Practical Lovart Workflow Guide,1,8,12.5,13.12,,,,8877,63,False,True,2025-10-01T10:00:00+08:00,blog-ai-remove-object-en,https://www.lovart.ai/blog/ai-remove-object,Refresh if query intent is relevant; preserve URL; improve sections tied to visible queries.
B_indexed_or_visible_refresh,300.32,best-ai-tool-for-presentation-design-2026,AI Presentation Maker: Design Slides 10x Faster in 2026,1,4,25.0,6.5,lovart ai ppt,5.0,lovart ai ppt (1c/1i/pos 5.0),6425,36,,True,2026-06-24T10:38:48Z,bd-best-ai-tool-for-presentation-design-2026,https://www.lovart.ai/blog/best-ai-tool-for-presentation-design-2026,Refresh if query intent is relevant; preserve URL; improve sections tied to visible queries.
B_indexed_or_visible_refresh,300.24,best-ai-design-agent-for-wellness-studio,Best AI Design Agent For Wellness Studio: A Practical Lovart Workflow Guide,1,3,33.33,14.0,,,,8997,63,False,True,2025-12-15T10:00:00+08:00,best-ai-design-agent-for-wellness-studio,https://www.lovart.ai/blog/best-ai-design-agent-for-wellness-studio,Refresh if query intent is relevant; preserve URL; improve sections tied to visible queries.
B_indexed_or_visible_refresh,300.24,ai-app-icon-prompts,I generated 30 app icon designs with AI. The 8 that looked professional for App Store (and the 5 mistakes everyone makes).,1,3,33.33,4.0,,,,8182,38,False,True,2026-06-26T09:17:55Z,bp-ai-app-icon-prompts,https://www.lovart.ai/blog/ai-app-icon-prompts,Refresh if query intent is relevant; preserve URL; improve sections tied to visible queries.
B_indexed_or_visible_refresh,300.08,best-ai-design-agent-for-consultant,"Best AI Design Agent for Consultants: Presentation Design, White Papers & Personal Brand Building by Lovart",0,251,0.0,27.27,,,,22341,50,False,True,2026-01-27T10:00:00+08:00,best-ai-design-agent-for-consultant,https://www.lovart.ai/blog/best-ai-design-agent-for-consultant,Refresh if query intent is relevant; preserve URL; improve sections tied to visible queries.
B_indexed_or_visible_refresh,294.16,b28-how-to-create-digital-humans-ai-bing,How to Create Digital Humans and Avatars with AI — Full Guide,0,177,0.0,26.08,digital avatar,70.95,digital avatar (0c/19i/pos 70.9) | digital human avatar (0c/14i/pos 44.9) | create talking digital humans at scale with ai (0c/5i/pos 24.8) | ai virtual human (0c/4i/pos 60.5) | digital human avatars (0c/4i/pos 37.2),16134,80,False,True,2025-11-28T10:00:00+08:00,b28-how-to-create-digital-humans-ai-bing,https://www.lovart.ai/blog/b28-how-to-create-digital-humans-ai-bing,Refresh if query intent is relevant; preserve URL; improve sections tied to visible queries.
B_indexed_or_visible_refresh,293.76,best-ai-design-agent-for-life-coach,Best AI Design Agent For Life Coach: A Practical Lovart Workflow Guide,0,47,0.0,14.74,how to use an ai presentation maker on the web to create ad creatives,22.0,how to use an ai presentation maker on the web to create ad creatives (0c/1i/pos 22.0) | what is an ai avatar generator and how can it help create professional digital representations for my business (0c/1i/pos 30.0),8972,63,False,True,2025-09-19T10:00:00+08:00,best-ai-design-agent-for-life-coach,https://www.lovart.ai/blog/best-ai-design-agent-for-life-coach,Refresh if query intent is relevant; preserve URL; improve sections tied to visible queries.
B_indexed_or_visible_refresh,293.76,lorem-ipsum-problem-real-text-ai-design,filler text Problem Real Text AI Design: A Practical Lovart Workflow Guide,0,47,0.0,5.87,,,,8992,63,False,True,2026-03-04T10:00:00+08:00,lorem-ipsum-problem-real-text-ai-design,https://www.lovart.ai/blog/lorem-ipsum-problem-real-text-ai-design,Refresh if query intent is relevant; preserve URL; improve sections tied to visible queries.
B_indexed_or_visible_refresh,293.6,best-ai-design-agent-for-bakery-owners,Best AI Design Agent For Bakery Owners: A Practical Lovart Workflow Guide,0,45,0.0,8.62,#e5c158,8.0,#e5c158 (0c/7i/pos 8.0) | baking fail recovery creative content trends (0c/1i/pos 6.0),8987,63,False,True,2026-01-19T10:00:00+08:00,blog-best-ai-design-agent-for-bakery-owners-en,https://www.lovart.ai/blog/best-ai-design-agent-for-bakery-owners,Refresh if query intent is relevant; preserve URL; improve sections tied to visible queries.
B_indexed_or_visible_refresh,293.52,how-to-design-brand-small-business-ai,How To Design Brand Small Business AI: A Practical Lovart Workflow Guide,0,44,0.0,8.52,blackfirsta mail,10.5,blackfirsta mail (0c/4i/pos 10.5) | can small businesses use lovart to create professional design assets without a designer? (0c/4i/pos 5.0) | blackfirsta (0c/2i/pos 9.5) | anything (0c/1i/pos 1.0),8982,63,False,True,2026-02-02T10:00:00+08:00,how-to-design-brand-small-business-ai,https://www.lovart.ai/blog/how-to-design-brand-small-business-ai,Refresh if query intent is relevant; preserve URL; improve sections tied to visible queries.
B_indexed_or_visible_refresh,293.44,brand-guidelines-101-ai-dos-and-donts,Brand Guidelines 101 AI Dos And Donts: A Practical Lovart Workflow Guide,0,43,0.0,8.72,ai video editor brand guidelines support,48.5,ai video editor brand guidelines support (0c/2i/pos 48.5) | examples of ai assisted brand guidelines what sections should be in them (0c/1i/pos 5.0),8982,63,False,True,2025-10-04T10:00:00+08:00,brand-guidelines-101-ai-dos-and-donts,https://www.lovart.ai/blog/brand-guidelines-101-ai-dos-and-donts,Refresh if query intent is relevant; preserve URL; improve sections tied to visible queries.
B_indexed_or_visible_refresh,293.44,find-official-lovart-before-exploring-alternatives,Finding the Real Lovart - Why You Should Visit lovart.ai Directly,0,43,0.0,7.16,,,,6757,91,False,True,2025-12-19T10:00:00+08:00,find-official-lovart-before-exploring-alternatives,https://www.lovart.ai/blog/find-official-lovart-before-exploring-alternatives,Refresh if query intent is relevant; preserve URL; improve sections tied to visible queries.
B_indexed_or_visible_refresh,293.36,best-ai-design-agent-for-koc,Best AI Design Agent For Koc: A Practical Lovart Workflow Guide,0,42,0.0,11.17,ai koc,1.0,ai koc (0c/1i/pos 1.0) | ai koc marketing (0c/1i/pos 17.0),8937,63,False,True,2026-03-17T10:00:00+08:00,best-ai-design-agent-for-koc,https://www.lovart.ai/blog/best-ai-design-agent-for-koc,Refresh if query intent is relevant; preserve URL; improve sections tied to visible queries.
B_indexed_or_visible_refresh,293.2,best-agent-fore-desert-shop-owner,Best Agent Fore Desert Shop Owner: A Practical Lovart Workflow Guide,0,40,0.0,6.7,,,,8962,63,False,True,2026-05-16T10:00:00+08:00,best-agent-fore-desert-shop-owner,https://www.lovart.ai/blog/best-agent-fore-desert-shop-owner,Refresh if query intent is relevant; preserve URL; improve sections tied to visible queries.
B_indexed_or_visible_refresh,293.12,thinking-in-pages-why-you-should-switch-to-canvas-thinkingl,"Thinking in ""Pages"" vs. ""Canvas"" Thinking",0,39,0.0,5.33,,,,8971,42,False,True,2026-04-25T10:00:00+08:00,thinking-in-pages-why-you-should-switch-to-canvas-thinkingl,https://www.lovart.ai/blog/thinking-in-pages-why-you-should-switch-to-canvas-thinkingl,Refresh if query intent is relevant; preserve URL; improve sections tied to visible queries.
B_indexed_or_visible_refresh,293.04,vintage-wine-label-design-ai-agent,Vintage Wine Label Design AI Agent: A Practical Lovart Workflow Guide,0,38,0.0,9.63,,,,8967,63,False,True,2025-11-25T10:00:00+08:00,vintage-wine-label-design-ai-agent,https://www.lovart.ai/blog/vintage-wine-label-design-ai-agent,Refresh if query intent is relevant; preserve URL; improve sections tied to visible queries.
B_indexed_or_visible_refresh,292.88,best-ai-design-agent-for-florist,Best AI Design Agent For Florist: A Practical Lovart Workflow Guide,0,36,0.0,10.22,florist ai tools,27.33,florist ai tools (0c/3i/pos 27.3),8957,63,False,True,2025-09-19T10:00:00+08:00,best-ai-design-agent-for-florist,https://www.lovart.ai/blog/best-ai-design-agent-for-florist,Refresh if query intent is relevant; preserve URL; improve sections tied to visible queries.
B_indexed_or_visible_refresh,292.88,s24---first-ai-design-3-projects,S24 First AI Design 3 Projects: A Practical Lovart Workflow Guide,0,36,0.0,7.81,,,,8947,63,False,True,2025-10-16T10:00:00+08:00,s24---first-ai-design-3-projects,https://www.lovart.ai/blog/s24---first-ai-design-3-projects,Refresh if query intent is relevant; preserve URL; improve sections tied to visible queries.
B_indexed_or_visible_refresh,292.8,best-ai-design-agent-for-brow-artist,"Best AI Design Agent for Brow Artists: Brow Mapping Guides, Service Menus & Microblading Visuals by Lovart",0,35,0.0,7.23,"yes, compare",2.0,"yes, compare (0c/1i/pos 2.0)",7693,59,False,True,2025-09-21T10:00:00+08:00,best-ai-design-agent-for-brow-artist,https://www.lovart.ai/blog/best-ai-design-agent-for-brow-artist,Refresh if query intent is relevant; preserve URL; improve sections tied to visible queries.
B_indexed_or_visible_refresh,292.72,best-ai-design-tool-for-agencies-2026,"I run a 12-person design agency. I tested 6 AI design tools for client work. 2 are excellent, 2 are good, 2 are not worth the time.",0,34,0.0,15.94,ai tools for creative agencies 2026,30.0,ai tools for creative agencies 2026 (0c/3i/pos 30.0) | ai tools for creative agencies 2026 updates (0c/2i/pos 30.0) | best ai tools for creative agencies 2026 (0c/2i/pos 34.0),6996,34,False,True,2025-12-19T10:00:00+08:00,bd-best-ai-design-tool-for-agencies-2026,https://www.lovart.ai/blog/best-ai-design-tool-for-agencies-2026,Refresh if query intent is relevant; preserve URL; improve sections tied to visible queries.
B_indexed_or_visible_refresh,292.72,style-picker-borrow-professional-aesthetics-ai,The Style Picker — How to Borrow Professional Aesthetics Without Knowing Design Theory,0,34,0.0,9.0,,,,8904,53,False,True,2026-02-11T10:00:00+08:00,style-picker-borrow-professional-aesthetics-ai,https://www.lovart.ai/blog/style-picker-borrow-professional-aesthetics-ai,Refresh if query intent is relevant; preserve URL; improve sections tied to visible queries.
B_indexed_or_visible_refresh,292.64,ai-design-for-legal-firms-attorneys-2026,AI Design For Legal Firms Attorneys 2026: A Practical Lovart Workflow Guide,0,33,0.0,13.12,branding agency for law firms chicago,30.0,branding agency for law firms chicago (0c/1i/pos 30.0),8997,63,False,True,2025-12-18T10:00:00+08:00,ai-design-for-legal-firms-attorneys-2026,https://www.lovart.ai/blog/ai-design-for-legal-firms-attorneys-2026,Refresh if query intent is relevant; preserve URL; improve sections tied to visible queries.
B_indexed_or_visible_refresh,292.56,how-to-chat-generate-slide-deck-lovart,How To Chat Generate Slide Deck Lovart: A Practical Lovart Workflow Guide,0,32,0.0,6.78,lovart slides,6.5,lovart slides (0c/2i/pos 6.5),8987,63,False,True,2025-09-07T10:00:00+08:00,how-to-chat-generate-slide-deck-lovart,https://www.lovart.ai/blog/how-to-chat-generate-slide-deck-lovart,Refresh if query intent is relevant; preserve URL; improve sections tied to visible queries.
B_indexed_or_visible_refresh,292.32,brand-kit-pet-sitter-lovart,Pet Sitter Brand Kit: Trust-First Visual Identity That Has Owners Packing Their Bags Worry-Free,0,29,0.0,5.14,,,,6998,48,False,True,2026-05-06T10:00:00+08:00,brand-kit-pet-sitter-lovart,https://www.lovart.ai/blog/brand-kit-pet-sitter-lovart,Refresh if query intent is relevant; preserve URL; improve sections tied to visible queries.
B_indexed_or_visible_refresh,292.24,best-ai-design-agent-for-bakery-owner,Best AI Design Agent For Bakery Owner: A Practical Lovart Workflow Guide,0,28,0.0,14.32,,,,8982,63,False,True,2025-11-25T10:00:00+08:00,best-ai-design-agent-for-bakery-owner,https://www.lovart.ai/blog/best-ai-design-agent-for-bakery-owner,Refresh if query intent is relevant; preserve URL; improve sections tied to visible queries.
B_indexed_or_visible_refresh,292.24,social-media-content-velocity-crisis-solution,Social Media Content Velocity Crisis Solution,0,28,0.0,9.11,,,,8918,152,False,True,2026-02-20T10:00:00+08:00,social-media-content-velocity-crisis-solution,https://www.lovart.ai/blog/social-media-content-velocity-crisis-solution,Refresh if query intent is relevant; preserve URL; improve sections tied to visible queries.
B_indexed_or_visible_refresh,292.24,step-by-step-menus-without-photoshop,Step By Step Menus Without Photoshop: A Practical Lovart Workflow Guide,0,28,0.0,8.18,,,,8977,63,False,True,2025-11-05T10:00:00+08:00,step-by-step-menus-without-photoshop,https://www.lovart.ai/blog/step-by-step-menus-without-photoshop,Refresh if query intent is relevant; preserve URL; improve sections tied to visible queries.
B_indexed_or_visible_refresh,292.0,ai-design-for-comedians-entertainers,AI Design For Comedians Entertainers: A Practical Lovart Workflow Guide,0,25,0.0,6.84,,,,8977,63,False,True,2025-09-15T10:00:00+08:00,ai-design-for-comedians-entertainers,https://www.lovart.ai/blog/ai-design-for-comedians-entertainers,Refresh if query intent is relevant; preserve URL; improve sections tied to visible queries.
B_indexed_or_visible_refresh,292.0,best-ai-design-agent-for-dentist,Best AI Design Agent For Dentist: A Practical Lovart Workflow Guide,0,25,0.0,11.8,,,,8957,63,False,True,2026-05-16T10:00:00+08:00,best-ai-design-agent-for-dentist,https://www.lovart.ai/blog/best-ai-design-agent-for-dentist,Refresh if query intent is relevant; preserve URL; improve sections tied to visible queries.
B_indexed_or_visible_refresh,291.92,the-context-prompt-placing-your-coffee-mug-on-a-rainy-window-sill-vs-a-sunny-beach,"The ""Context"" Prompt: Placing Your Coffee Mug on a Rainy Window Sill vs. a Sunny Beach",0,24,0.0,12.33,,,,8718,46,False,True,2026-02-17T10:00:00+08:00,the-context-prompt-placing-your-coffee-mug-on-a-rainy-window-sil,https://www.lovart.ai/blog/the-context-prompt-placing-your-coffee-mug-on-a-rainy-window-sill-vs-a-sunny-beach,Refresh if query intent is relevant; preserve URL; improve sections tied to visible queries.
B_indexed_or_visible_refresh,291.76,02-industry-digital-menu-board,Digital Menu Board Design with AI: From Static to Dynamic in Minutes,0,22,0.0,9.55,digital menu ai,10.0,digital menu ai (0c/1i/pos 10.0),8684,63,False,True,2025-11-27T10:00:00+08:00,02-industry-digital-menu-board,https://www.lovart.ai/blog/02-industry-digital-menu-board,Refresh if query intent is relevant; preserve URL; improve sections tied to visible queries.
B_indexed_or_visible_refresh,291.76,ai-photo-enhancer,AI Photo Enhancer: A Practical Lovart Workflow Guide,0,22,0.0,6.05,,,,8882,63,False,True,2025-10-02T10:00:00+08:00,blog-ai-photo-enhancer-en,https://www.lovart.ai/blog/ai-photo-enhancer,Refresh if query intent is relevant; preserve URL; improve sections tied to visible queries.
B_indexed_or_visible_refresh,291.76,brand-kit-waxing-studio-lovart,How to Create a Brand Kit for a Waxing Studio,0,22,0.0,7.45,wax brand studios,7.0,wax brand studios (0c/1i/pos 7.0),6489,62,False,True,2025-09-01T10:00:00+08:00,brand-kit-waxing-studio-lovart,https://www.lovart.ai/blog/brand-kit-waxing-studio-lovart,Refresh if query intent is relevant; preserve URL; improve sections tied to visible queries.
B_indexed_or_visible_refresh,291.76,how-to-chat-to-gen-fb-ads,How To Chat To Gen Fb Ads,0,22,0.0,6.68,,,,6394,72,False,True,2026-03-15T10:00:00+08:00,fd6c86cb-ffd1-4c45-94c6-ee1f34b39d92,https://www.lovart.ai/blog/how-to-chat-to-gen-fb-ads,Refresh if query intent is relevant; preserve URL; improve sections tied to visible queries.
B_indexed_or_visible_refresh,291.68,best-ai-agent-for-cafe-owner,Best AI Agent For Cafe Owner: A Practical Lovart Workflow Guide,0,21,0.0,16.57,ai for cafe,65.2,ai for cafe (0c/5i/pos 65.2),8937,63,False,True,2025-12-20T10:00:00+08:00,177e446c-e464-4cb1-bed6-92352be34909,https://www.lovart.ai/blog/best-ai-agent-for-cafe-owner,Refresh if query intent is relevant; preserve URL; improve sections tied to visible queries.
B_indexed_or_visible_refresh,291.68,ai-design-for-wedding-industry-2026,AI Design For Wedding Industry 2026: A Practical Lovart Workflow Guide,0,21,0.0,9.0,,,,8972,63,False,True,2025-11-27T10:00:00+08:00,ai-design-for-wedding-industry-2026,https://www.lovart.ai/blog/ai-design-for-wedding-industry-2026,Refresh if query intent is relevant; preserve URL; improve sections tied to visible queries.
B_indexed_or_visible_refresh,291.68,best-ai-design-agent-for-cocktail-bar-owner,Best AI Design Agent for Cocktail Bar Owners — Shake Up Speakeasy-Quality Branding Without the Agency Tab,0,21,0.0,15.67,is benetti house bar ai,47.0,is benetti house bar ai (0c/2i/pos 47.0) | ai bar (0c/1i/pos 28.0) | bar artificial (0c/1i/pos 55.0),6755,35,False,True,2026-02-12T10:00:00+08:00,best-ai-design-agent-for-cocktail-bar-owner,https://www.lovart.ai/blog/best-ai-design-agent-for-cocktail-bar-owner,Refresh if query intent is relevant; preserve URL; improve sections tied to visible queries.
B_indexed_or_visible_refresh,291.68,brand-kit-jewelry-designer-lovart,How to Create a Brand Kit for a Jewelry Designer,0,21,0.0,18.33,,,,6141,48,False,True,2026-01-08T10:00:00+08:00,brand-kit-jewelry-designer-lovart,https://www.lovart.ai/blog/brand-kit-jewelry-designer-lovart,Refresh if query intent is relevant; preserve URL; improve sections tied to visible queries.
B_indexed_or_visible_refresh,291.68,freelance-designer-complete-workflow-lovart,The Freelance Designer's Complete Workflow with Lovart,0,21,0.0,5.48,,,,8824,164,False,True,2026-04-02T10:00:00+08:00,freelance-designer-complete-workflow-lovart,https://www.lovart.ai/blog/freelance-designer-complete-workflow-lovart,Refresh if query intent is relevant; preserve URL; improve sections tied to visible queries.
B_indexed_or_visible_refresh,291.6,5-minute-workflow-busy-founders-ai-design,From Idea to Posted — A 5-Minute AI Design Workflow for Busy Founders,0,20,0.0,6.65,,,,8067,50,False,True,2025-12-10T10:00:00+08:00,5-minute-workflow-busy-founders-ai-design,https://www.lovart.ai/blog/5-minute-workflow-busy-founders-ai-design,Refresh if query intent is relevant; preserve URL; improve sections tied to visible queries.
B_indexed_or_visible_refresh,291.6,brand-kit-pet-supply-store-lovart,Pet Supply Store Brand Kit: Tail-Wagging Visual Identity for Independent Pet Retailers,0,20,0.0,17.3,,,,6548,43,False,True,2026-01-16T10:00:00+08:00,brand-kit-pet-supply-store-lovart,https://www.lovart.ai/blog/brand-kit-pet-supply-store-lovart,Refresh if query intent is relevant; preserve URL; improve sections tied to visible queries.
B_indexed_or_visible_refresh,291.6,step-by-step-table-tents-without-photoshop,Step-by-Step Table Tents Without Photoshop: Design Restaurant Table Cards with Lovart,0,20,0.0,15.25,,,,8747,34,False,True,2025-09-28T10:00:00+08:00,step-by-step-table-tents-without-photoshop,https://www.lovart.ai/blog/step-by-step-table-tents-without-photoshop,Refresh if query intent is relevant; preserve URL; improve sections tied to visible queries.
B_indexed_or_visible_refresh,291.44,ai-design-for-nonprofits,AI Design For Nonprofits: A Practical Lovart Workflow Guide,0,18,0.0,9.28,,,,8917,63,False,True,2026-05-10T10:00:00+08:00,ai-design-for-nonprofits,https://www.lovart.ai/blog/ai-design-for-nonprofits,Refresh if query intent is relevant; preserve URL; improve sections tied to visible queries.
B_indexed_or_visible_refresh,291.36,best-ai-design-agent-for-boutique-fitness-studio,"Best AI Design Agent for Boutique Fitness Studios — Class Packs, Challenge Graphics & Sweat-Ready Social",0,17,0.0,14.76,best ai tools for boutique fitness studios,17.0,best ai tools for boutique fitness studios (0c/2i/pos 17.0),8493,41,False,True,2025-09-07T10:00:00+08:00,best-ai-design-agent-for-boutique-fitness-studio,https://www.lovart.ai/blog/best-ai-design-agent-for-boutique-fitness-studio,Refresh if query intent is relevant; preserve URL; improve sections tied to visible queries.
B_indexed_or_visible_refresh,291.36,brand-kit-roofer-lovart,Roofer Brand Kit: Solid Visual Identity That Covers Your Marketing From the Top Down,0,17,0.0,7.88,,,,6821,43,False,True,2026-05-09T10:00:00+08:00,brand-kit-roofer-lovart,https://www.lovart.ai/blog/brand-kit-roofer-lovart,Refresh if query intent is relevant; preserve URL; improve sections tied to visible queries.
B_indexed_or_visible_refresh,291.36,lovart-roi-calculator-spec,Lovart Roi Calculator Spec: A Practical Lovart Workflow Guide,0,17,0.0,10.76,,,,8927,63,False,True,2026-03-16T10:00:00+08:00,lovart-roi-calculator-spec,https://www.lovart.ai/blog/lovart-roi-calculator-spec,Refresh if query intent is relevant; preserve URL; improve sections tied to visible queries.
B_indexed_or_visible_refresh,291.28,brand-kit-balloon-decorator-lovart,Balloon Decorator Brand Kit: Float-Ready Visual Identity That Inflates Your Booking Rate,0,16,0.0,17.06,,,,6242,42,False,True,2025-12-16T10:00:00+08:00,brand-kit-balloon-decorator-lovart,https://www.lovart.ai/blog/brand-kit-balloon-decorator-lovart,Refresh if query intent is relevant; preserve URL; improve sections tied to visible queries.
B_indexed_or_visible_refresh,291.12,best-ai-design-agent-for-beauty-bar,Best AI Design Agent For Beauty Bar: A Practical Lovart Workflow Guide,0,14,0.0,9.93,ai beauty bar,10.0,ai beauty bar (0c/1i/pos 10.0),8972,63,False,True,2025-09-13T10:00:00+08:00,best-ai-design-agent-for-beauty-bar,https://www.lovart.ai/blog/best-ai-design-agent-for-beauty-bar,Refresh if query intent is relevant; preserve URL; improve sections tied to visible queries.
B_indexed_or_visible_refresh,291.12,brand-kit-handyman-lovart,Handyman Brand Kit: Multi-Service Visual Identity That Makes You the Neighborhood's Go-To Fixer,0,14,0.0,8.29,,,,6214,43,False,True,2026-01-14T10:00:00+08:00,brand-kit-handyman-lovart,https://www.lovart.ai/blog/brand-kit-handyman-lovart,Refresh if query intent is relevant; preserve URL; improve sections tied to visible queries.
B_indexed_or_visible_refresh,291.12,how-to-chat-generate-google-ads-lovart,How To Chat Generate Google Ads Lovart: A Practical Lovart Workflow Guide,0,14,0.0,9.29,,,,8987,63,False,True,2026-01-29T10:00:00+08:00,how-to-chat-generate-google-ads-lovart,https://www.lovart.ai/blog/how-to-chat-generate-google-ads-lovart,Refresh if query intent is relevant; preserve URL; improve sections tied to visible queries.
B_indexed_or_visible_refresh,291.12,quick-verdict,Quick verdict,0,14,0.0,7.29,,,,7387,82,False,True,2025-12-28T10:00:00+08:00,quick-verdict,https://www.lovart.ai/blog/quick-verdict,Refresh if query intent is relevant; preserve URL; improve sections tied to visible queries.
B_indexed_or_visible_refresh,291.12,ugly-to-lovely-ms-paint-to-ai-makeover,Ugly To Lovely Ms Paint To AI Makeover: A Practical Lovart Workflow Guide,0,14,0.0,9.64,,,,8987,63,False,True,2026-01-02T10:00:00+08:00,ugly-to-lovely-ms-paint-to-ai-makeover,https://www.lovart.ai/blog/ugly-to-lovely-ms-paint-to-ai-makeover,Refresh if query intent is relevant; preserve URL; improve sections tied to visible queries.
B_indexed_or_visible_refresh,291.04,03-career-multi-platform-sizing,"Multi-Platform Sizing: One Design, Every Platform — The Definitive Dimension Guide",0,13,0.0,6.31,,,,6422,77,False,True,2026-05-06T10:00:00+08:00,03-career-multi-platform-sizing,https://www.lovart.ai/blog/03-career-multi-platform-sizing,Refresh if query intent is relevant; preserve URL; improve sections tied to visible queries.
B_indexed_or_visible_refresh,291.04,best-ai-tool-for-logo-design-2026,"I designed 50+ logos with AI tools. 10 options tested. 1 is clearly the best for AI logo design, 2 are good, 7 are not worth the time.",0,13,0.0,8.38,,,,6522,38,False,True,2026-06-24T10:38:48Z,bd-best-ai-tool-for-logo-design-2026,https://www.lovart.ai/blog/best-ai-tool-for-logo-design-2026,Refresh if query intent is relevant; preserve URL; improve sections tied to visible queries.
B_indexed_or_visible_refresh,291.04,how-to-generate-ai-illustrations,How To Generate AI Illustrations: A Practical Lovart Workflow Guide,0,13,0.0,14.85,,,,8957,63,False,True,2025-10-23T10:00:00+08:00,blog-illust-en,https://www.lovart.ai/blog/how-to-generate-ai-illustrations,Refresh if query intent is relevant; preserve URL; improve sections tied to visible queries.
B_indexed_or_visible_refresh,290.96,best-ai-design-agent-for-podcaster,Best AI Design Agent For Podcaster: A Practical Lovart Workflow Guide,0,12,0.0,7.42,,,,8967,63,False,True,2025-09-15T10:00:00+08:00,best-ai-design-agent-for-podcaster,https://www.lovart.ai/blog/best-ai-design-agent-for-podcaster,Refresh if query intent is relevant; preserve URL; improve sections tied to visible queries.
B_indexed_or_visible_refresh,290.96,best-ai-design-agent-for-solopreneur,Best AI Design Agent For Solopreneur: A Practical Lovart Workflow Guide,0,12,0.0,6.33,,,,8977,63,False,True,2026-03-10T10:00:00+08:00,best-ai-design-agent-for-solopreneur,https://www.lovart.ai/blog/best-ai-design-agent-for-solopreneur,Refresh if query intent is relevant; preserve URL; improve sections tied to visible queries.
B_indexed_or_visible_refresh,290.96,design-student-ai-survival-guide-2026,Design Student's AI Survival Guide — How to Graduate Ready for the AI Era,0,12,0.0,6.67,,,,7737,133,False,True,2025-10-22T10:00:00+08:00,design-student-ai-survival-guide-2026,https://www.lovart.ai/blog/design-student-ai-survival-guide-2026,Refresh if query intent is relevant; preserve URL; improve sections tied to visible queries.
B_indexed_or_visible_refresh,290.88,best-ai-design-agent-for-content-creator,Best AI Design Agent For Content Creator: A Practical Lovart Workflow Guide,0,11,0.0,18.91,,,,8997,63,False,True,2025-11-29T10:00:00+08:00,best-ai-design-agent-for-content-creator,https://www.lovart.ai/blog/best-ai-design-agent-for-content-creator,Refresh if query intent is relevant; preserve URL; improve sections tied to visible queries.
B_indexed_or_visible_refresh,290.88,best-ai-design-agent-for-content-creator,Best AI Design Agent For Content Creator: A Practical Lovart Workflow Guide,0,11,0.0,18.91,,,,8997,63,False,True,2025-11-29T10:00:00+08:00,blog-best-ai-design-agent-for-content-creator-en,https://www.lovart.ai/blog/best-ai-design-agent-for-content-creator,Refresh if query intent is relevant; preserve URL; improve sections tied to visible queries.
B_indexed_or_visible_refresh,290.8,best-ai-design-agent-for-gym-owner,Best AI Design Agent For Gym Owner: A Practical Lovart Workflow Guide,0,10,0.0,8.3,,,,8967,63,False,True,2026-04-01T10:00:00+08:00,best-ai-design-agent-for-gym-owner,https://www.lovart.ai/blog/best-ai-design-agent-for-gym-owner,Refresh if query intent is relevant; preserve URL; improve sections tied to visible queries.
B_indexed_or_visible_refresh,290.8,ai-voice-generator-comparison,AI Voice Generator Comparison: Create Better Visuals From a Clear Brief,0,10,0.0,5.1,,,,8962,63,False,True,2025-10-13T10:00:00+08:00,blog-ai-voice-generator-comparison-en,https://www.lovart.ai/blog/ai-voice-generator-comparison,Refresh if query intent is relevant; preserve URL; improve sections tied to visible queries.
B_indexed_or_visible_refresh,290.8,brand-kit-gift-shop-lovart,Gift Shop Brand Kit: Thoughtful Visual Identity That Makes Every Purchase Feel Like a Present,0,10,0.0,5.6,,,,6646,43,False,True,2025-11-20T10:00:00+08:00,brand-kit-gift-shop-lovart,https://www.lovart.ai/blog/brand-kit-gift-shop-lovart,Refresh if query intent is relevant; preserve URL; improve sections tied to visible queries.
B_indexed_or_visible_refresh,290.8,brand-kit-hvac-technician-lovart,HVAC Technician Brand Kit: Climate-Control Visual Identity That Keeps Your Pipeline Hot (and Cool),0,10,0.0,6.9,,,,6381,43,False,True,2025-10-25T10:00:00+08:00,brand-kit-hvac-technician-lovart,https://www.lovart.ai/blog/brand-kit-hvac-technician-lovart,Refresh if query intent is relevant; preserve URL; improve sections tied to visible queries.
B_indexed_or_visible_refresh,290.8,ai-illustration-prompts-2,AI Illustration Prompts 2: A Practical Lovart Workflow Guide,0,10,0.0,10.5,,,,8922,63,False,True,2025-12-26T10:00:00+08:00,d31e4c91-c925-45bc-9177-2ad17abf784b,https://www.lovart.ai/blog/ai-illustration-prompts-2,Refresh if query intent is relevant; preserve URL; improve sections tied to visible queries.
B_indexed_or_visible_refresh,290.72,02-career-design-brief-template,02 Career Design Brief Template: A Practical Lovart Workflow Guide,0,9,0.0,12.22,,,,8952,63,False,True,2026-02-25T10:00:00+08:00,02-career-design-brief-template,https://www.lovart.ai/blog/02-career-design-brief-template,Refresh if query intent is relevant; preserve URL; improve sections tied to visible queries.
B_indexed_or_visible_refresh,290.72,ai-design-for-musicians-bands-2026,AI Design For Musicians Bands 2026: A Practical Lovart Workflow Guide,0,9,0.0,11.67,,,,8967,63,False,True,2026-02-19T10:00:00+08:00,ai-design-for-musicians-bands-2026,https://www.lovart.ai/blog/ai-design-for-musicians-bands-2026,Refresh if query intent is relevant; preserve URL; improve sections tied to visible queries.
B_indexed_or_visible_refresh,290.72,ai-design-for-travel-tourism-2026,AI Design For Travel Tourism 2026: A Practical Lovart Workflow Guide,0,9,0.0,12.22,,,,8962,63,False,True,2025-09-05T10:00:00+08:00,ai-design-for-travel-tourism-2026,https://www.lovart.ai/blog/ai-design-for-travel-tourism-2026,Refresh if query intent is relevant; preserve URL; improve sections tied to visible queries.
B_indexed_or_visible_refresh,290.72,stable-diffusion-alternatives-2026,Stable Diffusion Alternatives 2026: Best AI Image Tools Compared | Lovart,0,9,0.0,7.11,,,,6678,38,,True,2026-06-24T09:47:43Z,bd-stable-diffusion-alternatives-2026,https://www.lovart.ai/blog/stable-diffusion-alternatives-2026,Refresh if query intent is relevant; preserve URL; improve sections tied to visible queries.
B_indexed_or_visible_refresh,290.72,best-ai-design-agent-for-coach,Best AI Design Agent For Coach: A Practical Lovart Workflow Guide,0,9,0.0,10.89,,,,8947,63,False,True,2025-12-05T10:00:00+08:00,best-ai-design-agent-for-coach,https://www.lovart.ai/blog/best-ai-design-agent-for-coach,Refresh if query intent is relevant; preserve URL; improve sections tied to visible queries.
B_indexed_or_visible_refresh,290.72,brand-kit-accountant-lovart,How to Create a Brand Kit for an Accountant,0,9,0.0,9.67,,,,6047,48,False,True,2026-03-21T10:00:00+08:00,brand-kit-accountant-lovart,https://www.lovart.ai/blog/brand-kit-accountant-lovart,Refresh if query intent is relevant; preserve URL; improve sections tied to visible queries.
B_indexed_or_visible_refresh,290.72,brand-kit-dog-trainer-lovart,Dog Trainer Brand Kit: Commanding Visual Identity That Has Owners Clicking 'Book a Session',0,9,0.0,7.22,branding for dog trainers,22.0,branding for dog trainers (0c/1i/pos 22.0),6829,48,False,True,2025-11-20T10:00:00+08:00,brand-kit-dog-trainer-lovart,https://www.lovart.ai/blog/brand-kit-dog-trainer-lovart,Refresh if query intent is relevant; preserve URL; improve sections tied to visible queries.
B_indexed_or_visible_refresh,290.72,ai-illustration-mistakes-2,AI Illustration Mistakes 2: A Practical Lovart Workflow Guide,0,9,0.0,6.0,"is it legal to sell a picture painted by ai, are there copyright or ethical issues, and how can i troubleshoot poor results",15.0,"is it legal to sell a picture painted by ai, are there copyright or ethical issues, and how can i troubleshoot poor results (0c/1i/pos 15.0)",8927,63,False,True,2025-09-01T10:00:00+08:00,dd1e72be-c021-402b-a0e7-9cbaad361093,https://www.lovart.ai/blog/ai-illustration-mistakes-2,Refresh if query intent is relevant; preserve URL; improve sections tied to visible queries.
B_indexed_or_visible_refresh,290.64,image-to-video-ai-tools,Image to Video AI Tools: How to Pick the Right Workflow in 2026,0,8,0.0,6.62,,,,8971,63,False,True,2026-06-26T15:36:00Z,blog-image-to-video-ai-tools-en,https://www.lovart.ai/blog/image-to-video-ai-tools,Refresh if query intent is relevant; preserve URL; improve sections tied to visible queries.
B_indexed_or_visible_refresh,290.56,ai-illustration-style-prompts,AI Illustration Style Prompts: A Practical Lovart Workflow Guide,0,7,0.0,14.86,,,,8942,63,False,True,2026-06-24T09:32:21Z,bp-ai-illustration-style-prompts,https://www.lovart.ai/blog/ai-illustration-style-prompts,Refresh if query intent is relevant; preserve URL; improve sections tied to visible queries.
B_indexed_or_visible_refresh,290.48,best-ai-design-agent-for-wine-bar-owner,Best AI Design Agent For Wine Bar Owner: A Practical Lovart Workflow Guide,0,6,0.0,7.83,,,,8992,63,False,True,2025-09-25T10:00:00+08:00,best-ai-design-agent-for-wine-bar-owner,https://www.lovart.ai/blog/best-ai-design-agent-for-wine-bar-owner,Refresh if query intent is relevant; preserve URL; improve sections tied to visible queries.
B_indexed_or_visible_refresh,290.4,best-ai-design-tool-for-restaurants-2026,"I owned a restaurant for 3 years. I tested 5 AI design tools for restaurant work. 1 is excellent, 2 are good, 2 are not worth the time.",0,5,0.0,5.2,,,,6142,33,False,True,2026-06-26T09:17:49Z,bd-best-ai-design-tool-for-restaurants-2026,https://www.lovart.ai/blog/best-ai-design-tool-for-restaurants-2026,Refresh if query intent is relevant; preserve URL; improve sections tied to visible queries.
B_indexed_or_visible_refresh,290.4,free-ai-mockup-generator-guide,Free AI Mockup Generator Guide: Create Better Visuals From a Clear Brief,0,5,0.0,7.8,,,,8967,63,False,True,2026-06-24T09:40:35Z,bp-free-ai-mockup-generator-guide,https://www.lovart.ai/blog/free-ai-mockup-generator-guide,Refresh if query intent is relevant; preserve URL; improve sections tied to visible queries.
B_indexed_or_visible_refresh,290.32,brand-kit-catering-lovart,How to Create a Brand Kit for a Catering Business,0,4,0.0,5.0,,,,6577,61,False,True,2026-04-04T10:00:00+08:00,brand-kit-catering-lovart,https://www.lovart.ai/blog/brand-kit-catering-lovart,Refresh if query intent is relevant; preserve URL; improve sections tied to visible queries.
B_indexed_or_visible_refresh,290.32,brand-kit-swim-school-lovart,How to Create a Brand Kit for a Swim School,0,4,0.0,9.25,,,,6079,48,False,True,2026-02-07T10:00:00+08:00,brand-kit-swim-school-lovart,https://www.lovart.ai/blog/brand-kit-swim-school-lovart,Refresh if query intent is relevant; preserve URL; improve sections tied to visible queries.
B_indexed_or_visible_refresh,290.32,how-to-chat-generate-fb-ads-lovart,How To Chat Generate Fb Ads Lovart: A Practical Lovart Workflow Guide,0,4,0.0,5.25,,,,8967,63,False,True,2025-12-23T10:00:00+08:00,how-to-chat-generate-fb-ads-lovart,https://www.lovart.ai/blog/how-to-chat-generate-fb-ads-lovart,Refresh if query intent is relevant; preserve URL; improve sections tied to visible queries.
B_indexed_or_visible_refresh,290.24,best-ai-design-tool-for-non-profits-2026,"I was a design volunteer for 4 non-profits. I tested 5 free AI design tools for non-profit work. 1 is excellent, 2 are good, 2 are not worth the time.",0,3,0.0,8.67,,,,6009,33,False,True,2026-06-26T09:17:49Z,bd-best-ai-design-tool-for-non-profits-2026,https://www.lovart.ai/blog/best-ai-design-tool-for-non-profits-2026,Refresh if query intent is relevant; preserve URL; improve sections tied to visible queries.
B_indexed_or_visible_refresh,290.24,best-ai-design-tools-for-enterprise-2026,"I consulted for 8 enterprise design teams (500+ employees each). The AI design tools that work for enterprise are: 1 for security, 1 for collaboration, 1 for governance. Most popular tools fail at least one of these.",0,3,0.0,8.67,,,,6966,36,False,True,2026-06-24T10:38:50Z,bd-best-ai-design-tools-for-enterprise-2026,https://www.lovart.ai/blog/best-ai-design-tools-for-enterprise-2026,Refresh if query intent is relevant; preserve URL; improve sections tied to visible queries.
B_indexed_or_visible_refresh,290.24,best-ai-design-agent-for-day-spa-owner,"Best AI Design Agent for Day Spa Owners — Treatment Menus, Social Proof & Serene Branding",0,3,0.0,4.0,,,,8095,40,False,True,2025-11-08T10:00:00+08:00,best-ai-design-agent-for-day-spa-owner,https://www.lovart.ai/blog/best-ai-design-agent-for-day-spa-owner,Refresh if query intent is relevant; preserve URL; improve sections tied to visible queries.
B_indexed_or_visible_refresh,290.24,ai-menu-maker,AI Menu Maker: Create Better Visuals From a Clear Brief,0,3,0.0,6.0,,,,8882,63,False,True,2026-04-18T10:00:00+08:00,blog-ai-menu-maker-en,https://www.lovart.ai/blog/ai-menu-maker,Refresh if query intent is relevant; preserve URL; improve sections tied to visible queries.
B_indexed_or_visible_refresh,290.24,how-to-create-flyers-without-photoshop,How To Create Flyers Without Photoshop: A Practical Lovart Workflow Guide,0,3,0.0,5.33,,,,8987,63,False,True,2026-01-16T10:00:00+08:00,blog-how-to-create-flyers-without-photoshop-en,https://www.lovart.ai/blog/how-to-create-flyers-without-photoshop,Refresh if query intent is relevant; preserve URL; improve sections tied to visible queries.
B_indexed_or_visible_refresh,290.24,ai-design-for-etsy-sellers,AI Design For Etsy Sellers: A Practical Lovart Workflow Guide,0,3,0.0,7.0,,,,8927,63,False,True,2026-06-24T09:54:09Z,bp-ai-design-for-etsy-sellers,https://www.lovart.ai/blog/ai-design-for-etsy-sellers,Refresh if query intent is relevant; preserve URL; improve sections tied to visible queries.
B_indexed_or_visible_refresh,290.24,brand-kit-comic-book-shop-lovart,Comic Book Shop Brand Kit: Heroic Visual Identity That Turns Wednesday Warriors into Lifelong Fans,0,3,0.0,18.0,,,,6614,43,False,True,2025-12-07T10:00:00+08:00,brand-kit-comic-book-shop-lovart,https://www.lovart.ai/blog/brand-kit-comic-book-shop-lovart,Refresh if query intent is relevant; preserve URL; improve sections tied to visible queries.
B_indexed_or_visible_refresh,290.24,font-pairing-guide-ai-design,Font Pairing Guide AI Design: A Practical Lovart Workflow Guide,0,3,0.0,16.33,,,,8937,63,False,True,2026-06-26T15:25:16Z,font-pairing-guide-ai-design,https://www.lovart.ai/blog/font-pairing-guide-ai-design,Refresh if query intent is relevant; preserve URL; improve sections tied to visible queries.
B_indexed_or_visible_refresh,290.16,ai-video-generation-quality-benchmark-2026,I tested 10 AI video models on 30 prompts and 600 videos. The quality ranking is not what most people think.,0,2,0.0,5.0,,,,6366,44,False,True,2026-06-26T09:17:52Z,bd-ai-video-generation-quality-benchmark-2026,https://www.lovart.ai/blog/ai-video-generation-quality-benchmark-2026,Refresh if query intent is relevant; preserve URL; improve sections tied to visible queries.
B_indexed_or_visible_refresh,290.16,canva-alternatives-for-social-media-2026,Canva Alternatives for Social Media 2026: Best Tools by Platform | Lovart,0,2,0.0,4.0,,,,6155,33,,True,2026-06-24T10:38:48Z,bd-canva-alternatives-for-social-media-2026,https://www.lovart.ai/blog/canva-alternatives-for-social-media-2026,Refresh if query intent is relevant; preserve URL; improve sections tied to visible queries.
B_indexed_or_visible_refresh,290.16,ai-art-generator-tutorial,AI Art Generator Tutorial: From Prompt to Finished Visual Direction,0,2,0.0,7.0,,,,8952,63,False,True,2026-06-26T15:35:56Z,blog-ai-art-generator-tutorial-en,https://www.lovart.ai/blog/ai-art-generator-tutorial,Refresh if query intent is relevant; preserve URL; improve sections tied to visible queries.
B_indexed_or_visible_refresh,290.16,ai-headshot-generator-2026,AI Headshot Generator 2026: Create Professional Photos Without Looking Fake,0,2,0.0,7.0,,,,8963,63,False,True,2026-06-26T15:35:56Z,blog-ai-headshot-generator-2026-en,https://www.lovart.ai/blog/ai-headshot-generator-2026,Refresh if query intent is relevant; preserve URL; improve sections tied to visible queries.
B_indexed_or_visible_refresh,290.16,ai-infographic-maker,AI Infographic Maker: Create Better Visuals From a Clear Brief,0,2,0.0,5.0,,,,8917,63,False,True,2026-03-28T10:00:00+08:00,blog-ai-infographic-maker-en,https://www.lovart.ai/blog/ai-infographic-maker,Refresh if query intent is relevant; preserve URL; improve sections tied to visible queries.
B_indexed_or_visible_refresh,290.16,lovart-design-agent-review,Lovart Design Agent Review: A Practical Lovart Workflow Guide,0,2,0.0,5.5,,,,8927,63,False,True,2026-05-03T10:00:00+08:00,blog-lovart-design-agent-review-en,https://www.lovart.ai/blog/lovart-design-agent-review,Refresh if query intent is relevant; preserve URL; improve sections tied to visible queries.
B_indexed_or_visible_refresh,290.16,ai-business-card-prompts,AI Business Card Prompts: A Practical Lovart Workflow Guide,0,2,0.0,5.0,,,,8917,63,False,True,2026-03-06T10:00:00+08:00,bp-ai-business-card-prompts,https://www.lovart.ai/blog/ai-business-card-prompts,Refresh if query intent is relevant; preserve URL; improve sections tied to visible queries.
B_indexed_or_visible_refresh,290.16,ai-design-for-saas-startups,AI Design For Saas Startups: A Practical Lovart Workflow Guide,0,2,0.0,20.0,,,,8932,63,False,True,2026-06-24T09:54:09Z,bp-ai-design-for-saas-startups,https://www.lovart.ai/blog/ai-design-for-saas-startups,Refresh if query intent is relevant; preserve URL; improve sections tied to visible queries.
B_indexed_or_visible_refresh,290.16,ai-product-photography-prompts,AI Product Photography Prompts: A Practical Lovart Workflow Guide,0,2,0.0,9.0,,,,8947,63,False,True,2026-06-24T09:32:18Z,bp-ai-product-photography-prompts,https://www.lovart.ai/blog/ai-product-photography-prompts,Refresh if query intent is relevant; preserve URL; improve sections tied to visible queries.
B_indexed_or_visible_refresh,290.16,free-ai-color-palette-generator,Free AI Color Palette Generator: Create Better Visuals From a Clear Brief,0,2,0.0,4.0,,,,8972,63,False,True,2026-06-24T09:40:35Z,bp-free-ai-color-palette-generator,https://www.lovart.ai/blog/free-ai-color-palette-generator,Refresh if query intent is relevant; preserve URL; improve sections tied to visible queries.
B_indexed_or_visible_refresh,290.16,sora-vs-veo-vs-kling-vs-runway-2026,Sora vs Veo vs Kling vs Runway 2026: Best AI Video Model Compared | Lovart,0,2,0.0,9.5,,,,6098,31,,True,2026-06-26T09:18:00Z,bp-sora-vs-veo-vs-kling-vs-runway-2026,https://www.lovart.ai/blog/sora-vs-veo-vs-kling-vs-runway-2026,Refresh if query intent is relevant; preserve URL; improve sections tied to visible queries.
B_indexed_or_visible_refresh,290.16,brand-kit-farmer-market-lovart,Farmers Market Brand Kit: Fresh-Picked Visual Identity That Grows Your Vendor Community,0,2,0.0,8.5,,,,6644,43,False,True,2025-11-26T10:00:00+08:00,brand-kit-farmer-market-lovart,https://www.lovart.ai/blog/brand-kit-farmer-market-lovart,Refresh if query intent is relevant; preserve URL; improve sections tied to visible queries.
B_indexed_or_visible_refresh,290.16,wan-2-1-ai-review,"Wan 2.1 AI Review 2026: Features, Performance & Comparison Test",0,2,0.0,9.0,,,,8284,121,False,True,2025-12-19T10:00:00+08:00,wan-2-1-ai-review,https://www.lovart.ai/blog/wan-2-1-ai-review,Refresh if query intent is relevant; preserve URL; improve sections tied to visible queries.
B_indexed_or_visible_refresh,290.08,best-ai-design-tool-for-startups-2026,Best AI Design Tool For Startups 2026: A Practical Lovart Workflow Guide,0,1,0.0,7.0,,,,8982,63,False,True,2026-06-24T10:38:45Z,bd-best-ai-design-tool-for-startups-2026,https://www.lovart.ai/blog/best-ai-design-tool-for-startups-2026,Refresh if query intent is relevant; preserve URL; improve sections tied to visible queries.
B_indexed_or_visible_refresh,290.08,best-ai-tool-for-product-photos-2026,"I photographed 1,000+ products with AI tools. 6 options tested. 1 is clearly the best for AI product photos, 2 are good, 3 are not worth the time.",0,1,0.0,9.0,,,,6084,34,,True,2026-06-24T10:38:48Z,bd-best-ai-tool-for-product-photos-2026,https://www.lovart.ai/blog/best-ai-tool-for-product-photos-2026,Refresh if query intent is relevant; preserve URL; improve sections tied to visible queries.
B_indexed_or_visible_refresh,290.08,photoshop-alternatives-2026,Photoshop Alternatives 2026: Best AI Design & Editing Tools | Lovart,0,1,0.0,8.0,,,,6959,38,,True,2025-12-05T10:00:00+08:00,bd-photoshop-alternatives-2026,https://www.lovart.ai/blog/photoshop-alternatives-2026,Refresh if query intent is relevant; preserve URL; improve sections tied to visible queries.
B_indexed_or_visible_refresh,290.08,ai-design-agent-explained,AI Design Agent Explained: What Changes When the Tool Can Reason,0,1,0.0,5.0,,,,8949,63,False,True,2026-06-26T15:35:56Z,blog-ai-design-agent-explained-en,https://www.lovart.ai/blog/ai-design-agent-explained,Refresh if query intent is relevant; preserve URL; improve sections tied to visible queries.
B_indexed_or_visible_refresh,290.08,ai-image-generator-free-tools,Free AI Image Generator Tools: What to Check Before You Use One,0,1,0.0,8.0,,,,8881,63,False,True,2026-06-26T15:35:53Z,blog-ai-image-generator-free-tools-en,https://www.lovart.ai/blog/ai-image-generator-free-tools,Refresh if query intent is relevant; preserve URL; improve sections tied to visible queries.
B_indexed_or_visible_refresh,290.08,best-ai-design-agent-for-cafe-owners,Best AI Design Agent For Cafe Owners: A Practical Lovart Workflow Guide,0,1,0.0,14.0,,,,8977,63,False,True,2025-09-09T10:00:00+08:00,blog-best-ai-design-agent-for-cafe-owners-en,https://www.lovart.ai/blog/best-ai-design-agent-for-cafe-owners,Refresh if query intent is relevant; preserve URL; improve sections tied to visible queries.
B_indexed_or_visible_refresh,290.08,best-ai-design-agent-for-dtc-founders,Best AI Design Agent For Dtc Founders: A Practical Lovart Workflow Guide,0,1,0.0,8.0,,,,8982,63,False,True,2026-05-07T10:00:00+08:00,blog-best-ai-design-agent-for-dtc-founders-en,https://www.lovart.ai/blog/best-ai-design-agent-for-dtc-founders,Refresh if query intent is relevant; preserve URL; improve sections tied to visible queries.
B_indexed_or_visible_refresh,290.08,ai-ebook-cover-prompts,I wrote 40 prompts to generate ebook covers. Here are the 10 that produced bestsellers.,0,1,0.0,5.0,,,,7318,34,,True,2026-06-26T09:17:55Z,bp-ai-ebook-cover-prompts,https://www.lovart.ai/blog/ai-ebook-cover-prompts,Refresh if query intent is relevant; preserve URL; improve sections tied to visible queries.
B_indexed_or_visible_refresh,290.08,best-ai-tools-for-small-business-2026,Best AI Tools For Small Business 2026: A Practical Lovart Workflow Guide,0,1,0.0,5.0,,,,8982,63,False,True,2026-06-24T09:40:37Z,bp-best-ai-tools-for-small-business-2026,https://www.lovart.ai/blog/best-ai-tools-for-small-business-2026,Refresh if query intent is relevant; preserve URL; improve sections tied to visible queries.
B_indexed_or_visible_refresh,290.08,free-ai-banner-maker-guide,Free AI Banner Maker Guide: Create Better Visuals From a Clear Brief,0,1,0.0,9.0,best free ai banner generators 2026,10.0,best free ai banner generators 2026 (0c/1i/pos 10.0),8947,63,False,True,2026-06-24T09:40:35Z,bp-free-ai-banner-maker-guide,https://www.lovart.ai/blog/free-ai-banner-maker-guide,Refresh if query intent is relevant; preserve URL; improve sections tied to visible queries.
B_indexed_or_visible_refresh,288.16,ai-creative-video-tools-compared,Creative AI Video Tools Compared: Claymation vs Loop vs Fantasy Generators,0,102,0.0,24.12,,,,11906,82,False,True,2026-02-26T10:00:00+08:00,ai-creative-video-tools-compared,https://www.lovart.ai/blog/ai-creative-video-tools-compared,Refresh if query intent is relevant; preserve URL; improve sections tied to visible queries.
B_indexed_or_visible_refresh,283.44,cohesive-instagram-feed-ai,How to Design a Cohesive Instagram Feed with AI (Step-by-Step),3,43,6.98,14.65,everypost alternative,61.25,everypost alternative (0c/4i/pos 61.2),18782,85,False,True,2026-03-02T10:00:00+08:00,blog-chf-en,https://www.lovart.ai/blog/cohesive-instagram-feed-ai,Refresh if query intent is relevant; preserve URL; improve sections tied to visible queries.
B_indexed_or_visible_refresh,273.12,prompting-for-repairs-words-to-fix-ai-mistakes,Prompting for Repairs — What Words Actually Work When Asking AI to Fix a Mistake,2,39,5.13,6.79,,,,15622,69,False,True,2025-11-27T10:00:00+08:00,prompting-for-repairs-words-to-fix-ai-mistakes,https://www.lovart.ai/blog/prompting-for-repairs-words-to-fix-ai-mistakes,Refresh if query intent is relevant; preserve URL; improve sections tied to visible queries.
B_indexed_or_visible_refresh,271.76,best-ai-design-agent-for-personal-brand-builder,Best AI Design Agent For Personal Brand Builder: A Practical Lovart Workflow Guide,2,22,9.09,12.36,,,,9032,63,False,True,2026-01-02T10:00:00+08:00,best-ai-design-agent-for-personal-brand-builder,https://www.lovart.ai/blog/best-ai-design-agent-for-personal-brand-builder,Refresh if query intent is relevant; preserve URL; improve sections tied to visible queries.
B_indexed_or_visible_refresh,271.76,case-study-agency-ai-banner-campaign,How Agency Creative Director Omar Hassan Replaced Banner Ad Outsourcing — And Cut Client Costs by 82% Without Losing Quality,2,22,9.09,4.32,,,,15887,94,False,True,2025-11-19T10:00:00+08:00,case-study-agency-ai-banner-campaign,https://www.lovart.ai/blog/case-study-agency-ai-banner-campaign,Refresh if query intent is relevant; preserve URL; improve sections tied to visible queries.
B_indexed_or_visible_refresh,271.12,seasonal-marketing-prompts-christmas-black-friday-valentines,"Seasonal Marketing — 10 AI Prompts for Christmas, Black Friday & Valentine's Ads",2,14,14.29,5.29,,,,13710,73,False,True,2025-12-08T10:00:00+08:00,seasonal-marketing-prompts-christmas-black-friday-valentines,https://www.lovart.ai/blog/seasonal-marketing-prompts-christmas-black-friday-valentines,Refresh if query intent is relevant; preserve URL; improve sections tied to visible queries.
B_indexed_or_visible_refresh,265.92,freepik-ai-image-generator-vs-lovart,Freepik AI Image Generator vs Lovart: Stock Library or AI Design Agent — Which Ships Faster?,0,1074,0.0,3.86,freepik,1.73,freepik (0c/676i/pos 1.7) | freepik ai image generator (0c/251i/pos 1.7) | freepik ai (0c/4i/pos 3.0) | freepik free tier (0c/2i/pos 7.0) | frepick (0c/2i/pos 1.0),9694,69,False,True,2026-03-29T10:00:00+08:00,freepik-ai-image-generator-vs-lovart,https://www.lovart.ai/blog/freepik-ai-image-generator-vs-lovart,Refresh if query intent is relevant; preserve URL; improve sections tied to visible queries.
B_indexed_or_visible_refresh,263.68,how-to-create-amazon-listing-images-ai-design-agent,How to Create High-Conversion Amazon Listing Images with Lovart AI Design Agent,1,46,2.17,8.17,design high converting amazon product listing images,20.0,design high converting amazon product listing images (0c/3i/pos 20.0) | 71i7-cmq8yl amazon image (0c/1i/pos 3.0),12081,74,False,True,2026-04-06T10:00:00+08:00,how-to-create-amazon-listing-images-ai-design-agent,https://www.lovart.ai/blog/how-to-create-amazon-listing-images-ai-design-agent,Refresh if query intent is relevant; preserve URL; improve sections tied to visible queries.
B_indexed_or_visible_refresh,262.88,brand-kit-pizzeria-lovart,Brand Kit for Pizzeria Lovart: Build a Visual System With AI,1,36,2.78,10.97,,,,9063,63,False,True,2025-09-02T10:00:00+08:00,brand-kit-pizzeria-lovart,https://www.lovart.ai/blog/brand-kit-pizzeria-lovart,Refresh if query intent is relevant; preserve URL; improve sections tied to visible queries.
B_indexed_or_visible_refresh,262.64,best-ai-design-agent-for-real-estate-agent,"Best AI Design Agent for Real Estate Agents — Listings, Flyers & Open House Signs",1,33,3.03,6.97,,,,10923,64,False,True,2025-10-22T10:00:00+08:00,best-ai-design-agent-for-real-estate-agent,https://www.lovart.ai/blog/best-ai-design-agent-for-real-estate-agent,Refresh if query intent is relevant; preserve URL; improve sections tied to visible queries.
B_indexed_or_visible_refresh,262.64,brand-kit-spa-lovart,Brand Kit for Spas: Complete Visual Identity Guide with Lovart's AI Design Agent,1,33,3.03,15.73,,,,10065,40,False,True,2025-12-11T10:00:00+08:00,brand-kit-spa-lovart,https://www.lovart.ai/blog/brand-kit-spa-lovart,Refresh if query intent is relevant; preserve URL; improve sections tied to visible queries.
B_indexed_or_visible_refresh,262.56,best-ai-design-agent-for-hair-salon-owner,"Best AI Design Agent for Hair Salon Owners: Price Lists, Portfolio Lookbooks & TikTok Covers by Lovart",1,32,3.12,7.06,,,,15309,51,False,True,2025-12-08T10:00:00+08:00,best-ai-design-agent-for-hair-salon-owner,https://www.lovart.ai/blog/best-ai-design-agent-for-hair-salon-owner,Refresh if query intent is relevant; preserve URL; improve sections tied to visible queries.
B_indexed_or_visible_refresh,262.48,how-to-chat-generate-product-photography-lovart,How to Chat-Generate Product Photography — Lovart Agent Workflow,1,31,3.23,8.71,,,,11763,95,False,True,2026-03-09T10:00:00+08:00,how-to-chat-generate-product-photography-lovart,https://www.lovart.ai/blog/how-to-chat-generate-product-photography-lovart,Refresh if query intent is relevant; preserve URL; improve sections tied to visible queries.
B_indexed_or_visible_refresh,262.4,merch-drop-print-ai-art-hoodies-no-white-box,Merch Drop — Printing AI Art on Hoodies Without the White Box Background,1,30,3.33,10.7,,,,50733,220,False,True,2026-05-12T10:00:00+08:00,merch-drop-print-ai-art-hoodies-no-white-box,https://www.lovart.ai/blog/merch-drop-print-ai-art-hoodies-no-white-box,Refresh if query intent is relevant; preserve URL; improve sections tied to visible queries.
B_indexed_or_visible_refresh,262.32,03-cluster-cinematic-camera-control,Video Camera: AI-Powered Solution 2026,1,29,3.45,12.52,cinematic control,4.5,cinematic control (0c/2i/pos 4.5) | cinematic ai camera control (0c/1i/pos 55.0),10145,119,False,True,2025-09-19T10:00:00+08:00,03-cluster-cinematic-camera-control,https://www.lovart.ai/blog/03-cluster-cinematic-camera-control,Refresh if query intent is relevant; preserve URL; improve sections tied to visible queries.
B_indexed_or_visible_refresh,261.92,brand-kit-bridal-shop-lovart,Brand Kit for Bridal Shop Lovart: Build a Visual System With AI,1,24,4.17,11.5,,,,9081,63,False,True,2025-10-05T10:00:00+08:00,brand-kit-bridal-shop-lovart,https://www.lovart.ai/blog/brand-kit-bridal-shop-lovart,Refresh if query intent is relevant; preserve URL; improve sections tied to visible queries.
B_indexed_or_visible_refresh,261.68,brand-kit-crossfit-box-lovart,Brand Kit for Crossfit Box Lovart: Build a Visual System With AI,1,21,4.76,7.48,,,,9087,63,False,True,2026-02-22T10:00:00+08:00,brand-kit-crossfit-box-lovart,https://www.lovart.ai/blog/brand-kit-crossfit-box-lovart,Refresh if query intent is relevant; preserve URL; improve sections tied to visible queries.
B_indexed_or_visible_refresh,261.68,brand-kit-pediatric-dentist-lovart,Brand Kit for Pediatric Dentist Lovart: Build a Visual System With AI,1,21,4.76,4.1,,,,9117,63,False,True,2025-11-28T10:00:00+08:00,brand-kit-pediatric-dentist-lovart,https://www.lovart.ai/blog/brand-kit-pediatric-dentist-lovart,Refresh if query intent is relevant; preserve URL; improve sections tied to visible queries.
B_indexed_or_visible_refresh,261.6,ai-design-for-nonprofit-fundraising-campaigns-2026,AI Design for Nonprofit Fundraising — Campaigns That Move People to Give,1,20,5.0,8.85,,,,11921,104,False,True,2025-10-30T10:00:00+08:00,ai-design-for-nonprofit-fundraising-campaigns-2026,https://www.lovart.ai/blog/ai-design-for-nonprofit-fundraising-campaigns-2026,Refresh if query intent is relevant; preserve URL; improve sections tied to visible queries.
B_indexed_or_visible_refresh,261.44,nightcafe-alternative,NightCafe Alternative: When to Use a Design Agent Instead,1,18,5.56,8.33,,,,10071,69,False,True,2025-11-27T10:00:00+08:00,1u5vaBwLndY1gqYUMVevK2,https://www.lovart.ai/blog/nightcafe-alternative,Refresh if query intent is relevant; preserve URL; improve sections tied to visible queries.
B_indexed_or_visible_refresh,261.36,beautyplus-alternative,BeautyPlus Alternative: When to Use a Design Agent Instead,1,17,5.88,9.88,beauty plus alternative,13.0,beauty plus alternative (0c/1i/pos 13.0),10078,69,False,True,2025-12-03T10:00:00+08:00,5OcAE57ZPh7ef83a6AOAlM,https://www.lovart.ai/blog/beautyplus-alternative,Refresh if query intent is relevant; preserve URL; improve sections tied to visible queries.
B_indexed_or_visible_refresh,261.36,ai-design-agent-last-mile-production,"Solving the ""Last Mile"": How Lovart Takes You from Draft to Final Deliverable",1,17,5.88,8.41,,,,25743,55,False,True,2025-11-22T10:00:00+08:00,ai-design-agent-last-mile-production,https://www.lovart.ai/blog/ai-design-agent-last-mile-production,Refresh if query intent is relevant; preserve URL; improve sections tied to visible queries.
B_indexed_or_visible_refresh,260.96,ab-testing-designs-generating-variations-ai,A/B Testing Designs — Generating 4 Variations of One Ad to See Which Wins,1,12,8.33,7.5,,,,10815,75,False,True,2025-10-05T10:00:00+08:00,ab-testing-designs-generating-variations-ai,https://www.lovart.ai/blog/ab-testing-designs-generating-variations-ai,Refresh if query intent is relevant; preserve URL; improve sections tied to visible queries.
B_indexed_or_visible_refresh,260.96,best-ai-design-agent-for-sushi-restaurant-owner,"Best AI Design Agent for Sushi Restaurant Owners: Omakase Menus, Nigiri Guides & Japanese Aesthetic Visuals by Lovart",1,12,8.33,5.25,,,,16077,47,False,True,2026-04-18T10:00:00+08:00,best-ai-design-agent-for-sushi-restaurant-owner,https://www.lovart.ai/blog/best-ai-design-agent-for-sushi-restaurant-owner,Refresh if query intent is relevant; preserve URL; improve sections tied to visible queries.
B_indexed_or_visible_refresh,260.88,lovart-vs-freepik-complete,Lovart vs Freepik Complete: Compare the Workflow Before You Choose,1,11,9.09,9.36,,,,10033,69,False,True,2025-10-22T10:00:00+08:00,blog-lovart-vs-freepik-complete-en,https://www.lovart.ai/blog/lovart-vs-freepik-complete,Refresh if query intent is relevant; preserve URL; improve sections tied to visible queries.
B_indexed_or_visible_refresh,260.16,how-to-create-promotional-postcards-without-photoshop,How To Create Promotional Postcards Without Photoshop: A Practical Lovart Workflow Guide,1,2,50.0,4.0,,,,9062,63,False,True,2026-04-03T10:00:00+08:00,blog-how-to-create-promotional-postcards-without-photoshop-en,https://www.lovart.ai/blog/how-to-create-promotional-postcards-without-photoshop,Refresh if query intent is relevant; preserve URL; improve sections tied to visible queries.
B_indexed_or_visible_refresh,253.92,what-happened-when-i-tried-vmaker-for-real-projects,What Happened When I Tried Vmaker For Real Projects,0,49,0.0,8.37,,,,10779,96,False,True,2026-02-21T10:00:00+08:00,67b7e84b-98e7-44aa-b498-762c31996ff1,https://www.lovart.ai/blog/what-happened-when-i-tried-vmaker-for-real-projects,Refresh if query intent is relevant; preserve URL; improve sections tied to visible queries.
B_indexed_or_visible_refresh,253.92,best-ai-design-tool-for-solopreneurs-2026,Best AI Design Tool For Solopreneurs 2026: A Practical Lovart Workflow Guide,0,49,0.0,17.69,ai tools for solopreneurs 2026,27.33,"ai tools for solopreneurs 2026 (0c/12i/pos 27.3) | best ai tools for solopreneurs 2026 (0c/9i/pos 29.7) | ""lovart"" -site:reddit.com -site:twitter.com -site:x.com -site:wykop.pl -site:tripadvisor.com -site:youtube.com -site:yelp.com -site:booking.com -site:facebook.com -site:instagram.com -site:tiktok.com (0c/4i/pos 2.8) | ai tools for freelancers 2026 (0c/3i/pos 40.7) | best ai tools for freelancers 2026 (0c/1i/pos 44.0)",9002,63,False,True,2026-04-23T10:00:00+08:00,bd-best-ai-design-tool-for-solopreneurs-2026,https://www.lovart.ai/blog/best-ai-design-tool-for-solopreneurs-2026,Refresh if query intent is relevant; preserve URL; improve sections tied to visible queries.
B_indexed_or_visible_refresh,253.92,the-end-of-ocr-why-editable-text-generation-is-the-future-of-design,The End of OCR: Why Editable Text Generation is the Future of Design,0,49,0.0,5.71,,,,15321,60,False,True,2026-01-19T10:00:00+08:00,the-end-of-ocr-why-editable-text-generation-is-the-future-of-des,https://www.lovart.ai/blog/the-end-of-ocr-why-editable-text-generation-is-the-future-of-design,Refresh if query intent is relevant; preserve URL; improve sections tied to visible queries.
B_indexed_or_visible_refresh,253.76,best-ai-design-agent-for-coffee-shop-owner,Best AI Design Agent For Coffee Shop Owner: A Practical Lovart Workflow Guide,0,47,0.0,19.17,,,,9007,63,False,True,2026-03-19T10:00:00+08:00,best-ai-design-agent-for-coffee-shop-owner,https://www.lovart.ai/blog/best-ai-design-agent-for-coffee-shop-owner,Refresh if query intent is relevant; preserve URL; improve sections tied to visible queries.
B_indexed_or_visible_refresh,253.76,best-ai-design-agent-for-food-blogger,"Best AI Design Agent for Food Bloggers: Recipe Cards, Step-by-Step Guides & Food Photography Visuals by Lovart",0,47,0.0,11.3,,,,15743,47,False,True,2025-09-06T10:00:00+08:00,best-ai-design-agent-for-food-blogger,https://www.lovart.ai/blog/best-ai-design-agent-for-food-blogger,Refresh if query intent is relevant; preserve URL; improve sections tied to visible queries.
B_indexed_or_visible_refresh,253.68,case-study-game-dev-ai-textures-materials,"How Game Developer Yuki Tanaka Generated 2,400 Textures in 6 Days — And Shipped His Indie Game 8 Months Early",0,46,0.0,18.87,,,,15554,89,False,True,2025-11-13T10:00:00+08:00,case-study-game-dev-ai-textures-materials,https://www.lovart.ai/blog/case-study-game-dev-ai-textures-materials,Refresh if query intent is relevant; preserve URL; improve sections tied to visible queries.
B_indexed_or_visible_refresh,253.52,stop-rerolling-5-ai-prompting-mistakes-designers,Stop Rerolling 5 AI Prompting Mistakes Designers: A Practical Lovart Workflow Guide,0,44,0.0,7.05,,,,9037,63,False,True,2026-05-02T10:00:00+08:00,stop-rerolling-5-ai-prompting-mistakes-designers,https://www.lovart.ai/blog/stop-rerolling-5-ai-prompting-mistakes-designers,Refresh if query intent is relevant; preserve URL; improve sections tied to visible queries.
B_indexed_or_visible_refresh,253.44,agency-adapting-to-ai-design-workflow,"How Design Agencies Are Adapting to AI — Workflows, Pricing & Client Relations",0,43,0.0,17.23,site:lovart.ai pricing,7.0,site:lovart.ai pricing (0c/2i/pos 7.0) | evaluate the generative ai company lovart on best ai creative tool for agencies and studios (0c/1i/pos 11.0),12236,111,False,True,2025-11-07T10:00:00+08:00,agency-adapting-to-ai-design-workflow,https://www.lovart.ai/blog/agency-adapting-to-ai-design-workflow,Refresh if query intent is relevant; preserve URL; improve sections tied to visible queries.
B_indexed_or_visible_refresh,253.44,design-governance-ai-brand-compliance-workflows-2027,Design Governance with AI: Setting Up Brand Compliance Workflows for Enterprise Teams,0,43,0.0,9.79,brand governance with ai,27.57,brand governance with ai (0c/7i/pos 27.6),12996,105,False,True,2026-03-29T10:00:00+08:00,design-governance-ai-brand-compliance-workflows-2027,https://www.lovart.ai/blog/design-governance-ai-brand-compliance-workflows-2027,Refresh if query intent is relevant; preserve URL; improve sections tied to visible queries.
B_indexed_or_visible_refresh,253.44,storytelling-thumbnails-intrigue-not-just-subject,Storytelling Thumbnails Intrigue Not Just Subject: A Practical Lovart Workflow Guide,0,43,0.0,7.26,,,,9042,63,False,True,2025-09-07T10:00:00+08:00,storytelling-thumbnails-intrigue-not-just-subject,https://www.lovart.ai/blog/storytelling-thumbnails-intrigue-not-just-subject,Refresh if query intent is relevant; preserve URL; improve sections tied to visible queries.
B_indexed_or_visible_refresh,253.36,ai-for-teachers-classroom-education-2026,"AI Design for Teachers & Classrooms — Worksheets, Certificates & Visual Learning",0,42,0.0,8.67,ai courses for teachers with certificates,6.0,ai courses for teachers with certificates (0c/1i/pos 6.0) | free ai courses for teachers with certificates (0c/1i/pos 5.0),12499,64,False,True,2025-11-14T10:00:00+08:00,ai-for-teachers-classroom-education-2026,https://www.lovart.ai/blog/ai-for-teachers-classroom-education-2026,Refresh if query intent is relevant; preserve URL; improve sections tied to visible queries.
B_indexed_or_visible_refresh,253.36,best-ai-design-agent-for-tattoo-artist,"Best AI Design Agent for Tattoo Artists: Flash Sheets, Portfolio Design & Tattoo Studio Branding by Lovart",0,42,0.0,9.1,which ai tools are best for tattoo artists and small studios for realistic mockups and client approvals,8.6,which ai tools are best for tattoo artists and small studios for realistic mockups and client approvals (0c/5i/pos 8.6),16673,48,False,True,2025-10-24T10:00:00+08:00,best-ai-design-agent-for-tattoo-artist,https://www.lovart.ai/blog/best-ai-design-agent-for-tattoo-artist,Refresh if query intent is relevant; preserve URL; improve sections tied to visible queries.
B_indexed_or_visible_refresh,253.36,canva-templates-vs-lovart-generative-layouts-which-is-truly-unique,Canva Templates vs. Lovart Generative Layouts- Which is Truly Unique,0,42,0.0,8.38,,,,9985,45,False,True,2026-04-05T10:00:00+08:00,c5f79b2a-1702-4be4-a750-6baa7b33020f,https://www.lovart.ai/blog/canva-templates-vs-lovart-generative-layouts-which-is-truly-unique,Refresh if query intent is relevant; preserve URL; improve sections tied to visible queries.
B_indexed_or_visible_refresh,253.36,canva-templates-vs-lovart-generative-layouts-which-is-truly-unique,Canva Templates vs. Lovart Generative Layouts: Which is Truly Unique?,0,42,0.0,8.38,,,,9983,42,False,True,2026-04-05T10:00:00+08:00,canva-templates-vs-lovart-generative-layouts-which-is-truly-uniq,https://www.lovart.ai/blog/canva-templates-vs-lovart-generative-layouts-which-is-truly-unique,Refresh if query intent is relevant; preserve URL; improve sections tied to visible queries.
B_indexed_or_visible_refresh,253.2,ai-design-for-tiktok-creators-viral-visuals,AI Design For Tiktok Creators Viral Visuals: A Practical Lovart Workflow Guide,0,40,0.0,13.0,,,,9012,63,False,True,2026-03-19T10:00:00+08:00,ai-design-for-tiktok-creators-viral-visuals,https://www.lovart.ai/blog/ai-design-for-tiktok-creators-viral-visuals,Refresh if query intent is relevant; preserve URL; improve sections tied to visible queries.
B_indexed_or_visible_refresh,253.2,brand-kit-dance-studio-lovart,Brand Kit for Dance Studio Lovart: Build a Visual System With AI,0,40,0.0,9.7,dance studio branding,10.0,dance studio branding (0c/1i/pos 10.0),9087,63,False,True,2025-10-28T10:00:00+08:00,brand-kit-dance-studio-lovart,https://www.lovart.ai/blog/brand-kit-dance-studio-lovart,Refresh if query intent is relevant; preserve URL; improve sections tied to visible queries.
B_indexed_or_visible_refresh,253.12,case-study-filmmaker-ai-movie-poster,How Filmmaker Nadia Karimi Designed a Festival-Winning Movie Poster for $19 — And the Director Thought She'd Hired an Agency,0,39,0.0,8.44,,,,16022,87,False,True,2025-11-19T10:00:00+08:00,case-study-filmmaker-ai-movie-poster,https://www.lovart.ai/blog/case-study-filmmaker-ai-movie-poster,Refresh if query intent is relevant; preserve URL; improve sections tied to visible queries.
B_indexed_or_visible_refresh,253.12,how-to-create-avatars-cartoons-characters-ai,"How to Create Avatars, Cartoon Characters & Anime Art with AI",0,39,0.0,10.23,,,,51970,236,False,True,2025-09-23T10:00:00+08:00,how-to-create-avatars-cartoons-characters-ai,https://www.lovart.ai/blog/how-to-create-avatars-cartoons-characters-ai,Refresh if query intent is relevant; preserve URL; improve sections tied to visible queries.
B_indexed_or_visible_refresh,253.12,https-www-lovart-ai-zh-blog-vector-logo-export-why-you-need-svg-files-for-signage-and-print,Vector Logo Export Why You Need SVG Files For Signage And Print,0,39,0.0,8.21,,,,13239,64,False,True,2025-09-28T10:00:00+08:00,https-www-lovart-ai-zh-blog-vector-logo-export-why-you-need-svg-,https://www.lovart.ai/blog/https-www-lovart-ai-zh-blog-vector-logo-export-why-you-need-svg-files-for-signage-and-print,Refresh if query intent is relevant; preserve URL; improve sections tied to visible queries.
B_indexed_or_visible_refresh,253.04,brand-kit-bubble-tea-shop-lovart,Brand Kit for Bubble Tea Shop Lovart: Build a Visual System With AI,0,38,0.0,10.42,,,,9105,63,False,True,2025-10-24T10:00:00+08:00,brand-kit-bubble-tea-shop-lovart,https://www.lovart.ai/blog/brand-kit-bubble-tea-shop-lovart,Refresh if query intent is relevant; preserve URL; improve sections tied to visible queries.
B_indexed_or_visible_refresh,253.04,japan-market-ai-design-localization-lessons,Japan Market AI Design — Localization Lessons from 20% CTR Growth,0,38,0.0,12.89,,,,13828,59,False,True,2025-11-03T10:00:00+08:00,japan-market-ai-design-localization-lessons,https://www.lovart.ai/blog/japan-market-ai-design-localization-lessons,Refresh if query intent is relevant; preserve URL; improve sections tied to visible queries.
B_indexed_or_visible_refresh,253.04,s13-why-your-designs-look-amateur,Why Your Designs Look Amateur (and How AI Fixes These 7 Mistakes),0,38,0.0,8.92,,,,9534,51,False,True,2026-01-28T10:00:00+08:00,s13-why-your-designs-look-amateur,https://www.lovart.ai/blog/s13-why-your-designs-look-amateur,Refresh if query intent is relevant; preserve URL; improve sections tied to visible queries.
B_indexed_or_visible_refresh,252.88,01-industry-before-after-design,Before & After Design: Creating Compelling Transformation Visuals That Drive Action,0,36,0.0,14.11,,,,11984,99,False,True,2026-01-25T10:00:00+08:00,01-industry-before-after-design,https://www.lovart.ai/blog/01-industry-before-after-design,Refresh if query intent is relevant; preserve URL; improve sections tied to visible queries.
B_indexed_or_visible_refresh,252.88,how-to-chat-generate-sales-deck-lovart,How to Chat-Generate Sales Decks with Lovart — Pitch Decks That Close Deals,0,36,0.0,5.86,,,,51023,216,False,True,2026-05-07T10:00:00+08:00,how-to-chat-generate-sales-deck-lovart,https://www.lovart.ai/blog/how-to-chat-generate-sales-deck-lovart,Refresh if query intent is relevant; preserve URL; improve sections tied to visible queries.
B_indexed_or_visible_refresh,252.8,03-cluster-brand-storytelling,Brand Storytelling Through Visual Design: The AI-Powered Approach,0,35,0.0,19.37,creating visual narratives for product launches,60.5,creating visual narratives for product launches (0c/2i/pos 60.5) | how ai improves visual storytelling (0c/1i/pos 85.0),11394,67,False,True,2026-03-19T10:00:00+08:00,03-cluster-brand-storytelling,https://www.lovart.ai/blog/03-cluster-brand-storytelling,Refresh if query intent is relevant; preserve URL; improve sections tied to visible queries.
B_indexed_or_visible_refresh,252.8,lovart-worlds-first-ai-image-generator-intelligent-agent,Lovart AI - The World's First AI Image Generator Intelligent Agent Platform,0,35,0.0,4.51,,,,49607,322,False,True,2026-01-30T10:00:00+08:00,lovart-worlds-first-ai-image-generator-intelligent-agent,https://www.lovart.ai/blog/lovart-worlds-first-ai-image-generator-intelligent-agent,Refresh if query intent is relevant; preserve URL; improve sections tied to visible queries.
B_indexed_or_visible_refresh,252.72,02-industry-product-screenshot-beautification,02 Industry Product Screenshot Beautification: A Practical Lovart Workflow Guide,0,34,0.0,7.47,,,,9022,63,False,True,2025-11-30T10:00:00+08:00,02-industry-product-screenshot-beautification,https://www.lovart.ai/blog/02-industry-product-screenshot-beautification,Refresh if query intent is relevant; preserve URL; improve sections tied to visible queries.
B_indexed_or_visible_refresh,252.72,brand-kit-for-amazon-sellers,Brand Kit for Amazon Sellers: Build a Visual System With AI,0,34,0.0,8.74,amazon brand kit,9.21,amazon brand kit (0c/14i/pos 9.2) | brand design for amazon sellers (0c/1i/pos 19.0),9057,63,False,True,2025-11-22T10:00:00+08:00,blog-brand-kit-for-amazon-sellers-en,https://www.lovart.ai/blog/brand-kit-for-amazon-sellers,Refresh if query intent is relevant; preserve URL; improve sections tied to visible queries.
B_indexed_or_visible_refresh,252.72,no-magic-spells-needed-how-to-talk-to-lovart-like-a-human,"No ""Magic Spells"" Needed: How to Talk to Lovart Like a Human",0,34,0.0,8.68,,,,10785,60,False,True,2025-10-21T10:00:00+08:00,no-magic-spells-needed-how-to-talk-to-lovart-like-a-human,https://www.lovart.ai/blog/no-magic-spells-needed-how-to-talk-to-lovart-like-a-human,Refresh if query intent is relevant; preserve URL; improve sections tied to visible queries.
B_indexed_or_visible_refresh,252.64,ai-design-chatcanvas-context-workflow,The Death of the Text Prompt: Why Canvas as Context is the Future of AI Design,0,33,0.0,12.82,,,,21617,62,False,True,2025-11-26T10:00:00+08:00,ai-design-chatcanvas-context-workflow,https://www.lovart.ai/blog/ai-design-chatcanvas-context-workflow,Refresh if query intent is relevant; preserve URL; improve sections tied to visible queries.
B_indexed_or_visible_refresh,252.64,ai-design-for-podcasters-complete-visual-kit,AI Design for Podcasters — Complete Visual Kit from Cover Art to Social,0,33,0.0,6.73,podcast thumbnail,1.0,podcast thumbnail (0c/1i/pos 1.0) | si (0c/1i/pos 3.0),11494,76,False,True,2026-01-07T10:00:00+08:00,ai-design-for-podcasters-complete-visual-kit,https://www.lovart.ai/blog/ai-design-for-podcasters-complete-visual-kit,Refresh if query intent is relevant; preserve URL; improve sections tied to visible queries.
B_indexed_or_visible_refresh,252.64,bbq-playbook-ai-food-photography,Enter the Digital Food Stylist (How Lovart Thinks),0,33,0.0,16.61,pitmaster ecommerce ai,10.0,pitmaster ecommerce ai (0c/1i/pos 10.0),18592,40,False,True,2026-04-22T10:00:00+08:00,bbq-playbook-ai-food-photography,https://www.lovart.ai/blog/bbq-playbook-ai-food-photography,Refresh if query intent is relevant; preserve URL; improve sections tied to visible queries.
B_indexed_or_visible_refresh,252.64,minimalist-coffee-logo-ai-prompts,The Anatomy of a Modern Coffee Brand,0,33,0.0,13.76,,,,25263,47,False,True,2025-09-10T10:00:00+08:00,minimalist-coffee-logo-ai-prompts,https://www.lovart.ai/blog/minimalist-coffee-logo-ai-prompts,Refresh if query intent is relevant; preserve URL; improve sections tied to visible queries.
B_indexed_or_visible_refresh,252.56,brand-kit-for-photographers,Brand Kit for Photographers: Build a Visual System With AI,0,32,0.0,19.34,brand kits for photographers,13.7,brand kits for photographers (0c/27i/pos 13.7),9051,63,False,True,2026-01-12T10:00:00+08:00,blog-brand-kit-for-photographers-en,https://www.lovart.ai/blog/brand-kit-for-photographers,Refresh if query intent is relevant; preserve URL; improve sections tied to visible queries.
B_indexed_or_visible_refresh,252.48,best-ai-design-agent-for-online-seller,"Best AI Design Agent for Online Sellers — Multi-Platform Listing Visuals, Promo Graphics & Conversion-Focused Store Design",0,31,0.0,12.61,,,,9323,42,False,True,2025-09-02T10:00:00+08:00,best-ai-design-agent-for-online-seller,https://www.lovart.ai/blog/best-ai-design-agent-for-online-seller,Refresh if query intent is relevant; preserve URL; improve sections tied to visible queries.
B_indexed_or_visible_refresh,252.48,best-ai-design-agent-for-piercing-studio,"Best AI Design Agent for Piercing Studios: Jewelry Menus, Aftercare Guides & Body Art Branding by Lovart",0,31,0.0,8.03,,,,18134,46,False,True,2025-09-20T10:00:00+08:00,best-ai-design-agent-for-piercing-studio,https://www.lovart.ai/blog/best-ai-design-agent-for-piercing-studio,Refresh if query intent is relevant; preserve URL; improve sections tied to visible queries.
B_indexed_or_visible_refresh,252.48,best-ai-design-agent-for-coffee-shop-owners,Best AI Design Agent For Coffee Shop Owners: A Practical Lovart Workflow Guide,0,31,0.0,8.42,(lovart.ai what does it sell or promote site:lovart.ai) site:www.lovart.ai,10.0,(lovart.ai what does it sell or promote site:lovart.ai) site:www.lovart.ai (0c/1i/pos 10.0),9012,63,False,True,2025-09-08T10:00:00+08:00,blog-best-ai-design-agent-for-coffee-shop-owners-en,https://www.lovart.ai/blog/best-ai-design-agent-for-coffee-shop-owners,Refresh if query intent is relevant; preserve URL; improve sections tied to visible queries.
B_indexed_or_visible_refresh,252.4,sora-2-vs-lovart,Sora 2 vs Lovart: Compare the Workflow Before You Choose,0,30,0.0,6.17,,,,9963,69,False,True,2026-04-02T10:00:00+08:00,0fqG5ke3o5nAjEjVNKlOgB,https://www.lovart.ai/blog/sora-2-vs-lovart,Refresh if query intent is relevant; preserve URL; improve sections tied to visible queries.
B_indexed_or_visible_refresh,252.4,ai-design-education-course-materials-certificates,AI Design Education Course Materials Certificates: A Practical Lovart Workflow Guide,0,30,0.0,14.57,,,,9042,63,False,True,2026-02-03T10:00:00+08:00,ai-design-education-course-materials-certificates,https://www.lovart.ai/blog/ai-design-education-course-materials-certificates,Refresh if query intent is relevant; preserve URL; improve sections tied to visible queries.
B_indexed_or_visible_refresh,252.4,case-study-designer-ai-image-model-workflow,How Designer Lena Vogel Built an AI Model Workflow That Produces 4 Hours of Design in 19 Minutes,0,30,0.0,6.47,,,,16824,100,False,True,2025-11-21T10:00:00+08:00,case-study-designer-ai-image-model-workflow,https://www.lovart.ai/blog/case-study-designer-ai-image-model-workflow,Refresh if query intent is relevant; preserve URL; improve sections tied to visible queries.
B_indexed_or_visible_refresh,252.4,case-study-poet-ai-text-art-typography,How Poet Amara Diallo Turned 83 Poems into Visual Art — And Built a Gallery Exhibition Without Touching a Paintbrush,0,30,0.0,7.5,amara diallo,5.0,amara diallo (0c/1i/pos 5.0),16725,94,False,True,2025-11-11T10:00:00+08:00,case-study-poet-ai-text-art-typography,https://www.lovart.ai/blog/case-study-poet-ai-text-art-typography,Refresh if query intent is relevant; preserve URL; improve sections tied to visible queries.
B_indexed_or_visible_refresh,252.4,online-ai-picture-generator-performance-marketing-scale,Online AI Picture Generator Performance Marketing Scale: Create Better Visuals From a Clear Brief,0,30,0.0,9.57,,,,9092,63,False,True,2025-09-20T10:00:00+08:00,online-ai-picture-generator-performance-marketing-scale,https://www.lovart.ai/blog/online-ai-picture-generator-performance-marketing-scale,Refresh if query intent is relevant; preserve URL; improve sections tied to visible queries.
B_indexed_or_visible_refresh,252.4,the-portfolio-renaissance-going-bananas-for-better-design,The Portfolio Renaissance: Going Bananas for Better Design,0,30,0.0,7.43,,,,18211,101,False,True,2025-12-31T10:00:00+08:00,the-portfolio-renaissance-going-bananas-for-better-design,https://www.lovart.ai/blog/the-portfolio-renaissance-going-bananas-for-better-design,Refresh if query intent is relevant; preserve URL; improve sections tied to visible queries.
B_indexed_or_visible_refresh,252.32,the-best-ai-agent-driven-canvas-for-beauty-salon-owner-with-lovart-all-in-one-design-agent,The Best AI Agent Driven Canvas For Beauty Salon Owner with Lovart All-in-One Design Agent,0,29,0.0,5.52,,,,13709,62,False,True,2025-10-29T10:00:00+08:00,the-best-ai-agent-driven-canvas-for-beauty-salon-owner-with-lova,https://www.lovart.ai/blog/the-best-ai-agent-driven-canvas-for-beauty-salon-owner-with-lovart-all-in-one-design-agent,Refresh if query intent is relevant; preserve URL; improve sections tied to visible queries.
B_indexed_or_visible_refresh,252.24,comparison-lovart-vs-civitai,Comparison Lovart vs Civitai: Compare the Workflow Before You Choose,0,28,0.0,19.14,civitai pro,7.0,civitai pro (0c/3i/pos 7.0) | civitai red vs civitai (0c/1i/pos 11.0),10047,69,False,True,2025-11-27T10:00:00+08:00,blog-comparison-lovart-vs-civitai-en,https://www.lovart.ai/blog/comparison-lovart-vs-civitai,Refresh if query intent is relevant; preserve URL; improve sections tied to visible queries.
B_indexed_or_visible_refresh,252.24,how-to-make-social-media-content-ai-bing,How to Make Social Media Content with AI Tools — Complete Workflow,0,28,0.0,15.86,,,,14219,76,False,True,2025-09-21T10:00:00+08:00,how-to-make-social-media-content-ai-bing,https://www.lovart.ai/blog/how-to-make-social-media-content-ai-bing,Refresh if query intent is relevant; preserve URL; improve sections tied to visible queries.
B_indexed_or_visible_refresh,252.16,best-ai-design-agent-for-personal-trainer,best-ai-design-agent-for-personal-trainer,0,27,0.0,8.33,affordable ai program designer for trainers,1.0,affordable ai program designer for trainers (0c/1i/pos 1.0),16358,52,False,True,2025-09-25T10:00:00+08:00,blog-best-ai-design-agent-for-personal-trainer-en,https://www.lovart.ai/blog/best-ai-design-agent-for-personal-trainer,Refresh if query intent is relevant; preserve URL; improve sections tied to visible queries.
B_indexed_or_visible_refresh,252.16,brand-kit-wedding-dj-lovart,Brand Kit for Wedding Dj Lovart: Build a Visual System With AI,0,27,0.0,5.96,#f4f2ff,7.4,#f4f2ff (0c/5i/pos 7.4) | wedding prompt for chatgpt (0c/1i/pos 1.0),9075,63,False,True,2026-03-03T10:00:00+08:00,brand-kit-wedding-dj-lovart,https://www.lovart.ai/blog/brand-kit-wedding-dj-lovart,Refresh if query intent is relevant; preserve URL; improve sections tied to visible queries.
B_indexed_or_visible_refresh,252.16,how-to-create-tiktok-ads-with-brand-kit,The Symphony of Chaos: Mastering TikTok Ads through Agentic Design Consistency,0,27,0.0,13.41,,,,16315,108,False,True,2026-01-23T10:00:00+08:00,how-to-create-tiktok-ads-with-brand-kit,https://www.lovart.ai/blog/how-to-create-tiktok-ads-with-brand-kit,Refresh if query intent is relevant; preserve URL; improve sections tied to visible queries.
B_indexed_or_visible_refresh,252.0,brand-kit-party-planner-lovart,Brand Kit for Party Planner Lovart: Build a Visual System With AI,0,25,0.0,7.08,ff6b9d,7.44,ff6b9d (0c/9i/pos 7.4) | #ff6b9d (0c/3i/pos 7.7),9093,63,False,True,2025-09-22T10:00:00+08:00,brand-kit-party-planner-lovart,https://www.lovart.ai/blog/brand-kit-party-planner-lovart,Refresh if query intent is relevant; preserve URL; improve sections tied to visible queries.
B_indexed_or_visible_refresh,252.0,global-expansion-translate-campaign-poster-ai,Global Expansion — Translating a Campaign Poster into 5 Languages in Seconds,0,25,0.0,4.84,,,,12458,78,False,True,2026-01-11T10:00:00+08:00,global-expansion-translate-campaign-poster-ai,https://www.lovart.ai/blog/global-expansion-translate-campaign-poster-ai,Refresh if query intent is relevant; preserve URL; improve sections tied to visible queries.
B_indexed_or_visible_refresh,252.0,stop-struggling-how-to-command-ai-to-create-pro-level-posters,Stop Struggling: How to Command AI to Create Pro-Level Posters,0,25,0.0,10.72,,,,9672,31,False,True,2026-03-09T10:00:00+08:00,stop-struggling-how-to-command-ai-to-create-pro-level-posters,https://www.lovart.ai/blog/stop-struggling-how-to-command-ai-to-create-pro-level-posters,Refresh if query intent is relevant; preserve URL; improve sections tied to visible queries.
B_indexed_or_visible_refresh,251.92,bad-lighting-why-you-should-fix-the-light-on-your-product-before-background-removal,Bad Lighting: Why You Should Fix the Light on Your Product Before Background Removal,0,24,0.0,7.88,,,,12817,55,False,True,2025-09-19T10:00:00+08:00,bad-lighting-why-you-should-fix-the-light-on-your-product-before,https://www.lovart.ai/blog/bad-lighting-why-you-should-fix-the-light-on-your-product-before-background-removal,Refresh if query intent is relevant; preserve URL; improve sections tied to visible queries.
B_indexed_or_visible_refresh,251.84,clutter-why-simple-thumbnails-perform-better-and-how-to-remove-noise,Clutter: Why Simple Thumbnails Perform Better (and How to Remove Noise),0,23,0.0,14.61,simple vs cluttered thumbnail comparison,1.0,simple vs cluttered thumbnail comparison (0c/1i/pos 1.0),10992,59,False,True,2025-09-25T10:00:00+08:00,clutter-why-simple-thumbnails-perform-better-and-how-to-remove-noise,https://www.lovart.ai/blog/clutter-why-simple-thumbnails-perform-better-and-how-to-remove-noise,Refresh if query intent is relevant; preserve URL; improve sections tied to visible queries.
B_indexed_or_visible_refresh,251.76,ai-design-accessibility-inclusive-design-guide,AI Design & Accessibility — How to Create Inclusive Visuals That Work for Everyone,0,22,0.0,4.82,lovart data visualization accessibility,4.0,lovart data visualization accessibility (0c/1i/pos 4.0),12979,76,False,True,2025-11-16T10:00:00+08:00,ai-design-accessibility-inclusive-design-guide,https://www.lovart.ai/blog/ai-design-accessibility-inclusive-design-guide,Refresh if query intent is relevant; preserve URL; improve sections tied to visible queries.
B_indexed_or_visible_refresh,251.76,how-to-create-stunning-ui-layouts-with-ai-design-tools-in-2025,How to Create Stunning UI Layouts with AI Design Tools in 2026,0,22,0.0,10.91,,,,12688,112,False,True,2026-01-03T10:00:00+08:00,how-to-create-stunning-ui-layouts-with-ai-design-tools-in-2025,https://www.lovart.ai/blog/how-to-create-stunning-ui-layouts-with-ai-design-tools-in-2025,Refresh if query intent is relevant; preserve URL; improve sections tied to visible queries.
B_indexed_or_visible_refresh,251.76,https-www-lovart-ai-blog-ai-design-video-agents-dtc-workflow-compression,AI Design Video Agents DTC Workflow Compression,0,22,0.0,5.5,,,,15248,72,False,True,2026-01-16T10:00:00+08:00,https-www-lovart-ai-blog-ai-design-video-agents-dtc-workflow-com,https://www.lovart.ai/blog/https-www-lovart-ai-blog-ai-design-video-agents-dtc-workflow-compression,Refresh if query intent is relevant; preserve URL; improve sections tied to visible queries.
B_indexed_or_visible_refresh,251.76,insight-2027-content-year-summary,Lovart 2026: A Year in Content & Community — The Full Recap,0,22,0.0,7.77,,,,10917,91,False,True,2026-04-28T10:00:00+08:00,insight-2027-content-year-summary,https://www.lovart.ai/blog/insight-2027-content-year-summary,Refresh if query intent is relevant; preserve URL; improve sections tied to visible queries.
B_indexed_or_visible_refresh,251.76,real-estate-design-tools-compared,Real Estate Marketing Tools Compared: Canva vs AgentPrint vs Lovart,0,22,0.0,8.27,,,,10621,78,False,True,2025-11-13T10:00:00+08:00,real-estate-design-tools-compared,https://www.lovart.ai/blog/real-estate-design-tools-compared,Refresh if query intent is relevant; preserve URL; improve sections tied to visible queries.
B_indexed_or_visible_refresh,251.68,ai-design-erase-vs-replace-workflow,The Subtractive Method: When to Erase and When to Replace in AI Design,0,21,0.0,7.57,,,,22157,51,False,True,2026-01-30T10:00:00+08:00,ai-design-erase-vs-replace-workflow,https://www.lovart.ai/blog/ai-design-erase-vs-replace-workflow,Refresh if query intent is relevant; preserve URL; improve sections tied to visible queries.
B_indexed_or_visible_refresh,251.68,brand-kit-for-podcasters,Brand Kit for Podcasters: Build a Visual System With AI,0,21,0.0,17.57,lovart brand kit,10.0,lovart brand kit (0c/2i/pos 10.0),9033,63,False,True,2025-12-08T10:00:00+08:00,blog-brand-kit-for-podcasters-en,https://www.lovart.ai/blog/brand-kit-for-podcasters,Refresh if query intent is relevant; preserve URL; improve sections tied to visible queries.
B_indexed_or_visible_refresh,251.6,best-ai-design-agent-for-real-estate-agents,Best AI Design Agent For Real Estate Agents: A Practical Lovart Workflow Guide,0,20,0.0,15.55,ai design agent,23.0,ai design agent (0c/1i/pos 23.0),9012,63,False,True,2026-01-12T10:00:00+08:00,blog-best-ai-design-agent-for-real-estate-agents-en,https://www.lovart.ai/blog/best-ai-design-agent-for-real-estate-agents,Refresh if query intent is relevant; preserve URL; improve sections tied to visible queries.
B_indexed_or_visible_refresh,251.52,01-industry-multi-platform-restaurant,Multi-Platform Restaurant Branding: From Menu to Instagram to Google to UberEats — One Cohesive Visual System,0,19,0.0,13.84,menuprint.pk instagram,9.0,menuprint.pk instagram (0c/1i/pos 9.0),9215,55,False,True,2025-09-25T10:00:00+08:00,01-industry-multi-platform-restaurant,https://www.lovart.ai/blog/01-industry-multi-platform-restaurant,Refresh if query intent is relevant; preserve URL; improve sections tied to visible queries.
B_indexed_or_visible_refresh,251.52,comparison-lovart-vs-luma-dream-machine,Comparison Lovart vs Luma Dream Machine: Compare the Workflow Before You Choose,0,19,0.0,11.16,,,,10124,69,False,True,2025-11-13T10:00:00+08:00,blog-comparison-lovart-vs-luma-dream-machine-en,https://www.lovart.ai/blog/comparison-lovart-vs-luma-dream-machine,Refresh if query intent is relevant; preserve URL; improve sections tied to visible queries.
B_indexed_or_visible_refresh,251.52,brand-kit-ice-cream-shop-lovart,Brand Kit for Ice Cream Shop Lovart: Build a Visual System With AI,0,19,0.0,12.95,,,,9099,63,False,True,2026-05-12T10:00:00+08:00,brand-kit-ice-cream-shop-lovart,https://www.lovart.ai/blog/brand-kit-ice-cream-shop-lovart,Refresh if query intent is relevant; preserve URL; improve sections tied to visible queries.
B_indexed_or_visible_refresh,251.52,how-to-chat-generate-illustration-lovart,How to Chat-Generate Illustrations with Lovart — Editorial Art Without Hiring an Illustrator,0,19,0.0,9.0,,,,12255,65,False,True,2026-01-02T10:00:00+08:00,how-to-chat-generate-illustration-lovart,https://www.lovart.ai/blog/how-to-chat-generate-illustration-lovart,Refresh if query intent is relevant; preserve URL; improve sections tied to visible queries.
B_indexed_or_visible_refresh,251.52,marketing-director-ai-design,The Marketing Director's AI Design Playbook: Scaling Creative Output Without Scaling Headcount,0,19,0.0,5.42,,,,13222,91,False,True,2025-11-24T10:00:00+08:00,marketing-director-ai-design,https://www.lovart.ai/blog/marketing-director-ai-design,Refresh if query intent is relevant; preserve URL; improve sections tied to visible queries.
B_indexed_or_visible_refresh,251.44,chatcanvas-vs-traditional-design-tools,Chatcanvas vs Traditional Design Tools: Compare the Workflow Before You Choose,0,18,0.0,7.72,,,,10117,69,False,True,2025-11-15T10:00:00+08:00,chatcanvas-vs-traditional-design-tools,https://www.lovart.ai/blog/chatcanvas-vs-traditional-design-tools,Refresh if query intent is relevant; preserve URL; improve sections tied to visible queries.
B_indexed_or_visible_refresh,251.44,veo-3-1-vs-lovart,Veo 3 1 vs Lovart: Compare the Workflow Before You Choose,0,18,0.0,10.67,,,,9970,69,False,True,2025-10-12T10:00:00+08:00,y2MFYERGQO0IvWXX54vJuk,https://www.lovart.ai/blog/veo-3-1-vs-lovart,Refresh if query intent is relevant; preserve URL; improve sections tied to visible queries.
B_indexed_or_visible_refresh,251.36,ai-design-for-pet-businesses-2026,"AI Design for Pet Businesses — Groomers, Trainers & Pet Brands Made Easy",0,17,0.0,5.12,,,,14050,70,False,True,2025-10-23T10:00:00+08:00,ai-design-for-pet-businesses-2026,https://www.lovart.ai/blog/ai-design-for-pet-businesses-2026,Refresh if query intent is relevant; preserve URL; improve sections tied to visible queries.
B_indexed_or_visible_refresh,251.36,best-ai-design-agent-for-artisan-bakery-owner,Best AI Design Agent For Artisan Bakery Owner: A Practical Lovart Workflow Guide,0,17,0.0,12.94,bánh tươi,7.0,bánh tươi (0c/1i/pos 7.0),9022,63,False,True,2025-09-04T10:00:00+08:00,best-ai-design-agent-for-artisan-bakery-owner,https://www.lovart.ai/blog/best-ai-design-agent-for-artisan-bakery-owner,Refresh if query intent is relevant; preserve URL; improve sections tied to visible queries.
B_indexed_or_visible_refresh,251.36,best-ai-design-agent-for-beauty-salon-owner,Best AI Design Agent For Beauty Salon Owner: A Practical Lovart Workflow Guide,0,17,0.0,11.06,waxing consultation ai agent,24.0,waxing consultation ai agent (0c/2i/pos 24.0),9012,63,False,True,2026-02-01T10:00:00+08:00,best-ai-design-agent-for-beauty-salon-owner,https://www.lovart.ai/blog/best-ai-design-agent-for-beauty-salon-owner,Refresh if query intent is relevant; preserve URL; improve sections tied to visible queries.
B_indexed_or_visible_refresh,251.36,best-ai-design-agent-for-food-truck-owner,"Best AI Design Agent for Food Truck Owners: Window Menus, Truck Wrap Concepts & Event Banners by Lovart",0,17,0.0,15.0,,,,14646,47,False,True,2026-02-17T10:00:00+08:00,best-ai-design-agent-for-food-truck-owner,https://www.lovart.ai/blog/best-ai-design-agent-for-food-truck-owner,Refresh if query intent is relevant; preserve URL; improve sections tied to visible queries.
B_indexed_or_visible_refresh,251.36,best-ai-design-agent-for-social-media-marketing-manager,"Best AI Design Agent for Social Media Marketing Managers — Client Content Batching, Multi-Brand Management & Creative Scaling",0,17,0.0,14.82,,,,10035,41,False,True,2026-01-21T10:00:00+08:00,best-ai-design-agent-for-social-media-marketing-manager,https://www.lovart.ai/blog/best-ai-design-agent-for-social-media-marketing-manager,Refresh if query intent is relevant; preserve URL; improve sections tied to visible queries.
B_indexed_or_visible_refresh,251.36,best-ai-design-agent-for-vegan-restaurant-owner,"Best AI Design Agent for Vegan Restaurant Owners: Plant-Based Menus, Sustainability Visuals & Ethical Brand Design by Lovart",0,17,0.0,7.18,,,,16093,48,False,True,2026-01-04T10:00:00+08:00,best-ai-design-agent-for-vegan-restaurant-owner,https://www.lovart.ai/blog/best-ai-design-agent-for-vegan-restaurant-owner,Refresh if query intent is relevant; preserve URL; improve sections tied to visible queries.
B_indexed_or_visible_refresh,251.36,brand-kit-dog-walker-lovart,Brand Kit for Dog Walker Lovart: Build a Visual System With AI,0,17,0.0,16.94,,,,9075,63,False,True,2026-01-06T10:00:00+08:00,brand-kit-dog-walker-lovart,https://www.lovart.ai/blog/brand-kit-dog-walker-lovart,Refresh if query intent is relevant; preserve URL; improve sections tied to visible queries.
B_indexed_or_visible_refresh,251.36,case-study-gallery-owner-ai-art-exhibition,Case Study Gallery Owner AI Art Exhibition: A Practical Lovart Workflow Guide,0,17,0.0,14.82,,,,9007,63,False,True,2026-01-31T10:00:00+08:00,case-study-gallery-owner-ai-art-exhibition,https://www.lovart.ai/blog/case-study-gallery-owner-ai-art-exhibition,Refresh if query intent is relevant; preserve URL; improve sections tied to visible queries.
B_indexed_or_visible_refresh,251.28,brand-consistency-at-scale-ai-campaigns-2027,Brand Consistency at Scale: Managing 10+ Campaigns with AI Design Tools,0,16,0.0,6.69,,,,14256,94,False,True,2025-09-10T10:00:00+08:00,brand-consistency-at-scale-ai-campaigns-2027,https://www.lovart.ai/blog/brand-consistency-at-scale-ai-campaigns-2027,Refresh if query intent is relevant; preserve URL; improve sections tied to visible queries.
B_indexed_or_visible_refresh,251.28,remix-culture-editable-ai-assets-new-stock-photography,Remix Culture Editable AI Assets New Stock Photography: A Practical Lovart Workflow Guide,0,16,0.0,6.69,,,,9067,63,False,True,2026-02-09T10:00:00+08:00,remix-culture-editable-ai-assets-new-stock-photography,https://www.lovart.ai/blog/remix-culture-editable-ai-assets-new-stock-photography,Refresh if query intent is relevant; preserve URL; improve sections tied to visible queries.
B_indexed_or_visible_refresh,251.2,best-ai-design-agent-for-nutritionist,"Best AI Design Agent for Nutritionists: Meal Plans, Client Handouts & Nutrition Education Visuals by Lovart",0,15,0.0,7.4,,,,16634,48,False,True,2026-02-07T10:00:00+08:00,best-ai-design-agent-for-nutritionist,https://www.lovart.ai/blog/best-ai-design-agent-for-nutritionist,Refresh if query intent is relevant; preserve URL; improve sections tied to visible queries.
B_indexed_or_visible_refresh,251.2,spatial-thinking-how-seeing-everything-at-once-improves-creativity,Spatial Thinking: How Seeing Everything at Once Improves Creativity,0,15,0.0,9.0,,,,13949,54,False,True,2026-05-05T10:00:00+08:00,spatial-thinking-how-seeing-everything-at-once-improves-creativi,https://www.lovart.ai/blog/spatial-thinking-how-seeing-everything-at-once-improves-creativity,Refresh if query intent is relevant; preserve URL; improve sections tied to visible queries.
B_indexed_or_visible_refresh,251.12,ai-design-education,AI Design for Education: The 205 Hours Teachers Spend on Design Every Year,0,14,0.0,6.07,,,,15123,71,False,True,2025-09-07T10:00:00+08:00,ai-design-education,https://www.lovart.ai/blog/ai-design-education,Refresh if query intent is relevant; preserve URL; improve sections tied to visible queries.
B_indexed_or_visible_refresh,251.12,ai-design-marketing-teams,AI Design for Marketing Teams: The Economics of Throughput,0,14,0.0,6.14,,,,11678,56,False,True,2026-02-19T10:00:00+08:00,ai-design-marketing-teams,https://www.lovart.ai/blog/ai-design-marketing-teams,Refresh if query intent is relevant; preserve URL; improve sections tied to visible queries.
B_indexed_or_visible_refresh,251.12,best-agent-for-social-media-marketing-manager,Best Agent For Social Media Marketing Manager: A Practical Lovart Workflow Guide,0,14,0.0,5.43,,,,9022,63,False,True,2025-11-17T10:00:00+08:00,best-agent-for-social-media-marketing-manager,https://www.lovart.ai/blog/best-agent-for-social-media-marketing-manager,Refresh if query intent is relevant; preserve URL; improve sections tied to visible queries.
B_indexed_or_visible_refresh,251.12,best-ai-design-agent-for-pilates-studio-owner,Best AI Design Agent For Pilates Studio Owner: A Practical Lovart Workflow Guide,0,14,0.0,11.43,ai pilates studio management,19.0,ai pilates studio management (0c/2i/pos 19.0),9022,63,False,True,2026-04-14T10:00:00+08:00,best-ai-design-agent-for-pilates-studio-owner,https://www.lovart.ai/blog/best-ai-design-agent-for-pilates-studio-owner,Refresh if query intent is relevant; preserve URL; improve sections tied to visible queries.
B_indexed_or_visible_refresh,251.12,best-ai-design-agent-for-shopify-merchant,Best AI Design Agent For Shopify Merchant: A Practical Lovart Workflow Guide,0,14,0.0,8.21,,,,9002,63,False,True,2025-12-25T10:00:00+08:00,best-ai-design-agent-for-shopify-merchant,https://www.lovart.ai/blog/best-ai-design-agent-for-shopify-merchant,Refresh if query intent is relevant; preserve URL; improve sections tied to visible queries.
B_indexed_or_visible_refresh,251.12,brand-kit-for-gym-owner,Brand Kit for Gym Owner: Build a Visual System With AI,0,14,0.0,8.14,,,,9027,63,False,True,2026-01-05T10:00:00+08:00,blog-brand-kit-for-gym-owner-en,https://www.lovart.ai/blog/brand-kit-for-gym-owner,Refresh if query intent is relevant; preserve URL; improve sections tied to visible queries.
B_indexed_or_visible_refresh,251.12,step-by-step-reels-cover-without-photoshop,Step By Step Reels Cover Without Photoshop: A Practical Lovart Workflow Guide,0,14,0.0,12.36,,,,9007,63,False,True,2026-01-15T10:00:00+08:00,step-by-step-reels-cover-without-photoshop,https://www.lovart.ai/blog/step-by-step-reels-cover-without-photoshop,Refresh if query intent is relevant; preserve URL; improve sections tied to visible queries.
B_indexed_or_visible_refresh,250.96,lovart-vs-canva-2026,Lovart vs Canva 2026: AI Design Agent vs Template Editor,0,12,0.0,5.08,,,,10000,69,False,True,2026-06-24T09:47:36Z,bd-lovart-vs-canva-2026,https://www.lovart.ai/blog/lovart-vs-canva-2026,Refresh if query intent is relevant; preserve URL; improve sections tied to visible queries.
B_indexed_or_visible_refresh,250.96,brand-kit-for-life-coachs,Brand Kit for Life Coachs: Build a Visual System With AI,0,12,0.0,7.83,,,,9039,63,False,True,2026-05-13T10:00:00+08:00,blog-brand-kit-for-life-coachs-en,https://www.lovart.ai/blog/brand-kit-for-life-coachs,Refresh if query intent is relevant; preserve URL; improve sections tied to visible queries.
B_indexed_or_visible_refresh,250.96,lovart-vs-canva-2026,Lovart vs Canva 2026: AI Design Agent vs Template Editor,0,12,0.0,5.08,,,,10000,69,False,True,2026-06-26T15:36:02Z,blog-lovart-vs-canva-2026-en,https://www.lovart.ai/blog/lovart-vs-canva-2026,Refresh if query intent is relevant; preserve URL; improve sections tied to visible queries.
B_indexed_or_visible_refresh,250.96,case-study-architect-ai-floor-plan-client,How Architect Takeshi Yamamoto Created 18 Floor Plan Concepts in a Single Client Meeting — And Cut His Sales Cycle by 67%,0,12,0.0,16.83,,,,16690,96,False,True,2025-12-17T10:00:00+08:00,case-study-architect-ai-floor-plan-client,https://www.lovart.ai/blog/case-study-architect-ai-floor-plan-client,Refresh if query intent is relevant; preserve URL; improve sections tied to visible queries.
B_indexed_or_visible_refresh,250.96,case-study-architect-ai-sketches-concept,How Architect Mateo Reyes Cut Concept Design from 12 Days to 4 Hours — And Won 3 Projects His Firm Expected to Lose,0,12,0.0,6.5,,,,15655,94,False,True,2026-03-31T10:00:00+08:00,case-study-architect-ai-sketches-concept,https://www.lovart.ai/blog/case-study-architect-ai-sketches-concept,Refresh if query intent is relevant; preserve URL; improve sections tied to visible queries.
B_indexed_or_visible_refresh,250.88,best-ai-design-agent-for-digital-marketing-manager,"Best AI Design Agent for Digital Marketing Managers — Campaign Creative, Landing Page Visuals & Full-Funnel Brand Assets",0,11,0.0,8.91,,,,9786,42,False,True,2026-02-17T10:00:00+08:00,best-ai-design-agent-for-digital-marketing-manager,https://www.lovart.ai/blog/best-ai-design-agent-for-digital-marketing-manager,Refresh if query intent is relevant; preserve URL; improve sections tied to visible queries.
B_indexed_or_visible_refresh,250.88,ai-ad-generators-for-professional-designers,AI Ad Generators For Professional Designers: Create Better Visuals From a Clear Brief,0,11,0.0,19.55,best ai for commercial advertising art,59.0,best ai for commercial advertising art (0c/2i/pos 59.0),9032,63,False,True,2025-11-06T10:00:00+08:00,blog-ai-ad-generators-professional-designers-en,https://www.lovart.ai/blog/ai-ad-generators-for-professional-designers,Refresh if query intent is relevant; preserve URL; improve sections tied to visible queries.
B_indexed_or_visible_refresh,250.88,ai-social-media-post-generator,Ai Social Media Post Generator: AI-Powered Creation Tool 202,0,11,0.0,15.18,can i use lovart's background generator for social media?,9.0,can i use lovart's background generator for social media? (0c/7i/pos 9.0) | ai social media post generator (use social media cat) (0c/1i/pos 38.0) | ai social media poster (0c/1i/pos 62.0),48410,228,False,True,2025-10-31T10:00:00+08:00,blog-ai-social-media-post-generator-en,https://www.lovart.ai/blog/ai-social-media-post-generator,Refresh if query intent is relevant; preserve URL; improve sections tied to visible queries.
B_indexed_or_visible_refresh,250.88,brand-kit-for-influencers,Brand Kit for Influencers: Build a Visual System With AI,0,11,0.0,18.91,,,,9039,63,False,True,2026-01-26T10:00:00+08:00,blog-brand-kit-for-influencers-en,https://www.lovart.ai/blog/brand-kit-for-influencers,Refresh if query intent is relevant; preserve URL; improve sections tied to visible queries.
B_indexed_or_visible_refresh,250.88,brand-kit-vintage-shop-lovart,Brand Kit for Vintage Shop Lovart: Build a Visual System With AI,0,11,0.0,12.27,#ff6b8a,8.0,#ff6b8a (0c/2i/pos 8.0),9087,63,False,True,2026-05-01T10:00:00+08:00,brand-kit-vintage-shop-lovart,https://www.lovart.ai/blog/brand-kit-vintage-shop-lovart,Refresh if query intent is relevant; preserve URL; improve sections tied to visible queries.
B_indexed_or_visible_refresh,250.8,hedra-ai-vs-lovart,Hedra AI vs Lovart: AI Character Animation Compared,0,10,0.0,14.4,hedra ai animation tool,9.0,hedra ai animation tool (0c/1i/pos 9.0) | hedra ai character animation tool (0c/1i/pos 4.0),9511,60,,True,2025-10-01T10:00:00+08:00,0fqG5ke3o5nAjEjVNKlO71,https://www.lovart.ai/blog/hedra-ai-vs-lovart,Refresh if query intent is relevant; preserve URL; improve sections tied to visible queries.
B_indexed_or_visible_refresh,250.8,how-to-create-client-contracts-without-photoshop,How To Create Client Contracts Without Photoshop: A Practical Lovart Workflow Guide,0,10,0.0,5.8,,,,9037,63,False,True,2025-10-26T10:00:00+08:00,blog-how-to-create-client-contracts-without-photoshop-en,https://www.lovart.ai/blog/how-to-create-client-contracts-without-photoshop,Refresh if query intent is relevant; preserve URL; improve sections tied to visible queries.
B_indexed_or_visible_refresh,250.8,case-study-cafe-owner-ai-menu-brand-redesign,How Café Owner Leila Haddad Redesigned Her Menu and Brand in One Weekend — And Lines Formed Around the Block,0,10,0.0,7.9,,,,16165,87,False,True,2025-09-15T10:00:00+08:00,case-study-cafe-owner-ai-menu-brand-redesign,https://www.lovart.ai/blog/case-study-cafe-owner-ai-menu-brand-redesign,Refresh if query intent is relevant; preserve URL; improve sections tied to visible queries.
B_indexed_or_visible_refresh,250.8,hedra-ai-vs-lovart,Hedra AI vs Lovart: AI Video with Character — Which Platform Owns the Human Element?,0,10,0.0,14.4,hedra ai animation tool,9.0,hedra ai animation tool (0c/1i/pos 9.0) | hedra ai character animation tool (0c/1i/pos 4.0),10375,65,False,True,2025-10-01T10:00:00+08:00,hedra-ai-vs-lovart,https://www.lovart.ai/blog/hedra-ai-vs-lovart,Refresh if query intent is relevant; preserve URL; improve sections tied to visible queries.
B_indexed_or_visible_refresh,250.8,how-to-create-linkedin-banner-with-brand-kit,The 1.5-Second Professional Handshake: Why Your LinkedIn Banner Makes or Breaks B2B Trust,0,10,0.0,13.6,,,,12024,78,False,True,2025-10-13T10:00:00+08:00,how-to-create-linkedin-banner-with-brand-kit,https://www.lovart.ai/blog/how-to-create-linkedin-banner-with-brand-kit,Refresh if query intent is relevant; preserve URL; improve sections tied to visible queries.
B_indexed_or_visible_refresh,250.8,lovart-ai-community-deep-thinking-design,Lovart AI Community - Where Creators Think Deeply About Design,0,10,0.0,5.2,,,,43878,282,False,True,2025-11-28T10:00:00+08:00,lovart-ai-community-deep-thinking-design,https://www.lovart.ai/blog/lovart-ai-community-deep-thinking-design,Refresh if query intent is relevant; preserve URL; improve sections tied to visible queries.
B_indexed_or_visible_refresh,250.8,step-by-step-open-house-flyers-without-photoshop,Step By Step Open House Flyers Without Photoshop: A Practical Lovart Workflow Guide,0,10,0.0,5.2,,,,9037,63,False,True,2026-02-19T10:00:00+08:00,step-by-step-open-house-flyers-without-photoshop,https://www.lovart.ai/blog/step-by-step-open-house-flyers-without-photoshop,Refresh if query intent is relevant; preserve URL; improve sections tied to visible queries.
B_indexed_or_visible_refresh,250.8,traditional-designer-to-ai-designer-transition,From Photoshop to AI Agent — A Traditional Designer's Transition Guide,0,10,0.0,8.7,,,,18500,102,False,True,2026-02-05T10:00:00+08:00,traditional-designer-to-ai-designer-transition,https://www.lovart.ai/blog/traditional-designer-to-ai-designer-transition,Refresh if query intent is relevant; preserve URL; improve sections tied to visible queries.
B_indexed_or_visible_refresh,250.72,best-ai-design-agent-for-independent-cafe-owner,Best AI Design Agent For Independent Cafe Owner: A Practical Lovart Workflow Guide,0,9,0.0,17.56,,,,9032,63,False,True,2025-09-12T10:00:00+08:00,best-ai-design-agent-for-independent-cafe-owner,https://www.lovart.ai/blog/best-ai-design-agent-for-independent-cafe-owner,Refresh if query intent is relevant; preserve URL; improve sections tied to visible queries.
B_indexed_or_visible_refresh,250.72,brand-kit-pet-groomer-lovart,Brand Kit for Pet Groomer Lovart: Build a Visual System With AI,0,9,0.0,7.67,,,,9081,63,False,True,2025-11-06T10:00:00+08:00,brand-kit-pet-groomer-lovart,https://www.lovart.ai/blog/brand-kit-pet-groomer-lovart,Refresh if query intent is relevant; preserve URL; improve sections tied to visible queries.
B_indexed_or_visible_refresh,250.72,how-to-create-real-estate-marketing-materials-ai,How To Create Real Estate Marketing Materials AI: A Practical Lovart Workflow Guide,0,9,0.0,16.67,,,,9037,63,False,True,2026-02-05T10:00:00+08:00,how-to-create-real-estate-marketing-materials-ai,https://www.lovart.ai/blog/how-to-create-real-estate-marketing-materials-ai,Refresh if query intent is relevant; preserve URL; improve sections tied to visible queries.
B_indexed_or_visible_refresh,250.72,lovart-ai-creation-history-track-creative-journey,Lovart AI Creation History - Track Your Creative Journey,0,9,0.0,10.0,,,,43340,324,False,True,2026-01-05T10:00:00+08:00,lovart-ai-creation-history-track-creative-journey,https://www.lovart.ai/blog/lovart-ai-creation-history-track-creative-journey,Refresh if query intent is relevant; preserve URL; improve sections tied to visible queries.
B_indexed_or_visible_refresh,250.64,midjourney-alternatives-for-free-2026,Free Midjourney Alternative: When to Use a Design Agent Instead,0,8,0.0,7.25,,,,10113,69,False,True,2026-06-24T10:38:50Z,bd-midjourney-alternatives-for-free-2026,https://www.lovart.ai/blog/midjourney-alternatives-for-free-2026,Refresh if query intent is relevant; preserve URL; improve sections tied to visible queries.
B_indexed_or_visible_refresh,250.64,brand-kit-dermatologist-lovart,Brand Kit for Dermatologist Lovart: Build a Visual System With AI,0,8,0.0,4.88,,,,9093,63,False,True,2026-02-17T10:00:00+08:00,brand-kit-dermatologist-lovart,https://www.lovart.ai/blog/brand-kit-dermatologist-lovart,Refresh if query intent is relevant; preserve URL; improve sections tied to visible queries.
B_indexed_or_visible_refresh,250.64,brand-kit-soap-maker-lovart,Brand Kit for Soap Maker Lovart: Build a Visual System With AI,0,8,0.0,8.62,quero ajuda,1.0,quero ajuda (0c/1i/pos 1.0),9075,63,False,True,2026-05-06T10:00:00+08:00,brand-kit-soap-maker-lovart,https://www.lovart.ai/blog/brand-kit-soap-maker-lovart,Refresh if query intent is relevant; preserve URL; improve sections tied to visible queries.
B_indexed_or_visible_refresh,250.64,lovart-pro-ai-design-agent-logos-brands-video,"Lovart Pro - AI Design Agent for Logos, Brands & Video",0,8,0.0,7.75,,,,49319,296,False,True,2025-11-25T10:00:00+08:00,lovart-pro-ai-design-agent-logos-brands-video,https://www.lovart.ai/blog/lovart-pro-ai-design-agent-logos-brands-video,Refresh if query intent is relevant; preserve URL; improve sections tied to visible queries.
B_indexed_or_visible_refresh,250.64,multi-language-roi-framework-ai-design-content,Multi-Language ROI Framework — How to Calculate the Value of AI Design Translation,0,8,0.0,11.12,,,,11807,99,False,True,2025-11-19T10:00:00+08:00,multi-language-roi-framework-ai-design-content,https://www.lovart.ai/blog/multi-language-roi-framework-ai-design-content,Refresh if query intent is relevant; preserve URL; improve sections tied to visible queries.
B_indexed_or_visible_refresh,250.56,ai-design-for-restaurant-chains-multi-location,AI Design for Restaurant Chains — Multi-Location Brand Consistency,0,7,0.0,4.71,,,,11694,88,False,True,2026-02-26T10:00:00+08:00,ai-design-for-restaurant-chains-multi-location,https://www.lovart.ai/blog/ai-design-for-restaurant-chains-multi-location,Refresh if query intent is relevant; preserve URL; improve sections tied to visible queries.
B_indexed_or_visible_refresh,250.56,ai-design-restaurants,AI Design for Restaurants: When Menu Updates Take 10 Days and Your Margins Are 5%,0,7,0.0,6.71,,,,13134,60,False,True,2025-11-22T10:00:00+08:00,ai-design-restaurants,https://www.lovart.ai/blog/ai-design-restaurants,Refresh if query intent is relevant; preserve URL; improve sections tied to visible queries.
B_indexed_or_visible_refresh,250.56,best-ai-design-agent-for-cake-shop-owner,"Best AI Design Agent for Cake Shop Owners — Custom Order Forms, Cake Portfolio Galleries & Celebration-Ready Content",0,7,0.0,5.0,,,,9818,40,False,True,2025-09-07T10:00:00+08:00,best-ai-design-agent-for-cake-shop-owner,https://www.lovart.ai/blog/best-ai-design-agent-for-cake-shop-owner,Refresh if query intent is relevant; preserve URL; improve sections tied to visible queries.
B_indexed_or_visible_refresh,250.56,brand-kit-for-restaurant-owners,Brand Kit for Restaurant Owners: Build a Visual System With AI,0,7,0.0,5.86,,,,9075,63,False,True,2026-05-04T10:00:00+08:00,blog-brand-kit-for-restaurant-owners-en,https://www.lovart.ai/blog/brand-kit-for-restaurant-owners,Refresh if query intent is relevant; preserve URL; improve sections tied to visible queries.
B_indexed_or_visible_refresh,250.56,step-by-step-event-ticket-without-photoshop,Step By Step Event Ticket Without Photoshop: A Practical Lovart Workflow Guide,0,7,0.0,17.0,,,,9012,63,False,True,2025-11-10T10:00:00+08:00,blog-step-by-step-event-ticket-without-photoshop-en,https://www.lovart.ai/blog/step-by-step-event-ticket-without-photoshop,Refresh if query intent is relevant; preserve URL; improve sections tied to visible queries.
B_indexed_or_visible_refresh,250.48,how-to-create-professional-logos-with-ai-complete-logo-design-tutorial,How to Create Professional Logos with AI: Complete Logo Design Tutorial,0,6,0.0,6.17,,,,12724,106,False,True,2025-12-28T10:00:00+08:00,how-to-create-professional-logos-with-ai-complete-logo-design-tu,https://www.lovart.ai/blog/how-to-create-professional-logos-with-ai-complete-logo-design-tutorial,Refresh if query intent is relevant; preserve URL; improve sections tied to visible queries.
B_indexed_or_visible_refresh,250.48,layout-grid-systems-design-guide,Grids are why your layouts feel 'off' even when you can't say why,0,6,0.0,6.33,,,,11406,89,,True,2026-06-26T15:25:20Z,layout-grid-systems-design-guide,https://www.lovart.ai/blog/layout-grid-systems-design-guide,Refresh if query intent is relevant; preserve URL; improve sections tied to visible queries.
B_indexed_or_visible_refresh,250.48,descript-alternative,Descript Alternative: When to Use a Design Agent Instead,0,6,0.0,16.33,descript alternative free,55.0,descript alternative free (0c/1i/pos 55.0) | free descript alternative (0c/1i/pos 11.0) | site:www.lovart.ai (0c/1i/pos 24.0),10064,69,False,True,2025-09-08T10:00:00+08:00,o6YkSZCNskGrZicahpYwfg,https://www.lovart.ai/blog/descript-alternative,Refresh if query intent is relevant; preserve URL; improve sections tied to visible queries.
B_indexed_or_visible_refresh,250.48,remixing-elements-combining-best-of-three-generations,Remixing Elements Combining Best Of Three Generations: A Practical Lovart Workflow Guide,0,6,0.0,17.0,,,,9062,63,False,True,2026-04-11T10:00:00+08:00,remixing-elements-combining-best-of-three-generations,https://www.lovart.ai/blog/remixing-elements-combining-best-of-three-generations,Refresh if query intent is relevant; preserve URL; improve sections tied to visible queries.
B_indexed_or_visible_refresh,250.4,how-to-create-digital-course-workbooks-without-photoeshop,How To Create Digital Course Workbooks Without Photoeshop: A Practical Lovart Workflow Guide,0,5,0.0,6.8,,,,9082,63,False,True,2025-09-29T10:00:00+08:00,blog-how-to-create-digital-course-workbooks-without-photoeshop-en,https://www.lovart.ai/blog/how-to-create-digital-course-workbooks-without-photoeshop,Refresh if query intent is relevant; preserve URL; improve sections tied to visible queries.
B_indexed_or_visible_refresh,250.4,how-to-create-email-signatures-without-photoshop,How To Create Email Signatures Without Photoshop: A Practical Lovart Workflow Guide,0,5,0.0,6.4,,,,9037,63,False,True,2026-05-09T10:00:00+08:00,blog-how-to-create-email-signatures-without-photoshop-en,https://www.lovart.ai/blog/how-to-create-email-signatures-without-photoshop,Refresh if query intent is relevant; preserve URL; improve sections tied to visible queries.
B_indexed_or_visible_refresh,250.4,brand-kit-food-stall-lovart,Brand Kit for Food Stall Lovart: Build a Visual System With AI,0,5,0.0,5.0,,,,9075,63,False,True,2026-01-01T10:00:00+08:00,brand-kit-food-stall-lovart,https://www.lovart.ai/blog/brand-kit-food-stall-lovart,Refresh if query intent is relevant; preserve URL; improve sections tied to visible queries.
B_indexed_or_visible_refresh,250.32,aesthetic-feeds-minimalist-retro-theme-ai,Aesthetic Feeds Minimalist Retro Theme AI: A Practical Lovart Workflow Guide,0,4,0.0,5.25,,,,9002,63,False,True,2025-11-06T10:00:00+08:00,aesthetic-feeds-minimalist-retro-theme-ai,https://www.lovart.ai/blog/aesthetic-feeds-minimalist-retro-theme-ai,Refresh if query intent is relevant; preserve URL; improve sections tied to visible queries.
B_indexed_or_visible_refresh,250.32,best-ai-design-agent-for-beauty-salon-owners,Best AI Design Agent For Beauty Salon Owners: A Practical Lovart Workflow Guide,0,4,0.0,9.75,,,,9017,63,False,True,2025-11-27T10:00:00+08:00,blog-best-ai-design-agent-for-beauty-salon-owners-en,https://www.lovart.ai/blog/best-ai-design-agent-for-beauty-salon-owners,Refresh if query intent is relevant; preserve URL; improve sections tied to visible queries.
B_indexed_or_visible_refresh,250.32,brand-kit-for-hair-salon-owners,Brand Kit for Hair Salon Owners: Build a Visual System With AI,0,4,0.0,14.0,,,,9075,63,False,True,2026-03-08T10:00:00+08:00,blog-brand-kit-for-hair-salon-owners-en,https://www.lovart.ai/blog/brand-kit-for-hair-salon-owners,Refresh if query intent is relevant; preserve URL; improve sections tied to visible queries.
B_indexed_or_visible_refresh,250.32,brand-kit-for-indie-brand-owners,Brand Kit for Indie Brand Owners: Build a Visual System With AI,0,4,0.0,6.0,lovart,5.0,lovart (0c/1i/pos 5.0),9081,63,False,True,2026-04-04T10:00:00+08:00,blog-brand-kit-for-indie-brand-owners-en,https://www.lovart.ai/blog/brand-kit-for-indie-brand-owners,Refresh if query intent is relevant; preserve URL; improve sections tied to visible queries.
B_indexed_or_visible_refresh,250.32,case-study-dating-coach-ai-face-retouch,How Dating Coach Kwame Asante Transformed 47 Client Profile Photos in One Weekend — And Their Match Rate Doubled,0,4,0.0,8.25,,,,15249,88,False,True,2026-04-20T10:00:00+08:00,case-study-dating-coach-ai-face-retouch,https://www.lovart.ai/blog/case-study-dating-coach-ai-face-retouch,Refresh if query intent is relevant; preserve URL; improve sections tied to visible queries.
B_indexed_or_visible_refresh,250.32,design-trends-2026,Design trends 2026: the 12 that actually matter (and the 8 to ignore),0,4,0.0,8.25,,,,14357,103,,True,2025-10-24T10:00:00+08:00,design-trends-2026,https://www.lovart.ai/blog/design-trends-2026,Refresh if query intent is relevant; preserve URL; improve sections tied to visible queries.
B_indexed_or_visible_refresh,250.32,sustainable-ai-design-green-design-practices,Sustainable AI Design — Green Practices for Environmentally Conscious Creators,0,4,0.0,6.25,,,,12097,81,False,True,2025-12-25T10:00:00+08:00,sustainable-ai-design-green-design-practices,https://www.lovart.ai/blog/sustainable-ai-design-green-design-practices,Refresh if query intent is relevant; preserve URL; improve sections tied to visible queries.
B_indexed_or_visible_refresh,250.24,best-ai-design-agent-for-corporate-trainer,"Best AI Design Agent for Corporate Trainers — Workshop Slide Decks, Training Workbooks & Learning-Experience Branding",0,3,0.0,8.33,,,,11879,42,False,True,2026-03-27T10:00:00+08:00,best-ai-design-agent-for-corporate-trainer,https://www.lovart.ai/blog/best-ai-design-agent-for-corporate-trainer,Refresh if query intent is relevant; preserve URL; improve sections tied to visible queries.
B_indexed_or_visible_refresh,250.24,brand-kit-for-real-estate-agent,Brand Kit for Real Estate Agent: Build a Visual System With AI,0,3,0.0,8.67,,,,9075,63,False,True,2025-09-26T10:00:00+08:00,blog-brand-kit-for-real-estate-agent-en,https://www.lovart.ai/blog/brand-kit-for-real-estate-agent,Refresh if query intent is relevant; preserve URL; improve sections tied to visible queries.
B_indexed_or_visible_refresh,250.24,how-to-create-price-guides-without-photoshop,How To Create Price Guides Without Photoshop: A Practical Lovart Workflow Guide,0,3,0.0,6.0,,,,9017,63,False,True,2025-11-09T10:00:00+08:00,blog-how-to-create-price-guides-without-photoshop-en,https://www.lovart.ai/blog/how-to-create-price-guides-without-photoshop,Refresh if query intent is relevant; preserve URL; improve sections tied to visible queries.
B_indexed_or_visible_refresh,250.24,how-to-create-service-price-lists-without-photoeshop,How To Create Service Price Lists Without Photoeshop: A Practical Lovart Workflow Guide,0,3,0.0,6.0,,,,9057,63,False,True,2026-01-15T00:00:00.000Z,blog-how-to-create-service-price-lists-without-photoeshop-en,https://www.lovart.ai/blog/how-to-create-service-price-lists-without-photoeshop,Refresh if query intent is relevant; preserve URL; improve sections tied to visible queries.
B_indexed_or_visible_refresh,250.24,lip-sync-ai-tutorial,Lip Sync AI Tutorial: Build Talking Avatar Videos Without Losing Brand Control,0,3,0.0,19.67,,,,9060,63,False,True,2026-06-26T15:36:02Z,blog-lip-sync-ai-tutorial-en,https://www.lovart.ai/blog/lip-sync-ai-tutorial,Refresh if query intent is relevant; preserve URL; improve sections tied to visible queries.
B_indexed_or_visible_refresh,250.24,brand-kit-urgent-care-lovart,Brand Kit for Urgent Care Lovart: Build a Visual System With AI,0,3,0.0,8.0,,,,9081,63,False,True,2025-10-01T10:00:00+08:00,brand-kit-urgent-care-lovart,https://www.lovart.ai/blog/brand-kit-urgent-care-lovart,Refresh if query intent is relevant; preserve URL; improve sections tied to visible queries.
B_indexed_or_visible_refresh,250.24,how-to-politely-argue-with-ai-iteration-tips,How To Politely Argue With AI Iteration Tips: A Practical Lovart Workflow Guide,0,3,0.0,4.67,,,,9017,63,False,True,2026-02-04T10:00:00+08:00,how-to-politely-argue-with-ai-iteration-tips,https://www.lovart.ai/blog/how-to-politely-argue-with-ai-iteration-tips,Refresh if query intent is relevant; preserve URL; improve sections tied to visible queries.
B_indexed_or_visible_refresh,250.24,saving-the-shoot-fix-missing-prop-product-photo-ai,Saving the Shoot — How We Fixed a Missing Prop in a Product Photo Without Reshooting,0,3,0.0,7.67,,,,11162,69,False,True,2026-03-03T10:00:00+08:00,saving-the-shoot-fix-missing-prop-product-photo-ai,https://www.lovart.ai/blog/saving-the-shoot-fix-missing-prop-product-photo-ai,Refresh if query intent is relevant; preserve URL; improve sections tied to visible queries.
B_indexed_or_visible_refresh,250.16,03-career-chatcanvas-client-review,Presenting Designs: How to Use ChatCanvas for Client Reviews That Get Approved Faster,0,2,0.0,5.5,,,,11569,75,False,True,2025-10-11T10:00:00+08:00,03-career-chatcanvas-client-review,https://www.lovart.ai/blog/03-career-chatcanvas-client-review,Refresh if query intent is relevant; preserve URL; improve sections tied to visible queries.
B_indexed_or_visible_refresh,250.16,brand-kit-for-consultants,Brand Kit for Consultants: Build a Visual System With AI,0,2,0.0,5.5,ai branding consultant,26.0,ai branding consultant (0c/1i/pos 26.0),9039,63,False,True,2026-02-28T10:00:00+08:00,blog-brand-kit-for-consultants-en,https://www.lovart.ai/blog/brand-kit-for-consultants,Refresh if query intent is relevant; preserve URL; improve sections tied to visible queries.
B_indexed_or_visible_refresh,250.16,brand-kit-for-nail-studio-owners,Brand Kit for Nail Studio Owners: Build a Visual System With AI,0,2,0.0,9.5,,,,9081,63,False,True,2026-02-01T10:00:00+08:00,blog-brand-kit-for-nail-studio-owners-en,https://www.lovart.ai/blog/brand-kit-for-nail-studio-owners,Refresh if query intent is relevant; preserve URL; improve sections tied to visible queries.
B_indexed_or_visible_refresh,250.16,brand-kit-for-side-hustlers,Brand Kit for Side Hustlers: Build a Visual System With AI,0,2,0.0,7.5,,,,9051,63,False,True,2026-01-06T10:00:00+08:00,blog-brand-kit-for-side-hustlers-en,https://www.lovart.ai/blog/brand-kit-for-side-hustlers,Refresh if query intent is relevant; preserve URL; improve sections tied to visible queries.
B_indexed_or_visible_refresh,250.16,how-to-create-portfolio-pages-without-photoshop,How To Create Portfolio Pages Without Photoshop: A Practical Lovart Workflow Guide,0,2,0.0,5.0,,,,9032,63,False,True,2026-01-15T00:00:00.000Z,blog-how-to-create-portfolio-pages-without-photoshop-en,https://www.lovart.ai/blog/how-to-create-portfolio-pages-without-photoshop,Refresh if query intent is relevant; preserve URL; improve sections tied to visible queries.
B_indexed_or_visible_refresh,250.16,brand-kit-doctor-lovart,Brand Kit for Doctor Lovart: Build a Visual System With AI,0,2,0.0,7.0,,,,9051,63,False,True,2026-01-13T10:00:00+08:00,brand-kit-doctor-lovart,https://www.lovart.ai/blog/brand-kit-doctor-lovart,Refresh if query intent is relevant; preserve URL; improve sections tied to visible queries.
B_indexed_or_visible_refresh,250.16,halloween-restaurant-marketing-guide-2027,Halloween Restaurant Marketing Guide 2027: A Practical Lovart Workflow Guide,0,2,0.0,5.0,,,,9002,63,False,True,2025-12-10T10:00:00+08:00,halloween-restaurant-marketing-guide-2027,https://www.lovart.ai/blog/halloween-restaurant-marketing-guide-2027,Refresh if query intent is relevant; preserve URL; improve sections tied to visible queries.
B_indexed_or_visible_refresh,250.08,brand-kit-for-bakery-owner,Brand Kit for Bakery Owner: Build a Visual System With AI,0,1,0.0,5.0,,,,9045,63,False,True,2025-11-11T10:00:00+08:00,blog-brand-kit-for-bakery-owner-en,https://www.lovart.ai/blog/brand-kit-for-bakery-owner,Refresh if query intent is relevant; preserve URL; improve sections tied to visible queries.
B_indexed_or_visible_refresh,250.08,brand-kit-for-coffee-shop-owners,Brand Kit for Coffee Shop Owners: Build a Visual System With AI,0,1,0.0,5.0,,,,9081,63,False,True,2025-11-27T10:00:00+08:00,blog-brand-kit-for-coffee-shop-owners-en,https://www.lovart.ai/blog/brand-kit-for-coffee-shop-owners,Refresh if query intent is relevant; preserve URL; improve sections tied to visible queries.
B_indexed_or_visible_refresh,250.08,how-to-create-business-flyers-without-photoshop,How To Create Business Flyers Without Photoshop: A Practical Lovart Workflow Guide,0,1,0.0,7.0,flyer startup,47.0,flyer startup (0c/1i/pos 47.0),9032,63,False,True,2026-01-29T10:00:00+08:00,blog-how-to-create-business-flyers-without-photoshop-en,https://www.lovart.ai/blog/how-to-create-business-flyers-without-photoshop,Refresh if query intent is relevant; preserve URL; improve sections tied to visible queries.
B_indexed_or_visible_refresh,250.08,how-to-create-course-sales-pages-without-photoeshop,How To Create Course Sales Pages Without Photoeshop: A Practical Lovart Workflow Guide,0,1,0.0,4.0,,,,9052,63,False,True,2026-01-15T00:00:00.000Z,blog-how-to-create-course-sales-pages-without-photoeshop-en,https://www.lovart.ai/blog/how-to-create-course-sales-pages-without-photoeshop,Refresh if query intent is relevant; preserve URL; improve sections tied to visible queries.
B_indexed_or_visible_refresh,250.08,canva-vs-ai-design-agents-2026,Canva vs AI Design Agents 2026: Compare the Workflow Before You Choose,0,1,0.0,9.0,,,,10061,69,False,True,2026-06-24T09:40:37Z,bp-canva-vs-ai-design-agents-2026,https://www.lovart.ai/blog/canva-vs-ai-design-agents-2026,Refresh if query intent is relevant; preserve URL; improve sections tied to visible queries.
B_indexed_or_visible_refresh,250.08,a-step-by-step-guide-to-create-instagram-posts-without-photoshop-2,A Step By Step Guide To Create Instagram Posts Without Photoshop 2: A Practical Lovart Workflow Guide,0,1,0.0,8.0,,,,9127,63,False,True,2026-05-17T10:00:00+08:00,c61a7050-440c-40e1-b336-1d312878caa7,https://www.lovart.ai/blog/a-step-by-step-guide-to-create-instagram-posts-without-photoshop-2,Refresh if query intent is relevant; preserve URL; improve sections tied to visible queries.
B_indexed_or_visible_refresh,250.08,psychology-of-ai-design-why-some-images-convert,The Psychology of AI Design — Why Some Images Convert and Others Don't,0,1,0.0,8.0,,,,11931,63,False,True,2025-11-27T10:00:00+08:00,psychology-of-ai-design-why-some-images-convert,https://www.lovart.ai/blog/psychology-of-ai-design-why-some-images-convert,Refresh if query intent is relevant; preserve URL; improve sections tied to visible queries.
B_indexed_or_visible_refresh,241.2,why-imagen-4-matters,Why Imagen 4 matters,0,265,0.0,3.91,,,,7084,58,False,True,2026-05-04T10:00:00+08:00,why-imagen-4-matters,https://www.lovart.ai/blog/why-imagen-4-matters,Refresh if query intent is relevant; preserve URL; improve sections tied to visible queries.
B_indexed_or_visible_refresh,235.36,opus-clip-alternative,Opus Clip Alternative: When to Use a Design Agent Instead,4,192,2.08,24.66,opus clip free alternative,28.5,opus clip free alternative (1c/4i/pos 28.5),10071,69,False,True,2025-09-28T10:00:00+08:00,o6YkSZCNskGrZicahpYxGq,https://www.lovart.ai/blog/opus-clip-alternative,Refresh if query intent is relevant; preserve URL; improve sections tied to visible queries.
B_indexed_or_visible_refresh,226.4,ai-youtube-thumbnail,AI Youtube Thumbnail: A Practical Lovart Workflow Guide,0,80,0.0,27.45,ai thumbnail generator for youtube,41.0,ai thumbnail generator for youtube (0c/7i/pos 41.0) | thumbnail.ai (0c/5i/pos 76.2) | best ai thumbnail generator for youtube (0c/4i/pos 56.5) | thambnail.ai (0c/2i/pos 63.0),8897,63,False,True,2026-02-06T10:00:00+08:00,blog-ai-youtube-thumbnail-en,https://www.lovart.ai/blog/ai-youtube-thumbnail,Refresh if query intent is relevant; preserve URL; improve sections tied to visible queries.
B_indexed_or_visible_refresh,201.6,lovart-account-enforcement,Lovart AI: Lovart Account Enforcement | Tested 2026,0,270,0.0,3.24,,,,11065,119,False,True,2025-09-15T10:00:00+08:00,lovart-account-enforcement,https://www.lovart.ai/blog/lovart-account-enforcement,Refresh if query intent is relevant; preserve URL; improve sections tied to visible queries.
B_indexed_or_visible_refresh,196.32,brand-kit-consultant-lovart,Brand Kit for Consultant Lovart: Build a Visual System With AI,1,79,1.27,23.01,ai consultancy branding,25.5,ai consultancy branding (0c/6i/pos 25.5) | ai branding consultant (0c/1i/pos 23.0),9075,63,False,True,2026-05-16T10:00:00+08:00,brand-kit-consultant-lovart,https://www.lovart.ai/blog/brand-kit-consultant-lovart,Refresh if query intent is relevant; preserve URL; improve sections tied to visible queries.
B_indexed_or_visible_refresh,194.96,02-cluster-product-videos-ai,Make Ai Videos: AI-Powered Solution 2026,1,62,1.61,20.52,product url to video ai,92.38,product url to video ai (0c/8i/pos 92.4) | create product videos with ai (0c/2i/pos 90.5),11905,105,False,True,2026-03-29T10:00:00+08:00,02-cluster-product-videos-ai,https://www.lovart.ai/blog/02-cluster-product-videos-ai,Refresh if query intent is relevant; preserve URL; improve sections tied to visible queries.
B_indexed_or_visible_refresh,186.32,03-industry-tech-company-branding,Tech Company Branding: Building Trust Through Visual Design with AI,0,79,0.0,20.47,branding for it companies,43.33,branding for it companies (0c/6i/pos 43.3) | brand architecture for tech companies (0c/3i/pos 51.0) | branding a tech company (0c/2i/pos 42.5) | tech industry branding (0c/2i/pos 32.5),12003,91,False,True,2025-11-05T10:00:00+08:00,03-industry-tech-company-branding,https://www.lovart.ai/blog/03-industry-tech-company-branding,Refresh if query intent is relevant; preserve URL; improve sections tied to visible queries.
B_indexed_or_visible_refresh,186.0,he-death-of-the-stock-footage-era-a-complete-guide-to-ai-powered-video-creation-in-2026,The Death Of The Stock Footage Era A Complete Guide To Ai Powered Video Creation In 2026,0,75,0.0,22.63,wavespeed kissing,9.17,wavespeed kissing (0c/6i/pos 9.2),14469,95,False,True,2026-05-04T10:00:00+08:00,he-death-of-the-stock-footage-era-a-complete-guide-to-ai-powered,https://www.lovart.ai/blog/he-death-of-the-stock-footage-era-a-complete-guide-to-ai-powered-video-creation-in-2026,Refresh if query intent is relevant; preserve URL; improve sections tied to visible queries.
B_indexed_or_visible_refresh,184.16,ai-design-for-authors-writers-2026,"AI Design for Authors & Writers — Book Covers, Social Media & Author Branding",0,52,0.0,23.94,,,,10678,53,False,True,2026-02-28T10:00:00+08:00,ai-design-for-authors-writers-2026,https://www.lovart.ai/blog/ai-design-for-authors-writers-2026,Refresh if query intent is relevant; preserve URL; improve sections tied to visible queries.
B_indexed_or_visible_refresh,153.04,brand-kit-chiropractor-lovart,How to Create a Brand Kit for a Chiropractor,1,38,2.63,26.84,chiropractor branding,32.75,chiropractor branding (0c/12i/pos 32.8) | chiropractic branding (0c/9i/pos 32.9) | branding for chiropractors (0c/4i/pos 46.8) | chiropractic logo maker (0c/1i/pos 75.0),6858,54,False,True,2025-11-14T10:00:00+08:00,brand-kit-chiropractor-lovart,https://www.lovart.ai/blog/brand-kit-chiropractor-lovart,Refresh if query intent is relevant; preserve URL; improve sections tied to visible queries.
B_indexed_or_visible_refresh,143.6,best-agent-for-non-design,Best Agent For Non Design - Best Practice,0,45,0.0,23.53,design agent,85.56,design agent (0c/9i/pos 85.6) | ai design agent (0c/1i/pos 73.0) | what are the latest ai design generators available today and how do they compare in terms of features and capabilities? (0c/1i/pos 41.0),7892,69,False,True,2026-03-24T10:00:00+08:00,b6e30e12-5a0f-471d-92a2-646847eb1d9c,https://www.lovart.ai/blog/best-agent-for-non-design,Refresh if query intent is relevant; preserve URL; improve sections tied to visible queries.
B_indexed_or_visible_refresh,143.36,ai-poster-maker,AI Poster Maker: Create Better Visuals From a Clear Brief,0,42,0.0,27.1,,,,8892,63,False,True,2025-10-02T10:00:00+08:00,blog-ai-poster-maker-en,https://www.lovart.ai/blog/ai-poster-maker,Refresh if query intent is relevant; preserve URL; improve sections tied to visible queries.
B_indexed_or_visible_refresh,142.72,bestpractice-build-brand-with-ai,Bestpractice Build Brand With AI: A Practical Lovart Workflow Guide,0,34,0.0,27.35,ai brand,64.0,ai brand (0c/1i/pos 64.0) | brand build ai (0c/1i/pos 39.0),8957,63,False,True,2025-09-02T10:00:00+08:00,blog-bestpractice-build-brand-with-ai-en,https://www.lovart.ai/blog/bestpractice-build-brand-with-ai,Refresh if query intent is relevant; preserve URL; improve sections tied to visible queries.
B_indexed_or_visible_refresh,141.04,ai-design-templates,AI Design Templates: A Practical Lovart Workflow Guide,0,13,0.0,28.85,ai templates,60.33,ai templates (0c/3i/pos 60.3) | ai template (0c/1i/pos 56.0) | templates ai (0c/1i/pos 61.0),8892,63,False,True,2025-10-13T10:00:00+08:00,blog-ai-design-templates-en,https://www.lovart.ai/blog/ai-design-templates,Refresh if query intent is relevant; preserve URL; improve sections tied to visible queries.
B_indexed_or_visible_refresh,140.56,ai-social-media,AI Social Media: A Practical Lovart Workflow Guide,0,7,0.0,24.29,ai social media design,44.42,ai social media design (0c/12i/pos 44.4),8872,63,False,True,2025-09-10T10:00:00+08:00,blog-ai-social-media-en,https://www.lovart.ai/blog/ai-social-media,Refresh if query intent is relevant; preserve URL; improve sections tied to visible queries.
B_indexed_or_visible_refresh,140.56,brand-kit-candle-maker-lovart,How to Create a Brand Kit for a Candle Maker,0,7,0.0,23.86,,,,6227,48,False,True,2026-04-07T10:00:00+08:00,brand-kit-candle-maker-lovart,https://www.lovart.ai/blog/brand-kit-candle-maker-lovart,Refresh if query intent is relevant; preserve URL; improve sections tied to visible queries.
B_indexed_or_visible_refresh,140.48,ai-banner-maker,AI Banner Maker: Create Better Visuals From a Clear Brief,0,6,0.0,31.67,,,,8892,63,False,True,2026-01-11T10:00:00+08:00,blog-ai-banner-maker-en,https://www.lovart.ai/blog/ai-banner-maker,Refresh if query intent is relevant; preserve URL; improve sections tied to visible queries.
B_indexed_or_visible_refresh,140.4,creating-restaurant-menu,Creating Restaurant Menu: A Practical Lovart Workflow Guide,0,5,0.0,23.6,ai restaurant design,90.0,ai restaurant design (0c/1i/pos 90.0),8917,63,False,True,2025-12-14T10:00:00+08:00,237db92c-92e4-4bfc-8a5c-9bdad147e619,https://www.lovart.ai/blog/creating-restaurant-menu,Refresh if query intent is relevant; preserve URL; improve sections tied to visible queries.
B_indexed_or_visible_refresh,140.32,best-ai-design-agent-for-photographers,Best AI Design Agent For Photographers: A Practical Lovart Workflow Guide,0,4,0.0,28.5,,,,8987,63,False,True,2026-02-21T10:00:00+08:00,blog-best-ai-design-agent-for-photographers-en,https://www.lovart.ai/blog/best-ai-design-agent-for-photographers,Refresh if query intent is relevant; preserve URL; improve sections tied to visible queries.
B_indexed_or_visible_refresh,125.04,best-ai-design-agent-for-consultants,Best AI Design Agent For Consultants: A Practical Lovart Workflow Guide,0,63,0.0,50.7,ai design agents,81.74,ai design agents (0c/19i/pos 81.7) | design agent (0c/10i/pos 89.0) | ai design agent (0c/4i/pos 74.5) | graphic design ai agent (0c/1i/pos 94.0) | professional ai design agent for creative agencies (0c/1i/pos 88.0),8977,63,False,True,2025-10-11T10:00:00+08:00,blog-best-ai-design-agent-for-consultants-en,https://www.lovart.ai/blog/best-ai-design-agent-for-consultants,Refresh if query intent is relevant; preserve URL; improve sections tied to visible queries.
B_indexed_or_visible_refresh,124.16,lovart-product-update-may-2026,What's New in Lovart — May 2026 Product Updates,0,52,0.0,2.73,,,,6325,54,False,True,2026-03-04T10:00:00+08:00,lovart-product-update-may-2026,https://www.lovart.ai/blog/lovart-product-update-may-2026,Refresh if query intent is relevant; preserve URL; improve sections tied to visible queries.
B_indexed_or_visible_refresh,113.12,veed-io-alternative,Veed.io Alternative: When to Use a Design Agent Instead,1,39,2.56,25.87,veed io alternative,9.75,veed io alternative (1c/4i/pos 9.8),10057,69,False,True,2026-01-17T10:00:00+08:00,5OcAE57ZPh7ef83a6GJrJ2,https://www.lovart.ai/blog/veed-io-alternative,Refresh if query intent is relevant; preserve URL; improve sections tied to visible queries.
B_indexed_or_visible_refresh,112.56,brand-kit-plumber-lovart,Brand Kit for Plumber Lovart: Build a Visual System With AI,1,32,3.12,21.38,branding for plumbers burbank ca,36.64,branding for plumbers burbank ca (0c/14i/pos 36.6) | #0d2137 (0c/1i/pos 5.0),9057,63,False,True,2025-10-11T10:00:00+08:00,brand-kit-plumber-lovart,https://www.lovart.ai/blog/brand-kit-plumber-lovart,Refresh if query intent is relevant; preserve URL; improve sections tied to visible queries.
B_indexed_or_visible_refresh,110.32,best-ai-design-agent-for-financial-advisors,Best AI Design Agent For Financial Advisors: A Practical Lovart Workflow Guide,1,4,25.0,38.25,ai design agent,92.0,ai design agent (0c/1i/pos 92.0),9012,63,False,True,2026-03-11T10:00:00+08:00,blog-best-ai-design-agent-for-financial-advisors-en,https://www.lovart.ai/blog/best-ai-design-agent-for-financial-advisors,Refresh if query intent is relevant; preserve URL; improve sections tied to visible queries.
B_indexed_or_visible_refresh,103.52,b26-how-to-create-restaurant-menus-ai-bing,How to Create Restaurant Menus with AI — Step by Step,0,44,0.0,25.39,ai restaurant design,97.29,ai restaurant design (0c/7i/pos 97.3) | ai design restaurant (0c/2i/pos 95.5) | write promp (0c/1i/pos 6.0),16462,84,False,True,2026-03-07T10:00:00+08:00,b26-how-to-create-restaurant-menus-ai-bing,https://www.lovart.ai/blog/b26-how-to-create-restaurant-menus-ai-bing,Refresh if query intent is relevant; preserve URL; improve sections tied to visible queries.
B_indexed_or_visible_refresh,103.52,google-veo-3-ai-review-2025-features-test-results-and-final-verdict,Google Veo 3 AI Review 2025 Features Test Results And Final Verdict: A Practical Lovart Workflow Guide,0,44,0.0,36.3,,,,9132,63,False,True,2025-09-18T10:00:00+08:00,google-veo-3-ai-review-2025-features-test-results-and-final-verd,https://www.lovart.ai/blog/google-veo-3-ai-review-2025-features-test-results-and-final-verdict,Refresh if query intent is relevant; preserve URL; improve sections tied to visible queries.
B_indexed_or_visible_refresh,102.48,best-ai-design-agent-for-restaurant-owners,Best AI Design Agent For Restaurant Owners: A Practical Lovart Workflow Guide,0,31,0.0,33.87,ai restaurant design,51.32,ai restaurant design (0c/19i/pos 51.3) | ai for restaurant design (0c/5i/pos 41.2) | ai design restaurant (0c/1i/pos 61.0) | best ai for restaurant design (0c/1i/pos 1.0),9007,63,False,True,2025-11-27T10:00:00+08:00,blog-best-ai-design-agent-for-restaurant-owners-en,https://www.lovart.ai/blog/best-ai-design-agent-for-restaurant-owners,Refresh if query intent is relevant; preserve URL; improve sections tied to visible queries.
B_indexed_or_visible_refresh,102.4,best-ai-design-agent-for-makeup-studio-owners,Best AI Design Agent For Makeup Studio Owners: A Practical Lovart Workflow Guide,0,30,0.0,39.4,instagram ai agent for makeup artists,67.82,instagram ai agent for makeup artists (0c/17i/pos 67.8) | ai booking assistant for makeup artists (0c/2i/pos 68.0),9022,63,False,True,2026-05-06T10:00:00+08:00,blog-best-ai-design-agent-for-makeup-studio-owners-en,https://www.lovart.ai/blog/best-ai-design-agent-for-makeup-studio-owners,Refresh if query intent is relevant; preserve URL; improve sections tied to visible queries.
B_indexed_or_visible_refresh,102.24,complete-guide-real-estate-marketing-design-ai,The 2026 Complete Guide to AI Real Estate Marketing Design,0,28,0.0,27.04,,,,52887,294,False,True,2025-12-12T10:00:00+08:00,complete-guide-real-estate-marketing-design-ai,https://www.lovart.ai/blog/complete-guide-real-estate-marketing-design-ai,Refresh if query intent is relevant; preserve URL; improve sections tied to visible queries.
B_indexed_or_visible_refresh,101.92,how-to-generate-ai-art-from-text,How to Generate AI Art from Text — Turn Words into Stunning Visuals,0,24,0.0,42.88,,,,11226,75,False,True,2026-04-02T10:00:00+08:00,how-to-generate-ai-art-from-text,https://www.lovart.ai/blog/how-to-generate-ai-art-from-text,Refresh if query intent is relevant; preserve URL; improve sections tied to visible queries.
B_indexed_or_visible_refresh,101.44,best-ai-design-agent-for-content-creators,Best AI Design Agent For Content Creators: A Practical Lovart Workflow Guide,0,18,0.0,27.78,ai design agents,71.67,ai design agents (0c/3i/pos 71.7) | ai design agent (0c/2i/pos 58.5) | design agent (0c/1i/pos 93.0) | lovart ai design agent product (0c/1i/pos 8.0),9002,63,False,True,2026-05-14T10:00:00+08:00,blog-best-ai-design-agent-for-content-creators-en,https://www.lovart.ai/blog/best-ai-design-agent-for-content-creators,Refresh if query intent is relevant; preserve URL; improve sections tied to visible queries.
B_indexed_or_visible_refresh,101.36,best-ai-design-agent-for-handmade-sellers,Best AI Design Agent For Handmade Sellers: A Practical Lovart Workflow Guide,0,17,0.0,34.06,design agent,78.83,design agent (0c/6i/pos 78.8) | ai design agent (0c/3i/pos 55.7) | ai design agents (0c/1i/pos 70.0) | handmade ai (0c/1i/pos 2.0),9002,63,False,True,2025-11-15T10:00:00+08:00,blog-best-ai-design-agent-for-handmade-sellers-en,https://www.lovart.ai/blog/best-ai-design-agent-for-handmade-sellers,Refresh if query intent is relevant; preserve URL; improve sections tied to visible queries.
B_indexed_or_visible_refresh,101.2,lovart-vs-venngage-2026,Lovart vs Venngage 2026: Compare the Workflow Before You Choose,0,15,0.0,22.33,,,,10012,69,False,True,2026-06-24T09:47:38Z,bd-lovart-vs-venngage-2026,https://www.lovart.ai/blog/lovart-vs-venngage-2026,Refresh if query intent is relevant; preserve URL; improve sections tied to visible queries.
B_indexed_or_visible_refresh,100.4,brand-kit-for-beauty-salon-owner,Brand Kit for Beauty Salon Owner: Build a Visual System With AI,0,5,0.0,30.6,,,,9081,63,False,True,2026-02-27T10:00:00+08:00,blog-brand-kit-for-beauty-salon-owner-en,https://www.lovart.ai/blog/brand-kit-for-beauty-salon-owner,Refresh if query intent is relevant; preserve URL; improve sections tied to visible queries.
B_indexed_or_visible_refresh,100.4,case-study-bootstrapper-free-ai-tools-growth,Case Study Bootstrapper Free AI Tools Growth: A Practical Lovart Workflow Guide,0,5,0.0,24.2,,,,9017,63,False,True,2025-10-31T10:00:00+08:00,case-study-bootstrapper-free-ai-tools-growth,https://www.lovart.ai/blog/case-study-bootstrapper-free-ai-tools-growth,Refresh if query intent is relevant; preserve URL; improve sections tied to visible queries.
B_indexed_or_visible_refresh,100.32,best-ai-design-agent-for-personal-trainers,Best AI Design Agent For Personal Trainers: A Practical Lovart Workflow Guide,0,4,0.0,25.25,ai design agent,82.0,ai design agent (0c/1i/pos 82.0) | site:lovart.ai lovart ai design agent (0c/1i/pos 8.0),9007,63,False,True,2026-01-17T10:00:00+08:00,blog-best-ai-design-agent-for-personal-trainers-en,https://www.lovart.ai/blog/best-ai-design-agent-for-personal-trainers,Refresh if query intent is relevant; preserve URL; improve sections tied to visible queries.
B_indexed_or_visible_refresh,100.24,best-ai-design-agent-for-solo-practitioner,Best AI Design Agent For Solo Practitioner: A Practical Lovart Workflow Guide,0,3,0.0,21.33,,,,9007,63,False,True,2026-01-30T10:00:00+08:00,best-ai-design-agent-for-solo-practitioner,https://www.lovart.ai/blog/best-ai-design-agent-for-solo-practitioner,Refresh if query intent is relevant; preserve URL; improve sections tied to visible queries.
B_indexed_or_visible_refresh,100.24,ai-vs-traditional-designers-2,AI vs Traditional Designers 2: Compare the Workflow Before You Choose,0,3,0.0,28.0,,,,10054,69,False,True,2025-11-05T10:00:00+08:00,e279cd49-85be-41a8-98c4-f3206102b70f,https://www.lovart.ai/blog/ai-vs-traditional-designers-2,Refresh if query intent is relevant; preserve URL; improve sections tied to visible queries.
B_indexed_or_visible_refresh,100.16,brand-consistency-design-guide,Brand consistency: the difference between a brand and a business,0,2,0.0,44.5,ai brand consistency best practices,81.0,ai brand consistency best practices (0c/1i/pos 81.0) | brand consistency checker (0c/1i/pos 82.0),11339,91,,True,2026-04-25T10:00:00+08:00,brand-consistency-design-guide,https://www.lovart.ai/blog/brand-consistency-design-guide,Refresh if query intent is relevant; preserve URL; improve sections tied to visible queries.
B_indexed_or_visible_refresh,41.6,bfcm-ecommerce-visual-strategy-2027,Bfcm Ecommerce Visual Strategy 2027: A Practical Lovart Workflow Guide,0,20,0.0,3.05,,,,8972,63,False,True,2025-12-07T10:00:00+08:00,bfcm-ecommerce-visual-strategy-2027,https://www.lovart.ai/blog/bfcm-ecommerce-visual-strategy-2027,Refresh if query intent is relevant; preserve URL; improve sections tied to visible queries.
B_indexed_or_visible_refresh,41.04,lovart-digest-may-2026-week3,"Lovart Digest — Best Design Tips, Tools & Templates This Week (May W3)",0,13,0.0,3.62,,,,6210,43,False,True,2025-12-06T10:00:00+08:00,lovart-digest-may-2026-week3,https://www.lovart.ai/blog/lovart-digest-may-2026-week3,Refresh if query intent is relevant; preserve URL; improve sections tied to visible queries.
B_indexed_or_visible_refresh,40.8,best-ai-design-agent-for-influencers,Best AI Design Agent For Influencers: A Practical Lovart Workflow Guide,0,10,0.0,72.5,ai design agents,87.38,ai design agents (0c/8i/pos 87.4) | ai design agent (0c/2i/pos 89.0) | graphic design ai agent (0c/1i/pos 96.0),8977,63,False,True,2025-10-21T10:00:00+08:00,blog-best-ai-design-agent-for-influencers-en,https://www.lovart.ai/blog/best-ai-design-agent-for-influencers,Refresh if query intent is relevant; preserve URL; improve sections tied to visible queries.
B_indexed_or_visible_refresh,40.72,ai-marketing-design-tools,AI Marketing Design Tools: A Practical Lovart Workflow Guide,0,9,0.0,2.33,,,,8922,63,False,True,2025-10-07T10:00:00+08:00,blog-ai-marketing-design-tools-en,https://www.lovart.ai/blog/ai-marketing-design-tools,Refresh if query intent is relevant; preserve URL; improve sections tied to visible queries.
B_indexed_or_visible_refresh,40.48,best-ai-design-agent-for-course-creators,Best AI Design Agent For Course Creators: A Practical Lovart Workflow Guide,0,6,0.0,57.5,ai design agents,84.0,ai design agents (0c/4i/pos 84.0) | ai design agent (0c/2i/pos 83.0),8997,63,False,True,2026-03-05T10:00:00+08:00,blog-best-ai-design-agent-for-course-creators-en,https://www.lovart.ai/blog/best-ai-design-agent-for-course-creators,Refresh if query intent is relevant; preserve URL; improve sections tied to visible queries.
B_indexed_or_visible_refresh,40.48,brand-kit-thrift-store-lovart,Thrift Store Brand Kit: Secondhand Visual Identity That Makes Pre-Loved Feel Premium,0,6,0.0,3.33,,,,6394,43,False,True,2025-12-22T10:00:00+08:00,brand-kit-thrift-store-lovart,https://www.lovart.ai/blog/brand-kit-thrift-store-lovart,Refresh if query intent is relevant; preserve URL; improve sections tied to visible queries.
B_indexed_or_visible_refresh,40.32,midjourney-alternatives-2026,Midjourney Alternatives 2026: Best AI Image Generators Compared | Lovart,0,4,0.0,3.25,,,,6850,38,False,True,2026-06-24T09:47:41Z,bd-midjourney-alternatives-2026,https://www.lovart.ai/blog/midjourney-alternatives-2026,Refresh if query intent is relevant; preserve URL; improve sections tied to visible queries.
B_indexed_or_visible_refresh,40.24,ai-design-for-freelancers-pricing,AI Design For Freelancers Pricing: A Practical Lovart Workflow Guide,0,3,0.0,1.0,lovart pricing,1.0,lovart pricing (0c/2i/pos 1.0) | lovart ai pricing (0c/1i/pos 1.0),8962,63,False,True,2026-06-24T09:54:09Z,bp-ai-design-for-freelancers-pricing,https://www.lovart.ai/blog/ai-design-for-freelancers-pricing,Refresh if query intent is relevant; preserve URL; improve sections tied to visible queries.
B_indexed_or_visible_refresh,40.16,best-ai-design-tool-for-affiliate-marketers-2026,"I was an affiliate marketer for 5 years. I tested 5 AI design tools for affiliate marketing. 1 is excellent, 2 are good, 2 are not worth the time.",0,2,0.0,3.0,lovart affiliate program,3.0,lovart affiliate program (0c/1i/pos 3.0) | lovart ai affiliate program (0c/1i/pos 3.0),6184,33,False,True,2026-06-26T09:17:52Z,bd-best-ai-design-tool-for-affiliate-marketers-2026,https://www.lovart.ai/blog/best-ai-design-tool-for-affiliate-marketers-2026,Refresh if query intent is relevant; preserve URL; improve sections tied to visible queries.
B_indexed_or_visible_refresh,40.16,ai-video-generator-comparison-2026,"AI Video Generator Comparison 2026: Choose by Workflow, Not Hype",0,2,0.0,3.5,,,,8953,63,False,True,2026-06-26T15:35:53Z,blog-ai-video-generator-comparison-2026-en,https://www.lovart.ai/blog/ai-video-generator-comparison-2026,Refresh if query intent is relevant; preserve URL; improve sections tied to visible queries.
B_indexed_or_visible_refresh,40.16,ai-design-for-education,AI Design For Education: A Practical Lovart Workflow Guide,0,2,0.0,3.0,,,,8912,63,False,True,2026-06-24T10:02:54Z,bp-ai-design-for-education,https://www.lovart.ai/blog/ai-design-for-education,Refresh if query intent is relevant; preserve URL; improve sections tied to visible queries.
B_indexed_or_visible_refresh,40.08,best-ai-design-tool-for-real-estate-2026,"I was a real estate agent for 5 years. I tested 5 AI design tools for real estate. 1 is excellent, 2 are good, 2 are not worth the time.",0,1,0.0,3.0,,,,6140,33,,True,2026-06-26T09:17:49Z,bd-best-ai-design-tool-for-real-estate-2026,https://www.lovart.ai/blog/best-ai-design-tool-for-real-estate-2026,Refresh if query intent is relevant; preserve URL; improve sections tied to visible queries.
B_indexed_or_visible_refresh,40.08,best-ai-design-agent-for-gym-owners,Best AI Design Agent For Gym Owners: A Practical Lovart Workflow Guide,0,1,0.0,2.0,,,,8972,63,False,True,2026-04-21T10:00:00+08:00,blog-best-ai-design-agent-for-gym-owners-en,https://www.lovart.ai/blog/best-ai-design-agent-for-gym-owners,Refresh if query intent is relevant; preserve URL; improve sections tied to visible queries.
C_long_tail_low_value_review,40.0,create-logos-guide,Create Logos Guide: A Practical Lovart Workflow Guide,0,0,0.0,,,,,8887,63,False,True,2026-03-01T10:00:00+08:00,042b701e-1f83-47b4-84d2-de405fffcbeb,,"Review for consolidation, cluster support, or lower-priority rewrite; keep indexable unless there is a separate policy reason."
C_long_tail_low_value_review,40.0,best-ai-design-tool-for-events-2026,"I was an event planner for 3 years. I tested 5 AI design tools for event design. 1 is excellent, 2 are good, 2 are not worth the time.",0,0,0.0,,,,,6037,33,False,True,2026-06-26T09:17:49Z,bd-best-ai-design-tool-for-events-2026,,"Review for consolidation, cluster support, or lower-priority rewrite; keep indexable unless there is a separate policy reason."
C_long_tail_low_value_review,40.0,best-ai-design-tool-for-freelancers-2026,Best AI Design Tool For Freelancers 2026: A Practical Lovart Workflow Guide,0,0,0.0,,,,,8997,63,False,True,2026-06-26T09:17:49Z,bd-best-ai-design-tool-for-freelancers-2026,,"Review for consolidation, cluster support, or lower-priority rewrite; keep indexable unless there is a separate policy reason."
C_long_tail_low_value_review,40.0,best-ai-image-generator-for-photorealism-2026,Best Ai Image Generator: AI-Powered Creation Tool 2026 | Lov,0,0,0.0,,,,,6023,34,False,True,2026-06-24T10:38:45Z,bd-best-ai-image-generator-for-photorealism-2026,,"Review for consolidation, cluster support, or lower-priority rewrite; keep indexable unless there is a separate policy reason."
C_long_tail_low_value_review,40.0,best-ai-video-tool-for-marketers-2026,Best AI Video Tool For Marketers 2026: A Practical Lovart Workflow Guide,0,0,0.0,,,,,8982,63,False,True,2026-06-24T10:38:45Z,bd-best-ai-video-tool-for-marketers-2026,,"Review for consolidation, cluster support, or lower-priority rewrite; keep indexable unless there is a separate policy reason."
C_long_tail_low_value_review,40.0,before-after-design-transformation,Before and After Design Transformation: How to Make the Improvement Visible,0,0,0.0,,,,,8996,63,False,True,2026-06-26T15:25:39Z,before-after-design-transformation,,"Review for consolidation, cluster support, or lower-priority rewrite; keep indexable unless there is a separate policy reason."
C_long_tail_low_value_review,40.0,best-ai-design-agent-for-chef,"Best AI Design Agent for Chefs: Tasting Menu Cards, Plating Diagrams & Personal Brand Visuals by Lovart",0,0,0.0,,,,,6150,52,False,True,2026-04-02T10:00:00+08:00,best-ai-design-agent-for-chef,,"Review for consolidation, cluster support, or lower-priority rewrite; keep indexable unless there is a separate policy reason."
C_long_tail_low_value_review,40.0,best-ai-design-agent-for-influencer,"Best AI Design Agent for Influencers: Media Kits, Brand Partnership Proposals & Content Calendar Design by Lovart",0,0,0.0,,,,,8630,57,False,True,2026-04-10T10:00:00+08:00,best-ai-design-agent-for-influencer,,"Review for consolidation, cluster support, or lower-priority rewrite; keep indexable unless there is a separate policy reason."
C_long_tail_low_value_review,40.0,best-ai-design-agent-for-non-designers-create-pro-visuals-without-skills,Best AI Design Agent for Non-Designers: Create Pro Visuals Without Skills,0,0,0.0,,,,,7943,68,False,True,2025-12-21T10:00:00+08:00,best-ai-design-agent-for-non-designers-create-pro-visuals-withou,,"Review for consolidation, cluster support, or lower-priority rewrite; keep indexable unless there is a separate policy reason."
C_long_tail_low_value_review,40.0,ai-background-remover-tools,AI Background Remover Tools: Choose the Right Cleanup Workflow,0,0,0.0,,,,,8978,63,False,True,2026-06-26T15:35:56Z,blog-ai-background-remover-tools-en,,"Review for consolidation, cluster support, or lower-priority rewrite; keep indexable unless there is a separate policy reason."
C_long_tail_low_value_review,40.0,ai-design-for-ecommerce-sellers,AI Design for Ecommerce Sellers: Product Visuals That Convert Without a Studio Shoot,0,0,0.0,,,,,8971,63,False,True,2026-06-26T15:35:56Z,blog-ai-design-for-ecommerce-sellers-en,,"Review for consolidation, cluster support, or lower-priority rewrite; keep indexable unless there is a separate policy reason."
C_long_tail_low_value_review,40.0,ai-photo-generator-for-ecommerce,AI Photo Generator for Ecommerce: Build Product Images Buyers Can Trust,0,0,0.0,,,,,8968,63,False,True,2026-06-26T15:35:53Z,blog-ai-photo-generator-for-ecommerce-en,,"Review for consolidation, cluster support, or lower-priority rewrite; keep indexable unless there is a separate policy reason."
C_long_tail_low_value_review,40.0,ai-picture-generator-guide,AI Picture Generator Guide: Turn a Rough Idea Into a Finished Visual,0,0,0.0,,,,,8864,63,False,True,2026-06-26T15:35:53Z,blog-ai-picture-generator-guide-en,,"Review for consolidation, cluster support, or lower-priority rewrite; keep indexable unless there is a separate policy reason."
C_long_tail_low_value_review,40.0,ai-portrait-generator-tools,AI Portrait Generator Tools: Create Portraits That Still Feel Human,0,0,0.0,,,,,8903,63,False,True,2026-06-26T15:35:53Z,blog-ai-portrait-generator-tools-en,,"Review for consolidation, cluster support, or lower-priority rewrite; keep indexable unless there is a separate policy reason."
C_long_tail_low_value_review,40.0,ai-tools-for-small-business,AI Tools for Small Business: A Practical 2026 Design Stack,0,0,0.0,,,,,8980,63,False,True,2026-06-26T15:36:00Z,blog-ai-tools-for-small-business-en,,"Review for consolidation, cluster support, or lower-priority rewrite; keep indexable unless there is a separate policy reason."
C_long_tail_low_value_review,40.0,ai-video-for-social-media-2026,AI Video For Social Media 2026: A Practical Lovart Workflow Guide,0,0,0.0,,,,,8947,63,False,True,2025-10-20T10:00:00+08:00,blog-ai-video-for-social-media-2026-en,,"Review for consolidation, cluster support, or lower-priority rewrite; keep indexable unless there is a separate policy reason."
C_long_tail_low_value_review,40.0,best-ai-design-agent-for-dentists,Best AI Design Agent For Dentists: A Practical Lovart Workflow Guide,0,0,0.0,,,,,8962,63,False,True,2025-05-29T19:06:00+08:00,blog-best-ai-design-agent-for-dentists-en,,"Review for consolidation, cluster support, or lower-priority rewrite; keep indexable unless there is a separate policy reason."
C_long_tail_low_value_review,40.0,best-ai-design-agent-for-sushi-bars,Best AI Design Agent For Sushi Bars: A Practical Lovart Workflow Guide,0,0,0.0,,,,,8972,63,False,True,2025-05-30T16:13:00+08:00,blog-best-ai-design-agent-for-sushi-bars-en,,"Review for consolidation, cluster support, or lower-priority rewrite; keep indexable unless there is a separate policy reason."
C_long_tail_low_value_review,40.0,best-ai-image-generators-2026,Best AI Image Generators 2026: How to Choose for Real Design Work,0,0,0.0,,,,,8908,63,False,True,2026-06-26T15:35:53Z,blog-best-ai-image-generators-2026-en,,"Review for consolidation, cluster support, or lower-priority rewrite; keep indexable unless there is a separate policy reason."
C_long_tail_low_value_review,40.0,best-ai-photo-editors-2026,Best AI Photo Editors 2026: What Matters After the First Edit,0,0,0.0,,,,,8910,63,False,True,2026-06-26T15:35:53Z,blog-best-ai-photo-editors-2026-en,,"Review for consolidation, cluster support, or lower-priority rewrite; keep indexable unless there is a separate policy reason."
C_long_tail_low_value_review,40.0,create-product-photos-with-ai,Create Product Photos With AI: A Seller-Friendly Workflow,0,0,0.0,,,,,8932,63,False,True,2026-06-26T15:35:53Z,blog-create-product-photos-with-ai-en,,"Review for consolidation, cluster support, or lower-priority rewrite; keep indexable unless there is a separate policy reason."
C_long_tail_low_value_review,40.0,face-swap-ai-tools-2026,Face Swap AI Tools 2026: A Practical Lovart Workflow Guide,0,0,0.0,,,,,8912,63,False,True,2026-04-19T10:00:00+08:00,blog-face-swap-ai-tools-2026-en,,"Review for consolidation, cluster support, or lower-priority rewrite; keep indexable unless there is a separate policy reason."
C_long_tail_low_value_review,40.0,free-ai-logo-generators,Free AI Logo Generators: Create Better Visuals From a Clear Brief,0,0,0.0,,,,,8932,63,False,True,2026-03-18T10:00:00+08:00,blog-free-ai-logo-generators-en,,"Review for consolidation, cluster support, or lower-priority rewrite; keep indexable unless there is a separate policy reason."
C_long_tail_low_value_review,40.0,how-to-create-ai-videos-free,How to Create AI Videos for Free: Start With a Tight Creative Brief,0,0,0.0,,,,,8908,63,False,True,2026-06-26T15:35:53Z,blog-how-to-create-ai-videos-free-en,,"Review for consolidation, cluster support, or lower-priority rewrite; keep indexable unless there is a separate policy reason."
C_long_tail_low_value_review,40.0,kling-ai,Kling AI: A Practical Lovart Workflow Guide,0,0,0.0,,,,,8837,63,False,True,2026-01-15T00:00:00.000Z,blog-kling-ai-en,,"Review for consolidation, cluster support, or lower-priority rewrite; keep indexable unless there is a separate policy reason."
C_long_tail_low_value_review,40.0,ai-design-asset-management-guide,AI Design Asset Management Guide: Keep Generated Work Findable and Reusable,0,0,0.0,,,,,8961,63,False,True,2026-06-26T09:18:00Z,bp-ai-design-asset-management-guide,,"Review for consolidation, cluster support, or lower-priority rewrite; keep indexable unless there is a separate policy reason."
C_long_tail_low_value_review,40.0,ai-design-brand-consistency-guide,AI Design Brand Consistency Guide: A Practical Lovart Workflow Guide,0,0,0.0,,,,,8962,63,False,True,2026-06-24T09:54:06Z,bp-ai-design-brand-consistency-guide,,"Review for consolidation, cluster support, or lower-priority rewrite; keep indexable unless there is a separate policy reason."
C_long_tail_low_value_review,40.0,ai-design-for-agencies-2026,AI Design for Agencies 2026: Ship More Creative Without Losing Taste,0,0,0.0,,,,,8948,63,False,True,2026-06-26T09:18:02Z,bp-ai-design-for-agencies-2026,,"Review for consolidation, cluster support, or lower-priority rewrite; keep indexable unless there is a separate policy reason."
C_long_tail_low_value_review,40.0,ai-design-for-authors-and-writers,"AI Design for Authors and Writers: Covers, Launch Graphics, and Reader Trust",0,0,0.0,,,,,8940,63,False,True,2026-06-26T09:18:02Z,bp-ai-design-for-authors-and-writers,,"Review for consolidation, cluster support, or lower-priority rewrite; keep indexable unless there is a separate policy reason."
C_long_tail_low_value_review,40.0,ai-design-for-course-creators,AI Design for Course Creators: Build Course Visuals That Make the Offer Clear,0,0,0.0,,,,,8946,63,False,True,2026-06-26T09:18:02Z,bp-ai-design-for-course-creators,,"Review for consolidation, cluster support, or lower-priority rewrite; keep indexable unless there is a separate policy reason."
C_long_tail_low_value_review,40.0,ai-design-for-fashion-brands,AI Design For Fashion Brands: A Practical Lovart Workflow Guide,0,0,0.0,,,,,8937,63,False,True,2026-06-24T10:02:54Z,bp-ai-design-for-fashion-brands,,"Review for consolidation, cluster support, or lower-priority rewrite; keep indexable unless there is a separate policy reason."
C_long_tail_low_value_review,40.0,ai-design-for-graphic-designers-2026,AI Design for Graphic Designers 2026: Use AI Without Giving Up Direction,0,0,0.0,,,,,8966,63,False,True,2026-06-26T09:18:02Z,bp-ai-design-for-graphic-designers-2026,,"Review for consolidation, cluster support, or lower-priority rewrite; keep indexable unless there is a separate policy reason."
C_long_tail_low_value_review,40.0,ai-design-for-healthcare-marketing,AI Design For Healthcare Marketing: A Practical Lovart Workflow Guide,0,0,0.0,,,,,8967,63,False,True,2026-06-24T10:02:57Z,bp-ai-design-for-healthcare-marketing,,"Review for consolidation, cluster support, or lower-priority rewrite; keep indexable unless there is a separate policy reason."
C_long_tail_low_value_review,40.0,ai-design-for-music-promotion,AI Design For Music Promotion: A Practical Lovart Workflow Guide,0,0,0.0,,,,,8942,63,False,True,2026-06-24T10:02:57Z,bp-ai-design-for-music-promotion,,"Review for consolidation, cluster support, or lower-priority rewrite; keep indexable unless there is a separate policy reason."
C_long_tail_low_value_review,40.0,ai-design-for-non-designers-guide,AI Design For Non Designers Guide: A Practical Lovart Workflow Guide,0,0,0.0,,,,,8962,63,False,True,2026-06-24T09:54:06Z,bp-ai-design-for-non-designers-guide,,"Review for consolidation, cluster support, or lower-priority rewrite; keep indexable unless there is a separate policy reason."
C_long_tail_low_value_review,40.0,ai-design-for-travel-industry,AI Design For Travel Industry: A Practical Lovart Workflow Guide,0,0,0.0,,,,,8942,63,False,True,2026-02-11T10:00:00+08:00,bp-ai-design-for-travel-industry,,"Review for consolidation, cluster support, or lower-priority rewrite; keep indexable unless there is a separate policy reason."
C_long_tail_low_value_review,40.0,ai-design-for-youtube-channel,AI Design For Youtube Channel: A Practical Lovart Workflow Guide,0,0,0.0,,,,,8942,63,False,True,2026-06-24T09:54:09Z,bp-ai-design-for-youtube-channel,,"Review for consolidation, cluster support, or lower-priority rewrite; keep indexable unless there is a separate policy reason."
C_long_tail_low_value_review,40.0,ai-design-iteration-workflow-guide,I used to throw away my first 5 design attempts. Now the first 3 are usually the best.,0,0,0.0,,,,,7430,36,,True,2026-06-26T09:18:00Z,bp-ai-design-iteration-workflow-guide,,"Review for consolidation, cluster support, or lower-priority rewrite; keep indexable unless there is a separate policy reason."
C_long_tail_low_value_review,40.0,ai-design-quality-control-checklist,AI Design Quality Control Checklist: A Practical Lovart Workflow Guide,0,0,0.0,,,,,8972,63,False,True,2026-06-24T09:54:06Z,bp-ai-design-quality-control-checklist,,"Review for consolidation, cluster support, or lower-priority rewrite; keep indexable unless there is a separate policy reason."
C_long_tail_low_value_review,40.0,ai-design-workflow-from-brief-to-final,My design brief used to be 3 paragraphs of fluff. Now it's 5 sentences and produces better work.,0,0,0.0,,,,,8613,39,,True,2026-06-24T09:54:06Z,bp-ai-design-workflow-from-brief-to-final,,"Review for consolidation, cluster support, or lower-priority rewrite; keep indexable unless there is a separate policy reason."
C_long_tail_low_value_review,40.0,ai-email-banner-prompts,AI Email Banner Prompts: A Practical Lovart Workflow Guide,0,0,0.0,,,,,8912,63,False,True,2026-06-24T09:32:21Z,bp-ai-email-banner-prompts,,"Review for consolidation, cluster support, or lower-priority rewrite; keep indexable unless there is a separate policy reason."
C_long_tail_low_value_review,40.0,ai-merchandise-mockup-prompts,I generated 25 t-shirt mockups with AI. The 8 that looked professional on Redbubble (and the 4 mistakes everyone makes).,0,0,0.0,,,,,8517,37,,True,2026-02-05T10:00:00+08:00,bp-ai-merchandise-mockup-prompts,,"Review for consolidation, cluster support, or lower-priority rewrite; keep indexable unless there is a separate policy reason."
C_long_tail_low_value_review,40.0,ai-podcast-cover-prompts,I generated 30 podcast covers with AI. The 8 that looked professional (and the 5 mistakes everyone makes).,0,0,0.0,,,,,8272,38,False,True,2026-06-26T09:17:55Z,bp-ai-podcast-cover-prompts,,"Review for consolidation, cluster support, or lower-priority rewrite; keep indexable unless there is a separate policy reason."
C_long_tail_low_value_review,40.0,ai-social-media-prompts-guide,AI Social Media Prompts Guide: A Practical Lovart Workflow Guide,0,0,0.0,,,,,8942,63,False,True,2026-06-24T09:32:18Z,bp-ai-social-media-prompts-guide,,"Review for consolidation, cluster support, or lower-priority rewrite; keep indexable unless there is a separate policy reason."
C_long_tail_low_value_review,40.0,batch-generate-variations-ai-design,Batch Generate Variations AI Design: A Practical Lovart Workflow Guide,0,0,0.0,,,,,8972,63,False,True,2026-06-24T09:54:06Z,bp-batch-generate-variations-ai-design,,"Review for consolidation, cluster support, or lower-priority rewrite; keep indexable unless there is a separate policy reason."
C_long_tail_low_value_review,40.0,best-ai-tools-for-social-media-2026,Best AI Tools For Social Media 2026: A Practical Lovart Workflow Guide,0,0,0.0,,,,,8972,63,False,True,2026-06-24T09:40:37Z,bp-best-ai-tools-for-social-media-2026,,"Review for consolidation, cluster support, or lower-priority rewrite; keep indexable unless there is a separate policy reason."
C_long_tail_low_value_review,40.0,free-ai-background-remover-guide,Free AI Background Remover Guide: A Practical Lovart Workflow Guide,0,0,0.0,,,,,8957,63,False,True,2026-06-24T09:40:32Z,bp-free-ai-background-remover-guide,,"Review for consolidation, cluster support, or lower-priority rewrite; keep indexable unless there is a separate policy reason."
C_long_tail_low_value_review,40.0,free-ai-ebook-cover-maker-guide,I built 8 ebook covers in 30 minutes. 3 were good enough to publish on Amazon. Here's the 5-step workflow.,0,0,0.0,,,,,6785,33,,True,2026-06-26T09:17:57Z,bp-free-ai-ebook-cover-maker-guide,,"Review for consolidation, cluster support, or lower-priority rewrite; keep indexable unless there is a separate policy reason."
C_long_tail_low_value_review,40.0,free-ai-image-upscaler-guide,Free AI Image Upscaler Guide: A Practical Lovart Workflow Guide,0,0,0.0,,,,,8937,63,False,True,2025-12-24T10:00:00+08:00,bp-free-ai-image-upscaler-guide,,"Review for consolidation, cluster support, or lower-priority rewrite; keep indexable unless there is a separate policy reason."
C_long_tail_low_value_review,40.0,free-ai-logo-maker-guide-2026,Free AI Logo Maker Guide 2026: Create Better Visuals From a Clear Brief,0,0,0.0,,,,,8962,63,False,True,2026-06-24T09:40:32Z,bp-free-ai-logo-maker-guide-2026,,"Review for consolidation, cluster support, or lower-priority rewrite; keep indexable unless there is a separate policy reason."
C_long_tail_low_value_review,40.0,free-ai-photo-editor-guide,Free AI Photo Editor Guide: A Practical Lovart Workflow Guide,0,0,0.0,,,,,8927,63,False,True,2026-04-10T10:00:00+08:00,bp-free-ai-photo-editor-guide,,"Review for consolidation, cluster support, or lower-priority rewrite; keep indexable unless there is a separate policy reason."
C_long_tail_low_value_review,40.0,free-ai-podcast-cover-maker-guide,Free AI Podcast Cover Maker Guide: Create Better Visuals From a Clear Brief,0,0,0.0,,,,,8982,63,False,True,2026-06-26T09:17:57Z,bp-free-ai-podcast-cover-maker-guide,,"Review for consolidation, cluster support, or lower-priority rewrite; keep indexable unless there is a separate policy reason."
C_long_tail_low_value_review,40.0,free-ai-poster-maker-guide,Free AI Poster Maker Guide: Create Better Visuals From a Clear Brief,0,0,0.0,,,,,8947,63,False,True,2026-04-14T10:00:00+08:00,bp-free-ai-poster-maker-guide,,"Review for consolidation, cluster support, or lower-priority rewrite; keep indexable unless there is a separate policy reason."
C_long_tail_low_value_review,40.0,free-ai-thumbnail-maker-guide,Free AI Thumbnail Maker Guide: Create Better Visuals From a Clear Brief,0,0,0.0,,,,,8962,63,False,True,2026-06-24T09:40:32Z,bp-free-ai-thumbnail-maker-guide,,"Review for consolidation, cluster support, or lower-priority rewrite; keep indexable unless there is a separate policy reason."
C_long_tail_low_value_review,40.0,free-ai-video-editor-guide,Free AI Video Editor Guide: A Practical Lovart Workflow Guide,0,0,0.0,,,,,8927,63,False,True,2026-06-24T09:40:35Z,bp-free-ai-video-editor-guide,,"Review for consolidation, cluster support, or lower-priority rewrite; keep indexable unless there is a separate policy reason."
C_long_tail_low_value_review,40.0,midjourney-vs-dall-e-vs-flux-vs-stable-diffusion-2026,Midjourney vs DALL-E vs FLUX vs Stable Diffusion 2026: Which Model Wins?,0,0,0.0,,,,,6614,31,False,True,2025-09-04T10:00:00+08:00,bp-midjourney-vs-dall-e-vs-flux-vs-stable-diffusion-2026,,"Review for consolidation, cluster support, or lower-priority rewrite; keep indexable unless there is a separate policy reason."
C_long_tail_low_value_review,40.0,brand-kit-bakery-artisan-lovart,How to Create a Brand Kit for an Artisan Bakery,0,0,0.0,,,,,6220,61,False,True,2026-04-02T10:00:00+08:00,brand-kit-bakery-artisan-lovart,,"Review for consolidation, cluster support, or lower-priority rewrite; keep indexable unless there is a separate policy reason."
C_long_tail_low_value_review,40.0,color-accessibility-design-guide,Color Accessibility Design Guide: Make Visuals Clear Before They Look Clever,0,0,0.0,,,,,8989,63,False,True,2026-06-26T15:25:35Z,color-accessibility-design-guide,,"Review for consolidation, cluster support, or lower-priority rewrite; keep indexable unless there is a separate policy reason."
C_long_tail_low_value_review,40.0,data-visualization-design-guide,Data Visualization Design Guide: Make the Chart Answer One Question,0,0,0.0,,,,,8964,63,False,True,2026-06-26T15:25:35Z,data-visualization-design-guide,,"Review for consolidation, cluster support, or lower-priority rewrite; keep indexable unless there is a separate policy reason."
C_long_tail_low_value_review,40.0,email-design-best-practices,Email Design Best Practices: A Practical Lovart Workflow Guide,0,0,0.0,,,,,8932,63,False,True,2025-11-13T10:00:00+08:00,email-design-best-practices,,"Review for consolidation, cluster support, or lower-priority rewrite; keep indexable unless there is a separate policy reason."
C_long_tail_low_value_review,40.0,fall-collection-visual-strategy-2027,Fall Collection Visual Strategy 2027: A Practical Lovart Workflow Guide,0,0,0.0,,,,,8977,63,False,True,2026-04-14T10:00:00+08:00,fall-collection-visual-strategy-2027,,"Review for consolidation, cluster support, or lower-priority rewrite; keep indexable unless there is a separate policy reason."
C_long_tail_low_value_review,40.0,how-to-chat-generate-table-tents-lovart,How To Chat Generate Table Tents Lovart: A Practical Lovart Workflow Guide,0,0,0.0,,,,,8992,63,False,True,2025-12-04T10:00:00+08:00,how-to-chat-generate-table-tents-lovart,,"Review for consolidation, cluster support, or lower-priority rewrite; keep indexable unless there is a separate policy reason."
C_long_tail_low_value_review,40.0,how-to-make-collages-moodboards-ai,How To Make Collages Moodboards AI: A Practical Lovart Workflow Guide,0,0,0.0,,,,,8967,63,False,True,2025-11-25T10:00:00+08:00,how-to-make-collages-moodboards-ai,,"Review for consolidation, cluster support, or lower-priority rewrite; keep indexable unless there is a separate policy reason."
C_long_tail_low_value_review,40.0,mood-board-ai-design,Mood Board AI Design: A Practical Lovart Workflow Guide,0,0,0.0,,,,,8897,63,False,True,2026-02-06T10:00:00+08:00,mood-board-ai-design,,"Review for consolidation, cluster support, or lower-priority rewrite; keep indexable unless there is a separate policy reason."
C_long_tail_low_value_review,40.0,shutterstock-ai-vs-lovart,"Shutterstock AI Review 2026: Pricing, Licensing & Lovart Alternative",0,0,0.0,,,,,8191,54,False,True,2026-02-07T10:00:00+08:00,shutterstock-ai-vs-lovart,,"Review for consolidation, cluster support, or lower-priority rewrite; keep indexable unless there is a separate policy reason."
C_long_tail_low_value_review,40.0,step-by-step-ui-layout-without-photoshop,Step By Step UI Layout Without Photoshop: A Practical Lovart Workflow Guide,0,0,0.0,,,,,8997,63,False,True,2026-05-10T10:00:00+08:00,step-by-step-ui-layout-without-photoshop,,"Review for consolidation, cluster support, or lower-priority rewrite; keep indexable unless there is a separate policy reason."
C_long_tail_low_value_review,40.0,year-in-review-design-templates,Year-in-Review Design Templates: Turn Your 2026 Data Into Stunning Visual Stories,0,0,0.0,,,,,6850,66,False,True,2025-11-13T10:00:00+08:00,year-in-review-design-templates,,"Review for consolidation, cluster support, or lower-priority rewrite; keep indexable unless there is a separate policy reason."
B_indexed_or_visible_refresh,10.16,lovart-vs-looka-2026,Lovart vs Looka 2026: Compare the Workflow Before You Choose,1,2,50.0,3.0,,,,9991,69,False,True,2026-06-24T09:47:36Z,bd-lovart-vs-looka-2026,https://www.lovart.ai/blog/lovart-vs-looka-2026,Refresh if query intent is relevant; preserve URL; improve sections tied to visible queries.
B_indexed_or_visible_refresh,3.76,02-wiki-chatcanvas-guide,ChatCanvas Complete Operation Guide: Master Conversational AI Design,0,47,0.0,2.62,chatcanvas,9.67,chatcanvas (0c/3i/pos 9.7),48988,279,False,True,2026-05-11T10:00:00+08:00,02-wiki-chatcanvas-guide,https://www.lovart.ai/blog/02-wiki-chatcanvas-guide,Refresh if query intent is relevant; preserve URL; improve sections tied to visible queries.
B_indexed_or_visible_refresh,3.52,ai-design-enterprise-teams,"AI Design for Enterprise: When 12,000 Employees Need Brand-Compliant Creative",0,44,0.0,3.43,,,,17048,71,False,True,2026-05-06T10:00:00+08:00,ai-design-enterprise-teams,https://www.lovart.ai/blog/ai-design-enterprise-teams,Refresh if query intent is relevant; preserve URL; improve sections tied to visible queries.
B_indexed_or_visible_refresh,2.88,best-ai-design-agent-for-digital-agency-owners,Best AI Design Agent For Digital Agency Owners: A Practical Lovart Workflow Guide,0,36,0.0,62.67,ai design agents,73.84,ai design agents (0c/19i/pos 73.8) | design agent (0c/9i/pos 87.9) | ai design agent (0c/4i/pos 69.5) | professional ai design agent for creative agencies (0c/2i/pos 32.5),9027,63,False,True,2026-04-08T10:00:00+08:00,blog-best-ai-design-agent-for-digital-agency-owners-en,https://www.lovart.ai/blog/best-ai-design-agent-for-digital-agency-owners,Refresh if query intent is relevant; preserve URL; improve sections tied to visible queries.
B_indexed_or_visible_refresh,1.6,ai-design-for-social-media-managers-daily-workflow,AI Design for Social Media Managers — A Complete Daily Workflow,0,20,0.0,3.3,"site:lovart.ai ""multiple accounts"" lovart",1.25,"site:lovart.ai ""multiple accounts"" lovart (0c/4i/pos 1.2)",11480,76,False,True,2025-12-17T10:00:00+08:00,ai-design-for-social-media-managers-daily-workflow,https://www.lovart.ai/blog/ai-design-for-social-media-managers-daily-workflow,Refresh if query intent is relevant; preserve URL; improve sections tied to visible queries.
B_indexed_or_visible_refresh,1.28,how-to-create-referral-cards-without-photoshop,How To Create Referral Cards Without Photoshop: A Practical Lovart Workflow Guide,0,16,0.0,2.75,,,,9027,63,False,True,2026-01-07T10:00:00+08:00,blog-how-to-create-referral-cards-without-photoshop-en,https://www.lovart.ai/blog/how-to-create-referral-cards-without-photoshop,Refresh if query intent is relevant; preserve URL; improve sections tied to visible queries.
B_indexed_or_visible_refresh,0.64,brand-kit-tattoo-studio-lovart,Brand Kit for Tattoo Studio Lovart: Build a Visual System With AI,0,8,0.0,3.25,,,,9093,63,False,True,2026-01-15T10:00:00+08:00,brand-kit-tattoo-studio-lovart,https://www.lovart.ai/blog/brand-kit-tattoo-studio-lovart,Refresh if query intent is relevant; preserve URL; improve sections tied to visible queries.
B_indexed_or_visible_refresh,0.56,content-health-score-framework-ai-design-blogs,Content Health Score Framework AI Design Blogs: A Practical Lovart Workflow Guide,0,7,0.0,3.57,,,,9027,63,False,True,2025-10-25T10:00:00+08:00,content-health-score-framework-ai-design-blogs,https://www.lovart.ai/blog/content-health-score-framework-ai-design-blogs,Refresh if query intent is relevant; preserve URL; improve sections tied to visible queries.
B_indexed_or_visible_refresh,0.48,healthcare-marketing-design-hipaa-aware-visuals-2027,Healthcare Marketing Design: Creating HIPAA-Aware Visuals That Build Patient Trust,0,6,0.0,3.67,,,,10266,65,False,True,2025-12-09T10:00:00+08:00,healthcare-marketing-design-hipaa-aware-visuals-2027,https://www.lovart.ai/blog/healthcare-marketing-design-hipaa-aware-visuals-2027,Refresh if query intent is relevant; preserve URL; improve sections tied to visible queries.
B_indexed_or_visible_refresh,0.24,brand-kit-dtc-brand-lovart,Brand Kit for DTC Brands: Complete Visual Identity Guide with Lovart's AI Design Agent,0,3,0.0,3.67,,,,12023,44,False,True,2025-12-29T10:00:00+08:00,brand-kit-dtc-brand-lovart,https://www.lovart.ai/blog/brand-kit-dtc-brand-lovart,Refresh if query intent is relevant; preserve URL; improve sections tied to visible queries.
B_indexed_or_visible_refresh,0.16,02-industry-online-course-visual-identity,Online Course Visual Identity: From Logo to Thumbnails — Building a Cohesive Look That Sells,0,2,0.0,3.0,,,,9583,76,False,True,2025-09-27T10:00:00+08:00,02-industry-online-course-visual-identity,https://www.lovart.ai/blog/02-industry-online-course-visual-identity,Refresh if query intent is relevant; preserve URL; improve sections tied to visible queries.
B_indexed_or_visible_refresh,0.08,lovart-vs-midjourney-2026,Lovart vs Midjourney 2026: Compare the Workflow Before You Choose,0,1,0.0,1.0,,,,10026,69,False,True,2026-06-24T09:47:36Z,bd-lovart-vs-midjourney-2026,https://www.lovart.ai/blog/lovart-vs-midjourney-2026,Refresh if query intent is relevant; preserve URL; improve sections tied to visible queries.
B_indexed_or_visible_refresh,0.08,midjourney-vs-dall-e-vs-flux-2026,Midjourney vs Dall E vs Flux 2026: Compare the Workflow Before You Choose,0,1,0.0,1.0,,,,10082,69,False,True,2026-06-24T09:40:37Z,bp-midjourney-vs-dall-e-vs-flux-2026,https://www.lovart.ai/blog/midjourney-vs-dall-e-vs-flux-2026,Refresh if query intent is relevant; preserve URL; improve sections tied to visible queries.
C_long_tail_low_value_review,0.0,ai-avatar-tools-compared,AI Avatar Makers Compared: Lensa vs Picsart vs Lovart — Best Digital Identity Creator,0,0,0.0,,,,,10773,65,False,True,2025-09-03T10:00:00+08:00,ai-avatar-tools-compared,,"Review for consolidation, cluster support, or lower-priority rewrite; keep indexable unless there is a separate policy reason."
C_long_tail_low_value_review,0.0,ai-design-for-photographers-2026,"AI Design for Photographers — Pricing Guides, Portfolios & Client Workflows",0,0,0.0,,,,,12790,65,False,True,2026-02-03T10:00:00+08:00,ai-design-for-photographers-2026,,"Review for consolidation, cluster support, or lower-priority rewrite; keep indexable unless there is a separate policy reason."
C_long_tail_low_value_review,0.0,ai-design-vs-diy-canva-time-comparison,AI Design vs Diy Canva Time Comparison: Compare the Workflow Before You Choose,0,0,0.0,,,,,10117,69,False,True,2025-10-01T10:00:00+08:00,ai-design-vs-diy-canva-time-comparison,,"Review for consolidation, cluster support, or lower-priority rewrite; keep indexable unless there is a separate policy reason."
C_long_tail_low_value_review,0.0,ai-face-swap-tools-compared,AI Face Swap Tools Compared: Reface vs DeepSwap vs Lovart,0,0,0.0,,,,,11593,71,False,True,2026-05-12T10:00:00+08:00,ai-face-swap-tools-compared,,"Review for consolidation, cluster support, or lower-priority rewrite; keep indexable unless there is a separate policy reason."
C_long_tail_low_value_review,0.0,figma-alternatives-2026,Figma raised prices 3x. I tested 9 Alternative: When to Use a Design Agent Instead,0,0,0.0,,,,,10246,69,False,True,2026-06-24T09:47:41Z,bd-figma-alternatives-2026,,"Review for consolidation, cluster support, or lower-priority rewrite; keep indexable unless there is a separate policy reason."
C_long_tail_low_value_review,0.0,lovart-vs-adobe-express-2026,Lovart vs Adobe Express 2026: Compare the Workflow Before You Choose,0,0,0.0,,,,,10047,69,False,True,2026-06-24T09:47:38Z,bd-lovart-vs-adobe-express-2026,,"Review for consolidation, cluster support, or lower-priority rewrite; keep indexable unless there is a separate policy reason."
C_long_tail_low_value_review,0.0,lovart-vs-descript-2026,Lovart vs Descript 2026: Compare the Workflow Before You Choose,0,0,0.0,,,,,10012,69,False,True,2026-06-24T09:47:38Z,bd-lovart-vs-descript-2026,,"Review for consolidation, cluster support, or lower-priority rewrite; keep indexable unless there is a separate policy reason."
C_long_tail_low_value_review,0.0,lovart-vs-figma-2026,Lovart vs Figma 2026: Compare the Workflow Before You Choose,0,0,0.0,,,,,9991,69,False,True,2026-06-24T09:47:36Z,bd-lovart-vs-figma-2026,,"Review for consolidation, cluster support, or lower-priority rewrite; keep indexable unless there is a separate policy reason."
C_long_tail_low_value_review,0.0,lovart-vs-figma-for-marketing-2026,Lovart vs Figma For Marketing 2026: Compare the Workflow Before You Choose,0,0,0.0,,,,,10089,69,False,True,2026-06-24T09:47:38Z,bd-lovart-vs-figma-for-marketing-2026,,"Review for consolidation, cluster support, or lower-priority rewrite; keep indexable unless there is a separate policy reason."
C_long_tail_low_value_review,0.0,lovart-vs-ideogram-2026,Lovart vs Ideogram 2026: Compare the Workflow Before You Choose,0,0,0.0,,,,,10012,69,False,True,2026-06-24T09:47:38Z,bd-lovart-vs-ideogram-2026,,"Review for consolidation, cluster support, or lower-priority rewrite; keep indexable unless there is a separate policy reason."
C_long_tail_low_value_review,0.0,lovart-vs-picsart-2026,Lovart vs Picsart 2026: Compare the Workflow Before You Choose,0,0,0.0,,,,,10005,69,False,True,2026-06-24T09:47:36Z,bd-lovart-vs-picsart-2026,,"Review for consolidation, cluster support, or lower-priority rewrite; keep indexable unless there is a separate policy reason."
C_long_tail_low_value_review,0.0,best-ai-design-agent-for-bootstrappers-maximize-creative-output-on-a-budget,Best AI Design Agent For Bootstrappers Maximize Creative Output On A Budget: A Practical Lovart Workflow Guide,0,0,0.0,,,,,9172,63,False,True,2026-03-23T10:00:00+08:00,best-ai-design-agent-for-bootstrappers-maximize-creative-output-,,"Review for consolidation, cluster support, or lower-priority rewrite; keep indexable unless there is a separate policy reason."
C_long_tail_low_value_review,0.0,best-ai-design-agent-for-private-practitioner,Best AI Design Agent For Private Practitioner: A Practical Lovart Workflow Guide,0,0,0.0,,,,,9022,63,False,True,2025-11-18T10:00:00+08:00,best-ai-design-agent-for-private-practitioner,,"Review for consolidation, cluster support, or lower-priority rewrite; keep indexable unless there is a separate policy reason."
C_long_tail_low_value_review,0.0,best-ai-design-agent-for-skin-clinic-owner,Best AI Design Agent For Skin Clinic Owner: A Practical Lovart Workflow Guide,0,0,0.0,,,,,9007,63,False,True,2026-03-28T10:00:00+08:00,best-ai-design-agent-for-skin-clinic-owner,,"Review for consolidation, cluster support, or lower-priority rewrite; keep indexable unless there is a separate policy reason."
C_long_tail_low_value_review,0.0,ai-image-editor-vs-photoshop,AI Image Editor vs Photoshop: Which Workflow Fits Your 2026 Creative Work?,0,0,0.0,,,,,10011,69,False,True,2026-06-26T15:35:53Z,blog-ai-image-editor-vs-photoshop-en,,"Review for consolidation, cluster support, or lower-priority rewrite; keep indexable unless there is a separate policy reason."
C_long_tail_low_value_review,0.0,best-ai-design-agent-for-nail-studio-owners,Best AI Design Agent For Nail Studio Owners: A Practical Lovart Workflow Guide,0,0,0.0,,,,,9012,63,False,True,2025-11-02T10:00:00+08:00,blog-best-ai-design-agent-for-nail-studio-owners-en,,"Review for consolidation, cluster support, or lower-priority rewrite; keep indexable unless there is a separate policy reason."
C_long_tail_low_value_review,0.0,best-ai-design-agent-for-pilates-studio-owners,Best AI Design Agent For Pilates Studio Owners: A Practical Lovart Workflow Guide,0,0,0.0,,,,,9027,63,False,True,2025-12-29T10:00:00+08:00,blog-best-ai-design-agent-for-pilates-studio-owners-en,,"Review for consolidation, cluster support, or lower-priority rewrite; keep indexable unless there is a separate policy reason."
C_long_tail_low_value_review,0.0,best-ai-design-agent-for-yoga-studio-owners,Best AI Design Agent For Yoga Studio Owners: A Practical Lovart Workflow Guide,0,0,0.0,,,,,9012,63,False,True,2026-03-30T10:00:00+08:00,blog-best-ai-design-agent-for-yoga-studio-owners-en,,"Review for consolidation, cluster support, or lower-priority rewrite; keep indexable unless there is a separate policy reason."
C_long_tail_low_value_review,0.0,brand-kit-for-art-galleries,Brand Kit for Art Galleries: Build a Visual System With AI,0,0,0.0,,,,,9051,63,False,True,2025-04-11T14:02:00+08:00,blog-brand-kit-for-art-galleries-en,,"Review for consolidation, cluster support, or lower-priority rewrite; keep indexable unless there is a separate policy reason."
C_long_tail_low_value_review,0.0,brand-kit-for-boutique-hotels,Brand Kit for Boutique Hotels: Build a Visual System With AI,0,0,0.0,,,,,9063,63,False,True,2025-05-23T08:03:00+08:00,blog-brand-kit-for-boutique-hotels-en,,"Review for consolidation, cluster support, or lower-priority rewrite; keep indexable unless there is a separate policy reason."
C_long_tail_low_value_review,0.0,brand-kit-for-boutique-owners,Brand Kit for Boutique Owners: Build a Visual System With AI,0,0,0.0,,,,,9063,63,False,True,2026-02-21T10:00:00+08:00,blog-brand-kit-for-boutique-owners-en,,"Review for consolidation, cluster support, or lower-priority rewrite; keep indexable unless there is a separate policy reason."
C_long_tail_low_value_review,0.0,brand-kit-for-catering-businesses,Brand Kit for Catering Businesses: Build a Visual System With AI,0,0,0.0,,,,,9087,63,False,True,2025-05-03T21:11:00+08:00,blog-brand-kit-for-catering-businesses-en,,"Review for consolidation, cluster support, or lower-priority rewrite; keep indexable unless there is a separate policy reason."
C_long_tail_low_value_review,0.0,brand-kit-for-coffee-shop-owner,Brand Kit for Coffee Shop Owner: Build a Visual System With AI,0,0,0.0,,,,,9075,63,False,True,2026-01-15T00:00:00.000Z,blog-brand-kit-for-coffee-shop-owner-en,,"Review for consolidation, cluster support, or lower-priority rewrite; keep indexable unless there is a separate policy reason."
C_long_tail_low_value_review,0.0,brand-kit-for-dentists,Brand Kit for Dentists: Build a Visual System With AI,0,0,0.0,,,,,9021,63,False,True,2025-04-24T19:07:00+08:00,blog-brand-kit-for-dentists-en,,"Review for consolidation, cluster support, or lower-priority rewrite; keep indexable unless there is a separate policy reason."
C_long_tail_low_value_review,0.0,brand-kit-for-event-planners,Brand Kit for Event Planners: Build a Visual System With AI,0,0,0.0,,,,,9057,63,False,True,2025-04-16T16:14:00+08:00,blog-brand-kit-for-event-planners-en,,"Review for consolidation, cluster support, or lower-priority rewrite; keep indexable unless there is a separate policy reason."
C_long_tail_low_value_review,0.0,brand-kit-for-financial-advisors,Brand Kit for Financial Advisors: Build a Visual System With AI,0,0,0.0,,,,,9081,63,False,True,2025-09-04T10:00:00+08:00,blog-brand-kit-for-financial-advisors-en,,"Review for consolidation, cluster support, or lower-priority rewrite; keep indexable unless there is a separate policy reason."
C_long_tail_low_value_review,0.0,brand-kit-for-florists,Brand Kit for Florists: Build a Visual System With AI,0,0,0.0,,,,,9021,63,False,True,2026-01-15T00:00:00.000Z,blog-brand-kit-for-florists-en,,"Review for consolidation, cluster support, or lower-priority rewrite; keep indexable unless there is a separate policy reason."
C_long_tail_low_value_review,0.0,brand-kit-for-interior-designers,Brand Kit for Interior Designers: Build a Visual System With AI,0,0,0.0,,,,,9081,63,False,True,2025-04-27T12:10:00+08:00,blog-brand-kit-for-interior-designers-en,,"Review for consolidation, cluster support, or lower-priority rewrite; keep indexable unless there is a separate policy reason."
C_long_tail_low_value_review,0.0,brand-kit-for-real-estate-agents,Brand Kit for Real Estate Agents: Build a Visual System With AI,0,0,0.0,,,,,9081,63,False,True,2026-01-25T10:00:00+08:00,blog-brand-kit-for-real-estate-agents-en,,"Review for consolidation, cluster support, or lower-priority rewrite; keep indexable unless there is a separate policy reason."
C_long_tail_low_value_review,0.0,brand-kit-for-sushi-bars,Brand Kit for Sushi Bars: Build a Visual System With AI,0,0,0.0,,,,,9033,63,False,True,2025-04-16T21:01:00+08:00,blog-brand-kit-for-sushi-bars-en,,"Review for consolidation, cluster support, or lower-priority rewrite; keep indexable unless there is a separate policy reason."
C_long_tail_low_value_review,0.0,brand-kit-for-yoga-studio-owners,Brand Kit for Yoga Studio Owners: Build a Visual System With AI,0,0,0.0,,brand designer for yoga teacher,49.0,brand designer for yoga teacher (0c/1i/pos 49.0),9081,63,False,True,2026-02-03T10:00:00+08:00,blog-brand-kit-for-yoga-studio-owners-en,,"Review for consolidation, cluster support, or lower-priority rewrite; keep indexable unless there is a separate policy reason."
C_long_tail_low_value_review,0.0,ai-branding-101,AI Branding 101: How AI Is Transforming Brand Identity Design,0,0,0.0,,,,,18399,85,False,True,2025-12-13T10:00:00+08:00,blog-branding-en,,"Review for consolidation, cluster support, or lower-priority rewrite; keep indexable unless there is a separate policy reason."
C_long_tail_low_value_review,0.0,how-to-create-appointment-cards-without-photoshop,How To Create Appointment Cards Without Photoshop: A Practical Lovart Workflow Guide,0,0,0.0,,,,,9042,63,False,True,2026-01-15T00:00:00.000Z,blog-how-to-create-appointment-cards-without-photoshop-en,,"Review for consolidation, cluster support, or lower-priority rewrite; keep indexable unless there is a separate policy reason."
C_long_tail_low_value_review,0.0,how-to-create-before-after-photoes-without-photoeshop,How To Create Before After Photoes Without Photoeshop: A Practical Lovart Workflow Guide,0,0,0.0,,,,,9062,63,False,True,2025-09-21T10:00:00+08:00,blog-how-to-create-before-after-photoes-without-photoeshop-en,,"Review for consolidation, cluster support, or lower-priority rewrite; keep indexable unless there is a separate policy reason."
C_long_tail_low_value_review,0.0,how-to-create-consulting-propoesals-without-photoeshop,How To Create Consulting Propoesals Without Photoeshop: A Practical Lovart Workflow Guide,0,0,0.0,,,,,9067,63,False,True,2025-11-11T10:00:00+08:00,blog-how-to-create-consulting-propoesals-without-photoeshop-en,,"Review for consolidation, cluster support, or lower-priority rewrite; keep indexable unless there is a separate policy reason."
C_long_tail_low_value_review,0.0,how-to-create-loyalty-punch-cards-without-photoeshop,How To Create Loyalty Punch Cards Without Photoeshop: A Practical Lovart Workflow Guide,0,0,0.0,,,,,9057,63,False,True,2026-01-15T00:00:00.000Z,blog-how-to-create-loyalty-punch-cards-without-photoeshop-en,,"Review for consolidation, cluster support, or lower-priority rewrite; keep indexable unless there is a separate policy reason."
C_long_tail_low_value_review,0.0,how-to-create-podcast-episode-artworks-without-photoeshop,How To Create Podcast Episode Artworks Without Photoeshop: A Practical Lovart Workflow Guide,0,0,0.0,,,,,9082,63,False,True,2026-04-14T10:00:00+08:00,blog-how-to-create-podcast-episode-artworks-without-photoeshop-en,,"Review for consolidation, cluster support, or lower-priority rewrite; keep indexable unless there is a separate policy reason."
C_long_tail_low_value_review,0.0,how-to-create-sale-banners-without-photoshop,How To Create Sale Banners Without Photoshop: A Practical Lovart Workflow Guide,0,0,0.0,,,,,9017,63,False,True,2026-01-15T00:00:00.000Z,blog-how-to-create-sale-banners-without-photoshop-en,,"Review for consolidation, cluster support, or lower-priority rewrite; keep indexable unless there is a separate policy reason."
C_long_tail_low_value_review,0.0,how-to-create-seasonal-collection-catalogs-without-photoeshop,How To Create Seasonal Collection Catalogs Without Photoeshop: A Practical Lovart Workflow Guide,0,0,0.0,,,,,9102,63,False,True,2026-03-23T10:00:00+08:00,blog-how-to-create-seasonal-collection-catalogs-without-photoeshop-en,,"Review for consolidation, cluster support, or lower-priority rewrite; keep indexable unless there is a separate policy reason."
C_long_tail_low_value_review,0.0,lovart-vs-midjourney-comparison,Lovart vs Midjourney: Image Generation vs Design Agent Workflow,0,0,0.0,,,,,9987,69,False,True,2026-06-26T15:35:56Z,blog-lovart-vs-midjourney-comparison-en,,"Review for consolidation, cluster support, or lower-priority rewrite; keep indexable unless there is a separate policy reason."
C_long_tail_low_value_review,0.0,lovart-vs-openart,Lovart vs Openart: Compare the Workflow Before You Choose,0,0,0.0,,,,,9970,69,False,True,2025-11-02T10:00:00+08:00,blog-lovart-vs-openart-en,,"Review for consolidation, cluster support, or lower-priority rewrite; keep indexable unless there is a separate policy reason."
C_long_tail_low_value_review,0.0,step-by-step-social-media-banner-without-photoshop,Step By Step Social Media Banner Without Photoshop: A Practical Lovart Workflow Guide,0,0,0.0,,,,,9047,63,False,True,2025-12-30T10:00:00+08:00,blog-step-by-step-social-media-banner-without-photoshop-en,,"Review for consolidation, cluster support, or lower-priority rewrite; keep indexable unless there is a separate policy reason."
C_long_tail_low_value_review,0.0,adobe-firefly-vs-midjourney-2026,Adobe Firefly vs Midjourney 2026: Compare the Workflow Before You Choose,0,0,0.0,,,,,10075,69,False,True,2026-06-24T09:40:37Z,bp-adobe-firefly-vs-midjourney-2026,,"Review for consolidation, cluster support, or lower-priority rewrite; keep indexable unless there is a separate policy reason."
C_long_tail_low_value_review,0.0,ai-design-for-coaches-and-consultants,AI Design for Coaches and Consultants: Make Expertise Look Trustworthy,0,0,0.0,,,,,9008,63,False,True,2026-06-26T09:18:02Z,bp-ai-design-for-coaches-and-consultants,,"Review for consolidation, cluster support, or lower-priority rewrite; keep indexable unless there is a separate policy reason."
C_long_tail_low_value_review,0.0,ai-youtube-thumbnail-prompts,I wrote 50 AI prompts for YouTube thumbnails. Here are the 12 that hit 10%+ CTR.,0,0,0.0,,,,,9328,41,,True,2026-06-26T09:17:55Z,bp-ai-youtube-thumbnail-prompts,,"Review for consolidation, cluster support, or lower-priority rewrite; keep indexable unless there is a separate policy reason."
C_long_tail_low_value_review,0.0,brand-kit-multi-brand-management-ai,Brand Kit Multi-Brand Management — Handle 10+ Brands Without Losing Consistency,0,0,0.0,,,,,12296,95,False,True,2026-02-02T10:00:00+08:00,brand-kit-multi-brand-management-ai,,"Review for consolidation, cluster support, or lower-priority rewrite; keep indexable unless there is a separate policy reason."
C_long_tail_low_value_review,0.0,case-study-app-developer-ai-wallpaper-backgrounds,Case Study App Developer AI Wallpaper Backgrounds: A Practical Lovart Workflow Guide,0,0,0.0,,,,,9042,63,False,True,2026-02-10T10:00:00+08:00,case-study-app-developer-ai-wallpaper-backgrounds,,"Review for consolidation, cluster support, or lower-priority rewrite; keep indexable unless there is a separate policy reason."
C_long_tail_low_value_review,0.0,case-study-ecommerce-upscaled-product-images-ai,How Shopify Seller Dev Patel Upscaled 600 Product Images in One Afternoon — And Doubled His Conversion Rate,0,0,0.0,,,,,12965,89,False,True,2025-10-12T10:00:00+08:00,case-study-ecommerce-upscaled-product-images-ai,,"Review for consolidation, cluster support, or lower-priority rewrite; keep indexable unless there is a separate policy reason."
C_long_tail_low_value_review,0.0,case-study-novelist-consistent-character-ai,How Novelist Amara Obi Created 14 Consistent Characters Across a 300-Page Trilogy — Without Sketching Once,0,0,0.0,,,,,16505,94,False,True,2026-01-14T10:00:00+08:00,case-study-novelist-consistent-character-ai,,"Review for consolidation, cluster support, or lower-priority rewrite; keep indexable unless there is a separate policy reason."
C_long_tail_low_value_review,0.0,case-study-real-estate-ai-interior-staging,How Real Estate Agent Daniel Almeida Staged 34 Vacant Listings in 2 Days — And Sold Every One Above Asking,0,0,0.0,,,,,17158,94,False,True,2025-12-01T10:00:00+08:00,case-study-real-estate-ai-interior-staging,,"Review for consolidation, cluster support, or lower-priority rewrite; keep indexable unless there is a separate policy reason."
C_long_tail_low_value_review,0.0,case-study-video-producer-ai-model-selection,How Video Producer Ravi Krishnan Tested 7 AI Models in One Afternoon — And Found the One That Cut His Render Time by 94%,0,0,0.0,,,,,17388,99,False,True,2026-03-20T10:00:00+08:00,case-study-video-producer-ai-model-selection,,"Review for consolidation, cluster support, or lower-priority rewrite; keep indexable unless there is a separate policy reason."
C_long_tail_low_value_review,0.0,complete-guide-ai-collage-moodboard-creation,The 2026 Complete Guide to AI Collage & Moodboard Creation,0,0,0.0,,,,,77383,406,False,True,2025-12-12T10:00:00+08:00,complete-guide-ai-collage-moodboard-creation,,"Review for consolidation, cluster support, or lower-priority rewrite; keep indexable unless there is a separate policy reason."
C_long_tail_low_value_review,0.0,complete-guide-ai-video-model-selection-2026,The 2026 Complete Guide to AI Video Model Selection,0,0,0.0,,,,,43842,278,False,True,2026-05-12T10:00:00+08:00,complete-guide-ai-video-model-selection-2026,,"Review for consolidation, cluster support, or lower-priority rewrite; keep indexable unless there is a separate policy reason."
C_long_tail_low_value_review,0.0,https-www-lovart-ai-zh-blog-human-ai-cocreation-lovart-canvas-solopreneur-design,Ai Cocreation Lovart Canvas Solopreneur Design,0,0,0.0,,,,,13110,60,False,True,2026-04-02T10:00:00+08:00,https-www-lovart-ai-zh-blog-human-ai-cocreation-lovart-canvas-so,,"Review for consolidation, cluster support, or lower-priority rewrite; keep indexable unless there is a separate policy reason."
C_long_tail_low_value_review,0.0,hunyuan-video-review,Hunyuan Video Review: Tencent's Free AI Video Generator Put to the Test,0,0,0.0,,,,,10465,106,False,True,2025-10-20T10:00:00+08:00,hunyuan-video-review,,"Review for consolidation, cluster support, or lower-priority rewrite; keep indexable unless there is a separate policy reason."
C_long_tail_low_value_review,0.0,in-situ-marketing-product-in-use-ai-photos,In Situ Marketing Product In Use AI Photos: A Practical Lovart Workflow Guide,0,0,0.0,,,,,9007,63,False,True,2026-05-16T10:00:00+08:00,in-situ-marketing-product-in-use-ai-photos,,"Review for consolidation, cluster support, or lower-priority rewrite; keep indexable unless there is a separate policy reason."
C_long_tail_low_value_review,0.0,mcot-vs-prompt-engineering-experiment,MCoT vs Prompt Engineering — We Ran 100 Tests to See Which AI Design Approach Wins,0,0,0.0,,,,,16562,116,False,True,2025-09-14T10:00:00+08:00,mcot-vs-prompt-engineering-experiment,,"Review for consolidation, cluster support, or lower-priority rewrite; keep indexable unless there is a separate policy reason."
C_long_tail_low_value_review,0.0,packaging-design-ai-guide,I shipped 47 packaging designs in one quarter. Here's the AI workflow.,0,0,0.0,,,,,15698,121,,True,2026-01-29T10:00:00+08:00,packaging-design-ai-guide,,"Review for consolidation, cluster support, or lower-priority rewrite; keep indexable unless there is a separate policy reason."
C_long_tail_low_value_review,0.0,real-estate-rescue-remove-objects-listing-photos-ai,Real Estate Rescue Remove Objects Listing Photos AI: A Practical Lovart Workflow Guide,0,0,0.0,,,,,9052,63,False,True,2025-09-08T10:00:00+08:00,real-estate-rescue-remove-objects-listing-photos-ai,,"Review for consolidation, cluster support, or lower-priority rewrite; keep indexable unless there is a separate policy reason."
C_long_tail_low_value_review,0.0,rise-of-generalist-creator-ai-design,The Rise of the Generalist Creator — Why You No Longer Need a Specialist for Every Graphic,0,0,0.0,,,,,9585,51,False,True,2025-10-10T10:00:00+08:00,rise-of-generalist-creator-ai-design,,"Review for consolidation, cluster support, or lower-priority rewrite; keep indexable unless there is a separate policy reason."
C_long_tail_low_value_review,0.0,russia-ctr-vs-france-multilingual-seo-lessons,Russia CTR vs France — Multilingual SEO Lessons from Lovart's Global Data,0,0,0.0,,,,,12454,107,False,True,2025-09-24T10:00:00+08:00,russia-ctr-vs-france-multilingual-seo-lessons,,"Review for consolidation, cluster support, or lower-priority rewrite; keep indexable unless there is a separate policy reason."
C_long_tail_low_value_review,0.0,the-subtractive-method-when-to-erase-vs-replace,The Subtractive Method When To Erase vs Replace: Compare the Workflow Before You Choose,0,0,0.0,,,,,10180,69,False,True,2026-03-24T10:00:00+08:00,the-subtractive-method-when-to-erase-vs-replace,,"Review for consolidation, cluster support, or lower-priority rewrite; keep indexable unless there is a separate policy reason."
C_long_tail_low_value_review,0.0,white-space-negative-space-design-guide,I gave a $4M brand white space anxiety. Here's how I fixed it.,0,0,0.0,,,,,12104,95,,True,2026-06-26T15:25:16Z,white-space-negative-space-design-guide,,"Review for consolidation, cluster support, or lower-priority rewrite; keep indexable unless there is a separate policy reason."
