key,source_dir,category,language,slug,schemaVersion,storylineTemplate,seo_noindex,local_duplicate_key,title,url_path,path,parse_error
feature:en:ai-video-agent,Features,feature,en,ai-video-agent,composite-v2,,true,false,AI Video Agent | Lovart,/features/ai-video-agent,Features/en/ai-video-agent-en.json,
feature:en:ai-video-agent-for-ads,Features,feature,en,ai-video-agent-for-ads,composite-v2,,false,false,AI Video Agent for Ads | Lovart,/features/ai-video-agent-for-ads,Features/en/ai-video-agent-for-ads-en.json,
feature:en:ai-video-agent-for-ecommerce,Features,feature,en,ai-video-agent-for-ecommerce,composite-v2,,true,false,AI Video Agent for Ecommerce | Lovart,/features/ai-video-agent-for-ecommerce,Features/en/ai-video-agent-for-ecommerce-en.json,
feature:en:ai-video-agent-for-instagram-reels,Features,feature,en,ai-video-agent-for-instagram-reels,composite-v2,,false,false,AI Video Agent for Instagram Reels | Lovart,/features/ai-video-agent-for-instagram-reels,Features/en/ai-video-agent-for-instagram-reels-en.json,
feature:en:ai-video-agent-for-marketing,Features,feature,en,ai-video-agent-for-marketing,composite-v2,,true,false,AI Video Agent for Marketing | Lovart,/features/ai-video-agent-for-marketing,Features/en/ai-video-agent-for-marketing-en.json,
feature:en:ai-video-agent-for-tiktok,Features,feature,en,ai-video-agent-for-tiktok,composite-v2,,true,false,AI Video Agent for TikTok | Lovart,/features/ai-video-agent-for-tiktok,Features/en/ai-video-agent-for-tiktok-en.json,
feature:en:ai-video-agent-for-youtube,Features,feature,en,ai-video-agent-for-youtube,composite-v2,,true,false,AI Video Agent for YouTube | Lovart,/features/ai-video-agent-for-youtube,Features/en/ai-video-agent-for-youtube-en.json,
feature:en:ai-video-agent-workflow,Features,feature,en,ai-video-agent-workflow,composite-v2,,true,false,AI Video Agent Workflow | Lovart,/features/ai-video-agent-workflow,Features/en/ai-video-agent-workflow-en.json,
feature:en:autonomous-ai-video-agent,Features,feature,en,autonomous-ai-video-agent,composite-v2,,true,false,Autonomous AI Video Agent | Lovart,/features/autonomous-ai-video-agent,Features/en/autonomous-ai-video-agent-en.json,
feature:en:image-to-video-agent,Features,feature,en,image-to-video-agent,composite-v2,,false,false,Image to Video Agent | Lovart,/features/image-to-video-agent,Features/en/image-to-video-agent-en.json,
feature:en:multimodal-ai-video-agent,Features,feature,en,multimodal-ai-video-agent,composite-v2,,true,false,Multimodal AI Video Agent | Lovart,/features/multimodal-ai-video-agent,Features/en/multimodal-ai-video-agent-en.json,
feature:en:text-to-video-agent,Features,feature,en,text-to-video-agent,composite-v2,,false,false,Text to Video Agent | Lovart,/features/text-to-video-agent,Features/en/text-to-video-agent-en.json,
product:en:brand-kit,Products,product,en,brand-kit,composite-v2,,true,false,Brand Kit | Lovart Brand Governance,/product/brand-kit,Products/en/brand-kit-en.json,
product:en:chatcanvas,Products,product,en,chatcanvas,composite-v2,,true,false,ChatCanvas | Lovart AI Design Workspace,/product/chatcanvas,Products/en/chatcanvas-en.json,
solution:en:ai-design-for-fitness-wellness-hub,Solution,solution,en,ai-design-for-fitness-wellness-hub,composite-v2,,true,false,AI Design Solution for Fitness & Wellness | Lovart,/solution/ai-design-for-fitness-wellness-hub,Solution/en/ai-design-for-fitness-wellness-hub-en.json,
solution:en:ai-design-for-small-business-hub,Solution,solution,en,ai-design-for-small-business-hub,composite-v2,,true,false,AI Design Solution for Local Business | Lovart,/solution/ai-design-for-small-business-hub,Solution/en/ai-design-for-small-business-hub-en.json,
solution:en:ai-design-solution-for-agencies,Solution,solution,en,ai-design-solution-for-agencies,composite-v2,,true,false,AI Design Solution for Agencies | Lovart,/solution/ai-design-solution-for-agencies,Solution/en/ai-design-solution-for-agencies-en.json,
solution:en:ai-design-solution-for-creators,Solution,solution,en,ai-design-solution-for-creators,composite-v2,,true,false,AI Design Solution for Creators | Lovart,/solution/ai-design-solution-for-creators,Solution/en/ai-design-solution-for-creators-en.json,
solution:en:ai-design-solution-for-marketing-teams,Solution,solution,en,ai-design-solution-for-marketing-teams,composite-v2,,true,false,AI Design Solution for Marketing Teams | Lovart,/solution/ai-design-solution-for-marketing-teams,Solution/en/ai-design-solution-for-marketing-teams-en.json,
solution:en:ai-design-solution-for-nonprofits,Solution,solution,en,ai-design-solution-for-nonprofits,composite-v2,,true,false,AI Design Solution for Nonprofits | Lovart,/solution/ai-design-solution-for-nonprofits,Solution/en/ai-design-solution-for-nonprofits-en.json,
solution:en:ai-design-solution-for-saas,Solution,solution,en,ai-design-solution-for-saas,composite-v2,,true,false,AI Design Solution for B2B SaaS | Lovart,/solution/ai-design-solution-for-saas,Solution/en/ai-design-solution-for-saas-en.json,
solution:en:ai-design-solution-for-shopify,Solution,solution,en,ai-design-solution-for-shopify,composite-v2,,true,false,AI Design Solution for Shopify | Lovart,/solution/ai-design-solution-for-shopify,Solution/en/ai-design-solution-for-shopify-en.json,
solution:en:good-design-for-business-owners,Solution,solution,en,good-design-for-business-owners,composite-v2,,true,false,Good Design for Business Owners | Lovart,/solution/good-design-for-business-owners,Solution/en/good-design-for-business-owners-en.json,
solution:en:good-design-for-marketers,Solution,solution,en,good-design-for-marketers,composite-v2,,true,false,Good Design for Marketers | Lovart,/solution/good-design-for-marketers,Solution/en/good-design-for-marketers-en.json,
tool:de:ai-anime-generator,Tools,tool,de,ai-anime-generator,composite-v2,T-long,false,false,KI-Anime-Generator | Erstellen Sie authentische Anime-Kunst mit KI | Lovart,,Tools/de/ai-anime-generator-de.json,
tool:de:ai-art-generator,Tools,tool,de,ai-art-generator,composite-v2,T-long,false,false,KI-Kunstgenerator | Erstellen Sie atemberaubende digitale Kunst aus Text | Lovart,,Tools/de/ai-art-generator-de.json,
tool:de:ai-avatar-generator,Tools,tool,de,ai-avatar-generator,composite-v2,T-long,false,false,KI-Avatar-Generator | Erstellen Sie sprechende Avatare und virtuelle Charaktere | Lovart,,Tools/de/ai-avatar-generator-de.json,
tool:de:ai-baby-podcast-generator,Tools,tool,de,ai-baby-podcast-generator,composite-v2,T-long,false,false,AI Baby Podcast Generator | Erstellen Sie Baby-Voice-Inhalte | Lovart,,Tools/de/ai-baby-podcast-generator-de.json,
tool:de:ai-background-generator,Tools,tool,de,ai-background-generator,composite-v2,T-long,false,false,KI-Hintergrundgenerator | Professionelle Hintergründe erstellen | Lovart,,Tools/de/ai-background-generator-de.json,
tool:de:ai-background-remover,Tools,tool,de,ai-background-remover,composite-v2,T-long,false,false,AI Background Remover | Remove Image Backgrounds in Seconds | Lovart,,Tools/de/ai-background-remover-de.json,
tool:de:ai-cartoon-avatar,Tools,tool,de,ai-cartoon-avatar,composite-v2,T-long,false,false,KI-Cartoon-Avatar-Ersteller | Verwandeln Sie Fotos in Cartoons | Lovart,,Tools/de/ai-cartoon-avatar-de.json,
tool:de:ai-design-agent,Tools,tool,de,ai-design-agent,composite-v2,T-long,false,false,AI Design Agent | Autonomes Branding und kreativer Workflow | Lovart,,Tools/de/ai-design-agent-de.json,
tool:de:ai-face-swap,Tools,tool,de,ai-face-swap,composite-v2,T-long,false,false,KI-Gesichtstausch | Gesichter in Fotos nahtlos austauschen | Lovart,,Tools/de/ai-face-swap-de.json,
tool:de:ai-facebook-ad-creator,Tools,tool,de,ai-facebook-ad-creator,composite-v2,T-long,false,false,KI Facebook Ad Creator | Meta-Anzeigen mit hoher CTR und KI | Lovart,,Tools/de/ai-facebook-ad-creator-de.json,
tool:de:ai-image-enhancer,Tools,tool,de,ai-image-enhancer,composite-v2,T-long,false,false,AI Image Enhancer | Fotoqualität hochskalieren und verbessern | Lovart,,Tools/de/ai-image-enhancer-de.json,
tool:de:ai-image-extender,Tools,tool,de,ai-image-extender,composite-v2,T-long,false,false,AI Image Extender | Erweitern Sie Fotos über den Rahmen hinaus | Lovart,,Tools/de/ai-image-extender-de.json,
tool:de:ai-image-upscaler,Tools,tool,de,ai-image-upscaler,composite-v2,T-long,false,false,AI Image Upscaler | Bilder auf 4K hochskalieren | Lovart,,Tools/de/ai-image-upscaler-de.json,
tool:de:ai-logo-generator,Tools,tool,de,ai-logo-generator,composite-v2,T-long,false,false,AI-Logo-Generator | Entwerfen Sie professionelle Logos mit KI | Lovart,,Tools/de/ai-logo-generator-de.json,
tool:de:ai-object-remover,Tools,tool,de,ai-object-remover,composite-v2,T-long,false,false,KI-Objektentferner | Entfernen Sie unerwünschte Objekte aus Fotos | Lovart,,Tools/de/ai-object-remover-de.json,
tool:de:ai-pinterest-pin-maker-by-lovart,Tools,tool,de,ai-pinterest-pin-maker-by-lovart,composite-v2,T-long,false,false,AI Pinterest Pin Maker | Erstellen Sie virale Pins mit KI | Lovart,,Tools/de/ai-pinterest-pin-maker-by-lovart-de.json,
tool:de:ai-post-generator,Tools,tool,de,ai-post-generator,composite-v2,T-long,false,false,KI-Social-Media-Post-Generator | Beiträge für alle Plattformen erstellen | Lovart,,Tools/de/ai-post-generator-de.json,
tool:de:ai-product-background,Tools,tool,de,ai-product-background,composite-v2,T-long,false,false,AI-Produkthintergrundgenerator | Professionelle Produktfotografie-Hintergründe | Lovart,,Tools/de/ai-product-background-de.json,
tool:de:ai-product-image-generator,Tools,tool,de,ai-product-image-generator,composite-v2,T-long,false,false,AI Product Image Generator | PDP & Marketplace Visuals | Lovart,,Tools/de/ai-product-image-generator-de.json,
tool:de:ai-style-transfer,Tools,tool,de,ai-style-transfer,composite-v2,T-long,false,false,KI-Stilübertragung | Anwenden künstlerischer Stile auf Fotos | Lovart,,Tools/de/ai-style-transfer-de.json,
tool:de:ai-twitter-header-creator-lovart,Tools,tool,de,ai-twitter-header-creator-lovart,composite-v2,T-long,false,false,KI-Twitter-Header-Ersteller | Benutzerdefiniertes Bannerdesign mit KI | Lovart,,Tools/de/ai-twitter-header-creator-lovart-de.json,
tool:de:ai-video-ad-generator-seedance,Tools,tool,de,ai-video-ad-generator-seedance,composite-v2,T-long,false,false,Seedance AI Video Ad Generator | Performance-Produktanzeigen | Lovart,,Tools/de/ai-video-ad-generator-seedance-de.json,
tool:de:ai-video-generator,Tools,tool,de,ai-video-generator,composite-v2,T-long,false,false,KI-Videogenerator | Bilder und Text in Videos umwandeln | Lovart,,Tools/de/ai-video-generator-de.json,
tool:de:chat-to-image-ai-generator,Tools,tool,de,chat-to-image-ai-generator,composite-v2,T-long,false,false,KI-Chat zum Bildgenerator | Konversationsbilderstellung | Lovart,,Tools/de/chat-to-image-ai-generator-de.json,
tool:de:coffee-shop-branding,Tools,tool,de,coffee-shop-branding,composite-v2,T-long,false,false,Coffeeshop-Branding-Tool | KI-Logo und Identitätsdesign | Lovart,,Tools/de/coffee-shop-branding-de.json,
tool:de:earbuds-design,Tools,tool,de,earbuds-design,composite-v2,T-long,false,false,Ohrhörer-Design-Tool | KI-Produktdesignkonzepte | Lovart,,Tools/de/earbuds-design-de.json,
tool:de:flux-ai-image-generator,Tools,tool,de,flux-ai-image-generator,composite-v2,T-long,false,false,Flux AI Bildgenerator | Hochwertige KI-Bilderstellung | Lovart,,Tools/de/flux-ai-image-generator-de.json,
tool:de:free-ai-illustration-generator,Tools,tool,de,free-ai-illustration-generator,composite-v2,T-long,false,false,KI-Illustrationsgenerator | Erstellen Sie Kunst aus Textbeschreibungen | Lovart,,Tools/de/free-ai-illustration-generator-de.json,
tool:de:free-ai-mockup-generator,Tools,tool,de,free-ai-mockup-generator,composite-v2,T-long,false,false,KI-Mockup-Generator | Erstellen Sie fotorealistische Produktmodelle | Lovart,,Tools/de/free-ai-mockup-generator-de.json,
tool:de:hailuo-2-3-ai-video-generator,Tools,tool,de,hailuo-2-3-ai-video-generator,composite-v2,T-long,false,false,Hailuo 2.3 AI-Videogenerator | Realistisches Bewegungsvideo | Lovart,,Tools/de/hailuo-2-3-ai-video-generator-de.json,
tool:de:image-to-image,Tools,tool,de,image-to-image,composite-v2,T-long,false,false,Bild-zu-Bild-KI | Verwandeln Sie Fotos in neue visuelle Elemente | Lovart,,Tools/de/image-to-image-de.json,
tool:de:image-to-video,Tools,tool,de,image-to-video,composite-v2,T-long,false,false,Bild-zu-Video-KI | Verwandeln Sie Fotos in animierte Videos | Lovart,,Tools/de/image-to-video-de.json,
tool:de:ip-avatar-design-tool,Tools,tool,de,ip-avatar-design-tool,composite-v2,T-long,false,false,KI-Avatar-Design-Tool | IP-Charaktere und Markenmaskottchen | Lovart,,Tools/de/ip-avatar-design-tool-de.json,
tool:de:kling-o1,Tools,tool,de,kling-o1,composite-v2,T-long,false,false,Kling O1 KI-Videogenerator | Stilisiertes kreatives Video | Lovart,,Tools/de/kling-o1-de.json,
tool:de:nano-banana-2-ai-image-generator,Tools,tool,de,nano-banana-2-ai-image-generator,composite-v2,T-long,false,false,Nano Banana 2 KI-Editor | Fotobearbeitung in natürlicher Sprache | Lovart,,Tools/de/nano-banana-2-ai-image-generator-de.json,
tool:de:nano-banana-2-instagram-story-maker,Tools,tool,de,nano-banana-2-instagram-story-maker,composite-v2,T-long,false,false,Instagram Story Maker | KI-Design mit Nano Banana 2 | Lovart,,Tools/de/nano-banana-2-instagram-story-maker-de.json,
tool:de:nano-banana-free,Tools,tool,de,nano-banana-free,composite-v2,T-long,false,false,Nano-Bananenfrei | Kostenloser KI-Bildgenerator online | Lovart,,Tools/de/nano-banana-free-de.json,
tool:de:nanobanana-pro,Tools,tool,de,nanobanana-pro,composite-v2,T-long,false,false,Nano Banana Pro | Googles AI Image Generator auf Lovart,,Tools/de/nanobanana-pro-de.json,
tool:de:nanobanana2,Tools,tool,de,nanobanana2,composite-v2,T-long,false,false,NanoBanana 2 | AI-Bildeditor mit Gemini 2.5 Flash | Lovart,,Tools/de/nanobanana2-de.json,
tool:de:natural-home-brand-design,Tools,tool,de,natural-home-brand-design,composite-v2,T-long,false,false,Natürliches Markendesign-Tool | Umweltfreundliche Branding-KI | Lovart,,Tools/de/natural-home-brand-design-de.json,
tool:de:product-to-image-generator,Tools,tool,de,product-to-image-generator,composite-v2,T-long,false,false,Produkt-zu-Bild-Generator | KI-Produktfotografie | Lovart,,Tools/de/product-to-image-generator-de.json,
tool:de:seedance-2-ai-video-ad-generator-high-conversion,Tools,tool,de,seedance-2-ai-video-ad-generator-high-conversion,composite-v2,T-long,false,false,AI-Videoanzeigengenerator | Videoanzeigen mit hoher Konversion | Lovart,,Tools/de/seedance-2-ai-video-ad-generator-high-conversion-de.json,
tool:de:seedance-2-ai-video-generator,Tools,tool,de,seedance-2-ai-video-generator,composite-v2,T-long,false,false,Seedance 2.0 KI-Videogenerator | Kommerzielles Produktvideo | Lovart,,Tools/de/seedance-2-ai-video-generator-de.json,
tool:de:seedance-ai-video-ads-generation,Tools,tool,de,seedance-ai-video-ads-generation,composite-v2,T-long,false,false,AI-Videoanzeigen-Generator | Erstellung von Performance-Videoanzeigen | Lovart,,Tools/de/seedance-ai-video-ads-generation-de.json,
tool:de:seedream-4.5,Tools,tool,de,seedream-4.5,composite-v2,T-long,false,false,Seedream 4.5 AI-Bildgenerator | Professionelle Bilderstellung | Lovart,,Tools/de/seedream-4.5-de.json,
tool:de:seedream-5-ai-image-generator,Tools,tool,de,seedream-5-ai-image-generator,composite-v2,T-long,false,false,Seedream 5 KI-Generator | Forschungsgestützte Bilderstellung | Lovart,,Tools/de/seedream-5-ai-image-generator-de.json,
tool:de:sora2,Tools,tool,de,sora2,composite-v2,T-long,false,false,Sora 2 KI-Videogenerator | Filmische Videoerstellung auf Lovart,,Tools/de/sora2-de.json,
tool:de:swap-to-video,Tools,tool,de,swap-to-video,composite-v2,T-long,false,false,AI Swap to Video | Animieren Sie Gesichtswechsel in Videoclips | Lovart,,Tools/de/swap-to-video-de.json,
tool:de:text-to-image-generator,Tools,tool,de,text-to-image-generator,composite-v2,T-long,false,false,AI-Text-zu-Bild-Generator | Verwandeln Sie Worte in Bilder | Lovart,,Tools/de/text-to-image-generator-de.json,
tool:de:veo3.1,Tools,tool,de,veo3.1,composite-v2,T-long,false,false,Veo 3.1 AI-Videogenerator | Realistische Motion-Video-Erstellung | Lovart,,Tools/de/veo3.1-de.json,
tool:de:video-generator,Tools,tool,de,video-generator,composite-v2,T-long,false,false,KI-Videogenerator | Erstellen Sie kanalbereite Videoanzeigen | Lovart,,Tools/de/video-generator-de.json,
tool:de:virtual-actor-creation,Tools,tool,de,virtual-actor-creation,composite-v2,T-long,false,false,AI Virtual Actor Generator | Realistische KI-Darsteller | Lovart,,Tools/de/virtual-actor-creation-de.json,
tool:en:ai-anime-generator,Tools,tool,en,ai-anime-generator,composite-v2,T-long,false,false,AI Anime Generator | Create Authentic Anime Art with AI | Lovart,,Tools/en/ai-anime-generator-en.json,
tool:en:ai-art-generator,Tools,tool,en,ai-art-generator,composite-v2,T-long,false,false,AI Art Generator | Create Stunning Digital Art from Text | Lovart,,Tools/en/ai-art-generator-en.json,
tool:en:ai-avatar-generator,Tools,tool,en,ai-avatar-generator,composite-v2,T-long,false,false,AI Avatar Generator | Create Talking Avatars & Virtual Characters | Lovart,,Tools/en/ai-avatar-generator-en.json,
tool:en:ai-baby-podcast-generator,Tools,tool,en,ai-baby-podcast-generator,composite-v2,T-long,false,false,AI Baby Podcast Generator | Create Baby Voice Content | Lovart,,Tools/en/ai-baby-podcast-generator-en.json,
tool:en:ai-background-generator,Tools,tool,en,ai-background-generator,composite-v2,T-long,false,false,AI Background Generator | Create Professional Backgrounds | Lovart,,Tools/en/ai-background-generator-en.json,
tool:en:ai-background-remover,Tools,tool,en,ai-background-remover,composite-v2,T-long,false,false,AI Background Remover | Remove Image Backgrounds in Seconds | Lovart,,Tools/en/ai-background-remover-en.json,
tool:en:ai-cartoon-avatar,Tools,tool,en,ai-cartoon-avatar,composite-v2,T-long,false,false,AI Cartoon Avatar Maker | Turn Photos into Cartoons | Lovart,,Tools/en/ai-cartoon-avatar-en.json,
tool:en:ai-design-agent,Tools,tool,en,ai-design-agent,composite-v2,T-long,false,false,AI Design Agent | Autonomous Branding & Creative Workflow | Lovart,,Tools/en/ai-design-agent-en.json,
tool:en:ai-face-swap,Tools,tool,en,ai-face-swap,composite-v2,T-long,false,false,AI Face Swap | Swap Faces in Photos Seamlessly | Lovart,,Tools/en/ai-face-swap-en.json,
tool:en:ai-facebook-ad-creator,Tools,tool,en,ai-facebook-ad-creator,composite-v2,T-long,false,false,AI Facebook Ad Creator | High-CTR Meta Ads with AI | Lovart,,Tools/en/ai-facebook-ad-creator-en.json,
tool:en:ai-image-enhancer,Tools,tool,en,ai-image-enhancer,composite-v2,T-long,false,false,AI Image Enhancer | Upscale & Enhance Photo Quality | Lovart,,Tools/en/ai-image-enhancer-en.json,
tool:en:ai-image-extender,Tools,tool,en,ai-image-extender,composite-v2,T-long,false,false,AI Image Extender | Expand Photos Beyond the Frame | Lovart,,Tools/en/ai-image-extender-en.json,
tool:en:ai-image-upscaler,Tools,tool,en,ai-image-upscaler,composite-v2,T-long,false,false,AI Image Upscaler | Upscale Images to 4K | Lovart,,Tools/en/ai-image-upscaler-en.json,
tool:en:ai-logo-generator,Tools,tool,en,ai-logo-generator,composite-v2,T-long,false,false,AI Logo Generator | Design Professional Logos with AI | Lovart,,Tools/en/ai-logo-generator-en.json,
tool:en:ai-object-remover,Tools,tool,en,ai-object-remover,composite-v2,T-long,false,false,AI Object Remover | Remove Unwanted Objects from Photos | Lovart,,Tools/en/ai-object-remover-en.json,
tool:en:ai-pinterest-pin-maker-by-lovart,Tools,tool,en,ai-pinterest-pin-maker-by-lovart,composite-v2,T-long,false,false,AI Pinterest Pin Maker | Create Viral Pins with AI | Lovart,,Tools/en/ai-pinterest-pin-maker-by-lovart-en.json,
tool:en:ai-post-generator,Tools,tool,en,ai-post-generator,composite-v2,T-long,false,false,AI Social Media Post Generator | Create Posts for All Platforms | Lovart,,Tools/en/ai-post-generator-en.json,
tool:en:ai-product-background,Tools,tool,en,ai-product-background,composite-v2,T-long,false,false,AI Product Background Generator | Professional Product Photography Backgrounds | Lovart,,Tools/en/ai-product-background-en.json,
tool:en:ai-product-image-generator,Tools,tool,en,ai-product-image-generator,composite-v2,T-long,false,false,AI Product Image Generator | PDP & Marketplace Visuals | Lovart,,Tools/en/ai-product-image-generator-en.json,
tool:en:ai-style-transfer,Tools,tool,en,ai-style-transfer,composite-v2,T-long,false,false,AI Style Transfer | Apply Artistic Styles to Photos | Lovart,,Tools/en/ai-style-transfer-en.json,
tool:en:ai-twitter-header-creator-lovart,Tools,tool,en,ai-twitter-header-creator-lovart,composite-v2,T-long,false,false,AI Twitter Header Creator | Custom Banner Design with AI | Lovart,,Tools/en/ai-twitter-header-creator-lovart-en.json,
tool:en:ai-video-ad-generator-seedance,Tools,tool,en,ai-video-ad-generator-seedance,composite-v2,T-long,false,false,Seedance AI Video Ad Generator | Performance Product Ads | Lovart,,Tools/en/ai-video-ad-generator-seedance-en.json,
tool:en:ai-video-generator,Tools,tool,en,ai-video-generator,composite-v2,T-long,false,false,AI Video Generator | Turn Images and Text into Video | Lovart,,Tools/en/ai-video-generator-en.json,
tool:en:chat-to-image-ai-generator,Tools,tool,en,chat-to-image-ai-generator,composite-v2,T-long,false,false,AI Chat to Image Generator | Conversational Image Creation | Lovart,,Tools/en/chat-to-image-ai-generator-en.json,
tool:en:coffee-shop-branding,Tools,tool,en,coffee-shop-branding,composite-v2,T-long,false,false,Coffee Shop Branding Tool | AI Logo & Identity Design | Lovart,,Tools/en/coffee-shop-branding-en.json,
tool:en:earbuds-design,Tools,tool,en,earbuds-design,composite-v2,T-long,false,false,Earbuds Design Tool | AI Product Design Concepts | Lovart,,Tools/en/earbuds-design-en.json,
tool:en:flux-ai-image-generator,Tools,tool,en,flux-ai-image-generator,composite-v2,T-long,false,false,Flux AI Image Generator | High-Quality AI Image Creation | Lovart,,Tools/en/flux-ai-image-generator-en.json,
tool:en:free-ai-illustration-generator,Tools,tool,en,free-ai-illustration-generator,composite-v2,T-long,false,false,AI Illustration Generator | Create Art from Text Descriptions | Lovart,,Tools/en/free-ai-illustration-generator-en.json,
tool:en:free-ai-mockup-generator,Tools,tool,en,free-ai-mockup-generator,composite-v2,T-long,false,false,AI Mockup Generator | Create Photorealistic Product Mockups | Lovart,,Tools/en/free-ai-mockup-generator-en.json,
tool:en:hailuo-2-3-ai-video-generator,Tools,tool,en,hailuo-2-3-ai-video-generator,composite-v2,T-long,false,false,Hailuo 2.3 AI Video Generator | Realistic Motion Video | Lovart,,Tools/en/hailuo-2-3-ai-video-generator-en.json,
tool:en:image-to-image,Tools,tool,en,image-to-image,composite-v2,T-long,false,false,Image to Image AI | Transform Photos into New Visuals | Lovart,,Tools/en/image-to-image-en.json,
tool:en:image-to-video,Tools,tool,en,image-to-video,composite-v2,T-long,false,false,Image to Video AI | Turn Photos into Animated Videos | Lovart,,Tools/en/image-to-video-en.json,
tool:en:ip-avatar-design-tool,Tools,tool,en,ip-avatar-design-tool,composite-v2,T-long,false,false,AI Avatar Design Tool | IP Characters & Brand Mascots | Lovart,,Tools/en/ip-avatar-design-tool-en.json,
tool:en:kling-o1,Tools,tool,en,kling-o1,composite-v2,T-long,false,false,Kling O1 AI Video Generator | Stylized Creative Video | Lovart,,Tools/en/kling-o1-en.json,
tool:en:nano-banana-2-ai-image-generator,Tools,tool,en,nano-banana-2-ai-image-generator,composite-v2,T-long,false,false,Nano Banana 2 AI Editor | Natural Language Photo Editing | Lovart,,Tools/en/nano-banana-2-ai-image-generator-en.json,
tool:en:nano-banana-2-instagram-story-maker,Tools,tool,en,nano-banana-2-instagram-story-maker,composite-v2,T-long,false,false,Instagram Story Maker | AI Design with Nano Banana 2 | Lovart,,Tools/en/nano-banana-2-instagram-story-maker-en.json,
tool:en:nano-banana-free,Tools,tool,en,nano-banana-free,composite-v2,T-long,false,false,Nano Banana Free | Free AI Image Generator Online | Lovart,,Tools/en/nano-banana-free-en.json,
tool:en:nanobanana-pro,Tools,tool,en,nanobanana-pro,composite-v2,T-long,false,false,Nano Banana Pro | Google's AI Image Generator on Lovart,,Tools/en/nanobanana-pro-en.json,
tool:en:nanobanana2,Tools,tool,en,nanobanana2,composite-v2,T-long,false,false,NanoBanana 2 | AI Image Editor with Gemini 2.5 Flash | Lovart,,Tools/en/nanobanana2-en.json,
tool:en:natural-home-brand-design,Tools,tool,en,natural-home-brand-design,composite-v2,T-long,false,false,Natural Brand Design Tool | Eco-Friendly Branding AI | Lovart,,Tools/en/natural-home-brand-design-en.json,
tool:en:product-to-image-generator,Tools,tool,en,product-to-image-generator,composite-v2,T-long,false,false,Product to Image Generator | AI Product Photography | Lovart,,Tools/en/product-to-image-generator-en.json,
tool:en:seedance-2-ai-video-ad-generator-high-conversion,Tools,tool,en,seedance-2-ai-video-ad-generator-high-conversion,composite-v2,T-long,false,false,AI Video Ad Generator | High-Conversion Video Ads | Lovart,,Tools/en/seedance-2-ai-video-ad-generator-high-conversion-en.json,
tool:en:seedance-2-ai-video-generator,Tools,tool,en,seedance-2-ai-video-generator,composite-v2,T-long,false,false,Seedance 2.0 AI Video Generator | Commercial Product Video | Lovart,,Tools/en/seedance-2-ai-video-generator-en.json,
tool:en:seedance-ai-video-ads-generation,Tools,tool,en,seedance-ai-video-ads-generation,composite-v2,T-long,false,false,AI Video Ads Generator | Performance Video Ad Creation | Lovart,,Tools/en/seedance-ai-video-ads-generation-en.json,
tool:en:seedream-4.5,Tools,tool,en,seedream-4.5,composite-v2,T-long,false,false,Seedream 4.5 AI Image Generator | Professional Image Creation | Lovart,,Tools/en/seedream-4.5-en.json,
tool:en:seedream-5-ai-image-generator,Tools,tool,en,seedream-5-ai-image-generator,composite-v2,T-long,false,false,Seedream 5 AI Generator | Research-Backed Image Creation | Lovart,,Tools/en/seedream-5-ai-image-generator-en.json,
tool:en:sora2,Tools,tool,en,sora2,composite-v2,T-long,false,false,Sora 2 AI Video Generator | Cinematic Video Creation on Lovart,,Tools/en/sora2-en.json,
tool:en:swap-to-video,Tools,tool,en,swap-to-video,composite-v2,T-long,false,false,AI Swap to Video | Animate Face Swaps into Video Clips | Lovart,,Tools/en/swap-to-video-en.json,
tool:en:text-to-image-generator,Tools,tool,en,text-to-image-generator,composite-v2,T-long,false,false,AI Text to Image Generator | Turn Words into Visuals | Lovart,,Tools/en/text-to-image-generator-en.json,
tool:en:veo3.1,Tools,tool,en,veo3.1,composite-v2,T-long,false,false,Veo 3.1 AI Video Generator | Realistic Motion Video Creation | Lovart,,Tools/en/veo3.1-en.json,
tool:en:video-generator,Tools,tool,en,video-generator,composite-v2,T-long,false,false,AI Video Generator | Create Channel-Ready Video Ads | Lovart,,Tools/en/video-generator-en.json,
tool:en:virtual-actor-creation,Tools,tool,en,virtual-actor-creation,composite-v2,T-long,false,false,AI Virtual Actor Generator | Realistic AI Performers | Lovart,,Tools/en/virtual-actor-creation-en.json,
tool:fr:ai-anime-generator,Tools,tool,fr,ai-anime-generator,composite-v2,T-long,false,false,Générateur d'anime IA | Créez de l'art animé authentique avec l'IA | Lovart,,Tools/fr/ai-anime-generator-fr.json,
tool:fr:ai-art-generator,Tools,tool,fr,ai-art-generator,composite-v2,T-long,false,false,Générateur d'art IA | Créez de superbes œuvres d'art numérique à partir de texte | Lovart,,Tools/fr/ai-art-generator-fr.json,
tool:fr:ai-avatar-generator,Tools,tool,fr,ai-avatar-generator,composite-v2,T-long,false,false,Générateur d'avatar IA | Créez des avatars parlants et des personnages virtuels | Lovart,,Tools/fr/ai-avatar-generator-fr.json,
tool:fr:ai-baby-podcast-generator,Tools,tool,fr,ai-baby-podcast-generator,composite-v2,T-long,false,false,Générateur de podcasts IA pour bébé | Créer du contenu vocal pour bébé | Lovart,,Tools/fr/ai-baby-podcast-generator-fr.json,
tool:fr:ai-background-generator,Tools,tool,fr,ai-background-generator,composite-v2,T-long,false,false,Générateur d'arrière-plan IA | Créer des parcours professionnels | Lovart,,Tools/fr/ai-background-generator-fr.json,
tool:fr:ai-background-remover,Tools,tool,fr,ai-background-remover,composite-v2,T-long,false,false,AI Background Remover | Remove Image Backgrounds in Seconds | Lovart,,Tools/fr/ai-background-remover-fr.json,
tool:fr:ai-cartoon-avatar,Tools,tool,fr,ai-cartoon-avatar,composite-v2,T-long,false,false,Créateur d'avatars de dessins animés IA | Transformez vos photos en dessins animés | Lovart,,Tools/fr/ai-cartoon-avatar-fr.json,
tool:fr:ai-design-agent,Tools,tool,fr,ai-design-agent,composite-v2,T-long,false,false,Agent de conception IA | Branding autonome et flux de travail créatif | Lovart,,Tools/fr/ai-design-agent-fr.json,
tool:fr:ai-face-swap,Tools,tool,fr,ai-face-swap,composite-v2,T-long,false,false,Échange de visage IA | Échangez les visages dans les photos en toute transparence | Lovart,,Tools/fr/ai-face-swap-fr.json,
tool:fr:ai-facebook-ad-creator,Tools,tool,fr,ai-facebook-ad-creator,composite-v2,T-long,false,false,Créateur de publicité Facebook IA | Méta-annonces à CTR élevé avec IA | Lovart,,Tools/fr/ai-facebook-ad-creator-fr.json,
tool:fr:ai-image-enhancer,Tools,tool,fr,ai-image-enhancer,composite-v2,T-long,false,false,Optimiseur d'image IA | Améliorer et améliorer la qualité des photos | Lovart,,Tools/fr/ai-image-enhancer-fr.json,
tool:fr:ai-image-extender,Tools,tool,fr,ai-image-extender,composite-v2,T-long,false,false,Extension d'image AI | Développez les photos au-delà du cadre | Lovart,,Tools/fr/ai-image-extender-fr.json,
tool:fr:ai-image-upscaler,Tools,tool,fr,ai-image-upscaler,composite-v2,T-long,false,false,Améliorateur d'images AI | Améliorer les images en 4K | Lovart,,Tools/fr/ai-image-upscaler-fr.json,
tool:fr:ai-logo-generator,Tools,tool,fr,ai-logo-generator,composite-v2,T-long,false,false,Générateur de logos IA | Concevoir des logos professionnels avec l'IA | Lovart,,Tools/fr/ai-logo-generator-fr.json,
tool:fr:ai-object-remover,Tools,tool,fr,ai-object-remover,composite-v2,T-long,false,false,Suppression d'objets AI | Supprimer les objets indésirables des photos | Lovart,,Tools/fr/ai-object-remover-fr.json,
tool:fr:ai-pinterest-pin-maker-by-lovart,Tools,tool,fr,ai-pinterest-pin-maker-by-lovart,composite-v2,T-long,false,false,Créateur d'épingles Pinterest AI | Créez des épingles virales avec l'IA | Lovart,,Tools/fr/ai-pinterest-pin-maker-by-lovart-fr.json,
tool:fr:ai-post-generator,Tools,tool,fr,ai-post-generator,composite-v2,T-long,false,false,Générateur de publications sur les réseaux sociaux IA | Créer des publications pour toutes les plateformes | Lovart,,Tools/fr/ai-post-generator-fr.json,
tool:fr:ai-product-background,Tools,tool,fr,ai-product-background,composite-v2,T-long,false,false,Générateur d'arrière-plan de produit IA | Arrière-plans professionnels de photographie de produits | Lovart,,Tools/fr/ai-product-background-fr.json,
tool:fr:ai-product-image-generator,Tools,tool,fr,ai-product-image-generator,composite-v2,T-long,false,false,AI Product Image Generator | PDP & Marketplace Visuals | Lovart,,Tools/fr/ai-product-image-generator-fr.json,
tool:fr:ai-style-transfer,Tools,tool,fr,ai-style-transfer,composite-v2,T-long,false,false,Transfert de style IA | Appliquer des styles artistiques aux photos | Lovart,,Tools/fr/ai-style-transfer-fr.json,
tool:fr:ai-twitter-header-creator-lovart,Tools,tool,fr,ai-twitter-header-creator-lovart,composite-v2,T-long,false,false,Créateur d'en-tête Twitter AI | Conception de bannières personnalisées avec l'IA | Lovart,,Tools/fr/ai-twitter-header-creator-lovart-fr.json,
tool:fr:ai-video-ad-generator-seedance,Tools,tool,fr,ai-video-ad-generator-seedance,composite-v2,T-long,false,false,Générateur de publicité vidéo IA Seedance | Annonces de produits performants | Lovart,,Tools/fr/ai-video-ad-generator-seedance-fr.json,
tool:fr:ai-video-generator,Tools,tool,fr,ai-video-generator,composite-v2,T-long,false,false,Générateur vidéo IA | Transformez des images et du texte en vidéo | Lovart,,Tools/fr/ai-video-generator-fr.json,
tool:fr:chat-to-image-ai-generator,Tools,tool,fr,chat-to-image-ai-generator,composite-v2,T-long,false,false,Chat AI vers le générateur d'images | Création d'images conversationnelles | Lovart,,Tools/fr/chat-to-image-ai-generator-fr.json,
tool:fr:coffee-shop-branding,Tools,tool,fr,coffee-shop-branding,composite-v2,T-long,false,false,Outil de branding pour café | Conception de logo et d'identité IA | Lovart,,Tools/fr/coffee-shop-branding-fr.json,
tool:fr:earbuds-design,Tools,tool,fr,earbuds-design,composite-v2,T-long,false,false,Outil de conception d'écouteurs | Concepts de conception de produits IA | Lovart,,Tools/fr/earbuds-design-fr.json,
tool:fr:flux-ai-image-generator,Tools,tool,fr,flux-ai-image-generator,composite-v2,T-long,false,false,Générateur d'images Flux AI | Création d'images IA de haute qualité | Lovart,,Tools/fr/flux-ai-image-generator-fr.json,
tool:fr:free-ai-illustration-generator,Tools,tool,fr,free-ai-illustration-generator,composite-v2,T-long,false,false,Générateur d'illustrations IA | Créer de l'art à partir de descriptions textuelles | Lovart,,Tools/fr/free-ai-illustration-generator-fr.json,
tool:fr:free-ai-mockup-generator,Tools,tool,fr,free-ai-mockup-generator,composite-v2,T-long,false,false,Générateur de maquette IA | Créer des maquettes de produits photoréalistes | Lovart,,Tools/fr/free-ai-mockup-generator-fr.json,
tool:fr:hailuo-2-3-ai-video-generator,Tools,tool,fr,hailuo-2-3-ai-video-generator,composite-v2,T-long,false,false,Générateur vidéo AI Hailuo 2.3 | Vidéo de mouvement réaliste | Lovart,,Tools/fr/hailuo-2-3-ai-video-generator-fr.json,
tool:fr:image-to-image,Tools,tool,fr,image-to-image,composite-v2,T-long,false,false,Image à image IA | Transformez vos photos en nouveaux visuels | Lovart,,Tools/fr/image-to-image-fr.json,
tool:fr:image-to-video,Tools,tool,fr,image-to-video,composite-v2,T-long,false,false,Image vers vidéo AI | Transformez vos photos en vidéos animées | Lovart,,Tools/fr/image-to-video-fr.json,
tool:fr:ip-avatar-design-tool,Tools,tool,fr,ip-avatar-design-tool,composite-v2,T-long,false,false,Outil de conception d'avatar IA | Personnages IP et mascottes de marque | Lovart,,Tools/fr/ip-avatar-design-tool-fr.json,
tool:fr:kling-o1,Tools,tool,fr,kling-o1,composite-v2,T-long,false,false,Générateur vidéo AI Kling O1 | Vidéo créative stylisée | Lovart,,Tools/fr/kling-o1-fr.json,
tool:fr:nano-banana-2-ai-image-generator,Tools,tool,fr,nano-banana-2-ai-image-generator,composite-v2,T-long,false,false,Éditeur IA Nano Banana 2 | Édition de photos en langage naturel | Lovart,,Tools/fr/nano-banana-2-ai-image-generator-fr.json,
tool:fr:nano-banana-2-instagram-story-maker,Tools,tool,fr,nano-banana-2-instagram-story-maker,composite-v2,T-long,false,false,Créateur d'histoires Instagram | Conception IA avec Nano Banana 2 | Lovart,,Tools/fr/nano-banana-2-instagram-story-maker-fr.json,
tool:fr:nano-banana-free,Tools,tool,fr,nano-banana-free,composite-v2,T-long,false,false,Nano Banane Gratuit | Générateur d'images IA gratuit en ligne | Lovart,,Tools/fr/nano-banana-free-fr.json,
tool:fr:nanobanana-pro,Tools,tool,fr,nanobanana-pro,composite-v2,T-long,false,false,Nano Banane Pro | Générateur d'images AI de Google sur Lovart,,Tools/fr/nanobanana-pro-fr.json,
tool:fr:nanobanana2,Tools,tool,fr,nanobanana2,composite-v2,T-long,false,false,NanoBanane 2 | Éditeur d'images IA avec Gemini 2.5 Flash | Lovart,,Tools/fr/nanobanana2-fr.json,
tool:fr:natural-home-brand-design,Tools,tool,fr,natural-home-brand-design,composite-v2,T-long,false,false,Outil de conception de marque naturelle | IA de marque respectueuse de l'environnement | Lovart,,Tools/fr/natural-home-brand-design-fr.json,
tool:fr:product-to-image-generator,Tools,tool,fr,product-to-image-generator,composite-v2,T-long,false,false,Générateur de produit vers image | Photographie de produits IA | Lovart,,Tools/fr/product-to-image-generator-fr.json,
tool:fr:seedance-2-ai-video-ad-generator-high-conversion,Tools,tool,fr,seedance-2-ai-video-ad-generator-high-conversion,composite-v2,T-long,false,false,Générateur de publicités vidéo IA | Annonces vidéo à conversion élevée | Lovart,,Tools/fr/seedance-2-ai-video-ad-generator-high-conversion-fr.json,
tool:fr:seedance-2-ai-video-generator,Tools,tool,fr,seedance-2-ai-video-generator,composite-v2,T-long,false,false,Générateur vidéo AI Seedance 2.0 | Vidéo du produit commercial | Lovart,,Tools/fr/seedance-2-ai-video-generator-fr.json,
tool:fr:seedance-ai-video-ads-generation,Tools,tool,fr,seedance-ai-video-ads-generation,composite-v2,T-long,false,false,Générateur de publicités vidéo IA | Création d'annonces vidéo de performance | Lovart,,Tools/fr/seedance-ai-video-ads-generation-fr.json,
tool:fr:seedream-4.5,Tools,tool,fr,seedream-4.5,composite-v2,T-long,false,false,Générateur d'images IA Seedream 4.5 | Création d'image professionnelle | Lovart,,Tools/fr/seedream-4.5-fr.json,
tool:fr:seedream-5-ai-image-generator,Tools,tool,fr,seedream-5-ai-image-generator,composite-v2,T-long,false,false,Générateur d'IA Seedream 5 | Création d'images fondée sur la recherche | Lovart,,Tools/fr/seedream-5-ai-image-generator-fr.json,
tool:fr:sora2,Tools,tool,fr,sora2,composite-v2,T-long,false,false,Générateur vidéo AI Sora 2 | Création vidéo cinématographique sur Lovart,,Tools/fr/sora2-fr.json,
tool:fr:swap-to-video,Tools,tool,fr,swap-to-video,composite-v2,T-long,false,false,AI Passer à la vidéo | Animer des échanges de visages dans des clips vidéo | Lovart,,Tools/fr/swap-to-video-fr.json,
tool:fr:text-to-image-generator,Tools,tool,fr,text-to-image-generator,composite-v2,T-long,false,false,Générateur de texte en image AI | Transformez les mots en visuels | Lovart,,Tools/fr/text-to-image-generator-fr.json,
tool:fr:veo3.1,Tools,tool,fr,veo3.1,composite-v2,T-long,false,false,Générateur vidéo AI Veo 3.1 | Création de vidéos animées réalistes | Lovart,,Tools/fr/veo3.1-fr.json,
tool:fr:video-generator,Tools,tool,fr,video-generator,composite-v2,T-long,false,false,Générateur vidéo IA | Créer des publicités vidéo prêtes pour la chaîne | Lovart,,Tools/fr/video-generator-fr.json,
tool:fr:virtual-actor-creation,Tools,tool,fr,virtual-actor-creation,composite-v2,T-long,false,false,Générateur d'acteurs virtuels IA | Interprètes IA réalistes | Lovart,,Tools/fr/virtual-actor-creation-fr.json,
tool:it:ai-anime-generator,Tools,tool,it,ai-anime-generator,composite-v2,T-long,false,false,Generatore di anime AI | Crea autentiche opere d'arte anime con l'intelligenza artificiale | Lovart,,Tools/it/ai-anime-generator-it.json,
tool:it:ai-art-generator,Tools,tool,it,ai-art-generator,composite-v2,T-long,false,false,Generatore artistico AI | Crea straordinaria arte digitale dal testo | Lovart,,Tools/it/ai-art-generator-it.json,
tool:it:ai-avatar-generator,Tools,tool,it,ai-avatar-generator,composite-v2,T-long,false,false,Generatore avatar AI | Crea avatar parlanti e personaggi virtuali | Lovart,,Tools/it/ai-avatar-generator-it.json,
tool:it:ai-baby-podcast-generator,Tools,tool,it,ai-baby-podcast-generator,composite-v2,T-long,false,false,Generatore di podcast AI per bambini | Crea contenuti vocali per bambini | Lovart,,Tools/it/ai-baby-podcast-generator-it.json,
tool:it:ai-background-generator,Tools,tool,it,ai-background-generator,composite-v2,T-long,false,false,Generatore di sfondo AI | Crea sfondi professionali | Lovart,,Tools/it/ai-background-generator-it.json,
tool:it:ai-background-remover,Tools,tool,it,ai-background-remover,composite-v2,T-long,false,false,AI Background Remover | Remove Image Backgrounds in Seconds | Lovart,,Tools/it/ai-background-remover-it.json,
tool:it:ai-cartoon-avatar,Tools,tool,it,ai-cartoon-avatar,composite-v2,T-long,false,false,Creatore di avatar per cartoni animati AI | Trasforma le foto in cartoni animati | Lovart,,Tools/it/ai-cartoon-avatar-it.json,
tool:it:ai-design-agent,Tools,tool,it,ai-design-agent,composite-v2,T-long,false,false,Agente di progettazione AI | Branding autonomo e flusso di lavoro creativo | Lovart,,Tools/it/ai-design-agent-it.json,
tool:it:ai-face-swap,Tools,tool,it,ai-face-swap,composite-v2,T-long,false,false,Scambio volto IA | Scambia facilmente i volti nelle foto | Lovart,,Tools/it/ai-face-swap-it.json,
tool:it:ai-facebook-ad-creator,Tools,tool,it,ai-facebook-ad-creator,composite-v2,T-long,false,false,Creatore di annunci Facebook AI | Meta annunci con CTR elevato con intelligenza artificiale | Lovart,,Tools/it/ai-facebook-ad-creator-it.json,
tool:it:ai-image-enhancer,Tools,tool,it,ai-image-enhancer,composite-v2,T-long,false,false,Miglioramento immagini AI | Migliora e migliora la qualità delle foto | Lovart,,Tools/it/ai-image-enhancer-it.json,
tool:it:ai-image-extender,Tools,tool,it,ai-image-extender,composite-v2,T-long,false,false,Estensore immagine AI | Espandi le foto oltre la cornice | Lovart,,Tools/it/ai-image-extender-it.json,
tool:it:ai-image-upscaler,Tools,tool,it,ai-image-upscaler,composite-v2,T-long,false,false,Upscaler immagini AI | Immagini di alto livello a 4K | Lovart,,Tools/it/ai-image-upscaler-it.json,
tool:it:ai-logo-generator,Tools,tool,it,ai-logo-generator,composite-v2,T-long,false,false,Generatore logo AI | Progetta loghi professionali con l'intelligenza artificiale | Lovart,,Tools/it/ai-logo-generator-it.json,
tool:it:ai-object-remover,Tools,tool,it,ai-object-remover,composite-v2,T-long,false,false,Rimozione oggetto AI | Rimuovi oggetti indesiderati dalle foto | Lovart,,Tools/it/ai-object-remover-it.json,
tool:it:ai-pinterest-pin-maker-by-lovart,Tools,tool,it,ai-pinterest-pin-maker-by-lovart,composite-v2,T-long,false,false,Creatore di pin Pinterest AI | Crea pin virali con l'intelligenza artificiale | Lovart,,Tools/it/ai-pinterest-pin-maker-by-lovart-it.json,
tool:it:ai-post-generator,Tools,tool,it,ai-post-generator,composite-v2,T-long,false,false,Generatore di post sui social media AI | Crea post per tutte le piattaforme | Lovart,,Tools/it/ai-post-generator-it.json,
tool:it:ai-product-background,Tools,tool,it,ai-product-background,composite-v2,T-long,false,false,Generatore di sfondo del prodotto AI | Sfondi fotografici per prodotti professionali | Lovart,,Tools/it/ai-product-background-it.json,
tool:it:ai-product-image-generator,Tools,tool,it,ai-product-image-generator,composite-v2,T-long,false,false,AI Product Image Generator | PDP & Marketplace Visuals | Lovart,,Tools/it/ai-product-image-generator-it.json,
tool:it:ai-style-transfer,Tools,tool,it,ai-style-transfer,composite-v2,T-long,false,false,Trasferimento stile AI | Applicare stili artistici alle foto | Lovart,,Tools/it/ai-style-transfer-it.json,
tool:it:ai-twitter-header-creator-lovart,Tools,tool,it,ai-twitter-header-creator-lovart,composite-v2,T-long,false,false,Creatore di intestazioni Twitter AI | Design di banner personalizzati con intelligenza artificiale | Lovart,,Tools/it/ai-twitter-header-creator-lovart-it.json,
tool:it:ai-video-ad-generator-seedance,Tools,tool,it,ai-video-ad-generator-seedance,composite-v2,T-long,false,false,Generatore di annunci video AI Seedance | Annunci di prodotti con prestazioni | Lovart,,Tools/it/ai-video-ad-generator-seedance-it.json,
tool:it:ai-video-generator,Tools,tool,it,ai-video-generator,composite-v2,T-long,false,false,Generatore video AI | Trasforma immagini e testo in video | Lovart,,Tools/it/ai-video-generator-it.json,
tool:it:chat-to-image-ai-generator,Tools,tool,it,chat-to-image-ai-generator,composite-v2,T-long,false,false,Chat AI con generatore di immagini | Creazione di immagini conversazionali | Lovart,,Tools/it/chat-to-image-ai-generator-it.json,
tool:it:coffee-shop-branding,Tools,tool,it,coffee-shop-branding,composite-v2,T-long,false,false,Strumento di branding per caffetterie | Design del logo e dell'identità AI | Lovart,,Tools/it/coffee-shop-branding-it.json,
tool:it:earbuds-design,Tools,tool,it,earbuds-design,composite-v2,T-long,false,false,Strumento di progettazione degli auricolari | Concetti di progettazione del prodotto AI | Lovart,,Tools/it/earbuds-design-it.json,
tool:it:flux-ai-image-generator,Tools,tool,it,flux-ai-image-generator,composite-v2,T-long,false,false,Generatore di immagini AI Flusso | Creazione di immagini AI di alta qualità | Lovart,,Tools/it/flux-ai-image-generator-it.json,
tool:it:free-ai-illustration-generator,Tools,tool,it,free-ai-illustration-generator,composite-v2,T-long,false,false,Generatore di illustrazioni AI | Crea arte dalle descrizioni di testo | Lovart,,Tools/it/free-ai-illustration-generator-it.json,
tool:it:free-ai-mockup-generator,Tools,tool,it,free-ai-mockup-generator,composite-v2,T-long,false,false,Generatore di modelli AI | Crea modelli di prodotti fotorealistici | Lovart,,Tools/it/free-ai-mockup-generator-it.json,
tool:it:hailuo-2-3-ai-video-generator,Tools,tool,it,hailuo-2-3-ai-video-generator,composite-v2,T-long,false,false,Generatore video AI Hailuo 2.3 | Video in movimento realistico | Lovart,,Tools/it/hailuo-2-3-ai-video-generator-it.json,
tool:it:image-to-image,Tools,tool,it,image-to-image,composite-v2,T-long,false,false,Immagine in immagine AI | Trasforma le foto in nuovi elementi visivi | Lovart,,Tools/it/image-to-image-it.json,
tool:it:image-to-video,Tools,tool,it,image-to-video,composite-v2,T-long,false,false,Immagine in video AI | Trasforma le foto in video animati | Lovart,,Tools/it/image-to-video-it.json,
tool:it:ip-avatar-design-tool,Tools,tool,it,ip-avatar-design-tool,composite-v2,T-long,false,false,Strumento di progettazione avatar AI | Personaggi IP e mascotte del marchio | Lovart,,Tools/it/ip-avatar-design-tool-it.json,
tool:it:kling-o1,Tools,tool,it,kling-o1,composite-v2,T-long,false,false,Generatore video AI Kling O1 | Video creativo stilizzato | Lovart,,Tools/it/kling-o1-it.json,
tool:it:nano-banana-2-ai-image-generator,Tools,tool,it,nano-banana-2-ai-image-generator,composite-v2,T-long,false,false,Nano Banana 2 AI Editor | Fotoritocco in linguaggio naturale | Lovart,,Tools/it/nano-banana-2-ai-image-generator-it.json,
tool:it:nano-banana-2-instagram-story-maker,Tools,tool,it,nano-banana-2-instagram-story-maker,composite-v2,T-long,false,false,Creatore di storie per Instagram | Progettazione AI con Nano Banana 2 | Lovart,,Tools/it/nano-banana-2-instagram-story-maker-it.json,
tool:it:nano-banana-free,Tools,tool,it,nano-banana-free,composite-v2,T-long,false,false,Nano banane gratis | Generatore di immagini AI gratuito online | Lovart,,Tools/it/nano-banana-free-it.json,
tool:it:nanobanana-pro,Tools,tool,it,nanobanana-pro,composite-v2,T-long,false,false,Nano Banana Pro | Il generatore di immagini AI di Google su Lovart,,Tools/it/nanobanana-pro-it.json,
tool:it:nanobanana2,Tools,tool,it,nanobanana2,composite-v2,T-long,false,false,NanoBanana 2 | Editor di immagini AI con Gemini 2.5 Flash | Lovart,,Tools/it/nanobanana2-it.json,
tool:it:natural-home-brand-design,Tools,tool,it,natural-home-brand-design,composite-v2,T-long,false,false,Strumento di progettazione del marchio naturale | AI di branding ecologico | Lovart,,Tools/it/natural-home-brand-design-it.json,
tool:it:product-to-image-generator,Tools,tool,it,product-to-image-generator,composite-v2,T-long,false,false,Generatore da prodotto a immagine | Fotografia di prodotti AI | Lovart,,Tools/it/product-to-image-generator-it.json,
tool:it:seedance-2-ai-video-ad-generator-high-conversion,Tools,tool,it,seedance-2-ai-video-ad-generator-high-conversion,composite-v2,T-long,false,false,Generatore di annunci video AI | Annunci video ad alta conversione | Lovart,,Tools/it/seedance-2-ai-video-ad-generator-high-conversion-it.json,
tool:it:seedance-2-ai-video-generator,Tools,tool,it,seedance-2-ai-video-generator,composite-v2,T-long,false,false,Generatore video AI Seedance 2.0 | Video del prodotto commerciale | Lovart,,Tools/it/seedance-2-ai-video-generator-it.json,
tool:it:seedance-ai-video-ads-generation,Tools,tool,it,seedance-ai-video-ads-generation,composite-v2,T-long,false,false,Generatore di annunci video AI | Creazione di annunci video performanti | Lovart,,Tools/it/seedance-ai-video-ads-generation-it.json,
tool:it:seedream-4.5,Tools,tool,it,seedream-4.5,composite-v2,T-long,false,false,Generatore di immagini AI Seedream 4.5 | Creazione di immagini professionali | Lovart,,Tools/it/seedream-4.5-it.json,
tool:it:seedream-5-ai-image-generator,Tools,tool,it,seedream-5-ai-image-generator,composite-v2,T-long,false,false,Generatore IA di Seedream 5 | Creazione di immagini supportata dalla ricerca | Lovart,,Tools/it/seedream-5-ai-image-generator-it.json,
tool:it:sora2,Tools,tool,it,sora2,composite-v2,T-long,false,false,Generatore video AI di Sora 2 | Creazione video cinematografici su Lovart,,Tools/it/sora2-it.json,
tool:it:swap-to-video,Tools,tool,it,swap-to-video,composite-v2,T-long,false,false,Scambia AI in video | Animare gli scambi di volti nei clip video | Lovart,,Tools/it/swap-to-video-it.json,
tool:it:text-to-image-generator,Tools,tool,it,text-to-image-generator,composite-v2,T-long,false,false,Generatore di testo AI in immagine | Trasforma le parole in immagini | Lovart,,Tools/it/text-to-image-generator-it.json,
tool:it:veo3.1,Tools,tool,it,veo3.1,composite-v2,T-long,false,false,Generatore video AI Veo 3.1 | Creazione di video in movimento realistici | Lovart,,Tools/it/veo3.1-it.json,
tool:it:video-generator,Tools,tool,it,video-generator,composite-v2,T-long,false,false,Generatore video AI | Crea annunci video pronti per il canale | Lovart,,Tools/it/video-generator-it.json,
tool:it:virtual-actor-creation,Tools,tool,it,virtual-actor-creation,composite-v2,T-long,false,false,Generatore di attori virtuali AI | Artisti IA realistici | Lovart,,Tools/it/virtual-actor-creation-it.json,
tool:ja:ai-anime-generator,Tools,tool,ja,ai-anime-generator,composite-v2,T-long,false,false,AIアニメジェネレーター | AI で本格的なアニメアートを作成 |ロヴァート,,Tools/ja/ai-anime-generator-ja.json,
tool:ja:ai-art-generator,Tools,tool,ja,ai-art-generator,composite-v2,T-long,false,false,AIアートジェネレーター |テキストから見事なデジタル アートを作成 |ロヴァート,,Tools/ja/ai-art-generator-ja.json,
tool:ja:ai-avatar-generator,Tools,tool,ja,ai-avatar-generator,composite-v2,T-long,false,false,AIアバタージェネレーター |話すアバターと仮想キャラクターを作成 |ロヴァート,,Tools/ja/ai-avatar-generator-ja.json,
tool:ja:ai-baby-podcast-generator,Tools,tool,ja,ai-baby-podcast-generator,composite-v2,T-long,false,false,AI Baby ポッドキャスト ジェネレーター |赤ちゃんの声のコンテンツを作成する |ロヴァート,,Tools/ja/ai-baby-podcast-generator-ja.json,
tool:ja:ai-background-generator,Tools,tool,ja,ai-background-generator,composite-v2,T-long,false,false,AI背景ジェネレーター |専門的な背景を作成する |ロヴァート,,Tools/ja/ai-background-generator-ja.json,
tool:ja:ai-background-remover,Tools,tool,ja,ai-background-remover,composite-v2,T-long,false,false,AI Background Remover | Remove Image Backgrounds in Seconds | Lovart,,Tools/ja/ai-background-remover-ja.json,
tool:ja:ai-cartoon-avatar,Tools,tool,ja,ai-cartoon-avatar,composite-v2,T-long,false,false,AI漫画アバターメーカー |写真を漫画に変える |ロヴァート,,Tools/ja/ai-cartoon-avatar-ja.json,
tool:ja:ai-design-agent,Tools,tool,ja,ai-design-agent,composite-v2,T-long,false,false,AIデザインエージェント |自律的なブランディングとクリエイティブ ワークフロー |ロヴァート,,Tools/ja/ai-design-agent-ja.json,
tool:ja:ai-face-swap,Tools,tool,ja,ai-face-swap,composite-v2,T-long,false,false,AI顔交換 |写真内の顔をシームレスに交換 |ロヴァート,,Tools/ja/ai-face-swap-ja.json,
tool:ja:ai-facebook-ad-creator,Tools,tool,ja,ai-facebook-ad-creator,composite-v2,T-long,false,false,AI Facebook 広告クリエーター | AI を使用した高 CTR メタ広告 |ロヴァート,,Tools/ja/ai-facebook-ad-creator-ja.json,
tool:ja:ai-image-enhancer,Tools,tool,ja,ai-image-enhancer,composite-v2,T-long,false,false,AIイメージエンハンサー |写真の品質を向上させて向上させる |ロヴァート,,Tools/ja/ai-image-enhancer-ja.json,
tool:ja:ai-image-extender,Tools,tool,ja,ai-image-extender,composite-v2,T-long,false,false,AI画像エクステンダー |写真をフレームの外に拡大する |ロヴァート,,Tools/ja/ai-image-extender-ja.json,
tool:ja:ai-image-upscaler,Tools,tool,ja,ai-image-upscaler,composite-v2,T-long,false,false,AIイメージアップスケーラー |画像を 4K にアップスケール |ロヴァート,,Tools/ja/ai-image-upscaler-ja.json,
tool:ja:ai-logo-generator,Tools,tool,ja,ai-logo-generator,composite-v2,T-long,false,false,AIロゴジェネレーター | AI を使用してプロフェッショナルなロゴをデザイン |ロヴァート,,Tools/ja/ai-logo-generator-ja.json,
tool:ja:ai-object-remover,Tools,tool,ja,ai-object-remover,composite-v2,T-long,false,false,AI オブジェクト削除 |写真から不要なオブジェクトを削除する |ロヴァート,,Tools/ja/ai-object-remover-ja.json,
tool:ja:ai-pinterest-pin-maker-by-lovart,Tools,tool,ja,ai-pinterest-pin-maker-by-lovart,composite-v2,T-long,false,false,AI Pinterest ピン メーカー | AI でバイラルピンを作成 |ロヴァート,,Tools/ja/ai-pinterest-pin-maker-by-lovart-ja.json,
tool:ja:ai-post-generator,Tools,tool,ja,ai-post-generator,composite-v2,T-long,false,false,AI ソーシャル メディア投稿ジェネレーター |すべてのプラットフォームの投稿を作成する |ロヴァート,,Tools/ja/ai-post-generator-ja.json,
tool:ja:ai-product-background,Tools,tool,ja,ai-product-background,composite-v2,T-long,false,false,AI製品背景ジェネレーター |プロの製品写真の背景 |ロヴァート,,Tools/ja/ai-product-background-ja.json,
tool:ja:ai-product-image-generator,Tools,tool,ja,ai-product-image-generator,composite-v2,T-long,false,false,AI Product Image Generator | PDP & Marketplace Visuals | Lovart,,Tools/ja/ai-product-image-generator-ja.json,
tool:ja:ai-style-transfer,Tools,tool,ja,ai-style-transfer,composite-v2,T-long,false,false,AI Style Transfer |写真に芸術的なスタイルを適用する |ロヴァート,,Tools/ja/ai-style-transfer-ja.json,
tool:ja:ai-twitter-header-creator-lovart,Tools,tool,ja,ai-twitter-header-creator-lovart,composite-v2,T-long,false,false,AI Twitter ヘッダー作成者 | AI を使用したカスタム バナー デザイン |ロヴァート,,Tools/ja/ai-twitter-header-creator-lovart-ja.json,
tool:ja:ai-video-ad-generator-seedance,Tools,tool,ja,ai-video-ad-generator-seedance,composite-v2,T-long,false,false,Seedance AI 動画広告ジェネレーター |パフォーマンス商品広告 |ロヴァート,,Tools/ja/ai-video-ad-generator-seedance-ja.json,
tool:ja:ai-video-generator,Tools,tool,ja,ai-video-generator,composite-v2,T-long,false,false,AI Video Generator |画像とテキストをビデオに変換 |ロヴァート,,Tools/ja/ai-video-generator-ja.json,
tool:ja:chat-to-image-ai-generator,Tools,tool,ja,chat-to-image-ai-generator,composite-v2,T-long,false,false,AIチャット→画像生成 |会話型イメージの作成 |ロヴァート,,Tools/ja/chat-to-image-ai-generator-ja.json,
tool:ja:coffee-shop-branding,Tools,tool,ja,coffee-shop-branding,composite-v2,T-long,false,false,コーヒーショップブランディングツール | AI ロゴとアイデンティティのデザイン |ロヴァート,,Tools/ja/coffee-shop-branding-ja.json,
tool:ja:earbuds-design,Tools,tool,ja,earbuds-design,composite-v2,T-long,false,false,イヤホンデザインツール | AI 製品設計のコンセプト |ロヴァート,,Tools/ja/earbuds-design-ja.json,
tool:ja:flux-ai-image-generator,Tools,tool,ja,flux-ai-image-generator,composite-v2,T-long,false,false,Flux AI 画像ジェネレーター |高品質なAI画像作成 |ロヴァート,,Tools/ja/flux-ai-image-generator-ja.json,
tool:ja:free-ai-illustration-generator,Tools,tool,ja,free-ai-illustration-generator,composite-v2,T-long,false,false,AIイラストジェネレーター |テキストの説明からアートを作成 |ロヴァート,,Tools/ja/free-ai-illustration-generator-ja.json,
tool:ja:free-ai-mockup-generator,Tools,tool,ja,free-ai-mockup-generator,composite-v2,T-long,false,false,AI モックアップ ジェネレーター |写実的な製品モックアップを作成する |ロヴァート,,Tools/ja/free-ai-mockup-generator-ja.json,
tool:ja:hailuo-2-3-ai-video-generator,Tools,tool,ja,hailuo-2-3-ai-video-generator,composite-v2,T-long,false,false,Hailuo 2.3 AI ビデオ ジェネレーター |リアルなモーションビデオ |ロヴァート,,Tools/ja/hailuo-2-3-ai-video-generator-ja.json,
tool:ja:image-to-image,Tools,tool,ja,image-to-image,composite-v2,T-long,false,false,画像から画像への AI |写真を新しいビジュアルに変換 |ロヴァート,,Tools/ja/image-to-image-ja.json,
tool:ja:image-to-video,Tools,tool,ja,image-to-video,composite-v2,T-long,false,false,画像からビデオへの AI |写真をアニメーションビデオに変える |ロヴァート,,Tools/ja/image-to-video-ja.json,
tool:ja:ip-avatar-design-tool,Tools,tool,ja,ip-avatar-design-tool,composite-v2,T-long,false,false,AIアバターデザインツール | IPキャラクター＆ブランドマスコット |ロヴァート,,Tools/ja/ip-avatar-design-tool-ja.json,
tool:ja:kling-o1,Tools,tool,ja,kling-o1,composite-v2,T-long,false,false,Kling O1 AI ビデオ ジェネレーター |様式化されたクリエイティブビデオ |ロヴァート,,Tools/ja/kling-o1-ja.json,
tool:ja:nano-banana-2-ai-image-generator,Tools,tool,ja,nano-banana-2-ai-image-generator,composite-v2,T-long,false,false,Nano Banana 2 AI エディター |自然言語による写真編集 |ロヴァート,,Tools/ja/nano-banana-2-ai-image-generator-ja.json,
tool:ja:nano-banana-2-instagram-story-maker,Tools,tool,ja,nano-banana-2-instagram-story-maker,composite-v2,T-long,false,false,インスタストーリーメーカー | Nano Banana 2 による AI デザイン |ロヴァート,,Tools/ja/nano-banana-2-instagram-story-maker-ja.json,
tool:ja:nano-banana-free,Tools,tool,ja,nano-banana-free,composite-v2,T-long,false,false,ナノバナナフリー |無料のオンライン AI 画像ジェネレーター |ロヴァート,,Tools/ja/nano-banana-free-ja.json,
tool:ja:nanobanana-pro,Tools,tool,ja,nanobanana-pro,composite-v2,T-long,false,false,ナノバナナプロ | Lovart 上の Google の AI 画像ジェネレーター,,Tools/ja/nanobanana-pro-ja.json,
tool:ja:nanobanana2,Tools,tool,ja,nanobanana2,composite-v2,T-long,false,false,ナノバナナ 2 | Gemini 2.5 Flash を使用した AI 画像エディター |ロヴァート,,Tools/ja/nanobanana2-ja.json,
tool:ja:natural-home-brand-design,Tools,tool,ja,natural-home-brand-design,composite-v2,T-long,false,false,ナチュラルブランドデザインツール |環境に優しいブランディング AI |ロヴァート,,Tools/ja/natural-home-brand-design-ja.json,
tool:ja:product-to-image-generator,Tools,tool,ja,product-to-image-generator,composite-v2,T-long,false,false,プロダクトから画像へのジェネレーター | AI製品写真 |ロヴァート,,Tools/ja/product-to-image-generator-ja.json,
tool:ja:seedance-2-ai-video-ad-generator-high-conversion,Tools,tool,ja,seedance-2-ai-video-ad-generator-high-conversion,composite-v2,T-long,false,false,AI動画広告ジェネレーター |高コンバージョン動画広告 |ロヴァート,,Tools/ja/seedance-2-ai-video-ad-generator-high-conversion-ja.json,
tool:ja:seedance-2-ai-video-generator,Tools,tool,ja,seedance-2-ai-video-generator,composite-v2,T-long,false,false,Seedance 2.0 AI ビデオ ジェネレーター |商用製品ビデオ |ロヴァート,,Tools/ja/seedance-2-ai-video-generator-ja.json,
tool:ja:seedance-ai-video-ads-generation,Tools,tool,ja,seedance-ai-video-ads-generation,composite-v2,T-long,false,false,AI動画広告ジェネレーター |パフォーマンスビデオ広告の作成 |ロヴァート,,Tools/ja/seedance-ai-video-ads-generation-ja.json,
tool:ja:seedream-4.5,Tools,tool,ja,seedream-4.5,composite-v2,T-long,false,false,Seedream 4.5 AI 画像ジェネレーター |プロの画像作成 |ロヴァート,,Tools/ja/seedream-4.5-ja.json,
tool:ja:seedream-5-ai-image-generator,Tools,tool,ja,seedream-5-ai-image-generator,composite-v2,T-long,false,false,Seedream 5 AI ジェネレーター |研究に裏付けられた画像の作成 |ロヴァート,,Tools/ja/seedream-5-ai-image-generator-ja.json,
tool:ja:sora2,Tools,tool,ja,sora2,composite-v2,T-long,false,false,Sora 2 AI ビデオ ジェネレーター | Lovart で映画のようなビデオを作成,,Tools/ja/sora2-ja.json,
tool:ja:swap-to-video,Tools,tool,ja,swap-to-video,composite-v2,T-long,false,false,AI Swap to Video |顔の入れ替えをビデオクリップにアニメーション化する |ロヴァート,,Tools/ja/swap-to-video-ja.json,
tool:ja:text-to-image-generator,Tools,tool,ja,text-to-image-generator,composite-v2,T-long,false,false,AI テキストから画像へのジェネレーター |言葉をビジュアルに変える |ロヴァート,,Tools/ja/text-to-image-generator-ja.json,
tool:ja:veo3.1,Tools,tool,ja,veo3.1,composite-v2,T-long,false,false,Veo 3.1 AI ビデオ ジェネレーター |リアルなモーションビデオの作成 |ロヴァート,,Tools/ja/veo3.1-ja.json,
tool:ja:video-generator,Tools,tool,ja,video-generator,composite-v2,T-long,false,false,AI Video Generator |チャンネル対応の動画広告を作成する |ロヴァート,,Tools/ja/video-generator-ja.json,
tool:ja:virtual-actor-creation,Tools,tool,ja,virtual-actor-creation,composite-v2,T-long,false,false,AI バーチャル アクター ジェネレーター |リアルな AI パフォーマー |ロヴァート,,Tools/ja/virtual-actor-creation-ja.json,
tool:ko:ai-anime-generator,Tools,tool,ko,ai-anime-generator,composite-v2,T-long,false,false,AI 애니메이션 생성기 | AI로 정통 애니메이션 아트 만들기 | 로바트,,Tools/ko/ai-anime-generator-ko.json,
tool:ko:ai-art-generator,Tools,tool,ko,ai-art-generator,composite-v2,T-long,false,false,AI 아트 생성기 | 텍스트로 멋진 디지털 아트 만들기 | 로바트,,Tools/ko/ai-art-generator-ko.json,
tool:ko:ai-avatar-generator,Tools,tool,ko,ai-avatar-generator,composite-v2,T-long,false,false,AI 아바타 생성기 | 말하는 아바타 및 가상 캐릭터 만들기 | 로바트,,Tools/ko/ai-avatar-generator-ko.json,
tool:ko:ai-baby-podcast-generator,Tools,tool,ko,ai-baby-podcast-generator,composite-v2,T-long,false,false,AI 베이비 팟캐스트 생성기 | 아기 음성 콘텐츠 만들기 | 로바트,,Tools/ko/ai-baby-podcast-generator-ko.json,
tool:ko:ai-background-generator,Tools,tool,ko,ai-background-generator,composite-v2,T-long,false,false,AI 배경 생성기 | 전문적인 배경 만들기 | 로바트,,Tools/ko/ai-background-generator-ko.json,
tool:ko:ai-background-remover,Tools,tool,ko,ai-background-remover,composite-v2,T-long,false,false,AI Background Remover | Remove Image Backgrounds in Seconds | Lovart,,Tools/ko/ai-background-remover-ko.json,
tool:ko:ai-cartoon-avatar,Tools,tool,ko,ai-cartoon-avatar,composite-v2,T-long,false,false,AI 만화 아바타 메이커 | 사진을 만화로 바꾸기 | 로바트,,Tools/ko/ai-cartoon-avatar-ko.json,
tool:ko:ai-design-agent,Tools,tool,ko,ai-design-agent,composite-v2,T-long,false,false,AI 디자인 에이전트 | 자율적인 브랜딩 및 크리에이티브 워크플로우 | 로바트,,Tools/ko/ai-design-agent-ko.json,
tool:ko:ai-face-swap,Tools,tool,ko,ai-face-swap,composite-v2,T-long,false,false,AI 얼굴 교환 | 사진 속 얼굴을 원활하게 교환하세요 | 로바트,,Tools/ko/ai-face-swap-ko.json,
tool:ko:ai-facebook-ad-creator,Tools,tool,ko,ai-facebook-ad-creator,composite-v2,T-long,false,false,AI 페이스북 광고 크리에이터 | AI를 활용한 CTR이 높은 메타 광고 | 로바트,,Tools/ko/ai-facebook-ad-creator-ko.json,
tool:ko:ai-image-enhancer,Tools,tool,ko,ai-image-enhancer,composite-v2,T-long,false,false,AI 이미지 강화기 | 고급화 및 사진 품질 향상 | 로바트,,Tools/ko/ai-image-enhancer-ko.json,
tool:ko:ai-image-extender,Tools,tool,ko,ai-image-extender,composite-v2,T-long,false,false,AI 이미지 확장기 | 프레임 너머로 사진 확장 | 로바트,,Tools/ko/ai-image-extender-ko.json,
tool:ko:ai-image-upscaler,Tools,tool,ko,ai-image-upscaler,composite-v2,T-long,false,false,AI 이미지 업스케일러 | 고급 이미지를 4K로 | 로바트,,Tools/ko/ai-image-upscaler-ko.json,
tool:ko:ai-logo-generator,Tools,tool,ko,ai-logo-generator,composite-v2,T-long,false,false,AI 로고 생성기 | AI를 활용한 전문 로고 디자인 | 로바트,,Tools/ko/ai-logo-generator-ko.json,
tool:ko:ai-object-remover,Tools,tool,ko,ai-object-remover,composite-v2,T-long,false,false,AI 개체 제거기 | 사진에서 원하지 않는 개체 제거 | 로바트,,Tools/ko/ai-object-remover-ko.json,
tool:ko:ai-pinterest-pin-maker-by-lovart,Tools,tool,ko,ai-pinterest-pin-maker-by-lovart,composite-v2,T-long,false,false,AI 핀터레스트 핀 메이커 | AI로 바이럴 핀 만들기 | 로바트,,Tools/ko/ai-pinterest-pin-maker-by-lovart-ko.json,
tool:ko:ai-post-generator,Tools,tool,ko,ai-post-generator,composite-v2,T-long,false,false,AI 소셜 미디어 게시물 생성기 | 모든 플랫폼에 대한 게시물 작성 | 로바트,,Tools/ko/ai-post-generator-ko.json,
tool:ko:ai-product-background,Tools,tool,ko,ai-product-background,composite-v2,T-long,false,false,AI 제품 배경 생성기 | 전문 제품 사진 배경 | 로바트,,Tools/ko/ai-product-background-ko.json,
tool:ko:ai-product-image-generator,Tools,tool,ko,ai-product-image-generator,composite-v2,T-long,false,false,AI Product Image Generator | PDP & Marketplace Visuals | Lovart,,Tools/ko/ai-product-image-generator-ko.json,
tool:ko:ai-style-transfer,Tools,tool,ko,ai-style-transfer,composite-v2,T-long,false,false,AI 스타일 전환 | 사진에 예술적 스타일 적용 | 로바트,,Tools/ko/ai-style-transfer-ko.json,
tool:ko:ai-twitter-header-creator-lovart,Tools,tool,ko,ai-twitter-header-creator-lovart,composite-v2,T-long,false,false,AI 트위터 헤더 생성기 | AI를 활용한 맞춤형 배너 디자인 | 로바트,,Tools/ko/ai-twitter-header-creator-lovart-ko.json,
tool:ko:ai-video-ad-generator-seedance,Tools,tool,ko,ai-video-ad-generator-seedance,composite-v2,T-long,false,false,Seedance AI 동영상 광고 생성기 | 퍼포먼스 제품 광고 | 로바트,,Tools/ko/ai-video-ad-generator-seedance-ko.json,
tool:ko:ai-video-generator,Tools,tool,ko,ai-video-generator,composite-v2,T-long,false,false,AI 영상 생성기 | 이미지와 텍스트를 비디오로 전환 | 로바트,,Tools/ko/ai-video-generator-ko.json,
tool:ko:chat-to-image-ai-generator,Tools,tool,ko,chat-to-image-ai-generator,composite-v2,T-long,false,false,이미지 생성기로 AI 채팅 | 대화형 이미지 생성 | 로바트,,Tools/ko/chat-to-image-ai-generator-ko.json,
tool:ko:coffee-shop-branding,Tools,tool,ko,coffee-shop-branding,composite-v2,T-long,false,false,커피숍 브랜딩 도구 | AI 로고 및 아이덴티티 디자인 | 로바트,,Tools/ko/coffee-shop-branding-ko.json,
tool:ko:earbuds-design,Tools,tool,ko,earbuds-design,composite-v2,T-long,false,false,이어버드 디자인 도구 | AI 제품 디자인 컨셉 | 로바트,,Tools/ko/earbuds-design-ko.json,
tool:ko:flux-ai-image-generator,Tools,tool,ko,flux-ai-image-generator,composite-v2,T-long,false,false,플럭스 AI 이미지 생성기 | 고품질 AI 이미지 생성 | 로바트,,Tools/ko/flux-ai-image-generator-ko.json,
tool:ko:free-ai-illustration-generator,Tools,tool,ko,free-ai-illustration-generator,composite-v2,T-long,false,false,AI 일러스트 생성기 | 텍스트 설명으로 아트 만들기 | 로바트,,Tools/ko/free-ai-illustration-generator-ko.json,
tool:ko:free-ai-mockup-generator,Tools,tool,ko,free-ai-mockup-generator,composite-v2,T-long,false,false,AI 목업 생성기 | 사실적인 제품 모형 만들기 | 로바트,,Tools/ko/free-ai-mockup-generator-ko.json,
tool:ko:hailuo-2-3-ai-video-generator,Tools,tool,ko,hailuo-2-3-ai-video-generator,composite-v2,T-long,false,false,Hailuo 2.3 AI 비디오 생성기 | 실감나는 모션 비디오 | 로바트,,Tools/ko/hailuo-2-3-ai-video-generator-ko.json,
tool:ko:image-to-image,Tools,tool,ko,image-to-image,composite-v2,T-long,false,false,이미지를 이미지 AI로 | 사진을 새로운 시각 자료로 변환 | 로바트,,Tools/ko/image-to-image-ko.json,
tool:ko:image-to-video,Tools,tool,ko,image-to-video,composite-v2,T-long,false,false,이미지를 비디오 AI로 | 사진을 애니메이션 비디오로 변환 | 로바트,,Tools/ko/image-to-video-ko.json,
tool:ko:ip-avatar-design-tool,Tools,tool,ko,ip-avatar-design-tool,composite-v2,T-long,false,false,AI 아바타 디자인 도구 | IP 캐릭터 및 브랜드 마스코트 | 로바트,,Tools/ko/ip-avatar-design-tool-ko.json,
tool:ko:kling-o1,Tools,tool,ko,kling-o1,composite-v2,T-long,false,false,클링 O1 AI 영상 생성기 | 스타일화된 크리에이티브 비디오 | 로바트,,Tools/ko/kling-o1-ko.json,
tool:ko:nano-banana-2-ai-image-generator,Tools,tool,ko,nano-banana-2-ai-image-generator,composite-v2,T-long,false,false,나노바나나2 AI 에디터 | 자연어 사진 편집 | 로바트,,Tools/ko/nano-banana-2-ai-image-generator-ko.json,
tool:ko:nano-banana-2-instagram-story-maker,Tools,tool,ko,nano-banana-2-instagram-story-maker,composite-v2,T-long,false,false,인스타그램 스토리 메이커 | Nano Banana 2를 사용한 AI 디자인 | 로바트,,Tools/ko/nano-banana-2-instagram-story-maker-ko.json,
tool:ko:nano-banana-free,Tools,tool,ko,nano-banana-free,composite-v2,T-long,false,false,나노 바나나 프리 | 무료 AI 이미지 생성기 온라인 | 로바트,,Tools/ko/nano-banana-free-ko.json,
tool:ko:nanobanana-pro,Tools,tool,ko,nanobanana-pro,composite-v2,T-long,false,false,나노 바나나 프로 | Lovart의 Google AI 이미지 생성기,,Tools/ko/nanobanana-pro-ko.json,
tool:ko:nanobanana2,Tools,tool,ko,nanobanana2,composite-v2,T-long,false,false,나노바나나 2 | Gemini 2.5 Flash를 사용한 AI 이미지 편집기 | 로바트,,Tools/ko/nanobanana2-ko.json,
tool:ko:natural-home-brand-design,Tools,tool,ko,natural-home-brand-design,composite-v2,T-long,false,false,천연 브랜드 디자인 도구 | 친환경 브랜딩 AI | 로바트,,Tools/ko/natural-home-brand-design-ko.json,
tool:ko:product-to-image-generator,Tools,tool,ko,product-to-image-generator,composite-v2,T-long,false,false,제품을 이미지 생성기로 | AI 제품 사진 | 로바트,,Tools/ko/product-to-image-generator-ko.json,
tool:ko:seedance-2-ai-video-ad-generator-high-conversion,Tools,tool,ko,seedance-2-ai-video-ad-generator-high-conversion,composite-v2,T-long,false,false,AI 동영상 광고 생성기 | 전환율이 높은 비디오 광고 | 로바트,,Tools/ko/seedance-2-ai-video-ad-generator-high-conversion-ko.json,
tool:ko:seedance-2-ai-video-generator,Tools,tool,ko,seedance-2-ai-video-generator,composite-v2,T-long,false,false,Seedance 2.0 AI 비디오 생성기 | 상용 제품 비디오 | 로바트,,Tools/ko/seedance-2-ai-video-generator-ko.json,
tool:ko:seedance-ai-video-ads-generation,Tools,tool,ko,seedance-ai-video-ads-generation,composite-v2,T-long,false,false,AI 동영상 광고 생성기 | 퍼포먼스 비디오 광고작성 | 로바트,,Tools/ko/seedance-ai-video-ads-generation-ko.json,
tool:ko:seedream-4.5,Tools,tool,ko,seedream-4.5,composite-v2,T-long,false,false,Seedream 4.5 AI 이미지 생성기 | 전문적인 이미지 생성 | 로바트,,Tools/ko/seedream-4.5-ko.json,
tool:ko:seedream-5-ai-image-generator,Tools,tool,ko,seedream-5-ai-image-generator,composite-v2,T-long,false,false,씨드림5 AI 생성기 | 연구 기반 이미지 생성 | 로바트,,Tools/ko/seedream-5-ai-image-generator-ko.json,
tool:ko:sora2,Tools,tool,ko,sora2,composite-v2,T-long,false,false,소라2 AI 영상 생성기 | Lovart에서 영화 같은 영상 제작,,Tools/ko/sora2-ko.json,
tool:ko:swap-to-video,Tools,tool,ko,swap-to-video,composite-v2,T-long,false,false,AI를 영상으로 전환 | 얼굴 스왑을 비디오 클립으로 애니메이션화 | 로바트,,Tools/ko/swap-to-video-ko.json,
tool:ko:text-to-image-generator,Tools,tool,ko,text-to-image-generator,composite-v2,T-long,false,false,AI 텍스트를 이미지로 변환하는 생성기 | 단어를 시각적으로 변환 | 로바트,,Tools/ko/text-to-image-generator-ko.json,
tool:ko:veo3.1,Tools,tool,ko,veo3.1,composite-v2,T-long,false,false,Veo 3.1 AI 비디오 생성기 | 실감나는 모션 비디오 제작 | 로바트,,Tools/ko/veo3.1-ko.json,
tool:ko:video-generator,Tools,tool,ko,video-generator,composite-v2,T-long,false,false,AI 영상 생성기 | 채널용 비디오 광고 만들기 | 로바트,,Tools/ko/video-generator-ko.json,
tool:ko:virtual-actor-creation,Tools,tool,ko,virtual-actor-creation,composite-v2,T-long,false,false,AI 가상 배우 생성기 | 현실적인 AI 수행자 | 로바트,,Tools/ko/virtual-actor-creation-ko.json,
tool:pt:ai-anime-generator,Tools,tool,pt,ai-anime-generator,composite-v2,T-long,false,false,Gerador de Anime AI | Crie arte de anime autêntica com IA | Lovart,,Tools/pt/ai-anime-generator-pt.json,
tool:pt:ai-art-generator,Tools,tool,pt,ai-art-generator,composite-v2,T-long,false,false,Gerador de arte AI | Crie arte digital impressionante a partir de texto | Lovart,,Tools/pt/ai-art-generator-pt.json,
tool:pt:ai-avatar-generator,Tools,tool,pt,ai-avatar-generator,composite-v2,T-long,false,false,Gerador de avatar de IA | Crie avatares falantes e personagens virtuais | Lovart,,Tools/pt/ai-avatar-generator-pt.json,
tool:pt:ai-baby-podcast-generator,Tools,tool,pt,ai-baby-podcast-generator,composite-v2,T-long,false,false,Gerador de podcast para bebês AI | Crie conteúdo de voz para bebês | Lovart,,Tools/pt/ai-baby-podcast-generator-pt.json,
tool:pt:ai-background-generator,Tools,tool,pt,ai-background-generator,composite-v2,T-long,false,false,Gerador de fundo de IA | Crie planos de fundo profissionais | Lovart,,Tools/pt/ai-background-generator-pt.json,
tool:pt:ai-background-remover,Tools,tool,pt,ai-background-remover,composite-v2,T-long,false,false,AI Background Remover | Remove Image Backgrounds in Seconds | Lovart,,Tools/pt/ai-background-remover-pt.json,
tool:pt:ai-cartoon-avatar,Tools,tool,pt,ai-cartoon-avatar,composite-v2,T-long,false,false,Criador de avatar de desenho animado AI | Transforme fotos em desenhos animados | Lovart,,Tools/pt/ai-cartoon-avatar-pt.json,
tool:pt:ai-design-agent,Tools,tool,pt,ai-design-agent,composite-v2,T-long,false,false,Agente de design de IA | Branding autônomo e fluxo de trabalho criativo | Lovart,,Tools/pt/ai-design-agent-pt.json,
tool:pt:ai-face-swap,Tools,tool,pt,ai-face-swap,composite-v2,T-long,false,false,Troca de rosto de IA | Troque rostos em fotos perfeitamente | Lovart,,Tools/pt/ai-face-swap-pt.json,
tool:pt:ai-facebook-ad-creator,Tools,tool,pt,ai-facebook-ad-creator,composite-v2,T-long,false,false,AI Criador de anúncios no Facebook | Meta-anúncios de alta CTR com IA | Lovart,,Tools/pt/ai-facebook-ad-creator-pt.json,
tool:pt:ai-image-enhancer,Tools,tool,pt,ai-image-enhancer,composite-v2,T-long,false,false,Aprimorador de imagem AI | Aprimore e melhore a qualidade da foto | Lovart,,Tools/pt/ai-image-enhancer-pt.json,
tool:pt:ai-image-extender,Tools,tool,pt,ai-image-extender,composite-v2,T-long,false,false,Extensor de imagem AI | Expandir fotos além do quadro | Lovart,,Tools/pt/ai-image-extender-pt.json,
tool:pt:ai-image-upscaler,Tools,tool,pt,ai-image-upscaler,composite-v2,T-long,false,false,Aprimoramento de imagem AI | Aprimore imagens para 4K | Lovart,,Tools/pt/ai-image-upscaler-pt.json,
tool:pt:ai-logo-generator,Tools,tool,pt,ai-logo-generator,composite-v2,T-long,false,false,Gerador de logotipo AI | Crie logotipos profissionais com IA | Lovart,,Tools/pt/ai-logo-generator-pt.json,
tool:pt:ai-object-remover,Tools,tool,pt,ai-object-remover,composite-v2,T-long,false,false,Removedor de objetos AI | Remova objetos indesejados das fotos | Lovart,,Tools/pt/ai-object-remover-pt.json,
tool:pt:ai-pinterest-pin-maker-by-lovart,Tools,tool,pt,ai-pinterest-pin-maker-by-lovart,composite-v2,T-long,false,false,Criador de Pins AI Pinterest | Crie Pins Virais com IA | Lovart,,Tools/pt/ai-pinterest-pin-maker-by-lovart-pt.json,
tool:pt:ai-post-generator,Tools,tool,pt,ai-post-generator,composite-v2,T-long,false,false,Gerador de postagem de mídia social AI | Crie postagens para todas as plataformas | Lovart,,Tools/pt/ai-post-generator-pt.json,
tool:pt:ai-product-background,Tools,tool,pt,ai-product-background,composite-v2,T-long,false,false,Gerador de histórico de produtos de IA | Fundos profissionais para fotografia de produtos | Lovart,,Tools/pt/ai-product-background-pt.json,
tool:pt:ai-product-image-generator,Tools,tool,pt,ai-product-image-generator,composite-v2,T-long,false,false,AI Product Image Generator | PDP & Marketplace Visuals | Lovart,,Tools/pt/ai-product-image-generator-pt.json,
tool:pt:ai-style-transfer,Tools,tool,pt,ai-style-transfer,composite-v2,T-long,false,false,Transferência de estilo AI | Aplicar estilos artísticos às fotos | Lovart,,Tools/pt/ai-style-transfer-pt.json,
tool:pt:ai-twitter-header-creator-lovart,Tools,tool,pt,ai-twitter-header-creator-lovart,composite-v2,T-long,false,false,AI Criador de cabeçalho do Twitter | Design de banner personalizado com IA | Lovart,,Tools/pt/ai-twitter-header-creator-lovart-pt.json,
tool:pt:ai-video-ad-generator-seedance,Tools,tool,pt,ai-video-ad-generator-seedance,composite-v2,T-long,false,false,Gerador de anúncios em vídeo Seedance AI | Anúncios de produtos de desempenho | Lovart,,Tools/pt/ai-video-ad-generator-seedance-pt.json,
tool:pt:ai-video-generator,Tools,tool,pt,ai-video-generator,composite-v2,T-long,false,false,Gerador de vídeo AI | Transforme imagens e texto em vídeo | Lovart,,Tools/pt/ai-video-generator-pt.json,
tool:pt:chat-to-image-ai-generator,Tools,tool,pt,chat-to-image-ai-generator,composite-v2,T-long,false,false,AI Chat para Gerador de Imagens | Criação de imagens conversacionais | Lovart,,Tools/pt/chat-to-image-ai-generator-pt.json,
tool:pt:coffee-shop-branding,Tools,tool,pt,coffee-shop-branding,composite-v2,T-long,false,false,Ferramenta de branding de cafeteria | Logotipo AI e design de identidade | Lovart,,Tools/pt/coffee-shop-branding-pt.json,
tool:pt:earbuds-design,Tools,tool,pt,earbuds-design,composite-v2,T-long,false,false,Ferramenta de design de fones de ouvido | Conceitos de design de produto de IA | Lovart,,Tools/pt/earbuds-design-pt.json,
tool:pt:flux-ai-image-generator,Tools,tool,pt,flux-ai-image-generator,composite-v2,T-long,false,false,Gerador de imagem Flux AI | Criação de imagens de IA de alta qualidade | Lovart,,Tools/pt/flux-ai-image-generator-pt.json,
tool:pt:free-ai-illustration-generator,Tools,tool,pt,free-ai-illustration-generator,composite-v2,T-long,false,false,Gerador de ilustração AI | Crie arte a partir de descrições de texto | Lovart,,Tools/pt/free-ai-illustration-generator-pt.json,
tool:pt:free-ai-mockup-generator,Tools,tool,pt,free-ai-mockup-generator,composite-v2,T-long,false,false,Gerador de maquete de IA | Crie modelos fotorrealistas de produtos | Lovart,,Tools/pt/free-ai-mockup-generator-pt.json,
tool:pt:hailuo-2-3-ai-video-generator,Tools,tool,pt,hailuo-2-3-ai-video-generator,composite-v2,T-long,false,false,Gerador de vídeo AI Hailuo 2.3 | Vídeo de movimento realista | Lovart,,Tools/pt/hailuo-2-3-ai-video-generator-pt.json,
tool:pt:image-to-image,Tools,tool,pt,image-to-image,composite-v2,T-long,false,false,Imagem para Imagem AI | Transforme fotos em novos recursos visuais | Lovart,,Tools/pt/image-to-image-pt.json,
tool:pt:image-to-video,Tools,tool,pt,image-to-video,composite-v2,T-long,false,false,Imagem para Vídeo AI | Transforme fotos em vídeos animados | Lovart,,Tools/pt/image-to-video-pt.json,
tool:pt:ip-avatar-design-tool,Tools,tool,pt,ip-avatar-design-tool,composite-v2,T-long,false,false,Ferramenta de design de avatar de IA | Personagens IP e mascotes de marcas | Lovart,,Tools/pt/ip-avatar-design-tool-pt.json,
tool:pt:kling-o1,Tools,tool,pt,kling-o1,composite-v2,T-long,false,false,Gerador de vídeo Kling O1 AI | Vídeo criativo estilizado | Lovart,,Tools/pt/kling-o1-pt.json,
tool:pt:nano-banana-2-ai-image-generator,Tools,tool,pt,nano-banana-2-ai-image-generator,composite-v2,T-long,false,false,Editor de IA do Nano Banana 2 | Edição de fotos em linguagem natural | Lovart,,Tools/pt/nano-banana-2-ai-image-generator-pt.json,
tool:pt:nano-banana-2-instagram-story-maker,Tools,tool,pt,nano-banana-2-instagram-story-maker,composite-v2,T-long,false,false,Criador de histórias do Instagram | Design de IA com Nano Banana 2 | Lovart,,Tools/pt/nano-banana-2-instagram-story-maker-pt.json,
tool:pt:nano-banana-free,Tools,tool,pt,nano-banana-free,composite-v2,T-long,false,false,Nano Banana grátis | Gerador de imagens AI grátis online | Lovart,,Tools/pt/nano-banana-free-pt.json,
tool:pt:nanobanana-pro,Tools,tool,pt,nanobanana-pro,composite-v2,T-long,false,false,Nano Banana Pro | Gerador de imagens AI do Google em Lovart,,Tools/pt/nanobanana-pro-pt.json,
tool:pt:nanobanana2,Tools,tool,pt,nanobanana2,composite-v2,T-long,false,false,NanoBanana 2 | Editor de imagens AI com Gemini 2.5 Flash | Lovart,,Tools/pt/nanobanana2-pt.json,
tool:pt:natural-home-brand-design,Tools,tool,pt,natural-home-brand-design,composite-v2,T-long,false,false,Ferramenta de design de marca natural | IA de marca ecológica | Lovart,,Tools/pt/natural-home-brand-design-pt.json,
tool:pt:product-to-image-generator,Tools,tool,pt,product-to-image-generator,composite-v2,T-long,false,false,Produto para Gerador de Imagem | Fotografia de produtos de IA | Lovart,,Tools/pt/product-to-image-generator-pt.json,
tool:pt:seedance-2-ai-video-ad-generator-high-conversion,Tools,tool,pt,seedance-2-ai-video-ad-generator-high-conversion,composite-v2,T-long,false,false,Gerador de anúncios em vídeo AI | Anúncios em vídeo de alta conversão | Lovart,,Tools/pt/seedance-2-ai-video-ad-generator-high-conversion-pt.json,
tool:pt:seedance-2-ai-video-generator,Tools,tool,pt,seedance-2-ai-video-generator,composite-v2,T-long,false,false,Gerador de vídeo AI Seedance 2.0 | Vídeo de produto comercial | Lovart,,Tools/pt/seedance-2-ai-video-generator-pt.json,
tool:pt:seedance-ai-video-ads-generation,Tools,tool,pt,seedance-ai-video-ads-generation,composite-v2,T-long,false,false,Gerador de anúncios em vídeo AI | Criação de anúncios em vídeo de desempenho | Lovart,,Tools/pt/seedance-ai-video-ads-generation-pt.json,
tool:pt:seedream-4.5,Tools,tool,pt,seedream-4.5,composite-v2,T-long,false,false,Gerador de imagem AI Seedream 4.5 | Criação de imagem profissional | Lovart,,Tools/pt/seedream-4.5-pt.json,
tool:pt:seedream-5-ai-image-generator,Tools,tool,pt,seedream-5-ai-image-generator,composite-v2,T-long,false,false,Gerador de IA Seedream 5 | Criação de imagens apoiadas por pesquisas | Lovart,,Tools/pt/seedream-5-ai-image-generator-pt.json,
tool:pt:sora2,Tools,tool,pt,sora2,composite-v2,T-long,false,false,Gerador de vídeo Sora 2 AI | Criação de vídeo cinematográfico em Lovart,,Tools/pt/sora2-pt.json,
tool:pt:swap-to-video,Tools,tool,pt,swap-to-video,composite-v2,T-long,false,false,Alteração de IA para vídeo | Animar trocas de rosto em clipes de vídeo | Lovart,,Tools/pt/swap-to-video-pt.json,
tool:pt:text-to-image-generator,Tools,tool,pt,text-to-image-generator,composite-v2,T-long,false,false,Gerador de texto para imagem AI | Transforme palavras em recursos visuais | Lovart,,Tools/pt/text-to-image-generator-pt.json,
tool:pt:veo3.1,Tools,tool,pt,veo3.1,composite-v2,T-long,false,false,Gerador de vídeo AI Veo 3.1 | Criação de vídeo em movimento realista | Lovart,,Tools/pt/veo3.1-pt.json,
tool:pt:video-generator,Tools,tool,pt,video-generator,composite-v2,T-long,false,false,Gerador de vídeo AI | Crie anúncios em vídeo prontos para o canal | Lovart,,Tools/pt/video-generator-pt.json,
tool:pt:virtual-actor-creation,Tools,tool,pt,virtual-actor-creation,composite-v2,T-long,false,false,Gerador de ator virtual AI | Artistas de IA realistas | Lovart,,Tools/pt/virtual-actor-creation-pt.json,
tool:ru:ai-anime-generator,Tools,tool,ru,ai-anime-generator,composite-v2,T-long,false,false,Генератор аниме с искусственным интеллектом | Создайте аутентичный аниме-арт с помощью ИИ | Ловарт,,Tools/ru/ai-anime-generator-ru.json,
tool:ru:ai-art-generator,Tools,tool,ru,ai-art-generator,composite-v2,T-long,false,false,Генератор ИИ-арта | Создайте потрясающее цифровое искусство из текста | Ловарт,,Tools/ru/ai-art-generator-ru.json,
tool:ru:ai-avatar-generator,Tools,tool,ru,ai-avatar-generator,composite-v2,T-long,false,false,Генератор аватаров с искусственным интеллектом | Создание говорящих аватаров и виртуальных персонажей | Ловарт,,Tools/ru/ai-avatar-generator-ru.json,
tool:ru:ai-baby-podcast-generator,Tools,tool,ru,ai-baby-podcast-generator,composite-v2,T-long,false,false,Генератор детских подкастов AI | Создать контент с детским голосом | Ловарт,,Tools/ru/ai-baby-podcast-generator-ru.json,
tool:ru:ai-background-generator,Tools,tool,ru,ai-background-generator,composite-v2,T-long,false,false,Генератор фона AI | Создайте профессиональные фоны | Ловарт,,Tools/ru/ai-background-generator-ru.json,
tool:ru:ai-background-remover,Tools,tool,ru,ai-background-remover,composite-v2,T-long,false,false,AI Background Remover | Remove Image Backgrounds in Seconds | Lovart,,Tools/ru/ai-background-remover-ru.json,
tool:ru:ai-cartoon-avatar,Tools,tool,ru,ai-cartoon-avatar,composite-v2,T-long,false,false,Создатель мультяшных аватаров с искусственным интеллектом | Превратите фотографии в мультфильмы | Ловарт,,Tools/ru/ai-cartoon-avatar-ru.json,
tool:ru:ai-design-agent,Tools,tool,ru,ai-design-agent,composite-v2,T-long,false,false,Агент по разработке искусственного интеллекта | Автономный брендинг и творческий рабочий процесс | Ловарт,,Tools/ru/ai-design-agent-ru.json,
tool:ru:ai-face-swap,Tools,tool,ru,ai-face-swap,composite-v2,T-long,false,false,Обмен лицами с помощью ИИ | Меняйте лица на фотографиях легко | Ловарт,,Tools/ru/ai-face-swap-ru.json,
tool:ru:ai-facebook-ad-creator,Tools,tool,ru,ai-facebook-ad-creator,composite-v2,T-long,false,false,AI Создатель рекламы в Facebook | Метаобъявления с высоким CTR и искусственным интеллектом | Ловарт,,Tools/ru/ai-facebook-ad-creator-ru.json,
tool:ru:ai-image-enhancer,Tools,tool,ru,ai-image-enhancer,composite-v2,T-long,false,false,Усилитель изображения с использованием искусственного интеллекта | Повышение качества и повышение качества фотографий | Ловарт,,Tools/ru/ai-image-enhancer-ru.json,
tool:ru:ai-image-extender,Tools,tool,ru,ai-image-extender,composite-v2,T-long,false,false,Расширитель изображений с использованием искусственного интеллекта | Развернуть фотографии за рамкой | Ловарт,,Tools/ru/ai-image-extender-ru.json,
tool:ru:ai-image-upscaler,Tools,tool,ru,ai-image-upscaler,composite-v2,T-long,false,false,Увеличение изображения с помощью искусственного интеллекта | Повышение качества изображений до 4K | Ловарт,,Tools/ru/ai-image-upscaler-ru.json,
tool:ru:ai-logo-generator,Tools,tool,ru,ai-logo-generator,composite-v2,T-long,false,false,Генератор логотипов AI | Создавайте профессиональные логотипы с помощью искусственного интеллекта | Ловарт,,Tools/ru/ai-logo-generator-ru.json,
tool:ru:ai-object-remover,Tools,tool,ru,ai-object-remover,composite-v2,T-long,false,false,Удаление объектов AI | Удаление нежелательных объектов с фотографий | Ловарт,,Tools/ru/ai-object-remover-ru.json,
tool:ru:ai-pinterest-pin-maker-by-lovart,Tools,tool,ru,ai-pinterest-pin-maker-by-lovart,composite-v2,T-long,false,false,Создатель булавок Pinterest с искусственным интеллектом | Создавайте вирусные пины с помощью ИИ | Ловарт,,Tools/ru/ai-pinterest-pin-maker-by-lovart-ru.json,
tool:ru:ai-post-generator,Tools,tool,ru,ai-post-generator,composite-v2,T-long,false,false,Генератор постов в социальных сетях с использованием искусственного интеллекта | Создавайте сообщения для всех платформ | Ловарт,,Tools/ru/ai-post-generator-ru.json,
tool:ru:ai-product-background,Tools,tool,ru,ai-product-background,composite-v2,T-long,false,false,Генератор фона продукта AI | Профессиональные фоны для фотографий продуктов | Ловарт,,Tools/ru/ai-product-background-ru.json,
tool:ru:ai-product-image-generator,Tools,tool,ru,ai-product-image-generator,composite-v2,T-long,false,false,AI Product Image Generator | PDP & Marketplace Visuals | Lovart,,Tools/ru/ai-product-image-generator-ru.json,
tool:ru:ai-style-transfer,Tools,tool,ru,ai-style-transfer,composite-v2,T-long,false,false,Перенос стиля AI | Применение художественных стилей к фотографиям | Ловарт,,Tools/ru/ai-style-transfer-ru.json,
tool:ru:ai-twitter-header-creator-lovart,Tools,tool,ru,ai-twitter-header-creator-lovart,composite-v2,T-long,false,false,AI Создатель заголовков Twitter | Индивидуальный дизайн баннера с искусственным интеллектом | Ловарт,,Tools/ru/ai-twitter-header-creator-lovart-ru.json,
tool:ru:ai-video-ad-generator-seedance,Tools,tool,ru,ai-video-ad-generator-seedance,composite-v2,T-long,false,false,Генератор видеорекламы Seedance AI | Эффективная реклама продуктов | Ловарт,,Tools/ru/ai-video-ad-generator-seedance-ru.json,
tool:ru:ai-video-generator,Tools,tool,ru,ai-video-generator,composite-v2,T-long,false,false,Видеогенератор AI | Превратите изображения и текст в видео | Ловарт,,Tools/ru/ai-video-generator-ru.json,
tool:ru:chat-to-image-ai-generator,Tools,tool,ru,chat-to-image-ai-generator,composite-v2,T-long,false,false,Чат с искусственным интеллектом для генератора изображений | Создание разговорного изображения | Ловарт,,Tools/ru/chat-to-image-ai-generator-ru.json,
tool:ru:coffee-shop-branding,Tools,tool,ru,coffee-shop-branding,composite-v2,T-long,false,false,Инструмент для брендинга кафе | AI логотип и дизайн фирменного стиля | Ловарт,,Tools/ru/coffee-shop-branding-ru.json,
tool:ru:earbuds-design,Tools,tool,ru,earbuds-design,composite-v2,T-long,false,false,Инструмент для дизайна наушников | Концепции дизайна продуктов искусственного интеллекта | Ловарт,,Tools/ru/earbuds-design-ru.json,
tool:ru:flux-ai-image-generator,Tools,tool,ru,flux-ai-image-generator,composite-v2,T-long,false,false,Генератор изображений Flux AI | Создание высококачественных изображений с помощью искусственного интеллекта | Ловарт,,Tools/ru/flux-ai-image-generator-ru.json,
tool:ru:free-ai-illustration-generator,Tools,tool,ru,free-ai-illustration-generator,composite-v2,T-long,false,false,Генератор иллюстраций AI | Создайте искусство из текстовых описаний | Ловарт,,Tools/ru/free-ai-illustration-generator-ru.json,
tool:ru:free-ai-mockup-generator,Tools,tool,ru,free-ai-mockup-generator,composite-v2,T-long,false,false,Генератор макетов AI | Создание фотореалистичных макетов продуктов | Ловарт,,Tools/ru/free-ai-mockup-generator-ru.json,
tool:ru:hailuo-2-3-ai-video-generator,Tools,tool,ru,hailuo-2-3-ai-video-generator,composite-v2,T-long,false,false,Hailuo 2.3 AI-видеогенератор | Реалистичное видео | Ловарт,,Tools/ru/hailuo-2-3-ai-video-generator-ru.json,
tool:ru:image-to-image,Tools,tool,ru,image-to-image,composite-v2,T-long,false,false,Изображение в изображение AI | Превратите фотографии в новые визуальные эффекты | Ловарт,,Tools/ru/image-to-image-ru.json,
tool:ru:image-to-video,Tools,tool,ru,image-to-video,composite-v2,T-long,false,false,Изображение в видео AI | Превратите фотографии в анимированные видеоролики | Ловарт,,Tools/ru/image-to-video-ru.json,
tool:ru:ip-avatar-design-tool,Tools,tool,ru,ip-avatar-design-tool,composite-v2,T-long,false,false,Инструмент для создания аватаров с искусственным интеллектом | IP-персонажи и талисманы брендов | Ловарт,,Tools/ru/ip-avatar-design-tool-ru.json,
tool:ru:kling-o1,Tools,tool,ru,kling-o1,composite-v2,T-long,false,false,Kling O1 AI-видеогенератор | Стилизованное креативное видео | Ловарт,,Tools/ru/kling-o1-ru.json,
tool:ru:nano-banana-2-ai-image-generator,Tools,tool,ru,nano-banana-2-ai-image-generator,composite-v2,T-long,false,false,Редактор искусственного интеллекта Nano Banana 2 | Редактирование фотографий на естественном языке | Ловарт,,Tools/ru/nano-banana-2-ai-image-generator-ru.json,
tool:ru:nano-banana-2-instagram-story-maker,Tools,tool,ru,nano-banana-2-instagram-story-maker,composite-v2,T-long,false,false,Создатель историй в Instagram | Дизайн искусственного интеллекта с помощью Nano Banana 2 | Ловарт,,Tools/ru/nano-banana-2-instagram-story-maker-ru.json,
tool:ru:nano-banana-free,Tools,tool,ru,nano-banana-free,composite-v2,T-long,false,false,Нано Банан Бесплатно | Бесплатный онлайн-генератор изображений AI | Ловарт,,Tools/ru/nano-banana-free-ru.json,
tool:ru:nanobanana-pro,Tools,tool,ru,nanobanana-pro,composite-v2,T-long,false,false,Нано Банан Про | Генератор изображений AI от Google на сайте Lovart,,Tools/ru/nanobanana-pro-ru.json,
tool:ru:nanobanana2,Tools,tool,ru,nanobanana2,composite-v2,T-long,false,false,НаноБанан 2 | Редактор изображений AI с помощью Gemini 2.5 Flash | Ловарт,,Tools/ru/nanobanana2-ru.json,
tool:ru:natural-home-brand-design,Tools,tool,ru,natural-home-brand-design,composite-v2,T-long,false,false,Инструмент для создания натурального бренда | Экологичный ИИ-брендинг | Ловарт,,Tools/ru/natural-home-brand-design-ru.json,
tool:ru:product-to-image-generator,Tools,tool,ru,product-to-image-generator,composite-v2,T-long,false,false,Генератор изображений | Фотография продукта с использованием искусственного интеллекта | Ловарт,,Tools/ru/product-to-image-generator-ru.json,
tool:ru:seedance-2-ai-video-ad-generator-high-conversion,Tools,tool,ru,seedance-2-ai-video-ad-generator-high-conversion,composite-v2,T-long,false,false,Генератор видеорекламы с искусственным интеллектом | Видеореклама с высокой конверсией | Ловарт,,Tools/ru/seedance-2-ai-video-ad-generator-high-conversion-ru.json,
tool:ru:seedance-2-ai-video-generator,Tools,tool,ru,seedance-2-ai-video-generator,composite-v2,T-long,false,false,Seedance 2.0 AI-видеогенератор | Видео о коммерческом продукте | Ловарт,,Tools/ru/seedance-2-ai-video-generator-ru.json,
tool:ru:seedance-ai-video-ads-generation,Tools,tool,ru,seedance-ai-video-ads-generation,composite-v2,T-long,false,false,Генератор видеорекламы с искусственным интеллектом | Создание эффективных видеообъявлений | Ловарт,,Tools/ru/seedance-ai-video-ads-generation-ru.json,
tool:ru:seedream-4.5,Tools,tool,ru,seedream-4.5,composite-v2,T-long,false,false,Seedream 4.5 Генератор изображений AI | Профессиональное создание имиджа | Ловарт,,Tools/ru/seedream-4.5-ru.json,
tool:ru:seedream-5-ai-image-generator,Tools,tool,ru,seedream-5-ai-image-generator,composite-v2,T-long,false,false,Генератор искусственного интеллекта Seedream 5 | Создание изображений на основе исследований | Ловарт,,Tools/ru/seedream-5-ai-image-generator-ru.json,
tool:ru:sora2,Tools,tool,ru,sora2,composite-v2,T-long,false,false,Сора 2 AI-видеогенератор | Создание кинематографического видео на Lovart,,Tools/ru/sora2-ru.json,
tool:ru:swap-to-video,Tools,tool,ru,swap-to-video,composite-v2,T-long,false,false,Переключение AI на видео | Анимация замены лиц в видеоклипы | Ловарт,,Tools/ru/swap-to-video-ru.json,
tool:ru:text-to-image-generator,Tools,tool,ru,text-to-image-generator,composite-v2,T-long,false,false,Генератор текста в изображения AI | Превратите слова в изображения | Ловарт,,Tools/ru/text-to-image-generator-ru.json,
tool:ru:veo3.1,Tools,tool,ru,veo3.1,composite-v2,T-long,false,false,Veo 3.1 AI-видеогенератор | Создание реалистичного видео | Ловарт,,Tools/ru/veo3.1-ru.json,
tool:ru:video-generator,Tools,tool,ru,video-generator,composite-v2,T-long,false,false,"Видеогенератор AI | Создание видеообъявлений, готовых для канала | Ловарт",,Tools/ru/video-generator-ru.json,
tool:ru:virtual-actor-creation,Tools,tool,ru,virtual-actor-creation,composite-v2,T-long,false,false,Генератор виртуальных актеров AI | Реалистичные AI-исполнители | Ловарт,,Tools/ru/virtual-actor-creation-ru.json,
tool:zh-TW:ai-anime-generator,Tools,tool,zh-TW,ai-anime-generator,composite-v2,T-long,false,false,AI動漫生成器 |以人工智慧創造真實的動漫藝術 |洛瓦特,,Tools/zh-TW/ai-anime-generator-zh-TW.json,
tool:zh-TW:ai-art-generator,Tools,tool,zh-TW,ai-art-generator,composite-v2,T-long,false,false,AI藝術生成器|從文字創建令人驚嘆的數位藝術 |洛瓦特,,Tools/zh-TW/ai-art-generator-zh-TW.json,
tool:zh-TW:ai-avatar-generator,Tools,tool,zh-TW,ai-avatar-generator,composite-v2,T-long,false,false,AI頭像生成器 |創建會說話的頭像和虛擬角色 |洛瓦特,,Tools/zh-TW/ai-avatar-generator-zh-TW.json,
tool:zh-TW:ai-baby-podcast-generator,Tools,tool,zh-TW,ai-baby-podcast-generator,composite-v2,T-long,false,false,AI寶寶播客產生器 |創建嬰兒語音內容 |洛瓦特,,Tools/zh-TW/ai-baby-podcast-generator-zh-TW.json,
tool:zh-TW:ai-background-generator,Tools,tool,zh-TW,ai-background-generator,composite-v2,T-long,false,false,AI背景產生器|建立專業背景|洛瓦特,,Tools/zh-TW/ai-background-generator-zh-TW.json,
tool:zh-TW:ai-background-remover,Tools,tool,zh-TW,ai-background-remover,composite-v2,T-long,false,false,AI Background Remover | Remove Image Backgrounds in Seconds | Lovart,,Tools/zh-TW/ai-background-remover-zh-TW.json,
tool:zh-TW:ai-cartoon-avatar,Tools,tool,zh-TW,ai-cartoon-avatar,composite-v2,T-long,false,false,AI卡通頭像製作|將照片變成卡通|洛瓦特,,Tools/zh-TW/ai-cartoon-avatar-zh-TW.json,
tool:zh-TW:ai-design-agent,Tools,tool,zh-TW,ai-design-agent,composite-v2,T-long,false,false,AI設計代理商|自主品牌與創意工作流程|洛瓦特,,Tools/zh-TW/ai-design-agent-zh-TW.json,
tool:zh-TW:ai-face-swap,Tools,tool,zh-TW,ai-face-swap,composite-v2,T-long,false,false,AI換臉|無縫交換照片中的臉 |洛瓦特,,Tools/zh-TW/ai-face-swap-zh-TW.json,
tool:zh-TW:ai-facebook-ad-creator,Tools,tool,zh-TW,ai-facebook-ad-creator,composite-v2,T-long,false,false,AI Facebook 廣告創作者 |人工智慧的高點擊率元廣告 |洛瓦特,,Tools/zh-TW/ai-facebook-ad-creator-zh-TW.json,
tool:zh-TW:ai-image-enhancer,Tools,tool,zh-TW,ai-image-enhancer,composite-v2,T-long,false,false,AI影像增強器|高檔並提高照片品質|洛瓦特,,Tools/zh-TW/ai-image-enhancer-zh-TW.json,
tool:zh-TW:ai-image-extender,Tools,tool,zh-TW,ai-image-extender,composite-v2,T-long,false,false,AI影像擴展器 |將照片擴展到框架之外 |洛瓦特,,Tools/zh-TW/ai-image-extender-zh-TW.json,
tool:zh-TW:ai-image-upscaler,Tools,tool,zh-TW,ai-image-upscaler,composite-v2,T-long,false,false,AI 影像放大 | 4K 高畫質影像 |洛瓦特,,Tools/zh-TW/ai-image-upscaler-zh-TW.json,
tool:zh-TW:ai-logo-generator,Tools,tool,zh-TW,ai-logo-generator,composite-v2,T-long,false,false,AI標誌產生器|使用 AI 設計專業標誌 |洛瓦特,,Tools/zh-TW/ai-logo-generator-zh-TW.json,
tool:zh-TW:ai-object-remover,Tools,tool,zh-TW,ai-object-remover,composite-v2,T-long,false,false,AI 物件移除器 |從照片中刪除不需要的物件 |洛瓦特,,Tools/zh-TW/ai-object-remover-zh-TW.json,
tool:zh-TW:ai-pinterest-pin-maker-by-lovart,Tools,tool,zh-TW,ai-pinterest-pin-maker-by-lovart,composite-v2,T-long,false,false,AI Pinterest Pin Maker |利用 AI 創建病毒式 Pin 圖 |洛瓦特,,Tools/zh-TW/ai-pinterest-pin-maker-by-lovart-zh-TW.json,
tool:zh-TW:ai-post-generator,Tools,tool,zh-TW,ai-post-generator,composite-v2,T-long,false,false,人工智慧社群媒體貼文產生器 |為所有平台建立貼文 |洛瓦特,,Tools/zh-TW/ai-post-generator-zh-TW.json,
tool:zh-TW:ai-product-background,Tools,tool,zh-TW,ai-product-background,composite-v2,T-long,false,false,AI產品背景產生器|專業產品攝影背景|洛瓦特,,Tools/zh-TW/ai-product-background-zh-TW.json,
tool:zh-TW:ai-product-image-generator,Tools,tool,zh-TW,ai-product-image-generator,composite-v2,T-long,false,false,AI Product Image Generator | PDP & Marketplace Visuals | Lovart,,Tools/zh-TW/ai-product-image-generator-zh-TW.json,
tool:zh-TW:ai-style-transfer,Tools,tool,zh-TW,ai-style-transfer,composite-v2,T-long,false,false,AI風格遷移 |將藝術風格應用於照片 |洛瓦特,,Tools/zh-TW/ai-style-transfer-zh-TW.json,
tool:zh-TW:ai-twitter-header-creator-lovart,Tools,tool,zh-TW,ai-twitter-header-creator-lovart,composite-v2,T-long,false,false,AI Twitter 標題創建器 |人工智慧客製化橫幅設計|洛瓦特,,Tools/zh-TW/ai-twitter-header-creator-lovart-zh-TW.json,
tool:zh-TW:ai-video-ad-generator-seedance,Tools,tool,zh-TW,ai-video-ad-generator-seedance,composite-v2,T-long,false,false,Seedance AI 影片廣告產生器 |效能產品廣告|洛瓦特,,Tools/zh-TW/ai-video-ad-generator-seedance-zh-TW.json,
tool:zh-TW:ai-video-generator,Tools,tool,zh-TW,ai-video-generator,composite-v2,T-long,false,false,AI視訊產生器 |將圖像和文字轉換為視訊 |洛瓦特,,Tools/zh-TW/ai-video-generator-zh-TW.json,
tool:zh-TW:chat-to-image-ai-generator,Tools,tool,zh-TW,chat-to-image-ai-generator,composite-v2,T-long,false,false,AI 聊天影像產生器 |對話式影像創作 |洛瓦特,,Tools/zh-TW/chat-to-image-ai-generator-zh-TW.json,
tool:zh-TW:coffee-shop-branding,Tools,tool,zh-TW,coffee-shop-branding,composite-v2,T-long,false,false,咖啡店品牌工具|人工智慧標誌與形象設計|洛瓦特,,Tools/zh-TW/coffee-shop-branding-zh-TW.json,
tool:zh-TW:earbuds-design,Tools,tool,zh-TW,earbuds-design,composite-v2,T-long,false,false,耳機設計工具 |人工智慧產品設計概念|洛瓦特,,Tools/zh-TW/earbuds-design-zh-TW.json,
tool:zh-TW:flux-ai-image-generator,Tools,tool,zh-TW,flux-ai-image-generator,composite-v2,T-long,false,false,Flux AI 影像產生器 |高品質AI影像創作 |洛瓦特,,Tools/zh-TW/flux-ai-image-generator-zh-TW.json,
tool:zh-TW:free-ai-illustration-generator,Tools,tool,zh-TW,free-ai-illustration-generator,composite-v2,T-long,false,false,AI插畫產生器|從文字描述創作藝術|洛瓦特,,Tools/zh-TW/free-ai-illustration-generator-zh-TW.json,
tool:zh-TW:free-ai-mockup-generator,Tools,tool,zh-TW,free-ai-mockup-generator,composite-v2,T-long,false,false,AI模型生成器 |創建逼真的產品模型 |洛瓦特,,Tools/zh-TW/free-ai-mockup-generator-zh-TW.json,
tool:zh-TW:hailuo-2-3-ai-video-generator,Tools,tool,zh-TW,hailuo-2-3-ai-video-generator,composite-v2,T-long,false,false,海洛2.3 AI視訊產生器 |逼真的動態影片|洛瓦特,,Tools/zh-TW/hailuo-2-3-ai-video-generator-zh-TW.json,
tool:zh-TW:image-to-image,Tools,tool,zh-TW,image-to-image,composite-v2,T-long,false,false,影像到影像人工智慧 |將照片轉變為新的視覺效果 |洛瓦特,,Tools/zh-TW/image-to-image-zh-TW.json,
tool:zh-TW:image-to-video,Tools,tool,zh-TW,image-to-video,composite-v2,T-long,false,false,影像轉影片人工智慧 |將照片變成動畫影片 |洛瓦特,,Tools/zh-TW/image-to-video-zh-TW.json,
tool:zh-TW:ip-avatar-design-tool,Tools,tool,zh-TW,ip-avatar-design-tool,composite-v2,T-long,false,false,AI頭像設計工具| IP 角色和品牌吉祥物 |洛瓦特,,Tools/zh-TW/ip-avatar-design-tool-zh-TW.json,
tool:zh-TW:kling-o1,Tools,tool,zh-TW,kling-o1,composite-v2,T-long,false,false,Kling O1 AI影片產生器 |風格化創意影片|洛瓦特,,Tools/zh-TW/kling-o1-zh-TW.json,
tool:zh-TW:nano-banana-2-ai-image-generator,Tools,tool,zh-TW,nano-banana-2-ai-image-generator,composite-v2,T-long,false,false,奈米香蕉2 AI編輯器|自然語言照片編輯 |洛瓦特,,Tools/zh-TW/nano-banana-2-ai-image-generator-zh-TW.json,
tool:zh-TW:nano-banana-2-instagram-story-maker,Tools,tool,zh-TW,nano-banana-2-instagram-story-maker,composite-v2,T-long,false,false,Instagram 故事製作 | Nano Banana 2 的人工智慧設計 |洛瓦特,,Tools/zh-TW/nano-banana-2-instagram-story-maker-zh-TW.json,
tool:zh-TW:nano-banana-free,Tools,tool,zh-TW,nano-banana-free,composite-v2,T-long,false,false,奈米香蕉免費|免費線上人工智慧影像產生器 |洛瓦特,,Tools/zh-TW/nano-banana-free-zh-TW.json,
tool:zh-TW:nanobanana-pro,Tools,tool,zh-TW,nanobanana-pro,composite-v2,T-long,false,false,納米香蕉Pro | Lovart 上的Google AI 影像產生器,,Tools/zh-TW/nanobanana-pro-zh-TW.json,
tool:zh-TW:nanobanana2,Tools,tool,zh-TW,nanobanana2,composite-v2,T-long,false,false,奈米香蕉2 |使用 Gemini 2.5 Flash 的 AI 影像編輯器 |洛瓦特,,Tools/zh-TW/nanobanana2-zh-TW.json,
tool:zh-TW:natural-home-brand-design,Tools,tool,zh-TW,natural-home-brand-design,composite-v2,T-long,false,false,自然的品牌設計工具|生態友善品牌人工智慧 |洛瓦特,,Tools/zh-TW/natural-home-brand-design-zh-TW.json,
tool:zh-TW:product-to-image-generator,Tools,tool,zh-TW,product-to-image-generator,composite-v2,T-long,false,false,產品到影像產生器 | AI產品攝影|洛瓦特,,Tools/zh-TW/product-to-image-generator-zh-TW.json,
tool:zh-TW:seedance-2-ai-video-ad-generator-high-conversion,Tools,tool,zh-TW,seedance-2-ai-video-ad-generator-high-conversion,composite-v2,T-long,false,false,AI影片廣告產生器 |高轉換影片廣告|洛瓦特,,Tools/zh-TW/seedance-2-ai-video-ad-generator-high-conversion-zh-TW.json,
tool:zh-TW:seedance-2-ai-video-generator,Tools,tool,zh-TW,seedance-2-ai-video-generator,composite-v2,T-long,false,false,Seedance 2.0 AI 影片產生器 |商業產品影片|洛瓦特,,Tools/zh-TW/seedance-2-ai-video-generator-zh-TW.json,
tool:zh-TW:seedance-ai-video-ads-generation,Tools,tool,zh-TW,seedance-ai-video-ads-generation,composite-v2,T-long,false,false,AI影片廣告產生器 |效果影片廣告製作 |洛瓦特,,Tools/zh-TW/seedance-ai-video-ads-generation-zh-TW.json,
tool:zh-TW:seedream-4.5,Tools,tool,zh-TW,seedream-4.5,composite-v2,T-long,false,false,Seedream 4.5 AI影像產生器 |專業影像創作 |洛瓦特,,Tools/zh-TW/seedream-4.5-zh-TW.json,
tool:zh-TW:seedream-5-ai-image-generator,Tools,tool,zh-TW,seedream-5-ai-image-generator,composite-v2,T-long,false,false,Seedream 5 人工智慧生成器 |研究支援的圖像創作 |洛瓦特,,Tools/zh-TW/seedream-5-ai-image-generator-zh-TW.json,
tool:zh-TW:sora2,Tools,tool,zh-TW,sora2,composite-v2,T-long,false,false,Sora 2 AI 視訊產生器 | Lovart 上的電影影片創作,,Tools/zh-TW/sora2-zh-TW.json,
tool:zh-TW:swap-to-video,Tools,tool,zh-TW,swap-to-video,composite-v2,T-long,false,false,AI轉影片 |將臉部交換動畫製作成影片剪輯 |洛瓦特,,Tools/zh-TW/swap-to-video-zh-TW.json,
tool:zh-TW:text-to-image-generator,Tools,tool,zh-TW,text-to-image-generator,composite-v2,T-long,false,false,AI 文字轉圖像產生器 |將文字轉換為視覺效果 |洛瓦特,,Tools/zh-TW/text-to-image-generator-zh-TW.json,
tool:zh-TW:veo3.1,Tools,tool,zh-TW,veo3.1,composite-v2,T-long,false,false,Veo 3.1 AI 影片產生器 |逼真的動態影片創作 |洛瓦特,,Tools/zh-TW/veo3.1-zh-TW.json,
tool:zh-TW:video-generator,Tools,tool,zh-TW,video-generator,composite-v2,T-long,false,false,AI視訊產生器 |建立適合頻道的影片廣告 |洛瓦特,,Tools/zh-TW/video-generator-zh-TW.json,
tool:zh-TW:virtual-actor-creation,Tools,tool,zh-TW,virtual-actor-creation,composite-v2,T-long,false,false,AI虛擬演員生成器 |現實的人工智慧表演者 |洛瓦特,,Tools/zh-TW/virtual-actor-creation-zh-TW.json,
tool:zh:ai-anime-generator,Tools,tool,zh,ai-anime-generator,composite-v2,T-long,false,false,AI动漫生成器 |用人工智能创造真实的动漫艺术 |洛瓦特,,Tools/zh/ai-anime-generator-zh.json,
tool:zh:ai-art-generator,Tools,tool,zh,ai-art-generator,composite-v2,T-long,false,false,AI艺术生成器|从文本创建令人惊叹的数字艺术 |洛瓦特,,Tools/zh/ai-art-generator-zh.json,
tool:zh:ai-avatar-generator,Tools,tool,zh,ai-avatar-generator,composite-v2,T-long,false,false,AI头像生成器 |创建会说话的头像和虚拟角色 |洛瓦特,,Tools/zh/ai-avatar-generator-zh.json,
tool:zh:ai-baby-podcast-generator,Tools,tool,zh,ai-baby-podcast-generator,composite-v2,T-long,false,false,AI宝宝播客生成器 |创建婴儿语音内容 |洛瓦特,,Tools/zh/ai-baby-podcast-generator-zh.json,
tool:zh:ai-background-generator,Tools,tool,zh,ai-background-generator,composite-v2,T-long,false,false,AI背景生成器|创建专业背景|洛瓦特,,Tools/zh/ai-background-generator-zh.json,
tool:zh:ai-background-remover,Tools,tool,zh,ai-background-remover,composite-v2,T-long,false,false,AI 背景移除器 | 一键移除图片背景 | Lovart,,Tools/zh/ai-background-remover-zh.json,
tool:zh:ai-cartoon-avatar,Tools,tool,zh,ai-cartoon-avatar,composite-v2,T-long,false,false,AI卡通头像制作|将照片变成卡通|洛瓦特,,Tools/zh/ai-cartoon-avatar-zh.json,
tool:zh:ai-design-agent,Tools,tool,zh,ai-design-agent,composite-v2,T-long,false,false,AI设计代理|自主品牌和创意工作流程|洛瓦特,,Tools/zh/ai-design-agent-zh.json,
tool:zh:ai-face-swap,Tools,tool,zh,ai-face-swap,composite-v2,T-long,false,false,AI换脸|无缝交换照片中的面孔 |洛瓦特,,Tools/zh/ai-face-swap-zh.json,
tool:zh:ai-facebook-ad-creator,Tools,tool,zh,ai-facebook-ad-creator,composite-v2,T-long,false,false,AI Facebook 广告创作者 |人工智能的高点击率元广告 |洛瓦特,,Tools/zh/ai-facebook-ad-creator-zh.json,
tool:zh:ai-image-enhancer,Tools,tool,zh,ai-image-enhancer,composite-v2,T-long,false,false,AI图像增强器|高档并提高照片质量|洛瓦特,,Tools/zh/ai-image-enhancer-zh.json,
tool:zh:ai-image-extender,Tools,tool,zh,ai-image-extender,composite-v2,T-long,false,false,AI图像扩展器 |将照片扩展到框架之外 |洛瓦特,,Tools/zh/ai-image-extender-zh.json,
tool:zh:ai-image-upscaler,Tools,tool,zh,ai-image-upscaler,composite-v2,T-long,false,false,AI 图像放大 | 4K 高清图像 |洛瓦特,,Tools/zh/ai-image-upscaler-zh.json,
tool:zh:ai-logo-generator,Tools,tool,zh,ai-logo-generator,composite-v2,T-long,false,false,AI标志生成器|使用 AI 设计专业徽标 |洛瓦特,,Tools/zh/ai-logo-generator-zh.json,
tool:zh:ai-object-remover,Tools,tool,zh,ai-object-remover,composite-v2,T-long,false,false,AI 物体移除器 |从照片中删除不需要的对象 |洛瓦特,,Tools/zh/ai-object-remover-zh.json,
tool:zh:ai-pinterest-pin-maker-by-lovart,Tools,tool,zh,ai-pinterest-pin-maker-by-lovart,composite-v2,T-long,false,false,AI Pinterest Pin Maker |利用 AI 创建病毒式 Pin 图 |洛瓦特,,Tools/zh/ai-pinterest-pin-maker-by-lovart-zh.json,
tool:zh:ai-post-generator,Tools,tool,zh,ai-post-generator,composite-v2,T-long,false,false,人工智能社交媒体帖子生成器 |为所有平台创建帖子 |洛瓦特,,Tools/zh/ai-post-generator-zh.json,
tool:zh:ai-product-background,Tools,tool,zh,ai-product-background,composite-v2,T-long,false,false,AI产品背景生成器|专业产品摄影背景|洛瓦特,,Tools/zh/ai-product-background-zh.json,
tool:zh:ai-product-image-generator,Tools,tool,zh,ai-product-image-generator,composite-v2,T-long,false,false,AI 产品图生成器 | PDP与多平台商品视觉 | Lovart,,Tools/zh/ai-product-image-generator-zh.json,
tool:zh:ai-style-transfer,Tools,tool,zh,ai-style-transfer,composite-v2,T-long,false,false,AI风格迁移 |将艺术风格应用于照片 |洛瓦特,,Tools/zh/ai-style-transfer-zh.json,
tool:zh:ai-twitter-header-creator-lovart,Tools,tool,zh,ai-twitter-header-creator-lovart,composite-v2,T-long,false,false,AI Twitter 标题创建器 |人工智能定制横幅设计|洛瓦特,,Tools/zh/ai-twitter-header-creator-lovart-zh.json,
tool:zh:ai-video-ad-generator-seedance,Tools,tool,zh,ai-video-ad-generator-seedance,composite-v2,T-long,false,false,Seedance AI 视频广告生成器 |性能产品广告|洛瓦特,,Tools/zh/ai-video-ad-generator-seedance-zh.json,
tool:zh:ai-video-generator,Tools,tool,zh,ai-video-generator,composite-v2,T-long,false,false,AI视频生成器 |将图像和文本转换为视频 |洛瓦特,,Tools/zh/ai-video-generator-zh.json,
tool:zh:chat-to-image-ai-generator,Tools,tool,zh,chat-to-image-ai-generator,composite-v2,T-long,false,false,AI 聊天图像生成器 |对话式图像创作 |洛瓦特,,Tools/zh/chat-to-image-ai-generator-zh.json,
tool:zh:coffee-shop-branding,Tools,tool,zh,coffee-shop-branding,composite-v2,T-long,false,false,咖啡店品牌工具|人工智能标志和形象设计|洛瓦特,,Tools/zh/coffee-shop-branding-zh.json,
tool:zh:earbuds-design,Tools,tool,zh,earbuds-design,composite-v2,T-long,false,false,耳机设计工具 |人工智能产品设计理念|洛瓦特,,Tools/zh/earbuds-design-zh.json,
tool:zh:flux-ai-image-generator,Tools,tool,zh,flux-ai-image-generator,composite-v2,T-long,false,false,Flux AI 图像生成器 |高品质AI图像创作 |洛瓦特,,Tools/zh/flux-ai-image-generator-zh.json,
tool:zh:free-ai-illustration-generator,Tools,tool,zh,free-ai-illustration-generator,composite-v2,T-long,false,false,AI插画生成器|从文本描述创作艺术|洛瓦特,,Tools/zh/free-ai-illustration-generator-zh.json,
tool:zh:free-ai-mockup-generator,Tools,tool,zh,free-ai-mockup-generator,composite-v2,T-long,false,false,AI模型生成器 |创建逼真的产品模型 |洛瓦特,,Tools/zh/free-ai-mockup-generator-zh.json,
tool:zh:hailuo-2-3-ai-video-generator,Tools,tool,zh,hailuo-2-3-ai-video-generator,composite-v2,T-long,false,false,海洛2.3 AI视频生成器 |逼真的动态视频|洛瓦特,,Tools/zh/hailuo-2-3-ai-video-generator-zh.json,
tool:zh:image-to-image,Tools,tool,zh,image-to-image,composite-v2,T-long,false,false,图像到图像人工智能 |将照片转变为新的视觉效果 |洛瓦特,,Tools/zh/image-to-image-zh.json,
tool:zh:image-to-video,Tools,tool,zh,image-to-video,composite-v2,T-long,false,false,图像转视频人工智能 |将照片变成动画视频 |洛瓦特,,Tools/zh/image-to-video-zh.json,
tool:zh:ip-avatar-design-tool,Tools,tool,zh,ip-avatar-design-tool,composite-v2,T-long,false,false,AI头像设计工具| IP 角色和品牌吉祥物 |洛瓦特,,Tools/zh/ip-avatar-design-tool-zh.json,
tool:zh:kling-o1,Tools,tool,zh,kling-o1,composite-v2,T-long,false,false,Kling O1 AI视频生成器 |风格化创意视频|洛瓦特,,Tools/zh/kling-o1-zh.json,
tool:zh:nano-banana-2-ai-image-generator,Tools,tool,zh,nano-banana-2-ai-image-generator,composite-v2,T-long,false,false,纳米香蕉2 AI编辑器|自然语言照片编辑 |洛瓦特,,Tools/zh/nano-banana-2-ai-image-generator-zh.json,
tool:zh:nano-banana-2-instagram-story-maker,Tools,tool,zh,nano-banana-2-instagram-story-maker,composite-v2,T-long,false,false,Instagram 故事制作 | Nano Banana 2 的人工智能设计 |洛瓦特,,Tools/zh/nano-banana-2-instagram-story-maker-zh.json,
tool:zh:nano-banana-free,Tools,tool,zh,nano-banana-free,composite-v2,T-long,false,false,纳米香蕉免费|免费在线人工智能图像生成器 |洛瓦特,,Tools/zh/nano-banana-free-zh.json,
tool:zh:nanobanana-pro,Tools,tool,zh,nanobanana-pro,composite-v2,T-long,false,false,纳米香蕉Pro | Lovart 上的谷歌 AI 图像生成器,,Tools/zh/nanobanana-pro-zh.json,
tool:zh:nanobanana2,Tools,tool,zh,nanobanana2,composite-v2,T-long,false,false,纳米香蕉2 |使用 Gemini 2.5 Flash 的 AI 图像编辑器 |洛瓦特,,Tools/zh/nanobanana2-zh.json,
tool:zh:natural-home-brand-design,Tools,tool,zh,natural-home-brand-design,composite-v2,T-long,false,false,自然的品牌设计工具|生态友好型品牌人工智能 |洛瓦特,,Tools/zh/natural-home-brand-design-zh.json,
tool:zh:product-to-image-generator,Tools,tool,zh,product-to-image-generator,composite-v2,T-long,false,false,产品到图像生成器 | AI产品摄影|洛瓦特,,Tools/zh/product-to-image-generator-zh.json,
tool:zh:seedance-2-ai-video-ad-generator-high-conversion,Tools,tool,zh,seedance-2-ai-video-ad-generator-high-conversion,composite-v2,T-long,false,false,AI视频广告生成器 |高转化视频广告|洛瓦特,,Tools/zh/seedance-2-ai-video-ad-generator-high-conversion-zh.json,
tool:zh:seedance-2-ai-video-generator,Tools,tool,zh,seedance-2-ai-video-generator,composite-v2,T-long,false,false,Seedance 2.0 AI 视频生成器 |商业产品视频|洛瓦特,,Tools/zh/seedance-2-ai-video-generator-zh.json,
tool:zh:seedance-ai-video-ads-generation,Tools,tool,zh,seedance-ai-video-ads-generation,composite-v2,T-long,false,false,AI视频广告生成器 |效果视频广告制作 |洛瓦特,,Tools/zh/seedance-ai-video-ads-generation-zh.json,
tool:zh:seedream-4.5,Tools,tool,zh,seedream-4.5,composite-v2,T-long,false,false,Seedream 4.5 AI图像生成器 |专业影像创作 |洛瓦特,,Tools/zh/seedream-4.5-zh.json,
tool:zh:seedream-5-ai-image-generator,Tools,tool,zh,seedream-5-ai-image-generator,composite-v2,T-long,false,false,Seedream 5 人工智能生成器 |研究支持的图像创作 |洛瓦特,,Tools/zh/seedream-5-ai-image-generator-zh.json,
tool:zh:sora2,Tools,tool,zh,sora2,composite-v2,T-long,false,false,Sora 2 AI 视频生成器 | Lovart 上的电影视频创作,,Tools/zh/sora2-zh.json,
tool:zh:swap-to-video,Tools,tool,zh,swap-to-video,composite-v2,T-long,false,false,AI转视频 |将脸部交换动画制作成视频剪辑 |洛瓦特,,Tools/zh/swap-to-video-zh.json,
tool:zh:text-to-image-generator,Tools,tool,zh,text-to-image-generator,composite-v2,T-long,false,false,AI 文字转图像生成器 |将文字转化为视觉效果 |洛瓦特,,Tools/zh/text-to-image-generator-zh.json,
tool:zh:veo3.1,Tools,tool,zh,veo3.1,composite-v2,T-long,false,false,Veo 3.1 AI 视频生成器 |逼真的动态视频创作 |洛瓦特,,Tools/zh/veo3.1-zh.json,
tool:zh:video-generator,Tools,tool,zh,video-generator,composite-v2,T-long,false,false,AI视频生成器 |创建适合频道的视频广告 |洛瓦特,,Tools/zh/video-generator-zh.json,
tool:zh:virtual-actor-creation,Tools,tool,zh,virtual-actor-creation,composite-v2,T-long,false,false,AI虚拟演员生成器 |现实的人工智能表演者 |洛瓦特,,Tools/zh/virtual-actor-creation-zh.json,
