priority,score,bucket,language,status,cluster_type,cluster_size,same_language_duplicates,slug,canonical_slug,title,path
P0-next-draft,104,02-Comparison,en,(blank),multilingual-cluster,4,1,01-canva-vs-lovart,01-canva-vs-lovart,Canva vs Lovart: Template Design vs AI Design Agent (2026),02-Comparison/01-canva-vs-lovart.md
P0-next-draft,104,02-Comparison,en,(blank),single,1,1,01-enterprise-lovart-vs-agency-cost,01-enterprise-lovart-vs-agency-cost,Lovart vs Design Agency: Enterprise Cost Comparison 2026,02-Comparison/01-enterprise-lovart-vs-agency-cost.md
P0-next-draft,104,02-Comparison,en,(blank),multilingual-cluster,4,1,01-veo3-vs-lovart-comparison,01-veo3-vs-lovart-comparison,Google Veo 3 vs Lovart: AI Video Generation Compared (2026),02-Comparison/01-veo3-vs-lovart-comparison.md
P0-next-draft,104,02-Comparison,en,(blank),multilingual-cluster,4,1,04-midjourney-vs-lovart,04-midjourney-vs-lovart,Midjourney vs Lovart: Which AI Image Tool Wins in 2026?,02-Comparison/04-midjourney-vs-lovart.md
P0-next-draft,104,02-Comparison,en,(blank),multilingual-cluster,4,1,10-best-ai-face-retouching-apps-2026,10-best-ai-face-retouching-apps-2026,10 Best AI Face Retouching Apps in 2026: Facetune vs Remini vs Evoto vs Lovart,02-Comparison/10-best-ai-face-retouching-apps-2026.md
P0-next-draft,104,02-Comparison,en,(blank),multilingual-cluster,4,1,5-best-ai-image-models-compared-2026,5-best-ai-image-models-compared-2026,5 Best AI Image Models Compared in 2026: Midjourney V6 vs DALL-E 3 vs SD3 vs Firefly vs Lovart,02-Comparison/5-best-ai-image-models-compared-2026.md
P0-next-draft,104,02-Comparison,en,(blank),multilingual-cluster,4,1,5-best-ai-video-models-compared-2026,5-best-ai-video-models-compared-2026,5 AI Video Models Compared in 2026: Sora vs Veo vs Kling vs Runway Gen-3 vs Lovart,02-Comparison/5-best-ai-video-models-compared-2026.md
P0-next-draft,104,02-Comparison,en,(blank),multilingual-cluster,4,1,7-best-photo-to-anime-cartoon-converters-2026,7-best-photo-to-anime-cartoon-converters-2026,7 Best Photo-to-Anime & Cartoon Converters in 2026: ToonMe vs Voila vs Lovart,02-Comparison/7-best-photo-to-anime-cartoon-converters-2026.md
P0-next-draft,104,02-Comparison,en,(blank),multilingual-cluster,4,1,8-best-ai-face-swap-apps-2026,8-best-ai-face-swap-apps-2026,8 Best AI Face Swap Apps in 2026: Reface vs DeepAR vs Vidnoz vs Lovart,02-Comparison/8-best-ai-face-swap-apps-2026.md
P0-next-draft,104,02-Comparison,en,(blank),multilingual-cluster,4,1,adobe-express-vs-lovart-comparison,adobe-express-vs-lovart-comparison,Adobe Express vs Lovart — Which AI Design Tool Is Right for You? (2026),02-Comparison/adobe-express-vs-lovart-comparison.md
P0-next-draft,104,02-Comparison,en,(blank),multilingual-cluster,6,1,ai-art-generator-tools-compared,ai-art-generator-tools-compared,AI Art Generators Compared: Midjourney vs DALL-E vs Lovart — Real Artists Weigh In,02-Comparison/ai-art-generator-tools-compared.md
P0-next-draft,104,02-Comparison,en,(blank),multilingual-cluster,6,1,ai-art-platforms-compared-2026,ai-art-platforms-compared-2026,Leonardo AI vs OpenArt vs Civitai vs Lovart — Best AI Art Platform for Creators,02-Comparison/ai-art-platforms-compared-2026.md
P0-next-draft,104,02-Comparison,en,(blank),multilingual-cluster,6,1,ai-design-vs-diy-canva-time-comparison,ai-design-vs-diy-canva-time-comparison,AI Design vs DIY Canva — Which Saves More Time? We Timed Both,02-Comparison/ai-design-vs-diy-canva-time-comparison.md
P0-next-draft,104,02-Comparison,en,(blank),multilingual-cluster,6,1,ai-design-vs-diy-canva-which-saves-more-time,ai-design-vs-diy-canva-which-saves-more-time,AI Design vs DIY Canva — Which Actually Saves More Time? We Timed Both,02-Comparison/ai-design-vs-diy-canva-which-saves-more-time.md
P0-next-draft,104,02-Comparison,en,(blank),multilingual-cluster,4,1,ai-image-models-compared-2026,ai-image-models-compared-2026,DALL-E vs Midjourney vs FLUX vs Stable Diffusion vs Lovart — AI Image Model Battle,02-Comparison/ai-image-models-compared-2026.md
P0-next-draft,104,02-Comparison,en,(blank),multilingual-cluster,6,1,ai-poster-tools-compared,ai-poster-tools-compared,AI Poster Makers Compared: Canva vs PosterMyWall vs Lovart,02-Comparison/ai-poster-tools-compared.md
P0-next-draft,104,02-Comparison,en,(blank),multilingual-cluster,6,1,ai-print-materials-tools-compared,ai-print-materials-tools-compared,AI Print Material Makers Compared: Canva Print vs Moo vs Lovart,02-Comparison/ai-print-materials-tools-compared.md
P0-next-draft,104,02-Comparison,en,(blank),multilingual-cluster,6,1,ai-video-models-compared-2026,ai-video-models-compared-2026,Sora vs Kling vs Veo vs Runway vs Lovart — The 2026 AI Video Model Deathmatch,02-Comparison/ai-video-models-compared-2026.md
P0-next-draft,104,02-Comparison,en,(blank),multilingual-cluster,4,1,best-ai-design-tools-for-non-designers-comparison,best-ai-design-tools-for-non-designers-comparison,Best AI Design Tools for Non-Designers — 2026 Comparison,02-Comparison/best-ai-design-tools-for-non-designers-comparison.md
P0-next-draft,104,02-Comparison,en,(blank),multilingual-cluster,4,1,chatcanvas-vs-traditional-design-tools,chatcanvas-vs-traditional-design-tools,ChatCanvas vs Traditional Design Tools — Spatial Thinking vs Linear Workflow,02-Comparison/chatcanvas-vs-traditional-design-tools.md
P0-next-draft,104,02-Comparison,en,draft,multilingual-cluster,2,1,luma-dream-machine-vs-lovart,luma-dream-machine-vs-lovart,Luma Dream Machine vs Lovart: Which AI Video Generator Delivers in 2026?,02-Comparison/luma-dream-machine-vs-lovart.md
P0-next-draft,104,02-Comparison,en,(blank),multilingual-cluster,6,1,real-estate-design-tools-compared,real-estate-design-tools-compared,Real Estate Marketing Tools Compared: Canva vs AgentPrint vs Lovart,02-Comparison/real-estate-design-tools-compared.md
P0-next-draft,104,02-Comparison,en,(blank),multilingual-cluster,6,1,restaurant-design-tools-compared,restaurant-design-tools-compared,Restaurant Design Tools Compared: MustHaveMenus vs Canva vs Lovart,02-Comparison/restaurant-design-tools-compared.md
P0-next-draft,104,02-Comparison,en,(blank),multilingual-cluster,4,1,S14-ai-design-cost-calculator-comparison,s14-ai-design-cost-calculator-comparison,AI Design Cost: How Much Can You Really Save? (2026 Comparison),02-Comparison/S14-ai-design-cost-calculator-comparison.md
P0-next-draft,104,02-Comparison,en,(blank),multilingual-cluster,4,1,S15-canva-vs-figma-vs-lovart-three-way,s15-canva-vs-figma-vs-lovart-three-way,Canva vs Figma vs Lovart: Which Design Tool is Right for Your Business?,02-Comparison/S15-canva-vs-figma-vs-lovart-three-way.md
P0-next-draft,104,02-Comparison,en,(blank),multilingual-cluster,4,1,S17-sora-vs-veo-vs-kling-vs-lovart,s17-sora-vs-veo-vs-kling-vs-lovart,Best AI Video Tools Compared: Sora 2 vs Veo 3 vs Kling vs Lovart (2026),02-Comparison/S17-sora-vs-veo-vs-kling-vs-lovart.md
P0-next-draft,104,02-Comparison,en,(blank),multilingual-cluster,4,1,S27 - midjourney-vs-dalle-vs-lovart-three-way,s27 - midjourney-vs-dalle-vs-lovart-three-way,Midjourney vs DALL-E vs Lovart: The Ultimate 3-Way AI Image Battle (2026),02-Comparison/S27 - midjourney-vs-dalle-vs-lovart-three-way.md
P0-next-draft,104,02-Comparison,en,(blank),multilingual-cluster,6,1,small-business-design-tools-compared,small-business-design-tools-compared,Small Business Design Tools Compared: Canva vs VistaCreate vs Lovart,02-Comparison/small-business-design-tools-compared.md
P0-next-draft,104,02-Comparison,en,(blank),multilingual-cluster,4,1,synthesia-vs-lovart-ai-video-avatar-comparison,synthesia-vs-lovart-ai-video-avatar-comparison,Synthesia vs Lovart — AI Video Avatar & Talking Head Comparison (2026),02-Comparison/synthesia-vs-lovart-ai-video-avatar-comparison.md
P0-next-draft,104,02-Comparison,en,(blank),multilingual-cluster,6,1,text-to-video-tools-compared,text-to-video-tools-compared,Text-to-Video Tools Compared: Sora vs Veo vs Lovart — The 2026 Video Generation Battle,02-Comparison/text-to-video-tools-compared.md
P0-next-draft,99,01-How-To,en,(blank),multilingual-cluster,4,1,01-bofu-canva-migration-guide,01-bofu-canva-migration-guide,Switching from Canva to Lovart: The 7-Day Migration Guide,01-How-To/01-bofu-canva-migration-guide.md
P0-next-draft,99,01-How-To,en,(blank),multilingual-cluster,4,1,02-nano-banana-complete-guide,02-nano-banana-complete-guide,Nano Banana AI: The Complete Guide to Lovart's Image Engine,01-How-To/02-nano-banana-complete-guide.md
P0-next-draft,99,01-How-To,en,(blank),multilingual-cluster,4,1,02-wiki-chatcanvas-guide,02-wiki-chatcanvas-guide,ChatCanvas Complete Operation Guide: Master Conversational AI Design,01-How-To/02-wiki-chatcanvas-guide.md
P0-next-draft,99,01-How-To,en,(blank),single,1,1,05-ai-design-freelance-pricing-guide-2026,05-ai-design-freelance-pricing-guide-2026,AI Design Freelance Pricing Guide — How to Charge When You're 10x Faster,01-How-To/05-ai-design-freelance-pricing-guide-2026.md
P0-next-draft,99,01-How-To,en,(blank),multilingual-cluster,4,1,10-best-ai-design-tools-small-business-2026,10-best-ai-design-tools-small-business-2026,"10 Best AI Design Tools for Small Business in 2026: Branding, Marketing & Growth on a Budget",01-How-To/10-best-ai-design-tools-small-business-2026.md
P0-next-draft,99,01-How-To,en,(blank),multilingual-cluster,4,1,10-best-ai-video-editing-tools-2026,10-best-ai-video-editing-tools-2026,10 Best AI Video Editing Tools in 2026: CapCut vs Runway vs Descript vs Lovart — Which Fits Your Workflow?,01-How-To/10-best-ai-video-editing-tools-2026.md
P0-next-draft,99,01-How-To,en,(blank),multilingual-cluster,4,1,15-best-free-ai-design-tools-2026,15-best-free-ai-design-tools-2026,15 Best Free AI Design Tools in 2026: Professional Results Without the Price Tag,01-How-To/15-best-free-ai-design-tools-2026.md
P0-next-draft,99,01-How-To,en,(blank),multilingual-cluster,4,1,5-best-ai-image-expanders-uncrop-tools-2026,5-best-ai-image-expanders-uncrop-tools-2026,5 Best AI Image Expanders & Uncrop Tools in 2026: Photoshop Generative Expand vs Runway vs Lovart,01-How-To/5-best-ai-image-expanders-uncrop-tools-2026.md
P0-next-draft,99,01-How-To,en,(blank),multilingual-cluster,4,1,5-best-ai-music-video-generators-2026,5-best-ai-music-video-generators-2026,5 Best AI Music Video Generators in 2026: Kaiber vs Neural Frames vs Lovart — Which Creates Watchable Music Videos?,01-How-To/5-best-ai-music-video-generators-2026.md
P0-next-draft,99,01-How-To,en,(blank),multilingual-cluster,4,1,6-best-ai-art-platforms-2026,6-best-ai-art-platforms-2026,6 Best AI Art Platforms in 2026: Midjourney vs Leonardo vs Civitai vs NightCafe vs Lovart,01-How-To/6-best-ai-art-platforms-2026.md
P0-next-draft,99,01-How-To,en,(blank),multilingual-cluster,4,1,6-best-photo-animation-apps-bring-photos-to-life-2026,6-best-photo-animation-apps-bring-photos-to-life-2026,6 Best Photo Animation Apps to Bring Photos to Life in 2026: MyHeritage vs Deep Nostalgia vs Lovart,01-How-To/6-best-photo-animation-apps-bring-photos-to-life-2026.md
P0-next-draft,99,01-How-To,en,(blank),multilingual-cluster,4,1,7-best-ai-image-upscalers-4k-2026,7-best-ai-image-upscalers-4k-2026,7 Best AI Image Upscalers for 4K in 2026: Gigapixel vs Upscale.media vs Lovart — Which Produces Print-Ready Results?,01-How-To/7-best-ai-image-upscalers-4k-2026.md
P0-next-draft,99,01-How-To,en,(blank),multilingual-cluster,4,1,7-best-restaurant-cafe-design-tools-2026,7-best-restaurant-cafe-design-tools-2026,"7 Best AI Restaurant & Cafe Design Tools in 2026: Menu, Branding & Marketing",01-How-To/7-best-restaurant-cafe-design-tools-2026.md
P0-next-draft,99,01-How-To,en,(blank),multilingual-cluster,4,1,8-best-ai-object-removers-watermark-removers-2026,8-best-ai-object-removers-watermark-removers-2026,8 Best AI Object Removers & Watermark Removers in 2026: Cleanup.pictures vs Magic Eraser vs Lovart,01-How-To/8-best-ai-object-removers-watermark-removers-2026.md
P0-next-draft,99,01-How-To,en,(blank),multilingual-cluster,4,1,8-best-ai-real-estate-marketing-tools-2026,8-best-ai-real-estate-marketing-tools-2026,"8 Best AI Real Estate Marketing Tools in 2026: Virtual Staging, Listing Images & Property Branding",01-How-To/8-best-ai-real-estate-marketing-tools-2026.md
P0-next-draft,99,01-How-To,en,(blank),multilingual-cluster,4,1,ai-audio-branding-sonic-identity-guide-2026,ai-audio-branding-sonic-identity-guide-2026,AI Audio Branding — How to Create a Sonic Identity for Your Brand,01-How-To/ai-audio-branding-sonic-identity-guide-2026.md
P0-next-draft,99,01-How-To,en,(blank),multilingual-cluster,4,1,ai-design-tool-buyers-guide-2026,ai-design-tool-buyers-guide-2026,What to Look for in an AI Design Tool — 2026 Buyer's Guide,01-How-To/ai-design-tool-buyers-guide-2026.md
P0-next-draft,99,01-How-To,en,(blank),multilingual-cluster,4,1,complete-guide-free-ai-design-tools-2026,complete-guide-free-ai-design-tools-2026,The 2026 Complete Guide to Free AI Design Tools,01-How-To/complete-guide-free-ai-design-tools-2026.md
P0-next-draft,99,01-How-To,en,(blank),multilingual-cluster,4,1,complete-guide-real-estate-marketing-design-ai,complete-guide-real-estate-marketing-design-ai,The 2026 Complete Guide to AI Real Estate Marketing Design,01-How-To/complete-guide-real-estate-marketing-design-ai.md
P0-next-draft,99,01-How-To,en,(blank),multilingual-cluster,4,1,easiest-ai-design-tools-non-designers-2026,easiest-ai-design-tools-non-designers-2026,Easiest AI Design Tools for Non-Designers — 2026 Comparison,01-How-To/easiest-ai-design-tools-non-designers-2026.md
P0-next-draft,99,01-How-To,en,(blank),multilingual-cluster,4,1,S18-nano-banana-free-access-guide,s18-nano-banana-free-access-guide,Nano Banana Free: How to Access Lovart's AI Image Model at No Cost,01-How-To/S18-nano-banana-free-access-guide.md
P0-next-draft,99,01-How-To,en,(blank),multilingual-cluster,4,1,what-to-look-for-in-ai-design-tool-buyers-guide,what-to-look-for-in-ai-design-tool-buyers-guide,What to Look for in an AI Design Tool — 2026 Buyer's Guide,01-How-To/what-to-look-for-in-ai-design-tool-buyers-guide.md
P0-next-draft,98,02-Comparison,en,(blank),multilingual-cluster,2,1,02-mcot-vs-prompt-engineering-experiment,02-mcot-vs-prompt-engineering-experiment,MCoT vs Prompt Engineering — We Ran 100 Tests to See Which AI Design Approach Wins,02-Comparison/02-mcot-vs-prompt-engineering-experiment.md
P0-next-draft,98,02-Comparison,en,(blank),multilingual-cluster,2,1,40-the-subtractive-method-when-to-erase-vs-replace-ai,40-the-subtractive-method-when-to-erase-vs-replace-ai,The Subtractive Method — When to Erase and When to Replace in AI Design,02-Comparison/40-the-subtractive-method-when-to-erase-vs-replace-ai.md
P0-next-draft,98,02-Comparison,en,(blank),multilingual-cluster,6,1,ai-animal-pet-generators-compared,ai-animal-pet-generators-compared,AI Animal & Pet Portrait Generators Compared: PetPic vs FurryAI vs Lovart,02-Comparison/ai-animal-pet-generators-compared.md
P0-next-draft,98,02-Comparison,en,(blank),multilingual-cluster,6,1,ai-avatar-tools-compared,ai-avatar-tools-compared,AI Avatar Makers Compared: Lensa vs Picsart vs Lovart — Best Digital Identity Creator,02-Comparison/ai-avatar-tools-compared.md
P0-next-draft,98,02-Comparison,en,(blank),multilingual-cluster,6,1,ai-background-wallpaper-tools-compared,ai-background-wallpaper-tools-compared,AI Background & Wallpaper Tools Compared: Wallpaper Engine vs Backdrop vs Lovart,02-Comparison/ai-background-wallpaper-tools-compared.md
P0-next-draft,98,02-Comparison,en,(blank),multilingual-cluster,6,1,ai-banner-tools-compared,ai-banner-tools-compared,AI Banner Makers Compared: Creatopy vs BannerBoo vs Lovart,02-Comparison/ai-banner-tools-compared.md
P0-next-draft,98,02-Comparison,en,(blank),multilingual-cluster,6,1,ai-body-editor-tools-compared,ai-body-editor-tools-compared,AI Body & Age Editors Compared: FaceApp vs EPIK vs Lovart,02-Comparison/ai-body-editor-tools-compared.md
P0-next-draft,98,02-Comparison,en,(blank),multilingual-cluster,6,1,ai-character-consistency-tools-compared,ai-character-consistency-tools-compared,AI Character Consistency Tools Compared: Leonardo vs Artbreeder vs Lovart,02-Comparison/ai-character-consistency-tools-compared.md
P0-next-draft,98,02-Comparison,en,(blank),multilingual-cluster,6,1,ai-clipart-tools-compared,ai-clipart-tools-compared,AI Clipart & Vector Generators Compared: Recraft vs Illustroke vs Lovart,02-Comparison/ai-clipart-tools-compared.md
P0-next-draft,98,02-Comparison,en,(blank),multilingual-cluster,6,1,ai-collage-moodboard-tools-compared,ai-collage-moodboard-tools-compared,AI Collage & Moodboard Makers Compared: Milanote vs Moodzer vs Lovart,02-Comparison/ai-collage-moodboard-tools-compared.md
P0-next-draft,98,02-Comparison,en,(blank),multilingual-cluster,6,1,ai-face-retouch-tools-compared,ai-face-retouch-tools-compared,AI Face Retouch Tools Compared: Facetune vs Remini vs Lovart — Smile Edit & More,02-Comparison/ai-face-retouch-tools-compared.md
P0-next-draft,98,02-Comparison,en,(blank),multilingual-cluster,6,1,ai-face-swap-tools-compared,ai-face-swap-tools-compared,AI Face Swap Tools Compared: Reface vs DeepSwap vs Lovart,02-Comparison/ai-face-swap-tools-compared.md
P0-next-draft,98,02-Comparison,en,(blank),multilingual-cluster,6,1,ai-floor-plan-tools-compared,ai-floor-plan-tools-compared,AI Floor Plan Tools Compared: RoomSketcher vs Planner5D vs Lovart,02-Comparison/ai-floor-plan-tools-compared.md
P0-next-draft,98,02-Comparison,en,(blank),multilingual-cluster,6,1,ai-image-expander-tools-compared,ai-image-expander-tools-compared,AI Image Expander Tools Compared: Photoshop Generative Expand vs Runway vs Lovart,02-Comparison/ai-image-expander-tools-compared.md
P0-next-draft,98,02-Comparison,en,(blank),multilingual-cluster,6,1,ai-image-upscaler-tools-compared,ai-image-upscaler-tools-compared,AI Image Upscaler Tools Compared: Gigapixel vs Upscale.media vs Lovart — Real 4K Results?,02-Comparison/ai-image-upscaler-tools-compared.md
P0-next-draft,98,02-Comparison,en,(blank),multilingual-cluster,6,1,ai-interior-design-tools-compared,ai-interior-design-tools-compared,AI Interior Design Tools Compared: Houzz vs DecorMatters vs Lovart,02-Comparison/ai-interior-design-tools-compared.md
P0-next-draft,98,02-Comparison,en,(blank),multilingual-cluster,6,1,ai-movie-poster-tools-compared,ai-movie-poster-tools-compared,AI Movie Poster Makers Compared: Film Poster AI vs CinePoster vs Lovart,02-Comparison/ai-movie-poster-tools-compared.md
P0-next-draft,98,02-Comparison,en,(blank),multilingual-cluster,6,1,ai-music-video-tools-compared,ai-music-video-tools-compared,AI Music Video Tools Compared: Kaiber vs Neural Frames vs Lovart — Beat-Synced Visuals,02-Comparison/ai-music-video-tools-compared.md
P0-next-draft,98,02-Comparison,en,(blank),multilingual-cluster,6,1,ai-object-remover-tools-compared,ai-object-remover-tools-compared,AI Object Remover Tools Compared: Cleanup.pictures vs Magic Eraser vs Lovart,02-Comparison/ai-object-remover-tools-compared.md
P0-next-draft,98,02-Comparison,en,(blank),multilingual-cluster,6,1,ai-photo-sharpener-tools-compared,ai-photo-sharpener-tools-compared,AI Photo Sharpener Tools Compared: Topaz vs Remini vs Lovart — Which Actually Fixes Blurry Photos?,02-Comparison/ai-photo-sharpener-tools-compared.md
P0-next-draft,98,02-Comparison,en,(blank),multilingual-cluster,6,1,ai-sketch-tools-compared,ai-sketch-tools-compared,AI Sketch Generators Compared: SketchAI vs DrawThings vs Lovart,02-Comparison/ai-sketch-tools-compared.md
P0-next-draft,98,02-Comparison,en,(blank),multilingual-cluster,6,1,ai-templates-vs-ai-generation-comparison,ai-templates-vs-ai-generation-comparison,AI Design Templates vs AI Generation — Which Is Better?,02-Comparison/ai-templates-vs-ai-generation-comparison.md
P0-next-draft,98,02-Comparison,en,(blank),multilingual-cluster,6,1,ai-texture-generator-tools-compared,ai-texture-generator-tools-compared,AI Texture Generators Compared: Polycam vs WithPoly vs Lovart — Seamless Results?,02-Comparison/ai-texture-generator-tools-compared.md
P0-next-draft,98,02-Comparison,en,(blank),multilingual-cluster,6,1,ai-video-editor-tools-compared,ai-video-editor-tools-compared,AI Video Editor Tools Compared: CapCut vs Runway vs Lovart — Which Handles Real Projects?,02-Comparison/ai-video-editor-tools-compared.md
P0-next-draft,98,02-Comparison,en,(blank),multilingual-cluster,4,1,design-workflow-comparison-traditional-vs-ai,design-workflow-comparison-traditional-vs-ai,Design Workflow: Traditional Agency vs AI Agent — A Side-by-Side Comparison,02-Comparison/design-workflow-comparison-traditional-vs-ai.md
P0-next-draft,98,02-Comparison,en,(blank),multilingual-cluster,6,1,free-vs-paid-ai-tools-compared,free-vs-paid-ai-tools-compared,Free vs Paid AI Design Tools — What $0 Actually Gets You Across 10 Platforms,02-Comparison/free-vs-paid-ai-tools-compared.md
P0-next-draft,98,02-Comparison,en,(blank),multilingual-cluster,4,1,gimp-vs-lovart-free-open-source-vs-ai-agent,gimp-vs-lovart-free-open-source-vs-ai-agent,GIMP vs Lovart — Free Open Source vs AI Design Agent — Honest Comparison,02-Comparison/gimp-vs-lovart-free-open-source-vs-ai-agent.md
P0-next-draft,98,02-Comparison,en,draft,multilingual-cluster,2,1,hedra-ai-vs-lovart,hedra-ai-vs-lovart,Hedra AI vs Lovart: AI Video with Character — Which Platform Owns the Human Element?,02-Comparison/hedra-ai-vs-lovart.md
P0-next-draft,98,02-Comparison,en,(blank),multilingual-cluster,4,1,heygen-vs-lovart-talking-avatar-comparison,heygen-vs-lovart-talking-avatar-comparison,HeyGen vs Lovart — Which AI Talking Avatar Tool Actually Delivers?,02-Comparison/heygen-vs-lovart-talking-avatar-comparison.md
P0-next-draft,98,02-Comparison,en,(blank),multilingual-cluster,4,1,invideo-vs-lovart-video-editing-comparison,invideo-vs-lovart-video-editing-comparison,InVideo vs Lovart — Video Editing Platform vs AI Design Agent,02-Comparison/invideo-vs-lovart-video-editing-comparison.md
P0-next-draft,98,02-Comparison,en,(blank),multilingual-cluster,6,1,photo-animation-tools-compared,photo-animation-tools-compared,Photo Animation Tools Compared: MyHeritage vs Deep Nostalgia vs Lovart — Bringing Photos to Life,02-Comparison/photo-animation-tools-compared.md
P0-next-draft,98,02-Comparison,en,(blank),multilingual-cluster,6,1,photo-to-anime-tools-compared,photo-to-anime-tools-compared,Photo-to-Anime Tools Compared: ToonMe vs AnimeGAN vs Lovart — Best Cartoon Transformation,02-Comparison/photo-to-anime-tools-compared.md
P0-next-draft,98,02-Comparison,en,(blank),multilingual-cluster,4,1,picsart-ai-vs-lovart-comparison,picsart-ai-vs-lovart-comparison,Picsart AI vs Lovart — Photo Editor Meets AI Design Agent,02-Comparison/picsart-ai-vs-lovart-comparison.md
P0-next-draft,98,02-Comparison,en,draft,single,1,1,pixai-vs-lovart,pixai-vs-lovart,PixAI vs Lovart: Anime AI Art Generator or Full-Spectrum Design Agent?,02-Comparison/pixai-vs-lovart.md
P0-next-draft,98,02-Comparison,en,(blank),multilingual-cluster,4,1,pollo-ai-vs-lovart-comparison,pollo-ai-vs-lovart-comparison,Pollo AI vs Lovart — AI Video Generator vs Full AI Design Agent,02-Comparison/pollo-ai-vs-lovart-comparison.md
P0-next-draft,98,02-Comparison,en,(blank),multilingual-cluster,4,1,recraft-vs-lovart-vector-design-comparison,recraft-vs-lovart-vector-design-comparison,Recraft vs Lovart — Vector & SVG AI Design Tools Compared,02-Comparison/recraft-vs-lovart-vector-design-comparison.md
P0-next-draft,98,02-Comparison,en,(blank),multilingual-cluster,4,1,russia-ctr-vs-france-multilingual-seo-lessons,russia-ctr-vs-france-multilingual-seo-lessons,Russia CTR vs France — Multilingual SEO Lessons from Lovart's Global Data,02-Comparison/russia-ctr-vs-france-multilingual-seo-lessons.md
P0-next-draft,98,02-Comparison,en,(blank),multilingual-cluster,4,1,S10-ai-design-agent-vs-image-generator,s10-ai-design-agent-vs-image-generator,AI Design Agent vs AI Image Generator — What's the Real Difference?,02-Comparison/S10-ai-design-agent-vs-image-generator.md
P0-next-draft,98,02-Comparison,en,draft,single,1,1,shutterstock-ai-vs-lovart,shutterstock-ai-vs-lovart,Shutterstock AI vs Lovart: Licensed Stock Meets AI Generation — Which Model Fits Your Budget?,02-Comparison/shutterstock-ai-vs-lovart.md
P0-next-draft,98,02-Comparison,en,(blank),multilingual-cluster,6,1,text-art-ascii-tools-compared,text-art-ascii-tools-compared,Text Art & ASCII Generators Compared: Patorjk vs TextFancy vs Lovart,02-Comparison/text-art-ascii-tools-compared.md
P0-next-draft,96,02-Comparison,en,(blank),multilingual-cluster,6,1,02-flux-vs-nano-banana,02-flux-vs-nano-banana,FLUX vs Nano Banana: Which AI Image Model Delivers Better Results?,02-Comparison/02-flux-vs-nano-banana.md
P0-next-draft,96,02-Comparison,en,(blank),multilingual-cluster,4,1,04-cluster-ai-logo-vs-human-designer,04-cluster-ai-logo-vs-human-designer,AI Logo Generator vs Human Designer: An Honest 2026 Comparison,02-Comparison/04-cluster-ai-logo-vs-human-designer.md
P0-next-draft,96,02-Comparison,en,(blank),multilingual-cluster,4,1,ai-commercial-license-country-comparison-2026,ai-commercial-license-country-comparison-2026,AI Commercial License by Country — What's Legal Where in 2026,02-Comparison/ai-commercial-license-country-comparison-2026.md
P0-next-draft,96,02-Comparison,en,(blank),multilingual-cluster,4,1,ai-model-showdown-sora-kling-veo-runway-pika-compared-2026,ai-model-showdown-sora-kling-veo-runway-pika-compared-2026,AI Model Showdown: Sora vs Kling vs Veo vs Runway vs Pika — Which Video AI Actually Delivers?,02-Comparison/ai-model-showdown-sora-kling-veo-runway-pika-compared-2026.md
P0-next-draft,93,01-How-To,en,(blank),multilingual-cluster,4,1,02-cluster-brand-style-guide-ai,02-cluster-brand-style-guide-ai,How to Create a Brand Style Guide with AI: Step by Step,01-How-To/02-cluster-brand-style-guide-ai.md
P0-next-draft,93,01-How-To,en,(blank),single,1,1,02-enterprise-sso-saml-guide,02-enterprise-sso-saml-guide,SSO and SAML Integration Guide for Enterprise Teams Using Lovart,01-How-To/02-enterprise-sso-saml-guide.md
P0-next-draft,93,01-How-To,en,(blank),multilingual-cluster,4,1,02-enterprise-team-plan-guide,02-enterprise-team-plan-guide,"Lovart Team Plan: Seats, Credits & Permission Management Explained",01-How-To/02-enterprise-team-plan-guide.md
P0-next-draft,93,01-How-To,en,(blank),multilingual-cluster,4,1,06-pillar-design-templates-category,06-pillar-design-templates-category,AI Design Templates: Complete Category Guide for Every Design Need,01-How-To/06-pillar-design-templates-category.md
P0-next-draft,93,01-How-To,en,(blank),multilingual-cluster,4,1,ai-design-accessibility-inclusive-design-guide,ai-design-accessibility-inclusive-design-guide,AI Design & Accessibility — How to Create Inclusive Visuals That Work for Everyone,01-How-To/ai-design-accessibility-inclusive-design-guide.md
P0-next-draft,93,01-How-To,en,(blank),multilingual-cluster,4,1,ai-design-roi-calculator-how-to-measure,ai-design-roi-calculator-how-to-measure,AI Design ROI — How to Measure What AI Design Actually Saves Your Business,01-How-To/ai-design-roi-calculator-how-to-measure.md
P0-next-draft,93,01-How-To,en,(blank),multilingual-cluster,2,1,b18-how-to-design-brand-identity-ai-bing,b18-how-to-design-brand-identity-ai-bing,,01-How-To/b18-how-to-design-brand-identity-ai-bing.md
P0-next-draft,93,01-How-To,en,(blank),single,1,1,b20-how-to-create-marketing-videos-ai-bing,b20-how-to-create-marketing-videos-ai-bing,,01-How-To/b20-how-to-create-marketing-videos-ai-bing.md
P0-next-draft,93,01-How-To,en,(blank),multilingual-cluster,4,1,china-market-ai-design-optimization-guide,china-market-ai-design-optimization-guide,China Market AI Design Optimization — Baidu SEO & WeChat Visual Strategy,01-How-To/china-market-ai-design-optimization-guide.md
P0-next-draft,93,01-How-To,en,(blank),multilingual-cluster,4,1,complete-guide-ai-design-for-every-business-niche,complete-guide-ai-design-for-every-business-niche,AI Design for Every Business Niche — The Complete Guide to Industry-Specific Visuals,01-How-To/complete-guide-ai-design-for-every-business-niche.md
P0-next-draft,93,01-How-To,en,(blank),multilingual-cluster,4,1,complete-guide-brand-kit-every-industry-lovart,complete-guide-brand-kit-every-industry-lovart,How to Create a Brand Kit Instantly — The Complete Guide for Every Industry and Role,01-How-To/complete-guide-brand-kit-every-industry-lovart.md
P0-next-draft,93,01-How-To,en,(blank),multilingual-cluster,4,1,content-health-score-framework-ai-design-blogs,content-health-score-framework-ai-design-blogs,Content Health Score Framework — How to Audit Your AI Design Blog's SEO Performance,01-How-To/content-health-score-framework-ai-design-blogs.md
P0-next-draft,93,01-How-To,en,(blank),multilingual-cluster,4,1,how-to-chat-generate-3d-character-lovart,how-to-chat-generate-3d-character-lovart,"How to Chat-Generate 3D Characters with Lovart — Mascots, Avatars, and Brand Personas",01-How-To/how-to-chat-generate-3d-character-lovart.md
P0-next-draft,93,01-How-To,en,(blank),multilingual-cluster,4,1,how-to-chat-generate-ai-effects-lovart,how-to-chat-generate-ai-effects-lovart,How to Chat-Generate AI Effects with Lovart — Visual Magic Without After Effects,01-How-To/how-to-chat-generate-ai-effects-lovart.md
P0-next-draft,93,01-How-To,en,(blank),multilingual-cluster,4,1,how-to-chat-generate-ai-short-videos-lovart,how-to-chat-generate-ai-short-videos-lovart,How to Chat-Generate AI Short Videos with Lovart — From Script to Visual Storyboard,01-How-To/how-to-chat-generate-ai-short-videos-lovart.md
P0-next-draft,93,01-How-To,en,(blank),multilingual-cluster,6,1,how-to-chat-generate-any-design-type-lovart-agent,how-to-chat-generate-any-design-type-lovart-agent,How to Chat-Generate Any Design Type with Lovart — The Complete Agent Prompt Guide,01-How-To/how-to-chat-generate-any-design-type-lovart-agent.md
P0-next-draft,93,01-How-To,en,(blank),multilingual-cluster,4,1,how-to-chat-generate-appointment-cards-lovart,how-to-chat-generate-appointment-cards-lovart,How to Chat-Generate Appointment Cards with Lovart — Professional Booking Reminders,01-How-To/how-to-chat-generate-appointment-cards-lovart.md
P0-next-draft,93,01-How-To,en,(blank),multilingual-cluster,4,1,how-to-chat-generate-brochure-lovart,how-to-chat-generate-brochure-lovart,How to Chat-Generate Brochures with Lovart — From Blank Page to Print-Ready PDF,01-How-To/how-to-chat-generate-brochure-lovart.md
P0-next-draft,93,01-How-To,en,(blank),multilingual-cluster,4,1,how-to-chat-generate-channel-art-lovart,how-to-chat-generate-channel-art-lovart,How to Chat-Generate YouTube Channel Art with Lovart — Banners That Build Brands,01-How-To/how-to-chat-generate-channel-art-lovart.md
P0-next-draft,93,01-How-To,en,(blank),multilingual-cluster,4,1,how-to-chat-generate-fb-ads-lovart,how-to-chat-generate-fb-ads-lovart,"How to Chat-Generate Facebook Ads Creatives with Lovart — Lower CPA, Higher CTR",01-How-To/how-to-chat-generate-fb-ads-lovart.md
P0-next-draft,93,01-How-To,en,(blank),multilingual-cluster,4,1,how-to-chat-generate-fb-post-cover-lovart,how-to-chat-generate-fb-post-cover-lovart,How to Chat-Generate Facebook Post Covers with Lovart — Link Posts That Get Clicks,01-How-To/how-to-chat-generate-fb-post-cover-lovart.md
P0-next-draft,93,01-How-To,en,(blank),multilingual-cluster,4,1,how-to-chat-generate-google-ads-lovart,how-to-chat-generate-google-ads-lovart,How to Chat-Generate Google Ads Images with Lovart — Responsive Display Ads That Convert,01-How-To/how-to-chat-generate-google-ads-lovart.md
P0-next-draft,93,01-How-To,en,(blank),multilingual-cluster,4,1,how-to-chat-generate-illustration-lovart,how-to-chat-generate-illustration-lovart,How to Chat-Generate Illustrations with Lovart — Editorial Art Without Hiring an Illustrator,01-How-To/how-to-chat-generate-illustration-lovart.md
P0-next-draft,93,01-How-To,en,(blank),multilingual-cluster,4,1,how-to-chat-generate-instagram-posts-lovart,how-to-chat-generate-instagram-posts-lovart,How to Chat-Generate Instagram Posts — Lovart Agent Workflow,01-How-To/how-to-chat-generate-instagram-posts-lovart.md
P0-next-draft,93,01-How-To,en,(blank),multilingual-cluster,4,1,how-to-chat-generate-linkedin-banner-lovart,how-to-chat-generate-linkedin-banner-lovart,How to Chat-Generate a LinkedIn Banner — Lovart Agent Workflow,01-How-To/how-to-chat-generate-linkedin-banner-lovart.md
P0-next-draft,93,01-How-To,en,(blank),multilingual-cluster,4,1,how-to-chat-generate-mockup-lovart,how-to-chat-generate-mockup-lovart,How to Chat-Generate Mockups with Lovart — Product Presentation Without a Photo Studio,01-How-To/how-to-chat-generate-mockup-lovart.md
P0-next-draft,93,01-How-To,en,(blank),multilingual-cluster,4,1,how-to-chat-generate-open-house-flyers-lovart,how-to-chat-generate-open-house-flyers-lovart,How to Chat-Generate Open House Flyers with Lovart — Real Estate Marketing That Fills Rooms,01-How-To/how-to-chat-generate-open-house-flyers-lovart.md
P0-next-draft,93,01-How-To,en,(blank),multilingual-cluster,4,1,how-to-chat-generate-podcast-cover-art-lovart,how-to-chat-generate-podcast-cover-art-lovart,How to Chat-Generate Podcast Cover Art with Lovart — Artwork That Gets Listens,01-How-To/how-to-chat-generate-podcast-cover-art-lovart.md
P0-next-draft,93,01-How-To,en,(blank),multilingual-cluster,4,1,how-to-chat-generate-price-lists-lovart,how-to-chat-generate-price-lists-lovart,How to Chat-Generate Price Lists with Lovart — Service Menus That Sell,01-How-To/how-to-chat-generate-price-lists-lovart.md
P0-next-draft,93,01-How-To,en,(blank),multilingual-cluster,4,1,how-to-chat-generate-product-photography-lovart,how-to-chat-generate-product-photography-lovart,How to Chat-Generate Product Photography — Lovart Agent Workflow,01-How-To/how-to-chat-generate-product-photography-lovart.md
P0-next-draft,93,01-How-To,en,(blank),multilingual-cluster,4,1,how-to-chat-generate-reels-lovart,how-to-chat-generate-reels-lovart,How to Chat-Generate Reels Covers with Lovart — Stop the Scroll in 0.3 Seconds,01-How-To/how-to-chat-generate-reels-lovart.md
P0-next-draft,93,01-How-To,en,(blank),multilingual-cluster,4,1,how-to-chat-generate-restaurant-menu-lovart,how-to-chat-generate-restaurant-menu-lovart,How to Chat-Generate a Restaurant Menu — Lovart Agent Workflow,01-How-To/how-to-chat-generate-restaurant-menu-lovart.md
P0-next-draft,93,01-How-To,en,(blank),multilingual-cluster,4,1,how-to-chat-generate-sales-deck-lovart,how-to-chat-generate-sales-deck-lovart,How to Chat-Generate Sales Decks with Lovart — Pitch Decks That Close Deals,01-How-To/how-to-chat-generate-sales-deck-lovart.md
P0-next-draft,93,01-How-To,en,(blank),multilingual-cluster,4,1,how-to-chat-generate-slide-deck-lovart,how-to-chat-generate-slide-deck-lovart,How to Chat-Generate Slide Decks with Lovart — Presentations That Don't Put People to Sleep,01-How-To/how-to-chat-generate-slide-deck-lovart.md
P0-next-draft,93,01-How-To,en,(blank),multilingual-cluster,4,1,how-to-chat-generate-table-tents-lovart,how-to-chat-generate-table-tents-lovart,How to Chat-Generate Table Tents with Lovart — Restaurant and Event Signage in Minutes,01-How-To/how-to-chat-generate-table-tents-lovart.md
P0-next-draft,93,01-How-To,en,(blank),multilingual-cluster,4,1,how-to-chat-generate-tiktok-ads-lovart,how-to-chat-generate-tiktok-ads-lovart,How to Chat-Generate TikTok Ads with Lovart — Spark Ads and In-Feed Creatives,01-How-To/how-to-chat-generate-tiktok-ads-lovart.md
P0-next-draft,93,01-How-To,en,(blank),multilingual-cluster,4,1,how-to-chat-generate-ui-layout-lovart,how-to-chat-generate-ui-layout-lovart,How to Chat-Generate UI Layouts with Lovart — From Wireframe to High-Fidelity in Minutes,01-How-To/how-to-chat-generate-ui-layout-lovart.md
P0-next-draft,93,01-How-To,en,(blank),multilingual-cluster,4,1,how-to-chat-generate-youtube-thumbnail-lovart,how-to-chat-generate-youtube-thumbnail-lovart,How to Chat-Generate YouTube Thumbnails — Lovart Agent Workflow,01-How-To/how-to-chat-generate-youtube-thumbnail-lovart.md
P0-next-draft,93,01-How-To,en,(blank),multilingual-cluster,4,1,how-to-create-ai-design-brief-that-works,how-to-create-ai-design-brief-that-works,How to Create an AI Design Brief That Actually Works — Templates & Examples,01-How-To/how-to-create-ai-design-brief-that-works.md
P0-next-draft,93,01-How-To,en,(blank),multilingual-cluster,4,1,how-to-create-ai-design-style-guide,how-to-create-ai-design-style-guide,How to Create an AI Design Style Guide — Consistency Across Every Output,01-How-To/how-to-create-ai-design-style-guide.md
P0-next-draft,93,01-How-To,en,(blank),multilingual-cluster,4,1,how-to-create-real-estate-marketing-materials-ai,how-to-create-real-estate-marketing-materials-ai,"How to Create Real Estate Marketing Materials with AI — Flyers, Listings & Virtual Tours",01-How-To/how-to-create-real-estate-marketing-materials-ai.md
P0-next-draft,93,01-How-To,en,(blank),multilingual-cluster,4,1,how-to-design-brand-small-business-ai,how-to-design-brand-small-business-ai,How to Design a Brand for Your Small Business with AI — Complete Startup Guide,01-How-To/how-to-design-brand-small-business-ai.md
P0-next-draft,93,01-How-To,en,(blank),multilingual-cluster,4,1,how-to-design-restaurant-menu-brand-ai,how-to-design-restaurant-menu-brand-ai,How to Design a Restaurant Menu & Brand with AI — From Logo to Food Photography,01-How-To/how-to-design-restaurant-menu-brand-ai.md
P0-next-draft,93,01-How-To,en,(blank),multilingual-cluster,4,1,how-to-detect-ai-generated-content-design,how-to-detect-ai-generated-content-design,How to Detect AI-Generated Design — And Why It Matters for Your Brand,01-How-To/how-to-detect-ai-generated-content-design.md
P0-next-draft,93,01-How-To,en,(blank),multilingual-cluster,4,1,how-to-use-ai-for-brand-refresh-rebrand,how-to-use-ai-for-brand-refresh-rebrand,How to Use AI for a Brand Refresh — Complete Rebrand Without an Agency,01-How-To/how-to-use-ai-for-brand-refresh-rebrand.md
P0-next-draft,93,01-How-To,en,(blank),multilingual-cluster,4,1,how-to-use-free-ai-design-tools,how-to-use-free-ai-design-tools,How to Use Free AI Design Tools — Create Professional Designs Without Spending a Dime,01-How-To/how-to-use-free-ai-design-tools.md
P0-next-draft,93,01-How-To,en,(blank),multilingual-cluster,4,1,multi-language-roi-framework-ai-design-content,multi-language-roi-framework-ai-design-content,Multi-Language ROI Framework — How to Calculate the Value of AI Design Translation,01-How-To/multi-language-roi-framework-ai-design-content.md
P0-next-draft,93,01-How-To,en,(blank),multilingual-cluster,4,1,S19-ai-design-enterprise-cto-guide,s19-ai-design-enterprise-cto-guide,AI Design for Enterprise: A CTO's Complete Guide to AI-Powered Creative Teams,01-How-To/S19-ai-design-enterprise-cto-guide.md
P0-next-draft,93,01-How-To,en,(blank),multilingual-cluster,4,1,S28 - ai-workflow-automation-guide,s28 - ai-workflow-automation-guide,AI Design Workflow Automation: From Brief to Delivery in Minutes,01-How-To/S28 - ai-workflow-automation-guide.md
P0-next-draft,93,01-How-To,en,(blank),multilingual-cluster,4,1,S29 - how-lovart-ai-works-behind-scenes,s29 - how-lovart-ai-works-behind-scenes,Behind the Scenes: How Lovart's AI Actually Works (A Non-Technical Guide),01-How-To/S29 - how-lovart-ai-works-behind-scenes.md
P0-next-draft,93,01-How-To,en,(blank),multilingual-cluster,6,1,ultimate-guide-ai-design-agent-canvas-for-creators-business,ultimate-guide-ai-design-agent-canvas-for-creators-business,The Ultimate Guide to AI Design Agent Canvas — Co-Create Your Brand from a Single Prompt,01-How-To/ultimate-guide-ai-design-agent-canvas-for-creators-business.md
P0-next-draft,92,02-Comparison,ja,(blank),multilingual-cluster,4,1,01-canva-vs-lovart-ja,01-canva-vs-lovart,Canva vs Lovart: Template Design vs AI Design Agent (2026),02-Comparison/01-canva-vs-lovart-ja.md
P0-next-draft,92,02-Comparison,zh,(blank),multilingual-cluster,4,1,01-canva-vs-lovart-zh,01-canva-vs-lovart,Canva vs Lovart：模板设计与AI设计代理（2026）,02-Comparison/01-canva-vs-lovart-zh.md
P0-next-draft,92,02-Comparison,zh-TW,(blank),multilingual-cluster,4,1,01-canva-vs-lovart-zhtw,01-canva-vs-lovart,Canva vs Lovart: Template Design vs AI Design Agent (2026),02-Comparison/01-canva-vs-lovart-zhtw.md
P0-next-draft,92,02-Comparison,ja,(blank),multilingual-cluster,4,1,01-veo3-vs-lovart-comparison-ja,01-veo3-vs-lovart-comparison,Google Veo 3 vs Lovart: AI Video Generation Compared (2026),02-Comparison/01-veo3-vs-lovart-comparison-ja.md
P0-next-draft,92,02-Comparison,zh,(blank),multilingual-cluster,4,1,01-veo3-vs-lovart-comparison-zh,01-veo3-vs-lovart-comparison,Google Veo 3 对比 Lovart：AI 视频生成全面对比 (2026),02-Comparison/01-veo3-vs-lovart-comparison-zh.md
P0-next-draft,92,02-Comparison,zh-TW,(blank),multilingual-cluster,4,1,01-veo3-vs-lovart-comparison-zhtw,01-veo3-vs-lovart-comparison,Google Veo 3 vs Lovart: AI Video Generation Compared (2026),02-Comparison/01-veo3-vs-lovart-comparison-zhtw.md
P0-next-draft,92,02-Comparison,ja,(blank),multilingual-cluster,4,1,04-midjourney-vs-lovart-ja,04-midjourney-vs-lovart,Midjourney vs Lovart: Which AI Image Tool Wins in 2026?,02-Comparison/04-midjourney-vs-lovart-ja.md
P0-next-draft,92,02-Comparison,zh,(blank),multilingual-cluster,4,1,04-midjourney-vs-lovart-zh,04-midjourney-vs-lovart,Midjourney vs Lovart：2026年哪款AI图像工具更胜一筹？,02-Comparison/04-midjourney-vs-lovart-zh.md
P0-next-draft,92,02-Comparison,zh-TW,(blank),multilingual-cluster,4,1,04-midjourney-vs-lovart-zhtw,04-midjourney-vs-lovart,Midjourney vs Lovart: Which AI Image Tool Wins in 2026?,02-Comparison/04-midjourney-vs-lovart-zhtw.md
P0-next-draft,92,02-Comparison,ja,(blank),multilingual-cluster,4,1,10-best-ai-face-retouching-apps-2026-ja,10-best-ai-face-retouching-apps-2026,10 Best AI Face Retouching Apps in 2026: Facetune vs Remini vs Evoto vs Lovart,02-Comparison/10-best-ai-face-retouching-apps-2026-ja.md
P0-next-draft,92,02-Comparison,zh,(blank),multilingual-cluster,4,1,10-best-ai-face-retouching-apps-2026-zh,10-best-ai-face-retouching-apps-2026,2026年十大最佳AI人像修图App：Facetune vs Remini vs Evoto vs Lovart,02-Comparison/10-best-ai-face-retouching-apps-2026-zh.md
P0-next-draft,92,02-Comparison,zh-TW,(blank),multilingual-cluster,4,1,10-best-ai-face-retouching-apps-2026-zhtw,10-best-ai-face-retouching-apps-2026,10 Best AI Face Retouching Apps in 2026: Facetune vs Remini vs Evoto vs Lovart,02-Comparison/10-best-ai-face-retouching-apps-2026-zhtw.md
P0-next-draft,92,02-Comparison,ja,(blank),multilingual-cluster,6,1,10-best-text-to-video-ai-tools-2026-ja,10-best-text-to-video-ai-tools-2026,10 Best Text-to-Video AI Tools in 2026: Sora vs Veo vs Runway vs Kling vs Lovart,02-Comparison/10-best-text-to-video-ai-tools-2026-ja.md
P0-next-draft,92,02-Comparison,zh-TW,(blank),multilingual-cluster,6,1,10-best-text-to-video-ai-tools-2026-zhtw,10-best-text-to-video-ai-tools-2026,10 Best Text-to-Video AI Tools in 2026: Sora vs Veo vs Runway vs Kling vs Lovart,02-Comparison/10-best-text-to-video-ai-tools-2026-zhtw.md
P0-next-draft,92,02-Comparison,ja,(blank),multilingual-cluster,4,1,5-best-ai-image-models-compared-2026-ja,5-best-ai-image-models-compared-2026,5 Best AI Image Models Compared in 2026: Midjourney V6 vs DALL-E 3 vs SD3 vs Firefly vs Lovart,02-Comparison/5-best-ai-image-models-compared-2026-ja.md
P0-next-draft,92,02-Comparison,zh,(blank),multilingual-cluster,4,1,5-best-ai-image-models-compared-2026-zh,5-best-ai-image-models-compared-2026,2026年五大最佳AI图像模型对比：Midjourney V6 vs DALL-E 3 vs SD3 vs Firefly vs Lovart,02-Comparison/5-best-ai-image-models-compared-2026-zh.md
P0-next-draft,92,02-Comparison,zh-TW,(blank),multilingual-cluster,4,1,5-best-ai-image-models-compared-2026-zhtw,5-best-ai-image-models-compared-2026,5 Best AI Image Models Compared in 2026: Midjourney V6 vs DALL-E 3 vs SD3 vs Firefly vs Lovart,02-Comparison/5-best-ai-image-models-compared-2026-zhtw.md
P0-next-draft,92,02-Comparison,ja,(blank),multilingual-cluster,4,1,5-best-ai-video-models-compared-2026-ja,5-best-ai-video-models-compared-2026,5 AI Video Models Compared in 2026: Sora vs Veo vs Kling vs Runway Gen-3 vs Lovart,02-Comparison/5-best-ai-video-models-compared-2026-ja.md
P0-next-draft,92,02-Comparison,zh,(blank),multilingual-cluster,4,1,5-best-ai-video-models-compared-2026-zh,5-best-ai-video-models-compared-2026,2026年五大AI视频模型对比：Sora vs Veo vs Kling vs Runway Gen-3 vs Lovart,02-Comparison/5-best-ai-video-models-compared-2026-zh.md
P0-next-draft,92,02-Comparison,zh-TW,(blank),multilingual-cluster,4,1,5-best-ai-video-models-compared-2026-zhtw,5-best-ai-video-models-compared-2026,5 AI Video Models Compared in 2026: Sora vs Veo vs Kling vs Runway Gen-3 vs Lovart,02-Comparison/5-best-ai-video-models-compared-2026-zhtw.md
P0-next-draft,92,02-Comparison,ja,(blank),multilingual-cluster,4,1,7-best-photo-to-anime-cartoon-converters-2026-ja,7-best-photo-to-anime-cartoon-converters-2026,7 Best Photo-to-Anime & Cartoon Converters in 2026: ToonMe vs Voila vs Lovart,02-Comparison/7-best-photo-to-anime-cartoon-converters-2026-ja.md
P0-next-draft,92,02-Comparison,zh,(blank),multilingual-cluster,4,1,7-best-photo-to-anime-cartoon-converters-2026-zh,7-best-photo-to-anime-cartoon-converters-2026,2026年7款最佳照片转动漫与卡通转换器：ToonMe vs Voila vs Lovart,02-Comparison/7-best-photo-to-anime-cartoon-converters-2026-zh.md
P0-next-draft,92,02-Comparison,zh-TW,(blank),multilingual-cluster,4,1,7-best-photo-to-anime-cartoon-converters-2026-zhtw,7-best-photo-to-anime-cartoon-converters-2026,7 Best Photo-to-Anime & Cartoon Converters in 2026: ToonMe vs Voila vs Lovart,02-Comparison/7-best-photo-to-anime-cartoon-converters-2026-zhtw.md
P0-next-draft,92,02-Comparison,ja,(blank),multilingual-cluster,4,1,8-best-ai-face-swap-apps-2026-ja,8-best-ai-face-swap-apps-2026,8 Best AI Face Swap Apps in 2026: Reface vs DeepAR vs Vidnoz vs Lovart,02-Comparison/8-best-ai-face-swap-apps-2026-ja.md
P0-next-draft,92,02-Comparison,zh,(blank),multilingual-cluster,4,1,8-best-ai-face-swap-apps-2026-zh,8-best-ai-face-swap-apps-2026,2026年8款最佳AI换脸应用：Reface vs DeepAR vs Vidnoz vs Lovart,02-Comparison/8-best-ai-face-swap-apps-2026-zh.md
P0-next-draft,92,02-Comparison,zh-TW,(blank),multilingual-cluster,4,1,8-best-ai-face-swap-apps-2026-zhtw,8-best-ai-face-swap-apps-2026,8 Best AI Face Swap Apps in 2026: Reface vs DeepAR vs Vidnoz vs Lovart,02-Comparison/8-best-ai-face-swap-apps-2026-zhtw.md
P0-next-draft,92,02-Comparison,ja,(blank),multilingual-cluster,4,1,adobe-express-vs-lovart-comparison,adobe-express-vs-lovart-comparison,【日本語】 Adobe Express vs Lovart — Which AI デザイン Tool Is Right for You? (2026),02-Comparison/adobe-express-vs-lovart-comparison-ja.md
P0-next-draft,92,02-Comparison,zh,(blank),multilingual-cluster,4,1,adobe-express-vs-lovart-comparison-zh,adobe-express-vs-lovart-comparison,Adobe Express vs Lovart — 哪款AI设计工具适合你？（2026）,02-Comparison/adobe-express-vs-lovart-comparison-zh.md
P0-next-draft,92,02-Comparison,zh-TW,(blank),multilingual-cluster,4,1,adobe-express-vs-lovart-comparison,adobe-express-vs-lovart-comparison,【繁體】 Adobe Express vs Lovart — Which AI 設計 Tool Is Right for You? (2026),02-Comparison/adobe-express-vs-lovart-comparison-zhtw.md
P0-next-draft,92,02-Comparison,ja,(blank),multilingual-cluster,6,1,ai-art-generator-tools-compared-ja,ai-art-generator-tools-compared,AI Art Generators Compared: Midjourney vs DALL-E vs Lovart — Real Artists Weigh In,02-Comparison/ai-art-generator-tools-compared-ja.md
P0-next-draft,92,02-Comparison,zh,(blank),multilingual-cluster,6,1,ai-art-generator-tools-compared-zh,ai-art-generator-tools-compared,AI 艺术生成器对比：Midjourney vs DALL-E vs Lovart — 真实艺术家现身说法,02-Comparison/ai-art-generator-tools-compared-zh.md
P0-next-draft,92,02-Comparison,zh-TW,(blank),multilingual-cluster,6,1,ai-art-generator-tools-compared-zhtw,ai-art-generator-tools-compared,AI Art Generators Compared: Midjourney vs DALL-E vs Lovart — Real Artists Weigh In,02-Comparison/ai-art-generator-tools-compared-zhtw.md
P0-next-draft,92,02-Comparison,ja,(blank),multilingual-cluster,6,1,ai-art-platforms-compared-2026,ai-art-platforms-compared-2026,【日本語】 Leonardo AI vs OpenArt vs CivitAI vs Lovart — ベスト AI Art Platform for Creators,02-Comparison/ai-art-platforms-compared-2026-ja.md
P0-next-draft,92,02-Comparison,zh,(blank),multilingual-cluster,6,1,ai-art-platforms-compared-2026,ai-art-platforms-compared-2026,Leonardo AI vs OpenArt vs Civitai vs Lovart — 创作者的最佳AI艺术平台,02-Comparison/ai-art-platforms-compared-2026-zh.md
P0-next-draft,92,02-Comparison,zh-TW,(blank),multilingual-cluster,6,1,ai-art-platforms-compared-2026,ai-art-platforms-compared-2026,【繁體】 Leonardo AI vs OpenArt vs CivitAI vs Lovart — 最佳 AI Art Platform for Creators,02-Comparison/ai-art-platforms-compared-2026-zhtw.md
P0-next-draft,92,02-Comparison,ja,(blank),multilingual-cluster,6,1,ai-design-vs-diy-canva-time-comparison-ja,ai-design-vs-diy-canva-time-comparison,AI Design vs DIY Canva — Which Saves More Time? We Timed Both,02-Comparison/ai-design-vs-diy-canva-time-comparison-ja.md
P0-next-draft,92,02-Comparison,zh-TW,(blank),multilingual-cluster,6,1,ai-design-vs-diy-canva-time-comparison-zhtw,ai-design-vs-diy-canva-time-comparison,AI Design vs DIY Canva — Which Saves More Time? We Timed Both,02-Comparison/ai-design-vs-diy-canva-time-comparison-zhtw.md
P0-next-draft,92,02-Comparison,ja,(blank),multilingual-cluster,6,1,ai-design-vs-diy-canva-which-saves-more-time-ja,ai-design-vs-diy-canva-which-saves-more-time,AI Design vs DIY Canva — Which Actually Saves More Time? We Timed Both,02-Comparison/ai-design-vs-diy-canva-which-saves-more-time-ja.md
P0-next-draft,92,02-Comparison,zh-TW,(blank),multilingual-cluster,6,1,ai-design-vs-diy-canva-which-saves-more-time-zhtw,ai-design-vs-diy-canva-which-saves-more-time,AI Design vs DIY Canva — Which Actually Saves More Time? We Timed Both,02-Comparison/ai-design-vs-diy-canva-which-saves-more-time-zhtw.md
P0-next-draft,92,02-Comparison,ja,(blank),multilingual-cluster,4,1,ai-image-models-compared-2026,ai-image-models-compared-2026,【日本語】 DALL-E vs Midjourney vs FLUX vs Stable Diffusion vs Lovart — AI Image Model Battle,02-Comparison/ai-image-models-compared-2026-ja.md
P0-next-draft,92,02-Comparison,zh,(blank),multilingual-cluster,4,1,ai-image-models-compared-2026-zh,ai-image-models-compared-2026,DALL-E vs Midjourney vs FLUX vs Stable Diffusion vs Lovart — AI图像模型对决,02-Comparison/ai-image-models-compared-2026-zh.md
P0-next-draft,92,02-Comparison,zh-TW,(blank),multilingual-cluster,4,1,ai-image-models-compared-2026,ai-image-models-compared-2026,【繁體】 DALL-E vs Midjourney vs FLUX vs Stable Diffusion vs Lovart — AI Image Model Battle,02-Comparison/ai-image-models-compared-2026-zhtw.md
P0-next-draft,92,02-Comparison,ja,(blank),multilingual-cluster,6,1,ai-poster-tools-compared,ai-poster-tools-compared,【日本語】 AI Poster Makers Compared: Canva vs PosterMyWall vs Lovart,02-Comparison/ai-poster-tools-compared-ja.md
P0-next-draft,92,02-Comparison,zh,(blank),multilingual-cluster,6,1,ai-poster-tools-compared-zh,ai-poster-tools-compared,AI海报制作工具对比：Canva vs PosterMyWall vs Lovart,02-Comparison/ai-poster-tools-compared-zh.md
P0-next-draft,92,02-Comparison,zh-TW,(blank),multilingual-cluster,6,1,ai-poster-tools-compared,ai-poster-tools-compared,【繁體】 AI Poster Makers Compared: Canva vs PosterMyWall vs Lovart,02-Comparison/ai-poster-tools-compared-zhtw.md
P0-next-draft,92,02-Comparison,ja,(blank),multilingual-cluster,6,1,ai-print-materials-tools-compared,ai-print-materials-tools-compared,【日本語】 AI Print Material Makers Compared: Canva Print vs Moo vs Lovart,02-Comparison/ai-print-materials-tools-compared-ja.md
P0-next-draft,92,02-Comparison,zh,(blank),multilingual-cluster,6,1,ai-print-materials-tools-compared,ai-print-materials-tools-compared,AI印刷物料制作工具对比：Canva Print vs Moo vs Lovart,02-Comparison/ai-print-materials-tools-compared-zh.md
P0-next-draft,92,02-Comparison,zh-TW,(blank),multilingual-cluster,6,1,ai-print-materials-tools-compared,ai-print-materials-tools-compared,【繁體】 AI Print Material Makers Compared: Canva Print vs Moo vs Lovart,02-Comparison/ai-print-materials-tools-compared-zhtw.md
P0-next-draft,92,02-Comparison,ja,(blank),multilingual-cluster,6,1,ai-video-models-compared-2026,ai-video-models-compared-2026,【日本語】 Sora vs Kling vs Veo vs Runway vs Lovart — The 2026 AI Video Model Deathmatch,02-Comparison/ai-video-models-compared-2026-ja.md
P0-next-draft,92,02-Comparison,zh,(blank),multilingual-cluster,6,1,ai-video-models-compared-2026-zh,ai-video-models-compared-2026,Sora vs Kling vs Veo vs Runway vs Lovart — 2026年AI视频模型生死对决,02-Comparison/ai-video-models-compared-2026-zh.md
P0-next-draft,92,02-Comparison,zh-TW,(blank),multilingual-cluster,6,1,ai-video-models-compared-2026,ai-video-models-compared-2026,【繁體】 Sora vs Kling vs Veo vs Runway vs Lovart — The 2026 AI Video Model Deathmatch,02-Comparison/ai-video-models-compared-2026-zhtw.md
P0-next-draft,92,02-Comparison,ja,(blank),multilingual-cluster,4,1,best-ai-design-tools-for-non-designers-comparison-ja,best-ai-design-tools-for-non-designers-comparison,Best AI Design Tools for Non-Designers — 2026 Comparison,02-Comparison/best-ai-design-tools-for-non-designers-comparison-ja.md
P0-next-draft,92,02-Comparison,zh-TW,(blank),multilingual-cluster,4,1,best-ai-design-tools-for-non-designers-comparison-zhtw,best-ai-design-tools-for-non-designers-comparison,Best AI Design Tools for Non-Designers — 2026 Comparison,02-Comparison/best-ai-design-tools-for-non-designers-comparison-zhtw.md
P0-next-draft,92,02-Comparison,ja,(blank),multilingual-cluster,4,1,chatcanvas-vs-traditional-design-tools,chatcanvas-vs-traditional-design-tools,【日本語】 ChatCanvas vs Traditional デザイン ツール — Spatial Thinking vs Linear Workflow,02-Comparison/chatcanvas-vs-traditional-design-tools-ja.md
P0-next-draft,92,02-Comparison,zh-TW,(blank),multilingual-cluster,4,1,chatcanvas-vs-traditional-design-tools,chatcanvas-vs-traditional-design-tools,【繁體】 ChatCanvas vs Traditional 設計 工具 — Spatial Thinking vs Linear Workflow,02-Comparison/chatcanvas-vs-traditional-design-tools-zhtw.md
P0-next-draft,92,02-Comparison,ja,(blank),multilingual-cluster,6,1,free-vs-paid-ai-tools-compared,free-vs-paid-ai-tools-compared,【日本語】 Free vs Paid AI デザイン ツール — What $0 Actually Gets You Across 10 Platforms,02-Comparison/free-vs-paid-ai-tools-compared-ja.md
P0-next-draft,92,02-Comparison,zh-TW,(blank),multilingual-cluster,6,1,free-vs-paid-ai-tools-compared,free-vs-paid-ai-tools-compared,【繁體】 Free vs Paid AI 設計 工具 — What $0 Actually Gets You Across 10 Platforms,02-Comparison/free-vs-paid-ai-tools-compared-zhtw.md
P0-next-draft,92,02-Comparison,zh,draft,multilingual-cluster,2,1,luma-dream-machine-vs-lovart,luma-dream-machine-vs-lovart,Luma Dream Machine vs Lovart：2026年哪款AI视频生成器更胜一筹？,02-Comparison/luma-dream-machine-vs-lovart-zh.md
P0-next-draft,92,02-Comparison,ja,(blank),multilingual-cluster,6,1,real-estate-design-tools-compared,real-estate-design-tools-compared,【日本語】 Real Estate マーケティング ツール Compared: Canva vs AgentPrint vs Lovart,02-Comparison/real-estate-design-tools-compared-ja.md
P0-next-draft,92,02-Comparison,zh,(blank),multilingual-cluster,6,1,real-estate-design-tools-compared-zh,real-estate-design-tools-compared,房地产营销工具对比：Canva vs AgentPrint vs Lovart,02-Comparison/real-estate-design-tools-compared-zh.md
P0-next-draft,92,02-Comparison,zh-TW,(blank),multilingual-cluster,6,1,real-estate-design-tools-compared,real-estate-design-tools-compared,【繁體】 Real Estate 行銷 工具 Compared: Canva vs AgentPrint vs Lovart,02-Comparison/real-estate-design-tools-compared-zhtw.md
P0-next-draft,92,02-Comparison,ja,(blank),multilingual-cluster,6,1,restaurant-design-tools-compared,restaurant-design-tools-compared,【日本語】 Restaurant デザイン ツール Compared: MustHaveMenus vs Canva vs Lovart,02-Comparison/restaurant-design-tools-compared-ja.md
P0-next-draft,92,02-Comparison,zh,(blank),multilingual-cluster,6,1,restaurant-design-tools-compared-zh,restaurant-design-tools-compared,餐厅设计工具对比：MustHaveMenus vs Canva vs Lovart,02-Comparison/restaurant-design-tools-compared-zh.md
P0-next-draft,92,02-Comparison,zh-TW,(blank),multilingual-cluster,6,1,restaurant-design-tools-compared,restaurant-design-tools-compared,【繁體】 Restaurant 設計 工具 Compared: MustHaveMenus vs Canva vs Lovart,02-Comparison/restaurant-design-tools-compared-zhtw.md
P0-next-draft,92,02-Comparison,ja,(blank),multilingual-cluster,4,1,S14-ai-design-cost-calculator-comparison-ja,s14-ai-design-cost-calculator-comparison,AI Design Cost: How Much Can You Really Save? (2026 Comparison),02-Comparison/S14-ai-design-cost-calculator-comparison-ja.md
P0-next-draft,92,02-Comparison,zh-TW,(blank),multilingual-cluster,4,1,S14-ai-design-cost-calculator-comparison-zhtw,s14-ai-design-cost-calculator-comparison,AI Design Cost: How Much Can You Really Save? (2026 Comparison),02-Comparison/S14-ai-design-cost-calculator-comparison-zhtw.md
P0-next-draft,92,02-Comparison,ja,(blank),multilingual-cluster,4,1,S15-canva-vs-figma-vs-lovart-three-way-ja,s15-canva-vs-figma-vs-lovart-three-way,Canva vs Figma vs Lovart: Which Design Tool is Right for Your Business?,02-Comparison/S15-canva-vs-figma-vs-lovart-three-way-ja.md
P0-next-draft,92,02-Comparison,zh,(blank),multilingual-cluster,4,1,S15-canva-vs-figma-vs-lovart-three-way-zh,s15-canva-vs-figma-vs-lovart-three-way,Canva vs Figma vs Lovart：哪款设计工具适合你的业务？,02-Comparison/S15-canva-vs-figma-vs-lovart-three-way-zh.md
P0-next-draft,92,02-Comparison,zh-TW,(blank),multilingual-cluster,4,1,S15-canva-vs-figma-vs-lovart-three-way-zhtw,s15-canva-vs-figma-vs-lovart-three-way,Canva vs Figma vs Lovart: Which Design Tool is Right for Your Business?,02-Comparison/S15-canva-vs-figma-vs-lovart-three-way-zhtw.md
P0-next-draft,92,02-Comparison,ja,(blank),multilingual-cluster,4,1,S17-sora-vs-veo-vs-kling-vs-lovart-ja,s17-sora-vs-veo-vs-kling-vs-lovart,Best AI Video Tools Compared: Sora 2 vs Veo 3 vs Kling vs Lovart (2026),02-Comparison/S17-sora-vs-veo-vs-kling-vs-lovart-ja.md
P0-next-draft,92,02-Comparison,zh,(blank),multilingual-cluster,4,1,S17-sora-vs-veo-vs-kling-vs-lovart-zh,s17-sora-vs-veo-vs-kling-vs-lovart,最佳AI视频工具对比：Sora 2 vs Veo 3 vs Kling vs Lovart（2026）,02-Comparison/S17-sora-vs-veo-vs-kling-vs-lovart-zh.md
P0-next-draft,92,02-Comparison,zh-TW,(blank),multilingual-cluster,4,1,S17-sora-vs-veo-vs-kling-vs-lovart-zhtw,s17-sora-vs-veo-vs-kling-vs-lovart,Best AI Video Tools Compared: Sora 2 vs Veo 3 vs Kling vs Lovart (2026),02-Comparison/S17-sora-vs-veo-vs-kling-vs-lovart-zhtw.md
P0-next-draft,92,02-Comparison,ja,(blank),multilingual-cluster,4,1,S27 - midjourney-vs-dalle-vs-lovart-three-way-ja,s27 - midjourney-vs-dalle-vs-lovart-three-way,Midjourney vs DALL-E vs Lovart: The Ultimate 3-Way AI Image Battle (2026),02-Comparison/S27 - midjourney-vs-dalle-vs-lovart-three-way-ja.md
P0-next-draft,92,02-Comparison,zh,(blank),multilingual-cluster,4,1,S27 - midjourney-vs-dalle-vs-lovart-three-way-zh,s27 - midjourney-vs-dalle-vs-lovart-three-way,Midjourney vs DALL-E vs Lovart：终极三向AI图像对决（2026版）,02-Comparison/S27 - midjourney-vs-dalle-vs-lovart-three-way-zh.md
P0-next-draft,92,02-Comparison,zh-TW,(blank),multilingual-cluster,4,1,S27 - midjourney-vs-dalle-vs-lovart-three-way-zhtw,s27 - midjourney-vs-dalle-vs-lovart-three-way,Midjourney vs DALL-E vs Lovart: The Ultimate 3-Way AI Image Battle (2026),02-Comparison/S27 - midjourney-vs-dalle-vs-lovart-three-way-zhtw.md
P0-next-draft,92,02-Comparison,ja,(blank),multilingual-cluster,6,1,small-business-design-tools-compared,small-business-design-tools-compared,【日本語】 Small Business デザイン ツール Compared: Canva vs VistaCreate vs Lovart,02-Comparison/small-business-design-tools-compared-ja.md
P0-next-draft,92,02-Comparison,zh,(blank),multilingual-cluster,6,1,small-business-design-tools-compared-zh,small-business-design-tools-compared,小型企业设计工具对比：Canva vs VistaCreate vs Lovart,02-Comparison/small-business-design-tools-compared-zh.md
P0-next-draft,92,02-Comparison,zh-TW,(blank),multilingual-cluster,6,1,small-business-design-tools-compared,small-business-design-tools-compared,【繁體】 Small Business 設計 工具 Compared: Canva vs VistaCreate vs Lovart,02-Comparison/small-business-design-tools-compared-zhtw.md
P0-next-draft,92,02-Comparison,ja,(blank),multilingual-cluster,4,1,synthesia-vs-lovart-ai-video-avatar-comparison,synthesia-vs-lovart-ai-video-avatar-comparison,【日本語】 Synthesia vs Lovart — AI Video Avatar & Talking Head 比較 (2026),02-Comparison/synthesia-vs-lovart-ai-video-avatar-comparison-ja.md
P0-next-draft,92,02-Comparison,zh,(blank),multilingual-cluster,4,1,synthesia-vs-lovart-ai-video-avatar-comparison,synthesia-vs-lovart-ai-video-avatar-comparison,Synthesia vs Lovart — AI 视频头像与虚拟主播对比 (2026),02-Comparison/synthesia-vs-lovart-ai-video-avatar-comparison-zh.md
P0-next-draft,92,02-Comparison,zh-TW,(blank),multilingual-cluster,4,1,synthesia-vs-lovart-ai-video-avatar-comparison,synthesia-vs-lovart-ai-video-avatar-comparison,【繁體】 Synthesia vs Lovart — AI Video Avatar & Talking Head 對比 (2026),02-Comparison/synthesia-vs-lovart-ai-video-avatar-comparison-zhtw.md
P0-next-draft,92,02-Comparison,ja,(blank),multilingual-cluster,6,1,text-to-video-tools-compared-ja,text-to-video-tools-compared,Text-to-Video Tools Compared: Sora vs Veo vs Lovart — The 2026 Video Generation Battle,02-Comparison/text-to-video-tools-compared-ja.md
P0-next-draft,92,02-Comparison,zh,(blank),multilingual-cluster,6,1,text-to-video-tools-compared-zh,text-to-video-tools-compared,文生视频工具对比：Sora vs Veo vs Lovart — 2026视频生成之战,02-Comparison/text-to-video-tools-compared-zh.md
P0-next-draft,92,02-Comparison,zh-TW,(blank),multilingual-cluster,6,1,text-to-video-tools-compared-zhtw,text-to-video-tools-compared,Text-to-Video Tools Compared: Sora vs Veo vs Lovart — The 2026 Video Generation Battle,02-Comparison/text-to-video-tools-compared-zhtw.md
P0-next-draft,91,01-How-To,en,(blank),multilingual-cluster,4,1,01-pillar-ai-ecommerce-visuals,01-pillar-ai-ecommerce-visuals,AI for E-Commerce: Visual Content That Converts (2026 Guide),01-How-To/01-pillar-ai-ecommerce-visuals.md
P0-next-draft,91,01-How-To,en,(blank),multilingual-cluster,6,1,01-pillar-ai-video-generation-101,01-pillar-ai-video-generation-101,AI Video Generation 101: The Complete Guide to Creating Videos with AI (2026),01-How-To/01-pillar-ai-video-generation-101.md
P0-next-draft,91,01-How-To,en,(blank),multilingual-cluster,4,1,02-cluster-shopify-product-images,02-cluster-shopify-product-images,Shopify Product Images: AI-Generated vs Professional Photography (2026),01-How-To/02-cluster-shopify-product-images.md
P0-next-draft,91,01-How-To,en,(blank),multilingual-cluster,6,1,04-cluster-best-ai-video-generators,04-cluster-best-ai-video-generators,Best AI Video Generators Compared: The Ultimate 2026 Guide,01-How-To/04-cluster-best-ai-video-generators.md
P0-next-draft,91,01-How-To,en,(blank),single,1,1,06-ai-music-generator-complete-guide-2026,06-ai-music-generator-complete-guide-2026,AI Music Generator Complete Guide — Create Royalty-Free Music for Your Projects,01-How-To/06-ai-music-generator-complete-guide-2026.md
P0-next-draft,91,01-How-To,en,(blank),multilingual-cluster,2,1,07-ai-voice-text-to-speech-guide-2026,07-ai-voice-text-to-speech-guide-2026,AI Voice & Text-to-Speech Guide — Generate Professional Voiceovers Without a Studio,01-How-To/07-ai-voice-text-to-speech-guide-2026.md
P0-next-draft,91,01-How-To,en,(blank),multilingual-cluster,4,1,10-best-ai-print-design-tools-2026,10-best-ai-print-design-tools-2026,"10 Best AI Print Design Tools in 2026: Flyers, Business Cards, Invitations & More",01-How-To/10-best-ai-print-design-tools-2026.md
P0-next-draft,91,01-How-To,en,(blank),multilingual-cluster,4,1,5-best-ai-movie-poster-generators-2026,5-best-ai-movie-poster-generators-2026,5 Best AI Movie Poster Generators in 2026: Cinematic Poster Design Without a Hollywood Budget,01-How-To/5-best-ai-movie-poster-generators-2026.md
P0-next-draft,91,01-How-To,en,(blank),multilingual-cluster,4,1,5-best-ai-texture-material-generators-2026,5-best-ai-texture-material-generators-2026,"5 Best AI Texture & Material Generators in 2026: PBR, Seamless & Game-Ready Assets",01-How-To/5-best-ai-texture-material-generators-2026.md
P0-next-draft,91,01-How-To,en,(blank),multilingual-cluster,4,1,6-best-ai-body-age-transformation-apps-2026,6-best-ai-body-age-transformation-apps-2026,6 Best AI Body & Age Transformation Apps in 2026: Fitness Visualizer to Facetune Body,01-How-To/6-best-ai-body-age-transformation-apps-2026.md
P0-next-draft,91,01-How-To,en,(blank),multilingual-cluster,4,1,6-best-ai-character-consistency-tools-2026,6-best-ai-character-consistency-tools-2026,6 Best AI Character Consistency Tools in 2026: Keep Your Character Looking the Same Across Every Scene,01-How-To/6-best-ai-character-consistency-tools-2026.md
P0-next-draft,91,01-How-To,en,(blank),multilingual-cluster,4,1,6-best-ai-clipart-vector-generators-2026,6-best-ai-clipart-vector-generators-2026,6 Best AI Clipart & Vector Generators in 2026: From Prompt to Scalable Graphics in Seconds,01-How-To/6-best-ai-clipart-vector-generators-2026.md
P0-next-draft,91,01-How-To,en,(blank),multilingual-cluster,4,1,6-best-ai-collage-moodboard-makers-2026,6-best-ai-collage-moodboard-makers-2026,6 Best AI Collage & Moodboard Makers in 2026: From Inspiration to Composition in Minutes,01-How-To/6-best-ai-collage-moodboard-makers-2026.md
P0-next-draft,91,01-How-To,en,(blank),multilingual-cluster,4,1,6-best-ai-floor-plan-creators-2026,6-best-ai-floor-plan-creators-2026,6 Best AI Floor Plan Creators in 2026: From Sketch to Professional Blueprint,01-How-To/6-best-ai-floor-plan-creators-2026.md
P0-next-draft,91,01-How-To,en,(blank),multilingual-cluster,4,1,7-best-ai-animal-pet-portrait-generators-2026,7-best-ai-animal-pet-portrait-generators-2026,7 Best AI Animal & Pet Portrait Generators in 2026: Royal Pet Portraits Without the Painter,01-How-To/7-best-ai-animal-pet-portrait-generators-2026.md
P0-next-draft,91,01-How-To,en,(blank),multilingual-cluster,4,1,7-best-ai-poster-design-tools-2026,7-best-ai-poster-design-tools-2026,7 Best AI Poster Design Tools in 2026: From Prompt to Print-Ready Poster in Minutes,01-How-To/7-best-ai-poster-design-tools-2026.md
P0-next-draft,91,01-How-To,en,(blank),multilingual-cluster,4,1,7-best-ai-sketch-drawing-generators-2026,7-best-ai-sketch-drawing-generators-2026,7 Best AI Sketch & Drawing Generators in 2026: Doodle to Masterpiece — From Rough Idea to Refined Sketch,01-How-To/7-best-ai-sketch-drawing-generators-2026.md
P0-next-draft,91,01-How-To,en,(blank),multilingual-cluster,4,1,8-best-ai-avatar-maker-apps-2026,8-best-ai-avatar-maker-apps-2026,8 Best AI Avatar Maker Apps in 2026: Professional Headshots to Digital Identity,01-How-To/8-best-ai-avatar-maker-apps-2026.md
P0-next-draft,91,01-How-To,en,(blank),multilingual-cluster,4,1,8-best-ai-background-wallpaper-generators-2026,8-best-ai-background-wallpaper-generators-2026,8 Best AI Background & Wallpaper Generators in 2026: From Phone Screens to Zoom Backdrops,01-How-To/8-best-ai-background-wallpaper-generators-2026.md
P0-next-draft,91,01-How-To,en,(blank),multilingual-cluster,4,1,8-best-ai-banner-ad-makers-2026,8-best-ai-banner-ad-makers-2026,"8 Best AI Banner Ad Makers in 2026: Display Ads, Social Banners & Web Graphics",01-How-To/8-best-ai-banner-ad-makers-2026.md
P0-next-draft,91,01-How-To,en,(blank),multilingual-cluster,4,1,8-best-ai-interior-design-apps-2026,8-best-ai-interior-design-apps-2026,"8 Best AI Interior Design Apps in 2026: Room Makeover, Virtual Staging & Home Renovation",01-How-To/8-best-ai-interior-design-apps-2026.md
P0-next-draft,91,01-How-To,en,(blank),multilingual-cluster,4,1,8-best-creative-ai-video-effect-tools-2026,8-best-creative-ai-video-effect-tools-2026,"8 Best Creative AI Video Effect Tools in 2026: Loop, Claymation, Fantasy & Beyond",01-How-To/8-best-creative-ai-video-effect-tools-2026.md
P0-next-draft,91,01-How-To,en,(blank),multilingual-cluster,4,1,complete-guide-ai-animal-pet-portrait-generation,complete-guide-ai-animal-pet-portrait-generation,The 2026 Complete Guide to AI Animal & Pet Portrait Generation,01-How-To/complete-guide-ai-animal-pet-portrait-generation.md
P0-next-draft,91,01-How-To,en,(blank),multilingual-cluster,4,1,complete-guide-ai-art-generation-text-to-art,complete-guide-ai-art-generation-text-to-art,The 2026 Complete Guide to AI Art Generation — Text to Art,01-How-To/complete-guide-ai-art-generation-text-to-art.md
P0-next-draft,91,01-How-To,en,(blank),multilingual-cluster,4,1,complete-guide-ai-art-platform-selection-2026,complete-guide-ai-art-platform-selection-2026,The 2026 Complete Guide to AI Art Platform Selection,01-How-To/complete-guide-ai-art-platform-selection-2026.md
P0-next-draft,91,01-How-To,en,(blank),multilingual-cluster,4,1,complete-guide-ai-avatar-digital-identity,complete-guide-ai-avatar-digital-identity,The 2026 Complete Guide to AI Avatar & Digital Identity Creation,01-How-To/complete-guide-ai-avatar-digital-identity.md
P0-next-draft,91,01-How-To,en,(blank),multilingual-cluster,4,1,complete-guide-ai-background-wallpaper-pattern-design,complete-guide-ai-background-wallpaper-pattern-design,"The 2026 Complete Guide to AI Background, Wallpaper & Pattern Design",01-How-To/complete-guide-ai-background-wallpaper-pattern-design.md
P0-next-draft,91,01-How-To,en,(blank),multilingual-cluster,4,1,complete-guide-ai-banner-display-ad-design,complete-guide-ai-banner-display-ad-design,The 2026 Complete Guide to AI Banner & Display Ad Design,01-How-To/complete-guide-ai-banner-display-ad-design.md
P0-next-draft,91,01-How-To,en,(blank),multilingual-cluster,4,1,complete-guide-ai-body-age-transformation-portrait,complete-guide-ai-body-age-transformation-portrait,The 2026 Complete Guide to AI Body & Age Transformation Portraits,01-How-To/complete-guide-ai-body-age-transformation-portrait.md
P0-next-draft,91,01-How-To,en,(blank),multilingual-cluster,4,1,complete-guide-ai-clipart-vector-illustration,complete-guide-ai-clipart-vector-illustration,The 2026 Complete Guide to AI Clipart & Vector Illustration,01-How-To/complete-guide-ai-clipart-vector-illustration.md
P0-next-draft,91,01-How-To,en,(blank),multilingual-cluster,4,1,complete-guide-ai-collage-moodboard-creation,complete-guide-ai-collage-moodboard-creation,The 2026 Complete Guide to AI Collage & Moodboard Creation,01-How-To/complete-guide-ai-collage-moodboard-creation.md
P0-next-draft,91,01-How-To,en,(blank),multilingual-cluster,4,1,complete-guide-ai-face-retouching-portrait-editing,complete-guide-ai-face-retouching-portrait-editing,The 2026 Complete Guide to AI Face Retouching & Portrait Editing,01-How-To/complete-guide-ai-face-retouching-portrait-editing.md
P0-next-draft,91,01-How-To,en,(blank),multilingual-cluster,4,1,complete-guide-ai-face-swap-photo-video,complete-guide-ai-face-swap-photo-video,The 2026 Complete Guide to AI Face Swap — Photo & Video,01-How-To/complete-guide-ai-face-swap-photo-video.md
P0-next-draft,91,01-How-To,en,(blank),multilingual-cluster,4,1,complete-guide-ai-floor-plan-architecture-design,complete-guide-ai-floor-plan-architecture-design,The 2026 Complete Guide to AI Floor Plan & Architecture Design,01-How-To/complete-guide-ai-floor-plan-architecture-design.md
P0-next-draft,91,01-How-To,en,(blank),multilingual-cluster,4,1,complete-guide-ai-image-model-selection-2026,complete-guide-ai-image-model-selection-2026,The 2026 Complete Guide to AI Image Model Selection,01-How-To/complete-guide-ai-image-model-selection-2026.md
P0-next-draft,91,01-How-To,en,(blank),multilingual-cluster,4,1,complete-guide-ai-interior-design-room-makeover,complete-guide-ai-interior-design-room-makeover,The 2026 Complete Guide to AI Interior Design & Room Makeover,01-How-To/complete-guide-ai-interior-design-room-makeover.md
P0-next-draft,91,01-How-To,en,(blank),multilingual-cluster,4,1,complete-guide-ai-movie-poster-cinematic-design,complete-guide-ai-movie-poster-cinematic-design,The 2026 Complete Guide to AI Movie Poster & Cinematic Design,01-How-To/complete-guide-ai-movie-poster-cinematic-design.md
P0-next-draft,91,01-How-To,en,(blank),multilingual-cluster,4,1,complete-guide-ai-music-video-creation,complete-guide-ai-music-video-creation,The 2026 Complete Guide to AI Music Video Creation,01-How-To/complete-guide-ai-music-video-creation.md
P0-next-draft,91,01-How-To,en,(blank),multilingual-cluster,4,1,complete-guide-ai-poster-design-printing,complete-guide-ai-poster-design-printing,The 2026 Complete Guide to AI Poster Design & Printing,01-How-To/complete-guide-ai-poster-design-printing.md
P0-next-draft,91,01-How-To,en,(blank),multilingual-cluster,4,1,complete-guide-ai-print-materials-flyers-cards,complete-guide-ai-print-materials-flyers-cards,"The 2026 Complete Guide to AI Print Materials — Flyers, Cards & Brochures",01-How-To/complete-guide-ai-print-materials-flyers-cards.md
P0-next-draft,91,01-How-To,en,(blank),multilingual-cluster,4,1,complete-guide-ai-sketch-drawing-generation,complete-guide-ai-sketch-drawing-generation,The 2026 Complete Guide to AI Sketch & Drawing Generation,01-How-To/complete-guide-ai-sketch-drawing-generation.md
P0-next-draft,91,01-How-To,en,(blank),multilingual-cluster,4,1,complete-guide-ai-texture-material-generation,complete-guide-ai-texture-material-generation,The 2026 Complete Guide to AI Texture & Material Generation,01-How-To/complete-guide-ai-texture-material-generation.md
P0-next-draft,91,01-How-To,en,(blank),multilingual-cluster,4,1,complete-guide-ai-video-editing-tools-techniques,complete-guide-ai-video-editing-tools-techniques,The 2026 Complete Guide to AI Video Editing Tools & Techniques,01-How-To/complete-guide-ai-video-editing-tools-techniques.md
P0-next-draft,91,01-How-To,en,(blank),multilingual-cluster,4,1,complete-guide-ai-video-model-selection-2026,complete-guide-ai-video-model-selection-2026,The 2026 Complete Guide to AI Video Model Selection,01-How-To/complete-guide-ai-video-model-selection-2026.md
P0-next-draft,91,01-How-To,en,(blank),multilingual-cluster,4,1,complete-guide-consistent-ai-character-design,complete-guide-consistent-ai-character-design,The 2026 Complete Guide to Consistent AI Character Design,01-How-To/complete-guide-consistent-ai-character-design.md
P0-next-draft,91,01-How-To,en,(blank),multilingual-cluster,4,1,complete-guide-creative-ai-video-effects,complete-guide-creative-ai-video-effects,The 2026 Complete Guide to Creative AI Video Effects,01-How-To/complete-guide-creative-ai-video-effects.md
P0-next-draft,91,01-How-To,en,(blank),multilingual-cluster,4,1,complete-guide-image-upscaling-resolution-ai,complete-guide-image-upscaling-resolution-ai,The 2026 Complete Guide to AI Image Upscaling & Resolution Enhancement,01-How-To/complete-guide-image-upscaling-resolution-ai.md
P0-next-draft,91,01-How-To,en,(blank),multilingual-cluster,4,1,complete-guide-object-removal-inpainting-ai,complete-guide-object-removal-inpainting-ai,The 2026 Complete Guide to AI Object Removal & Inpainting,01-How-To/complete-guide-object-removal-inpainting-ai.md
P0-next-draft,91,01-How-To,en,(blank),multilingual-cluster,4,1,complete-guide-photo-animation-bring-to-life-ai,complete-guide-photo-animation-bring-to-life-ai,The 2026 Complete Guide to AI Photo Animation — Bring Photos to Life,01-How-To/complete-guide-photo-animation-bring-to-life-ai.md
P0-next-draft,91,01-How-To,en,(blank),multilingual-cluster,4,1,complete-guide-photo-expansion-uncrop-ai,complete-guide-photo-expansion-uncrop-ai,The 2026 Complete Guide to AI Photo Expansion & Uncrop,01-How-To/complete-guide-photo-expansion-uncrop-ai.md
P0-next-draft,91,01-How-To,en,(blank),multilingual-cluster,4,1,complete-guide-photo-sharpening-enhancement-ai,complete-guide-photo-sharpening-enhancement-ai,The 2026 Complete Guide to AI Photo Sharpening & Enhancement,01-How-To/complete-guide-photo-sharpening-enhancement-ai.md
P0-next-draft,91,01-How-To,en,(blank),multilingual-cluster,4,1,complete-guide-photo-to-anime-cartoon-ai,complete-guide-photo-to-anime-cartoon-ai,The 2026 Complete Guide to AI Photo-to-Anime & Cartoon Conversion,01-How-To/complete-guide-photo-to-anime-cartoon-ai.md
P0-next-draft,91,01-How-To,en,(blank),multilingual-cluster,4,1,complete-guide-restaurant-cafe-branding-ai,complete-guide-restaurant-cafe-branding-ai,The 2026 Complete Guide to AI Restaurant & Cafe Branding Design,01-How-To/complete-guide-restaurant-cafe-branding-ai.md
P0-next-draft,91,01-How-To,en,(blank),multilingual-cluster,4,1,complete-guide-small-business-branding-ai,complete-guide-small-business-branding-ai,The 2026 Complete Guide to AI Small Business Branding,01-How-To/complete-guide-small-business-branding-ai.md
P0-next-draft,91,01-How-To,en,(blank),multilingual-cluster,6,1,complete-guide-text-to-video-image-to-video-ai,complete-guide-text-to-video-image-to-video-ai,The 2026 Complete Guide to Text-to-Video & Image-to-Video AI,01-How-To/complete-guide-text-to-video-image-to-video-ai.md
P0-next-draft,91,01-How-To,en,(blank),multilingual-cluster,4,1,design-student-ai-survival-guide-2026,design-student-ai-survival-guide-2026,Design Student's AI Survival Guide — How to Graduate Ready for the AI Era,01-How-To/design-student-ai-survival-guide-2026.md
P0-next-draft,91,01-How-To,en,(blank),multilingual-cluster,4,1,S11-how-to-use-ai-for-design-beginner-guide,s11-how-to-use-ai-for-design-beginner-guide,How to Use AI for Design: The Complete Beginner's Guide (2026),01-How-To/S11-how-to-use-ai-for-design-beginner-guide.md
P0-next-draft,91,01-How-To,en,(blank),multilingual-cluster,4,1,S16-ai-ad-creative-guide,s16-ai-ad-creative-guide,How to Create Ads with AI: The Complete Ad Creative Guide (2026),01-How-To/S16-ai-ad-creative-guide.md
P0-next-draft,91,08-Best-Practice,en,(blank),multilingual-cluster,4,1,05-best-practice-brand-kit,05-best-practice-brand-kit,Best Practice: Set Up Your Brand Kit in 5 Minutes,08-Best-Practice/05-best-practice-brand-kit.md
P0-next-draft,90,02-Comparison,en,(blank),multilingual-cluster,6,1,03-best-practice-psd-vs-png,03-best-practice-psd-vs-png,Best Practice: PSD vs PNG Export — When to Use Each Format,02-Comparison/03-best-practice-psd-vs-png.md
P0-next-draft,90,02-Comparison,en,(blank),multilingual-cluster,2,1,22-trendy-vs-timeless-ai-logo-wont-look-dated,22-trendy-vs-timeless-ai-logo-wont-look-dated,Trendy vs Timeless — How to Ask AI for a Logo That Won't Look Dated Next Year,02-Comparison/22-trendy-vs-timeless-ai-logo-wont-look-dated.md
P0-next-draft,90,02-Comparison,en,(blank),multilingual-cluster,6,1,ai-creative-video-tools-compared,ai-creative-video-tools-compared,Creative AI Video Tools Compared: Claymation vs Loop vs Fantasy Generators,02-Comparison/ai-creative-video-tools-compared.md
P0-next-draft,90,02-Comparison,en,(blank),multilingual-cluster,4,1,ai-vs-human-design-can-you-tell-difference,ai-vs-human-design-can-you-tell-difference,AI vs Human Design — Can You Tell the Difference? (Blind Test Results),02-Comparison/ai-vs-human-design-can-you-tell-difference.md
P0-next-draft,90,02-Comparison,en,(blank),multilingual-cluster,4,1,b29-best-ai-design-tools-comparison-bing,b29-best-ai-design-tools-comparison-bing,,02-Comparison/b29-best-ai-design-tools-comparison-bing.md
P0-next-draft,90,02-Comparison,en,(blank),multilingual-cluster,4,1,b30-ai-video-generator-comparison-bing,b30-ai-video-generator-comparison-bing,,02-Comparison/b30-ai-video-generator-comparison-bing.md
P0-next-draft,90,02-Comparison,en,(blank),multilingual-cluster,4,1,b31-ai-image-generator-comparison-bing,b31-ai-image-generator-comparison-bing,,02-Comparison/b31-ai-image-generator-comparison-bing.md
P0-next-draft,90,02-Comparison,en,(blank),multilingual-cluster,4,1,b32-ai-logo-maker-comparison-bing,b32-ai-logo-maker-comparison-bing,,02-Comparison/b32-ai-logo-maker-comparison-bing.md
P0-next-draft,90,02-Comparison,en,(blank),multilingual-cluster,4,1,b33-ai-background-remover-comparison-bing,b33-ai-background-remover-comparison-bing,,02-Comparison/b33-ai-background-remover-comparison-bing.md
P0-next-draft,90,02-Comparison,en,(blank),multilingual-cluster,4,1,b34-free-vs-paid-ai-design-tools-bing,b34-free-vs-paid-ai-design-tools-bing,,02-Comparison/b34-free-vs-paid-ai-design-tools-bing.md
P0-next-draft,90,02-Comparison,en,(blank),multilingual-cluster,4,1,b35-ai-design-vs-traditional-software-bing,b35-ai-design-vs-traditional-software-bing,,02-Comparison/b35-ai-design-vs-traditional-software-bing.md
P0-next-draft,90,02-Comparison,en,(blank),multilingual-cluster,4,1,b36-ai-avatar-tools-comparison-bing,b36-ai-avatar-tools-comparison-bing,,02-Comparison/b36-ai-avatar-tools-comparison-bing.md
P0-next-draft,90,02-Comparison,en,(blank),multilingual-cluster,4,1,b37-ai-animation-tools-comparison-bing,b37-ai-animation-tools-comparison-bing,,02-Comparison/b37-ai-animation-tools-comparison-bing.md
P0-next-draft,90,02-Comparison,en,(blank),multilingual-cluster,4,1,b38-ai-product-photography-comparison-bing,b38-ai-product-photography-comparison-bing,,02-Comparison/b38-ai-product-photography-comparison-bing.md
P1-good-candidate,89,01-How-To,en,(blank),multilingual-cluster,4,1,01-pillar-ai-design-technology,01-pillar-ai-design-technology,From Diffusion Models to Design Agents: The Technology Stack Powering AI Design in 2026,01-How-To/01-pillar-ai-design-technology.md
P1-good-candidate,89,01-How-To,en,(blank),multilingual-cluster,2,1,03-content-refresh-q3-reviews,03-content-refresh-q3-reviews,Q3 2026 Review Articles Refreshed: What's Changed in Lovart One Year Later,01-How-To/03-content-refresh-q3-reviews.md
P1-good-candidate,89,01-How-To,en,(blank),single,1,1,03-content-refresh-tool-reviews,03-content-refresh-tool-reviews,Content Refresh Note: Our 2026 AI Design Tool Reviews Have Been Updated for 2027,01-How-To/03-content-refresh-tool-reviews.md
P1-good-candidate,89,01-How-To,en,(blank),multilingual-cluster,4,1,ai-design-cost-complete-breakdown-2026,ai-design-cost-complete-breakdown-2026,How Much Does AI Design Cost? Complete Breakdown 2026,01-How-To/ai-design-cost-complete-breakdown-2026.md
P1-good-candidate,89,01-How-To,en,(blank),multilingual-cluster,4,1,ai-design-myths-debunked-2026,ai-design-myths-debunked-2026,5 AI Design Myths Debunked — What Actually Happens When You Try It,01-How-To/ai-design-myths-debunked-2026.md
P1-good-candidate,89,01-How-To,en,(blank),single,1,1,b45-ai-design-small-business-bing,b45-ai-design-small-business-bing,AI Design for Small Business Owners: What Actually Works in 2026,01-How-To/b45-ai-design-small-business-bing.md
P1-good-candidate,89,01-How-To,en,(blank),multilingual-cluster,4,1,content-gap-analysis-q2-2026,content-gap-analysis-q2-2026,Lovart Content Gap Analysis — Q2 2026,01-How-To/content-gap-analysis-q2-2026.md
P1-good-candidate,89,01-How-To,en,(blank),multilingual-cluster,4,1,free-ai-design-tools-online-no-signup-2026,free-ai-design-tools-online-no-signup-2026,Free AI Design Tools Online — What You Can Actually Do Without Paying (2026),01-How-To/free-ai-design-tools-online-no-signup-2026.md
P1-good-candidate,89,01-How-To,en,(blank),multilingual-cluster,4,1,how-much-does-ai-design-cost-complete-breakdown,how-much-does-ai-design-cost-complete-breakdown,How Much Does AI Design Cost? — Complete Pricing Breakdown 2026,01-How-To/how-much-does-ai-design-cost-complete-breakdown.md
P1-good-candidate,89,01-How-To,en,(blank),multilingual-cluster,4,1,S12-what-is-ai-design-explained,s12-what-is-ai-design-explained,What Is AI Design? Everything You Need to Know in 2026,01-How-To/S12-what-is-ai-design-explained.md
P1-good-candidate,89,01-How-To,en,(blank),multilingual-cluster,4,1,S23 - ultimate-ai-design-stack,s23 - ultimate-ai-design-stack,"The Ultimate AI Design Stack: 10 Tools, Models & Workflows for 2026",01-How-To/S23 - ultimate-ai-design-stack.md
P1-good-candidate,89,01-How-To,en,(blank),multilingual-cluster,4,1,social-media-calendar-cross-promotion-may-june,social-media-calendar-cross-promotion-may-june,Lovart Social Media Calendar — Cross-Promotion Plan (May–June 2026),01-How-To/social-media-calendar-cross-promotion-may-june.md
P1-good-candidate,89,08-Best-Practice,en,(blank),multilingual-cluster,4,1,01-best-practice-nano-banana-consistency,01-best-practice-nano-banana-consistency,Best Practice: Getting Consistent Results with Nano Banana,08-Best-Practice/01-best-practice-nano-banana-consistency.md
P1-good-candidate,89,08-Best-Practice,en,(blank),multilingual-cluster,4,1,04-best-practice-chatcanvas-layout,04-best-practice-chatcanvas-layout,Best Practice: ChatCanvas Layout Strategy for Maximum Productivity,08-Best-Practice/04-best-practice-chatcanvas-layout.md
P1-good-candidate,89,09-Better-Design,en,(blank),multilingual-cluster,4,1,ai-design-mistakes-10-common-errors-how-to-fix,ai-design-mistakes-10-common-errors-how-to-fix,10 Common AI Design Mistakes and How to Fix Them,09-Better-Design/ai-design-mistakes-10-common-errors-how-to-fix.md
P1-good-candidate,88,01-How-To,ja,ready,multilingual-cluster,2,1,twitter-image-design-guide,twitter-image-design-guide,"【日本語】 The 完全 ガイド to Twitter Image デザイン: Sizes, ヒント & AI Shortcuts",01-How-To/01-cluster-twitter-image-design-ja.md
P1-good-candidate,88,01-How-To,zh-TW,ready,multilingual-cluster,2,1,twitter-image-design-guide,twitter-image-design-guide,"【繁體】 The 完整 指南 to Twitter Image 設計: Sizes, 技巧 & AI Shortcuts",01-How-To/01-cluster-twitter-image-design-zhtw.md
P1-good-candidate,88,01-How-To,ja,ready,multilingual-cluster,2,1,discord-community-design-guide,discord-community-design-guide,"【日本語】 Discord Community デザイン: Banners, Icons & Visuals That Build Engagement",01-How-To/02-cluster-discord-community-design-ja.md
P1-good-candidate,88,01-How-To,zh-TW,ready,multilingual-cluster,2,1,discord-community-design-guide,discord-community-design-guide,"【繁體】 Discord Community 設計: Banners, Icons & Visuals That Build Engagement",01-How-To/02-cluster-discord-community-design-zhtw.md
P1-good-candidate,88,06-Case-Study,ja,ready,multilingual-cluster,3,1,lovart-case-study-solo-designer,lovart-case-study-solo-designer,"【日本語】 How a Solo デザインer Replaced Canva, Midjourney & Fiverr with Lovart — And Saved $4,800/Year",06-Case-Study/01-bofu-case-study-solo-designer-ja.md
P1-good-candidate,88,06-Case-Study,zh-TW,ready,multilingual-cluster,3,1,lovart-case-study-solo-designer,lovart-case-study-solo-designer,"【繁體】 How a Solo 設計er Replaced Canva, Midjourney & Fiverr with Lovart — And Saved $4,800/Year",06-Case-Study/01-bofu-case-study-solo-designer-zhtw.md
P1-good-candidate,87,01-How-To,ja,(blank),multilingual-cluster,4,1,01-bofu-canva-migration-guide-ja,01-bofu-canva-migration-guide,Switching from Canva to Lovart: The 7-Day Migration Guide,01-How-To/01-bofu-canva-migration-guide-ja.md
P1-good-candidate,87,01-How-To,zh,(blank),multilingual-cluster,4,1,01-bofu-canva-migration-guide-zh,01-bofu-canva-migration-guide,从 Canva 切换到 Lovart：7 天迁移指南,01-How-To/01-bofu-canva-migration-guide-zh.md
P1-good-candidate,87,01-How-To,zh-TW,(blank),multilingual-cluster,4,1,01-bofu-canva-migration-guide-zhtw,01-bofu-canva-migration-guide,Switching from Canva to Lovart: The 7-Day Migration Guide,01-How-To/01-bofu-canva-migration-guide-zhtw.md
P1-good-candidate,87,01-How-To,ja,(blank),multilingual-cluster,4,1,02-nano-banana-complete-guide-ja,02-nano-banana-complete-guide,Nano Banana AI: The Complete Guide to Lovart's Image Engine,01-How-To/02-nano-banana-complete-guide-ja.md
P1-good-candidate,87,01-How-To,zh,(blank),multilingual-cluster,4,1,02-nano-banana-complete-guide-zh,02-nano-banana-complete-guide,Nano Banana AI：Lovart 图像引擎完全指南,01-How-To/02-nano-banana-complete-guide-zh.md
P1-good-candidate,87,01-How-To,zh-TW,(blank),multilingual-cluster,4,1,02-nano-banana-complete-guide-zhtw,02-nano-banana-complete-guide,Nano Banana AI: The Complete Guide to Lovart's Image Engine,01-How-To/02-nano-banana-complete-guide-zhtw.md
P1-good-candidate,87,01-How-To,ja,(blank),multilingual-cluster,4,1,02-wiki-chatcanvas-guide-ja,02-wiki-chatcanvas-guide,ChatCanvas Complete Operation Guide: Master Conversational AI Design,01-How-To/02-wiki-chatcanvas-guide-ja.md
P1-good-candidate,87,01-How-To,zh-TW,(blank),multilingual-cluster,4,1,02-wiki-chatcanvas-guide-zhtw,02-wiki-chatcanvas-guide,ChatCanvas Complete Operation Guide: Master Conversational AI Design,01-How-To/02-wiki-chatcanvas-guide-zhtw.md
P1-good-candidate,87,01-How-To,ja,(blank),multilingual-cluster,3,1,content-refresh-ai-design-tool-reviews-2027,content-refresh-ai-design-tool-reviews-2027,【日本語】 コンテンツ Refresh Note: Our 2026 AI デザイン Tool レビューs Have Been Updated for 2027,01-How-To/03-content-refresh-tool-reviews-ja.md
P1-good-candidate,87,01-How-To,zh-TW,(blank),multilingual-cluster,3,1,content-refresh-ai-design-tool-reviews-2027,content-refresh-ai-design-tool-reviews-2027,【繁體】 內容 Refresh Note: Our 2026 AI 設計 Tool 評測s Have Been Updated for 2027,01-How-To/03-content-refresh-tool-reviews-zhtw.md
P1-good-candidate,87,01-How-To,ja,(blank),multilingual-cluster,6,1,10-best-ai-art-generators-2026-ja,10-best-ai-art-generators-2026,10 Best AI Art Generators in 2026: Midjourney vs DALL-E 3 vs Stable Diffusion vs Lovart,01-How-To/10-best-ai-art-generators-2026-ja.md
P1-good-candidate,87,01-How-To,zh-TW,(blank),multilingual-cluster,6,1,10-best-ai-art-generators-2026-zhtw,10-best-ai-art-generators-2026,10 Best AI Art Generators in 2026: Midjourney vs DALL-E 3 vs Stable Diffusion vs Lovart,01-How-To/10-best-ai-art-generators-2026-zhtw.md
P1-good-candidate,87,01-How-To,ja,(blank),multilingual-cluster,4,1,10-best-ai-design-tools-small-business-2026-ja,10-best-ai-design-tools-small-business-2026,"10 Best AI Design Tools for Small Business in 2026: Branding, Marketing & Growth on a Budget",01-How-To/10-best-ai-design-tools-small-business-2026-ja.md
P1-good-candidate,87,01-How-To,zh-TW,(blank),multilingual-cluster,4,1,10-best-ai-design-tools-small-business-2026-zhtw,10-best-ai-design-tools-small-business-2026,"10 Best AI Design Tools for Small Business in 2026: Branding, Marketing & Growth on a Budget",01-How-To/10-best-ai-design-tools-small-business-2026-zhtw.md
P1-good-candidate,87,01-How-To,ja,(blank),multilingual-cluster,4,1,10-best-ai-video-editing-tools-2026-ja,10-best-ai-video-editing-tools-2026,10 Best AI Video Editing Tools in 2026: CapCut vs Runway vs Descript vs Lovart — Which Fits Your Workflow?,01-How-To/10-best-ai-video-editing-tools-2026-ja.md
P1-good-candidate,87,01-How-To,zh,(blank),multilingual-cluster,4,1,10-best-ai-video-editing-tools-2026-zh,10-best-ai-video-editing-tools-2026,2026年十大最佳AI视频编辑工具：CapCut vs Runway vs Descript vs Lovart — 哪款适合你的工作流程？,01-How-To/10-best-ai-video-editing-tools-2026-zh.md
P1-good-candidate,87,01-How-To,zh-TW,(blank),multilingual-cluster,4,1,10-best-ai-video-editing-tools-2026-zhtw,10-best-ai-video-editing-tools-2026,10 Best AI Video Editing Tools in 2026: CapCut vs Runway vs Descript vs Lovart — Which Fits Your Workflow?,01-How-To/10-best-ai-video-editing-tools-2026-zhtw.md
P1-good-candidate,87,01-How-To,ja,(blank),multilingual-cluster,4,1,15-best-free-ai-design-tools-2026-ja,15-best-free-ai-design-tools-2026,15 Best Free AI Design Tools in 2026: Professional Results Without the Price Tag,01-How-To/15-best-free-ai-design-tools-2026-ja.md
P1-good-candidate,87,01-How-To,zh-TW,(blank),multilingual-cluster,4,1,15-best-free-ai-design-tools-2026-zhtw,15-best-free-ai-design-tools-2026,15 Best Free AI Design Tools in 2026: Professional Results Without the Price Tag,01-How-To/15-best-free-ai-design-tools-2026-zhtw.md
P1-good-candidate,87,01-How-To,ja,(blank),multilingual-cluster,4,1,5-best-ai-image-expanders-uncrop-tools-2026-ja,5-best-ai-image-expanders-uncrop-tools-2026,5 Best AI Image Expanders & Uncrop Tools in 2026: Photoshop Generative Expand vs Runway vs Lovart,01-How-To/5-best-ai-image-expanders-uncrop-tools-2026-ja.md
P1-good-candidate,87,01-How-To,zh,(blank),multilingual-cluster,4,1,5-best-ai-image-expanders-uncrop-tools-2026-zh,5-best-ai-image-expanders-uncrop-tools-2026,2026年5大最佳AI图片扩展与去裁剪工具：Photoshop Generative Expand vs Runway vs Lovart,01-How-To/5-best-ai-image-expanders-uncrop-tools-2026-zh.md
P1-good-candidate,87,01-How-To,zh-TW,(blank),multilingual-cluster,4,1,5-best-ai-image-expanders-uncrop-tools-2026-zhtw,5-best-ai-image-expanders-uncrop-tools-2026,5 Best AI Image Expanders & Uncrop Tools in 2026: Photoshop Generative Expand vs Runway vs Lovart,01-How-To/5-best-ai-image-expanders-uncrop-tools-2026-zhtw.md
P1-good-candidate,87,01-How-To,ja,(blank),multilingual-cluster,4,1,5-best-ai-music-video-generators-2026-ja,5-best-ai-music-video-generators-2026,5 Best AI Music Video Generators in 2026: Kaiber vs Neural Frames vs Lovart — Which Creates Watchable Music Videos?,01-How-To/5-best-ai-music-video-generators-2026-ja.md
P1-good-candidate,87,01-How-To,zh,(blank),multilingual-cluster,4,1,5-best-ai-music-video-generators-2026-zh,5-best-ai-music-video-generators-2026,2026年5款最佳AI音乐视频生成器：Kaiber vs Neural Frames vs Lovart——哪款能制作出值得观看的音乐视频？,01-How-To/5-best-ai-music-video-generators-2026-zh.md
P1-good-candidate,87,01-How-To,zh-TW,(blank),multilingual-cluster,4,1,5-best-ai-music-video-generators-2026-zhtw,5-best-ai-music-video-generators-2026,5 Best AI Music Video Generators in 2026: Kaiber vs Neural Frames vs Lovart — Which Creates Watchable Music Videos?,01-How-To/5-best-ai-music-video-generators-2026-zhtw.md
P1-good-candidate,87,01-How-To,ja,(blank),multilingual-cluster,4,1,6-best-ai-art-platforms-2026-ja,6-best-ai-art-platforms-2026,6 Best AI Art Platforms in 2026: Midjourney vs Leonardo vs Civitai vs NightCafe vs Lovart,01-How-To/6-best-ai-art-platforms-2026-ja.md
P1-good-candidate,87,01-How-To,zh,(blank),multilingual-cluster,4,1,6-best-ai-art-platforms-2026-zh,6-best-ai-art-platforms-2026,2026年六大最佳AI艺术平台：Midjourney vs Leonardo vs Civitai vs NightCafe vs Lovart,01-How-To/6-best-ai-art-platforms-2026-zh.md
P1-good-candidate,87,01-How-To,zh-TW,(blank),multilingual-cluster,4,1,6-best-ai-art-platforms-2026-zhtw,6-best-ai-art-platforms-2026,6 Best AI Art Platforms in 2026: Midjourney vs Leonardo vs Civitai vs NightCafe vs Lovart,01-How-To/6-best-ai-art-platforms-2026-zhtw.md
P1-good-candidate,87,01-How-To,ja,(blank),multilingual-cluster,4,1,6-best-photo-animation-apps-bring-photos-to-life-2026-ja,6-best-photo-animation-apps-bring-photos-to-life-2026,6 Best Photo Animation Apps to Bring Photos to Life in 2026: MyHeritage vs Deep Nostalgia vs Lovart,01-How-To/6-best-photo-animation-apps-bring-photos-to-life-2026-ja.md
P1-good-candidate,87,01-How-To,zh,(blank),multilingual-cluster,4,1,6-best-photo-animation-apps-bring-photos-to-life-2026-zh,6-best-photo-animation-apps-bring-photos-to-life-2026,2026年6款最佳照片动画应用：让照片栩栩如生——MyHeritage vs Deep Nostalgia vs Lovart,01-How-To/6-best-photo-animation-apps-bring-photos-to-life-2026-zh.md
P1-good-candidate,87,01-How-To,zh-TW,(blank),multilingual-cluster,4,1,6-best-photo-animation-apps-bring-photos-to-life-2026-zhtw,6-best-photo-animation-apps-bring-photos-to-life-2026,6 Best Photo Animation Apps to Bring Photos to Life in 2026: MyHeritage vs Deep Nostalgia vs Lovart,01-How-To/6-best-photo-animation-apps-bring-photos-to-life-2026-zhtw.md
P1-good-candidate,87,01-How-To,ja,(blank),multilingual-cluster,4,1,7-best-ai-image-upscalers-4k-2026-ja,7-best-ai-image-upscalers-4k-2026,7 Best AI Image Upscalers for 4K in 2026: Gigapixel vs Upscale.media vs Lovart — Which Produces Print-Ready Results?,01-How-To/7-best-ai-image-upscalers-4k-2026-ja.md
P1-good-candidate,87,01-How-To,zh,(blank),multilingual-cluster,4,1,7-best-ai-image-upscalers-4k-2026-zh,7-best-ai-image-upscalers-4k-2026,2026年7款最佳AI图像放大工具：Gigapixel vs Upscale.media vs Lovart——哪款能输出可打印的4K画质？,01-How-To/7-best-ai-image-upscalers-4k-2026-zh.md
P1-good-candidate,87,01-How-To,zh-TW,(blank),multilingual-cluster,4,1,7-best-ai-image-upscalers-4k-2026-zhtw,7-best-ai-image-upscalers-4k-2026,7 Best AI Image Upscalers for 4K in 2026: Gigapixel vs Upscale.media vs Lovart — Which Produces Print-Ready Results?,01-How-To/7-best-ai-image-upscalers-4k-2026-zhtw.md
P1-good-candidate,87,01-How-To,ja,(blank),multilingual-cluster,4,1,7-best-restaurant-cafe-design-tools-2026-ja,7-best-restaurant-cafe-design-tools-2026,"7 Best AI Restaurant & Cafe Design Tools in 2026: Menu, Branding & Marketing",01-How-To/7-best-restaurant-cafe-design-tools-2026-ja.md
P1-good-candidate,87,01-How-To,zh-TW,(blank),multilingual-cluster,4,1,7-best-restaurant-cafe-design-tools-2026-zhtw,7-best-restaurant-cafe-design-tools-2026,"7 Best AI Restaurant & Cafe Design Tools in 2026: Menu, Branding & Marketing",01-How-To/7-best-restaurant-cafe-design-tools-2026-zhtw.md
P1-good-candidate,87,01-How-To,ja,(blank),multilingual-cluster,4,1,8-best-ai-object-removers-watermark-removers-2026-ja,8-best-ai-object-removers-watermark-removers-2026,8 Best AI Object Removers & Watermark Removers in 2026: Cleanup.pictures vs Magic Eraser vs Lovart,01-How-To/8-best-ai-object-removers-watermark-removers-2026-ja.md
P1-good-candidate,87,01-How-To,zh,(blank),multilingual-cluster,4,1,8-best-ai-object-removers-watermark-removers-2026-zh,8-best-ai-object-removers-watermark-removers-2026,2026年8款最佳AI物体移除与去水印工具：Cleanup.pictures vs Magic Eraser vs Lovart,01-How-To/8-best-ai-object-removers-watermark-removers-2026-zh.md
P1-good-candidate,87,01-How-To,zh-TW,(blank),multilingual-cluster,4,1,8-best-ai-object-removers-watermark-removers-2026-zhtw,8-best-ai-object-removers-watermark-removers-2026,8 Best AI Object Removers & Watermark Removers in 2026: Cleanup.pictures vs Magic Eraser vs Lovart,01-How-To/8-best-ai-object-removers-watermark-removers-2026-zhtw.md
P1-good-candidate,87,01-How-To,ja,(blank),multilingual-cluster,4,1,8-best-ai-real-estate-marketing-tools-2026-ja,8-best-ai-real-estate-marketing-tools-2026,"8 Best AI Real Estate Marketing Tools in 2026: Virtual Staging, Listing Images & Property Branding",01-How-To/8-best-ai-real-estate-marketing-tools-2026-ja.md
P1-good-candidate,87,01-How-To,zh,(blank),multilingual-cluster,4,1,8-best-ai-real-estate-marketing-tools-2026-zh,8-best-ai-real-estate-marketing-tools-2026,2026年8款最佳AI房地产营销工具：虚拟布景、房源图片与房产品牌打造,01-How-To/8-best-ai-real-estate-marketing-tools-2026-zh.md
P1-good-candidate,87,01-How-To,zh-TW,(blank),multilingual-cluster,4,1,8-best-ai-real-estate-marketing-tools-2026-zhtw,8-best-ai-real-estate-marketing-tools-2026,"8 Best AI Real Estate Marketing Tools in 2026: Virtual Staging, Listing Images & Property Branding",01-How-To/8-best-ai-real-estate-marketing-tools-2026-zhtw.md
P1-good-candidate,87,01-How-To,ja,(blank),multilingual-cluster,4,1,ai-design-tool-buyers-guide-2026-ja,ai-design-tool-buyers-guide-2026,What to Look for in an AI Design Tool — 2026 Buyer's Guide,01-How-To/ai-design-tool-buyers-guide-2026-ja.md
P1-good-candidate,87,01-How-To,zh-TW,(blank),multilingual-cluster,4,1,ai-design-tool-buyers-guide-2026-zhtw,ai-design-tool-buyers-guide-2026,What to Look for in an AI Design Tool — 2026 Buyer's Guide,01-How-To/ai-design-tool-buyers-guide-2026-zhtw.md
P1-good-candidate,87,01-How-To,ja,(blank),multilingual-cluster,4,1,complete-guide-real-estate-marketing-design-ai,complete-guide-real-estate-marketing-design-ai,【日本語】 The 2026 完全 ガイド to AI Real Estate マーケティング デザイン,01-How-To/complete-guide-real-estate-marketing-design-ai-ja.md
P1-good-candidate,87,01-How-To,zh,(blank),multilingual-cluster,4,1,complete-guide-real-estate-marketing-design-ai-zh,complete-guide-real-estate-marketing-design-ai,2026年AI房地产营销设计完全指南,01-How-To/complete-guide-real-estate-marketing-design-ai-zh.md
P1-good-candidate,87,01-How-To,zh-TW,(blank),multilingual-cluster,4,1,complete-guide-real-estate-marketing-design-ai,complete-guide-real-estate-marketing-design-ai,【繁體】 The 2026 完整 指南 to AI Real Estate 行銷 設計,01-How-To/complete-guide-real-estate-marketing-design-ai-zhtw.md
P1-good-candidate,87,01-How-To,ja,(blank),multilingual-cluster,4,1,easiest-ai-design-tools-non-designers-2026-ja,easiest-ai-design-tools-non-designers-2026,Easiest AI Design Tools for Non-Designers — 2026 Comparison,01-How-To/easiest-ai-design-tools-non-designers-2026-ja.md
P1-good-candidate,87,01-How-To,zh-TW,(blank),multilingual-cluster,4,1,easiest-ai-design-tools-non-designers-2026-zhtw,easiest-ai-design-tools-non-designers-2026,Easiest AI Design Tools for Non-Designers — 2026 Comparison,01-How-To/easiest-ai-design-tools-non-designers-2026-zhtw.md
P1-good-candidate,87,01-How-To,ja,(blank),multilingual-cluster,4,1,S18-nano-banana-free-access-guide-ja,s18-nano-banana-free-access-guide,Nano Banana Free: How to Access Lovart's AI Image Model at No Cost,01-How-To/S18-nano-banana-free-access-guide-ja.md
P1-good-candidate,87,01-How-To,zh,(blank),multilingual-cluster,4,1,S18-nano-banana-free-access-guide-zh,s18-nano-banana-free-access-guide,Nano Banana 免费版：如何零成本使用 Lovart 的 AI 图像模型,01-How-To/S18-nano-banana-free-access-guide-zh.md
P1-good-candidate,87,01-How-To,zh-TW,(blank),multilingual-cluster,4,1,S18-nano-banana-free-access-guide-zhtw,s18-nano-banana-free-access-guide,Nano Banana Free: How to Access Lovart's AI Image Model at No Cost,01-How-To/S18-nano-banana-free-access-guide-zhtw.md
P1-good-candidate,87,01-How-To,ja,(blank),multilingual-cluster,4,1,what-to-look-for-in-ai-design-tool-buyers-guide-ja,what-to-look-for-in-ai-design-tool-buyers-guide,What to Look for in an AI Design Tool — 2026 Buyer's Guide,01-How-To/what-to-look-for-in-ai-design-tool-buyers-guide-ja.md
P1-good-candidate,87,01-How-To,zh-TW,(blank),multilingual-cluster,4,1,what-to-look-for-in-ai-design-tool-buyers-guide-zhtw,what-to-look-for-in-ai-design-tool-buyers-guide,What to Look for in an AI Design Tool — 2026 Buyer's Guide,01-How-To/what-to-look-for-in-ai-design-tool-buyers-guide-zhtw.md
P1-good-candidate,87,03-Industry-Segment,en,(blank),multilingual-cluster,4,1,04-segment-real-estate-agents,04-segment-real-estate-agents,Best AI Design Agent for Real Estate Agents: Transform Property Marketing,03-Industry-Segment/04-segment-real-estate-agents.md
P1-good-candidate,87,03-Industry-Segment,en,(blank),multilingual-cluster,4,1,best-ai-design-agent-for-acupuncturist,best-ai-design-agent-for-acupuncturist,"Best AI Design Agent for Acupuncturists: Ancient Practice, Modern Branding",03-Industry-Segment/best-ai-design-agent-for-acupuncturist.md
P1-good-candidate,87,03-Industry-Segment,en,(blank),multilingual-cluster,4,1,best-ai-design-agent-for-aesthetics-studio,best-ai-design-agent-for-aesthetics-studio,"Best AI Design Agent for Aesthetics Studios — Treatment Menus, Before-After Frameworks & Clinical-Luxe Branding",03-Industry-Segment/best-ai-design-agent-for-aesthetics-studio.md
P1-good-candidate,87,03-Industry-Segment,en,(blank),multilingual-cluster,4,1,best-ai-design-agent-for-artisan-bakery-owner,best-ai-design-agent-for-artisan-bakery-owner,"Best AI Design Agent for Artisan Bakery Owners — Bread Menus, Sourdough Storytelling & Rustic Branding",03-Industry-Segment/best-ai-design-agent-for-artisan-bakery-owner.md
P1-good-candidate,87,03-Industry-Segment,en,(blank),multilingual-cluster,4,1,best-ai-design-agent-for-beauty-bar,best-ai-design-agent-for-beauty-bar,"Best AI Design Agent for Beauty Bars — Service Menus, Lash & Brow Promos & Glam-Ready Social Content",03-Industry-Segment/best-ai-design-agent-for-beauty-bar.md
P1-good-candidate,87,03-Industry-Segment,en,(blank),multilingual-cluster,4,1,best-ai-design-agent-for-beauty-brand-founder,best-ai-design-agent-for-beauty-brand-founder,"Best AI Design Agent for Beauty Brand Founders — Product Launch Visuals, Packaging Concepts & DTC-Ready Branding",03-Industry-Segment/best-ai-design-agent-for-beauty-brand-founder.md
P1-good-candidate,87,03-Industry-Segment,en,(blank),multilingual-cluster,4,1,best-ai-design-agent-for-beauty-salon-owner,best-ai-design-agent-for-beauty-salon-owner,Best AI Design Agent for Beauty Salon Owners — From Price List to Instagram Feed,03-Industry-Segment/best-ai-design-agent-for-beauty-salon-owner.md
P1-good-candidate,87,03-Industry-Segment,en,(blank),multilingual-cluster,4,1,best-ai-design-agent-for-blogger,best-ai-design-agent-for-blogger,"Best AI Design Agent for Bloggers — Featured Images, Lead Magnets & Content-Upgrade Visuals",03-Industry-Segment/best-ai-design-agent-for-blogger.md
P1-good-candidate,87,03-Industry-Segment,en,(blank),multilingual-cluster,4,1,best-ai-design-agent-for-bookstore-owner,best-ai-design-agent-for-bookstore-owner,"Best AI Design Agent for Bookstore Owners — Event Flyers, Reading Guides & Literary-Inspired Branding",03-Industry-Segment/best-ai-design-agent-for-bookstore-owner.md
P1-good-candidate,87,03-Industry-Segment,en,(blank),multilingual-cluster,4,1,best-ai-design-agent-for-boutique-fitness-studio,best-ai-design-agent-for-boutique-fitness-studio,"Best AI Design Agent for Boutique Fitness Studios — Class Packs, Challenge Graphics & Sweat-Ready Social",03-Industry-Segment/best-ai-design-agent-for-boutique-fitness-studio.md
P1-good-candidate,87,03-Industry-Segment,en,(blank),multilingual-cluster,4,1,best-ai-design-agent-for-boutique-owner,best-ai-design-agent-for-boutique-owner,"Best AI Design Agent for Boutique Owners — Lookbook Design, Collection Drop Promos & Curated Shop Branding",03-Industry-Segment/best-ai-design-agent-for-boutique-owner.md
P1-good-candidate,87,03-Industry-Segment,en,(blank),multilingual-cluster,4,1,best-ai-design-agent-for-brick-and-mortar,best-ai-design-agent-for-brick-and-mortar,"Best AI Design Agent for Brick-and-Mortar Businesses — Foot-Traffic Marketing, Storefront Branding & Local Visual Presence",03-Industry-Segment/best-ai-design-agent-for-brick-and-mortar.md
P1-good-candidate,87,03-Industry-Segment,en,(blank),multilingual-cluster,4,1,best-ai-design-agent-for-bubble-tea-shop-owner,best-ai-design-agent-for-bubble-tea-shop-owner,Best AI Design Agent for Bubble Tea Shop Owners: Boba Branding That Pops,03-Industry-Segment/best-ai-design-agent-for-bubble-tea-shop-owner.md
P1-good-candidate,87,03-Industry-Segment,en,(blank),multilingual-cluster,4,1,best-ai-design-agent-for-cafe-owner,best-ai-design-agent-for-cafe-owner,"Best AI Design Agent for Cafe Owners — Design Your Menu, Social & Brand in One Place",03-Industry-Segment/best-ai-design-agent-for-cafe-owner.md
P1-good-candidate,87,03-Industry-Segment,en,(blank),multilingual-cluster,4,1,best-ai-design-agent-for-cake-shop-owner,best-ai-design-agent-for-cake-shop-owner,"Best AI Design Agent for Cake Shop Owners — Custom Order Forms, Cake Portfolio Galleries & Celebration-Ready Visuals",03-Industry-Segment/best-ai-design-agent-for-cake-shop-owner.md
P1-good-candidate,87,03-Industry-Segment,en,(blank),multilingual-cluster,4,1,best-ai-design-agent-for-chiropractor,best-ai-design-agent-for-chiropractor,Best AI Design Agent for Chiropractors: Align Your Brand Before You Align Their Spine,03-Industry-Segment/best-ai-design-agent-for-chiropractor.md
P1-good-candidate,87,03-Industry-Segment,en,(blank),multilingual-cluster,4,1,best-ai-design-agent-for-cocktail-bar-owner,best-ai-design-agent-for-cocktail-bar-owner,Best AI Design Agent for Cocktail Bar Owners: Shake Up Speakeasy-Quality Branding Without the Agency Tab,03-Industry-Segment/best-ai-design-agent-for-cocktail-bar-owner.md
P1-good-candidate,87,03-Industry-Segment,en,(blank),multilingual-cluster,4,1,best-ai-design-agent-for-content-creator,best-ai-design-agent-for-content-creator,"Best AI Design Agent for Content Creators — Thumbnails, Banners & Merch in Minutes",03-Industry-Segment/best-ai-design-agent-for-content-creator.md
P1-good-candidate,87,03-Industry-Segment,en,(blank),multilingual-cluster,4,1,best-ai-design-agent-for-corporate-trainer,best-ai-design-agent-for-corporate-trainer,"Best AI Design Agent for Corporate Trainers — Workshop Slide Decks, Training Workbooks & Learning-Experience Branding",03-Industry-Segment/best-ai-design-agent-for-corporate-trainer.md
P1-good-candidate,87,03-Industry-Segment,en,(blank),multilingual-cluster,4,1,best-ai-design-agent-for-day-spa-owner,best-ai-design-agent-for-day-spa-owner,"Best AI Design Agent for Day Spa Owners — Treatment Menus, Social Proof & Serene Branding",03-Industry-Segment/best-ai-design-agent-for-day-spa-owner.md
P1-good-candidate,87,03-Industry-Segment,en,(blank),multilingual-cluster,4,1,best-ai-design-agent-for-dentist,best-ai-design-agent-for-dentist,Best AI Design Agent for Dentists: Smile-Confident Branding Without Agency Overhead,03-Industry-Segment/best-ai-design-agent-for-dentist.md
P1-good-candidate,87,03-Industry-Segment,en,(blank),multilingual-cluster,4,1,best-ai-design-agent-for-dessert-shop-owner,best-ai-design-agent-for-dessert-shop-owner,"Best AI Design Agent for Dessert Shop Owners — Plating Visuals, Seasonal Collections & Indulgent Social Content",03-Industry-Segment/best-ai-design-agent-for-dessert-shop-owner.md
P1-good-candidate,87,03-Industry-Segment,en,(blank),multilingual-cluster,4,1,best-ai-design-agent-for-digital-marketing-manager,best-ai-design-agent-for-digital-marketing-manager,"Best AI Design Agent for Digital Marketing Managers — Campaign Creative, Landing Page Visuals & Full-Funnel Brand Assets",03-Industry-Segment/best-ai-design-agent-for-digital-marketing-manager.md
P1-good-candidate,87,03-Industry-Segment,en,(blank),multilingual-cluster,4,1,best-ai-design-agent-for-dropshipper,best-ai-design-agent-for-dropshipper,"Best AI Design Agent for Dropshippers — Product Listings, Ad Creative Variants & Storefront Branding at Scale",03-Industry-Segment/best-ai-design-agent-for-dropshipper.md
P1-good-candidate,87,03-Industry-Segment,en,(blank),multilingual-cluster,4,1,best-ai-design-agent-for-e-book-author,best-ai-design-agent-for-e-book-author,"Best AI Design Agent for E-Book Authors — Cover Design, Lead Magnet Layouts & Book Launch Visual Branding",03-Industry-Segment/best-ai-design-agent-for-e-book-author.md
P1-good-candidate,87,03-Industry-Segment,en,(blank),multilingual-cluster,4,1,best-ai-design-agent-for-financial-advisor,best-ai-design-agent-for-financial-advisor,"Best AI Design Agent for Financial Advisors — Client Education Infographics, Market Update Visuals & Trust-Building Brand Design",03-Industry-Segment/best-ai-design-agent-for-financial-advisor.md
P1-good-candidate,87,03-Industry-Segment,en,(blank),multilingual-cluster,4,1,best-ai-design-agent-for-florist,best-ai-design-agent-for-florist,"Best AI Design Agent for Florists — Arrangement Portfolios, Wedding Proposals & Seasonal Collection Branding",03-Industry-Segment/best-ai-design-agent-for-florist.md
P1-good-candidate,87,03-Industry-Segment,en,(blank),multilingual-cluster,4,1,best-ai-design-agent-for-food-stall-owner,best-ai-design-agent-for-food-stall-owner,Best AI Design Agent for Food Stall Owners: Street Food Branding That Sells Before They Smell It,03-Industry-Segment/best-ai-design-agent-for-food-stall-owner.md
P1-good-candidate,87,03-Industry-Segment,en,(blank),multilingual-cluster,4,1,best-ai-design-agent-for-handmade-seller,best-ai-design-agent-for-handmade-seller,"Best AI Design Agent for Handmade Sellers — Product Photography, Etsy Listing Optimization & Maker Brand Storytelling",03-Industry-Segment/best-ai-design-agent-for-handmade-seller.md
P1-good-candidate,87,03-Industry-Segment,en,(blank),multilingual-cluster,4,1,best-ai-design-agent-for-independent-cafe-owner,best-ai-design-agent-for-independent-cafe-owner,"Best AI Design Agent for Independent Cafe Owners — Seasonal Menus, Latte Art Content & Neighborhood Branding",03-Industry-Segment/best-ai-design-agent-for-independent-cafe-owner.md
P1-good-candidate,87,03-Industry-Segment,en,(blank),multilingual-cluster,4,1,best-ai-design-agent-for-insurance-agent,best-ai-design-agent-for-insurance-agent,"Best AI Design Agent for Insurance Agents — Policy Explainer Infographics, Trust-Building Visuals & Client Education Design",03-Industry-Segment/best-ai-design-agent-for-insurance-agent.md
P1-good-candidate,87,03-Industry-Segment,en,(blank),multilingual-cluster,4,1,best-ai-design-agent-for-juice-bar-owner,best-ai-design-agent-for-juice-bar-owner,Best AI Design Agent for Juice Bar Owners: Brand Your Cold-Pressed Empire Without a Designer,03-Industry-Segment/best-ai-design-agent-for-juice-bar-owner.md
P1-good-candidate,87,03-Industry-Segment,en,(blank),multilingual-cluster,4,1,best-ai-design-agent-for-koc,best-ai-design-agent-for-koc,"Best AI Design Agent for Key Opinion Consumers (KOCs) — Authentic Review Visuals, UGC-Style Content & Micro-Influencer Branding",03-Industry-Segment/best-ai-design-agent-for-koc.md
P1-good-candidate,87,03-Industry-Segment,en,(blank),multilingual-cluster,4,1,best-ai-design-agent-for-kol,best-ai-design-agent-for-kol,"Best AI Design Agent for Key Opinion Leaders (KOLs) — Sponsored Content Design, Media Kit Creation & Influencer Brand Systems",03-Industry-Segment/best-ai-design-agent-for-kol.md
P1-good-candidate,87,03-Industry-Segment,en,(blank),multilingual-cluster,4,1,best-ai-design-agent-for-law-firm,best-ai-design-agent-for-law-firm,"Best AI Design Agent for Law Firms — Practice Area Visuals, Client Education Infographics & Professional Brand Systems",03-Industry-Segment/best-ai-design-agent-for-law-firm.md
P1-good-candidate,87,03-Industry-Segment,en,(blank),multilingual-cluster,4,1,best-ai-design-agent-for-life-coach,best-ai-design-agent-for-life-coach,"Best AI Design Agent for Life Coaches — Program Launch Visuals, Client Transformation Stories & Coaching Brand Identity",03-Industry-Segment/best-ai-design-agent-for-life-coach.md
P1-good-candidate,87,03-Industry-Segment,en,(blank),multilingual-cluster,4,1,best-ai-design-agent-for-lifestyle-studio,best-ai-design-agent-for-lifestyle-studio,"Best AI Design Agent for Lifestyle Studios — Curated Branding, Multi-Class Promos & Aspirational Social Content",03-Industry-Segment/best-ai-design-agent-for-lifestyle-studio.md
P1-good-candidate,87,03-Industry-Segment,en,(blank),multilingual-cluster,4,1,best-ai-design-agent-for-local-services,best-ai-design-agent-for-local-services,"Best AI Design Agent for Local Service Providers — Trust-Building Visuals, Before-After Galleries & Neighborhood Branding",03-Industry-Segment/best-ai-design-agent-for-local-services.md
P1-good-candidate,87,03-Industry-Segment,en,(blank),multilingual-cluster,4,1,best-ai-design-agent-for-online-seller,best-ai-design-agent-for-online-seller,"Best AI Design Agent for Online Sellers — Multi-Platform Listing Visuals, Promo Graphics & Conversion-Focused Store Design",03-Industry-Segment/best-ai-design-agent-for-online-seller.md
P1-good-candidate,87,03-Industry-Segment,en,(blank),multilingual-cluster,4,1,best-ai-design-agent-for-patisserie-owner,best-ai-design-agent-for-patisserie-owner,"Best AI Design Agent for Patisserie Owners — Entremet Galleries, Chocolate Box Collections & French-Inspired Branding",03-Industry-Segment/best-ai-design-agent-for-patisserie-owner.md
P1-good-candidate,87,03-Industry-Segment,en,(blank),multilingual-cluster,4,1,best-ai-design-agent-for-personal-brand-builder,best-ai-design-agent-for-personal-brand-builder,"Best AI Design Agent for Personal Brand Builders — Content Visual Systems, Speaking Kit Design & Authority-Building Brand Assets",03-Industry-Segment/best-ai-design-agent-for-personal-brand-builder.md
P1-good-candidate,87,03-Industry-Segment,en,(blank),multilingual-cluster,4,1,best-ai-design-agent-for-physical-therapist,best-ai-design-agent-for-physical-therapist,Best AI Design Agent for Physical Therapists: Rehab Branding That Moves Patients to Action,03-Industry-Segment/best-ai-design-agent-for-physical-therapist.md
P1-good-candidate,87,03-Industry-Segment,en,(blank),multilingual-cluster,4,1,best-ai-design-agent-for-pilates-studio-owner,best-ai-design-agent-for-pilates-studio-owner,"Best AI Design Agent for Pilates Studio Owners — Class Schedules, Reformer Promos & Clean Aesthetic Branding",03-Industry-Segment/best-ai-design-agent-for-pilates-studio-owner.md
P1-good-candidate,87,03-Industry-Segment,en,(blank),multilingual-cluster,4,1,best-ai-design-agent-for-private-practitioner,best-ai-design-agent-for-private-practitioner,"Best AI Design Agent for Private Practitioners — Patient Education, Intake Form Design & Clinical-Compassionate Branding",03-Industry-Segment/best-ai-design-agent-for-private-practitioner.md
P1-good-candidate,87,03-Industry-Segment,en,(blank),multilingual-cluster,4,1,best-ai-design-agent-for-real-estate-agent,best-ai-design-agent-for-real-estate-agent,"Best AI Design Agent for Real Estate Agents — Listings, Flyers & Open House Signs",03-Industry-Segment/best-ai-design-agent-for-real-estate-agent.md
P1-good-candidate,87,03-Industry-Segment,en,(blank),multilingual-cluster,4,1,best-ai-design-agent-for-ria-advisor,best-ai-design-agent-for-ria-advisor,"Best AI Design Agent for RIA Advisors — Fiduciary Education, Client Onboarding Design & Independent Branding",03-Industry-Segment/best-ai-design-agent-for-ria-advisor.md
P1-good-candidate,87,03-Industry-Segment,en,(blank),multilingual-cluster,4,1,best-ai-design-agent-for-shopify-merchant,best-ai-design-agent-for-shopify-merchant,"Best AI Design Agent for Shopify Merchants — Product Photos, Banners & Email Visuals",03-Industry-Segment/best-ai-design-agent-for-shopify-merchant.md
P1-good-candidate,87,03-Industry-Segment,en,(blank),multilingual-cluster,4,1,best-ai-design-agent-for-side-hustler,best-ai-design-agent-for-side-hustler,"Best AI Design Agent for Side Hustlers — Weekend-Business Branding, Product Launch Visuals & Growth-Ready Design",03-Industry-Segment/best-ai-design-agent-for-side-hustler.md
P1-good-candidate,87,03-Industry-Segment,en,(blank),multilingual-cluster,4,1,best-ai-design-agent-for-skin-clinic-owner,best-ai-design-agent-for-skin-clinic-owner,"Best AI Design Agent for Skin Clinic Owners — Treatment Menus, Skin Condition Education & Clinical-Luxe Branding",03-Industry-Segment/best-ai-design-agent-for-skin-clinic-owner.md
P1-good-candidate,87,03-Industry-Segment,en,(blank),multilingual-cluster,4,1,best-ai-design-agent-for-social-media-marketing-manager,best-ai-design-agent-for-social-media-marketing-manager,"Best AI Design Agent for Social Media Marketing Managers — Client Content Batching, Multi-Brand Management & Creative Scaling",03-Industry-Segment/best-ai-design-agent-for-social-media-marketing-manager.md
P1-good-candidate,87,03-Industry-Segment,en,(blank),multilingual-cluster,4,1,best-ai-design-agent-for-solo-practitioner,best-ai-design-agent-for-solo-practitioner,"Best AI Design Agent for Solo Practitioners — Service Menus, One-Person-Brand Identity & Client Education Design",03-Industry-Segment/best-ai-design-agent-for-solo-practitioner.md
P1-good-candidate,87,03-Industry-Segment,en,(blank),multilingual-cluster,4,1,best-ai-design-agent-for-solopreneur,best-ai-design-agent-for-solopreneur,"Best AI Design Agent for Solopreneurs — One-Person-Business Branding, Proposal Design & Client-Ready Visuals",03-Industry-Segment/best-ai-design-agent-for-solopreneur.md
P1-good-candidate,87,03-Industry-Segment,en,(blank),multilingual-cluster,4,1,best-ai-design-agent-for-streamer,best-ai-design-agent-for-streamer,"Best AI Design Agent for Streamers — Overlay Design, Alert Graphics & Stream Brand Identity",03-Industry-Segment/best-ai-design-agent-for-streamer.md
P1-good-candidate,87,03-Industry-Segment,en,(blank),multilingual-cluster,4,1,best-ai-design-agent-for-vlogger,best-ai-design-agent-for-vlogger,"Best AI Design Agent for Vloggers — Thumbnail Design, Channel Branding & B-Roll Visuals at Scale",03-Industry-Segment/best-ai-design-agent-for-vlogger.md
P1-good-candidate,87,03-Industry-Segment,en,(blank),multilingual-cluster,4,1,best-ai-design-agent-for-wellness-studio,best-ai-design-agent-for-wellness-studio,"Best AI Design Agent for Wellness Studios — Holistic Branding, Workshop Flyers & Mindful Visuals",03-Industry-Segment/best-ai-design-agent-for-wellness-studio.md
P1-good-candidate,87,03-Industry-Segment,en,(blank),multilingual-cluster,4,1,best-ai-design-agent-for-wine-bar-owner,best-ai-design-agent-for-wine-bar-owner,Best AI Design Agent for Wine Bar Owners: Uncork Sophisticated Branding on a Bottle Budget,03-Industry-Segment/best-ai-design-agent-for-wine-bar-owner.md
P1-good-candidate,87,09-Better-Design,en,(blank),multilingual-cluster,4,1,5-best-text-art-ascii-typography-generators-2026,5-best-text-art-ascii-typography-generators-2026,"5 Best Text Art, ASCII & Typography AI Generators in 2026: Playful Text-to-Image Visuals",09-Better-Design/5-best-text-art-ascii-typography-generators-2026.md
P1-good-candidate,87,09-Better-Design,en,(blank),multilingual-cluster,4,1,complete-guide-text-art-ascii-typography-ai,complete-guide-text-art-ascii-typography-ai,"The 2026 Complete Guide to AI Text Art, ASCII & Typography Design",09-Better-Design/complete-guide-text-art-ascii-typography-ai.md
P1-good-candidate,86,01-How-To,ja,ready,multilingual-cluster,2,1,lovart-roi-calculator-spec,lovart-roi-calculator-spec,【日本語】 Lovart ROI Calculator — Feature Specification & Requirements,01-How-To/04-bofu-roi-calculator-spec-ja.md
P1-good-candidate,86,01-How-To,zh-TW,ready,multilingual-cluster,2,1,lovart-roi-calculator-spec,lovart-roi-calculator-spec,【繁體】 Lovart ROI Calculator — Feature Specification & Requirements,01-How-To/04-bofu-roi-calculator-spec-zhtw.md
P1-good-candidate,86,02-Comparison,ja,(blank),multilingual-cluster,6,1,03-dalle-vs-lovart-ja,03-dalle-vs-lovart,DALL-E vs Lovart: OpenAI's Image Generator vs an AI Design Agent,02-Comparison/03-dalle-vs-lovart-ja.md
P1-good-candidate,86,02-Comparison,zh-TW,(blank),multilingual-cluster,6,1,03-dalle-vs-lovart-zhtw,03-dalle-vs-lovart,DALL-E vs Lovart: OpenAI's Image Generator vs an AI Design Agent,02-Comparison/03-dalle-vs-lovart-zhtw.md
P1-good-candidate,86,02-Comparison,ja,(blank),multilingual-cluster,2,1,trendy-vs-timeless-ai-logo-wont-look-dated,trendy-vs-timeless-ai-logo-wont-look-dated,【日本語】 Trendy vs Timeless — 方法 Ask AI for a ロゴ That Won't Look Dated Next Year,02-Comparison/22-trendy-vs-timeless-ai-logo-wont-look-dated-ja.md
P1-good-candidate,86,02-Comparison,zh-TW,(blank),multilingual-cluster,2,1,trendy-vs-timeless-ai-logo-wont-look-dated,trendy-vs-timeless-ai-logo-wont-look-dated,【繁體】 Trendy vs Timeless — 如何 Ask AI for a Logo That Won't Look Dated Next Year,02-Comparison/22-trendy-vs-timeless-ai-logo-wont-look-dated-zhtw.md
P1-good-candidate,86,02-Comparison,ja,(blank),multilingual-cluster,2,1,the-subtractive-method-when-to-erase-vs-replace,the-subtractive-method-when-to-erase-vs-replace,【日本語】 The Subtractive Method — When to Erase and When to Replace in AI デザイン,02-Comparison/40-the-subtractive-method-when-to-erase-vs-replace-ai-ja.md
P1-good-candidate,86,02-Comparison,zh-TW,(blank),multilingual-cluster,2,1,the-subtractive-method-when-to-erase-vs-replace,the-subtractive-method-when-to-erase-vs-replace,【繁體】 The Subtractive Method — When to Erase and When to Replace in AI 設計,02-Comparison/40-the-subtractive-method-when-to-erase-vs-replace-ai-zhtw.md
P1-good-candidate,86,02-Comparison,ja,(blank),multilingual-cluster,6,1,ai-animal-pet-generators-compared,ai-animal-pet-generators-compared,【日本語】 AI Animal & Pet Portrait ジェネレーターs Compared: PetPic vs FurryAI vs Lovart,02-Comparison/ai-animal-pet-generators-compared-ja.md
P1-good-candidate,86,02-Comparison,zh,(blank),multilingual-cluster,6,1,ai-animal-pet-generators-compared,ai-animal-pet-generators-compared,AI动物与宠物肖像生成器对比：PetPic vs FurryAI vs Lovart,02-Comparison/ai-animal-pet-generators-compared-zh.md
P1-good-candidate,86,02-Comparison,zh-TW,(blank),multilingual-cluster,6,1,ai-animal-pet-generators-compared,ai-animal-pet-generators-compared,【繁體】 AI Animal & Pet Portrait 生成器s Compared: PetPic vs FurryAI vs Lovart,02-Comparison/ai-animal-pet-generators-compared-zhtw.md
P1-good-candidate,86,02-Comparison,ja,(blank),multilingual-cluster,6,1,ai-avatar-tools-compared-ja,ai-avatar-tools-compared,AI Avatar Makers Compared: Lensa vs Picsart vs Lovart — Best Digital Identity Creator,02-Comparison/ai-avatar-tools-compared-ja.md
P1-good-candidate,86,02-Comparison,zh,(blank),multilingual-cluster,6,1,ai-avatar-tools-compared-zh,ai-avatar-tools-compared,AI头像制作工具对比：Lensa vs Picsart vs Lovart — 最佳数字身份创建者,02-Comparison/ai-avatar-tools-compared-zh.md
P1-good-candidate,86,02-Comparison,zh-TW,(blank),multilingual-cluster,6,1,ai-avatar-tools-compared-zhtw,ai-avatar-tools-compared,AI Avatar Makers Compared: Lensa vs Picsart vs Lovart — Best Digital Identity Creator,02-Comparison/ai-avatar-tools-compared-zhtw.md
P1-good-candidate,86,02-Comparison,ja,(blank),multilingual-cluster,6,1,ai-background-wallpaper-tools-compared,ai-background-wallpaper-tools-compared,【日本語】 AI Background & Wallpaper ツール Compared: Wallpaper Engine vs Backdrop vs Lovart,02-Comparison/ai-background-wallpaper-tools-compared-ja.md
P1-good-candidate,86,02-Comparison,zh,(blank),multilingual-cluster,6,1,ai-background-wallpaper-tools-compared-zh,ai-background-wallpaper-tools-compared,AI 背景与壁纸工具对比：Wallpaper Engine vs Backdrop vs Lovart,02-Comparison/ai-background-wallpaper-tools-compared-zh.md
P1-good-candidate,86,02-Comparison,zh-TW,(blank),multilingual-cluster,6,1,ai-background-wallpaper-tools-compared,ai-background-wallpaper-tools-compared,【繁體】 AI Background & Wallpaper 工具 Compared: Wallpaper Engine vs Backdrop vs Lovart,02-Comparison/ai-background-wallpaper-tools-compared-zhtw.md
P1-good-candidate,86,02-Comparison,ja,(blank),multilingual-cluster,6,1,ai-banner-tools-compared,ai-banner-tools-compared,【日本語】 AI Banner Makers Compared: Creaトップy vs BannerBoo vs Lovart,02-Comparison/ai-banner-tools-compared-ja.md
P1-good-candidate,86,02-Comparison,zh,(blank),multilingual-cluster,6,1,ai-banner-tools-compared,ai-banner-tools-compared,AI横幅制作工具对比：Creatopy vs BannerBoo vs Lovart,02-Comparison/ai-banner-tools-compared-zh.md
P1-good-candidate,86,02-Comparison,zh-TW,(blank),multilingual-cluster,6,1,ai-banner-tools-compared,ai-banner-tools-compared,【繁體】 AI Banner Makers Compared: Crea頂級y vs BannerBoo vs Lovart,02-Comparison/ai-banner-tools-compared-zhtw.md
P1-good-candidate,86,02-Comparison,ja,(blank),multilingual-cluster,6,1,ai-body-editor-tools-compared,ai-body-editor-tools-compared,【日本語】 AI Body & Age Editors Compared: FaceApp vs EPIK vs Lovart,02-Comparison/ai-body-editor-tools-compared-ja.md
P1-good-candidate,86,02-Comparison,zh,(blank),multilingual-cluster,6,1,ai-body-editor-tools-compared-zh,ai-body-editor-tools-compared,AI 身体与年龄编辑器对比：FaceApp vs EPIK vs Lovart,02-Comparison/ai-body-editor-tools-compared-zh.md
P1-good-candidate,86,02-Comparison,zh-TW,(blank),multilingual-cluster,6,1,ai-body-editor-tools-compared,ai-body-editor-tools-compared,【繁體】 AI Body & Age Editors Compared: FaceApp vs EPIK vs Lovart,02-Comparison/ai-body-editor-tools-compared-zhtw.md
P1-good-candidate,86,02-Comparison,ja,(blank),multilingual-cluster,6,1,ai-character-consistency-tools-compared-ja,ai-character-consistency-tools-compared,AI Character Consistency Tools Compared: Leonardo vs Artbreeder vs Lovart,02-Comparison/ai-character-consistency-tools-compared-ja.md
P1-good-candidate,86,02-Comparison,zh,(blank),multilingual-cluster,6,1,ai-character-consistency-tools-compared-zh,ai-character-consistency-tools-compared,AI角色一致性工具对比：Leonardo vs Artbreeder vs Lovart,02-Comparison/ai-character-consistency-tools-compared-zh.md
P1-good-candidate,86,02-Comparison,zh-TW,(blank),multilingual-cluster,6,1,ai-character-consistency-tools-compared-zhtw,ai-character-consistency-tools-compared,AI Character Consistency Tools Compared: Leonardo vs Artbreeder vs Lovart,02-Comparison/ai-character-consistency-tools-compared-zhtw.md
P1-good-candidate,86,02-Comparison,ja,(blank),multilingual-cluster,6,1,ai-clipart-tools-compared-ja,ai-clipart-tools-compared,AI Clipart & Vector Generators Compared: Recraft vs Illustroke vs Lovart,02-Comparison/ai-clipart-tools-compared-ja.md
P1-good-candidate,86,02-Comparison,zh,(blank),multilingual-cluster,6,1,ai-clipart-tools-compared-zh,ai-clipart-tools-compared,AI剪贴画与矢量生成器对比：Recraft vs Illustroke vs Lovart,02-Comparison/ai-clipart-tools-compared-zh.md
P1-good-candidate,86,02-Comparison,zh-TW,(blank),multilingual-cluster,6,1,ai-clipart-tools-compared-zhtw,ai-clipart-tools-compared,AI Clipart & Vector Generators Compared: Recraft vs Illustroke vs Lovart,02-Comparison/ai-clipart-tools-compared-zhtw.md
P1-good-candidate,86,02-Comparison,ja,(blank),multilingual-cluster,6,1,ai-collage-moodboard-tools-compared,ai-collage-moodboard-tools-compared,【日本語】 AI Collage & Moodboard Makers Compared: Milanote vs Moodzer vs Lovart,02-Comparison/ai-collage-moodboard-tools-compared-ja.md
P1-good-candidate,86,02-Comparison,zh,(blank),multilingual-cluster,6,1,ai-collage-moodboard-tools-compared-zh,ai-collage-moodboard-tools-compared,AI拼贴与情绪板工具对比：Milanote vs Moodzer vs Lovart,02-Comparison/ai-collage-moodboard-tools-compared-zh.md
P1-good-candidate,86,02-Comparison,zh-TW,(blank),multilingual-cluster,6,1,ai-collage-moodboard-tools-compared,ai-collage-moodboard-tools-compared,【繁體】 AI Collage & Moodboard Makers Compared: Milanote vs Moodzer vs Lovart,02-Comparison/ai-collage-moodboard-tools-compared-zhtw.md
P1-good-candidate,86,02-Comparison,ja,(blank),multilingual-cluster,6,1,ai-face-retouch-tools-compared-ja,ai-face-retouch-tools-compared,AI Face Retouch Tools Compared: Facetune vs Remini vs Lovart — Smile Edit & More,02-Comparison/ai-face-retouch-tools-compared-ja.md
P1-good-candidate,86,02-Comparison,zh,(blank),multilingual-cluster,6,1,ai-face-retouch-tools-compared-zh,ai-face-retouch-tools-compared,AI面部修图工具对比：Facetune vs Remini vs Lovart — 微笑编辑与更多功能,02-Comparison/ai-face-retouch-tools-compared-zh.md
P1-good-candidate,86,02-Comparison,zh-TW,(blank),multilingual-cluster,6,1,ai-face-retouch-tools-compared-zhtw,ai-face-retouch-tools-compared,AI Face Retouch Tools Compared: Facetune vs Remini vs Lovart — Smile Edit & More,02-Comparison/ai-face-retouch-tools-compared-zhtw.md
P1-good-candidate,86,02-Comparison,ja,(blank),multilingual-cluster,6,1,ai-face-swap-tools-compared-ja,ai-face-swap-tools-compared,AI Face Swap Tools Compared: Reface vs DeepSwap vs Lovart,02-Comparison/ai-face-swap-tools-compared-ja.md
P1-good-candidate,86,02-Comparison,zh,(blank),multilingual-cluster,6,1,ai-face-swap-tools-compared-zh,ai-face-swap-tools-compared,AI换脸工具对比：Reface vs DeepSwap vs Lovart,02-Comparison/ai-face-swap-tools-compared-zh.md
P1-good-candidate,86,02-Comparison,zh-TW,(blank),multilingual-cluster,6,1,ai-face-swap-tools-compared-zhtw,ai-face-swap-tools-compared,AI Face Swap Tools Compared: Reface vs DeepSwap vs Lovart,02-Comparison/ai-face-swap-tools-compared-zhtw.md
P1-good-candidate,86,02-Comparison,ja,(blank),multilingual-cluster,6,1,ai-floor-plan-tools-compared,ai-floor-plan-tools-compared,【日本語】 AI Floor Plan ツール Compared: RoomSketcher vs Planner5D vs Lovart,02-Comparison/ai-floor-plan-tools-compared-ja.md
P1-good-candidate,86,02-Comparison,zh,(blank),multilingual-cluster,6,1,ai-floor-plan-tools-compared-zh,ai-floor-plan-tools-compared,AI 户型图工具对比：RoomSketcher vs Planner5D vs Lovart,02-Comparison/ai-floor-plan-tools-compared-zh.md
P1-good-candidate,86,02-Comparison,zh-TW,(blank),multilingual-cluster,6,1,ai-floor-plan-tools-compared,ai-floor-plan-tools-compared,【繁體】 AI Floor Plan 工具 Compared: RoomSketcher vs Planner5D vs Lovart,02-Comparison/ai-floor-plan-tools-compared-zhtw.md
P1-good-candidate,86,02-Comparison,ja,(blank),multilingual-cluster,6,1,ai-image-expander-tools-compared-ja,ai-image-expander-tools-compared,AI Image Expander Tools Compared: Photoshop Generative Expand vs Runway vs Lovart,02-Comparison/ai-image-expander-tools-compared-ja.md
P1-good-candidate,86,02-Comparison,zh,(blank),multilingual-cluster,6,1,ai-image-expander-tools-compared-zh,ai-image-expander-tools-compared,AI 图像扩展工具对比：Photoshop 生成式扩展 vs Runway vs Lovart,02-Comparison/ai-image-expander-tools-compared-zh.md
P1-good-candidate,86,02-Comparison,zh-TW,(blank),multilingual-cluster,6,1,ai-image-expander-tools-compared-zhtw,ai-image-expander-tools-compared,AI Image Expander Tools Compared: Photoshop Generative Expand vs Runway vs Lovart,02-Comparison/ai-image-expander-tools-compared-zhtw.md
P1-good-candidate,86,02-Comparison,ja,(blank),multilingual-cluster,6,1,ai-image-upscaler-tools-compared-ja,ai-image-upscaler-tools-compared,AI Image Upscaler Tools Compared: Gigapixel vs Upscale.media vs Lovart — Real 4K Results?,02-Comparison/ai-image-upscaler-tools-compared-ja.md
P1-good-candidate,86,02-Comparison,zh,(blank),multilingual-cluster,6,1,ai-image-upscaler-tools-compared-zh,ai-image-upscaler-tools-compared,AI 图像放大工具对比：Gigapixel vs Upscale.media vs Lovart — 真 4K 效果？,02-Comparison/ai-image-upscaler-tools-compared-zh.md
P1-good-candidate,86,02-Comparison,zh-TW,(blank),multilingual-cluster,6,1,ai-image-upscaler-tools-compared-zhtw,ai-image-upscaler-tools-compared,AI Image Upscaler Tools Compared: Gigapixel vs Upscale.media vs Lovart — Real 4K Results?,02-Comparison/ai-image-upscaler-tools-compared-zhtw.md
P1-good-candidate,86,02-Comparison,ja,(blank),multilingual-cluster,6,1,ai-interior-design-tools-compared,ai-interior-design-tools-compared,【日本語】 AI Interior デザイン ツール Compared: Houzz vs DecorMatters vs Lovart,02-Comparison/ai-interior-design-tools-compared-ja.md
P1-good-candidate,86,02-Comparison,zh,(blank),multilingual-cluster,6,1,ai-interior-design-tools-compared,ai-interior-design-tools-compared,AI室内设计工具对比：Houzz vs DecorMatters vs Lovart,02-Comparison/ai-interior-design-tools-compared-zh.md
P1-good-candidate,86,02-Comparison,zh-TW,(blank),multilingual-cluster,6,1,ai-interior-design-tools-compared,ai-interior-design-tools-compared,【繁體】 AI Interior 設計 工具 Compared: Houzz vs DecorMatters vs Lovart,02-Comparison/ai-interior-design-tools-compared-zhtw.md
P1-good-candidate,86,02-Comparison,ja,(blank),multilingual-cluster,6,1,ai-movie-poster-tools-compared,ai-movie-poster-tools-compared,【日本語】 AI Movie Poster Makers Compared: Film Poster AI vs CinePoster vs Lovart,02-Comparison/ai-movie-poster-tools-compared-ja.md
P1-good-candidate,86,02-Comparison,zh,(blank),multilingual-cluster,6,1,ai-movie-poster-tools-compared-zh,ai-movie-poster-tools-compared,AI 电影海报制作工具对比：Film Poster AI vs CinePoster vs Lovart,02-Comparison/ai-movie-poster-tools-compared-zh.md
P1-good-candidate,86,02-Comparison,zh-TW,(blank),multilingual-cluster,6,1,ai-movie-poster-tools-compared,ai-movie-poster-tools-compared,【繁體】 AI Movie Poster Makers Compared: Film Poster AI vs CinePoster vs Lovart,02-Comparison/ai-movie-poster-tools-compared-zhtw.md
P1-good-candidate,86,02-Comparison,ja,(blank),multilingual-cluster,6,1,ai-music-video-tools-compared-ja,ai-music-video-tools-compared,AI Music Video Tools Compared: Kaiber vs Neural Frames vs Lovart — Beat-Synced Visuals,02-Comparison/ai-music-video-tools-compared-ja.md
P1-good-candidate,86,02-Comparison,zh,(blank),multilingual-cluster,6,1,ai-music-video-tools-compared-zh,ai-music-video-tools-compared,AI 音乐视频工具对比：Kaiber vs Neural Frames vs Lovart — 节拍同步视觉,02-Comparison/ai-music-video-tools-compared-zh.md
P1-good-candidate,86,02-Comparison,zh-TW,(blank),multilingual-cluster,6,1,ai-music-video-tools-compared-zhtw,ai-music-video-tools-compared,AI Music Video Tools Compared: Kaiber vs Neural Frames vs Lovart — Beat-Synced Visuals,02-Comparison/ai-music-video-tools-compared-zhtw.md
P1-good-candidate,86,02-Comparison,ja,(blank),multilingual-cluster,6,1,ai-object-remover-tools-compared-ja,ai-object-remover-tools-compared,AI Object Remover Tools Compared: Cleanup.pictures vs Magic Eraser vs Lovart,02-Comparison/ai-object-remover-tools-compared-ja.md
P1-good-candidate,86,02-Comparison,zh,(blank),multilingual-cluster,6,1,ai-object-remover-tools-compared-zh,ai-object-remover-tools-compared,AI 物体移除工具对比：Cleanup.pictures vs Magic Eraser vs Lovart,02-Comparison/ai-object-remover-tools-compared-zh.md
P1-good-candidate,86,02-Comparison,zh-TW,(blank),multilingual-cluster,6,1,ai-object-remover-tools-compared-zhtw,ai-object-remover-tools-compared,AI Object Remover Tools Compared: Cleanup.pictures vs Magic Eraser vs Lovart,02-Comparison/ai-object-remover-tools-compared-zhtw.md
P1-good-candidate,86,02-Comparison,ja,(blank),multilingual-cluster,6,1,ai-photo-sharpener-tools-compared-ja,ai-photo-sharpener-tools-compared,AI Photo Sharpener Tools Compared: Topaz vs Remini vs Lovart — Which Actually Fixes Blurry Photos?,02-Comparison/ai-photo-sharpener-tools-compared-ja.md
P1-good-candidate,86,02-Comparison,zh,(blank),multilingual-cluster,6,1,ai-photo-sharpener-tools-compared-zh,ai-photo-sharpener-tools-compared,AI 照片锐化工具对比：Topaz vs Remini vs Lovart — 谁才能真正修复模糊照片？,02-Comparison/ai-photo-sharpener-tools-compared-zh.md
P1-good-candidate,86,02-Comparison,zh-TW,(blank),multilingual-cluster,6,1,ai-photo-sharpener-tools-compared-zhtw,ai-photo-sharpener-tools-compared,AI Photo Sharpener Tools Compared: Topaz vs Remini vs Lovart — Which Actually Fixes Blurry Photos?,02-Comparison/ai-photo-sharpener-tools-compared-zhtw.md
P1-good-candidate,86,02-Comparison,ja,(blank),multilingual-cluster,6,1,ai-sketch-tools-compared-ja,ai-sketch-tools-compared,AI Sketch Generators Compared: SketchAI vs DrawThings vs Lovart,02-Comparison/ai-sketch-tools-compared-ja.md
P1-good-candidate,86,02-Comparison,zh,(blank),multilingual-cluster,6,1,ai-sketch-tools-compared-zh,ai-sketch-tools-compared,AI素描生成器对比：SketchAI vs DrawThings vs Lovart,02-Comparison/ai-sketch-tools-compared-zh.md
P1-good-candidate,86,02-Comparison,zh-TW,(blank),multilingual-cluster,6,1,ai-sketch-tools-compared-zhtw,ai-sketch-tools-compared,AI Sketch Generators Compared: SketchAI vs DrawThings vs Lovart,02-Comparison/ai-sketch-tools-compared-zhtw.md
P1-good-candidate,86,02-Comparison,ja,(blank),multilingual-cluster,6,1,ai-templates-vs-ai-generation-comparison-ja,ai-templates-vs-ai-generation-comparison,AI Design Templates vs AI Generation — Which Is Better?,02-Comparison/ai-templates-vs-ai-generation-comparison-ja.md
P1-good-candidate,86,02-Comparison,zh-TW,(blank),multilingual-cluster,6,1,ai-templates-vs-ai-generation-comparison-zhtw,ai-templates-vs-ai-generation-comparison,AI Design Templates vs AI Generation — Which Is Better?,02-Comparison/ai-templates-vs-ai-generation-comparison-zhtw.md
P1-good-candidate,86,02-Comparison,ja,(blank),multilingual-cluster,6,1,ai-texture-generator-tools-compared-ja,ai-texture-generator-tools-compared,AI Texture Generators Compared: Polycam vs WithPoly vs Lovart — Seamless Results?,02-Comparison/ai-texture-generator-tools-compared-ja.md
P1-good-candidate,86,02-Comparison,zh,(blank),multilingual-cluster,6,1,ai-texture-generator-tools-compared-zh,ai-texture-generator-tools-compared,AI纹理生成器对比：Polycam vs WithPoly vs Lovart — 能否实现无缝效果？,02-Comparison/ai-texture-generator-tools-compared-zh.md
P1-good-candidate,86,02-Comparison,zh-TW,(blank),multilingual-cluster,6,1,ai-texture-generator-tools-compared-zhtw,ai-texture-generator-tools-compared,AI Texture Generators Compared: Polycam vs WithPoly vs Lovart — Seamless Results?,02-Comparison/ai-texture-generator-tools-compared-zhtw.md
P1-good-candidate,86,02-Comparison,ja,(blank),multilingual-cluster,6,1,ai-video-editor-tools-compared-ja,ai-video-editor-tools-compared,AI Video Editor Tools Compared: CapCut vs Runway vs Lovart — Which Handles Real Projects?,02-Comparison/ai-video-editor-tools-compared-ja.md
P1-good-candidate,86,02-Comparison,zh,(blank),multilingual-cluster,6,1,ai-video-editor-tools-compared-zh,ai-video-editor-tools-compared,AI 视频编辑工具对比：CapCut vs Runway vs Lovart — 谁能处理真实项目？,02-Comparison/ai-video-editor-tools-compared-zh.md
P1-good-candidate,86,02-Comparison,zh-TW,(blank),multilingual-cluster,6,1,ai-video-editor-tools-compared-zhtw,ai-video-editor-tools-compared,AI Video Editor Tools Compared: CapCut vs Runway vs Lovart — Which Handles Real Projects?,02-Comparison/ai-video-editor-tools-compared-zhtw.md
P1-good-candidate,86,02-Comparison,ja,(blank),multilingual-cluster,4,1,ai-vs-human-design-can-you-tell-difference,ai-vs-human-design-can-you-tell-difference,【日本語】 AI vs Human デザイン — Can You Tell the Difference? (Blind Test Results),02-Comparison/ai-vs-human-design-can-you-tell-difference-ja.md
P1-good-candidate,86,02-Comparison,zh-TW,(blank),multilingual-cluster,4,1,ai-vs-human-design-can-you-tell-difference,ai-vs-human-design-can-you-tell-difference,【繁體】 AI vs Human 設計 — Can You Tell the Difference? (Blind Test Results),02-Comparison/ai-vs-human-design-can-you-tell-difference-zhtw.md
P1-good-candidate,86,02-Comparison,ja,(blank),multilingual-cluster,4,1,design-workflow-comparison-traditional-vs-ai,design-workflow-comparison-traditional-vs-ai,【日本語】 デザイン Workflow: Traditional Agency vs AI Agent — A Side-by-Side 比較,02-Comparison/design-workflow-comparison-traditional-vs-ai-ja.md
P1-good-candidate,86,02-Comparison,zh,(blank),multilingual-cluster,4,1,design-workflow-comparison-traditional-vs-ai,design-workflow-comparison-traditional-vs-ai,设计工作流：传统设计机构 vs AI 智能体——并排对比,02-Comparison/design-workflow-comparison-traditional-vs-ai-zh.md
P1-good-candidate,86,02-Comparison,zh-TW,(blank),multilingual-cluster,4,1,design-workflow-comparison-traditional-vs-ai,design-workflow-comparison-traditional-vs-ai,【繁體】 設計 Workflow: Traditional Agency vs AI Agent — A Side-by-Side 對比,02-Comparison/design-workflow-comparison-traditional-vs-ai-zhtw.md
P1-good-candidate,86,02-Comparison,ja,(blank),multilingual-cluster,4,1,gimp-vs-lovart-free-open-source-vs-ai-agent,gimp-vs-lovart-free-open-source-vs-ai-agent,【日本語】 GIMP vs Lovart — Free Open Source vs AI デザイン Agent — Honest 比較,02-Comparison/gimp-vs-lovart-free-open-source-vs-ai-agent-ja.md
P1-good-candidate,86,02-Comparison,zh,(blank),multilingual-cluster,4,1,gimp-vs-lovart-free-open-source-vs-ai-agent-zh,gimp-vs-lovart-free-open-source-vs-ai-agent,GIMP vs Lovart — 免费开源 vs AI设计代理 — 诚实对比,02-Comparison/gimp-vs-lovart-free-open-source-vs-ai-agent-zh.md
P1-good-candidate,86,02-Comparison,zh-TW,(blank),multilingual-cluster,4,1,gimp-vs-lovart-free-open-source-vs-ai-agent,gimp-vs-lovart-free-open-source-vs-ai-agent,【繁體】 GIMP vs Lovart — Free Open Source vs AI 設計 Agent — Honest 對比,02-Comparison/gimp-vs-lovart-free-open-source-vs-ai-agent-zhtw.md
P1-good-candidate,86,02-Comparison,zh,draft,multilingual-cluster,2,1,hedra-ai-vs-lovart,hedra-ai-vs-lovart,Hedra AI vs Lovart：带角色的AI视频——哪个平台更懂人性元素？,02-Comparison/hedra-ai-vs-lovart-zh.md
P1-good-candidate,86,02-Comparison,ja,(blank),multilingual-cluster,4,1,heygen-vs-lovart-talking-avatar-comparison,heygen-vs-lovart-talking-avatar-comparison,【日本語】 HeyGen vs Lovart — Which AI Talking Avatar Tool Actually Delivers?,02-Comparison/heygen-vs-lovart-talking-avatar-comparison-ja.md
P1-good-candidate,86,02-Comparison,zh,(blank),multilingual-cluster,4,1,heygen-vs-lovart-talking-avatar-comparison-zh,heygen-vs-lovart-talking-avatar-comparison,HeyGen vs Lovart — 哪款AI虚拟主播工具真正有效？,02-Comparison/heygen-vs-lovart-talking-avatar-comparison-zh.md
P1-good-candidate,86,02-Comparison,zh-TW,(blank),multilingual-cluster,4,1,heygen-vs-lovart-talking-avatar-comparison,heygen-vs-lovart-talking-avatar-comparison,【繁體】 HeyGen vs Lovart — Which AI Talking Avatar Tool Actually Delivers?,02-Comparison/heygen-vs-lovart-talking-avatar-comparison-zhtw.md
P1-good-candidate,86,02-Comparison,ja,(blank),multilingual-cluster,4,1,invideo-vs-lovart-video-editing-comparison,invideo-vs-lovart-video-editing-comparison,【日本語】 InVideo vs Lovart — Video Editing Platform vs AI デザイン Agent,02-Comparison/invideo-vs-lovart-video-editing-comparison-ja.md
P1-good-candidate,86,02-Comparison,zh,(blank),multilingual-cluster,4,1,invideo-vs-lovart-video-editing-comparison-zh,invideo-vs-lovart-video-editing-comparison,InVideo vs Lovart — 视频编辑平台 vs AI 设计代理,02-Comparison/invideo-vs-lovart-video-editing-comparison-zh.md
P1-good-candidate,86,02-Comparison,zh-TW,(blank),multilingual-cluster,4,1,invideo-vs-lovart-video-editing-comparison,invideo-vs-lovart-video-editing-comparison,【繁體】 InVideo vs Lovart — Video Editing Platform vs AI 設計 Agent,02-Comparison/invideo-vs-lovart-video-editing-comparison-zhtw.md
P1-good-candidate,86,02-Comparison,ja,(blank),multilingual-cluster,6,1,photo-animation-tools-compared-ja,photo-animation-tools-compared,Photo Animation Tools Compared: MyHeritage vs Deep Nostalgia vs Lovart — Bringing Photos to Life,02-Comparison/photo-animation-tools-compared-ja.md
P1-good-candidate,86,02-Comparison,zh,(blank),multilingual-cluster,6,1,photo-animation-tools-compared-zh,photo-animation-tools-compared,照片动画工具对比：MyHeritage vs Deep Nostalgia vs Lovart — 让照片活起来,02-Comparison/photo-animation-tools-compared-zh.md
P1-good-candidate,86,02-Comparison,zh-TW,(blank),multilingual-cluster,6,1,photo-animation-tools-compared-zhtw,photo-animation-tools-compared,Photo Animation Tools Compared: MyHeritage vs Deep Nostalgia vs Lovart — Bringing Photos to Life,02-Comparison/photo-animation-tools-compared-zhtw.md
P1-good-candidate,86,02-Comparison,ja,(blank),multilingual-cluster,6,1,photo-to-anime-tools-compared-ja,photo-to-anime-tools-compared,Photo-to-Anime Tools Compared: ToonMe vs AnimeGAN vs Lovart — Best Cartoon Transformation,02-Comparison/photo-to-anime-tools-compared-ja.md
P1-good-candidate,86,02-Comparison,zh,(blank),multilingual-cluster,6,1,photo-to-anime-tools-compared-zh,photo-to-anime-tools-compared,照片转动漫工具对比：ToonMe vs AnimeGAN vs Lovart — 最佳卡通化转换,02-Comparison/photo-to-anime-tools-compared-zh.md
P1-good-candidate,86,02-Comparison,zh-TW,(blank),multilingual-cluster,6,1,photo-to-anime-tools-compared-zhtw,photo-to-anime-tools-compared,Photo-to-Anime Tools Compared: ToonMe vs AnimeGAN vs Lovart — Best Cartoon Transformation,02-Comparison/photo-to-anime-tools-compared-zhtw.md
P1-good-candidate,86,02-Comparison,ja,(blank),multilingual-cluster,4,1,picsart-ai-vs-lovart-comparison,picsart-ai-vs-lovart-comparison,【日本語】 Picsart AI vs Lovart — Photo Editor Meets AI デザイン Agent,02-Comparison/picsart-ai-vs-lovart-comparison-ja.md
P1-good-candidate,86,02-Comparison,zh,(blank),multilingual-cluster,4,1,picsart-ai-vs-lovart-comparison-zh,picsart-ai-vs-lovart-comparison,Picsart AI vs Lovart — 照片编辑器遇上AI设计代理,02-Comparison/picsart-ai-vs-lovart-comparison-zh.md
P1-good-candidate,86,02-Comparison,zh-TW,(blank),multilingual-cluster,4,1,picsart-ai-vs-lovart-comparison,picsart-ai-vs-lovart-comparison,【繁體】 Picsart AI vs Lovart — Photo Editor Meets AI 設計 Agent,02-Comparison/picsart-ai-vs-lovart-comparison-zhtw.md
P1-good-candidate,86,02-Comparison,ja,(blank),multilingual-cluster,4,1,pollo-ai-vs-lovart-comparison,pollo-ai-vs-lovart-comparison,【日本語】 Pollo AI vs Lovart — AI Video ジェネレーター vs Full AI デザイン Agent,02-Comparison/pollo-ai-vs-lovart-comparison-ja.md
P1-good-candidate,86,02-Comparison,zh,(blank),multilingual-cluster,4,1,pollo-ai-vs-lovart-comparison-zh,pollo-ai-vs-lovart-comparison,Pollo AI vs Lovart — AI 视频生成器 vs 全能 AI 设计代理,02-Comparison/pollo-ai-vs-lovart-comparison-zh.md
P1-good-candidate,86,02-Comparison,zh-TW,(blank),multilingual-cluster,4,1,pollo-ai-vs-lovart-comparison,pollo-ai-vs-lovart-comparison,【繁體】 Pollo AI vs Lovart — AI Video 生成器 vs Full AI 設計 Agent,02-Comparison/pollo-ai-vs-lovart-comparison-zhtw.md
P1-good-candidate,86,02-Comparison,ja,(blank),multilingual-cluster,4,1,recraft-vs-lovart-vector-design-comparison,recraft-vs-lovart-vector-design-comparison,【日本語】 Recraft vs Lovart — Vector & SVG AI デザイン ツール Compared,02-Comparison/recraft-vs-lovart-vector-design-comparison-ja.md
P1-good-candidate,86,02-Comparison,zh,(blank),multilingual-cluster,4,1,recraft-vs-lovart-vector-design-comparison-zh,recraft-vs-lovart-vector-design-comparison,Recraft vs Lovart — 矢量与 SVG AI 设计工具对比,02-Comparison/recraft-vs-lovart-vector-design-comparison-zh.md
P1-good-candidate,86,02-Comparison,zh-TW,(blank),multilingual-cluster,4,1,recraft-vs-lovart-vector-design-comparison,recraft-vs-lovart-vector-design-comparison,【繁體】 Recraft vs Lovart — Vector & SVG AI 設計 工具 Compared,02-Comparison/recraft-vs-lovart-vector-design-comparison-zhtw.md
P1-good-candidate,86,02-Comparison,ja,(blank),multilingual-cluster,4,1,russia-ctr-vs-france-multilingual-seo-lessons,russia-ctr-vs-france-multilingual-seo-lessons,【日本語】 Russia CTR vs France — Multilingual SEO Lessons from Lovart's Global Data,02-Comparison/russia-ctr-vs-france-multilingual-seo-lessons-ja.md
P1-good-candidate,86,02-Comparison,zh,(blank),multilingual-cluster,4,1,russia-ctr-vs-france-multilingual-seo-lessons-zh,russia-ctr-vs-france-multilingual-seo-lessons,俄罗斯CTR对比法国——来自Lovart全球数据的多语言SEO经验,02-Comparison/russia-ctr-vs-france-multilingual-seo-lessons-zh.md
P1-good-candidate,86,02-Comparison,zh-TW,(blank),multilingual-cluster,4,1,russia-ctr-vs-france-multilingual-seo-lessons,russia-ctr-vs-france-multilingual-seo-lessons,【繁體】 Russia CTR vs France — Multilingual SEO Lessons from Lovart's Global Data,02-Comparison/russia-ctr-vs-france-multilingual-seo-lessons-zhtw.md
P1-good-candidate,86,02-Comparison,ja,(blank),multilingual-cluster,4,1,S10-ai-design-agent-vs-image-generator-ja,s10-ai-design-agent-vs-image-generator,AI Design Agent vs AI Image Generator — What's the Real Difference?,02-Comparison/S10-ai-design-agent-vs-image-generator-ja.md
P1-good-candidate,86,02-Comparison,zh-TW,(blank),multilingual-cluster,4,1,S10-ai-design-agent-vs-image-generator-zhtw,s10-ai-design-agent-vs-image-generator,AI Design Agent vs AI Image Generator — What's the Real Difference?,02-Comparison/S10-ai-design-agent-vs-image-generator-zhtw.md
P1-good-candidate,86,02-Comparison,ja,(blank),multilingual-cluster,6,1,text-art-ascii-tools-compared,text-art-ascii-tools-compared,【日本語】 Text Art & ASCII ジェネレーターs Compared: Patorjk vs TextFancy vs Lovart,02-Comparison/text-art-ascii-tools-compared-ja.md
P1-good-candidate,86,02-Comparison,zh,(blank),multilingual-cluster,6,1,text-art-ascii-tools-compared,text-art-ascii-tools-compared,文本艺术与ASCII生成器对比：Patorjk vs TextFancy vs Lovart,02-Comparison/text-art-ascii-tools-compared-zh.md
P1-good-candidate,86,02-Comparison,zh-TW,(blank),multilingual-cluster,6,1,text-art-ascii-tools-compared,text-art-ascii-tools-compared,【繁體】 Text Art & ASCII 生成器s Compared: Patorjk vs TextFancy vs Lovart,02-Comparison/text-art-ascii-tools-compared-zhtw.md
P1-good-candidate,85,01-How-To,en,(blank),multilingual-cluster,4,1,01-cluster-pinterest-pin-design,01-cluster-pinterest-pin-design,Pinterest Pin Design: How to Create Scroll-Stopping Pins with AI,01-How-To/01-cluster-pinterest-pin-design.md
P1-good-candidate,85,01-How-To,en,(blank),multilingual-cluster,2,1,01-cluster-twitter-image-design,01-cluster-twitter-image-design,"The Complete Guide to Twitter Image Design: Sizes, Tips & AI Shortcuts",01-How-To/01-cluster-twitter-image-design.md
P1-good-candidate,85,01-How-To,en,(blank),multilingual-cluster,4,1,01-industry-neighborhood-guide-design,01-industry-neighborhood-guide-design,Neighborhood Guide Design for Real Estate: Turn Local Knowledge into Visual Content,01-How-To/01-industry-neighborhood-guide-design.md
P1-good-candidate,85,01-How-To,en,(blank),multilingual-cluster,4,1,02-cluster-instagram-carousel,02-cluster-instagram-carousel,Instagram Carousel Design: How to Create Swipe-Stopping Slide Decks with AI,01-How-To/02-cluster-instagram-carousel.md
P1-good-candidate,85,01-How-To,en,(blank),multilingual-cluster,4,1,02-cluster-product-videos-ai,02-cluster-product-videos-ai,How to Create Product Videos with AI: A Step-by-Step Guide,01-How-To/02-cluster-product-videos-ai.md
P1-good-candidate,85,01-How-To,en,(blank),multilingual-cluster,4,1,02-industry-school-branding-guide,02-industry-school-branding-guide,"School Branding Guide: Mascot, Colors, and Visual Consistency Across Every Touchpoint",01-How-To/02-industry-school-branding-guide.md
P1-good-candidate,85,01-How-To,en,(blank),multilingual-cluster,4,1,02-pillar-social-media-design,02-pillar-social-media-design,Social Media Design AI: The Complete Guide to Multi-Platform Visual Strategy,01-How-To/02-pillar-social-media-design.md
P1-good-candidate,85,01-How-To,en,(blank),multilingual-cluster,4,1,02-wiki-custom-skills-guide,02-wiki-custom-skills-guide,Creating Custom Skills: Automate Your Design Workflows,01-How-To/02-wiki-custom-skills-guide.md
P1-good-candidate,85,01-How-To,en,(blank),multilingual-cluster,4,1,03-cluster-etsy-listing-images,03-cluster-etsy-listing-images,Etsy Listing Images Guide: Stand Out with AI-Generated Product Photos,01-How-To/03-cluster-etsy-listing-images.md
P1-good-candidate,85,01-How-To,en,(blank),multilingual-cluster,4,1,03-cluster-linkedin-banner-design,03-cluster-linkedin-banner-design,LinkedIn Banner Design: How to Create a Professional Header That Gets Noticed,01-How-To/03-cluster-linkedin-banner-design.md
P1-good-candidate,85,01-How-To,en,(blank),multilingual-cluster,4,1,03-wiki-export-formats-guide,03-wiki-export-formats-guide,Export Formats Complete Guide,01-How-To/03-wiki-export-formats-guide.md
P1-good-candidate,85,01-How-To,en,(blank),multilingual-cluster,4,1,04-cluster-ab-testing-ad-creatives,04-cluster-ab-testing-ad-creatives,A/B Testing Ad Creatives with AI: A Complete Guide for E-Commerce,01-How-To/04-cluster-ab-testing-ad-creatives.md
P1-good-candidate,85,01-How-To,en,(blank),single,1,1,35-large-format-printing-billboard-from-tiny-prompt,35-large-format-printing-billboard-from-tiny-prompt,Large Format Printing — How to Make a Billboard from a Tiny AI Prompt,01-How-To/35-large-format-printing-billboard-from-tiny-prompt.md
P1-good-candidate,85,01-How-To,en,(blank),multilingual-cluster,2,1,38-how-to-create-editable-designs-ai-no-photoshop,38-how-to-create-editable-designs-ai-no-photoshop,How to Create Fully Editable Designs with AI — No Photoshop License Required,01-How-To/38-how-to-create-editable-designs-ai-no-photoshop.md
P1-good-candidate,85,01-How-To,en,(blank),multilingual-cluster,4,1,A1-how-to-sharpen-enhance-photos-ai,a1-how-to-sharpen-enhance-photos-ai,,01-How-To/A1-how-to-sharpen-enhance-photos-ai.md
P1-good-candidate,85,01-How-To,en,(blank),multilingual-cluster,4,1,A2-how-to-upscale-images-4k-ai,a2-how-to-upscale-images-4k-ai,,01-How-To/A2-how-to-upscale-images-4k-ai.md
P1-good-candidate,85,01-How-To,en,(blank),multilingual-cluster,4,1,A3-how-to-expand-uncrop-photos-ai,a3-how-to-expand-uncrop-photos-ai,,01-How-To/A3-how-to-expand-uncrop-photos-ai.md
P1-good-candidate,85,01-How-To,en,(blank),multilingual-cluster,4,1,A4-how-to-remove-watermarks-objects-photos-ai,a4-how-to-remove-watermarks-objects-photos-ai,,01-How-To/A4-how-to-remove-watermarks-objects-photos-ai.md
P1-good-candidate,85,01-How-To,en,(blank),multilingual-cluster,4,1,B1-how-to-edit-videos-ai-complete-guide,b1-how-to-edit-videos-ai-complete-guide,,01-How-To/B1-how-to-edit-videos-ai-complete-guide.md
P1-good-candidate,85,01-How-To,en,(blank),multilingual-cluster,2,1,b15-how-to-create-designs-with-ai-bing,b15-how-to-create-designs-with-ai-bing,,01-How-To/b15-how-to-create-designs-with-ai-bing.md
P1-good-candidate,85,01-How-To,en,(blank),multilingual-cluster,2,1,b16-how-to-generate-product-images-ai-bing,b16-how-to-generate-product-images-ai-bing,,01-How-To/b16-how-to-generate-product-images-ai-bing.md
P1-good-candidate,85,01-How-To,en,(blank),single,1,1,b17-how-to-make-social-media-content-ai-bing,b17-how-to-make-social-media-content-ai-bing,,01-How-To/b17-how-to-make-social-media-content-ai-bing.md
P1-good-candidate,85,01-How-To,en,(blank),multilingual-cluster,2,1,b19-how-to-remove-backgrounds-online-free-bing,b19-how-to-remove-backgrounds-online-free-bing,,01-How-To/b19-how-to-remove-backgrounds-online-free-bing.md
P1-good-candidate,85,01-How-To,en,(blank),multilingual-cluster,4,1,B2-how-to-animate-photos-bring-to-life-ai,b2-how-to-animate-photos-bring-to-life-ai,,01-How-To/B2-how-to-animate-photos-bring-to-life-ai.md
P1-good-candidate,85,01-How-To,en,(blank),multilingual-cluster,2,1,b21-how-to-generate-consistent-characters-ai-bing,b21-how-to-generate-consistent-characters-ai-bing,,01-How-To/b21-how-to-generate-consistent-characters-ai-bing.md
P1-good-candidate,85,01-How-To,en,(blank),multilingual-cluster,2,1,b22-how-to-convert-images-vector-free-bing,b22-how-to-convert-images-vector-free-bing,,01-How-To/b22-how-to-convert-images-vector-free-bing.md
P1-good-candidate,85,01-How-To,en,(blank),multilingual-cluster,2,1,b23-how-to-batch-create-designs-ai-bing,b23-how-to-batch-create-designs-ai-bing,,01-How-To/b23-how-to-batch-create-designs-ai-bing.md
P1-good-candidate,85,01-How-To,en,(blank),multilingual-cluster,2,1,b24-how-to-upscale-images-ai-bing,b24-how-to-upscale-images-ai-bing,,01-How-To/b24-how-to-upscale-images-ai-bing.md
P1-good-candidate,85,01-How-To,en,(blank),multilingual-cluster,4,1,b25-how-to-design-business-cards-ai-bing,b25-how-to-design-business-cards-ai-bing,,01-How-To/b25-how-to-design-business-cards-ai-bing.md
P1-good-candidate,85,01-How-To,en,(blank),multilingual-cluster,4,1,b26-how-to-create-restaurant-menus-ai-bing,b26-how-to-create-restaurant-menus-ai-bing,,01-How-To/b26-how-to-create-restaurant-menus-ai-bing.md
P1-good-candidate,85,01-How-To,en,(blank),multilingual-cluster,4,1,b27-how-to-generate-ai-art-commercial-bing,b27-how-to-generate-ai-art-commercial-bing,,01-How-To/b27-how-to-generate-ai-art-commercial-bing.md
P1-good-candidate,85,01-How-To,en,(blank),multilingual-cluster,4,1,b28-how-to-create-digital-humans-ai-bing,b28-how-to-create-digital-humans-ai-bing,,01-How-To/b28-how-to-create-digital-humans-ai-bing.md
P1-good-candidate,85,01-How-To,en,(blank),multilingual-cluster,4,1,B3-how-to-create-music-video-ai-guide,b3-how-to-create-music-video-ai-guide,,01-How-To/B3-how-to-create-music-video-ai-guide.md
P1-good-candidate,85,01-How-To,en,(blank),multilingual-cluster,4,1,B4-how-to-create-loop-claymation-fantasy-video-ai,b4-how-to-create-loop-claymation-fantasy-video-ai,,01-How-To/B4-how-to-create-loop-claymation-fantasy-video-ai.md
P1-good-candidate,85,01-How-To,en,(blank),multilingual-cluster,4,1,b42-ai-design-pricing-guide-bing,b42-ai-design-pricing-guide-bing,,01-How-To/b42-ai-design-pricing-guide-bing.md
P1-good-candidate,85,01-How-To,en,(blank),multilingual-cluster,4,1,B5-how-to-create-video-from-text-image-ai,b5-how-to-create-video-from-text-image-ai,,01-How-To/B5-how-to-create-video-from-text-image-ai.md
P1-good-candidate,85,01-How-To,en,(blank),multilingual-cluster,4,1,how-to-argue-with-ai-get-exactly-what-you-want,how-to-argue-with-ai-get-exactly-what-you-want,,01-How-To/how-to-argue-with-ai-get-exactly-what-you-want.md
P1-good-candidate,85,01-How-To,en,(blank),multilingual-cluster,4,1,how-to-build-design-system-with-ai,how-to-build-design-system-with-ai,"How to Build a Design System with AI — Components, Tokens & Consistency",01-How-To/how-to-build-design-system-with-ai.md
P1-good-candidate,85,01-How-To,en,(blank),multilingual-cluster,4,1,how-to-choose-ai-art-platform,how-to-choose-ai-art-platform,,01-How-To/how-to-choose-ai-art-platform.md
P1-good-candidate,85,01-How-To,en,(blank),multilingual-cluster,4,1,how-to-choose-ai-image-model,how-to-choose-ai-image-model,,01-How-To/how-to-choose-ai-image-model.md
P1-good-candidate,85,01-How-To,en,(blank),multilingual-cluster,6,1,how-to-choose-ai-video-model,how-to-choose-ai-video-model,,01-How-To/how-to-choose-ai-video-model.md
P1-good-candidate,85,01-How-To,en,(blank),multilingual-cluster,4,1,how-to-create-ai-avatar-profile-picture,how-to-create-ai-avatar-profile-picture,How to Create an AI Avatar & Profile Picture — Your Digital Identity in Minutes,01-How-To/how-to-create-ai-avatar-profile-picture.md
P1-good-candidate,85,01-How-To,en,(blank),multilingual-cluster,4,1,how-to-create-avatars-cartoons-characters-ai,how-to-create-avatars-cartoons-characters-ai,,01-How-To/how-to-create-avatars-cartoons-characters-ai.md
P1-good-candidate,85,01-How-To,en,(blank),multilingual-cluster,4,1,how-to-create-backgrounds-wallpapers-ai,how-to-create-backgrounds-wallpapers-ai,How to Create Backgrounds & Wallpapers with AI — Aesthetic Patterns for Any Screen,01-How-To/how-to-create-backgrounds-wallpapers-ai.md
P1-good-candidate,85,01-How-To,en,(blank),multilingual-cluster,4,1,how-to-create-banners-display-ads-ai,how-to-create-banners-display-ads-ai,,01-How-To/how-to-create-banners-display-ads-ai.md
P1-good-candidate,85,01-How-To,en,(blank),multilingual-cluster,4,1,how-to-create-clipart-vectors-ai,how-to-create-clipart-vectors-ai,How to Create Clipart & Vector Illustrations with AI — No Drawing Skills Needed,01-How-To/how-to-create-clipart-vectors-ai.md
P1-good-candidate,85,01-How-To,en,(blank),multilingual-cluster,4,1,how-to-create-consistent-ai-characters,how-to-create-consistent-ai-characters,How to Create Consistent AI Characters — Design OCs & Mascots That Stay the Same,01-How-To/how-to-create-consistent-ai-characters.md
P1-good-candidate,85,01-How-To,en,(blank),multilingual-cluster,4,1,how-to-create-floor-plans-architecture-ai,how-to-create-floor-plans-architecture-ai,,01-How-To/how-to-create-floor-plans-architecture-ai.md
P1-good-candidate,85,01-How-To,en,(blank),multilingual-cluster,4,1,how-to-create-music-videos-ai-beat-sync,how-to-create-music-videos-ai-beat-sync,,01-How-To/how-to-create-music-videos-ai-beat-sync.md
P1-good-candidate,85,01-How-To,en,(blank),multilingual-cluster,4,1,how-to-create-posters-banners-flyers-ai,how-to-create-posters-banners-flyers-ai,,01-How-To/how-to-create-posters-banners-flyers-ai.md
P1-good-candidate,85,01-How-To,en,(blank),multilingual-cluster,4,1,how-to-create-sketches-doodles-ai,how-to-create-sketches-doodles-ai,How to Create Sketches & Doodles with AI — From Rough Idea to Finished Drawing,01-How-To/how-to-create-sketches-doodles-ai.md
P1-good-candidate,85,01-How-To,en,(blank),multilingual-cluster,4,1,how-to-design-floor-plans-architecture-ai,how-to-design-floor-plans-architecture-ai,How to Design Floor Plans & Architectural Visuals with AI — From Blueprint to Beauty,01-How-To/how-to-design-floor-plans-architecture-ai.md
P1-good-candidate,85,01-How-To,en,(blank),multilingual-cluster,4,1,how-to-design-flyers-business-cards-invitations-ai,how-to-design-flyers-business-cards-invitations-ai,,01-How-To/how-to-design-flyers-business-cards-invitations-ai.md
P1-good-candidate,85,01-How-To,en,(blank),multilingual-cluster,4,1,how-to-design-interior-rooms-ai,how-to-design-interior-rooms-ai,,01-How-To/how-to-design-interior-rooms-ai.md
P1-good-candidate,85,01-How-To,en,(blank),multilingual-cluster,4,1,how-to-design-posters-ai-guide,how-to-design-posters-ai-guide,,01-How-To/how-to-design-posters-ai-guide.md
P1-good-candidate,85,01-How-To,en,(blank),multilingual-cluster,4,1,how-to-edit-faces-portraits-smile-ai,how-to-edit-faces-portraits-smile-ai,"How to Edit Faces, Portraits & Smiles with AI — The Complete Face Retouch Guide",01-How-To/how-to-edit-faces-portraits-smile-ai.md
P1-good-candidate,85,01-How-To,en,(blank),multilingual-cluster,4,1,how-to-edit-faces-retouch-portraits-ai,how-to-edit-faces-retouch-portraits-ai,"How to Edit Faces & Retouch Portraits with AI — Smile Fix, Skin Smooth & More",01-How-To/how-to-edit-faces-retouch-portraits-ai.md
P1-good-candidate,85,01-How-To,en,(blank),multilingual-cluster,4,1,how-to-enhance-sharpen-upscale-photos-ai,how-to-enhance-sharpen-upscale-photos-ai,,01-How-To/how-to-enhance-sharpen-upscale-photos-ai.md
P1-good-candidate,85,01-How-To,en,(blank),multilingual-cluster,4,1,how-to-face-swap-ai-photos-videos,how-to-face-swap-ai-photos-videos,How to Face Swap in Photos & Videos with AI — Put Any Face Anywhere,01-How-To/how-to-face-swap-ai-photos-videos.md
P1-good-candidate,85,01-How-To,en,(blank),multilingual-cluster,4,1,how-to-generate-ai-art-from-text,how-to-generate-ai-art-from-text,How to Generate AI Art from Text — Turn Words into Stunning Visuals,01-How-To/how-to-generate-ai-art-from-text.md
P1-good-candidate,85,01-How-To,en,(blank),multilingual-cluster,4,1,how-to-generate-ai-art-sketches-doodles-clipart,how-to-generate-ai-art-sketches-doodles-clipart,,01-How-To/how-to-generate-ai-art-sketches-doodles-clipart.md
P1-good-candidate,85,01-How-To,en,(blank),multilingual-cluster,4,1,how-to-generate-animals-pets-ai,how-to-generate-animals-pets-ai,How to Generate Animals & Pet Portraits with AI — Fantasy Creatures to Realistic Dogs,01-How-To/how-to-generate-animals-pets-ai.md
P1-good-candidate,85,01-How-To,en,(blank),multilingual-cluster,4,1,how-to-generate-textures-materials-ai,how-to-generate-textures-materials-ai,How to Generate Textures & Materials with AI — Seamless Patterns for 3D & Design,01-How-To/how-to-generate-textures-materials-ai.md
P1-good-candidate,85,01-How-To,en,(blank),multilingual-cluster,4,1,how-to-make-collages-moodboards-ai,how-to-make-collages-moodboards-ai,How to Make Collages & Moodboards with AI — Visual Brainstorming Made Easy,01-How-To/how-to-make-collages-moodboards-ai.md
P1-good-candidate,85,01-How-To,en,(blank),multilingual-cluster,4,1,how-to-make-movie-poster-ai,how-to-make-movie-poster-ai,,01-How-To/how-to-make-movie-poster-ai.md
P1-good-candidate,85,01-How-To,en,(blank),multilingual-cluster,4,1,how-to-transform-age-body-ai-portraits,how-to-transform-age-body-ai-portraits,"How to Transform Age, Appearance & Body in AI Portraits — Baby, Aging & More Effects",01-How-To/how-to-transform-age-body-ai-portraits.md
P1-good-candidate,85,01-How-To,en,(blank),multilingual-cluster,4,1,how-to-turn-photo-into-anime-cartoon-ai,how-to-turn-photo-into-anime-cartoon-ai,"How to Turn Your Photo into Anime, Cartoon & Disney Style with AI",01-How-To/how-to-turn-photo-into-anime-cartoon-ai.md
P1-good-candidate,85,01-How-To,en,(blank),multilingual-cluster,4,1,S26 - how-to-create-ugc-content-ai,s26 - how-to-create-ugc-content-ai,How to Create UGC-Style Content with AI: The Complete Guide,01-How-To/S26 - how-to-create-ugc-content-ai.md
P1-good-candidate,85,01-How-To,en,(blank),multilingual-cluster,4,1,step-by-step-brochure-without-photoshop,step-by-step-brochure-without-photoshop,A Step-by-Step Guide to Create a Brochure Without Photoshop — Print-Ready in 5 Steps,01-How-To/step-by-step-brochure-without-photoshop.md
P1-good-candidate,85,01-How-To,en,(blank),multilingual-cluster,4,1,step-by-step-business-card-without-photoshop,step-by-step-business-card-without-photoshop,A Step-by-Step Guide to Create Business Cards Without Photoshop — Print-Ready,01-How-To/step-by-step-business-card-without-photoshop.md
P1-good-candidate,85,01-How-To,en,(blank),multilingual-cluster,4,1,step-by-step-event-flyer-without-photoshop,step-by-step-event-flyer-without-photoshop,A Step-by-Step Guide to Create an Event Flyer Without Photoshop — From Idea to Print,01-How-To/step-by-step-event-flyer-without-photoshop.md
P1-good-candidate,85,01-How-To,en,(blank),multilingual-cluster,4,1,step-by-step-facebook-google-ad-creatives-no-photoshop,step-by-step-facebook-google-ad-creatives-no-photoshop,A Step-by-Step Guide to Create Ad Creatives Without Photoshop — Facebook & Google Ads,01-How-To/step-by-step-facebook-google-ad-creatives-no-photoshop.md
P1-good-candidate,85,01-How-To,en,(blank),multilingual-cluster,4,1,step-by-step-product-mockup-without-photoshop,step-by-step-product-mockup-without-photoshop,A Step-by-Step Guide to Create a Product Mockup Without Photoshop — Realistic Displays,01-How-To/step-by-step-product-mockup-without-photoshop.md
P1-good-candidate,84,02-Comparison,ja,(blank),multilingual-cluster,6,1,02-flux-vs-nano-banana-ja,02-flux-vs-nano-banana,FLUX vs Nano Banana: Which AI Image Model Delivers Better Results?,02-Comparison/02-flux-vs-nano-banana-ja.md
P1-good-candidate,84,02-Comparison,zh,(blank),multilingual-cluster,6,1,02-flux-vs-nano-banana-zh,02-flux-vs-nano-banana,FLUX vs Nano Banana：哪款AI图像模型效果更佳？,02-Comparison/02-flux-vs-nano-banana-zh.md
P1-good-candidate,84,02-Comparison,zh-TW,(blank),multilingual-cluster,6,1,02-flux-vs-nano-banana-zhtw,02-flux-vs-nano-banana,FLUX vs Nano Banana: Which AI Image Model Delivers Better Results?,02-Comparison/02-flux-vs-nano-banana-zhtw.md
P1-good-candidate,84,02-Comparison,ja,(blank),multilingual-cluster,4,1,04-cluster-ai-logo-vs-human-designer-ja,04-cluster-ai-logo-vs-human-designer,AI Logo Generator vs Human Designer: An Honest 2026 Comparison,02-Comparison/04-cluster-ai-logo-vs-human-designer-ja.md
P1-good-candidate,84,02-Comparison,zh,(blank),multilingual-cluster,4,1,04-cluster-ai-logo-vs-human-designer-zh,04-cluster-ai-logo-vs-human-designer,AI Logo生成器 vs 人类设计师：2026年诚实对比,02-Comparison/04-cluster-ai-logo-vs-human-designer-zh.md
P1-good-candidate,84,02-Comparison,zh-TW,(blank),multilingual-cluster,4,1,04-cluster-ai-logo-vs-human-designer-zhtw,04-cluster-ai-logo-vs-human-designer,AI Logo Generator vs Human Designer: An Honest 2026 Comparison,02-Comparison/04-cluster-ai-logo-vs-human-designer-zhtw.md
P1-good-candidate,84,02-Comparison,ja,(blank),multilingual-cluster,4,1,ai-commercial-license-country-comparison-2026,ai-commercial-license-country-comparison-2026,【日本語】 AI Commercial License by Country — What's Legal Where in 2026,02-Comparison/ai-commercial-license-country-comparison-2026-ja.md
P1-good-candidate,84,02-Comparison,zh,(blank),multilingual-cluster,4,1,ai-commercial-license-country-comparison-2026,ai-commercial-license-country-comparison-2026,各国AI商业许可指南——2026年各地法律现状,02-Comparison/ai-commercial-license-country-comparison-2026-zh.md
P1-good-candidate,84,02-Comparison,zh-TW,(blank),multilingual-cluster,4,1,ai-commercial-license-country-comparison-2026,ai-commercial-license-country-comparison-2026,【繁體】 AI Commercial License by Country — What's Legal Where in 2026,02-Comparison/ai-commercial-license-country-comparison-2026-zhtw.md
P1-good-candidate,84,02-Comparison,zh,(blank),multilingual-cluster,6,1,ai-design-vs-diy-canva-time-comparison-zh,ai-design-vs-diy-canva-time-comparison,AI 设计 vs 自助 Canva — 哪个更省时？我们计时对比了,02-Comparison/ai-design-vs-diy-canva-time-comparison-zh.md
P1-good-candidate,84,02-Comparison,zh,(blank),multilingual-cluster,6,1,ai-design-vs-diy-canva-which-saves-more-time-zh,ai-design-vs-diy-canva-which-saves-more-time,AI 设计 vs 自助 Canva — 哪个真正更省时？我们计时对比了,02-Comparison/ai-design-vs-diy-canva-which-saves-more-time-zh.md
P1-good-candidate,84,02-Comparison,ja,(blank),multilingual-cluster,4,1,ai-model-showdown-sora-kling-veo-runway-pika-compared-2026-ja,ai-model-showdown-sora-kling-veo-runway-pika-compared-2026,AI Model Showdown: Sora vs Kling vs Veo vs Runway vs Pika — Which Video AI Actually Delivers?,02-Comparison/ai-model-showdown-sora-kling-veo-runway-pika-compared-2026-ja.md
P1-good-candidate,84,02-Comparison,zh,(blank),multilingual-cluster,4,1,ai-model-showdown-sora-kling-veo-runway-pika-compared-2026-zh,ai-model-showdown-sora-kling-veo-runway-pika-compared-2026,AI模型对决：Sora vs Kling vs Veo vs Runway vs Pika — 哪款视频AI真正能打？,02-Comparison/ai-model-showdown-sora-kling-veo-runway-pika-compared-2026-zh.md
P1-good-candidate,84,02-Comparison,zh-TW,(blank),multilingual-cluster,4,1,ai-model-showdown-sora-kling-veo-runway-pika-compared-2026-zhtw,ai-model-showdown-sora-kling-veo-runway-pika-compared-2026,AI Model Showdown: Sora vs Kling vs Veo vs Runway vs Pika — Which Video AI Actually Delivers?,02-Comparison/ai-model-showdown-sora-kling-veo-runway-pika-compared-2026-zhtw.md
P1-good-candidate,84,02-Comparison,zh,(blank),multilingual-cluster,4,1,best-ai-design-tools-for-non-designers-comparison-zh,best-ai-design-tools-for-non-designers-comparison,最佳非设计师AI设计工具 — 2026年对比评测,02-Comparison/best-ai-design-tools-for-non-designers-comparison-zh.md
P1-good-candidate,84,02-Comparison,zh,(blank),multilingual-cluster,4,1,chatcanvas-vs-traditional-design-tools,chatcanvas-vs-traditional-design-tools,ChatCanvas 与传统设计工具 — 空间思维 vs 线性工作流,02-Comparison/chatcanvas-vs-traditional-design-tools-zh.md
P1-good-candidate,84,02-Comparison,zh,(blank),multilingual-cluster,6,1,free-vs-paid-ai-tools-compared,free-vs-paid-ai-tools-compared,免费与付费AI设计工具对比——10个平台上0元究竟能获得什么,02-Comparison/free-vs-paid-ai-tools-compared-zh.md
P1-good-candidate,84,02-Comparison,zh,(blank),multilingual-cluster,4,1,S14-ai-design-cost-calculator-comparison-zh,s14-ai-design-cost-calculator-comparison,AI 设计成本：你究竟能省多少钱？（2026 年对比）,02-Comparison/S14-ai-design-cost-calculator-comparison-zh.md
P1-good-candidate,83,01-How-To,en,(blank),single,1,1,01-community-design-challenge-2,01-community-design-challenge-2,"Lovart Design Challenge #2: Announcing the Prompt, Prizes, and Judges for Summer 2027",01-How-To/01-community-design-challenge-2.md
P1-good-candidate,83,01-How-To,en,(blank),multilingual-cluster,2,1,01-community-design-challenge-results,01-community-design-challenge-results,"Lovart Design Challenge #1: Results, Winners, and the Creative Process Behind 847 Submissions",01-How-To/01-community-design-challenge-results.md
P1-good-candidate,83,01-How-To,en,(blank),multilingual-cluster,2,1,01-content-refresh-pillar-1-2,01-content-refresh-pillar-1-2,Content Refresh: Our AI Video and Brand Pillar Pages Have Been Updated for 2027,01-How-To/01-content-refresh-pillar-1-2.md
P1-good-candidate,83,01-How-To,en,(blank),multilingual-cluster,4,1,01-pillar-ai-brand-design-playbook,01-pillar-ai-brand-design-playbook,AI Brand Design Playbook: From Logo to Complete Visual Identity,01-How-To/01-pillar-ai-brand-design-playbook.md
P1-good-candidate,83,01-How-To,en,(blank),multilingual-cluster,4,1,02-cluster-email-marketing-visuals,02-cluster-email-marketing-visuals,Email Marketing Visual Design: Newsletter Graphics with AI,01-How-To/02-cluster-email-marketing-visuals.md
P1-good-candidate,83,01-How-To,en,(blank),multilingual-cluster,4,1,02-cluster-what-is-mcot,02-cluster-what-is-mcot,What Is MCOT? How Lovart's Engine Thinks About Design Like a Human Designer,01-How-To/02-cluster-what-is-mcot.md
P1-good-candidate,83,01-How-To,en,(blank),single,1,1,02-community-year-end-showcase,02-community-year-end-showcase,Lovart Community Year-End Showcase: The Designs That Defined Our 2027,01-How-To/02-community-year-end-showcase.md
P1-good-candidate,83,01-How-To,en,(blank),multilingual-cluster,4,1,03-cluster-brand-storytelling,03-cluster-brand-storytelling,Brand Storytelling Through Visual Design: The AI-Powered Approach,01-How-To/03-cluster-brand-storytelling.md
P1-good-candidate,83,01-How-To,en,(blank),multilingual-cluster,4,1,03-cluster-character-consistency,03-cluster-character-consistency,The Hardest Problem in AI Design: Character Consistency Across Generations,01-How-To/03-cluster-character-consistency.md
P1-good-candidate,83,01-How-To,en,(blank),multilingual-cluster,4,1,03-community-design-challenge-1,03-community-design-challenge-1,Lovart Design Challenge #1: Redesign Your Local Coffee Shop's Menu,01-How-To/03-community-design-challenge-1.md
P1-good-candidate,83,01-How-To,en,(blank),multilingual-cluster,2,1,03-enterprise-agency-playbook,03-enterprise-agency-playbook,Agency Playbook: Managing 10+ Client Brands in Lovart Without Losing Your Mind,01-How-To/03-enterprise-agency-playbook.md
P1-good-candidate,83,01-How-To,en,(blank),single,1,1,03-enterprise-design-governance,03-enterprise-design-governance,Design Governance with AI: Setting Up Brand Compliance Workflows for Enterprise Teams,01-How-To/03-enterprise-design-governance.md
P1-good-candidate,83,01-How-To,en,(blank),multilingual-cluster,2,1,04-bofu-roi-calculator-spec,04-bofu-roi-calculator-spec,Lovart ROI Calculator — Feature Specification & Requirements,01-How-To/04-bofu-roi-calculator-spec.md
P1-good-candidate,83,01-How-To,en,(blank),multilingual-cluster,4,1,05-enterprise-security-overview,05-enterprise-security-overview,Lovart Security Overview: How We Protect Your Designs & Data,01-How-To/05-enterprise-security-overview.md
P1-good-candidate,83,01-How-To,en,(blank),single,1,1,08-bing-seo-underestimated-growth-channel,08-bing-seo-underestimated-growth-channel,Bing SEO Is the Most Underestimated Growth Channel for AI Design Tools,01-How-To/08-bing-seo-underestimated-growth-channel.md
P1-good-candidate,83,01-How-To,en,(blank),multilingual-cluster,4,1,10-ai-design-prompts-that-actually-work,10-ai-design-prompts-that-actually-work,"10 AI Design Prompts That Actually Work — No ""Masterpiece"" or ""4K"" Required",01-How-To/10-ai-design-prompts-that-actually-work.md
P1-good-candidate,83,01-How-To,en,(blank),multilingual-cluster,2,1,23-from-name-to-launch-skincare-brand-identity-ai,23-from-name-to-launch-skincare-brand-identity-ai,From Name to Launch — Building a Skincare Brand Identity from Scratch with AI,01-How-To/23-from-name-to-launch-skincare-brand-identity-ai.md
P1-good-candidate,83,01-How-To,en,(blank),single,1,1,24-brand-guidelines-101-ai-dos-and-donts,24-brand-guidelines-101-ai-dos-and-donts,Brand Guidelines 101 — Asking AI to Write Your Visual Dos and Don'ts,01-How-To/24-brand-guidelines-101-ai-dos-and-donts.md
P1-good-candidate,83,01-How-To,en,(blank),single,1,1,b46-ai-design-marketing-teams-bing,b46-ai-design-marketing-teams-bing,AI Design for Marketing Teams: The Economics of Throughput,01-How-To/b46-ai-design-marketing-teams-bing.md
P1-good-candidate,83,01-How-To,en,(blank),single,1,1,b47-ai-design-ecommerce-stores-bing,b47-ai-design-ecommerce-stores-bing,AI Design for E-Commerce: The Cost of Visual Production at SKU Scale,01-How-To/b47-ai-design-ecommerce-stores-bing.md
P1-good-candidate,83,01-How-To,en,(blank),single,1,1,b48-ai-design-agencies-bing,b48-ai-design-agencies-bing,AI Design for Agencies: Margin Recovery in a Compressing Market,01-How-To/b48-ai-design-agencies-bing.md
P1-good-candidate,83,01-How-To,en,(blank),single,1,1,b49-ai-design-real-estate-bing,b49-ai-design-real-estate-bing,AI Design for Real Estate: What Happens When Listing Marketing Goes Same-Day,01-How-To/b49-ai-design-real-estate-bing.md
P1-good-candidate,83,01-How-To,en,(blank),single,1,1,b50-ai-design-restaurants-bing,b50-ai-design-restaurants-bing,AI Design for Restaurants: When Menu Updates Take 10 Days and Your Margins Are 5%,01-How-To/b50-ai-design-restaurants-bing.md
P1-good-candidate,83,01-How-To,en,(blank),single,1,1,b51-ai-design-education-bing,b51-ai-design-education-bing,AI Design for Education: The 205 Hours Teachers Spend on Design Every Year,01-How-To/b51-ai-design-education-bing.md
P1-good-candidate,83,01-How-To,en,(blank),single,1,1,b52-ai-design-enterprise-teams-bing,b52-ai-design-enterprise-teams-bing,"AI Design for Enterprise: When 12,000 Employees Need Brand-Compliant Creative",01-How-To/b52-ai-design-enterprise-teams-bing.md
P1-good-candidate,83,01-How-To,en,(blank),multilingual-cluster,4,1,C8-ai-agent-platform,c8-ai-agent-platform,Lovart AI Agent Platform — The World's First Design Agent,01-How-To/C8-ai-agent-platform.md
P1-good-candidate,83,01-How-To,en,(blank),multilingual-cluster,4,1,S24 - first-ai-design-3-projects,s24 - first-ai-design-3-projects,Your First AI Design: 3 Projects to Try Right Now (Zero Skills Needed),01-How-To/S24 - first-ai-design-3-projects.md
P1-good-candidate,83,01-How-To,en,(blank),multilingual-cluster,4,1,S25 - ai-design-templates-library,s25 - ai-design-templates-library,AI Design Templates Library: 50+ Ready-to-Use Designs for Every Need,01-How-To/S25 - ai-design-templates-library.md
P1-good-candidate,83,01-How-To,en,(blank),multilingual-cluster,4,1,step-by-step-ai-design-replace-photoshop-25-types,step-by-step-ai-design-replace-photoshop-25-types,Step-by-Step AI Design — Replace Photoshop for 25+ Design Types (Zero Experience Required),01-How-To/step-by-step-ai-design-replace-photoshop-25-types.md
P1-good-candidate,83,01-How-To,en,(blank),multilingual-cluster,4,1,sustainable-ai-design-green-design-practices,sustainable-ai-design-green-design-practices,Sustainable AI Design — Green Practices for Environmentally Conscious Creators,01-How-To/sustainable-ai-design-green-design-practices.md
P1-good-candidate,83,03-Industry-Segment,en,(blank),multilingual-cluster,4,1,ai-design-for-architecture-firms-2026,ai-design-for-architecture-firms-2026,"AI Design for Architecture Firms — Renderings, Proposals & Client Presentations",03-Industry-Segment/ai-design-for-architecture-firms-2026.md
P1-good-candidate,83,03-Industry-Segment,en,(blank),multilingual-cluster,4,1,ai-design-for-authors-writers-2026,ai-design-for-authors-writers-2026,"AI Design for Authors & Writers — Book Covers, Social Media & Author Branding",03-Industry-Segment/ai-design-for-authors-writers-2026.md
P1-good-candidate,83,03-Industry-Segment,en,(blank),multilingual-cluster,4,1,ai-design-for-healthcare-patient-materials-2026,ai-design-for-healthcare-patient-materials-2026,AI Design for Healthcare — Patient Brochures & Medical Practice Branding,03-Industry-Segment/ai-design-for-healthcare-patient-materials-2026.md
P1-good-candidate,83,03-Industry-Segment,en,(blank),multilingual-cluster,4,1,ai-design-for-legal-firms-attorneys-2026,ai-design-for-legal-firms-attorneys-2026,AI Design for Law Firms & Attorneys — Professional Branding Without Breaking Billable Hours,03-Industry-Segment/ai-design-for-legal-firms-attorneys-2026.md
P1-good-candidate,83,03-Industry-Segment,en,(blank),multilingual-cluster,4,1,ai-design-for-musicians-bands-2026,ai-design-for-musicians-bands-2026,"AI Design for Musicians & Bands — Album Covers, Tour Posters & Merch",03-Industry-Segment/ai-design-for-musicians-bands-2026.md
P1-good-candidate,83,03-Industry-Segment,en,(blank),multilingual-cluster,4,1,ai-design-for-nonprofit-fundraising-campaigns-2026,ai-design-for-nonprofit-fundraising-campaigns-2026,AI Design for Nonprofit Fundraising — Campaigns That Move People to Give,03-Industry-Segment/ai-design-for-nonprofit-fundraising-campaigns-2026.md
P1-good-candidate,83,03-Industry-Segment,en,(blank),multilingual-cluster,4,1,ai-design-for-pet-businesses-2026,ai-design-for-pet-businesses-2026,"AI Design for Pet Businesses — Groomers, Trainers & Pet Brands Made Easy",03-Industry-Segment/ai-design-for-pet-businesses-2026.md
P1-good-candidate,83,03-Industry-Segment,en,(blank),multilingual-cluster,4,1,ai-design-for-photographers-2026,ai-design-for-photographers-2026,"AI Design for Photographers — Pricing Guides, Portfolios & Client Workflows",03-Industry-Segment/ai-design-for-photographers-2026.md
P1-good-candidate,83,03-Industry-Segment,en,(blank),multilingual-cluster,4,1,ai-design-for-saas-pricing-pages-2026,ai-design-for-saas-pricing-pages-2026,AI Design for SaaS Pricing Pages — Convert More Visitors with Better Visuals,03-Industry-Segment/ai-design-for-saas-pricing-pages-2026.md
P1-good-candidate,83,03-Industry-Segment,en,(blank),multilingual-cluster,4,1,ai-design-for-travel-tourism-2026,ai-design-for-travel-tourism-2026,"AI Design for Travel & Tourism — Brochures, Social Media & Booking Visuals",03-Industry-Segment/ai-design-for-travel-tourism-2026.md
P1-good-candidate,83,03-Industry-Segment,en,(blank),multilingual-cluster,4,1,ai-design-for-wedding-industry-2026,ai-design-for-wedding-industry-2026,"AI Design for Wedding Professionals — Invitations, Brand Kits & Social Media",03-Industry-Segment/ai-design-for-wedding-industry-2026.md
P1-good-candidate,83,03-Industry-Segment,en,(blank),multilingual-cluster,4,1,ai-for-teachers-classroom-education-2026,ai-for-teachers-classroom-education-2026,"AI Design for Teachers & Classrooms — Worksheets, Certificates & Visual Learning",03-Industry-Segment/ai-for-teachers-classroom-education-2026.md
P1-good-candidate,83,08-Best-Practice,en,(blank),multilingual-cluster,4,1,02-wiki-batch-generation-best-practices,02-wiki-batch-generation-best-practices,Batch Generation Best Practices,08-Best-Practice/02-wiki-batch-generation-best-practices.md
P1-good-candidate,83,08-Best-Practice,en,(blank),multilingual-cluster,4,1,04-best-practice-touch-edit,04-best-practice-touch-edit,Best Practice: Touch Edit — 3 Essential Gestures Every Designer Should Know,08-Best-Practice/04-best-practice-touch-edit.md
P1-good-candidate,83,08-Best-Practice,en,(blank),multilingual-cluster,4,1,05-best-practice-model-selection,05-best-practice-model-selection,Best Practice: Choosing the Right AI Model for Your Design Task,08-Best-Practice/05-best-practice-model-selection.md
P1-good-candidate,83,08-Best-Practice,en,(blank),single,1,1,37-how-to-politely-argue-with-ai-iteration-tips,37-how-to-politely-argue-with-ai-iteration-tips,The Art of AI Negotiation — Getting Exactly What You Want Without Starting Over,08-Best-Practice/37-how-to-politely-argue-with-ai-iteration-tips.md
P1-good-candidate,83,08-Best-Practice,en,(blank),multilingual-cluster,2,1,39-remixing-elements-combining-best-of-three-generations,39-remixing-elements-combining-best-of-three-generations,Remixing Elements — Combining the Best Parts of Three Different AI Generations,08-Best-Practice/39-remixing-elements-combining-best-of-three-generations.md
P1-good-candidate,82,06-Case-Study,ja,ready,multilingual-cluster,4,1,case-study-digital-artist-ai-platform-switch,case-study-digital-artist-ai-platform-switch,【日本語】 How Digital Artist Keiko Matsumoto Switched AI Platforms 3 Times — And Finally Found the One That Didn't Limit Her,06-Case-Study/case-study-digital-artist-ai-platform-switch-ja.md
P1-good-candidate,82,06-Case-Study,zh-TW,ready,multilingual-cluster,4,1,case-study-digital-artist-ai-platform-switch,case-study-digital-artist-ai-platform-switch,【繁體】 How Digital Artist Keiko Matsumoto Switched AI Platforms 3 Times — And Finally Found the One That Didn't Limit Her,06-Case-Study/case-study-digital-artist-ai-platform-switch-zhtw.md
P1-good-candidate,82,06-Case-Study,ja,ready,multilingual-cluster,4,1,case-study-video-producer-ai-model-selection,case-study-video-producer-ai-model-selection,【日本語】 How Video Producer Ravi Krishnan Tested 7 AI Models in One Afternoon — And Found the One That Cut His Render Time by 94%,06-Case-Study/case-study-video-producer-ai-model-selection-ja.md
P1-good-candidate,82,06-Case-Study,zh-TW,ready,multilingual-cluster,4,1,case-study-video-producer-ai-model-selection,case-study-video-producer-ai-model-selection,【繁體】 How Video Producer Ravi Krishnan Tested 7 AI Models in One Afternoon — And Found the One That Cut His Render Time by 94%,06-Case-Study/case-study-video-producer-ai-model-selection-zhtw.md
P1-good-candidate,81,01-How-To,en,(blank),multilingual-cluster,4,1,01-cluster-product-detail-page,01-cluster-product-detail-page,Product Detail Page Design with AI: What Converts in 2026,01-How-To/01-cluster-product-detail-page.md
P1-good-candidate,81,01-How-To,ja,(blank),multilingual-cluster,2,1,content-refresh-ai-video-brand-pillars-2027,content-refresh-ai-video-brand-pillars-2027,【日本語】 コンテンツ Refresh: Our AI Video and ブランド Pillar Pages Have Been Updated for 2027,01-How-To/01-content-refresh-pillar-1-2-ja.md
P1-good-candidate,81,01-How-To,zh-TW,(blank),multilingual-cluster,2,1,content-refresh-ai-video-brand-pillars-2027,content-refresh-ai-video-brand-pillars-2027,【繁體】 內容 Refresh: Our AI Video and 品牌 Pillar Pages Have Been Updated for 2027,01-How-To/01-content-refresh-pillar-1-2-zhtw.md
P1-good-candidate,81,01-How-To,ja,(blank),multilingual-cluster,4,1,02-cluster-brand-style-guide-ai-ja,02-cluster-brand-style-guide-ai,How to Create a Brand Style Guide with AI: Step by Step,01-How-To/02-cluster-brand-style-guide-ai-ja.md
P1-good-candidate,81,01-How-To,zh,(blank),multilingual-cluster,4,1,02-cluster-brand-style-guide-ai-zh,02-cluster-brand-style-guide-ai,如何利用AI创建品牌风格指南：分步指南,01-How-To/02-cluster-brand-style-guide-ai-zh.md
P1-good-candidate,81,01-How-To,zh-TW,(blank),multilingual-cluster,4,1,02-cluster-brand-style-guide-ai-zhtw,02-cluster-brand-style-guide-ai,How to Create a Brand Style Guide with AI: Step by Step,01-How-To/02-cluster-brand-style-guide-ai-zhtw.md
P1-good-candidate,81,01-How-To,en,(blank),multilingual-cluster,2,1,02-content-refresh-q4-reviews,02-content-refresh-q4-reviews,Q4 2026 Articles Refreshed for 2027: What Changed and Why It Matters,01-How-To/02-content-refresh-q4-reviews.md
P1-good-candidate,81,01-How-To,ja,(blank),multilingual-cluster,3,1,sso-saml-integration-guide-enterprise-2027,sso-saml-integration-guide-enterprise-2027,【日本語】 SSO and SAML Integration ガイド for Enterprise Teams Using Lovart,01-How-To/02-enterprise-sso-saml-guide-ja.md
P1-good-candidate,81,01-How-To,zh,(blank),multilingual-cluster,3,1,sso-saml-integration-guide-enterprise-2027,sso-saml-integration-guide-enterprise-2027,面向企业团队的 Lovart SSO 与 SAML 集成指南,01-How-To/02-enterprise-sso-saml-guide-zh.md
P1-good-candidate,81,01-How-To,zh-TW,(blank),multilingual-cluster,3,1,sso-saml-integration-guide-enterprise-2027,sso-saml-integration-guide-enterprise-2027,【繁體】 SSO and SAML Integration 指南 for Enterprise Teams Using Lovart,01-How-To/02-enterprise-sso-saml-guide-zhtw.md
P1-good-candidate,81,01-How-To,ja,(blank),multilingual-cluster,4,1,02-enterprise-team-plan-guide-ja,02-enterprise-team-plan-guide,"Lovart Team Plan: Seats, Credits & Permission Management Explained",01-How-To/02-enterprise-team-plan-guide-ja.md
P1-good-candidate,81,01-How-To,zh,(blank),multilingual-cluster,4,1,02-enterprise-team-plan-guide-zh,02-enterprise-team-plan-guide,Lovart 团队计划：席位、积分与权限管理详解,01-How-To/02-enterprise-team-plan-guide-zh.md
P1-good-candidate,81,01-How-To,zh-TW,(blank),multilingual-cluster,4,1,02-enterprise-team-plan-guide-zhtw,02-enterprise-team-plan-guide,"Lovart Team Plan: Seats, Credits & Permission Management Explained",01-How-To/02-enterprise-team-plan-guide-zhtw.md
P1-good-candidate,81,01-How-To,ja,(blank),multilingual-cluster,4,1,06-pillar-design-templates-category-ja,06-pillar-design-templates-category,AI Design Templates: Complete Category Guide for Every Design Need,01-How-To/06-pillar-design-templates-category-ja.md
P1-good-candidate,81,01-How-To,zh-TW,(blank),multilingual-cluster,4,1,06-pillar-design-templates-category-zhtw,06-pillar-design-templates-category,AI Design Templates: Complete Category Guide for Every Design Need,01-How-To/06-pillar-design-templates-category-zhtw.md
P1-good-candidate,81,01-How-To,ja,(blank),multilingual-cluster,4,1,10-ai-design-prompts-that-actually-work,10-ai-design-prompts-that-actually-work,【日本語】 10 AI デザイン Prompts That Actually Work — No 'Masterpiece' or '4K' Required,01-How-To/10-ai-design-prompts-that-actually-work-ja.md
P1-good-candidate,81,01-How-To,zh-TW,(blank),multilingual-cluster,4,1,10-ai-design-prompts-that-actually-work,10-ai-design-prompts-that-actually-work,【繁體】 10 AI 設計 Prompts That Actually Work — No 'Masterpiece' or '4K' Required,01-How-To/10-ai-design-prompts-that-actually-work-zhtw.md
P1-good-candidate,81,01-How-To,ja,(blank),multilingual-cluster,3,1,brand-guidelines-101-ai-dos-and-donts,brand-guidelines-101-ai-dos-and-donts,【日本語】 ブランド ガイドlines 101 — Asking AI to Write Your Visual Dos and Don'ts,01-How-To/24-brand-guidelines-101-ai-dos-and-donts-ja.md
P1-good-candidate,81,01-How-To,zh-TW,(blank),multilingual-cluster,3,1,brand-guidelines-101-ai-dos-and-donts,brand-guidelines-101-ai-dos-and-donts,【繁體】 品牌 指南lines 101 — Asking AI to Write Your Visual Dos and Don'ts,01-How-To/24-brand-guidelines-101-ai-dos-and-donts-zhtw.md
P1-good-candidate,81,01-How-To,ja,(blank),multilingual-cluster,2,1,how-to-create-editable-designs-ai-no-photoshop,how-to-create-editable-designs-ai-no-photoshop,【日本語】 方法 Create Fully Editable デザインs with AI — No Photoshop License Required,01-How-To/38-how-to-create-editable-designs-ai-no-photoshop-ja.md
P1-good-candidate,81,01-How-To,zh-TW,(blank),multilingual-cluster,2,1,how-to-create-editable-designs-ai-no-photoshop,how-to-create-editable-designs-ai-no-photoshop,【繁體】 如何 Create Fully Editable 設計s with AI — No Photoshop License Required,01-How-To/38-how-to-create-editable-designs-ai-no-photoshop-zhtw.md
P1-good-candidate,81,01-How-To,ja,(blank),multilingual-cluster,4,1,ai-design-accessibility-inclusive-design-guide,ai-design-accessibility-inclusive-design-guide,【日本語】 AI デザイン & Accessibility — 方法 Create Inclusive Visuals That Work for Everyone,01-How-To/ai-design-accessibility-inclusive-design-guide-ja.md
P1-good-candidate,81,01-How-To,zh-TW,(blank),multilingual-cluster,4,1,ai-design-accessibility-inclusive-design-guide,ai-design-accessibility-inclusive-design-guide,【繁體】 AI 設計 & Accessibility — 如何 Create Inclusive Visuals That Work for Everyone,01-How-To/ai-design-accessibility-inclusive-design-guide-zhtw.md
P1-good-candidate,81,01-How-To,ja,(blank),multilingual-cluster,4,1,ai-design-roi-calculator-how-to-measure,ai-design-roi-calculator-how-to-measure,【日本語】 AI デザイン ROI — 方法 Measure What AI デザイン Actually Saves Your Business,01-How-To/ai-design-roi-calculator-how-to-measure-ja.md
P1-good-candidate,81,01-How-To,zh-TW,(blank),multilingual-cluster,4,1,ai-design-roi-calculator-how-to-measure,ai-design-roi-calculator-how-to-measure,【繁體】 AI 設計 ROI — 如何 Measure What AI 設計 Actually Saves Your Business,01-How-To/ai-design-roi-calculator-how-to-measure-zhtw.md
P1-good-candidate,81,01-How-To,ja,(blank),multilingual-cluster,2,1,how-to-create-designs-with-ai-bing,how-to-create-designs-with-ai-bing,【日本語】 方法 Create Professional デザインs Using AI — Step by Step ガイド,01-How-To/b15-how-to-create-designs-with-ai-bing-ja.md
P1-good-candidate,81,01-How-To,zh-TW,(blank),multilingual-cluster,2,1,how-to-create-designs-with-ai-bing,how-to-create-designs-with-ai-bing,【繁體】 如何 Create Professional 設計s Using AI — Step by Step 指南,01-How-To/b15-how-to-create-designs-with-ai-bing-zhtw.md
P1-good-candidate,81,01-How-To,ja,(blank),multilingual-cluster,2,1,how-to-generate-product-images-ai-bing,how-to-generate-product-images-ai-bing,【日本語】 方法 Generate Product Images with AI for E-Commerce,01-How-To/b16-how-to-generate-product-images-ai-bing-ja.md
P1-good-candidate,81,01-How-To,zh-TW,(blank),multilingual-cluster,2,1,how-to-generate-product-images-ai-bing,how-to-generate-product-images-ai-bing,【繁體】 如何 Generate Product Images with AI for E-Commerce,01-How-To/b16-how-to-generate-product-images-ai-bing-zhtw.md
P1-good-candidate,81,01-How-To,ja,(blank),multilingual-cluster,3,1,how-to-make-social-media-content-ai-bing,how-to-make-social-media-content-ai-bing,【日本語】 方法 Make Social Media コンテンツ with AI ツール — 完全 Workflow,01-How-To/b17-how-to-make-social-media-content-ai-bing-ja.md
P1-good-candidate,81,01-How-To,zh,(blank),multilingual-cluster,3,1,how-to-make-social-media-content-ai-bing,how-to-make-social-media-content-ai-bing,如何用AI工具制作社交媒体内容 — 完整工作流,01-How-To/b17-how-to-make-social-media-content-ai-bing-zh.md
P1-good-candidate,81,01-How-To,zh-TW,(blank),multilingual-cluster,3,1,how-to-make-social-media-content-ai-bing,how-to-make-social-media-content-ai-bing,【繁體】 如何 Make Social Media 內容 with AI 工具 — 完整 Workflow,01-How-To/b17-how-to-make-social-media-content-ai-bing-zhtw.md
P1-good-candidate,81,01-How-To,ja,(blank),multilingual-cluster,2,1,how-to-design-brand-identity-ai-bing,how-to-design-brand-identity-ai-bing,【日本語】 方法 デザイン a 完全 ブランド Identity with AI — Full Process,01-How-To/b18-how-to-design-brand-identity-ai-bing-ja.md
P1-good-candidate,81,01-How-To,zh,(blank),multilingual-cluster,2,1,b18-how-to-design-brand-identity-ai-bing-zh,b18-how-to-design-brand-identity-ai-bing,,01-How-To/b18-how-to-design-brand-identity-ai-bing-zh.md
P1-good-candidate,81,01-How-To,zh-TW,(blank),multilingual-cluster,2,1,how-to-design-brand-identity-ai-bing,how-to-design-brand-identity-ai-bing,【繁體】 如何 設計 a 完整 品牌 Identity with AI — Full Process,01-How-To/b18-how-to-design-brand-identity-ai-bing-zhtw.md
P1-good-candidate,81,01-How-To,ja,(blank),multilingual-cluster,2,1,how-to-remove-backgrounds-online-free-bing,how-to-remove-backgrounds-online-free-bing,【日本語】 方法 Remove Image Backgrounds Online for Free — 3 Methods,01-How-To/b19-how-to-remove-backgrounds-online-free-bing-ja.md
P1-good-candidate,81,01-How-To,zh-TW,(blank),multilingual-cluster,2,1,how-to-remove-backgrounds-online-free-bing,how-to-remove-backgrounds-online-free-bing,【繁體】 如何 Remove Image Backgrounds Online for Free — 3 Methods,01-How-To/b19-how-to-remove-backgrounds-online-free-bing-zhtw.md
P1-good-candidate,81,01-How-To,ja,(blank),multilingual-cluster,3,1,how-to-create-marketing-videos-ai-bing,how-to-create-marketing-videos-ai-bing,【日本語】 方法 Create マーケティング Videos with AI — 完全 ガイド,01-How-To/b20-how-to-create-marketing-videos-ai-bing-ja.md
P1-good-candidate,81,01-How-To,zh,(blank),multilingual-cluster,3,1,how-to-create-marketing-videos-ai-bing,how-to-create-marketing-videos-ai-bing,如何用AI制作营销视频 — 完整指南,01-How-To/b20-how-to-create-marketing-videos-ai-bing-zh.md
P1-good-candidate,81,01-How-To,zh-TW,(blank),multilingual-cluster,3,1,how-to-create-marketing-videos-ai-bing,how-to-create-marketing-videos-ai-bing,【繁體】 如何 Create 行銷 Videos with AI — 完整 指南,01-How-To/b20-how-to-create-marketing-videos-ai-bing-zhtw.md
P1-good-candidate,81,01-How-To,ja,(blank),multilingual-cluster,2,1,how-to-generate-consistent-characters-ai-bing,how-to-generate-consistent-characters-ai-bing,【日本語】 方法 Generate Consistent Characters with AI — チュートリアル,01-How-To/b21-how-to-generate-consistent-characters-ai-bing-ja.md
P1-good-candidate,81,01-How-To,zh-TW,(blank),multilingual-cluster,2,1,how-to-generate-consistent-characters-ai-bing,how-to-generate-consistent-characters-ai-bing,【繁體】 如何 Generate Consistent Characters with AI — 教學,01-How-To/b21-how-to-generate-consistent-characters-ai-bing-zhtw.md
P1-good-candidate,81,01-How-To,ja,(blank),multilingual-cluster,2,1,how-to-convert-images-vector-free-bing,how-to-convert-images-vector-free-bing,【日本語】 方法 Convert Images to Vector Graphics for Free — SVG ガイド,01-How-To/b22-how-to-convert-images-vector-free-bing-ja.md
P1-good-candidate,81,01-How-To,zh-TW,(blank),multilingual-cluster,2,1,how-to-convert-images-vector-free-bing,how-to-convert-images-vector-free-bing,【繁體】 如何 Convert Images to Vector Graphics for Free — SVG 指南,01-How-To/b22-how-to-convert-images-vector-free-bing-zhtw.md
P1-good-candidate,81,01-How-To,ja,(blank),multilingual-cluster,2,1,how-to-batch-create-designs-ai-bing,how-to-batch-create-designs-ai-bing,【日本語】 方法 Batch Create デザインs with AI Automation — Efficiency ガイド,01-How-To/b23-how-to-batch-create-designs-ai-bing-ja.md
P1-good-candidate,81,01-How-To,zh-TW,(blank),multilingual-cluster,2,1,how-to-batch-create-designs-ai-bing,how-to-batch-create-designs-ai-bing,【繁體】 如何 Batch Create 設計s with AI Automation — Efficiency 指南,01-How-To/b23-how-to-batch-create-designs-ai-bing-zhtw.md
P1-good-candidate,81,01-How-To,ja,(blank),multilingual-cluster,2,1,how-to-upscale-images-ai-bing,how-to-upscale-images-ai-bing,【日本語】 方法 Upscale Low Resolution Images with AI — Quality ガイド,01-How-To/b24-how-to-upscale-images-ai-bing-ja.md
P1-good-candidate,81,01-How-To,zh-TW,(blank),multilingual-cluster,2,1,how-to-upscale-images-ai-bing,how-to-upscale-images-ai-bing,【繁體】 如何 Upscale Low Resolution Images with AI — Quality 指南,01-How-To/b24-how-to-upscale-images-ai-bing-zhtw.md
P1-good-candidate,81,01-How-To,ja,(blank),multilingual-cluster,4,1,china-market-ai-design-optimization-guide,china-market-ai-design-optimization-guide,【日本語】 China Market AI デザイン Optimization — Baidu SEO & WeChat Visual 戦略,01-How-To/china-market-ai-design-optimization-guide-ja.md
P1-good-candidate,81,01-How-To,zh-TW,(blank),multilingual-cluster,4,1,china-market-ai-design-optimization-guide,china-market-ai-design-optimization-guide,【繁體】 China Market AI 設計 Optimization — Baidu SEO & WeChat Visual 策略,01-How-To/china-market-ai-design-optimization-guide-zhtw.md
P1-good-candidate,81,01-How-To,ja,(blank),multilingual-cluster,4,1,complete-guide-brand-kit-every-industry-lovart,complete-guide-brand-kit-every-industry-lovart,【日本語】 方法 Create a ブランド Kit Instantly — The 完全 ガイド for Every Industry and Role,01-How-To/complete-guide-brand-kit-every-industry-lovart-ja.md
P1-good-candidate,81,01-How-To,zh,(blank),multilingual-cluster,4,1,complete-guide-brand-kit-every-industry-lovart,complete-guide-brand-kit-every-industry-lovart,如何即时创建品牌套件 — 各行业与角色的完整指南,01-How-To/complete-guide-brand-kit-every-industry-lovart-zh.md
P1-good-candidate,81,01-How-To,zh-TW,(blank),multilingual-cluster,4,1,complete-guide-brand-kit-every-industry-lovart,complete-guide-brand-kit-every-industry-lovart,【繁體】 如何 Create a 品牌 Kit Instantly — The 完整 指南 for Every Industry and Role,01-How-To/complete-guide-brand-kit-every-industry-lovart-zhtw.md
P1-good-candidate,81,01-How-To,ja,(blank),multilingual-cluster,4,1,how-to-argue-with-ai-get-exactly-what-you-want,how-to-argue-with-ai-get-exactly-what-you-want,【日本語】 The Iteration Loop: 方法 Politely Argue with AI to Get Exactly What You Want,01-How-To/how-to-argue-with-ai-get-exactly-what-you-want-ja.md
P1-good-candidate,81,01-How-To,zh-TW,(blank),multilingual-cluster,4,1,how-to-argue-with-ai-get-exactly-what-you-want,how-to-argue-with-ai-get-exactly-what-you-want,【繁體】 The Iteration Loop: 如何 Politely Argue with AI to Get Exactly What You Want,01-How-To/how-to-argue-with-ai-get-exactly-what-you-want-zhtw.md
P1-good-candidate,81,01-How-To,ja,(blank),multilingual-cluster,4,1,how-to-build-design-system-with-ai,how-to-build-design-system-with-ai,"【日本語】 方法 Build a デザイン System with AI — Components, Tokens & Consistency",01-How-To/how-to-build-design-system-with-ai-ja.md
P1-good-candidate,81,01-How-To,zh-TW,(blank),multilingual-cluster,4,1,how-to-build-design-system-with-ai,how-to-build-design-system-with-ai,"【繁體】 如何 Build a 設計 System with AI — Components, Tokens & Consistency",01-How-To/how-to-build-design-system-with-ai-zhtw.md
P1-good-candidate,81,01-How-To,ja,(blank),multilingual-cluster,4,1,how-to-chat-generate-3d-character-lovart,how-to-chat-generate-3d-character-lovart,"【日本語】 方法 Chat-Generate 3D Characters with Lovart — Mascots, Avatars, and ブランド Personas",01-How-To/how-to-chat-generate-3d-character-lovart-ja.md
P1-good-candidate,81,01-How-To,zh,(blank),multilingual-cluster,4,1,how-to-chat-generate-3d-character-lovart,how-to-chat-generate-3d-character-lovart,如何通过对话生成 Lovart 3D 角色——吉祥物、头像与品牌形象,01-How-To/how-to-chat-generate-3d-character-lovart-zh.md
P1-good-candidate,81,01-How-To,zh-TW,(blank),multilingual-cluster,4,1,how-to-chat-generate-3d-character-lovart,how-to-chat-generate-3d-character-lovart,"【繁體】 如何 Chat-Generate 3D Characters with Lovart — Mascots, Avatars, and 品牌 Personas",01-How-To/how-to-chat-generate-3d-character-lovart-zhtw.md
P1-good-candidate,81,01-How-To,ja,(blank),multilingual-cluster,4,1,how-to-chat-generate-ai-effects-lovart,how-to-chat-generate-ai-effects-lovart,【日本語】 方法 Chat-Generate AI Effects with Lovart — Visual Magic Without After Effects,01-How-To/how-to-chat-generate-ai-effects-lovart-ja.md
P1-good-candidate,81,01-How-To,zh,(blank),multilingual-cluster,4,1,how-to-chat-generate-ai-effects-lovart,how-to-chat-generate-ai-effects-lovart,如何通过聊天生成 Lovart AI 特效 — 无需 After Effects 的视觉魔法,01-How-To/how-to-chat-generate-ai-effects-lovart-zh.md
P1-good-candidate,81,01-How-To,zh-TW,(blank),multilingual-cluster,4,1,how-to-chat-generate-ai-effects-lovart,how-to-chat-generate-ai-effects-lovart,【繁體】 如何 Chat-Generate AI Effects with Lovart — Visual Magic Without After Effects,01-How-To/how-to-chat-generate-ai-effects-lovart-zhtw.md
P1-good-candidate,81,01-How-To,ja,(blank),multilingual-cluster,4,1,how-to-chat-generate-ai-short-videos-lovart,how-to-chat-generate-ai-short-videos-lovart,【日本語】 方法 Chat-Generate AI Short Videos with Lovart — From Script to Visual Storyboard,01-How-To/how-to-chat-generate-ai-short-videos-lovart-ja.md
P1-good-candidate,81,01-How-To,zh,(blank),multilingual-cluster,4,1,how-to-chat-generate-ai-short-videos-lovart,how-to-chat-generate-ai-short-videos-lovart,如何使用 Lovart 通过聊天生成 AI 短视频 — 从脚本到视觉分镜,01-How-To/how-to-chat-generate-ai-short-videos-lovart-zh.md
P1-good-candidate,81,01-How-To,zh-TW,(blank),multilingual-cluster,4,1,how-to-chat-generate-ai-short-videos-lovart,how-to-chat-generate-ai-short-videos-lovart,【繁體】 如何 Chat-Generate AI Short Videos with Lovart — From Script to Visual Storyboard,01-How-To/how-to-chat-generate-ai-short-videos-lovart-zhtw.md
P1-good-candidate,81,01-How-To,ja,(blank),multilingual-cluster,6,1,how-to-chat-generate-any-design-type-lovart-agent,how-to-chat-generate-any-design-type-lovart-agent,【日本語】 方法 Chat-Generate Any デザイン Type with Lovart — The 完全 Agent Prompt ガイド,01-How-To/how-to-chat-generate-any-design-type-lovart-agent-ja.md
P1-good-candidate,81,01-How-To,zh,(blank),multilingual-cluster,6,1,how-to-chat-generate-any-design-type-lovart-agent,how-to-chat-generate-any-design-type-lovart-agent,如何通过聊天生成任何设计类型——Lovart 完整智能体提示指南,01-How-To/how-to-chat-generate-any-design-type-lovart-agent-zh.md
P1-good-candidate,81,01-How-To,zh-TW,(blank),multilingual-cluster,6,1,how-to-chat-generate-any-design-type-lovart-agent,how-to-chat-generate-any-design-type-lovart-agent,【繁體】 如何 Chat-Generate Any 設計 Type with Lovart — The 完整 Agent Prompt 指南,01-How-To/how-to-chat-generate-any-design-type-lovart-agent-zhtw.md
P1-good-candidate,81,01-How-To,ja,(blank),multilingual-cluster,4,1,how-to-chat-generate-appointment-cards-lovart,how-to-chat-generate-appointment-cards-lovart,【日本語】 方法 Chat-Generate Appointment Cards with Lovart — Professional Booking Reminders,01-How-To/how-to-chat-generate-appointment-cards-lovart-ja.md
P1-good-candidate,81,01-How-To,zh,(blank),multilingual-cluster,4,1,how-to-chat-generate-appointment-cards-lovart,how-to-chat-generate-appointment-cards-lovart,如何通过聊天生成预约卡 — 使用 Lovart 打造专业预订提醒,01-How-To/how-to-chat-generate-appointment-cards-lovart-zh.md
P1-good-candidate,81,01-How-To,zh-TW,(blank),multilingual-cluster,4,1,how-to-chat-generate-appointment-cards-lovart,how-to-chat-generate-appointment-cards-lovart,【繁體】 如何 Chat-Generate Appointment Cards with Lovart — Professional Booking Reminders,01-How-To/how-to-chat-generate-appointment-cards-lovart-zhtw.md
P1-good-candidate,81,01-How-To,ja,(blank),multilingual-cluster,4,1,how-to-chat-generate-brochure-lovart,how-to-chat-generate-brochure-lovart,【日本語】 方法 Chat-Generate Brochures with Lovart — From Blank Page to Print-Ready PDF,01-How-To/how-to-chat-generate-brochure-lovart-ja.md
P1-good-candidate,81,01-How-To,zh,(blank),multilingual-cluster,4,1,how-to-chat-generate-brochure-lovart,how-to-chat-generate-brochure-lovart,如何通过聊天用Lovart生成宣传册——从空白页到可打印PDF,01-How-To/how-to-chat-generate-brochure-lovart-zh.md
P1-good-candidate,81,01-How-To,zh-TW,(blank),multilingual-cluster,4,1,how-to-chat-generate-brochure-lovart,how-to-chat-generate-brochure-lovart,【繁體】 如何 Chat-Generate Brochures with Lovart — From Blank Page to Print-Ready PDF,01-How-To/how-to-chat-generate-brochure-lovart-zhtw.md
P1-good-candidate,81,01-How-To,ja,(blank),multilingual-cluster,4,1,how-to-chat-generate-channel-art-lovart,how-to-chat-generate-channel-art-lovart,【日本語】 方法 Chat-Generate YouTube Channel Art with Lovart — Banners That Build ブランドs,01-How-To/how-to-chat-generate-channel-art-lovart-ja.md
P1-good-candidate,81,01-How-To,zh,(blank),multilingual-cluster,4,1,how-to-chat-generate-channel-art-lovart,how-to-chat-generate-channel-art-lovart,如何通过对话生成 Lovart YouTube 频道艺术 — 打造品牌的横幅,01-How-To/how-to-chat-generate-channel-art-lovart-zh.md
P1-good-candidate,81,01-How-To,zh-TW,(blank),multilingual-cluster,4,1,how-to-chat-generate-channel-art-lovart,how-to-chat-generate-channel-art-lovart,【繁體】 如何 Chat-Generate YouTube Channel Art with Lovart — Banners That Build 品牌s,01-How-To/how-to-chat-generate-channel-art-lovart-zhtw.md
P1-good-candidate,81,01-How-To,ja,(blank),multilingual-cluster,4,1,how-to-chat-generate-fb-ads-lovart,how-to-chat-generate-fb-ads-lovart,"【日本語】 方法 Chat-Generate Facebook Ads クリエイティブs with Lovart — Lower CPA, Higher CTR",01-How-To/how-to-chat-generate-fb-ads-lovart-ja.md
P1-good-candidate,81,01-How-To,zh,(blank),multilingual-cluster,4,1,how-to-chat-generate-fb-ads-lovart,how-to-chat-generate-fb-ads-lovart,如何通过聊天用Lovart生成Facebook广告素材——降低CPA，提升CTR,01-How-To/how-to-chat-generate-fb-ads-lovart-zh.md
P1-good-candidate,81,01-How-To,zh-TW,(blank),multilingual-cluster,4,1,how-to-chat-generate-fb-ads-lovart,how-to-chat-generate-fb-ads-lovart,"【繁體】 如何 Chat-Generate Facebook Ads 創意s with Lovart — Lower CPA, Higher CTR",01-How-To/how-to-chat-generate-fb-ads-lovart-zhtw.md
P1-good-candidate,81,01-How-To,ja,(blank),multilingual-cluster,4,1,how-to-chat-generate-fb-post-cover-lovart,how-to-chat-generate-fb-post-cover-lovart,【日本語】 方法 Chat-Generate Facebook Post Covers with Lovart — Link Posts That Get Clicks,01-How-To/how-to-chat-generate-fb-post-cover-lovart-ja.md
P1-good-candidate,81,01-How-To,zh,(blank),multilingual-cluster,4,1,how-to-chat-generate-fb-post-cover-lovart,how-to-chat-generate-fb-post-cover-lovart,如何通过聊天用Lovart生成Facebook帖子封面——提升点击率的链接帖子,01-How-To/how-to-chat-generate-fb-post-cover-lovart-zh.md
P1-good-candidate,81,01-How-To,zh-TW,(blank),multilingual-cluster,4,1,how-to-chat-generate-fb-post-cover-lovart,how-to-chat-generate-fb-post-cover-lovart,【繁體】 如何 Chat-Generate Facebook Post Covers with Lovart — Link Posts That Get Clicks,01-How-To/how-to-chat-generate-fb-post-cover-lovart-zhtw.md
P1-good-candidate,81,01-How-To,ja,(blank),multilingual-cluster,4,1,how-to-chat-generate-google-ads-lovart,how-to-chat-generate-google-ads-lovart,【日本語】 方法 Chat-Generate Google Ads Images with Lovart — Responsive Display Ads That Convert,01-How-To/how-to-chat-generate-google-ads-lovart-ja.md
P1-good-candidate,81,01-How-To,zh,(blank),multilingual-cluster,4,1,how-to-chat-generate-google-ads-lovart,how-to-chat-generate-google-ads-lovart,如何通过聊天生成 Lovart Google 广告图片 — 高转化率的自适应展示广告,01-How-To/how-to-chat-generate-google-ads-lovart-zh.md
P1-good-candidate,81,01-How-To,zh-TW,(blank),multilingual-cluster,4,1,how-to-chat-generate-google-ads-lovart,how-to-chat-generate-google-ads-lovart,【繁體】 如何 Chat-Generate Google Ads Images with Lovart — Responsive Display Ads That Convert,01-How-To/how-to-chat-generate-google-ads-lovart-zhtw.md
P1-good-candidate,81,01-How-To,ja,(blank),multilingual-cluster,4,1,how-to-chat-generate-illustration-lovart,how-to-chat-generate-illustration-lovart,【日本語】 方法 Chat-Generate Illustrations with Lovart — Editorial Art Without Hiring an Illustrator,01-How-To/how-to-chat-generate-illustration-lovart-ja.md
P1-good-candidate,81,01-How-To,zh,(blank),multilingual-cluster,4,1,how-to-chat-generate-illustration-lovart,how-to-chat-generate-illustration-lovart,如何通过聊天生成 Lovart 插画——无需雇佣插画师的编辑艺术,01-How-To/how-to-chat-generate-illustration-lovart-zh.md
P1-good-candidate,81,01-How-To,zh-TW,(blank),multilingual-cluster,4,1,how-to-chat-generate-illustration-lovart,how-to-chat-generate-illustration-lovart,【繁體】 如何 Chat-Generate Illustrations with Lovart — Editorial Art Without Hiring an Illustrator,01-How-To/how-to-chat-generate-illustration-lovart-zhtw.md
P1-good-candidate,81,01-How-To,ja,(blank),multilingual-cluster,4,1,how-to-chat-generate-instagram-posts-lovart,how-to-chat-generate-instagram-posts-lovart,【日本語】 方法 Chat-Generate Instagram Posts — Lovart Agent Workflow,01-How-To/how-to-chat-generate-instagram-posts-lovart-ja.md
P1-good-candidate,81,01-How-To,zh,(blank),multilingual-cluster,4,1,how-to-chat-generate-instagram-posts-lovart,how-to-chat-generate-instagram-posts-lovart,如何通过聊天生成Instagram帖子 — Lovart Agent工作流程,01-How-To/how-to-chat-generate-instagram-posts-lovart-zh.md
P1-good-candidate,81,01-How-To,zh-TW,(blank),multilingual-cluster,4,1,how-to-chat-generate-instagram-posts-lovart,how-to-chat-generate-instagram-posts-lovart,【繁體】 如何 Chat-Generate Instagram Posts — Lovart Agent Workflow,01-How-To/how-to-chat-generate-instagram-posts-lovart-zhtw.md
P1-good-candidate,81,01-How-To,ja,(blank),multilingual-cluster,4,1,how-to-chat-generate-linkedin-banner-lovart,how-to-chat-generate-linkedin-banner-lovart,【日本語】 方法 Chat-Generate a LinkedIn Banner — Lovart Agent Workflow,01-How-To/how-to-chat-generate-linkedin-banner-lovart-ja.md
P1-good-candidate,81,01-How-To,zh,(blank),multilingual-cluster,4,1,how-to-chat-generate-linkedin-banner-lovart,how-to-chat-generate-linkedin-banner-lovart,如何通过聊天生成LinkedIn横幅 — Lovart智能体工作流,01-How-To/how-to-chat-generate-linkedin-banner-lovart-zh.md
P1-good-candidate,81,01-How-To,zh-TW,(blank),multilingual-cluster,4,1,how-to-chat-generate-linkedin-banner-lovart,how-to-chat-generate-linkedin-banner-lovart,【繁體】 如何 Chat-Generate a LinkedIn Banner — Lovart Agent Workflow,01-How-To/how-to-chat-generate-linkedin-banner-lovart-zhtw.md
P1-good-candidate,81,01-How-To,ja,(blank),multilingual-cluster,4,1,how-to-chat-generate-mockup-lovart,how-to-chat-generate-mockup-lovart,【日本語】 方法 Chat-Generate Mockups with Lovart — Product Presentation Without a Photo Studio,01-How-To/how-to-chat-generate-mockup-lovart-ja.md
P1-good-candidate,81,01-How-To,zh,(blank),multilingual-cluster,4,1,how-to-chat-generate-mockup-lovart,how-to-chat-generate-mockup-lovart,如何通过聊天用 Lovart 生成产品样机——无需摄影棚的产品展示,01-How-To/how-to-chat-generate-mockup-lovart-zh.md
P1-good-candidate,81,01-How-To,zh-TW,(blank),multilingual-cluster,4,1,how-to-chat-generate-mockup-lovart,how-to-chat-generate-mockup-lovart,【繁體】 如何 Chat-Generate Mockups with Lovart — Product Presentation Without a Photo Studio,01-How-To/how-to-chat-generate-mockup-lovart-zhtw.md
P1-good-candidate,81,01-How-To,ja,(blank),multilingual-cluster,4,1,how-to-chat-generate-open-house-flyers-lovart,how-to-chat-generate-open-house-flyers-lovart,【日本語】 方法 Chat-Generate Open House Flyers with Lovart — Real Estate マーケティング That Fills Rooms,01-How-To/how-to-chat-generate-open-house-flyers-lovart-ja.md
P1-good-candidate,81,01-How-To,zh,(blank),multilingual-cluster,4,1,how-to-chat-generate-open-house-flyers-lovart,how-to-chat-generate-open-house-flyers-lovart,如何通过聊天生成开放日传单 — 用 Lovart 打造能填满房间的房地产营销,01-How-To/how-to-chat-generate-open-house-flyers-lovart-zh.md
P1-good-candidate,81,01-How-To,zh-TW,(blank),multilingual-cluster,4,1,how-to-chat-generate-open-house-flyers-lovart,how-to-chat-generate-open-house-flyers-lovart,【繁體】 如何 Chat-Generate Open House Flyers with Lovart — Real Estate 行銷 That Fills Rooms,01-How-To/how-to-chat-generate-open-house-flyers-lovart-zhtw.md
P1-good-candidate,81,01-How-To,ja,(blank),multilingual-cluster,4,1,how-to-chat-generate-podcast-cover-art-lovart,how-to-chat-generate-podcast-cover-art-lovart,【日本語】 方法 Chat-Generate Podcast Cover Art with Lovart — Artwork That Gets Listens,01-How-To/how-to-chat-generate-podcast-cover-art-lovart-ja.md
P1-good-candidate,81,01-How-To,zh,(blank),multilingual-cluster,4,1,how-to-chat-generate-podcast-cover-art-lovart,how-to-chat-generate-podcast-cover-art-lovart,如何通过聊天用 Lovart 生成播客封面图 — 吸引听众的艺术作品,01-How-To/how-to-chat-generate-podcast-cover-art-lovart-zh.md
P1-good-candidate,81,01-How-To,zh-TW,(blank),multilingual-cluster,4,1,how-to-chat-generate-podcast-cover-art-lovart,how-to-chat-generate-podcast-cover-art-lovart,【繁體】 如何 Chat-Generate Podcast Cover Art with Lovart — Artwork That Gets Listens,01-How-To/how-to-chat-generate-podcast-cover-art-lovart-zhtw.md
P1-good-candidate,81,01-How-To,ja,(blank),multilingual-cluster,4,1,how-to-chat-generate-price-lists-lovart,how-to-chat-generate-price-lists-lovart,【日本語】 方法 Chat-Generate Price Lists with Lovart — Service Menus That Sell,01-How-To/how-to-chat-generate-price-lists-lovart-ja.md
P1-good-candidate,81,01-How-To,zh,(blank),multilingual-cluster,4,1,how-to-chat-generate-price-lists-lovart,how-to-chat-generate-price-lists-lovart,如何通过聊天生成 Lovart 价目表 — 能促进销售的服务菜单,01-How-To/how-to-chat-generate-price-lists-lovart-zh.md
P1-good-candidate,81,01-How-To,zh-TW,(blank),multilingual-cluster,4,1,how-to-chat-generate-price-lists-lovart,how-to-chat-generate-price-lists-lovart,【繁體】 如何 Chat-Generate Price Lists with Lovart — Service Menus That Sell,01-How-To/how-to-chat-generate-price-lists-lovart-zhtw.md
P1-good-candidate,81,01-How-To,ja,(blank),multilingual-cluster,4,1,how-to-chat-generate-product-photography-lovart,how-to-chat-generate-product-photography-lovart,【日本語】 方法 Chat-Generate Product Photography — Lovart Agent Workflow,01-How-To/how-to-chat-generate-product-photography-lovart-ja.md
P1-good-candidate,81,01-How-To,zh,(blank),multilingual-cluster,4,1,how-to-chat-generate-product-photography-lovart,how-to-chat-generate-product-photography-lovart,如何通过聊天生成产品摄影 — Lovart Agent 工作流程,01-How-To/how-to-chat-generate-product-photography-lovart-zh.md
P1-good-candidate,81,01-How-To,zh-TW,(blank),multilingual-cluster,4,1,how-to-chat-generate-product-photography-lovart,how-to-chat-generate-product-photography-lovart,【繁體】 如何 Chat-Generate Product Photography — Lovart Agent Workflow,01-How-To/how-to-chat-generate-product-photography-lovart-zhtw.md
P1-good-candidate,81,01-How-To,ja,(blank),multilingual-cluster,4,1,how-to-chat-generate-reels-lovart,how-to-chat-generate-reels-lovart,【日本語】 方法 Chat-Generate Reels Covers with Lovart — Sトップ the Scroll in 0.3 Seconds,01-How-To/how-to-chat-generate-reels-lovart-ja.md
P1-good-candidate,81,01-How-To,zh,(blank),multilingual-cluster,4,1,how-to-chat-generate-reels-lovart-zh,how-to-chat-generate-reels-lovart,如何用 Lovart 聊天生成 Reels 封面——在 0.3 秒内阻止滑动,01-How-To/how-to-chat-generate-reels-lovart-zh.md
P1-good-candidate,81,01-How-To,zh-TW,(blank),multilingual-cluster,4,1,how-to-chat-generate-reels-lovart,how-to-chat-generate-reels-lovart,【繁體】 如何 Chat-Generate Reels Covers with Lovart — S頂級 the Scroll in 0.3 Seconds,01-How-To/how-to-chat-generate-reels-lovart-zhtw.md
P1-good-candidate,81,01-How-To,ja,(blank),multilingual-cluster,4,1,how-to-chat-generate-restaurant-menu-lovart,how-to-chat-generate-restaurant-menu-lovart,【日本語】 方法 Chat-Generate a Restaurant Menu — Lovart Agent Workflow,01-How-To/how-to-chat-generate-restaurant-menu-lovart-ja.md
P1-good-candidate,81,01-How-To,zh,(blank),multilingual-cluster,4,1,how-to-chat-generate-restaurant-menu-lovart,how-to-chat-generate-restaurant-menu-lovart,如何通过聊天生成餐厅菜单 — Lovart 智能体工作流,01-How-To/how-to-chat-generate-restaurant-menu-lovart-zh.md
P1-good-candidate,81,01-How-To,zh-TW,(blank),multilingual-cluster,4,1,how-to-chat-generate-restaurant-menu-lovart,how-to-chat-generate-restaurant-menu-lovart,【繁體】 如何 Chat-Generate a Restaurant Menu — Lovart Agent Workflow,01-How-To/how-to-chat-generate-restaurant-menu-lovart-zhtw.md
P1-good-candidate,81,01-How-To,ja,(blank),multilingual-cluster,4,1,how-to-chat-generate-sales-deck-lovart,how-to-chat-generate-sales-deck-lovart,【日本語】 方法 Chat-Generate Sales Decks with Lovart — Pitch Decks That Close Deals,01-How-To/how-to-chat-generate-sales-deck-lovart-ja.md
P1-good-candidate,81,01-How-To,zh,(blank),multilingual-cluster,4,1,how-to-chat-generate-sales-deck-lovart,how-to-chat-generate-sales-deck-lovart,如何使用 Lovart 通过聊天生成销售演示文稿——能促成交易的 Pitch Deck,01-How-To/how-to-chat-generate-sales-deck-lovart-zh.md
P1-good-candidate,81,01-How-To,zh-TW,(blank),multilingual-cluster,4,1,how-to-chat-generate-sales-deck-lovart,how-to-chat-generate-sales-deck-lovart,【繁體】 如何 Chat-Generate Sales Decks with Lovart — Pitch Decks That Close Deals,01-How-To/how-to-chat-generate-sales-deck-lovart-zhtw.md
P1-good-candidate,81,01-How-To,ja,(blank),multilingual-cluster,4,1,how-to-chat-generate-slide-deck-lovart,how-to-chat-generate-slide-deck-lovart,【日本語】 方法 Chat-Generate Slide Decks with Lovart — Presentations That Don't Put People to Sleep,01-How-To/how-to-chat-generate-slide-deck-lovart-ja.md
P1-good-candidate,81,01-How-To,zh,(blank),multilingual-cluster,4,1,how-to-chat-generate-slide-deck-lovart,how-to-chat-generate-slide-deck-lovart,如何通过聊天用Lovart生成幻灯片——告别枯燥乏味的演示,01-How-To/how-to-chat-generate-slide-deck-lovart-zh.md
P1-good-candidate,81,01-How-To,zh-TW,(blank),multilingual-cluster,4,1,how-to-chat-generate-slide-deck-lovart,how-to-chat-generate-slide-deck-lovart,【繁體】 如何 Chat-Generate Slide Decks with Lovart — Presentations That Don't Put People to Sleep,01-How-To/how-to-chat-generate-slide-deck-lovart-zhtw.md
P1-good-candidate,81,01-How-To,ja,(blank),multilingual-cluster,4,1,how-to-chat-generate-table-tents-lovart,how-to-chat-generate-table-tents-lovart,【日本語】 方法 Chat-Generate Table Tents with Lovart — Restaurant and Event Signage in Minutes,01-How-To/how-to-chat-generate-table-tents-lovart-ja.md
P1-good-candidate,81,01-How-To,zh,(blank),multilingual-cluster,4,1,how-to-chat-generate-table-tents-lovart,how-to-chat-generate-table-tents-lovart,如何通过聊天用Lovart生成桌牌 — 几分钟搞定餐厅和活动标识,01-How-To/how-to-chat-generate-table-tents-lovart-zh.md
P1-good-candidate,81,01-How-To,zh-TW,(blank),multilingual-cluster,4,1,how-to-chat-generate-table-tents-lovart,how-to-chat-generate-table-tents-lovart,【繁體】 如何 Chat-Generate Table Tents with Lovart — Restaurant and Event Signage in Minutes,01-How-To/how-to-chat-generate-table-tents-lovart-zhtw.md
P1-good-candidate,81,01-How-To,ja,(blank),multilingual-cluster,4,1,how-to-chat-generate-tiktok-ads-lovart,how-to-chat-generate-tiktok-ads-lovart,【日本語】 方法 Chat-Generate TikTok Ads with Lovart — Spark Ads and In-Feed クリエイティブs,01-How-To/how-to-chat-generate-tiktok-ads-lovart-ja.md
P1-good-candidate,81,01-How-To,zh,(blank),multilingual-cluster,4,1,how-to-chat-generate-tiktok-ads-lovart,how-to-chat-generate-tiktok-ads-lovart,如何通过聊天用Lovart生成TikTok广告——Spark Ads和信息流创意,01-How-To/how-to-chat-generate-tiktok-ads-lovart-zh.md
P1-good-candidate,81,01-How-To,zh-TW,(blank),multilingual-cluster,4,1,how-to-chat-generate-tiktok-ads-lovart,how-to-chat-generate-tiktok-ads-lovart,【繁體】 如何 Chat-Generate TikTok Ads with Lovart — Spark Ads and In-Feed 創意s,01-How-To/how-to-chat-generate-tiktok-ads-lovart-zhtw.md
P1-good-candidate,81,01-How-To,ja,(blank),multilingual-cluster,4,1,how-to-chat-generate-ui-layout-lovart,how-to-chat-generate-ui-layout-lovart,【日本語】 方法 Chat-Generate UI Layouts with Lovart — From Wireframe to High-Fidelity in Minutes,01-How-To/how-to-chat-generate-ui-layout-lovart-ja.md
P1-good-candidate,81,01-How-To,zh,(blank),multilingual-cluster,4,1,how-to-chat-generate-ui-layout-lovart,how-to-chat-generate-ui-layout-lovart,如何通过聊天用Lovart生成UI布局——从线框图到高保真只需几分钟,01-How-To/how-to-chat-generate-ui-layout-lovart-zh.md
P1-good-candidate,81,01-How-To,zh-TW,(blank),multilingual-cluster,4,1,how-to-chat-generate-ui-layout-lovart,how-to-chat-generate-ui-layout-lovart,【繁體】 如何 Chat-Generate UI Layouts with Lovart — From Wireframe to High-Fidelity in Minutes,01-How-To/how-to-chat-generate-ui-layout-lovart-zhtw.md
P1-good-candidate,81,01-How-To,ja,(blank),multilingual-cluster,4,1,how-to-chat-generate-youtube-thumbnail-lovart,how-to-chat-generate-youtube-thumbnail-lovart,【日本語】 方法 Chat-Generate YouTube Thumbnails — Lovart Agent Workflow,01-How-To/how-to-chat-generate-youtube-thumbnail-lovart-ja.md
P1-good-candidate,81,01-How-To,zh,(blank),multilingual-cluster,4,1,how-to-chat-generate-youtube-thumbnail-lovart,how-to-chat-generate-youtube-thumbnail-lovart,如何通过聊天生成YouTube缩略图 — Lovart Agent工作流,01-How-To/how-to-chat-generate-youtube-thumbnail-lovart-zh.md
P1-good-candidate,81,01-How-To,zh-TW,(blank),multilingual-cluster,4,1,how-to-chat-generate-youtube-thumbnail-lovart,how-to-chat-generate-youtube-thumbnail-lovart,【繁體】 如何 Chat-Generate YouTube Thumbnails — Lovart Agent Workflow,01-How-To/how-to-chat-generate-youtube-thumbnail-lovart-zhtw.md
P1-good-candidate,81,01-How-To,ja,(blank),multilingual-cluster,4,1,how-to-create-ai-design-brief-that-works,how-to-create-ai-design-brief-that-works,【日本語】 方法 Create an AI デザイン Brief That Actually Works — Templates & Examples,01-How-To/how-to-create-ai-design-brief-that-works-ja.md
P1-good-candidate,81,01-How-To,zh-TW,(blank),multilingual-cluster,4,1,how-to-create-ai-design-brief-that-works,how-to-create-ai-design-brief-that-works,【繁體】 如何 Create an AI 設計 Brief That Actually Works — Templates & Examples,01-How-To/how-to-create-ai-design-brief-that-works-zhtw.md
P1-good-candidate,81,01-How-To,ja,(blank),multilingual-cluster,4,1,how-to-create-ai-design-style-guide,how-to-create-ai-design-style-guide,【日本語】 方法 Create an AI デザイン Style ガイド — Consistency Across Every Output,01-How-To/how-to-create-ai-design-style-guide-ja.md
P1-good-candidate,81,01-How-To,zh-TW,(blank),multilingual-cluster,4,1,how-to-create-ai-design-style-guide,how-to-create-ai-design-style-guide,【繁體】 如何 Create an AI 設計 Style 指南 — Consistency Across Every Output,01-How-To/how-to-create-ai-design-style-guide-zhtw.md
P1-good-candidate,81,01-How-To,ja,(blank),multilingual-cluster,4,1,how-to-create-real-estate-marketing-materials-ai,how-to-create-real-estate-marketing-materials-ai,"【日本語】 方法 Create Real Estate マーケティング Materials with AI — Flyers, Listings & Virtual Tours",01-How-To/how-to-create-real-estate-marketing-materials-ai-ja.md
P1-good-candidate,81,01-How-To,zh,(blank),multilingual-cluster,4,1,how-to-create-real-estate-marketing-materials-ai-zh,how-to-create-real-estate-marketing-materials-ai,如何用AI制作房地产营销材料——传单、房源列表与虚拟看房,01-How-To/how-to-create-real-estate-marketing-materials-ai-zh.md
P1-good-candidate,81,01-How-To,zh-TW,(blank),multilingual-cluster,4,1,how-to-create-real-estate-marketing-materials-ai,how-to-create-real-estate-marketing-materials-ai,"【繁體】 如何 Create Real Estate 行銷 Materials with AI — Flyers, Listings & Virtual Tours",01-How-To/how-to-create-real-estate-marketing-materials-ai-zhtw.md
P1-good-candidate,81,01-How-To,ja,(blank),multilingual-cluster,4,1,how-to-design-brand-small-business-ai,how-to-design-brand-small-business-ai,【日本語】 方法 デザイン a ブランド for Your Small Business with AI — 完全 Startup ガイド,01-How-To/how-to-design-brand-small-business-ai-ja.md
P1-good-candidate,81,01-How-To,zh,(blank),multilingual-cluster,4,1,how-to-design-brand-small-business-ai,how-to-design-brand-small-business-ai,如何用AI为你的小企业设计品牌——完整创业指南,01-How-To/how-to-design-brand-small-business-ai-zh.md
P1-good-candidate,81,01-How-To,zh-TW,(blank),multilingual-cluster,4,1,how-to-design-brand-small-business-ai,how-to-design-brand-small-business-ai,【繁體】 如何 設計 a 品牌 for Your Small Business with AI — 完整 Startup 指南,01-How-To/how-to-design-brand-small-business-ai-zhtw.md
P1-good-candidate,81,01-How-To,ja,(blank),multilingual-cluster,4,1,how-to-design-restaurant-menu-brand-ai,how-to-design-restaurant-menu-brand-ai,【日本語】 方法 デザイン a Restaurant Menu & ブランド with AI — From ロゴ to Food Photography,01-How-To/how-to-design-restaurant-menu-brand-ai-ja.md
P1-good-candidate,81,01-How-To,zh,(blank),multilingual-cluster,4,1,how-to-design-restaurant-menu-brand-ai-zh,how-to-design-restaurant-menu-brand-ai,如何用AI设计餐厅菜单与品牌——从Logo到美食摄影,01-How-To/how-to-design-restaurant-menu-brand-ai-zh.md
P1-good-candidate,81,01-How-To,zh-TW,(blank),multilingual-cluster,4,1,how-to-design-restaurant-menu-brand-ai,how-to-design-restaurant-menu-brand-ai,【繁體】 如何 設計 a Restaurant Menu & 品牌 with AI — From Logo to Food Photography,01-How-To/how-to-design-restaurant-menu-brand-ai-zhtw.md
P1-good-candidate,81,01-How-To,ja,(blank),multilingual-cluster,4,1,how-to-detect-ai-generated-content-design,how-to-detect-ai-generated-content-design,【日本語】 方法 Detect AI-Generated デザイン — And Why It Matters for Your ブランド,01-How-To/how-to-detect-ai-generated-content-design-ja.md
P1-good-candidate,81,01-How-To,zh-TW,(blank),multilingual-cluster,4,1,how-to-detect-ai-generated-content-design,how-to-detect-ai-generated-content-design,【繁體】 如何 Detect AI-Generated 設計 — And Why It Matters for Your 品牌,01-How-To/how-to-detect-ai-generated-content-design-zhtw.md
P1-good-candidate,81,01-How-To,ja,(blank),multilingual-cluster,4,1,how-to-use-ai-for-brand-refresh-rebrand,how-to-use-ai-for-brand-refresh-rebrand,【日本語】 方法 Use AI for a ブランド Refresh — 完全 Reブランド Without an Agency,01-How-To/how-to-use-ai-for-brand-refresh-rebrand-ja.md
P1-good-candidate,81,01-How-To,zh,(blank),multilingual-cluster,4,1,how-to-use-ai-for-brand-refresh-rebrand-zh,how-to-use-ai-for-brand-refresh-rebrand,如何用AI进行品牌焕新——无需代理商的完整重塑指南,01-How-To/how-to-use-ai-for-brand-refresh-rebrand-zh.md
P1-good-candidate,81,01-How-To,zh-TW,(blank),multilingual-cluster,4,1,how-to-use-ai-for-brand-refresh-rebrand,how-to-use-ai-for-brand-refresh-rebrand,【繁體】 如何 Use AI for a 品牌 Refresh — 完整 Re品牌 Without an Agency,01-How-To/how-to-use-ai-for-brand-refresh-rebrand-zhtw.md
P1-good-candidate,81,01-How-To,ja,(blank),multilingual-cluster,4,1,S19-ai-design-enterprise-cto-guide-ja,s19-ai-design-enterprise-cto-guide,AI Design for Enterprise: A CTO's Complete Guide to AI-Powered Creative Teams,01-How-To/S19-ai-design-enterprise-cto-guide-ja.md
P1-good-candidate,81,01-How-To,zh-TW,(blank),multilingual-cluster,4,1,S19-ai-design-enterprise-cto-guide-zhtw,s19-ai-design-enterprise-cto-guide,AI Design for Enterprise: A CTO's Complete Guide to AI-Powered Creative Teams,01-How-To/S19-ai-design-enterprise-cto-guide-zhtw.md
P1-good-candidate,81,01-How-To,ja,(blank),multilingual-cluster,4,1,S28 - ai-workflow-automation-guide-ja,s28 - ai-workflow-automation-guide,AI Design Workflow Automation: From Brief to Delivery in Minutes,01-How-To/S28 - ai-workflow-automation-guide-ja.md
P1-good-candidate,81,01-How-To,zh,(blank),multilingual-cluster,4,1,S28 - ai-workflow-automation-guide-zh,s28 - ai-workflow-automation-guide,AI 设计工作流自动化：从需求到交付只需几分钟,01-How-To/S28 - ai-workflow-automation-guide-zh.md
P1-good-candidate,81,01-How-To,zh-TW,(blank),multilingual-cluster,4,1,S28 - ai-workflow-automation-guide-zhtw,s28 - ai-workflow-automation-guide,AI Design Workflow Automation: From Brief to Delivery in Minutes,01-How-To/S28 - ai-workflow-automation-guide-zhtw.md
P1-good-candidate,81,01-How-To,ja,(blank),multilingual-cluster,4,1,S29 - how-lovart-ai-works-behind-scenes-ja,s29 - how-lovart-ai-works-behind-scenes,Behind the Scenes: How Lovart's AI Actually Works (A Non-Technical Guide),01-How-To/S29 - how-lovart-ai-works-behind-scenes-ja.md
P1-good-candidate,81,01-How-To,zh-TW,(blank),multilingual-cluster,4,1,S29 - how-lovart-ai-works-behind-scenes-zhtw,s29 - how-lovart-ai-works-behind-scenes,Behind the Scenes: How Lovart's AI Actually Works (A Non-Technical Guide),01-How-To/S29 - how-lovart-ai-works-behind-scenes-zhtw.md
P1-good-candidate,81,01-How-To,en,(blank),multilingual-cluster,4,1,text-to-speech-elearning-course-creators-2026,text-to-speech-elearning-course-creators-2026,Text-to-Speech for E-Learning — Create Professional Course Audio with AI,01-How-To/text-to-speech-elearning-course-creators-2026.md
P1-good-candidate,81,03-Industry-Segment,ja,(blank),multilingual-cluster,4,1,ai-design-for-photographers-2026,ai-design-for-photographers-2026,"【日本語】 AI デザイン for Photographers — Pricing ガイドs, Portfolios & Client Workflows",03-Industry-Segment/ai-design-for-photographers-2026-ja.md
P1-good-candidate,81,03-Industry-Segment,zh-TW,(blank),multilingual-cluster,4,1,ai-design-for-photographers-2026,ai-design-for-photographers-2026,"【繁體】 AI 設計 for Photographers — Pricing 指南s, Portfolios & Client Workflows",03-Industry-Segment/ai-design-for-photographers-2026-zhtw.md
P1-good-candidate,81,08-Best-Practice,en,(blank),multilingual-cluster,4,1,5-minute-workflow-busy-founders-ai-design,5-minute-workflow-busy-founders-ai-design,,08-Best-Practice/5-minute-workflow-busy-founders-ai-design.md
P1-good-candidate,81,08-Best-Practice,en,(blank),multilingual-cluster,6,1,auto-resize-multi-platform-workflow-ai,auto-resize-multi-platform-workflow-ai,"Auto-Resize Multi-Platform Workflow — One Design, Every Social Platform",08-Best-Practice/auto-resize-multi-platform-workflow-ai.md
P1-good-candidate,81,08-Best-Practice,en,(blank),multilingual-cluster,4,1,bing-seo-optimization-checklist,bing-seo-optimization-checklist,Bing SEO Optimization Checklist — Lovart Internal Playbook,08-Best-Practice/bing-seo-optimization-checklist.md
P1-good-candidate,81,08-Best-Practice,en,(blank),multilingual-cluster,4,1,pricing-page-meta-optimization,pricing-page-meta-optimization,Pricing Page Meta Optimization Record — Lovart,08-Best-Practice/pricing-page-meta-optimization.md
P1-good-candidate,81,09-Better-Design,en,(blank),multilingual-cluster,4,1,how-to-create-text-art-ascii-typography-ai,how-to-create-text-art-ascii-typography-ai,"How to Create Text Art, ASCII Art & Typography Designs with AI",09-Better-Design/how-to-create-text-art-ascii-typography-ai.md
P1-good-candidate,81,11-Programmatic-SEO,en,(blank),multilingual-cluster,4,1,brand-kit-accountant-lovart,brand-kit-accountant-lovart,How to Create a Brand Kit for Your Accounting Practice,11-Programmatic-SEO/brand-kit-accountant-lovart.md
P1-good-candidate,81,11-Programmatic-SEO,en,(blank),multilingual-cluster,4,1,brand-kit-architect-lovart,brand-kit-architect-lovart,How to Create a Brand Kit for Your Architecture Firm,11-Programmatic-SEO/brand-kit-architect-lovart.md
P1-good-candidate,81,11-Programmatic-SEO,en,(blank),multilingual-cluster,4,1,brand-kit-attorney-lovart,brand-kit-attorney-lovart,How to Create a Brand Kit for Your Law Practice,11-Programmatic-SEO/brand-kit-attorney-lovart.md
P1-good-candidate,81,11-Programmatic-SEO,en,(blank),multilingual-cluster,4,1,brand-kit-bakery-artisan-lovart,brand-kit-bakery-artisan-lovart,How to Create a Brand Kit for Your Artisan Bakery,11-Programmatic-SEO/brand-kit-bakery-artisan-lovart.md
P1-good-candidate,81,11-Programmatic-SEO,en,(blank),multilingual-cluster,4,1,brand-kit-barber-shop-lovart,brand-kit-barber-shop-lovart,How to Create a Brand Kit for Your Barber Shop,11-Programmatic-SEO/brand-kit-barber-shop-lovart.md
P1-good-candidate,81,11-Programmatic-SEO,en,(blank),multilingual-cluster,4,1,brand-kit-barre-studio-lovart,brand-kit-barre-studio-lovart,How to Create a Brand Kit for Your Barre Studio,11-Programmatic-SEO/brand-kit-barre-studio-lovart.md
P1-good-candidate,81,11-Programmatic-SEO,en,(blank),multilingual-cluster,4,1,brand-kit-beauty-salon-spa-lovart,brand-kit-beauty-salon-spa-lovart,How to Create a Brand Kit for Your Beauty Salon or Spa — Elegant Visual Identity,11-Programmatic-SEO/brand-kit-beauty-salon-spa-lovart.md
P1-good-candidate,81,11-Programmatic-SEO,en,(blank),multilingual-cluster,4,1,brand-kit-brow-studio-lovart,brand-kit-brow-studio-lovart,How to Create a Brand Kit for Your Brow Studio,11-Programmatic-SEO/brand-kit-brow-studio-lovart.md
P1-good-candidate,81,11-Programmatic-SEO,en,(blank),multilingual-cluster,4,1,brand-kit-candle-maker-lovart,brand-kit-candle-maker-lovart,How to Create a Brand Kit for Your Candle Maker Business,11-Programmatic-SEO/brand-kit-candle-maker-lovart.md
P1-good-candidate,81,11-Programmatic-SEO,en,(blank),multilingual-cluster,4,1,brand-kit-catering-lovart,brand-kit-catering-lovart,How to Create a Brand Kit for Your Catering Business,11-Programmatic-SEO/brand-kit-catering-lovart.md
P1-good-candidate,81,11-Programmatic-SEO,en,(blank),multilingual-cluster,4,1,brand-kit-clothing-boutique-lovart,brand-kit-clothing-boutique-lovart,How to Create a Brand Kit for Your Clothing Boutique,11-Programmatic-SEO/brand-kit-clothing-boutique-lovart.md
P1-good-candidate,81,11-Programmatic-SEO,en,(blank),multilingual-cluster,4,1,brand-kit-crossfit-box-lovart,brand-kit-crossfit-box-lovart,How to Create a Brand Kit for Your CrossFit Box,11-Programmatic-SEO/brand-kit-crossfit-box-lovart.md
P1-good-candidate,81,11-Programmatic-SEO,en,(blank),multilingual-cluster,4,1,brand-kit-cycling-studio-lovart,brand-kit-cycling-studio-lovart,How to Create a Brand Kit for Your Cycling Studio,11-Programmatic-SEO/brand-kit-cycling-studio-lovart.md
P1-good-candidate,81,11-Programmatic-SEO,en,(blank),multilingual-cluster,4,1,brand-kit-dance-studio-lovart,brand-kit-dance-studio-lovart,How to Create a Brand Kit for Your Dance Studio,11-Programmatic-SEO/brand-kit-dance-studio-lovart.md
P1-good-candidate,81,11-Programmatic-SEO,en,(blank),multilingual-cluster,4,1,brand-kit-dentist-lovart,brand-kit-dentist-lovart,How to Create a Brand Kit for Your Dental Practice,11-Programmatic-SEO/brand-kit-dentist-lovart.md
P1-good-candidate,81,11-Programmatic-SEO,en,(blank),multilingual-cluster,4,1,brand-kit-doctor-lovart,brand-kit-doctor-lovart,How to Create a Brand Kit for Your Medical Practice,11-Programmatic-SEO/brand-kit-doctor-lovart.md
P1-good-candidate,81,11-Programmatic-SEO,en,(blank),multilingual-cluster,4,1,brand-kit-ecommerce-store-lovart,brand-kit-ecommerce-store-lovart,How to Create a Brand Kit for Your E-commerce Store — Consistent Product Branding,11-Programmatic-SEO/brand-kit-ecommerce-store-lovart.md
P1-good-candidate,81,11-Programmatic-SEO,en,(blank),multilingual-cluster,4,1,brand-kit-fitness-gym-lovart,brand-kit-fitness-gym-lovart,How to Create a Brand Kit for Your Fitness Studio or Gym — Energetic Visual Identity,11-Programmatic-SEO/brand-kit-fitness-gym-lovart.md
P1-good-candidate,81,11-Programmatic-SEO,en,(blank),multilingual-cluster,4,1,brand-kit-furniture-maker-lovart,brand-kit-furniture-maker-lovart,How to Create a Brand Kit for Your Furniture Maker Business,11-Programmatic-SEO/brand-kit-furniture-maker-lovart.md
P1-good-candidate,81,11-Programmatic-SEO,en,(blank),multilingual-cluster,4,1,brand-kit-lash-studio-lovart,brand-kit-lash-studio-lovart,How to Create a Brand Kit for Your Lash Studio,11-Programmatic-SEO/brand-kit-lash-studio-lovart.md
P1-good-candidate,81,11-Programmatic-SEO,en,(blank),multilingual-cluster,4,1,brand-kit-martial-arts-lovart,brand-kit-martial-arts-lovart,How to Create a Brand Kit for Your Martial Arts School,11-Programmatic-SEO/brand-kit-martial-arts-lovart.md
P1-good-candidate,81,11-Programmatic-SEO,en,(blank),multilingual-cluster,4,1,brand-kit-massage-therapy-lovart,brand-kit-massage-therapy-lovart,How to Create a Brand Kit for Your Massage Therapy Practice,11-Programmatic-SEO/brand-kit-massage-therapy-lovart.md
P1-good-candidate,81,11-Programmatic-SEO,en,(blank),multilingual-cluster,4,1,brand-kit-patisserie-lovart,brand-kit-patisserie-lovart,How to Create a Brand Kit for Your Patisserie,11-Programmatic-SEO/brand-kit-patisserie-lovart.md
P1-good-candidate,81,11-Programmatic-SEO,en,(blank),multilingual-cluster,4,1,brand-kit-permanent-makeup-lovart,brand-kit-permanent-makeup-lovart,How to Create a Brand Kit for Your Permanent Makeup Studio,11-Programmatic-SEO/brand-kit-permanent-makeup-lovart.md
P1-good-candidate,81,11-Programmatic-SEO,en,(blank),multilingual-cluster,4,1,brand-kit-piercing-studio-lovart,brand-kit-piercing-studio-lovart,How to Create a Brand Kit for Your Piercing Studio,11-Programmatic-SEO/brand-kit-piercing-studio-lovart.md
P1-good-candidate,81,11-Programmatic-SEO,en,(blank),multilingual-cluster,4,1,brand-kit-pottery-studio-lovart,brand-kit-pottery-studio-lovart,How to Create a Brand Kit for Your Pottery Studio,11-Programmatic-SEO/brand-kit-pottery-studio-lovart.md
P1-good-candidate,81,11-Programmatic-SEO,en,(blank),multilingual-cluster,4,1,brand-kit-real-estate-agent-lovart,brand-kit-real-estate-agent-lovart,How to Create a Brand Kit for Real Estate Agents — Professional Trust-Building Visuals,11-Programmatic-SEO/brand-kit-real-estate-agent-lovart.md
P1-good-candidate,81,11-Programmatic-SEO,en,(blank),multilingual-cluster,4,1,brand-kit-restaurant-cafe-lovart,brand-kit-restaurant-cafe-lovart,"How to Create a Brand Kit for Your Restaurant or Cafe — Colors, Fonts & Templates",11-Programmatic-SEO/brand-kit-restaurant-cafe-lovart.md
P1-good-candidate,81,11-Programmatic-SEO,en,(blank),multilingual-cluster,4,1,brand-kit-sneaker-reseller-lovart,brand-kit-sneaker-reseller-lovart,How to Create a Brand Kit for Your Sneaker Reseller Business,11-Programmatic-SEO/brand-kit-sneaker-reseller-lovart.md
P1-good-candidate,81,11-Programmatic-SEO,en,(blank),multilingual-cluster,4,1,brand-kit-soap-maker-lovart,brand-kit-soap-maker-lovart,How to Create a Brand Kit for Your Soap Maker Business,11-Programmatic-SEO/brand-kit-soap-maker-lovart.md
P1-good-candidate,81,11-Programmatic-SEO,en,(blank),multilingual-cluster,4,1,brand-kit-sushi-restaurant-lovart,brand-kit-sushi-restaurant-lovart,How to Create a Brand Kit for Your Sushi Restaurant,11-Programmatic-SEO/brand-kit-sushi-restaurant-lovart.md
P1-good-candidate,81,11-Programmatic-SEO,en,(blank),multilingual-cluster,4,1,brand-kit-swim-school-lovart,brand-kit-swim-school-lovart,How to Create a Brand Kit for Your Swim School,11-Programmatic-SEO/brand-kit-swim-school-lovart.md
P1-good-candidate,81,11-Programmatic-SEO,en,(blank),multilingual-cluster,4,1,brand-kit-tattoo-studio-lovart,brand-kit-tattoo-studio-lovart,How to Create a Brand Kit for Your Tattoo Studio,11-Programmatic-SEO/brand-kit-tattoo-studio-lovart.md
P1-good-candidate,81,11-Programmatic-SEO,en,(blank),multilingual-cluster,4,1,brand-kit-veterinarian-lovart,brand-kit-veterinarian-lovart,How to Create a Brand Kit for Your Veterinary Practice,11-Programmatic-SEO/brand-kit-veterinarian-lovart.md
P1-good-candidate,81,11-Programmatic-SEO,en,(blank),multilingual-cluster,4,1,brand-kit-vintage-shop-lovart,brand-kit-vintage-shop-lovart,How to Create a Brand Kit for Your Vintage Shop,11-Programmatic-SEO/brand-kit-vintage-shop-lovart.md
P1-good-candidate,81,11-Programmatic-SEO,en,(blank),multilingual-cluster,4,1,brand-kit-waxing-studio-lovart,brand-kit-waxing-studio-lovart,How to Create a Brand Kit for Your Waxing Studio,11-Programmatic-SEO/brand-kit-waxing-studio-lovart.md
P1-good-candidate,79,01-How-To,ja,(blank),multilingual-cluster,4,1,01-pillar-ai-ecommerce-visuals-ja,01-pillar-ai-ecommerce-visuals,AI for E-Commerce: Visual Content That Converts (2026 Guide),01-How-To/01-pillar-ai-ecommerce-visuals-ja.md
P1-good-candidate,79,01-How-To,zh-TW,(blank),multilingual-cluster,4,1,01-pillar-ai-ecommerce-visuals-zhtw,01-pillar-ai-ecommerce-visuals,AI for E-Commerce: Visual Content That Converts (2026 Guide),01-How-To/01-pillar-ai-ecommerce-visuals-zhtw.md
P1-good-candidate,79,01-How-To,ja,(blank),multilingual-cluster,6,1,01-pillar-ai-video-generation-101-ja,01-pillar-ai-video-generation-101,AI Video Generation 101: The Complete Guide to Creating Videos with AI (2026),01-How-To/01-pillar-ai-video-generation-101-ja.md
P1-good-candidate,79,01-How-To,zh-TW,(blank),multilingual-cluster,6,1,01-pillar-ai-video-generation-101-zhtw,01-pillar-ai-video-generation-101,AI Video Generation 101: The Complete Guide to Creating Videos with AI (2026),01-How-To/01-pillar-ai-video-generation-101-zhtw.md
P1-good-candidate,79,01-How-To,ja,(blank),multilingual-cluster,4,1,02-cluster-shopify-product-images-ja,02-cluster-shopify-product-images,Shopify Product Images: AI-Generated vs Professional Photography (2026),01-How-To/02-cluster-shopify-product-images-ja.md
P1-good-candidate,79,01-How-To,zh,(blank),multilingual-cluster,4,1,02-cluster-shopify-product-images-zh,02-cluster-shopify-product-images,Shopify 产品图片：AI 生成 vs 专业摄影（2026）,01-How-To/02-cluster-shopify-product-images-zh.md
P1-good-candidate,79,01-How-To,zh-TW,(blank),multilingual-cluster,4,1,02-cluster-shopify-product-images-zhtw,02-cluster-shopify-product-images,Shopify Product Images: AI-Generated vs Professional Photography (2026),01-How-To/02-cluster-shopify-product-images-zhtw.md
P1-good-candidate,79,01-How-To,zh,(blank),multilingual-cluster,4,1,02-wiki-chatcanvas-guide-zh,02-wiki-chatcanvas-guide,ChatCanvas 完整操作指南：掌握对话式 AI 设计,01-How-To/02-wiki-chatcanvas-guide-zh.md
P1-good-candidate,79,01-How-To,ja,(blank),multilingual-cluster,6,1,04-cluster-best-ai-video-generators-ja,04-cluster-best-ai-video-generators,Best AI Video Generators Compared: The Ultimate 2026 Guide,01-How-To/04-cluster-best-ai-video-generators-ja.md
P1-good-candidate,79,01-How-To,zh,(blank),multilingual-cluster,6,1,04-cluster-best-ai-video-generators-zh,04-cluster-best-ai-video-generators,最佳AI视频生成器对比：2026终极指南,01-How-To/04-cluster-best-ai-video-generators-zh.md
P1-good-candidate,79,01-How-To,zh-TW,(blank),multilingual-cluster,6,1,04-cluster-best-ai-video-generators-zhtw,04-cluster-best-ai-video-generators,Best AI Video Generators Compared: The Ultimate 2026 Guide,01-How-To/04-cluster-best-ai-video-generators-zhtw.md
P1-good-candidate,79,01-How-To,zh,(blank),multilingual-cluster,2,1,07-ai-voice-text-to-speech-guide-2026-zh,07-ai-voice-text-to-speech-guide-2026,AI 语音与文本转语音指南 — 无需录音棚即可生成专业配音,01-How-To/07-ai-voice-text-to-speech-guide-2026-zh.md
P1-good-candidate,79,01-How-To,zh,(blank),multilingual-cluster,4,1,10-best-ai-design-tools-small-business-2026-zh,10-best-ai-design-tools-small-business-2026,2026年小企业十大最佳AI设计工具：预算内的品牌塑造、营销与增长,01-How-To/10-best-ai-design-tools-small-business-2026-zh.md
P1-good-candidate,79,01-How-To,ja,(blank),multilingual-cluster,4,1,10-best-ai-print-design-tools-2026-ja,10-best-ai-print-design-tools-2026,"10 Best AI Print Design Tools in 2026: Flyers, Business Cards, Invitations & More",01-How-To/10-best-ai-print-design-tools-2026-ja.md
P1-good-candidate,79,01-How-To,zh,(blank),multilingual-cluster,4,1,10-best-ai-print-design-tools-2026-zh,10-best-ai-print-design-tools-2026,2026年十大最佳AI印刷设计工具：传单、名片、邀请函等,01-How-To/10-best-ai-print-design-tools-2026-zh.md
P1-good-candidate,79,01-How-To,zh-TW,(blank),multilingual-cluster,4,1,10-best-ai-print-design-tools-2026-zhtw,10-best-ai-print-design-tools-2026,"10 Best AI Print Design Tools in 2026: Flyers, Business Cards, Invitations & More",01-How-To/10-best-ai-print-design-tools-2026-zhtw.md
P1-good-candidate,79,01-How-To,zh,(blank),multilingual-cluster,4,1,15-best-free-ai-design-tools-2026-zh,15-best-free-ai-design-tools-2026,2026年15款最佳免费AI设计工具：无需付费，专业级效果,01-How-To/15-best-free-ai-design-tools-2026-zh.md
P1-good-candidate,79,01-How-To,ja,(blank),multilingual-cluster,4,1,5-best-ai-movie-poster-generators-2026-ja,5-best-ai-movie-poster-generators-2026,5 Best AI Movie Poster Generators in 2026: Cinematic Poster Design Without a Hollywood Budget,01-How-To/5-best-ai-movie-poster-generators-2026-ja.md
P1-good-candidate,79,01-How-To,zh,(blank),multilingual-cluster,4,1,5-best-ai-movie-poster-generators-2026-zh,5-best-ai-movie-poster-generators-2026,2026年五大最佳AI电影海报生成器：无需好莱坞预算，打造电影级海报设计,01-How-To/5-best-ai-movie-poster-generators-2026-zh.md
P1-good-candidate,79,01-How-To,zh-TW,(blank),multilingual-cluster,4,1,5-best-ai-movie-poster-generators-2026-zhtw,5-best-ai-movie-poster-generators-2026,5 Best AI Movie Poster Generators in 2026: Cinematic Poster Design Without a Hollywood Budget,01-How-To/5-best-ai-movie-poster-generators-2026-zhtw.md
P1-good-candidate,79,01-How-To,ja,(blank),multilingual-cluster,4,1,5-best-ai-texture-material-generators-2026-ja,5-best-ai-texture-material-generators-2026,"5 Best AI Texture & Material Generators in 2026: PBR, Seamless & Game-Ready Assets",01-How-To/5-best-ai-texture-material-generators-2026-ja.md
P1-good-candidate,79,01-How-To,zh,(blank),multilingual-cluster,4,1,5-best-ai-texture-material-generators-2026-zh,5-best-ai-texture-material-generators-2026,2026年5大最佳AI纹理与材质生成器：PBR、无缝与游戏就绪资产,01-How-To/5-best-ai-texture-material-generators-2026-zh.md
P1-good-candidate,79,01-How-To,zh-TW,(blank),multilingual-cluster,4,1,5-best-ai-texture-material-generators-2026-zhtw,5-best-ai-texture-material-generators-2026,"5 Best AI Texture & Material Generators in 2026: PBR, Seamless & Game-Ready Assets",01-How-To/5-best-ai-texture-material-generators-2026-zhtw.md
P1-good-candidate,79,01-How-To,ja,(blank),multilingual-cluster,4,1,6-best-ai-body-age-transformation-apps-2026-ja,6-best-ai-body-age-transformation-apps-2026,6 Best AI Body & Age Transformation Apps in 2026: Fitness Visualizer to Facetune Body,01-How-To/6-best-ai-body-age-transformation-apps-2026-ja.md
P1-good-candidate,79,01-How-To,zh,(blank),multilingual-cluster,4,1,6-best-ai-body-age-transformation-apps-2026-zh,6-best-ai-body-age-transformation-apps-2026,2026年最佳6款AI身材与年龄变换应用：从健身可视化到Facetune Body,01-How-To/6-best-ai-body-age-transformation-apps-2026-zh.md
P1-good-candidate,79,01-How-To,zh-TW,(blank),multilingual-cluster,4,1,6-best-ai-body-age-transformation-apps-2026-zhtw,6-best-ai-body-age-transformation-apps-2026,6 Best AI Body & Age Transformation Apps in 2026: Fitness Visualizer to Facetune Body,01-How-To/6-best-ai-body-age-transformation-apps-2026-zhtw.md
P1-good-candidate,79,01-How-To,ja,(blank),multilingual-cluster,4,1,6-best-ai-character-consistency-tools-2026-ja,6-best-ai-character-consistency-tools-2026,6 Best AI Character Consistency Tools in 2026: Keep Your Character Looking the Same Across Every Scene,01-How-To/6-best-ai-character-consistency-tools-2026-ja.md
P1-good-candidate,79,01-How-To,zh,(blank),multilingual-cluster,4,1,6-best-ai-character-consistency-tools-2026-zh,6-best-ai-character-consistency-tools-2026,2026年6大最佳AI角色一致性工具：让你的角色在每个场景中保持相同形象,01-How-To/6-best-ai-character-consistency-tools-2026-zh.md
P1-good-candidate,79,01-How-To,zh-TW,(blank),multilingual-cluster,4,1,6-best-ai-character-consistency-tools-2026-zhtw,6-best-ai-character-consistency-tools-2026,6 Best AI Character Consistency Tools in 2026: Keep Your Character Looking the Same Across Every Scene,01-How-To/6-best-ai-character-consistency-tools-2026-zhtw.md
P1-good-candidate,79,01-How-To,ja,(blank),multilingual-cluster,4,1,6-best-ai-clipart-vector-generators-2026-ja,6-best-ai-clipart-vector-generators-2026,6 Best AI Clipart & Vector Generators in 2026: From Prompt to Scalable Graphics in Seconds,01-How-To/6-best-ai-clipart-vector-generators-2026-ja.md
P1-good-candidate,79,01-How-To,zh,(blank),multilingual-cluster,4,1,6-best-ai-clipart-vector-generators-2026-zh,6-best-ai-clipart-vector-generators-2026,2026年6款最佳AI剪贴画与矢量图生成器：从提示词到可缩放图形，只需数秒,01-How-To/6-best-ai-clipart-vector-generators-2026-zh.md
P1-good-candidate,79,01-How-To,zh-TW,(blank),multilingual-cluster,4,1,6-best-ai-clipart-vector-generators-2026-zhtw,6-best-ai-clipart-vector-generators-2026,6 Best AI Clipart & Vector Generators in 2026: From Prompt to Scalable Graphics in Seconds,01-How-To/6-best-ai-clipart-vector-generators-2026-zhtw.md
P1-good-candidate,79,01-How-To,ja,(blank),multilingual-cluster,4,1,6-best-ai-collage-moodboard-makers-2026-ja,6-best-ai-collage-moodboard-makers-2026,6 Best AI Collage & Moodboard Makers in 2026: From Inspiration to Composition in Minutes,01-How-To/6-best-ai-collage-moodboard-makers-2026-ja.md
P1-good-candidate,79,01-How-To,zh,(blank),multilingual-cluster,4,1,6-best-ai-collage-moodboard-makers-2026-zh,6-best-ai-collage-moodboard-makers-2026,2026年6款最佳AI拼贴与情绪板工具：几分钟内从灵感到构图,01-How-To/6-best-ai-collage-moodboard-makers-2026-zh.md
P1-good-candidate,79,01-How-To,zh-TW,(blank),multilingual-cluster,4,1,6-best-ai-collage-moodboard-makers-2026-zhtw,6-best-ai-collage-moodboard-makers-2026,6 Best AI Collage & Moodboard Makers in 2026: From Inspiration to Composition in Minutes,01-How-To/6-best-ai-collage-moodboard-makers-2026-zhtw.md
P1-good-candidate,79,01-How-To,ja,(blank),multilingual-cluster,4,1,6-best-ai-floor-plan-creators-2026-ja,6-best-ai-floor-plan-creators-2026,6 Best AI Floor Plan Creators in 2026: From Sketch to Professional Blueprint,01-How-To/6-best-ai-floor-plan-creators-2026-ja.md
P1-good-candidate,79,01-How-To,zh,(blank),multilingual-cluster,4,1,6-best-ai-floor-plan-creators-2026-zh,6-best-ai-floor-plan-creators-2026,2026年六大最佳AI户型图创建工具：从草图到专业蓝图,01-How-To/6-best-ai-floor-plan-creators-2026-zh.md
P1-good-candidate,79,01-How-To,zh-TW,(blank),multilingual-cluster,4,1,6-best-ai-floor-plan-creators-2026-zhtw,6-best-ai-floor-plan-creators-2026,6 Best AI Floor Plan Creators in 2026: From Sketch to Professional Blueprint,01-How-To/6-best-ai-floor-plan-creators-2026-zhtw.md
P1-good-candidate,79,01-How-To,ja,(blank),multilingual-cluster,4,1,7-best-ai-animal-pet-portrait-generators-2026-ja,7-best-ai-animal-pet-portrait-generators-2026,7 Best AI Animal & Pet Portrait Generators in 2026: Royal Pet Portraits Without the Painter,01-How-To/7-best-ai-animal-pet-portrait-generators-2026-ja.md
P1-good-candidate,79,01-How-To,zh,(blank),multilingual-cluster,4,1,7-best-ai-animal-pet-portrait-generators-2026-zh,7-best-ai-animal-pet-portrait-generators-2026,2026年7款最佳AI动物与宠物肖像生成器：无需画师，即可拥有皇家宠物肖像,01-How-To/7-best-ai-animal-pet-portrait-generators-2026-zh.md
P1-good-candidate,79,01-How-To,zh-TW,(blank),multilingual-cluster,4,1,7-best-ai-animal-pet-portrait-generators-2026-zhtw,7-best-ai-animal-pet-portrait-generators-2026,7 Best AI Animal & Pet Portrait Generators in 2026: Royal Pet Portraits Without the Painter,01-How-To/7-best-ai-animal-pet-portrait-generators-2026-zhtw.md
P1-good-candidate,79,01-How-To,ja,(blank),multilingual-cluster,4,1,7-best-ai-poster-design-tools-2026-ja,7-best-ai-poster-design-tools-2026,7 Best AI Poster Design Tools in 2026: From Prompt to Print-Ready Poster in Minutes,01-How-To/7-best-ai-poster-design-tools-2026-ja.md
P1-good-candidate,79,01-How-To,zh,(blank),multilingual-cluster,4,1,7-best-ai-poster-design-tools-2026-zh,7-best-ai-poster-design-tools-2026,2026年七大最佳AI海报设计工具：从提示词到可打印海报，几分钟搞定,01-How-To/7-best-ai-poster-design-tools-2026-zh.md
P1-good-candidate,79,01-How-To,zh-TW,(blank),multilingual-cluster,4,1,7-best-ai-poster-design-tools-2026-zhtw,7-best-ai-poster-design-tools-2026,7 Best AI Poster Design Tools in 2026: From Prompt to Print-Ready Poster in Minutes,01-How-To/7-best-ai-poster-design-tools-2026-zhtw.md
P1-good-candidate,79,01-How-To,ja,(blank),multilingual-cluster,4,1,7-best-ai-sketch-drawing-generators-2026-ja,7-best-ai-sketch-drawing-generators-2026,7 Best AI Sketch & Drawing Generators in 2026: Doodle to Masterpiece — From Rough Idea to Refined Sketch,01-How-To/7-best-ai-sketch-drawing-generators-2026-ja.md
P1-good-candidate,79,01-How-To,zh,(blank),multilingual-cluster,4,1,7-best-ai-sketch-drawing-generators-2026-zh,7-best-ai-sketch-drawing-generators-2026,2026年7款最佳AI素描与绘画生成器：从涂鸦到杰作——从粗略想法到精致素描,01-How-To/7-best-ai-sketch-drawing-generators-2026-zh.md
P1-good-candidate,79,01-How-To,zh-TW,(blank),multilingual-cluster,4,1,7-best-ai-sketch-drawing-generators-2026-zhtw,7-best-ai-sketch-drawing-generators-2026,7 Best AI Sketch & Drawing Generators in 2026: Doodle to Masterpiece — From Rough Idea to Refined Sketch,01-How-To/7-best-ai-sketch-drawing-generators-2026-zhtw.md
P1-good-candidate,79,01-How-To,zh,(blank),multilingual-cluster,4,1,7-best-restaurant-cafe-design-tools-2026-zh,7-best-restaurant-cafe-design-tools-2026,2026年7款最佳AI餐厅与咖啡厅设计工具：菜单、品牌与营销,01-How-To/7-best-restaurant-cafe-design-tools-2026-zh.md
P1-good-candidate,79,01-How-To,ja,(blank),multilingual-cluster,4,1,8-best-ai-avatar-maker-apps-2026-ja,8-best-ai-avatar-maker-apps-2026,8 Best AI Avatar Maker Apps in 2026: Professional Headshots to Digital Identity,01-How-To/8-best-ai-avatar-maker-apps-2026-ja.md
P1-good-candidate,79,01-How-To,zh,(blank),multilingual-cluster,4,1,8-best-ai-avatar-maker-apps-2026-zh,8-best-ai-avatar-maker-apps-2026,2026年最佳AI头像制作App八强：从专业证件照到数字身份,01-How-To/8-best-ai-avatar-maker-apps-2026-zh.md
P1-good-candidate,79,01-How-To,zh-TW,(blank),multilingual-cluster,4,1,8-best-ai-avatar-maker-apps-2026-zhtw,8-best-ai-avatar-maker-apps-2026,8 Best AI Avatar Maker Apps in 2026: Professional Headshots to Digital Identity,01-How-To/8-best-ai-avatar-maker-apps-2026-zhtw.md
P1-good-candidate,79,01-How-To,ja,(blank),multilingual-cluster,4,1,8-best-ai-background-wallpaper-generators-2026-ja,8-best-ai-background-wallpaper-generators-2026,8 Best AI Background & Wallpaper Generators in 2026: From Phone Screens to Zoom Backdrops,01-How-To/8-best-ai-background-wallpaper-generators-2026-ja.md
P1-good-candidate,79,01-How-To,zh,(blank),multilingual-cluster,4,1,8-best-ai-background-wallpaper-generators-2026-zh,8-best-ai-background-wallpaper-generators-2026,2026年8款最佳AI背景与壁纸生成器：从手机屏幕到Zoom虚拟背景,01-How-To/8-best-ai-background-wallpaper-generators-2026-zh.md
P1-good-candidate,79,01-How-To,zh-TW,(blank),multilingual-cluster,4,1,8-best-ai-background-wallpaper-generators-2026-zhtw,8-best-ai-background-wallpaper-generators-2026,8 Best AI Background & Wallpaper Generators in 2026: From Phone Screens to Zoom Backdrops,01-How-To/8-best-ai-background-wallpaper-generators-2026-zhtw.md
P1-good-candidate,79,01-How-To,ja,(blank),multilingual-cluster,4,1,8-best-ai-banner-ad-makers-2026-ja,8-best-ai-banner-ad-makers-2026,"8 Best AI Banner Ad Makers in 2026: Display Ads, Social Banners & Web Graphics",01-How-To/8-best-ai-banner-ad-makers-2026-ja.md
P1-good-candidate,79,01-How-To,zh,(blank),multilingual-cluster,4,1,8-best-ai-banner-ad-makers-2026-zh,8-best-ai-banner-ad-makers-2026,2026年8款最佳AI横幅广告制作工具：展示广告、社交媒体横幅与网页图形,01-How-To/8-best-ai-banner-ad-makers-2026-zh.md
P1-good-candidate,79,01-How-To,zh-TW,(blank),multilingual-cluster,4,1,8-best-ai-banner-ad-makers-2026-zhtw,8-best-ai-banner-ad-makers-2026,"8 Best AI Banner Ad Makers in 2026: Display Ads, Social Banners & Web Graphics",01-How-To/8-best-ai-banner-ad-makers-2026-zhtw.md
P1-good-candidate,79,01-How-To,ja,(blank),multilingual-cluster,4,1,8-best-ai-interior-design-apps-2026-ja,8-best-ai-interior-design-apps-2026,"8 Best AI Interior Design Apps in 2026: Room Makeover, Virtual Staging & Home Renovation",01-How-To/8-best-ai-interior-design-apps-2026-ja.md
P1-good-candidate,79,01-How-To,zh,(blank),multilingual-cluster,4,1,8-best-ai-interior-design-apps-2026-zh,8-best-ai-interior-design-apps-2026,2026年8款最佳AI室内设计应用：房间改造、虚拟布景与家居翻新,01-How-To/8-best-ai-interior-design-apps-2026-zh.md
P1-good-candidate,79,01-How-To,zh-TW,(blank),multilingual-cluster,4,1,8-best-ai-interior-design-apps-2026-zhtw,8-best-ai-interior-design-apps-2026,"8 Best AI Interior Design Apps in 2026: Room Makeover, Virtual Staging & Home Renovation",01-How-To/8-best-ai-interior-design-apps-2026-zhtw.md
P1-good-candidate,79,01-How-To,ja,(blank),multilingual-cluster,4,1,8-best-creative-ai-video-effect-tools-2026-ja,8-best-creative-ai-video-effect-tools-2026,"8 Best Creative AI Video Effect Tools in 2026: Loop, Claymation, Fantasy & Beyond",01-How-To/8-best-creative-ai-video-effect-tools-2026-ja.md
P1-good-candidate,79,01-How-To,zh,(blank),multilingual-cluster,4,1,8-best-creative-ai-video-effect-tools-2026-zh,8-best-creative-ai-video-effect-tools-2026,2026年8款最佳创意AI视频特效工具：循环、黏土动画、奇幻特效等,01-How-To/8-best-creative-ai-video-effect-tools-2026-zh.md
P1-good-candidate,79,01-How-To,zh-TW,(blank),multilingual-cluster,4,1,8-best-creative-ai-video-effect-tools-2026-zhtw,8-best-creative-ai-video-effect-tools-2026,"8 Best Creative AI Video Effect Tools in 2026: Loop, Claymation, Fantasy & Beyond",01-How-To/8-best-creative-ai-video-effect-tools-2026-zhtw.md
P1-good-candidate,79,01-How-To,ja,(blank),multilingual-cluster,4,1,ai-audio-branding-sonic-identity-guide-2026,ai-audio-branding-sonic-identity-guide-2026,【日本語】 AI Audio ブランドing — 方法 Create a Sonic Identity for Your ブランド,01-How-To/ai-audio-branding-sonic-identity-guide-2026-ja.md
P1-good-candidate,79,01-How-To,zh,(blank),multilingual-cluster,4,1,ai-audio-branding-sonic-identity-guide-2026,ai-audio-branding-sonic-identity-guide-2026,AI 音频品牌塑造 — 如何为你的品牌打造声音标识,01-How-To/ai-audio-branding-sonic-identity-guide-2026-zh.md
P1-good-candidate,79,01-How-To,zh-TW,(blank),multilingual-cluster,4,1,ai-audio-branding-sonic-identity-guide-2026,ai-audio-branding-sonic-identity-guide-2026,【繁體】 AI Audio 品牌ing — 如何 Create a Sonic Identity for Your 品牌,01-How-To/ai-audio-branding-sonic-identity-guide-2026-zhtw.md
P1-good-candidate,79,01-How-To,zh,(blank),multilingual-cluster,4,1,ai-design-tool-buyers-guide-2026-zh,ai-design-tool-buyers-guide-2026,AI 设计工具选购指南——2026 买家手册,01-How-To/ai-design-tool-buyers-guide-2026-zh.md
P1-good-candidate,79,01-How-To,ja,(blank),multilingual-cluster,4,1,complete-guide-ai-animal-pet-portrait-generation,complete-guide-ai-animal-pet-portrait-generation,【日本語】 The 2026 完全 ガイド to AI Animal & Pet Portrait Generation,01-How-To/complete-guide-ai-animal-pet-portrait-generation-ja.md
P1-good-candidate,79,01-How-To,zh,(blank),multilingual-cluster,4,1,complete-guide-ai-animal-pet-portrait-generation-zh,complete-guide-ai-animal-pet-portrait-generation,2026年AI动物与宠物肖像生成完全指南,01-How-To/complete-guide-ai-animal-pet-portrait-generation-zh.md
P1-good-candidate,79,01-How-To,zh-TW,(blank),multilingual-cluster,4,1,complete-guide-ai-animal-pet-portrait-generation,complete-guide-ai-animal-pet-portrait-generation,【繁體】 The 2026 完整 指南 to AI Animal & Pet Portrait Generation,01-How-To/complete-guide-ai-animal-pet-portrait-generation-zhtw.md
P1-good-candidate,79,01-How-To,ja,(blank),multilingual-cluster,4,1,complete-guide-ai-art-generation-text-to-art,complete-guide-ai-art-generation-text-to-art,【日本語】 The 2026 完全 ガイド to AI Art Generation — Text to Art,01-How-To/complete-guide-ai-art-generation-text-to-art-ja.md
P1-good-candidate,79,01-How-To,zh,(blank),multilingual-cluster,4,1,complete-guide-ai-art-generation-text-to-art,complete-guide-ai-art-generation-text-to-art,2026年AI艺术生成完全指南——从文字到艺术,01-How-To/complete-guide-ai-art-generation-text-to-art-zh.md
P1-good-candidate,79,01-How-To,zh-TW,(blank),multilingual-cluster,4,1,complete-guide-ai-art-generation-text-to-art,complete-guide-ai-art-generation-text-to-art,【繁體】 The 2026 完整 指南 to AI Art Generation — Text to Art,01-How-To/complete-guide-ai-art-generation-text-to-art-zhtw.md
P1-good-candidate,79,01-How-To,ja,(blank),multilingual-cluster,4,1,complete-guide-ai-art-platform-selection-2026,complete-guide-ai-art-platform-selection-2026,【日本語】 The 2026 完全 ガイド to AI Art Platform Selection,01-How-To/complete-guide-ai-art-platform-selection-2026-ja.md
P1-good-candidate,79,01-How-To,zh,(blank),multilingual-cluster,4,1,complete-guide-ai-art-platform-selection-2026-zh,complete-guide-ai-art-platform-selection-2026,2026年AI艺术平台选择完全指南,01-How-To/complete-guide-ai-art-platform-selection-2026-zh.md
P1-good-candidate,79,01-How-To,zh-TW,(blank),multilingual-cluster,4,1,complete-guide-ai-art-platform-selection-2026,complete-guide-ai-art-platform-selection-2026,【繁體】 The 2026 完整 指南 to AI Art Platform Selection,01-How-To/complete-guide-ai-art-platform-selection-2026-zhtw.md
P1-good-candidate,79,01-How-To,ja,(blank),multilingual-cluster,4,1,complete-guide-ai-avatar-digital-identity,complete-guide-ai-avatar-digital-identity,【日本語】 The 2026 完全 ガイド to AI Avatar & Digital Identity Creation,01-How-To/complete-guide-ai-avatar-digital-identity-ja.md
P1-good-candidate,79,01-How-To,zh,(blank),multilingual-cluster,4,1,complete-guide-ai-avatar-digital-identity-zh,complete-guide-ai-avatar-digital-identity,2026年AI头像与数字身份创建完全指南,01-How-To/complete-guide-ai-avatar-digital-identity-zh.md
P1-good-candidate,79,01-How-To,zh-TW,(blank),multilingual-cluster,4,1,complete-guide-ai-avatar-digital-identity,complete-guide-ai-avatar-digital-identity,【繁體】 The 2026 完整 指南 to AI Avatar & Digital Identity Creation,01-How-To/complete-guide-ai-avatar-digital-identity-zhtw.md
P1-good-candidate,79,01-How-To,ja,(blank),multilingual-cluster,4,1,complete-guide-ai-background-wallpaper-pattern-design,complete-guide-ai-background-wallpaper-pattern-design,"【日本語】 The 2026 完全 ガイド to AI Background, Wallpaper & Pattern デザイン",01-How-To/complete-guide-ai-background-wallpaper-pattern-design-ja.md
P1-good-candidate,79,01-How-To,zh,(blank),multilingual-cluster,4,1,complete-guide-ai-background-wallpaper-pattern-design-zh,complete-guide-ai-background-wallpaper-pattern-design,2026年AI背景、壁纸与图案设计完全指南,01-How-To/complete-guide-ai-background-wallpaper-pattern-design-zh.md
P1-good-candidate,79,01-How-To,zh-TW,(blank),multilingual-cluster,4,1,complete-guide-ai-background-wallpaper-pattern-design,complete-guide-ai-background-wallpaper-pattern-design,"【繁體】 The 2026 完整 指南 to AI Background, Wallpaper & Pattern 設計",01-How-To/complete-guide-ai-background-wallpaper-pattern-design-zhtw.md
P1-good-candidate,79,01-How-To,ja,(blank),multilingual-cluster,4,1,complete-guide-ai-banner-display-ad-design,complete-guide-ai-banner-display-ad-design,【日本語】 The 2026 完全 ガイド to AI Banner & Display Ad デザイン,01-How-To/complete-guide-ai-banner-display-ad-design-ja.md
P1-good-candidate,79,01-How-To,zh,(blank),multilingual-cluster,4,1,complete-guide-ai-banner-display-ad-design,complete-guide-ai-banner-display-ad-design,2026年AI横幅与展示广告设计完全指南,01-How-To/complete-guide-ai-banner-display-ad-design-zh.md
P1-good-candidate,79,01-How-To,zh-TW,(blank),multilingual-cluster,4,1,complete-guide-ai-banner-display-ad-design,complete-guide-ai-banner-display-ad-design,【繁體】 The 2026 完整 指南 to AI Banner & Display Ad 設計,01-How-To/complete-guide-ai-banner-display-ad-design-zhtw.md
P1-good-candidate,79,01-How-To,ja,(blank),multilingual-cluster,4,1,complete-guide-ai-body-age-transformation-portrait,complete-guide-ai-body-age-transformation-portrait,【日本語】 The 2026 完全 ガイド to AI Body & Age Transformation Portraits,01-How-To/complete-guide-ai-body-age-transformation-portrait-ja.md
P1-good-candidate,79,01-How-To,zh,(blank),multilingual-cluster,4,1,complete-guide-ai-body-age-transformation-portrait-zh,complete-guide-ai-body-age-transformation-portrait,2026年AI身体与年龄转换肖像完全指南,01-How-To/complete-guide-ai-body-age-transformation-portrait-zh.md
P1-good-candidate,79,01-How-To,zh-TW,(blank),multilingual-cluster,4,1,complete-guide-ai-body-age-transformation-portrait,complete-guide-ai-body-age-transformation-portrait,【繁體】 The 2026 完整 指南 to AI Body & Age Transformation Portraits,01-How-To/complete-guide-ai-body-age-transformation-portrait-zhtw.md
P1-good-candidate,79,01-How-To,ja,(blank),multilingual-cluster,4,1,complete-guide-ai-clipart-vector-illustration,complete-guide-ai-clipart-vector-illustration,【日本語】 The 2026 完全 ガイド to AI Clipart & Vector Illustration,01-How-To/complete-guide-ai-clipart-vector-illustration-ja.md
P1-good-candidate,79,01-How-To,zh,(blank),multilingual-cluster,4,1,complete-guide-ai-clipart-vector-illustration,complete-guide-ai-clipart-vector-illustration,2026年AI剪贴画与矢量插画完全指南,01-How-To/complete-guide-ai-clipart-vector-illustration-zh.md
P1-good-candidate,79,01-How-To,zh-TW,(blank),multilingual-cluster,4,1,complete-guide-ai-clipart-vector-illustration,complete-guide-ai-clipart-vector-illustration,【繁體】 The 2026 完整 指南 to AI Clipart & Vector Illustration,01-How-To/complete-guide-ai-clipart-vector-illustration-zhtw.md
P1-good-candidate,79,01-How-To,ja,(blank),multilingual-cluster,4,1,complete-guide-ai-collage-moodboard-creation,complete-guide-ai-collage-moodboard-creation,【日本語】 The 2026 完全 ガイド to AI Collage & Moodboard Creation,01-How-To/complete-guide-ai-collage-moodboard-creation-ja.md
P1-good-candidate,79,01-How-To,zh,(blank),multilingual-cluster,4,1,complete-guide-ai-collage-moodboard-creation-zh,complete-guide-ai-collage-moodboard-creation,2026年AI拼贴与情绪板创作完全指南,01-How-To/complete-guide-ai-collage-moodboard-creation-zh.md
P1-good-candidate,79,01-How-To,zh-TW,(blank),multilingual-cluster,4,1,complete-guide-ai-collage-moodboard-creation,complete-guide-ai-collage-moodboard-creation,【繁體】 The 2026 完整 指南 to AI Collage & Moodboard Creation,01-How-To/complete-guide-ai-collage-moodboard-creation-zhtw.md
P1-good-candidate,79,01-How-To,ja,(blank),multilingual-cluster,4,1,complete-guide-ai-face-retouching-portrait-editing,complete-guide-ai-face-retouching-portrait-editing,【日本語】 The 2026 完全 ガイド to AI Face Retouching & Portrait Editing,01-How-To/complete-guide-ai-face-retouching-portrait-editing-ja.md
P1-good-candidate,79,01-How-To,zh,(blank),multilingual-cluster,4,1,complete-guide-ai-face-retouching-portrait-editing-zh,complete-guide-ai-face-retouching-portrait-editing,2026年AI面部修图与人像编辑完全指南,01-How-To/complete-guide-ai-face-retouching-portrait-editing-zh.md
P1-good-candidate,79,01-How-To,zh-TW,(blank),multilingual-cluster,4,1,complete-guide-ai-face-retouching-portrait-editing,complete-guide-ai-face-retouching-portrait-editing,【繁體】 The 2026 完整 指南 to AI Face Retouching & Portrait Editing,01-How-To/complete-guide-ai-face-retouching-portrait-editing-zhtw.md
P1-good-candidate,79,01-How-To,ja,(blank),multilingual-cluster,4,1,complete-guide-ai-face-swap-photo-video,complete-guide-ai-face-swap-photo-video,【日本語】 The 2026 完全 ガイド to AI Face Swap — Photo & Video,01-How-To/complete-guide-ai-face-swap-photo-video-ja.md
P1-good-candidate,79,01-How-To,zh,(blank),multilingual-cluster,4,1,complete-guide-ai-face-swap-photo-video,complete-guide-ai-face-swap-photo-video,2026年AI换脸完全指南——照片与视频,01-How-To/complete-guide-ai-face-swap-photo-video-zh.md
P1-good-candidate,79,01-How-To,zh-TW,(blank),multilingual-cluster,4,1,complete-guide-ai-face-swap-photo-video,complete-guide-ai-face-swap-photo-video,【繁體】 The 2026 完整 指南 to AI Face Swap — Photo & Video,01-How-To/complete-guide-ai-face-swap-photo-video-zhtw.md
P1-good-candidate,79,01-How-To,ja,(blank),multilingual-cluster,4,1,complete-guide-ai-floor-plan-architecture-design,complete-guide-ai-floor-plan-architecture-design,【日本語】 The 2026 完全 ガイド to AI Floor Plan & Architecture デザイン,01-How-To/complete-guide-ai-floor-plan-architecture-design-ja.md
P1-good-candidate,79,01-How-To,zh,(blank),multilingual-cluster,4,1,complete-guide-ai-floor-plan-architecture-design-zh,complete-guide-ai-floor-plan-architecture-design,2026年AI平面图与建筑设计完全指南,01-How-To/complete-guide-ai-floor-plan-architecture-design-zh.md
P1-good-candidate,79,01-How-To,zh-TW,(blank),multilingual-cluster,4,1,complete-guide-ai-floor-plan-architecture-design,complete-guide-ai-floor-plan-architecture-design,【繁體】 The 2026 完整 指南 to AI Floor Plan & Architecture 設計,01-How-To/complete-guide-ai-floor-plan-architecture-design-zhtw.md
P1-good-candidate,79,01-How-To,ja,(blank),multilingual-cluster,4,1,complete-guide-ai-image-model-selection-2026,complete-guide-ai-image-model-selection-2026,【日本語】 The 2026 完全 ガイド to AI Image Model Selection,01-How-To/complete-guide-ai-image-model-selection-2026-ja.md
P1-good-candidate,79,01-How-To,zh,(blank),multilingual-cluster,4,1,complete-guide-ai-image-model-selection-2026-zh,complete-guide-ai-image-model-selection-2026,2026年AI图像模型选择完全指南,01-How-To/complete-guide-ai-image-model-selection-2026-zh.md
P1-good-candidate,79,01-How-To,zh-TW,(blank),multilingual-cluster,4,1,complete-guide-ai-image-model-selection-2026,complete-guide-ai-image-model-selection-2026,【繁體】 The 2026 完整 指南 to AI Image Model Selection,01-How-To/complete-guide-ai-image-model-selection-2026-zhtw.md
P1-good-candidate,79,01-How-To,ja,(blank),multilingual-cluster,4,1,complete-guide-ai-interior-design-room-makeover,complete-guide-ai-interior-design-room-makeover,【日本語】 The 2026 完全 ガイド to AI Interior デザイン & Room Makeover,01-How-To/complete-guide-ai-interior-design-room-makeover-ja.md
P1-good-candidate,79,01-How-To,zh,(blank),multilingual-cluster,4,1,complete-guide-ai-interior-design-room-makeover-zh,complete-guide-ai-interior-design-room-makeover,2026年AI室内设计与房间改造完全指南,01-How-To/complete-guide-ai-interior-design-room-makeover-zh.md
P1-good-candidate,79,01-How-To,zh-TW,(blank),multilingual-cluster,4,1,complete-guide-ai-interior-design-room-makeover,complete-guide-ai-interior-design-room-makeover,【繁體】 The 2026 完整 指南 to AI Interior 設計 & Room Makeover,01-How-To/complete-guide-ai-interior-design-room-makeover-zhtw.md
P1-good-candidate,79,01-How-To,ja,(blank),multilingual-cluster,4,1,complete-guide-ai-movie-poster-cinematic-design,complete-guide-ai-movie-poster-cinematic-design,【日本語】 The 2026 完全 ガイド to AI Movie Poster & Cinematic デザイン,01-How-To/complete-guide-ai-movie-poster-cinematic-design-ja.md
P1-good-candidate,79,01-How-To,zh,(blank),multilingual-cluster,4,1,complete-guide-ai-movie-poster-cinematic-design-zh,complete-guide-ai-movie-poster-cinematic-design,2026年AI电影海报与电影级设计完全指南,01-How-To/complete-guide-ai-movie-poster-cinematic-design-zh.md
P1-good-candidate,79,01-How-To,zh-TW,(blank),multilingual-cluster,4,1,complete-guide-ai-movie-poster-cinematic-design,complete-guide-ai-movie-poster-cinematic-design,【繁體】 The 2026 完整 指南 to AI Movie Poster & Cinematic 設計,01-How-To/complete-guide-ai-movie-poster-cinematic-design-zhtw.md
P1-good-candidate,79,01-How-To,ja,(blank),multilingual-cluster,4,1,complete-guide-ai-music-video-creation,complete-guide-ai-music-video-creation,【日本語】 The 2026 完全 ガイド to AI Music Video Creation,01-How-To/complete-guide-ai-music-video-creation-ja.md
P1-good-candidate,79,01-How-To,zh,(blank),multilingual-cluster,4,1,complete-guide-ai-music-video-creation-zh,complete-guide-ai-music-video-creation,2026年AI音乐视频创作完全指南,01-How-To/complete-guide-ai-music-video-creation-zh.md
P1-good-candidate,79,01-How-To,zh-TW,(blank),multilingual-cluster,4,1,complete-guide-ai-music-video-creation,complete-guide-ai-music-video-creation,【繁體】 The 2026 完整 指南 to AI Music Video Creation,01-How-To/complete-guide-ai-music-video-creation-zhtw.md
P1-good-candidate,79,01-How-To,ja,(blank),multilingual-cluster,4,1,complete-guide-ai-poster-design-printing,complete-guide-ai-poster-design-printing,【日本語】 The 2026 完全 ガイド to AI Poster デザイン & Printing,01-How-To/complete-guide-ai-poster-design-printing-ja.md
P1-good-candidate,79,01-How-To,zh,(blank),multilingual-cluster,4,1,complete-guide-ai-poster-design-printing-zh,complete-guide-ai-poster-design-printing,2026年AI海报设计与印刷完全指南,01-How-To/complete-guide-ai-poster-design-printing-zh.md
P1-good-candidate,79,01-How-To,zh-TW,(blank),multilingual-cluster,4,1,complete-guide-ai-poster-design-printing,complete-guide-ai-poster-design-printing,【繁體】 The 2026 完整 指南 to AI Poster 設計 & Printing,01-How-To/complete-guide-ai-poster-design-printing-zhtw.md
P1-good-candidate,79,01-How-To,ja,(blank),multilingual-cluster,4,1,complete-guide-ai-print-materials-flyers-cards,complete-guide-ai-print-materials-flyers-cards,"【日本語】 The 2026 完全 ガイド to AI Print Materials — Flyers, Cards & Brochures",01-How-To/complete-guide-ai-print-materials-flyers-cards-ja.md
P1-good-candidate,79,01-How-To,zh,(blank),multilingual-cluster,4,1,complete-guide-ai-print-materials-flyers-cards-zh,complete-guide-ai-print-materials-flyers-cards,2026年AI印刷物料完全指南——传单、名片与宣传册,01-How-To/complete-guide-ai-print-materials-flyers-cards-zh.md
P1-good-candidate,79,01-How-To,zh-TW,(blank),multilingual-cluster,4,1,complete-guide-ai-print-materials-flyers-cards,complete-guide-ai-print-materials-flyers-cards,"【繁體】 The 2026 完整 指南 to AI Print Materials — Flyers, Cards & Brochures",01-How-To/complete-guide-ai-print-materials-flyers-cards-zhtw.md
P1-good-candidate,79,01-How-To,ja,(blank),multilingual-cluster,4,1,complete-guide-ai-sketch-drawing-generation,complete-guide-ai-sketch-drawing-generation,【日本語】 The 2026 完全 ガイド to AI Sketch & Drawing Generation,01-How-To/complete-guide-ai-sketch-drawing-generation-ja.md
P1-good-candidate,79,01-How-To,zh,(blank),multilingual-cluster,4,1,complete-guide-ai-sketch-drawing-generation-zh,complete-guide-ai-sketch-drawing-generation,2026年AI素描与绘画生成完全指南,01-How-To/complete-guide-ai-sketch-drawing-generation-zh.md
P1-good-candidate,79,01-How-To,zh-TW,(blank),multilingual-cluster,4,1,complete-guide-ai-sketch-drawing-generation,complete-guide-ai-sketch-drawing-generation,【繁體】 The 2026 完整 指南 to AI Sketch & Drawing Generation,01-How-To/complete-guide-ai-sketch-drawing-generation-zhtw.md
P1-good-candidate,79,01-How-To,ja,(blank),multilingual-cluster,4,1,complete-guide-ai-texture-material-generation,complete-guide-ai-texture-material-generation,【日本語】 The 2026 完全 ガイド to AI Texture & Material Generation,01-How-To/complete-guide-ai-texture-material-generation-ja.md
P1-good-candidate,79,01-How-To,zh,(blank),multilingual-cluster,4,1,complete-guide-ai-texture-material-generation-zh,complete-guide-ai-texture-material-generation,2026年AI纹理与材质生成完全指南,01-How-To/complete-guide-ai-texture-material-generation-zh.md
P1-good-candidate,79,01-How-To,zh-TW,(blank),multilingual-cluster,4,1,complete-guide-ai-texture-material-generation,complete-guide-ai-texture-material-generation,【繁體】 The 2026 完整 指南 to AI Texture & Material Generation,01-How-To/complete-guide-ai-texture-material-generation-zhtw.md
P1-good-candidate,79,01-How-To,ja,(blank),multilingual-cluster,4,1,complete-guide-ai-video-editing-tools-techniques,complete-guide-ai-video-editing-tools-techniques,【日本語】 The 2026 完全 ガイド to AI Video Editing ツール & Techniques,01-How-To/complete-guide-ai-video-editing-tools-techniques-ja.md
P1-good-candidate,79,01-How-To,zh,(blank),multilingual-cluster,4,1,complete-guide-ai-video-editing-tools-techniques-zh,complete-guide-ai-video-editing-tools-techniques,2026年AI视频编辑工具与技术完全指南,01-How-To/complete-guide-ai-video-editing-tools-techniques-zh.md
P1-good-candidate,79,01-How-To,zh-TW,(blank),multilingual-cluster,4,1,complete-guide-ai-video-editing-tools-techniques,complete-guide-ai-video-editing-tools-techniques,【繁體】 The 2026 完整 指南 to AI Video Editing 工具 & Techniques,01-How-To/complete-guide-ai-video-editing-tools-techniques-zhtw.md
P1-good-candidate,79,01-How-To,ja,(blank),multilingual-cluster,4,1,complete-guide-ai-video-model-selection-2026,complete-guide-ai-video-model-selection-2026,【日本語】 The 2026 完全 ガイド to AI Video Model Selection,01-How-To/complete-guide-ai-video-model-selection-2026-ja.md
P1-good-candidate,79,01-How-To,zh,(blank),multilingual-cluster,4,1,complete-guide-ai-video-model-selection-2026,complete-guide-ai-video-model-selection-2026,2026年AI视频模型选择完全指南,01-How-To/complete-guide-ai-video-model-selection-2026-zh.md
P1-good-candidate,79,01-How-To,zh-TW,(blank),multilingual-cluster,4,1,complete-guide-ai-video-model-selection-2026,complete-guide-ai-video-model-selection-2026,【繁體】 The 2026 完整 指南 to AI Video Model Selection,01-How-To/complete-guide-ai-video-model-selection-2026-zhtw.md
P1-good-candidate,79,01-How-To,ja,(blank),multilingual-cluster,4,1,complete-guide-consistent-ai-character-design,complete-guide-consistent-ai-character-design,【日本語】 The 2026 完全 ガイド to Consistent AI Character デザイン,01-How-To/complete-guide-consistent-ai-character-design-ja.md
P1-good-candidate,79,01-How-To,zh,(blank),multilingual-cluster,4,1,complete-guide-consistent-ai-character-design-zh,complete-guide-consistent-ai-character-design,2026年AI角色设计一致性完全指南,01-How-To/complete-guide-consistent-ai-character-design-zh.md
P1-good-candidate,79,01-How-To,zh-TW,(blank),multilingual-cluster,4,1,complete-guide-consistent-ai-character-design,complete-guide-consistent-ai-character-design,【繁體】 The 2026 完整 指南 to Consistent AI Character 設計,01-How-To/complete-guide-consistent-ai-character-design-zhtw.md
P1-good-candidate,79,01-How-To,ja,(blank),multilingual-cluster,4,1,complete-guide-creative-ai-video-effects,complete-guide-creative-ai-video-effects,【日本語】 The 2026 完全 ガイド to クリエイティブ AI Video Effects,01-How-To/complete-guide-creative-ai-video-effects-ja.md
P1-good-candidate,79,01-How-To,zh,(blank),multilingual-cluster,4,1,complete-guide-creative-ai-video-effects-zh,complete-guide-creative-ai-video-effects,2026年创意AI视频特效完全指南,01-How-To/complete-guide-creative-ai-video-effects-zh.md
P1-good-candidate,79,01-How-To,zh-TW,(blank),multilingual-cluster,4,1,complete-guide-creative-ai-video-effects,complete-guide-creative-ai-video-effects,【繁體】 The 2026 完整 指南 to 創意 AI Video Effects,01-How-To/complete-guide-creative-ai-video-effects-zhtw.md
P1-good-candidate,79,01-How-To,ja,(blank),multilingual-cluster,4,1,complete-guide-free-ai-design-tools-2026,complete-guide-free-ai-design-tools-2026,【日本語】 The 2026 完全 ガイド to Free AI デザイン ツール,01-How-To/complete-guide-free-ai-design-tools-2026-ja.md
P1-good-candidate,79,01-How-To,zh,(blank),multilingual-cluster,4,1,complete-guide-free-ai-design-tools-2026-zh,complete-guide-free-ai-design-tools-2026,2026年免费AI设计工具完全指南,01-How-To/complete-guide-free-ai-design-tools-2026-zh.md
P1-good-candidate,79,01-How-To,zh-TW,(blank),multilingual-cluster,4,1,complete-guide-free-ai-design-tools-2026,complete-guide-free-ai-design-tools-2026,【繁體】 The 2026 完整 指南 to Free AI 設計 工具,01-How-To/complete-guide-free-ai-design-tools-2026-zhtw.md
P1-good-candidate,79,01-How-To,ja,(blank),multilingual-cluster,4,1,complete-guide-image-upscaling-resolution-ai,complete-guide-image-upscaling-resolution-ai,【日本語】 The 2026 完全 ガイド to AI Image Upscaling & Resolution Enhancement,01-How-To/complete-guide-image-upscaling-resolution-ai-ja.md
P1-good-candidate,79,01-How-To,zh,(blank),multilingual-cluster,4,1,complete-guide-image-upscaling-resolution-ai-zh,complete-guide-image-upscaling-resolution-ai,2026年AI图像放大与分辨率增强完全指南,01-How-To/complete-guide-image-upscaling-resolution-ai-zh.md
P1-good-candidate,79,01-How-To,zh-TW,(blank),multilingual-cluster,4,1,complete-guide-image-upscaling-resolution-ai,complete-guide-image-upscaling-resolution-ai,【繁體】 The 2026 完整 指南 to AI Image Upscaling & Resolution Enhancement,01-How-To/complete-guide-image-upscaling-resolution-ai-zhtw.md
P1-good-candidate,79,01-How-To,ja,(blank),multilingual-cluster,4,1,complete-guide-object-removal-inpainting-ai,complete-guide-object-removal-inpainting-ai,【日本語】 The 2026 完全 ガイド to AI Object Removal & Inpainting,01-How-To/complete-guide-object-removal-inpainting-ai-ja.md
P1-good-candidate,79,01-How-To,zh,(blank),multilingual-cluster,4,1,complete-guide-object-removal-inpainting-ai-zh,complete-guide-object-removal-inpainting-ai,2026年AI物体移除与修复完整指南,01-How-To/complete-guide-object-removal-inpainting-ai-zh.md
P1-good-candidate,79,01-How-To,zh-TW,(blank),multilingual-cluster,4,1,complete-guide-object-removal-inpainting-ai,complete-guide-object-removal-inpainting-ai,【繁體】 The 2026 完整 指南 to AI Object Removal & Inpainting,01-How-To/complete-guide-object-removal-inpainting-ai-zhtw.md
P1-good-candidate,79,01-How-To,ja,(blank),multilingual-cluster,4,1,complete-guide-photo-animation-bring-to-life-ai,complete-guide-photo-animation-bring-to-life-ai,【日本語】 The 2026 完全 ガイド to AI Photo Animation — Bring Photos to Life,01-How-To/complete-guide-photo-animation-bring-to-life-ai-ja.md
P1-good-candidate,79,01-How-To,zh,(blank),multilingual-cluster,4,1,complete-guide-photo-animation-bring-to-life-ai-zh,complete-guide-photo-animation-bring-to-life-ai,2026年AI照片动画完全指南——让照片活起来,01-How-To/complete-guide-photo-animation-bring-to-life-ai-zh.md
P1-good-candidate,79,01-How-To,zh-TW,(blank),multilingual-cluster,4,1,complete-guide-photo-animation-bring-to-life-ai,complete-guide-photo-animation-bring-to-life-ai,【繁體】 The 2026 完整 指南 to AI Photo Animation — Bring Photos to Life,01-How-To/complete-guide-photo-animation-bring-to-life-ai-zhtw.md
P1-good-candidate,79,01-How-To,ja,(blank),multilingual-cluster,4,1,complete-guide-photo-expansion-uncrop-ai,complete-guide-photo-expansion-uncrop-ai,【日本語】 The 2026 完全 ガイド to AI Photo Expansion & Uncrop,01-How-To/complete-guide-photo-expansion-uncrop-ai-ja.md
P1-good-candidate,79,01-How-To,zh,(blank),multilingual-cluster,4,1,complete-guide-photo-expansion-uncrop-ai-zh,complete-guide-photo-expansion-uncrop-ai,2026年AI照片扩展与去裁剪完全指南,01-How-To/complete-guide-photo-expansion-uncrop-ai-zh.md
P1-good-candidate,79,01-How-To,zh-TW,(blank),multilingual-cluster,4,1,complete-guide-photo-expansion-uncrop-ai,complete-guide-photo-expansion-uncrop-ai,【繁體】 The 2026 完整 指南 to AI Photo Expansion & Uncrop,01-How-To/complete-guide-photo-expansion-uncrop-ai-zhtw.md
P1-good-candidate,79,01-How-To,ja,(blank),multilingual-cluster,4,1,complete-guide-photo-sharpening-enhancement-ai,complete-guide-photo-sharpening-enhancement-ai,【日本語】 The 2026 完全 ガイド to AI Photo Sharpening & Enhancement,01-How-To/complete-guide-photo-sharpening-enhancement-ai-ja.md
P1-good-candidate,79,01-How-To,zh,(blank),multilingual-cluster,4,1,complete-guide-photo-sharpening-enhancement-ai-zh,complete-guide-photo-sharpening-enhancement-ai,2026年AI照片锐化与增强完全指南,01-How-To/complete-guide-photo-sharpening-enhancement-ai-zh.md
P1-good-candidate,79,01-How-To,zh-TW,(blank),multilingual-cluster,4,1,complete-guide-photo-sharpening-enhancement-ai,complete-guide-photo-sharpening-enhancement-ai,【繁體】 The 2026 完整 指南 to AI Photo Sharpening & Enhancement,01-How-To/complete-guide-photo-sharpening-enhancement-ai-zhtw.md
P1-good-candidate,79,01-How-To,ja,(blank),multilingual-cluster,4,1,complete-guide-photo-to-anime-cartoon-ai,complete-guide-photo-to-anime-cartoon-ai,【日本語】 The 2026 完全 ガイド to AI Photo-to-Anime & Cartoon Conversion,01-How-To/complete-guide-photo-to-anime-cartoon-ai-ja.md
P1-good-candidate,79,01-How-To,zh,(blank),multilingual-cluster,4,1,complete-guide-photo-to-anime-cartoon-ai-zh,complete-guide-photo-to-anime-cartoon-ai,2026年AI照片转动漫与卡通完全指南,01-How-To/complete-guide-photo-to-anime-cartoon-ai-zh.md
P1-good-candidate,79,01-How-To,zh-TW,(blank),multilingual-cluster,4,1,complete-guide-photo-to-anime-cartoon-ai,complete-guide-photo-to-anime-cartoon-ai,【繁體】 The 2026 完整 指南 to AI Photo-to-Anime & Cartoon Conversion,01-How-To/complete-guide-photo-to-anime-cartoon-ai-zhtw.md
P1-good-candidate,79,01-How-To,ja,(blank),multilingual-cluster,4,1,complete-guide-restaurant-cafe-branding-ai,complete-guide-restaurant-cafe-branding-ai,【日本語】 The 2026 完全 ガイド to AI Restaurant & Cafe ブランドing デザイン,01-How-To/complete-guide-restaurant-cafe-branding-ai-ja.md
P1-good-candidate,79,01-How-To,zh,(blank),multilingual-cluster,4,1,complete-guide-restaurant-cafe-branding-ai-zh,complete-guide-restaurant-cafe-branding-ai,2026年AI餐厅与咖啡馆品牌设计完全指南,01-How-To/complete-guide-restaurant-cafe-branding-ai-zh.md
P1-good-candidate,79,01-How-To,zh-TW,(blank),multilingual-cluster,4,1,complete-guide-restaurant-cafe-branding-ai,complete-guide-restaurant-cafe-branding-ai,【繁體】 The 2026 完整 指南 to AI Restaurant & Cafe 品牌ing 設計,01-How-To/complete-guide-restaurant-cafe-branding-ai-zhtw.md
P1-good-candidate,79,01-How-To,ja,(blank),multilingual-cluster,4,1,complete-guide-small-business-branding-ai,complete-guide-small-business-branding-ai,【日本語】 The 2026 完全 ガイド to AI Small Business ブランドing,01-How-To/complete-guide-small-business-branding-ai-ja.md
P1-good-candidate,79,01-How-To,zh,(blank),multilingual-cluster,4,1,complete-guide-small-business-branding-ai-zh,complete-guide-small-business-branding-ai,2026年AI小企业品牌建设完全指南,01-How-To/complete-guide-small-business-branding-ai-zh.md
P1-good-candidate,79,01-How-To,zh-TW,(blank),multilingual-cluster,4,1,complete-guide-small-business-branding-ai,complete-guide-small-business-branding-ai,【繁體】 The 2026 完整 指南 to AI Small Business 品牌ing,01-How-To/complete-guide-small-business-branding-ai-zhtw.md
P1-good-candidate,79,01-How-To,ja,(blank),multilingual-cluster,6,1,complete-guide-text-to-video-image-to-video-ai,complete-guide-text-to-video-image-to-video-ai,【日本語】 The 2026 完全 ガイド to Text-to-Video & Image-to-Video AI,01-How-To/complete-guide-text-to-video-image-to-video-ai-ja.md
P1-good-candidate,79,01-How-To,zh,(blank),multilingual-cluster,6,1,complete-guide-text-to-video-image-to-video-ai-zh,complete-guide-text-to-video-image-to-video-ai,2026年文生视频与图生视频AI完全指南,01-How-To/complete-guide-text-to-video-image-to-video-ai-zh.md
P1-good-candidate,79,01-How-To,zh-TW,(blank),multilingual-cluster,6,1,complete-guide-text-to-video-image-to-video-ai,complete-guide-text-to-video-image-to-video-ai,【繁體】 The 2026 完整 指南 to Text-to-Video & Image-to-Video AI,01-How-To/complete-guide-text-to-video-image-to-video-ai-zhtw.md
P1-good-candidate,79,01-How-To,ja,(blank),multilingual-cluster,4,1,design-student-ai-survival-guide-2026,design-student-ai-survival-guide-2026,【日本語】 デザイン Student's AI Survival ガイド — 方法 Graduate Ready for the AI Era,01-How-To/design-student-ai-survival-guide-2026-ja.md
P1-good-candidate,79,01-How-To,zh,(blank),multilingual-cluster,4,1,design-student-ai-survival-guide-2026-zh,design-student-ai-survival-guide-2026,设计专业学生的AI生存指南——如何为AI时代做好准备顺利毕业,01-How-To/design-student-ai-survival-guide-2026-zh.md
P1-good-candidate,79,01-How-To,zh-TW,(blank),multilingual-cluster,4,1,design-student-ai-survival-guide-2026,design-student-ai-survival-guide-2026,【繁體】 設計 Student's AI Survival 指南 — 如何 Graduate Ready for the AI Era,01-How-To/design-student-ai-survival-guide-2026-zhtw.md
P1-good-candidate,79,01-How-To,ja,(blank),multilingual-cluster,4,1,how-to-choose-ai-image-model,how-to-choose-ai-image-model,"【日本語】 方法 Choose the Right AI Image Model — DALL-E, Midjourney, FLUX & More",01-How-To/how-to-choose-ai-image-model-ja.md
P1-good-candidate,79,01-How-To,zh,(blank),multilingual-cluster,4,1,how-to-choose-ai-image-model,how-to-choose-ai-image-model,如何选择合适的人工智能图像模型——DALL-E、Midjourney、FLUX 等,01-How-To/how-to-choose-ai-image-model-zh.md
P1-good-candidate,79,01-How-To,zh-TW,(blank),multilingual-cluster,4,1,how-to-choose-ai-image-model,how-to-choose-ai-image-model,"【繁體】 如何 Choose the Right AI Image Model — DALL-E, Midjourney, FLUX & More",01-How-To/how-to-choose-ai-image-model-zhtw.md
P1-good-candidate,79,01-How-To,ja,(blank),multilingual-cluster,4,1,S11-how-to-use-ai-for-design-beginner-guide-ja,s11-how-to-use-ai-for-design-beginner-guide,How to Use AI for Design: The Complete Beginner's Guide (2026),01-How-To/S11-how-to-use-ai-for-design-beginner-guide-ja.md
P1-good-candidate,79,01-How-To,zh,(blank),multilingual-cluster,4,1,S11-how-to-use-ai-for-design-beginner-guide-zh,s11-how-to-use-ai-for-design-beginner-guide,如何使用AI进行设计：2026年完全初学者指南,01-How-To/S11-how-to-use-ai-for-design-beginner-guide-zh.md
P1-good-candidate,79,01-How-To,zh-TW,(blank),multilingual-cluster,4,1,S11-how-to-use-ai-for-design-beginner-guide-zhtw,s11-how-to-use-ai-for-design-beginner-guide,How to Use AI for Design: The Complete Beginner's Guide (2026),01-How-To/S11-how-to-use-ai-for-design-beginner-guide-zhtw.md
P1-good-candidate,79,01-How-To,ja,(blank),multilingual-cluster,4,1,S16-ai-ad-creative-guide-ja,s16-ai-ad-creative-guide,How to Create Ads with AI: The Complete Ad Creative Guide (2026),01-How-To/S16-ai-ad-creative-guide-ja.md
P1-good-candidate,79,01-How-To,zh,(blank),multilingual-cluster,4,1,S16-ai-ad-creative-guide-zh,s16-ai-ad-creative-guide,如何用AI制作广告：完整广告创意指南（2026）,01-How-To/S16-ai-ad-creative-guide-zh.md
P1-good-candidate,79,01-How-To,zh-TW,(blank),multilingual-cluster,4,1,S16-ai-ad-creative-guide-zhtw,s16-ai-ad-creative-guide,How to Create Ads with AI: The Complete Ad Creative Guide (2026),01-How-To/S16-ai-ad-creative-guide-zhtw.md
P1-good-candidate,79,01-How-To,zh,(blank),multilingual-cluster,4,1,what-to-look-for-in-ai-design-tool-buyers-guide-zh,what-to-look-for-in-ai-design-tool-buyers-guide,AI 设计工具选购指南——2026 买家手册,01-How-To/what-to-look-for-in-ai-design-tool-buyers-guide-zh.md
P1-good-candidate,79,02-Comparison,pt,(blank),multilingual-cluster,6,1,ai-design-vs-diy-canva-which-saves-more-time,ai-design-vs-diy-canva-which-saves-more-time,Design com IA vs DIY no Canva — qual de fato economiza mais tempo? Cronometramos os dois,02-Comparison/ai-design-vs-diy-canva-which-saves-more-time-pt.md
P1-good-candidate,79,02-Comparison,ru,(blank),multilingual-cluster,6,1,ai-design-vs-diy-canva-which-saves-more-time,ai-design-vs-diy-canva-which-saves-more-time,Дизайн с ИИ vs DIY в Canva — что реально экономит больше времени? Засекли по секундомеру,02-Comparison/ai-design-vs-diy-canva-which-saves-more-time-ru.md
P1-good-candidate,79,03-Industry-Segment,en,(blank),multilingual-cluster,4,1,best-ai-design-agent-for-amazon-seller,best-ai-design-agent-for-amazon-seller,,03-Industry-Segment/best-ai-design-agent-for-amazon-seller.md
P1-good-candidate,79,03-Industry-Segment,en,(blank),multilingual-cluster,4,1,best-ai-design-agent-for-bakery-owner,best-ai-design-agent-for-bakery-owner,,03-Industry-Segment/best-ai-design-agent-for-bakery-owner.md
P1-good-candidate,79,03-Industry-Segment,en,(blank),multilingual-cluster,4,1,best-ai-design-agent-for-brow-artist,best-ai-design-agent-for-brow-artist,,03-Industry-Segment/best-ai-design-agent-for-brow-artist.md
P1-good-candidate,79,03-Industry-Segment,en,(blank),multilingual-cluster,4,1,best-ai-design-agent-for-catering-business,best-ai-design-agent-for-catering-business,,03-Industry-Segment/best-ai-design-agent-for-catering-business.md
P1-good-candidate,79,03-Industry-Segment,en,(blank),multilingual-cluster,4,1,best-ai-design-agent-for-chef,best-ai-design-agent-for-chef,,03-Industry-Segment/best-ai-design-agent-for-chef.md
P1-good-candidate,79,03-Industry-Segment,en,(blank),multilingual-cluster,4,1,best-ai-design-agent-for-coach,best-ai-design-agent-for-coach,,03-Industry-Segment/best-ai-design-agent-for-coach.md
P1-good-candidate,79,03-Industry-Segment,en,(blank),multilingual-cluster,4,1,best-ai-design-agent-for-coffee-shop-owner,best-ai-design-agent-for-coffee-shop-owner,,03-Industry-Segment/best-ai-design-agent-for-coffee-shop-owner.md
P1-good-candidate,79,03-Industry-Segment,en,(blank),multilingual-cluster,4,1,best-ai-design-agent-for-consultant,best-ai-design-agent-for-consultant,,03-Industry-Segment/best-ai-design-agent-for-consultant.md
P1-good-candidate,79,03-Industry-Segment,en,(blank),multilingual-cluster,4,1,best-ai-design-agent-for-course-creator,best-ai-design-agent-for-course-creator,,03-Industry-Segment/best-ai-design-agent-for-course-creator.md
P1-good-candidate,79,03-Industry-Segment,en,(blank),multilingual-cluster,4,1,best-ai-design-agent-for-digital-agency-owner,best-ai-design-agent-for-digital-agency-owner,,03-Industry-Segment/best-ai-design-agent-for-digital-agency-owner.md
P1-good-candidate,79,03-Industry-Segment,en,(blank),multilingual-cluster,4,1,best-ai-design-agent-for-dtc-founder,best-ai-design-agent-for-dtc-founder,,03-Industry-Segment/best-ai-design-agent-for-dtc-founder.md
P1-good-candidate,79,03-Industry-Segment,en,(blank),multilingual-cluster,4,1,best-ai-design-agent-for-ecommerce-seller,best-ai-design-agent-for-ecommerce-seller,,03-Industry-Segment/best-ai-design-agent-for-ecommerce-seller.md
P1-good-candidate,79,03-Industry-Segment,en,(blank),multilingual-cluster,4,1,best-ai-design-agent-for-esthetician,best-ai-design-agent-for-esthetician,,03-Industry-Segment/best-ai-design-agent-for-esthetician.md
P1-good-candidate,79,03-Industry-Segment,en,(blank),multilingual-cluster,4,1,best-ai-design-agent-for-food-blogger,best-ai-design-agent-for-food-blogger,,03-Industry-Segment/best-ai-design-agent-for-food-blogger.md
P1-good-candidate,79,03-Industry-Segment,en,(blank),multilingual-cluster,4,1,best-ai-design-agent-for-food-truck-owner,best-ai-design-agent-for-food-truck-owner,,03-Industry-Segment/best-ai-design-agent-for-food-truck-owner.md
P1-good-candidate,79,03-Industry-Segment,en,(blank),multilingual-cluster,4,1,best-ai-design-agent-for-freelancer,best-ai-design-agent-for-freelancer,,03-Industry-Segment/best-ai-design-agent-for-freelancer.md
P1-good-candidate,79,03-Industry-Segment,en,(blank),multilingual-cluster,4,1,best-ai-design-agent-for-gym-owner,best-ai-design-agent-for-gym-owner,,03-Industry-Segment/best-ai-design-agent-for-gym-owner.md
P1-good-candidate,79,03-Industry-Segment,en,(blank),multilingual-cluster,4,1,best-ai-design-agent-for-hair-salon-owner,best-ai-design-agent-for-hair-salon-owner,,03-Industry-Segment/best-ai-design-agent-for-hair-salon-owner.md
P1-good-candidate,79,03-Industry-Segment,en,(blank),multilingual-cluster,4,1,best-ai-design-agent-for-influencer,best-ai-design-agent-for-influencer,,03-Industry-Segment/best-ai-design-agent-for-influencer.md
P1-good-candidate,79,03-Industry-Segment,en,(blank),multilingual-cluster,4,1,best-ai-design-agent-for-lash-technician,best-ai-design-agent-for-lash-technician,,03-Industry-Segment/best-ai-design-agent-for-lash-technician.md
P1-good-candidate,79,03-Industry-Segment,en,(blank),multilingual-cluster,4,1,best-ai-design-agent-for-makeup-studio-owner,best-ai-design-agent-for-makeup-studio-owner,,03-Industry-Segment/best-ai-design-agent-for-makeup-studio-owner.md
P1-good-candidate,79,03-Industry-Segment,en,(blank),multilingual-cluster,4,1,best-ai-design-agent-for-meal-prep-business,best-ai-design-agent-for-meal-prep-business,,03-Industry-Segment/best-ai-design-agent-for-meal-prep-business.md
P1-good-candidate,79,03-Industry-Segment,en,(blank),multilingual-cluster,4,1,best-ai-design-agent-for-nail-studio-owner,best-ai-design-agent-for-nail-studio-owner,,03-Industry-Segment/best-ai-design-agent-for-nail-studio-owner.md
P1-good-candidate,79,03-Industry-Segment,en,(blank),multilingual-cluster,4,1,best-ai-design-agent-for-nutritionist,best-ai-design-agent-for-nutritionist,,03-Industry-Segment/best-ai-design-agent-for-nutritionist.md
P1-good-candidate,79,03-Industry-Segment,en,(blank),multilingual-cluster,4,1,best-ai-design-agent-for-personal-trainer,best-ai-design-agent-for-personal-trainer,,03-Industry-Segment/best-ai-design-agent-for-personal-trainer.md
P1-good-candidate,79,03-Industry-Segment,en,(blank),multilingual-cluster,4,1,best-ai-design-agent-for-piercing-studio,best-ai-design-agent-for-piercing-studio,,03-Industry-Segment/best-ai-design-agent-for-piercing-studio.md
P1-good-candidate,79,03-Industry-Segment,en,(blank),multilingual-cluster,4,1,best-ai-design-agent-for-pizzeria-owner,best-ai-design-agent-for-pizzeria-owner,,03-Industry-Segment/best-ai-design-agent-for-pizzeria-owner.md
P1-good-candidate,79,03-Industry-Segment,en,(blank),multilingual-cluster,4,1,best-ai-design-agent-for-podcaster,best-ai-design-agent-for-podcaster,,03-Industry-Segment/best-ai-design-agent-for-podcaster.md
P1-good-candidate,79,03-Industry-Segment,en,(blank),multilingual-cluster,4,1,best-ai-design-agent-for-realtor,best-ai-design-agent-for-realtor,,03-Industry-Segment/best-ai-design-agent-for-realtor.md
P1-good-candidate,79,03-Industry-Segment,en,(blank),multilingual-cluster,4,1,best-ai-design-agent-for-restaurant-manager,best-ai-design-agent-for-restaurant-manager,,03-Industry-Segment/best-ai-design-agent-for-restaurant-manager.md
P1-good-candidate,79,03-Industry-Segment,en,(blank),multilingual-cluster,4,1,best-ai-design-agent-for-restaurant-owner,best-ai-design-agent-for-restaurant-owner,,03-Industry-Segment/best-ai-design-agent-for-restaurant-owner.md
P1-good-candidate,79,03-Industry-Segment,en,(blank),multilingual-cluster,4,1,best-ai-design-agent-for-sushi-restaurant-owner,best-ai-design-agent-for-sushi-restaurant-owner,,03-Industry-Segment/best-ai-design-agent-for-sushi-restaurant-owner.md
P1-good-candidate,79,03-Industry-Segment,en,(blank),multilingual-cluster,4,1,best-ai-design-agent-for-tattoo-artist,best-ai-design-agent-for-tattoo-artist,,03-Industry-Segment/best-ai-design-agent-for-tattoo-artist.md
P1-good-candidate,79,03-Industry-Segment,en,(blank),multilingual-cluster,4,1,best-ai-design-agent-for-vegan-restaurant-owner,best-ai-design-agent-for-vegan-restaurant-owner,,03-Industry-Segment/best-ai-design-agent-for-vegan-restaurant-owner.md
P1-good-candidate,79,03-Industry-Segment,en,(blank),multilingual-cluster,4,1,best-ai-design-agent-for-yoga-studio-owner,best-ai-design-agent-for-yoga-studio-owner,,03-Industry-Segment/best-ai-design-agent-for-yoga-studio-owner.md
P1-good-candidate,79,08-Best-Practice,ja,(blank),multilingual-cluster,4,1,05-best-practice-brand-kit-ja,05-best-practice-brand-kit,Best Practice: Set Up Your Brand Kit in 5 Minutes,08-Best-Practice/05-best-practice-brand-kit-ja.md
P1-good-candidate,79,08-Best-Practice,zh,(blank),multilingual-cluster,4,1,05-best-practice-brand-kit-zh,05-best-practice-brand-kit,最佳实践：5分钟设置你的品牌套件,08-Best-Practice/05-best-practice-brand-kit-zh.md
P1-good-candidate,79,08-Best-Practice,zh-TW,(blank),multilingual-cluster,4,1,05-best-practice-brand-kit-zhtw,05-best-practice-brand-kit,Best Practice: Set Up Your Brand Kit in 5 Minutes,08-Best-Practice/05-best-practice-brand-kit-zhtw.md
P1-good-candidate,79,08-Best-Practice,ja,(blank),multilingual-cluster,3,1,how-to-politely-argue-with-ai-iteration-tips,how-to-politely-argue-with-ai-iteration-tips,【日本語】 The Art of AI Negotiation — Getting Exactly What You Want Without Starting Over,08-Best-Practice/37-how-to-politely-argue-with-ai-iteration-tips-ja.md
P1-good-candidate,79,08-Best-Practice,zh,(blank),multilingual-cluster,3,1,how-to-politely-argue-with-ai-iteration-tips,how-to-politely-argue-with-ai-iteration-tips,AI谈判的艺术——无需重来，精准获取理想成果,08-Best-Practice/37-how-to-politely-argue-with-ai-iteration-tips-zh.md
P1-good-candidate,79,08-Best-Practice,zh-TW,(blank),multilingual-cluster,3,1,how-to-politely-argue-with-ai-iteration-tips,how-to-politely-argue-with-ai-iteration-tips,【繁體】 The Art of AI Negotiation — Getting Exactly What You Want Without Starting Over,08-Best-Practice/37-how-to-politely-argue-with-ai-iteration-tips-zhtw.md
P1-good-candidate,79,08-Best-Practice,ja,(blank),multilingual-cluster,2,1,remixing-elements-combining-best-of-three-generations,remixing-elements-combining-best-of-three-generations,【日本語】 Remixing Elements — Combining the ベスト Parts of Three Different AI Generations,08-Best-Practice/39-remixing-elements-combining-best-of-three-generations-ja.md
P1-good-candidate,79,08-Best-Practice,zh-TW,(blank),multilingual-cluster,2,1,remixing-elements-combining-best-of-three-generations,remixing-elements-combining-best-of-three-generations,【繁體】 Remixing Elements — Combining the 最佳 Parts of Three Different AI Generations,08-Best-Practice/39-remixing-elements-combining-best-of-three-generations-zhtw.md
P1-good-candidate,79,09-Better-Design,en,(blank),multilingual-cluster,4,1,02-cluster-color-theory-ai,02-cluster-color-theory-ai,Color Theory Meets AI: How Lovart Builds Palettes That Actually Work,09-Better-Design/02-cluster-color-theory-ai.md
P1-good-candidate,79,09-Better-Design,en,(blank),multilingual-cluster,4,1,03-cluster-color-psychology-ai-design,03-cluster-color-psychology-ai-design,Color Psychology in AI Design: Choosing the Right Palette for Your Brand,09-Better-Design/03-cluster-color-psychology-ai-design.md
P1-good-candidate,79,09-Better-Design,en,(blank),multilingual-cluster,2,1,33-in-situ-marketing-product-in-use-ai-photos,33-in-situ-marketing-product-in-use-ai-photos,In-Situ Marketing — Why Customers Need to See Your Product in Use (and How AI Makes It Easy),09-Better-Design/33-in-situ-marketing-product-in-use-ai-photos.md
P1-good-candidate,79,09-Better-Design,en,(blank),multilingual-cluster,4,1,psychology-of-ai-design-why-some-images-convert,psychology-of-ai-design-why-some-images-convert,The Psychology of AI Design — Why Some Images Convert and Others Don't,09-Better-Design/psychology-of-ai-design-why-some-images-convert.md
P1-good-candidate,78,02-Comparison,zh,(blank),multilingual-cluster,2,1,02-mcot-vs-prompt-engineering-experiment-zh,02-mcot-vs-prompt-engineering-experiment,MCoT vs 提示工程 — 我们进行了100项测试，看哪种AI设计方法更胜一筹,02-Comparison/02-mcot-vs-prompt-engineering-experiment-zh.md
P1-good-candidate,78,02-Comparison,ja,(blank),multilingual-cluster,6,1,03-best-practice-psd-vs-png-ja,03-best-practice-psd-vs-png,Best Practice: PSD vs PNG Export — When to Use Each Format,02-Comparison/03-best-practice-psd-vs-png-ja.md
P1-good-candidate,78,02-Comparison,zh,(blank),multilingual-cluster,6,1,03-best-practice-psd-vs-png-zh,03-best-practice-psd-vs-png,最佳实践：PSD 与 PNG 导出——何时使用每种格式,02-Comparison/03-best-practice-psd-vs-png-zh.md
P1-good-candidate,78,02-Comparison,zh-TW,(blank),multilingual-cluster,6,1,03-best-practice-psd-vs-png-zhtw,03-best-practice-psd-vs-png,Best Practice: PSD vs PNG Export — When to Use Each Format,02-Comparison/03-best-practice-psd-vs-png-zhtw.md
P1-good-candidate,78,02-Comparison,zh,(blank),multilingual-cluster,2,1,22-trendy-vs-timeless-ai-logo-wont-look-dated-zh,22-trendy-vs-timeless-ai-logo-wont-look-dated,潮流 vs 永恒——如何向AI索要一个明年不会过时的Logo,02-Comparison/22-trendy-vs-timeless-ai-logo-wont-look-dated-zh.md
P1-good-candidate,78,02-Comparison,zh,(blank),multilingual-cluster,2,1,40-the-subtractive-method-when-to-erase-vs-replace-ai-zh,40-the-subtractive-method-when-to-erase-vs-replace-ai,减法设计法——AI设计中何时擦除、何时替换,02-Comparison/40-the-subtractive-method-when-to-erase-vs-replace-ai-zh.md
P1-good-candidate,78,02-Comparison,ja,(blank),multilingual-cluster,6,1,ai-creative-video-tools-compared-ja,ai-creative-video-tools-compared,Creative AI Video Tools Compared: Claymation vs Loop vs Fantasy Generators,02-Comparison/ai-creative-video-tools-compared-ja.md
P1-good-candidate,78,02-Comparison,zh,(blank),multilingual-cluster,6,1,ai-creative-video-tools-compared-zh,ai-creative-video-tools-compared,创意AI视频工具对比：黏土动画 vs 循环视频 vs 奇幻生成器,02-Comparison/ai-creative-video-tools-compared-zh.md
P1-good-candidate,78,02-Comparison,zh-TW,(blank),multilingual-cluster,6,1,ai-creative-video-tools-compared-zhtw,ai-creative-video-tools-compared,Creative AI Video Tools Compared: Claymation vs Loop vs Fantasy Generators,02-Comparison/ai-creative-video-tools-compared-zhtw.md
P1-good-candidate,78,02-Comparison,zh,(blank),multilingual-cluster,6,1,ai-templates-vs-ai-generation-comparison-zh,ai-templates-vs-ai-generation-comparison,AI 设计模板 vs AI 生成 — 哪个更好？,02-Comparison/ai-templates-vs-ai-generation-comparison-zh.md
P1-good-candidate,78,02-Comparison,zh,(blank),multilingual-cluster,4,1,ai-vs-human-design-can-you-tell-difference,ai-vs-human-design-can-you-tell-difference,AI vs 人类设计——你能分辨出区别吗？（盲测结果）,02-Comparison/ai-vs-human-design-can-you-tell-difference-zh.md
P1-good-candidate,78,02-Comparison,ja,(blank),multilingual-cluster,4,1,b29-best-ai-design-tools-comparison-bing-ja,b29-best-ai-design-tools-comparison-bing,,02-Comparison/b29-best-ai-design-tools-comparison-bing-ja.md
P1-good-candidate,78,02-Comparison,zh,(blank),multilingual-cluster,4,1,b29-best-ai-design-tools-comparison-bing-zh,b29-best-ai-design-tools-comparison-bing,,02-Comparison/b29-best-ai-design-tools-comparison-bing-zh.md
P1-good-candidate,78,02-Comparison,zh-TW,(blank),multilingual-cluster,4,1,b29-best-ai-design-tools-comparison-bing-zhtw,b29-best-ai-design-tools-comparison-bing,,02-Comparison/b29-best-ai-design-tools-comparison-bing-zhtw.md
P1-good-candidate,78,02-Comparison,ja,(blank),multilingual-cluster,4,1,b30-ai-video-generator-comparison-bing-ja,b30-ai-video-generator-comparison-bing,,02-Comparison/b30-ai-video-generator-comparison-bing-ja.md
P1-good-candidate,78,02-Comparison,zh,(blank),multilingual-cluster,4,1,b30-ai-video-generator-comparison-bing-zh,b30-ai-video-generator-comparison-bing,,02-Comparison/b30-ai-video-generator-comparison-bing-zh.md
P1-good-candidate,78,02-Comparison,zh-TW,(blank),multilingual-cluster,4,1,b30-ai-video-generator-comparison-bing-zhtw,b30-ai-video-generator-comparison-bing,,02-Comparison/b30-ai-video-generator-comparison-bing-zhtw.md
P1-good-candidate,78,02-Comparison,ja,(blank),multilingual-cluster,4,1,b31-ai-image-generator-comparison-bing-ja,b31-ai-image-generator-comparison-bing,,02-Comparison/b31-ai-image-generator-comparison-bing-ja.md
P1-good-candidate,78,02-Comparison,zh,(blank),multilingual-cluster,4,1,b31-ai-image-generator-comparison-bing-zh,b31-ai-image-generator-comparison-bing,,02-Comparison/b31-ai-image-generator-comparison-bing-zh.md
P1-good-candidate,78,02-Comparison,zh-TW,(blank),multilingual-cluster,4,1,b31-ai-image-generator-comparison-bing-zhtw,b31-ai-image-generator-comparison-bing,,02-Comparison/b31-ai-image-generator-comparison-bing-zhtw.md
P1-good-candidate,78,02-Comparison,ja,(blank),multilingual-cluster,4,1,b32-ai-logo-maker-comparison-bing-ja,b32-ai-logo-maker-comparison-bing,,02-Comparison/b32-ai-logo-maker-comparison-bing-ja.md
P1-good-candidate,78,02-Comparison,zh,(blank),multilingual-cluster,4,1,b32-ai-logo-maker-comparison-bing-zh,b32-ai-logo-maker-comparison-bing,,02-Comparison/b32-ai-logo-maker-comparison-bing-zh.md
P1-good-candidate,78,02-Comparison,zh-TW,(blank),multilingual-cluster,4,1,b32-ai-logo-maker-comparison-bing-zhtw,b32-ai-logo-maker-comparison-bing,,02-Comparison/b32-ai-logo-maker-comparison-bing-zhtw.md
P1-good-candidate,78,02-Comparison,ja,(blank),multilingual-cluster,4,1,b33-ai-background-remover-comparison-bing-ja,b33-ai-background-remover-comparison-bing,,02-Comparison/b33-ai-background-remover-comparison-bing-ja.md
P1-good-candidate,78,02-Comparison,zh,(blank),multilingual-cluster,4,1,b33-ai-background-remover-comparison-bing-zh,b33-ai-background-remover-comparison-bing,,02-Comparison/b33-ai-background-remover-comparison-bing-zh.md
P1-good-candidate,78,02-Comparison,zh-TW,(blank),multilingual-cluster,4,1,b33-ai-background-remover-comparison-bing-zhtw,b33-ai-background-remover-comparison-bing,,02-Comparison/b33-ai-background-remover-comparison-bing-zhtw.md
P1-good-candidate,78,02-Comparison,ja,(blank),multilingual-cluster,4,1,b34-free-vs-paid-ai-design-tools-bing-ja,b34-free-vs-paid-ai-design-tools-bing,,02-Comparison/b34-free-vs-paid-ai-design-tools-bing-ja.md
P1-good-candidate,78,02-Comparison,zh,(blank),multilingual-cluster,4,1,b34-free-vs-paid-ai-design-tools-bing-zh,b34-free-vs-paid-ai-design-tools-bing,,02-Comparison/b34-free-vs-paid-ai-design-tools-bing-zh.md
P1-good-candidate,78,02-Comparison,zh-TW,(blank),multilingual-cluster,4,1,b34-free-vs-paid-ai-design-tools-bing-zhtw,b34-free-vs-paid-ai-design-tools-bing,,02-Comparison/b34-free-vs-paid-ai-design-tools-bing-zhtw.md
P1-good-candidate,78,02-Comparison,ja,(blank),multilingual-cluster,4,1,b35-ai-design-vs-traditional-software-bing-ja,b35-ai-design-vs-traditional-software-bing,,02-Comparison/b35-ai-design-vs-traditional-software-bing-ja.md
P1-good-candidate,78,02-Comparison,zh,(blank),multilingual-cluster,4,1,b35-ai-design-vs-traditional-software-bing-zh,b35-ai-design-vs-traditional-software-bing,,02-Comparison/b35-ai-design-vs-traditional-software-bing-zh.md
P1-good-candidate,78,02-Comparison,zh-TW,(blank),multilingual-cluster,4,1,b35-ai-design-vs-traditional-software-bing-zhtw,b35-ai-design-vs-traditional-software-bing,,02-Comparison/b35-ai-design-vs-traditional-software-bing-zhtw.md
P1-good-candidate,78,02-Comparison,ja,(blank),multilingual-cluster,4,1,b36-ai-avatar-tools-comparison-bing-ja,b36-ai-avatar-tools-comparison-bing,,02-Comparison/b36-ai-avatar-tools-comparison-bing-ja.md
P1-good-candidate,78,02-Comparison,zh,(blank),multilingual-cluster,4,1,b36-ai-avatar-tools-comparison-bing-zh,b36-ai-avatar-tools-comparison-bing,,02-Comparison/b36-ai-avatar-tools-comparison-bing-zh.md
P1-good-candidate,78,02-Comparison,zh-TW,(blank),multilingual-cluster,4,1,b36-ai-avatar-tools-comparison-bing-zhtw,b36-ai-avatar-tools-comparison-bing,,02-Comparison/b36-ai-avatar-tools-comparison-bing-zhtw.md
P1-good-candidate,78,02-Comparison,ja,(blank),multilingual-cluster,4,1,b37-ai-animation-tools-comparison-bing-ja,b37-ai-animation-tools-comparison-bing,,02-Comparison/b37-ai-animation-tools-comparison-bing-ja.md
P1-good-candidate,78,02-Comparison,zh,(blank),multilingual-cluster,4,1,b37-ai-animation-tools-comparison-bing-zh,b37-ai-animation-tools-comparison-bing,,02-Comparison/b37-ai-animation-tools-comparison-bing-zh.md
P1-good-candidate,78,02-Comparison,zh-TW,(blank),multilingual-cluster,4,1,b37-ai-animation-tools-comparison-bing-zhtw,b37-ai-animation-tools-comparison-bing,,02-Comparison/b37-ai-animation-tools-comparison-bing-zhtw.md
P1-good-candidate,78,02-Comparison,ja,(blank),multilingual-cluster,4,1,b38-ai-product-photography-comparison-bing-ja,b38-ai-product-photography-comparison-bing,,02-Comparison/b38-ai-product-photography-comparison-bing-ja.md
P1-good-candidate,78,02-Comparison,zh,(blank),multilingual-cluster,4,1,b38-ai-product-photography-comparison-bing-zh,b38-ai-product-photography-comparison-bing,,02-Comparison/b38-ai-product-photography-comparison-bing-zh.md
P1-good-candidate,78,02-Comparison,zh-TW,(blank),multilingual-cluster,4,1,b38-ai-product-photography-comparison-bing-zhtw,b38-ai-product-photography-comparison-bing,,02-Comparison/b38-ai-product-photography-comparison-bing-zhtw.md
P1-good-candidate,78,02-Comparison,zh,(blank),multilingual-cluster,4,1,S10-ai-design-agent-vs-image-generator-zh,s10-ai-design-agent-vs-image-generator,AI设计代理 vs AI图像生成器 — 真正的区别是什么？,02-Comparison/S10-ai-design-agent-vs-image-generator-zh.md
P1-good-candidate,78,06-Case-Study,zh,ready,multilingual-cluster,3,1,lovart-case-study-solo-designer,lovart-case-study-solo-designer,"一位独立设计师如何用 Lovart 取代 Canva、Midjourney 和 Fiverr——每年省下 4,800 美元",06-Case-Study/01-bofu-case-study-solo-designer-zh.md
P1-good-candidate,77,01-How-To,ja,(blank),multilingual-cluster,4,1,01-pillar-ai-design-technology-ja,01-pillar-ai-design-technology,From Diffusion Models to Design Agents: The Technology Stack Powering AI Design in 2026,01-How-To/01-pillar-ai-design-technology-ja.md
P1-good-candidate,77,01-How-To,zh-TW,(blank),multilingual-cluster,4,1,01-pillar-ai-design-technology-zhtw,01-pillar-ai-design-technology,From Diffusion Models to Design Agents: The Technology Stack Powering AI Design in 2026,01-How-To/01-pillar-ai-design-technology-zhtw.md
P1-good-candidate,77,01-How-To,ja,(blank),multilingual-cluster,2,1,content-refresh-q3-2026-reviews,content-refresh-q3-2026-reviews,【日本語】 Q3 2026 レビュー Articles Refreshed: What's Changed in Lovart One Year Later,01-How-To/03-content-refresh-q3-reviews-ja.md
P1-good-candidate,77,01-How-To,zh,(blank),multilingual-cluster,2,1,03-content-refresh-q3-reviews-zh,03-content-refresh-q3-reviews,2026年第三季度评测文章焕新：一年后Lovart发生了哪些变化,01-How-To/03-content-refresh-q3-reviews-zh.md
P1-good-candidate,77,01-How-To,zh-TW,(blank),multilingual-cluster,2,1,content-refresh-q3-2026-reviews,content-refresh-q3-2026-reviews,【繁體】 Q3 2026 評測 Articles Refreshed: What's Changed in Lovart One Year Later,01-How-To/03-content-refresh-q3-reviews-zhtw.md
P1-good-candidate,77,01-How-To,ja,(blank),multilingual-cluster,4,1,ai-design-cost-complete-breakdown-2026-ja,ai-design-cost-complete-breakdown-2026,How Much Does AI Design Cost? Complete Breakdown 2026,01-How-To/ai-design-cost-complete-breakdown-2026-ja.md
P1-good-candidate,77,01-How-To,zh-TW,(blank),multilingual-cluster,4,1,ai-design-cost-complete-breakdown-2026-zhtw,ai-design-cost-complete-breakdown-2026,How Much Does AI Design Cost? Complete Breakdown 2026,01-How-To/ai-design-cost-complete-breakdown-2026-zhtw.md
P1-good-candidate,77,01-How-To,ja,(blank),multilingual-cluster,4,1,ai-design-myths-debunked-2026,ai-design-myths-debunked-2026,【日本語】 5 AI デザイン Myths Debunked — What Actually Happens When You Try It,01-How-To/ai-design-myths-debunked-2026-ja.md
P1-good-candidate,77,01-How-To,zh-TW,(blank),multilingual-cluster,4,1,ai-design-myths-debunked-2026,ai-design-myths-debunked-2026,【繁體】 5 AI 設計 Myths Debunked — What Actually Happens When You Try It,01-How-To/ai-design-myths-debunked-2026-zhtw.md
P1-good-candidate,77,01-How-To,ja,(blank),multilingual-cluster,3,1,ai-design-small-business,ai-design-small-business,【日本語】 AI デザイン for Small Business Owners: What Actually Works in 2026,01-How-To/b45-ai-design-small-business-bing-ja.md
P1-good-candidate,77,01-How-To,zh-TW,(blank),multilingual-cluster,3,1,ai-design-small-business,ai-design-small-business,【繁體】 AI 設計 for Small Business Owners: What Actually Works in 2026,01-How-To/b45-ai-design-small-business-bing-zhtw.md
P1-good-candidate,77,01-How-To,ja,(blank),multilingual-cluster,4,1,content-gap-analysis-q2-2026-ja,content-gap-analysis-q2-2026,Lovart Content Gap Analysis — Q2 2026,01-How-To/content-gap-analysis-q2-2026-ja.md
P1-good-candidate,77,01-How-To,zh,(blank),multilingual-cluster,4,1,content-gap-analysis-q2-2026-zh,content-gap-analysis-q2-2026,Lovart 内容差距分析 — 2026 年第二季度,01-How-To/content-gap-analysis-q2-2026-zh.md
P1-good-candidate,77,01-How-To,zh-TW,(blank),multilingual-cluster,4,1,content-gap-analysis-q2-2026-zhtw,content-gap-analysis-q2-2026,Lovart Content Gap Analysis — Q2 2026,01-How-To/content-gap-analysis-q2-2026-zhtw.md
P1-good-candidate,77,01-How-To,ja,(blank),multilingual-cluster,4,1,free-ai-design-tools-online-no-signup-2026-ja,free-ai-design-tools-online-no-signup-2026,Free AI Design Tools Online — What You Can Actually Do Without Paying (2026),01-How-To/free-ai-design-tools-online-no-signup-2026-ja.md
P1-good-candidate,77,01-How-To,zh-TW,(blank),multilingual-cluster,4,1,free-ai-design-tools-online-no-signup-2026-zhtw,free-ai-design-tools-online-no-signup-2026,Free AI Design Tools Online — What You Can Actually Do Without Paying (2026),01-How-To/free-ai-design-tools-online-no-signup-2026-zhtw.md
P1-good-candidate,77,01-How-To,ja,(blank),multilingual-cluster,4,1,how-much-does-ai-design-cost-complete-breakdown-ja,how-much-does-ai-design-cost-complete-breakdown,How Much Does AI Design Cost? — Complete Pricing Breakdown 2026,01-How-To/how-much-does-ai-design-cost-complete-breakdown-ja.md
P1-good-candidate,77,01-How-To,zh-TW,(blank),multilingual-cluster,4,1,how-much-does-ai-design-cost-complete-breakdown-zhtw,how-much-does-ai-design-cost-complete-breakdown,How Much Does AI Design Cost? — Complete Pricing Breakdown 2026,01-How-To/how-much-does-ai-design-cost-complete-breakdown-zhtw.md
P1-good-candidate,77,01-How-To,ja,(blank),multilingual-cluster,4,1,S12-what-is-ai-design-explained-ja,s12-what-is-ai-design-explained,What Is AI Design? Everything You Need to Know in 2026,01-How-To/S12-what-is-ai-design-explained-ja.md
P1-good-candidate,77,01-How-To,zh-TW,(blank),multilingual-cluster,4,1,S12-what-is-ai-design-explained-zhtw,s12-what-is-ai-design-explained,What Is AI Design? Everything You Need to Know in 2026,01-How-To/S12-what-is-ai-design-explained-zhtw.md
P1-good-candidate,77,01-How-To,ja,(blank),multilingual-cluster,4,1,S23 - ultimate-ai-design-stack-ja,s23 - ultimate-ai-design-stack,"The Ultimate AI Design Stack: 10 Tools, Models & Workflows for 2026",01-How-To/S23 - ultimate-ai-design-stack-ja.md
P1-good-candidate,77,01-How-To,zh-TW,(blank),multilingual-cluster,4,1,S23 - ultimate-ai-design-stack-zhtw,s23 - ultimate-ai-design-stack,"The Ultimate AI Design Stack: 10 Tools, Models & Workflows for 2026",01-How-To/S23 - ultimate-ai-design-stack-zhtw.md
P1-good-candidate,77,01-How-To,ja,(blank),multilingual-cluster,4,1,social-media-calendar-cross-promotion-may-june-ja,social-media-calendar-cross-promotion-may-june,Lovart Social Media Calendar — Cross-Promotion Plan (May–June 2026),01-How-To/social-media-calendar-cross-promotion-may-june-ja.md
P1-good-candidate,77,01-How-To,zh,(blank),multilingual-cluster,4,1,social-media-calendar-cross-promotion-may-june-zh,social-media-calendar-cross-promotion-may-june,Lovart 社交媒体日历 — 跨平台推广计划（2026年5月–6月）,01-How-To/social-media-calendar-cross-promotion-may-june-zh.md
P1-good-candidate,77,01-How-To,zh-TW,(blank),multilingual-cluster,4,1,social-media-calendar-cross-promotion-may-june-zhtw,social-media-calendar-cross-promotion-may-june,Lovart Social Media Calendar — Cross-Promotion Plan (May–June 2026),01-How-To/social-media-calendar-cross-promotion-may-june-zhtw.md
P1-good-candidate,77,03-Industry-Segment,en,(blank),single,1,1,01-industry-healthcare-hipaa-marketing,01-industry-healthcare-hipaa-marketing,Healthcare Marketing Design: Creating HIPAA-Aware Visuals That Build Patient Trust,03-Industry-Segment/01-industry-healthcare-hipaa-marketing.md
P1-good-candidate,77,03-Industry-Segment,en,(blank),single,1,1,02-industry-legal-marketing-design,02-industry-legal-marketing-design,Legal Marketing Design: Ethical Visual Strategies for Attorneys in 2027,03-Industry-Segment/02-industry-legal-marketing-design.md
P1-good-candidate,77,03-Industry-Segment,en,(blank),multilingual-cluster,4,1,02-industry-open-house-marketing,02-industry-open-house-marketing,Open House Marketing Kit with AI: Everything You Need to Pack the House,03-Industry-Segment/02-industry-open-house-marketing.md
P1-good-candidate,77,03-Industry-Segment,en,(blank),multilingual-cluster,4,1,02-industry-product-screenshot-beautification,02-industry-product-screenshot-beautification,Product Screenshot Beautification: Making Your UI Shine in App Stores and Marketing,03-Industry-Segment/02-industry-product-screenshot-beautification.md
P1-good-candidate,77,03-Industry-Segment,en,(blank),single,1,1,02-segment-education-design,02-segment-education-design,"AI Design for Education: Course Materials, Certificates & Everything In Between",03-Industry-Segment/02-segment-education-design.md
P1-good-candidate,77,03-Industry-Segment,en,(blank),multilingual-cluster,2,1,02-segment-nonprofit-design,02-segment-nonprofit-design,AI Design for Nonprofits: Maximize Impact on a Budget,03-Industry-Segment/02-segment-nonprofit-design.md
P1-good-candidate,77,03-Industry-Segment,en,(blank),multilingual-cluster,4,1,ai-design-for-comedians-entertainers,ai-design-for-comedians-entertainers,"AI Design for Comedians & Entertainers — Show Posters, Clips & Personal Brand",03-Industry-Segment/ai-design-for-comedians-entertainers.md
P1-good-candidate,77,03-Industry-Segment,en,(blank),multilingual-cluster,4,1,ai-design-for-linkedin-personal-branding,ai-design-for-linkedin-personal-branding,AI Design for LinkedIn Personal Branding — Stand Out in the Feed,03-Industry-Segment/ai-design-for-linkedin-personal-branding.md
P1-good-candidate,77,03-Industry-Segment,en,(blank),multilingual-cluster,4,1,ai-design-for-newsletters-email-marketing,ai-design-for-newsletters-email-marketing,"AI Design for Newsletters & Email Marketing — Headers, GIFs & Templates",03-Industry-Segment/ai-design-for-newsletters-email-marketing.md
P1-good-candidate,77,03-Industry-Segment,en,(blank),multilingual-cluster,4,1,ai-design-for-podcasters-complete-visual-kit,ai-design-for-podcasters-complete-visual-kit,AI Design for Podcasters — Complete Visual Kit from Cover Art to Social,03-Industry-Segment/ai-design-for-podcasters-complete-visual-kit.md
P1-good-candidate,77,03-Industry-Segment,en,(blank),multilingual-cluster,4,1,ai-design-for-restaurant-chains-multi-location,ai-design-for-restaurant-chains-multi-location,AI Design for Restaurant Chains — Multi-Location Brand Consistency,03-Industry-Segment/ai-design-for-restaurant-chains-multi-location.md
P1-good-candidate,77,03-Industry-Segment,en,(blank),multilingual-cluster,4,1,ai-design-for-social-media-managers-daily-workflow,ai-design-for-social-media-managers-daily-workflow,AI Design for Social Media Managers — A Complete Daily Workflow,03-Industry-Segment/ai-design-for-social-media-managers-daily-workflow.md
P1-good-candidate,77,03-Industry-Segment,en,(blank),multilingual-cluster,4,1,ai-design-for-tattoo-artists-studios,ai-design-for-tattoo-artists-studios,"AI Design for Tattoo Artists — Flash Sheets, Stencils & Studio Branding",03-Industry-Segment/ai-design-for-tattoo-artists-studios.md
P1-good-candidate,77,03-Industry-Segment,en,(blank),multilingual-cluster,4,1,ai-design-for-tiktok-creators-viral-visuals,ai-design-for-tiktok-creators-viral-visuals,AI Design for TikTok Creators — Viral Visuals That Stop the Scroll,03-Industry-Segment/ai-design-for-tiktok-creators-viral-visuals.md
P1-good-candidate,77,08-Best-Practice,ja,(blank),multilingual-cluster,4,1,01-best-practice-nano-banana-consistency-ja,01-best-practice-nano-banana-consistency,Best Practice: Getting Consistent Results with Nano Banana,08-Best-Practice/01-best-practice-nano-banana-consistency-ja.md
P1-good-candidate,77,08-Best-Practice,zh,(blank),multilingual-cluster,4,1,01-best-practice-nano-banana-consistency-zh,01-best-practice-nano-banana-consistency,最佳实践：使用 Nano Banana 获得一致结果,08-Best-Practice/01-best-practice-nano-banana-consistency-zh.md
P1-good-candidate,77,08-Best-Practice,zh-TW,(blank),multilingual-cluster,4,1,01-best-practice-nano-banana-consistency-zhtw,01-best-practice-nano-banana-consistency,Best Practice: Getting Consistent Results with Nano Banana,08-Best-Practice/01-best-practice-nano-banana-consistency-zhtw.md
P1-good-candidate,77,08-Best-Practice,ja,(blank),multilingual-cluster,4,1,04-best-practice-chatcanvas-layout-ja,04-best-practice-chatcanvas-layout,Best Practice: ChatCanvas Layout Strategy for Maximum Productivity,08-Best-Practice/04-best-practice-chatcanvas-layout-ja.md
P1-good-candidate,77,08-Best-Practice,zh,(blank),multilingual-cluster,4,1,04-best-practice-chatcanvas-layout-zh,04-best-practice-chatcanvas-layout,最佳实践：最大化生产力的 ChatCanvas 布局策略,08-Best-Practice/04-best-practice-chatcanvas-layout-zh.md
P1-good-candidate,77,08-Best-Practice,zh-TW,(blank),multilingual-cluster,4,1,04-best-practice-chatcanvas-layout-zhtw,04-best-practice-chatcanvas-layout,Best Practice: ChatCanvas Layout Strategy for Maximum Productivity,08-Best-Practice/04-best-practice-chatcanvas-layout-zhtw.md
P1-good-candidate,77,09-Better-Design,ja,(blank),multilingual-cluster,4,1,ai-design-mistakes-10-common-errors-how-to-fix,ai-design-mistakes-10-common-errors-how-to-fix,【日本語】 10 Common AI デザイン よくある間違い and 方法 Fix Them,09-Better-Design/ai-design-mistakes-10-common-errors-how-to-fix-ja.md
P1-good-candidate,77,09-Better-Design,zh-TW,(blank),multilingual-cluster,4,1,ai-design-mistakes-10-common-errors-how-to-fix,ai-design-mistakes-10-common-errors-how-to-fix,【繁體】 10 Common AI 設計 常見錯誤 and 如何 Fix Them,09-Better-Design/ai-design-mistakes-10-common-errors-how-to-fix-zhtw.md
P1-good-candidate,75,01-How-To,en,(blank),multilingual-cluster,4,1,01-cluster-image-to-video,01-cluster-image-to-video,Image to Video Tutorial: Transform Static Photos into Cinematic Motion,01-How-To/01-cluster-image-to-video.md
P1-good-candidate,75,01-How-To,en,(blank),single,1,1,01-enterprise-scaling-agency-ai,01-enterprise-scaling-agency-ai,Scaling Your Design Agency with AI: From 5 to 50 Clients Without Scaling Headcount,01-How-To/01-enterprise-scaling-agency-ai.md
P1-good-candidate,75,01-How-To,en,(blank),multilingual-cluster,4,1,02-cluster-ai-shorts-generator,02-cluster-ai-shorts-generator,AI Shorts Generator: Create Viral Short-Form Videos in Minutes,01-How-To/02-cluster-ai-shorts-generator.md
P1-good-candidate,75,01-How-To,en,(blank),multilingual-cluster,2,1,02-cluster-discord-community-design,02-cluster-discord-community-design,"Discord Community Design: Banners, Icons & Visuals That Build Engagement",01-How-To/02-cluster-discord-community-design.md
P1-good-candidate,75,01-How-To,en,(blank),single,1,1,02-content-refresh-pillar-3-4,02-content-refresh-pillar-3-4,Content Refresh: Our E-Commerce and Social Media Pillar Pages Have Been Updated for 2027,01-How-To/02-content-refresh-pillar-3-4.md
P1-good-candidate,75,01-How-To,en,(blank),multilingual-cluster,4,1,03-cluster-ai-lip-sync,03-cluster-ai-lip-sync,AI Lip Sync Tutorial: Make Any Character Speak Naturally,01-How-To/03-cluster-ai-lip-sync.md
P1-good-candidate,75,01-How-To,en,(blank),multilingual-cluster,4,1,03-cluster-cinematic-camera-control,03-cluster-cinematic-camera-control,Cinematic Camera Control: Direct AI Video Like a Filmmaker,01-How-To/03-cluster-cinematic-camera-control.md
P1-good-candidate,75,01-How-To,en,(blank),multilingual-cluster,2,1,25-meet-nano-bot-consistent-ai-mascot-blog,25-meet-nano-bot-consistent-ai-mascot-blog,Meet Nano-Bot — How We Created a Consistent AI Mascot for Our Blog,01-How-To/25-meet-nano-bot-consistent-ai-mascot-blog.md
P1-good-candidate,75,01-How-To,en,(blank),multilingual-cluster,2,1,26-storyboarding-consistent-character-video-script-ai,26-storyboarding-consistent-character-video-script-ai,Storyboarding with AI — Using Your Consistent Character to Outline a Video,01-How-To/26-storyboarding-consistent-character-video-script-ai.md
P1-good-candidate,75,01-How-To,en,(blank),single,1,1,27-virtual-influencers-brands-replacing-human-models-ai,27-virtual-influencers-brands-replacing-human-models-ai,Virtual Influencers — How Brands Are Replacing Human Models with AI Avatars,01-How-To/27-virtual-influencers-brands-replacing-human-models-ai.md
P1-good-candidate,75,01-How-To,en,(blank),single,1,1,28-event-countdown-5-days-teaser-graphics-ai,28-event-countdown-5-days-teaser-graphics-ai,Event Countdown — Generating 5 Days of Teaser Graphics That Look Connected,01-How-To/28-event-countdown-5-days-teaser-graphics-ai.md
P1-good-candidate,75,01-How-To,en,(blank),single,1,1,32-amazon-requirements-ai-white-background-images,32-amazon-requirements-ai-white-background-images,Amazon Image Requirements — Generating AI Photos That Comply with White Background Rules,01-How-To/32-amazon-requirements-ai-white-background-images.md
P1-good-candidate,75,01-How-To,en,(blank),multilingual-cluster,2,1,34-merch-drop-print-ai-art-hoodies-no-white-box,34-merch-drop-print-ai-art-hoodies-no-white-box,Merch Drop — Printing AI Art on Hoodies Without the White Box Background,01-How-To/34-merch-drop-print-ai-art-hoodies-no-white-box.md
P1-good-candidate,75,01-How-To,en,(blank),single,1,1,36-storytelling-thumbnails-intrigue-not-just-subject,36-storytelling-thumbnails-intrigue-not-just-subject,Storytelling Thumbnails — Creating Intrigue Rather Than Just Showing the Subject,01-How-To/36-storytelling-thumbnails-intrigue-not-just-subject.md
P1-good-candidate,75,01-How-To,en,(blank),multilingual-cluster,4,1,ab-testing-designs-generating-variations-ai,ab-testing-designs-generating-variations-ai,,01-How-To/ab-testing-designs-generating-variations-ai.md
P1-good-candidate,75,01-How-To,en,(blank),multilingual-cluster,4,1,b39-ai-design-tools-faq-bing,b39-ai-design-tools-faq-bing,,01-How-To/b39-ai-design-tools-faq-bing.md
P1-good-candidate,75,01-How-To,en,(blank),multilingual-cluster,4,1,b40-ai-video-generation-faq-bing,b40-ai-video-generation-faq-bing,,01-How-To/b40-ai-video-generation-faq-bing.md
P1-good-candidate,75,01-How-To,en,(blank),multilingual-cluster,4,1,b41-ai-image-generation-faq-bing,b41-ai-image-generation-faq-bing,,01-How-To/b41-ai-image-generation-faq-bing.md
P1-good-candidate,75,01-How-To,en,(blank),multilingual-cluster,4,1,b44-ai-design-business-faq-bing,b44-ai-design-business-faq-bing,,01-How-To/b44-ai-design-business-faq-bing.md
P1-good-candidate,75,01-How-To,en,(blank),multilingual-cluster,4,1,global-expansion-translate-campaign-poster-ai,global-expansion-translate-campaign-poster-ai,,01-How-To/global-expansion-translate-campaign-poster-ai.md
P1-good-candidate,75,01-How-To,en,(blank),multilingual-cluster,4,1,hyper-personalization-posters-niche-audiences-ai,hyper-personalization-posters-niche-audiences-ai,,01-How-To/hyper-personalization-posters-niche-audiences-ai.md
P1-good-candidate,75,01-How-To,en,(blank),multilingual-cluster,4,1,remix-culture-editable-ai-assets-new-stock-photography,remix-culture-editable-ai-assets-new-stock-photography,,01-How-To/remix-culture-editable-ai-assets-new-stock-photography.md
P1-good-candidate,75,01-How-To,en,(blank),multilingual-cluster,4,1,rise-of-generalist-creator-ai-design,rise-of-generalist-creator-ai-design,,01-How-To/rise-of-generalist-creator-ai-design.md
P1-good-candidate,75,01-How-To,en,(blank),multilingual-cluster,4,1,S13-why-your-designs-look-amateur,s13-why-your-designs-look-amateur,Why Your Designs Look Amateur (and How AI Fixes These 7 Mistakes),01-How-To/S13-why-your-designs-look-amateur.md
P1-good-candidate,75,01-How-To,en,(blank),multilingual-cluster,4,1,step-by-step-3d-character-without-photoshop,step-by-step-3d-character-without-photoshop,,01-How-To/step-by-step-3d-character-without-photoshop.md
P1-good-candidate,75,01-How-To,en,(blank),multilingual-cluster,4,1,step-by-step-ad-creatives-without-photoshop,step-by-step-ad-creatives-without-photoshop,,01-How-To/step-by-step-ad-creatives-without-photoshop.md
P1-good-candidate,75,01-How-To,en,(blank),multilingual-cluster,4,1,step-by-step-ai-effects-without-photoshop,step-by-step-ai-effects-without-photoshop,,01-How-To/step-by-step-ai-effects-without-photoshop.md
P1-good-candidate,75,01-How-To,en,(blank),multilingual-cluster,4,1,step-by-step-ai-short-videos-without-photoshop,step-by-step-ai-short-videos-without-photoshop,,01-How-To/step-by-step-ai-short-videos-without-photoshop.md
P1-good-candidate,75,01-How-To,en,(blank),multilingual-cluster,4,1,step-by-step-appointment-cards-without-photoshop,step-by-step-appointment-cards-without-photoshop,,01-How-To/step-by-step-appointment-cards-without-photoshop.md
P1-good-candidate,75,01-How-To,en,(blank),multilingual-cluster,4,1,step-by-step-channel-art-without-photoshop,step-by-step-channel-art-without-photoshop,,01-How-To/step-by-step-channel-art-without-photoshop.md
P1-good-candidate,75,01-How-To,en,(blank),multilingual-cluster,4,1,step-by-step-fb-ads-without-photoshop,step-by-step-fb-ads-without-photoshop,,01-How-To/step-by-step-fb-ads-without-photoshop.md
P1-good-candidate,75,01-How-To,en,(blank),multilingual-cluster,4,1,step-by-step-fb-post-cover-without-photoshop,step-by-step-fb-post-cover-without-photoshop,,01-How-To/step-by-step-fb-post-cover-without-photoshop.md
P1-good-candidate,75,01-How-To,en,(blank),multilingual-cluster,4,1,step-by-step-google-ads-without-photoshop,step-by-step-google-ads-without-photoshop,,01-How-To/step-by-step-google-ads-without-photoshop.md
P1-good-candidate,75,01-How-To,en,(blank),multilingual-cluster,4,1,step-by-step-illustration-without-photoshop,step-by-step-illustration-without-photoshop,,01-How-To/step-by-step-illustration-without-photoshop.md
P1-good-candidate,75,01-How-To,en,(blank),multilingual-cluster,4,1,step-by-step-instagram-posts-without-photoshop,step-by-step-instagram-posts-without-photoshop,,01-How-To/step-by-step-instagram-posts-without-photoshop.md
P1-good-candidate,75,01-How-To,en,(blank),multilingual-cluster,4,1,step-by-step-linkedin-banner-without-photoshop,step-by-step-linkedin-banner-without-photoshop,,01-How-To/step-by-step-linkedin-banner-without-photoshop.md
P1-good-candidate,75,01-How-To,en,(blank),multilingual-cluster,4,1,step-by-step-menus-without-photoshop,step-by-step-menus-without-photoshop,,01-How-To/step-by-step-menus-without-photoshop.md
P1-good-candidate,75,01-How-To,en,(blank),multilingual-cluster,4,1,step-by-step-open-house-flyers-without-photoshop,step-by-step-open-house-flyers-without-photoshop,,01-How-To/step-by-step-open-house-flyers-without-photoshop.md
P1-good-candidate,75,01-How-To,en,(blank),multilingual-cluster,4,1,step-by-step-podcast-cover-art-without-photoshop,step-by-step-podcast-cover-art-without-photoshop,,01-How-To/step-by-step-podcast-cover-art-without-photoshop.md
P1-good-candidate,75,01-How-To,en,(blank),multilingual-cluster,4,1,step-by-step-price-lists-without-photoshop,step-by-step-price-lists-without-photoshop,,01-How-To/step-by-step-price-lists-without-photoshop.md
P1-good-candidate,75,01-How-To,en,(blank),multilingual-cluster,4,1,step-by-step-reels-cover-without-photoshop,step-by-step-reels-cover-without-photoshop,,01-How-To/step-by-step-reels-cover-without-photoshop.md
P1-good-candidate,75,01-How-To,en,(blank),multilingual-cluster,4,1,step-by-step-table-tents-without-photoshop,step-by-step-table-tents-without-photoshop,,01-How-To/step-by-step-table-tents-without-photoshop.md
P1-good-candidate,75,01-How-To,en,(blank),multilingual-cluster,4,1,step-by-step-tiktok-ads-without-photoshop,step-by-step-tiktok-ads-without-photoshop,,01-How-To/step-by-step-tiktok-ads-without-photoshop.md
P1-good-candidate,75,01-How-To,en,(blank),multilingual-cluster,4,1,step-by-step-ui-layout-without-photoshop,step-by-step-ui-layout-without-photoshop,,01-How-To/step-by-step-ui-layout-without-photoshop.md
P1-good-candidate,75,01-How-To,en,(blank),multilingual-cluster,4,1,step-by-step-youtube-thumbnails-without-photoshop,step-by-step-youtube-thumbnails-without-photoshop,,01-How-To/step-by-step-youtube-thumbnails-without-photoshop.md
P1-good-candidate,75,03-Industry-Segment,ja,(blank),multilingual-cluster,4,1,04-segment-real-estate-agents-ja,04-segment-real-estate-agents,Best AI Design Agent for Real Estate Agents: Transform Property Marketing,03-Industry-Segment/04-segment-real-estate-agents-ja.md
P1-good-candidate,75,03-Industry-Segment,zh-TW,(blank),multilingual-cluster,4,1,04-segment-real-estate-agents-zhtw,04-segment-real-estate-agents,Best AI Design Agent for Real Estate Agents: Transform Property Marketing,03-Industry-Segment/04-segment-real-estate-agents-zhtw.md
P1-good-candidate,75,03-Industry-Segment,ja,(blank),multilingual-cluster,4,1,best-ai-design-agent-for-aesthetics-studio,best-ai-design-agent-for-aesthetics-studio,"【日本語】 ベスト AI デザイン Agent for Aesthetics Studios — Treatment Menus, Before-After Frameworks & Clinical-Luxe ブランドing",03-Industry-Segment/best-ai-design-agent-for-aesthetics-studio-ja.md
P1-good-candidate,75,03-Industry-Segment,zh-TW,(blank),multilingual-cluster,4,1,best-ai-design-agent-for-aesthetics-studio,best-ai-design-agent-for-aesthetics-studio,"【繁體】 最佳 AI 設計 Agent for Aesthetics Studios — Treatment Menus, Before-After Frameworks & Clinical-Luxe 品牌ing",03-Industry-Segment/best-ai-design-agent-for-aesthetics-studio-zhtw.md
P1-good-candidate,75,03-Industry-Segment,ja,(blank),multilingual-cluster,4,1,best-ai-design-agent-for-amazon-seller,best-ai-design-agent-for-amazon-seller,"【日本語】 ベスト AI デザイン Agent for Amazon Sellers: White Background Main Images, Lifestyle Shots & A+ Modules by Lovart",03-Industry-Segment/best-ai-design-agent-for-amazon-seller-ja.md
P1-good-candidate,75,03-Industry-Segment,zh,(blank),multilingual-cluster,4,1,best-ai-design-agent-for-amazon-seller,best-ai-design-agent-for-amazon-seller,亚马逊卖家最佳AI设计助手：Lovart 打造白底主图、生活场景图及A+模块,03-Industry-Segment/best-ai-design-agent-for-amazon-seller-zh.md
P1-good-candidate,75,03-Industry-Segment,zh-TW,(blank),multilingual-cluster,4,1,best-ai-design-agent-for-amazon-seller,best-ai-design-agent-for-amazon-seller,"【繁體】 最佳 AI 設計 Agent for Amazon Sellers: White Background Main Images, Lifestyle Shots & A+ Modules by Lovart",03-Industry-Segment/best-ai-design-agent-for-amazon-seller-zhtw.md
P1-good-candidate,75,03-Industry-Segment,ja,(blank),multilingual-cluster,4,1,best-ai-design-agent-for-artisan-bakery-owner,best-ai-design-agent-for-artisan-bakery-owner,"【日本語】 ベスト AI デザイン Agent for Artisan Bakery Owners — Bread Menus, Sourdough Storytelling & Rustic ブランドing",03-Industry-Segment/best-ai-design-agent-for-artisan-bakery-owner-ja.md
P1-good-candidate,75,03-Industry-Segment,zh-TW,(blank),multilingual-cluster,4,1,best-ai-design-agent-for-artisan-bakery-owner,best-ai-design-agent-for-artisan-bakery-owner,"【繁體】 最佳 AI 設計 Agent for Artisan Bakery Owners — Bread Menus, Sourdough Storytelling & Rustic 品牌ing",03-Industry-Segment/best-ai-design-agent-for-artisan-bakery-owner-zhtw.md
P1-good-candidate,75,03-Industry-Segment,ja,(blank),multilingual-cluster,4,1,best-ai-design-agent-for-bakery-owner,best-ai-design-agent-for-bakery-owner,"【日本語】 ベスト AI デザイン Agent for Bakery Owners: Lovart's Daily Specials, Cake Catalogs & Instagram Food Styling",03-Industry-Segment/best-ai-design-agent-for-bakery-owner-ja.md
P1-good-candidate,75,03-Industry-Segment,zh-TW,(blank),multilingual-cluster,4,1,best-ai-design-agent-for-bakery-owner,best-ai-design-agent-for-bakery-owner,"【繁體】 最佳 AI 設計 Agent for Bakery Owners: Lovart's Daily Specials, Cake Catalogs & Instagram Food Styling",03-Industry-Segment/best-ai-design-agent-for-bakery-owner-zhtw.md
P1-good-candidate,75,03-Industry-Segment,ja,(blank),multilingual-cluster,4,1,best-ai-design-agent-for-beauty-bar,best-ai-design-agent-for-beauty-bar,"【日本語】 ベスト AI デザイン Agent for Beauty Bars — Service Menus, Lash & Brow Promos & Glam-Ready Social コンテンツ",03-Industry-Segment/best-ai-design-agent-for-beauty-bar-ja.md
P1-good-candidate,75,03-Industry-Segment,zh-TW,(blank),multilingual-cluster,4,1,best-ai-design-agent-for-beauty-bar,best-ai-design-agent-for-beauty-bar,"【繁體】 最佳 AI 設計 Agent for Beauty Bars — Service Menus, Lash & Brow Promos & Glam-Ready Social 內容",03-Industry-Segment/best-ai-design-agent-for-beauty-bar-zhtw.md
P1-good-candidate,75,03-Industry-Segment,ja,(blank),multilingual-cluster,4,1,best-ai-design-agent-for-beauty-brand-founder,best-ai-design-agent-for-beauty-brand-founder,"【日本語】 ベスト AI デザイン Agent for Beauty ブランド Founders — Product Launch Visuals, Packaging Concepts & DTC-Ready ブランドing",03-Industry-Segment/best-ai-design-agent-for-beauty-brand-founder-ja.md
P1-good-candidate,75,03-Industry-Segment,zh,(blank),multilingual-cluster,4,1,best-ai-design-agent-for-beauty-brand-founder-zh,best-ai-design-agent-for-beauty-brand-founder,最佳美容品牌创始人AI设计助手——产品发布视觉、包装概念与直面消费者品牌形象,03-Industry-Segment/best-ai-design-agent-for-beauty-brand-founder-zh.md
P1-good-candidate,75,03-Industry-Segment,zh-TW,(blank),multilingual-cluster,4,1,best-ai-design-agent-for-beauty-brand-founder,best-ai-design-agent-for-beauty-brand-founder,"【繁體】 最佳 AI 設計 Agent for Beauty 品牌 Founders — Product Launch Visuals, Packaging Concepts & DTC-Ready 品牌ing",03-Industry-Segment/best-ai-design-agent-for-beauty-brand-founder-zhtw.md
P1-good-candidate,75,03-Industry-Segment,ja,(blank),multilingual-cluster,4,1,best-ai-design-agent-for-beauty-salon-owner,best-ai-design-agent-for-beauty-salon-owner,【日本語】 ベスト AI デザイン Agent for Beauty Salon Owners — From Price List to Instagram Feed,03-Industry-Segment/best-ai-design-agent-for-beauty-salon-owner-ja.md
P1-good-candidate,75,03-Industry-Segment,zh-TW,(blank),multilingual-cluster,4,1,best-ai-design-agent-for-beauty-salon-owner,best-ai-design-agent-for-beauty-salon-owner,【繁體】 最佳 AI 設計 Agent for Beauty Salon Owners — From Price List to Instagram Feed,03-Industry-Segment/best-ai-design-agent-for-beauty-salon-owner-zhtw.md
P1-good-candidate,75,03-Industry-Segment,ja,(blank),multilingual-cluster,4,1,best-ai-design-agent-for-blogger,best-ai-design-agent-for-blogger,"【日本語】 ベスト AI デザイン Agent for Bloggers — Featured Images, Lead Magnets & コンテンツ-Upgrade Visuals",03-Industry-Segment/best-ai-design-agent-for-blogger-ja.md
P1-good-candidate,75,03-Industry-Segment,zh-TW,(blank),multilingual-cluster,4,1,best-ai-design-agent-for-blogger,best-ai-design-agent-for-blogger,"【繁體】 最佳 AI 設計 Agent for Bloggers — Featured Images, Lead Magnets & 內容-Upgrade Visuals",03-Industry-Segment/best-ai-design-agent-for-blogger-zhtw.md
P1-good-candidate,75,03-Industry-Segment,ja,(blank),multilingual-cluster,4,1,best-ai-design-agent-for-bookstore-owner,best-ai-design-agent-for-bookstore-owner,"【日本語】 ベスト AI デザイン Agent for Bookstore Owners — Event Flyers, Reading ガイドs & Literary-Inspired ブランドing",03-Industry-Segment/best-ai-design-agent-for-bookstore-owner-ja.md
P1-good-candidate,75,03-Industry-Segment,zh-TW,(blank),multilingual-cluster,4,1,best-ai-design-agent-for-bookstore-owner,best-ai-design-agent-for-bookstore-owner,"【繁體】 最佳 AI 設計 Agent for Bookstore Owners — Event Flyers, Reading 指南s & Literary-Inspired 品牌ing",03-Industry-Segment/best-ai-design-agent-for-bookstore-owner-zhtw.md
P1-good-candidate,75,03-Industry-Segment,ja,(blank),multilingual-cluster,4,1,best-ai-design-agent-for-boutique-fitness-studio,best-ai-design-agent-for-boutique-fitness-studio,"【日本語】 ベスト AI デザイン Agent for Boutique Fitness Studios — Class Packs, Challenge Graphics & Sweat-Ready Social",03-Industry-Segment/best-ai-design-agent-for-boutique-fitness-studio-ja.md
P1-good-candidate,75,03-Industry-Segment,zh-TW,(blank),multilingual-cluster,4,1,best-ai-design-agent-for-boutique-fitness-studio,best-ai-design-agent-for-boutique-fitness-studio,"【繁體】 最佳 AI 設計 Agent for Boutique Fitness Studios — Class Packs, Challenge Graphics & Sweat-Ready Social",03-Industry-Segment/best-ai-design-agent-for-boutique-fitness-studio-zhtw.md
P1-good-candidate,75,03-Industry-Segment,ja,(blank),multilingual-cluster,4,1,best-ai-design-agent-for-boutique-owner,best-ai-design-agent-for-boutique-owner,"【日本語】 ベスト AI デザイン Agent for Boutique Owners — Lookbook デザイン, Collection Drop Promos & Curated Shop ブランドing",03-Industry-Segment/best-ai-design-agent-for-boutique-owner-ja.md
P1-good-candidate,75,03-Industry-Segment,zh-TW,(blank),multilingual-cluster,4,1,best-ai-design-agent-for-boutique-owner,best-ai-design-agent-for-boutique-owner,"【繁體】 最佳 AI 設計 Agent for Boutique Owners — Lookbook 設計, Collection Drop Promos & Curated Shop 品牌ing",03-Industry-Segment/best-ai-design-agent-for-boutique-owner-zhtw.md
P1-good-candidate,75,03-Industry-Segment,ja,(blank),multilingual-cluster,4,1,best-ai-design-agent-for-brick-and-mortar,best-ai-design-agent-for-brick-and-mortar,"【日本語】 ベスト AI デザイン Agent for Brick-and-Mortar Businesses — Foot-Traffic マーケティング, Storefront ブランドing & Local Visual Presence",03-Industry-Segment/best-ai-design-agent-for-brick-and-mortar-ja.md
P1-good-candidate,75,03-Industry-Segment,zh-TW,(blank),multilingual-cluster,4,1,best-ai-design-agent-for-brick-and-mortar,best-ai-design-agent-for-brick-and-mortar,"【繁體】 最佳 AI 設計 Agent for Brick-and-Mortar Businesses — Foot-Traffic 行銷, Storefront 品牌ing & Local Visual Presence",03-Industry-Segment/best-ai-design-agent-for-brick-and-mortar-zhtw.md
P1-good-candidate,75,03-Industry-Segment,ja,(blank),multilingual-cluster,4,1,best-ai-design-agent-for-brow-artist,best-ai-design-agent-for-brow-artist,"【日本語】 ベスト AI デザイン Agent for Brow Artists: Brow Mapping ガイドs, Service Menus & Microblading Visuals by Lovart",03-Industry-Segment/best-ai-design-agent-for-brow-artist-ja.md
P1-good-candidate,75,03-Industry-Segment,zh-TW,(blank),multilingual-cluster,4,1,best-ai-design-agent-for-brow-artist,best-ai-design-agent-for-brow-artist,"【繁體】 最佳 AI 設計 Agent for Brow Artists: Brow Mapping 指南s, Service Menus & Microblading Visuals by Lovart",03-Industry-Segment/best-ai-design-agent-for-brow-artist-zhtw.md
P1-good-candidate,75,03-Industry-Segment,ja,(blank),multilingual-cluster,4,1,best-ai-design-agent-for-cafe-owner,best-ai-design-agent-for-cafe-owner,"【日本語】 ベスト AI デザイン Agent for Cafe Owners — デザイン Your Menu, Social & ブランド in One Place",03-Industry-Segment/best-ai-design-agent-for-cafe-owner-ja.md
P1-good-candidate,75,03-Industry-Segment,zh-TW,(blank),multilingual-cluster,4,1,best-ai-design-agent-for-cafe-owner,best-ai-design-agent-for-cafe-owner,"【繁體】 最佳 AI 設計 Agent for Cafe Owners — 設計 Your Menu, Social & 品牌 in One Place",03-Industry-Segment/best-ai-design-agent-for-cafe-owner-zhtw.md
P1-good-candidate,75,03-Industry-Segment,ja,(blank),multilingual-cluster,4,1,best-ai-design-agent-for-cake-shop-owner,best-ai-design-agent-for-cake-shop-owner,"【日本語】 ベスト AI デザイン Agent for Cake Shop Owners — Custom Order Forms, Cake Portfolio Galleries & Celebration-Ready コンテンツ",03-Industry-Segment/best-ai-design-agent-for-cake-shop-owner-ja.md
P1-good-candidate,75,03-Industry-Segment,zh-TW,(blank),multilingual-cluster,4,1,best-ai-design-agent-for-cake-shop-owner,best-ai-design-agent-for-cake-shop-owner,"【繁體】 最佳 AI 設計 Agent for Cake Shop Owners — Custom Order Forms, Cake Portfolio Galleries & Celebration-Ready 內容",03-Industry-Segment/best-ai-design-agent-for-cake-shop-owner-zhtw.md
P1-good-candidate,75,03-Industry-Segment,ja,(blank),multilingual-cluster,4,1,best-ai-design-agent-for-catering-business,best-ai-design-agent-for-catering-business,"【日本語】 ベスト AI デザイン Agent for Catering Businesses: Event Proposals, Buffet Cards & Catering ブランド Identity by Lovart",03-Industry-Segment/best-ai-design-agent-for-catering-business-ja.md
P1-good-candidate,75,03-Industry-Segment,zh,(blank),multilingual-cluster,4,1,best-ai-design-agent-for-catering-business,best-ai-design-agent-for-catering-business,餐饮企业最佳AI设计助手：Lovart打造活动提案、自助餐卡与餐饮品牌形象,03-Industry-Segment/best-ai-design-agent-for-catering-business-zh.md
P1-good-candidate,75,03-Industry-Segment,zh-TW,(blank),multilingual-cluster,4,1,best-ai-design-agent-for-catering-business,best-ai-design-agent-for-catering-business,"【繁體】 最佳 AI 設計 Agent for Catering Businesses: Event Proposals, Buffet Cards & Catering 品牌 Identity by Lovart",03-Industry-Segment/best-ai-design-agent-for-catering-business-zhtw.md
P1-good-candidate,75,03-Industry-Segment,ja,(blank),multilingual-cluster,4,1,best-ai-design-agent-for-chef,best-ai-design-agent-for-chef,"【日本語】 ベスト AI デザイン Agent for Chefs: Tasting Menu Cards, Plating Diagrams & Personal ブランド Visuals by Lovart",03-Industry-Segment/best-ai-design-agent-for-chef-ja.md
P1-good-candidate,75,03-Industry-Segment,zh-TW,(blank),multilingual-cluster,4,1,best-ai-design-agent-for-chef,best-ai-design-agent-for-chef,"【繁體】 最佳 AI 設計 Agent for Chefs: Tasting Menu Cards, Plating Diagrams & Personal 品牌 Visuals by Lovart",03-Industry-Segment/best-ai-design-agent-for-chef-zhtw.md
P1-good-candidate,75,03-Industry-Segment,ja,(blank),multilingual-cluster,4,1,best-ai-design-agent-for-coach,best-ai-design-agent-for-coach,"【日本語】 ベスト AI デザイン Agent for Coaches: Workbook デザイン, Certificates & Course Covers by Lovart",03-Industry-Segment/best-ai-design-agent-for-coach-ja.md
P1-good-candidate,75,03-Industry-Segment,zh,(blank),multilingual-cluster,4,1,best-ai-design-agent-for-coach,best-ai-design-agent-for-coach,教练的最佳AI设计助手：Lovart 打造的工作簿、证书与课程封面,03-Industry-Segment/best-ai-design-agent-for-coach-zh.md
P1-good-candidate,75,03-Industry-Segment,zh-TW,(blank),multilingual-cluster,4,1,best-ai-design-agent-for-coach,best-ai-design-agent-for-coach,"【繁體】 最佳 AI 設計 Agent for Coaches: Workbook 設計, Certificates & Course Covers by Lovart",03-Industry-Segment/best-ai-design-agent-for-coach-zhtw.md
P1-good-candidate,75,03-Industry-Segment,ja,(blank),multilingual-cluster,4,1,best-ai-design-agent-for-coffee-shop-owner,best-ai-design-agent-for-coffee-shop-owner,"【日本語】 ベスト AI デザイン Agent for Coffee Shop Owners: Chalkboard Menus, Cup Sleeves & Loyalty Cards by Lovart",03-Industry-Segment/best-ai-design-agent-for-coffee-shop-owner-ja.md
P1-good-candidate,75,03-Industry-Segment,zh,(blank),multilingual-cluster,4,1,best-ai-design-agent-for-coffee-shop-owner,best-ai-design-agent-for-coffee-shop-owner,咖啡店主的最佳AI设计助手：黑板菜单、杯套与会员卡 — Lovart,03-Industry-Segment/best-ai-design-agent-for-coffee-shop-owner-zh.md
P1-good-candidate,75,03-Industry-Segment,zh-TW,(blank),multilingual-cluster,4,1,best-ai-design-agent-for-coffee-shop-owner,best-ai-design-agent-for-coffee-shop-owner,"【繁體】 最佳 AI 設計 Agent for Coffee Shop Owners: Chalkboard Menus, Cup Sleeves & Loyalty Cards by Lovart",03-Industry-Segment/best-ai-design-agent-for-coffee-shop-owner-zhtw.md
P1-good-candidate,75,03-Industry-Segment,ja,(blank),multilingual-cluster,4,1,best-ai-design-agent-for-consultant,best-ai-design-agent-for-consultant,"【日本語】 ベスト AI デザイン Agent for Consultants: Presentation デザイン, White Papers & Personal ブランド Building by Lovart",03-Industry-Segment/best-ai-design-agent-for-consultant-ja.md
P1-good-candidate,75,03-Industry-Segment,zh-TW,(blank),multilingual-cluster,4,1,best-ai-design-agent-for-consultant,best-ai-design-agent-for-consultant,"【繁體】 最佳 AI 設計 Agent for Consultants: Presentation 設計, White Papers & Personal 品牌 Building by Lovart",03-Industry-Segment/best-ai-design-agent-for-consultant-zhtw.md
P1-good-candidate,75,03-Industry-Segment,ja,(blank),multilingual-cluster,4,1,best-ai-design-agent-for-content-creator,best-ai-design-agent-for-content-creator,"【日本語】 ベスト AI デザイン Agent for コンテンツ Creators — Thumbnails, Banners & Merch in Minutes",03-Industry-Segment/best-ai-design-agent-for-content-creator-ja.md
P1-good-candidate,75,03-Industry-Segment,zh-TW,(blank),multilingual-cluster,4,1,best-ai-design-agent-for-content-creator,best-ai-design-agent-for-content-creator,"【繁體】 最佳 AI 設計 Agent for 內容 Creators — Thumbnails, Banners & Merch in Minutes",03-Industry-Segment/best-ai-design-agent-for-content-creator-zhtw.md
P1-good-candidate,75,03-Industry-Segment,ja,(blank),multilingual-cluster,4,1,best-ai-design-agent-for-corporate-trainer,best-ai-design-agent-for-corporate-trainer,"【日本語】 ベスト AI デザイン Agent for Corporate Trainers — Workshop Slide Decks, Training Workbooks & Learning-Experience ブランドing",03-Industry-Segment/best-ai-design-agent-for-corporate-trainer-ja.md
P1-good-candidate,75,03-Industry-Segment,zh-TW,(blank),multilingual-cluster,4,1,best-ai-design-agent-for-corporate-trainer,best-ai-design-agent-for-corporate-trainer,"【繁體】 最佳 AI 設計 Agent for Corporate Trainers — Workshop Slide Decks, Training Workbooks & Learning-Experience 品牌ing",03-Industry-Segment/best-ai-design-agent-for-corporate-trainer-zhtw.md
P1-good-candidate,75,03-Industry-Segment,ja,(blank),multilingual-cluster,4,1,best-ai-design-agent-for-course-creator,best-ai-design-agent-for-course-creator,"【日本語】 ベスト AI デザイン Agent for Course Creators: Course Covers, Completion Certificates & マーケティング Materials by Lovart",03-Industry-Segment/best-ai-design-agent-for-course-creator-ja.md
P1-good-candidate,75,03-Industry-Segment,zh,(blank),multilingual-cluster,4,1,best-ai-design-agent-for-course-creator,best-ai-design-agent-for-course-creator,面向课程创作者的最佳AI设计助手：Lovart 打造课程封面、结业证书与营销素材,03-Industry-Segment/best-ai-design-agent-for-course-creator-zh.md
P1-good-candidate,75,03-Industry-Segment,zh-TW,(blank),multilingual-cluster,4,1,best-ai-design-agent-for-course-creator,best-ai-design-agent-for-course-creator,"【繁體】 最佳 AI 設計 Agent for Course Creators: Course Covers, Completion Certificates & 行銷 Materials by Lovart",03-Industry-Segment/best-ai-design-agent-for-course-creator-zhtw.md
P1-good-candidate,75,03-Industry-Segment,ja,(blank),multilingual-cluster,4,1,best-ai-design-agent-for-day-spa-owner,best-ai-design-agent-for-day-spa-owner,"【日本語】 ベスト AI デザイン Agent for Day Spa Owners — Treatment Menus, Social Proof & Serene ブランドing",03-Industry-Segment/best-ai-design-agent-for-day-spa-owner-ja.md
P1-good-candidate,75,03-Industry-Segment,zh-TW,(blank),multilingual-cluster,4,1,best-ai-design-agent-for-day-spa-owner,best-ai-design-agent-for-day-spa-owner,"【繁體】 最佳 AI 設計 Agent for Day Spa Owners — Treatment Menus, Social Proof & Serene 品牌ing",03-Industry-Segment/best-ai-design-agent-for-day-spa-owner-zhtw.md
P1-good-candidate,75,03-Industry-Segment,ja,(blank),multilingual-cluster,4,1,best-ai-design-agent-for-dessert-shop-owner,best-ai-design-agent-for-dessert-shop-owner,"【日本語】 ベスト AI デザイン Agent for Dessert Shop Owners — Plating Visuals, Seasonal Collections & Indulgent Social コンテンツ",03-Industry-Segment/best-ai-design-agent-for-dessert-shop-owner-ja.md
P1-good-candidate,75,03-Industry-Segment,zh-TW,(blank),multilingual-cluster,4,1,best-ai-design-agent-for-dessert-shop-owner,best-ai-design-agent-for-dessert-shop-owner,"【繁體】 最佳 AI 設計 Agent for Dessert Shop Owners — Plating Visuals, Seasonal Collections & Indulgent Social 內容",03-Industry-Segment/best-ai-design-agent-for-dessert-shop-owner-zhtw.md
P1-good-candidate,75,03-Industry-Segment,ja,(blank),multilingual-cluster,4,1,best-ai-design-agent-for-digital-agency-owner,best-ai-design-agent-for-digital-agency-owner,"【日本語】 ベスト AI デザイン Agent for Digital Agency Owners: Client Proposals, Multi-ブランド Management & Team Collaboration by Lovart",03-Industry-Segment/best-ai-design-agent-for-digital-agency-owner-ja.md
P1-good-candidate,75,03-Industry-Segment,zh,(blank),multilingual-cluster,4,1,best-ai-design-agent-for-digital-agency-owner,best-ai-design-agent-for-digital-agency-owner,数字代理机构老板的最佳AI设计助手：客户提案、多品牌管理与团队协作 — Lovart,03-Industry-Segment/best-ai-design-agent-for-digital-agency-owner-zh.md
P1-good-candidate,75,03-Industry-Segment,zh-TW,(blank),multilingual-cluster,4,1,best-ai-design-agent-for-digital-agency-owner,best-ai-design-agent-for-digital-agency-owner,"【繁體】 最佳 AI 設計 Agent for Digital Agency Owners: Client Proposals, Multi-品牌 Management & Team Collaboration by Lovart",03-Industry-Segment/best-ai-design-agent-for-digital-agency-owner-zhtw.md
P1-good-candidate,75,03-Industry-Segment,ja,(blank),multilingual-cluster,4,1,best-ai-design-agent-for-digital-marketing-manager,best-ai-design-agent-for-digital-marketing-manager,"【日本語】 ベスト AI デザイン Agent for Digital マーケティング Managers — Campaign クリエイティブ, Landing Page Visuals & Full-Funnel ブランド Assets",03-Industry-Segment/best-ai-design-agent-for-digital-marketing-manager-ja.md
P1-good-candidate,75,03-Industry-Segment,zh,(blank),multilingual-cluster,4,1,best-ai-design-agent-for-digital-marketing-manager,best-ai-design-agent-for-digital-marketing-manager,数字营销经理的最佳AI设计助手——广告创意、落地页视觉与全漏斗品牌素材,03-Industry-Segment/best-ai-design-agent-for-digital-marketing-manager-zh.md
P1-good-candidate,75,03-Industry-Segment,zh-TW,(blank),multilingual-cluster,4,1,best-ai-design-agent-for-digital-marketing-manager,best-ai-design-agent-for-digital-marketing-manager,"【繁體】 最佳 AI 設計 Agent for Digital 行銷 Managers — Campaign 創意, Landing Page Visuals & Full-Funnel 品牌 Assets",03-Industry-Segment/best-ai-design-agent-for-digital-marketing-manager-zhtw.md
P1-good-candidate,75,03-Industry-Segment,ja,(blank),multilingual-cluster,4,1,best-ai-design-agent-for-dropshipper,best-ai-design-agent-for-dropshipper,"【日本語】 ベスト AI デザイン Agent for Dropshippers — Product Listings, Ad クリエイティブ Variants & Storefront ブランドing at Scale",03-Industry-Segment/best-ai-design-agent-for-dropshipper-ja.md
P1-good-candidate,75,03-Industry-Segment,zh-TW,(blank),multilingual-cluster,4,1,best-ai-design-agent-for-dropshipper,best-ai-design-agent-for-dropshipper,"【繁體】 最佳 AI 設計 Agent for Dropshippers — Product Listings, Ad 創意 Variants & Storefront 品牌ing at Scale",03-Industry-Segment/best-ai-design-agent-for-dropshipper-zhtw.md
P1-good-candidate,75,03-Industry-Segment,ja,(blank),multilingual-cluster,4,1,best-ai-design-agent-for-dtc-founder,best-ai-design-agent-for-dtc-founder,"【日本語】 ベスト AI デザイン Agent for DTC Founders: Full ブランド Systems, Social Media Matrix & Email Visuals by Lovart",03-Industry-Segment/best-ai-design-agent-for-dtc-founder-ja.md
P1-good-candidate,75,03-Industry-Segment,zh-TW,(blank),multilingual-cluster,4,1,best-ai-design-agent-for-dtc-founder,best-ai-design-agent-for-dtc-founder,"【繁體】 最佳 AI 設計 Agent for DTC Founders: Full 品牌 Systems, Social Media Matrix & Email Visuals by Lovart",03-Industry-Segment/best-ai-design-agent-for-dtc-founder-zhtw.md
P1-good-candidate,75,03-Industry-Segment,ja,(blank),multilingual-cluster,4,1,best-ai-design-agent-for-e-book-author,best-ai-design-agent-for-e-book-author,"【日本語】 ベスト AI デザイン Agent for E-Book Authors — Cover デザイン, Lead Magnet Layouts & Book Launch Visual ブランドing",03-Industry-Segment/best-ai-design-agent-for-e-book-author-ja.md
P1-good-candidate,75,03-Industry-Segment,zh-TW,(blank),multilingual-cluster,4,1,best-ai-design-agent-for-e-book-author,best-ai-design-agent-for-e-book-author,"【繁體】 最佳 AI 設計 Agent for E-Book Authors — Cover 設計, Lead Magnet Layouts & Book Launch Visual 品牌ing",03-Industry-Segment/best-ai-design-agent-for-e-book-author-zhtw.md
P1-good-candidate,75,03-Industry-Segment,ja,(blank),multilingual-cluster,4,1,best-ai-design-agent-for-ecommerce-seller,best-ai-design-agent-for-ecommerce-seller,"【日本語】 ベスト AI デザイン Agent for Ecommerce Sellers: Product Images, Detail Pages & A+ コンテンツ by Lovart",03-Industry-Segment/best-ai-design-agent-for-ecommerce-seller-ja.md
P1-good-candidate,75,03-Industry-Segment,zh,(blank),multilingual-cluster,4,1,best-ai-design-agent-for-ecommerce-seller,best-ai-design-agent-for-ecommerce-seller,电商卖家最佳AI设计助手：Lovart 打造产品图片、详情页与A+内容,03-Industry-Segment/best-ai-design-agent-for-ecommerce-seller-zh.md
P1-good-candidate,75,03-Industry-Segment,zh-TW,(blank),multilingual-cluster,4,1,best-ai-design-agent-for-ecommerce-seller,best-ai-design-agent-for-ecommerce-seller,"【繁體】 最佳 AI 設計 Agent for Ecommerce Sellers: Product Images, Detail Pages & A+ 內容 by Lovart",03-Industry-Segment/best-ai-design-agent-for-ecommerce-seller-zhtw.md
P1-good-candidate,75,03-Industry-Segment,ja,(blank),multilingual-cluster,4,1,best-ai-design-agent-for-esthetician,best-ai-design-agent-for-esthetician,"【日本語】 ベスト AI デザイン Agent for Estheticians: Treatment Menus, Skincare Infographics & Medspa Visuals by Lovart",03-Industry-Segment/best-ai-design-agent-for-esthetician-ja.md
P1-good-candidate,75,03-Industry-Segment,zh,(blank),multilingual-cluster,4,1,best-ai-design-agent-for-esthetician,best-ai-design-agent-for-esthetician,美容师最佳AI设计助手：Lovart打造护理菜单、护肤信息图与医美视觉,03-Industry-Segment/best-ai-design-agent-for-esthetician-zh.md
P1-good-candidate,75,03-Industry-Segment,zh-TW,(blank),multilingual-cluster,4,1,best-ai-design-agent-for-esthetician,best-ai-design-agent-for-esthetician,"【繁體】 最佳 AI 設計 Agent for Estheticians: Treatment Menus, Skincare Infographics & Medspa Visuals by Lovart",03-Industry-Segment/best-ai-design-agent-for-esthetician-zhtw.md
P1-good-candidate,75,03-Industry-Segment,ja,(blank),multilingual-cluster,4,1,best-ai-design-agent-for-financial-advisor,best-ai-design-agent-for-financial-advisor,"【日本語】 ベスト AI デザイン Agent for Financial Advisors — Client Education Infographics, Market Update Visuals & Trust-Building ブランド デザイン",03-Industry-Segment/best-ai-design-agent-for-financial-advisor-ja.md
P1-good-candidate,75,03-Industry-Segment,zh-TW,(blank),multilingual-cluster,4,1,best-ai-design-agent-for-financial-advisor,best-ai-design-agent-for-financial-advisor,"【繁體】 最佳 AI 設計 Agent for Financial Advisors — Client Education Infographics, Market Update Visuals & Trust-Building 品牌 設計",03-Industry-Segment/best-ai-design-agent-for-financial-advisor-zhtw.md
P1-good-candidate,75,03-Industry-Segment,ja,(blank),multilingual-cluster,4,1,best-ai-design-agent-for-florist,best-ai-design-agent-for-florist,"【日本語】 ベスト AI デザイン Agent for Florists — Arrangement Portfolios, Wedding Proposals & Seasonal Collection ブランドing",03-Industry-Segment/best-ai-design-agent-for-florist-ja.md
P1-good-candidate,75,03-Industry-Segment,zh-TW,(blank),multilingual-cluster,4,1,best-ai-design-agent-for-florist,best-ai-design-agent-for-florist,"【繁體】 最佳 AI 設計 Agent for Florists — Arrangement Portfolios, Wedding Proposals & Seasonal Collection 品牌ing",03-Industry-Segment/best-ai-design-agent-for-florist-zhtw.md
P1-good-candidate,75,03-Industry-Segment,ja,(blank),multilingual-cluster,4,1,best-ai-design-agent-for-food-blogger,best-ai-design-agent-for-food-blogger,"【日本語】 ベスト AI デザイン Agent for Food Bloggers: Recipe Cards, ステップバイステップ ガイドs & Food Photography Visuals by Lovart",03-Industry-Segment/best-ai-design-agent-for-food-blogger-ja.md
P1-good-candidate,75,03-Industry-Segment,zh,(blank),multilingual-cluster,4,1,best-ai-design-agent-for-food-blogger,best-ai-design-agent-for-food-blogger,最佳美食博主AI设计助手：Lovart 打造食谱卡片、分步指南与美食摄影视觉,03-Industry-Segment/best-ai-design-agent-for-food-blogger-zh.md
P1-good-candidate,75,03-Industry-Segment,zh-TW,(blank),multilingual-cluster,4,1,best-ai-design-agent-for-food-blogger,best-ai-design-agent-for-food-blogger,"【繁體】 最佳 AI 設計 Agent for Food Bloggers: Recipe Cards, 逐步 指南s & Food Photography Visuals by Lovart",03-Industry-Segment/best-ai-design-agent-for-food-blogger-zhtw.md
P1-good-candidate,75,03-Industry-Segment,ja,(blank),multilingual-cluster,4,1,best-ai-design-agent-for-food-truck-owner,best-ai-design-agent-for-food-truck-owner,"【日本語】 ベスト AI デザイン Agent for Food Truck Owners: Window Menus, Truck Wrap Concepts & Event Banners by Lovart",03-Industry-Segment/best-ai-design-agent-for-food-truck-owner-ja.md
P1-good-candidate,75,03-Industry-Segment,zh,(blank),multilingual-cluster,4,1,best-ai-design-agent-for-food-truck-owner,best-ai-design-agent-for-food-truck-owner,餐车老板的最佳AI设计助手：Lovart 打造窗口菜单、车身贴膜与活动横幅,03-Industry-Segment/best-ai-design-agent-for-food-truck-owner-zh.md
P1-good-candidate,75,03-Industry-Segment,zh-TW,(blank),multilingual-cluster,4,1,best-ai-design-agent-for-food-truck-owner,best-ai-design-agent-for-food-truck-owner,"【繁體】 最佳 AI 設計 Agent for Food Truck Owners: Window Menus, Truck Wrap Concepts & Event Banners by Lovart",03-Industry-Segment/best-ai-design-agent-for-food-truck-owner-zhtw.md
P1-good-candidate,75,03-Industry-Segment,ja,(blank),multilingual-cluster,4,1,best-ai-design-agent-for-freelancer,best-ai-design-agent-for-freelancer,"【日本語】 ベスト AI デザイン Agent for Freelancers: Personal ブランドing, Portfolio デザイン & Client Proposals by Lovart",03-Industry-Segment/best-ai-design-agent-for-freelancer-ja.md
P1-good-candidate,75,03-Industry-Segment,zh-TW,(blank),multilingual-cluster,4,1,best-ai-design-agent-for-freelancer,best-ai-design-agent-for-freelancer,"【繁體】 最佳 AI 設計 Agent for Freelancers: Personal 品牌ing, Portfolio 設計 & Client Proposals by Lovart",03-Industry-Segment/best-ai-design-agent-for-freelancer-zhtw.md
P1-good-candidate,75,03-Industry-Segment,ja,(blank),multilingual-cluster,4,1,best-ai-design-agent-for-gym-owner,best-ai-design-agent-for-gym-owner,"【日本語】 ベスト AI デザイン Agent for Gym Owners: Class Schedules, Challenge Posters & Membership Campaigns by Lovart",03-Industry-Segment/best-ai-design-agent-for-gym-owner-ja.md
P1-good-candidate,75,03-Industry-Segment,zh,(blank),multilingual-cluster,4,1,best-ai-design-agent-for-gym-owner,best-ai-design-agent-for-gym-owner,最适合健身房老板的AI设计助手：Lovart帮你搞定课程表、挑战海报与会员营销活动,03-Industry-Segment/best-ai-design-agent-for-gym-owner-zh.md
P1-good-candidate,75,03-Industry-Segment,zh-TW,(blank),multilingual-cluster,4,1,best-ai-design-agent-for-gym-owner,best-ai-design-agent-for-gym-owner,"【繁體】 最佳 AI 設計 Agent for Gym Owners: Class Schedules, Challenge Posters & Membership Campaigns by Lovart",03-Industry-Segment/best-ai-design-agent-for-gym-owner-zhtw.md
P1-good-candidate,75,03-Industry-Segment,ja,(blank),multilingual-cluster,4,1,best-ai-design-agent-for-hair-salon-owner,best-ai-design-agent-for-hair-salon-owner,"【日本語】 ベスト AI デザイン Agent for Hair Salon Owners: Price Lists, Portfolio Lookbooks & TikTok Covers by Lovart",03-Industry-Segment/best-ai-design-agent-for-hair-salon-owner-ja.md
P1-good-candidate,75,03-Industry-Segment,zh,(blank),multilingual-cluster,4,1,best-ai-design-agent-for-hair-salon-owner,best-ai-design-agent-for-hair-salon-owner,最佳AI设计助手：美发沙龙业主的价格表、作品集画册与TikTok封面（Lovart出品）,03-Industry-Segment/best-ai-design-agent-for-hair-salon-owner-zh.md
P1-good-candidate,75,03-Industry-Segment,zh-TW,(blank),multilingual-cluster,4,1,best-ai-design-agent-for-hair-salon-owner,best-ai-design-agent-for-hair-salon-owner,"【繁體】 最佳 AI 設計 Agent for Hair Salon Owners: Price Lists, Portfolio Lookbooks & TikTok Covers by Lovart",03-Industry-Segment/best-ai-design-agent-for-hair-salon-owner-zhtw.md
P1-good-candidate,75,03-Industry-Segment,ja,(blank),multilingual-cluster,4,1,best-ai-design-agent-for-handmade-seller,best-ai-design-agent-for-handmade-seller,"【日本語】 ベスト AI デザイン Agent for Handmade Sellers — Product Photography, Etsy Listing Optimization & Maker ブランド Storytelling",03-Industry-Segment/best-ai-design-agent-for-handmade-seller-ja.md
P1-good-candidate,75,03-Industry-Segment,zh-TW,(blank),multilingual-cluster,4,1,best-ai-design-agent-for-handmade-seller,best-ai-design-agent-for-handmade-seller,"【繁體】 最佳 AI 設計 Agent for Handmade Sellers — Product Photography, Etsy Listing Optimization & Maker 品牌 Storytelling",03-Industry-Segment/best-ai-design-agent-for-handmade-seller-zhtw.md
P1-good-candidate,75,03-Industry-Segment,ja,(blank),multilingual-cluster,4,1,best-ai-design-agent-for-independent-cafe-owner,best-ai-design-agent-for-independent-cafe-owner,"【日本語】 ベスト AI デザイン Agent for Independent Cafe Owners — Seasonal Menus, Latte Art コンテンツ & Neighborhood ブランドing",03-Industry-Segment/best-ai-design-agent-for-independent-cafe-owner-ja.md
P1-good-candidate,75,03-Industry-Segment,zh-TW,(blank),multilingual-cluster,4,1,best-ai-design-agent-for-independent-cafe-owner,best-ai-design-agent-for-independent-cafe-owner,"【繁體】 最佳 AI 設計 Agent for Independent Cafe Owners — Seasonal Menus, Latte Art 內容 & Neighborhood 品牌ing",03-Industry-Segment/best-ai-design-agent-for-independent-cafe-owner-zhtw.md
P1-good-candidate,75,03-Industry-Segment,ja,(blank),multilingual-cluster,4,1,best-ai-design-agent-for-influencer,best-ai-design-agent-for-influencer,"【日本語】 ベスト AI デザイン Agent for Influencers: Media Kits, ブランド Partnership Proposals & コンテンツ Calendar デザイン by Lovart",03-Industry-Segment/best-ai-design-agent-for-influencer-ja.md
P1-good-candidate,75,03-Industry-Segment,zh-TW,(blank),multilingual-cluster,4,1,best-ai-design-agent-for-influencer,best-ai-design-agent-for-influencer,"【繁體】 最佳 AI 設計 Agent for Influencers: Media Kits, 品牌 Partnership Proposals & 內容 Calendar 設計 by Lovart",03-Industry-Segment/best-ai-design-agent-for-influencer-zhtw.md
P1-good-candidate,75,03-Industry-Segment,ja,(blank),multilingual-cluster,4,1,best-ai-design-agent-for-insurance-agent,best-ai-design-agent-for-insurance-agent,"【日本語】 ベスト AI デザイン Agent for Insurance Agents — Policy Explainer Infographics, Trust-Building Visuals & Client Education デザイン",03-Industry-Segment/best-ai-design-agent-for-insurance-agent-ja.md
P1-good-candidate,75,03-Industry-Segment,zh-TW,(blank),multilingual-cluster,4,1,best-ai-design-agent-for-insurance-agent,best-ai-design-agent-for-insurance-agent,"【繁體】 最佳 AI 設計 Agent for Insurance Agents — Policy Explainer Infographics, Trust-Building Visuals & Client Education 設計",03-Industry-Segment/best-ai-design-agent-for-insurance-agent-zhtw.md
P1-good-candidate,75,03-Industry-Segment,ja,(blank),multilingual-cluster,4,1,best-ai-design-agent-for-koc,best-ai-design-agent-for-koc,"【日本語】 ベスト AI デザイン Agent for Key Opinion Consumers (KOCs) — Authentic レビュー Visuals, UGC-Style コンテンツ & Micro-Influencer ブランドing",03-Industry-Segment/best-ai-design-agent-for-koc-ja.md
P1-good-candidate,75,03-Industry-Segment,zh-TW,(blank),multilingual-cluster,4,1,best-ai-design-agent-for-koc,best-ai-design-agent-for-koc,"【繁體】 最佳 AI 設計 Agent for Key Opinion Consumers (KOCs) — Authentic 評測 Visuals, UGC-Style 內容 & Micro-Influencer 品牌ing",03-Industry-Segment/best-ai-design-agent-for-koc-zhtw.md
P1-good-candidate,75,03-Industry-Segment,ja,(blank),multilingual-cluster,4,1,best-ai-design-agent-for-kol,best-ai-design-agent-for-kol,"【日本語】 ベスト AI デザイン Agent for Key Opinion Leaders (KOLs) — Sponsored コンテンツ デザイン, Media Kit Creation & Influencer ブランド Systems",03-Industry-Segment/best-ai-design-agent-for-kol-ja.md
P1-good-candidate,75,03-Industry-Segment,zh-TW,(blank),multilingual-cluster,4,1,best-ai-design-agent-for-kol,best-ai-design-agent-for-kol,"【繁體】 最佳 AI 設計 Agent for Key Opinion Leaders (KOLs) — Sponsored 內容 設計, Media Kit Creation & Influencer 品牌 Systems",03-Industry-Segment/best-ai-design-agent-for-kol-zhtw.md
P1-good-candidate,75,03-Industry-Segment,ja,(blank),multilingual-cluster,4,1,best-ai-design-agent-for-lash-technician,best-ai-design-agent-for-lash-technician,"【日本語】 ベスト AI デザイン Agent for Lash Technicians: Lash Menus, Style ガイドs & Eyelash Extension Visuals by Lovart",03-Industry-Segment/best-ai-design-agent-for-lash-technician-ja.md
P1-good-candidate,75,03-Industry-Segment,zh,(blank),multilingual-cluster,4,1,best-ai-design-agent-for-lash-technician,best-ai-design-agent-for-lash-technician,美睫技师最佳AI设计助手：Lovart打造美睫菜单、风格指南与睫毛延长视觉,03-Industry-Segment/best-ai-design-agent-for-lash-technician-zh.md
P1-good-candidate,75,03-Industry-Segment,zh-TW,(blank),multilingual-cluster,4,1,best-ai-design-agent-for-lash-technician,best-ai-design-agent-for-lash-technician,"【繁體】 最佳 AI 設計 Agent for Lash Technicians: Lash Menus, Style 指南s & Eyelash Extension Visuals by Lovart",03-Industry-Segment/best-ai-design-agent-for-lash-technician-zhtw.md
P1-good-candidate,75,03-Industry-Segment,ja,(blank),multilingual-cluster,4,1,best-ai-design-agent-for-law-firm,best-ai-design-agent-for-law-firm,"【日本語】 ベスト AI デザイン Agent for Law Firms — Practice Area Visuals, Client Education Infographics & Professional ブランド Systems",03-Industry-Segment/best-ai-design-agent-for-law-firm-ja.md
P1-good-candidate,75,03-Industry-Segment,zh-TW,(blank),multilingual-cluster,4,1,best-ai-design-agent-for-law-firm,best-ai-design-agent-for-law-firm,"【繁體】 最佳 AI 設計 Agent for Law Firms — Practice Area Visuals, Client Education Infographics & Professional 品牌 Systems",03-Industry-Segment/best-ai-design-agent-for-law-firm-zhtw.md
P1-good-candidate,75,03-Industry-Segment,ja,(blank),multilingual-cluster,4,1,best-ai-design-agent-for-life-coach,best-ai-design-agent-for-life-coach,"【日本語】 ベスト AI デザイン Agent for Life Coaches — Program Launch Visuals, Client Transformation Stories & Coaching ブランド Identity",03-Industry-Segment/best-ai-design-agent-for-life-coach-ja.md
P1-good-candidate,75,03-Industry-Segment,zh-TW,(blank),multilingual-cluster,4,1,best-ai-design-agent-for-life-coach,best-ai-design-agent-for-life-coach,"【繁體】 最佳 AI 設計 Agent for Life Coaches — Program Launch Visuals, Client Transformation Stories & Coaching 品牌 Identity",03-Industry-Segment/best-ai-design-agent-for-life-coach-zhtw.md
P1-good-candidate,75,03-Industry-Segment,ja,(blank),multilingual-cluster,4,1,best-ai-design-agent-for-lifestyle-studio,best-ai-design-agent-for-lifestyle-studio,"【日本語】 ベスト AI デザイン Agent for Lifestyle Studios — Curated ブランドing, Multi-Class Promos & Aspirational Social コンテンツ",03-Industry-Segment/best-ai-design-agent-for-lifestyle-studio-ja.md
P1-good-candidate,75,03-Industry-Segment,zh-TW,(blank),multilingual-cluster,4,1,best-ai-design-agent-for-lifestyle-studio,best-ai-design-agent-for-lifestyle-studio,"【繁體】 最佳 AI 設計 Agent for Lifestyle Studios — Curated 品牌ing, Multi-Class Promos & Aspirational Social 內容",03-Industry-Segment/best-ai-design-agent-for-lifestyle-studio-zhtw.md
P1-good-candidate,75,03-Industry-Segment,ja,(blank),multilingual-cluster,4,1,best-ai-design-agent-for-local-services,best-ai-design-agent-for-local-services,"【日本語】 ベスト AI デザイン Agent for Local Service Providers — Trust-Building Visuals, Before-After Galleries & Neighborhood ブランドing",03-Industry-Segment/best-ai-design-agent-for-local-services-ja.md
P1-good-candidate,75,03-Industry-Segment,zh-TW,(blank),multilingual-cluster,4,1,best-ai-design-agent-for-local-services,best-ai-design-agent-for-local-services,"【繁體】 最佳 AI 設計 Agent for Local Service Providers — Trust-Building Visuals, Before-After Galleries & Neighborhood 品牌ing",03-Industry-Segment/best-ai-design-agent-for-local-services-zhtw.md
P1-good-candidate,75,03-Industry-Segment,ja,(blank),multilingual-cluster,4,1,best-ai-design-agent-for-makeup-studio-owner,best-ai-design-agent-for-makeup-studio-owner,"【日本語】 ベスト AI デザイン Agent for Makeup Studio Owners: Before/After Proof, Bridal Lookbooks & チュートリアル Covers by Lovart",03-Industry-Segment/best-ai-design-agent-for-makeup-studio-owner-ja.md
P1-good-candidate,75,03-Industry-Segment,zh,(blank),multilingual-cluster,4,1,best-ai-design-agent-for-makeup-studio-owner,best-ai-design-agent-for-makeup-studio-owner,化妆工作室老板的最佳AI设计助手：前后对比证明、新娘造型册及教程封面——Lovart,03-Industry-Segment/best-ai-design-agent-for-makeup-studio-owner-zh.md
P1-good-candidate,75,03-Industry-Segment,zh-TW,(blank),multilingual-cluster,4,1,best-ai-design-agent-for-makeup-studio-owner,best-ai-design-agent-for-makeup-studio-owner,"【繁體】 最佳 AI 設計 Agent for Makeup Studio Owners: Before/After Proof, Bridal Lookbooks & 教學 Covers by Lovart",03-Industry-Segment/best-ai-design-agent-for-makeup-studio-owner-zhtw.md
P1-good-candidate,75,03-Industry-Segment,ja,(blank),multilingual-cluster,4,1,best-ai-design-agent-for-meal-prep-business,best-ai-design-agent-for-meal-prep-business,"【日本語】 ベスト AI デザイン Agent for Meal Prep Businesses: Weekly Menu Flyers, Nutrition Labels & Subscription Packaging by Lovart",03-Industry-Segment/best-ai-design-agent-for-meal-prep-business-ja.md
P1-good-candidate,75,03-Industry-Segment,zh,(blank),multilingual-cluster,4,1,best-ai-design-agent-for-meal-prep-business,best-ai-design-agent-for-meal-prep-business,最佳AI设计助手：Lovart助力餐食准备企业打造每周菜单、营养标签与订阅包装,03-Industry-Segment/best-ai-design-agent-for-meal-prep-business-zh.md
P1-good-candidate,75,03-Industry-Segment,zh-TW,(blank),multilingual-cluster,4,1,best-ai-design-agent-for-meal-prep-business,best-ai-design-agent-for-meal-prep-business,"【繁體】 最佳 AI 設計 Agent for Meal Prep Businesses: Weekly Menu Flyers, Nutrition Labels & Subscription Packaging by Lovart",03-Industry-Segment/best-ai-design-agent-for-meal-prep-business-zhtw.md
P1-good-candidate,75,03-Industry-Segment,ja,(blank),multilingual-cluster,4,1,best-ai-design-agent-for-nail-studio-owner,best-ai-design-agent-for-nail-studio-owner,"【日本語】 ベスト AI デザイン Agent for Nail Studio Owners: Color Palettes, Appointment Cards & Instagram Stories by Lovart",03-Industry-Segment/best-ai-design-agent-for-nail-studio-owner-ja.md
P1-good-candidate,75,03-Industry-Segment,zh,(blank),multilingual-cluster,4,1,best-ai-design-agent-for-nail-studio-owner,best-ai-design-agent-for-nail-studio-owner,美甲工作室老板的最佳AI设计助手：由Lovart打造的色彩搭配、预约卡与Instagram故事,03-Industry-Segment/best-ai-design-agent-for-nail-studio-owner-zh.md
P1-good-candidate,75,03-Industry-Segment,zh-TW,(blank),multilingual-cluster,4,1,best-ai-design-agent-for-nail-studio-owner,best-ai-design-agent-for-nail-studio-owner,"【繁體】 最佳 AI 設計 Agent for Nail Studio Owners: Color Palettes, Appointment Cards & Instagram Stories by Lovart",03-Industry-Segment/best-ai-design-agent-for-nail-studio-owner-zhtw.md
P1-good-candidate,75,03-Industry-Segment,ja,(blank),multilingual-cluster,4,1,best-ai-design-agent-for-nutritionist,best-ai-design-agent-for-nutritionist,"【日本語】 ベスト AI デザイン Agent for Nutritionists: Meal Plans, Client Handouts & Nutrition Education Visuals by Lovart",03-Industry-Segment/best-ai-design-agent-for-nutritionist-ja.md
P1-good-candidate,75,03-Industry-Segment,zh-TW,(blank),multilingual-cluster,4,1,best-ai-design-agent-for-nutritionist,best-ai-design-agent-for-nutritionist,"【繁體】 最佳 AI 設計 Agent for Nutritionists: Meal Plans, Client Handouts & Nutrition Education Visuals by Lovart",03-Industry-Segment/best-ai-design-agent-for-nutritionist-zhtw.md
P1-good-candidate,75,03-Industry-Segment,ja,(blank),multilingual-cluster,4,1,best-ai-design-agent-for-online-seller,best-ai-design-agent-for-online-seller,"【日本語】 ベスト AI デザイン Agent for Online Sellers — Multi-Platform Listing Visuals, Promo Graphics & Conversion-Focused Store デザイン",03-Industry-Segment/best-ai-design-agent-for-online-seller-ja.md
P1-good-candidate,75,03-Industry-Segment,zh-TW,(blank),multilingual-cluster,4,1,best-ai-design-agent-for-online-seller,best-ai-design-agent-for-online-seller,"【繁體】 最佳 AI 設計 Agent for Online Sellers — Multi-Platform Listing Visuals, Promo Graphics & Conversion-Focused Store 設計",03-Industry-Segment/best-ai-design-agent-for-online-seller-zhtw.md
P1-good-candidate,75,03-Industry-Segment,ja,(blank),multilingual-cluster,4,1,best-ai-design-agent-for-patisserie-owner,best-ai-design-agent-for-patisserie-owner,"【日本語】 ベスト AI デザイン Agent for Patisserie Owners — Entremet Galleries, Chocolate Box Collections & French-Inspired ブランドing",03-Industry-Segment/best-ai-design-agent-for-patisserie-owner-ja.md
P1-good-candidate,75,03-Industry-Segment,zh-TW,(blank),multilingual-cluster,4,1,best-ai-design-agent-for-patisserie-owner,best-ai-design-agent-for-patisserie-owner,"【繁體】 最佳 AI 設計 Agent for Patisserie Owners — Entremet Galleries, Chocolate Box Collections & French-Inspired 品牌ing",03-Industry-Segment/best-ai-design-agent-for-patisserie-owner-zhtw.md
P1-good-candidate,75,03-Industry-Segment,ja,(blank),multilingual-cluster,4,1,best-ai-design-agent-for-personal-brand-builder,best-ai-design-agent-for-personal-brand-builder,"【日本語】 ベスト AI デザイン Agent for Personal ブランド Builders — コンテンツ Visual Systems, Speaking Kit デザイン & Authority-Building ブランド Assets",03-Industry-Segment/best-ai-design-agent-for-personal-brand-builder-ja.md
P1-good-candidate,75,03-Industry-Segment,zh,(blank),multilingual-cluster,4,1,best-ai-design-agent-for-personal-brand-builder,best-ai-design-agent-for-personal-brand-builder,个人品牌打造者的最佳AI设计助手——内容视觉系统、演讲套件设计与权威建设品牌资产,03-Industry-Segment/best-ai-design-agent-for-personal-brand-builder-zh.md
P1-good-candidate,75,03-Industry-Segment,zh-TW,(blank),multilingual-cluster,4,1,best-ai-design-agent-for-personal-brand-builder,best-ai-design-agent-for-personal-brand-builder,"【繁體】 最佳 AI 設計 Agent for Personal 品牌 Builders — 內容 Visual Systems, Speaking Kit 設計 & Authority-Building 品牌 Assets",03-Industry-Segment/best-ai-design-agent-for-personal-brand-builder-zhtw.md
P1-good-candidate,75,03-Industry-Segment,ja,(blank),multilingual-cluster,4,1,best-ai-design-agent-for-personal-trainer,best-ai-design-agent-for-personal-trainer,"【日本語】 ベスト AI デザイン Agent for Personal Trainers: Training Plan Visuals, Client Results & ブランド Building by Lovart",03-Industry-Segment/best-ai-design-agent-for-personal-trainer-ja.md
P1-good-candidate,75,03-Industry-Segment,zh-TW,(blank),multilingual-cluster,4,1,best-ai-design-agent-for-personal-trainer,best-ai-design-agent-for-personal-trainer,"【繁體】 最佳 AI 設計 Agent for Personal Trainers: Training Plan Visuals, Client Results & 品牌 Building by Lovart",03-Industry-Segment/best-ai-design-agent-for-personal-trainer-zhtw.md
P1-good-candidate,75,03-Industry-Segment,ja,(blank),multilingual-cluster,4,1,best-ai-design-agent-for-piercing-studio,best-ai-design-agent-for-piercing-studio,"【日本語】 ベスト AI デザイン Agent for Piercing Studios: Jewelry Menus, Aftercare ガイドs & Body Art ブランドing by Lovart",03-Industry-Segment/best-ai-design-agent-for-piercing-studio-ja.md
P1-good-candidate,75,03-Industry-Segment,zh,(blank),multilingual-cluster,4,1,best-ai-design-agent-for-piercing-studio,best-ai-design-agent-for-piercing-studio,最佳穿环工作室AI设计助手：Lovart打造珠宝菜单、护理指南与身体艺术品牌,03-Industry-Segment/best-ai-design-agent-for-piercing-studio-zh.md
P1-good-candidate,75,03-Industry-Segment,zh-TW,(blank),multilingual-cluster,4,1,best-ai-design-agent-for-piercing-studio,best-ai-design-agent-for-piercing-studio,"【繁體】 最佳 AI 設計 Agent for Piercing Studios: Jewelry Menus, Aftercare 指南s & Body Art 品牌ing by Lovart",03-Industry-Segment/best-ai-design-agent-for-piercing-studio-zhtw.md
P1-good-candidate,75,03-Industry-Segment,ja,(blank),multilingual-cluster,4,1,best-ai-design-agent-for-pilates-studio-owner,best-ai-design-agent-for-pilates-studio-owner,"【日本語】 ベスト AI デザイン Agent for Pilates Studio Owners — Class Schedules, Reformer Promos & Clean Aesthetic ブランドing",03-Industry-Segment/best-ai-design-agent-for-pilates-studio-owner-ja.md
P1-good-candidate,75,03-Industry-Segment,zh-TW,(blank),multilingual-cluster,4,1,best-ai-design-agent-for-pilates-studio-owner,best-ai-design-agent-for-pilates-studio-owner,"【繁體】 最佳 AI 設計 Agent for Pilates Studio Owners — Class Schedules, Reformer Promos & Clean Aesthetic 品牌ing",03-Industry-Segment/best-ai-design-agent-for-pilates-studio-owner-zhtw.md
P1-good-candidate,75,03-Industry-Segment,ja,(blank),multilingual-cluster,4,1,best-ai-design-agent-for-pizzeria-owner,best-ai-design-agent-for-pizzeria-owner,"【日本語】 ベスト AI デザイン Agent for Pizzeria Owners: Menu Boards, Slice Specials & Delivery Visuals by Lovart",03-Industry-Segment/best-ai-design-agent-for-pizzeria-owner-ja.md
P1-good-candidate,75,03-Industry-Segment,zh,(blank),multilingual-cluster,4,1,best-ai-design-agent-for-pizzeria-owner,best-ai-design-agent-for-pizzeria-owner,披萨店老板的最佳AI设计助手：Lovart 助您打造菜单板、特价切片与外卖视觉,03-Industry-Segment/best-ai-design-agent-for-pizzeria-owner-zh.md
P1-good-candidate,75,03-Industry-Segment,zh-TW,(blank),multilingual-cluster,4,1,best-ai-design-agent-for-pizzeria-owner,best-ai-design-agent-for-pizzeria-owner,"【繁體】 最佳 AI 設計 Agent for Pizzeria Owners: Menu Boards, Slice Specials & Delivery Visuals by Lovart",03-Industry-Segment/best-ai-design-agent-for-pizzeria-owner-zhtw.md
P1-good-candidate,75,03-Industry-Segment,ja,(blank),multilingual-cluster,4,1,best-ai-design-agent-for-podcaster,best-ai-design-agent-for-podcaster,"【日本語】 ベスト AI デザイン Agent for Podcasters: Cover Art, Episode Illustrations & Social Media Promotion by Lovart",03-Industry-Segment/best-ai-design-agent-for-podcaster-ja.md
P1-good-candidate,75,03-Industry-Segment,zh-TW,(blank),multilingual-cluster,4,1,best-ai-design-agent-for-podcaster,best-ai-design-agent-for-podcaster,"【繁體】 最佳 AI 設計 Agent for Podcasters: Cover Art, Episode Illustrations & Social Media Promotion by Lovart",03-Industry-Segment/best-ai-design-agent-for-podcaster-zhtw.md
P1-good-candidate,75,03-Industry-Segment,ja,(blank),multilingual-cluster,4,1,best-ai-design-agent-for-private-practitioner,best-ai-design-agent-for-private-practitioner,"【日本語】 ベスト AI デザイン Agent for Private Practitioners — Patient Education, Intake Form デザイン & Clinical-Compassionate ブランドing",03-Industry-Segment/best-ai-design-agent-for-private-practitioner-ja.md
P1-good-candidate,75,03-Industry-Segment,zh-TW,(blank),multilingual-cluster,4,1,best-ai-design-agent-for-private-practitioner,best-ai-design-agent-for-private-practitioner,"【繁體】 最佳 AI 設計 Agent for Private Practitioners — Patient Education, Intake Form 設計 & Clinical-Compassionate 品牌ing",03-Industry-Segment/best-ai-design-agent-for-private-practitioner-zhtw.md
P1-good-candidate,75,03-Industry-Segment,ja,(blank),multilingual-cluster,4,1,best-ai-design-agent-for-real-estate-agent,best-ai-design-agent-for-real-estate-agent,"【日本語】 ベスト AI デザイン Agent for Real Estate Agents — Listings, Flyers & Open House Signs",03-Industry-Segment/best-ai-design-agent-for-real-estate-agent-ja.md
P1-good-candidate,75,03-Industry-Segment,zh-TW,(blank),multilingual-cluster,4,1,best-ai-design-agent-for-real-estate-agent,best-ai-design-agent-for-real-estate-agent,"【繁體】 最佳 AI 設計 Agent for Real Estate Agents — Listings, Flyers & Open House Signs",03-Industry-Segment/best-ai-design-agent-for-real-estate-agent-zhtw.md
P1-good-candidate,75,03-Industry-Segment,ja,(blank),multilingual-cluster,4,1,best-ai-design-agent-for-realtor,best-ai-design-agent-for-realtor,"【日本語】 ベスト AI デザイン Agent for Realtors: Property Listing Flyers, Open House Signage & Community ガイドs by Lovart",03-Industry-Segment/best-ai-design-agent-for-realtor-ja.md
P1-good-candidate,75,03-Industry-Segment,zh-TW,(blank),multilingual-cluster,4,1,best-ai-design-agent-for-realtor,best-ai-design-agent-for-realtor,"【繁體】 最佳 AI 設計 Agent for Realtors: Property Listing Flyers, Open House Signage & Community 指南s by Lovart",03-Industry-Segment/best-ai-design-agent-for-realtor-zhtw.md
P1-good-candidate,75,03-Industry-Segment,ja,(blank),multilingual-cluster,4,1,best-ai-design-agent-for-restaurant-manager,best-ai-design-agent-for-restaurant-manager,"【日本語】 ベスト AI デザイン Agent for Restaurant Managers: Staff Schedules, Promos & Training Visuals by Lovart",03-Industry-Segment/best-ai-design-agent-for-restaurant-manager-ja.md
P1-good-candidate,75,03-Industry-Segment,zh,(blank),multilingual-cluster,4,1,best-ai-design-agent-for-restaurant-manager,best-ai-design-agent-for-restaurant-manager,餐厅经理的最佳AI设计助手：Lovart帮你搞定员工排班、促销与培训视觉,03-Industry-Segment/best-ai-design-agent-for-restaurant-manager-zh.md
P1-good-candidate,75,03-Industry-Segment,zh-TW,(blank),multilingual-cluster,4,1,best-ai-design-agent-for-restaurant-manager,best-ai-design-agent-for-restaurant-manager,"【繁體】 最佳 AI 設計 Agent for Restaurant Managers: Staff Schedules, Promos & Training Visuals by Lovart",03-Industry-Segment/best-ai-design-agent-for-restaurant-manager-zhtw.md
P1-good-candidate,75,03-Industry-Segment,ja,(blank),multilingual-cluster,4,1,best-ai-design-agent-for-restaurant-owner,best-ai-design-agent-for-restaurant-owner,"【日本語】 ベスト AI デザイン Agent for Restaurant Owners: Lovart's Menu, Social & Delivery Visuals Solution",03-Industry-Segment/best-ai-design-agent-for-restaurant-owner-ja.md
P1-good-candidate,75,03-Industry-Segment,zh-TW,(blank),multilingual-cluster,4,1,best-ai-design-agent-for-restaurant-owner,best-ai-design-agent-for-restaurant-owner,"【繁體】 最佳 AI 設計 Agent for Restaurant Owners: Lovart's Menu, Social & Delivery Visuals Solution",03-Industry-Segment/best-ai-design-agent-for-restaurant-owner-zhtw.md
P1-good-candidate,75,03-Industry-Segment,ja,(blank),multilingual-cluster,4,1,best-ai-design-agent-for-ria-advisor,best-ai-design-agent-for-ria-advisor,"【日本語】 ベスト AI デザイン Agent for RIA Advisors — Fiduciary Education, Client Onboarding デザイン & Independent ブランドing",03-Industry-Segment/best-ai-design-agent-for-ria-advisor-ja.md
P1-good-candidate,75,03-Industry-Segment,zh-TW,(blank),multilingual-cluster,4,1,best-ai-design-agent-for-ria-advisor,best-ai-design-agent-for-ria-advisor,"【繁體】 最佳 AI 設計 Agent for RIA Advisors — Fiduciary Education, Client Onboarding 設計 & Independent 品牌ing",03-Industry-Segment/best-ai-design-agent-for-ria-advisor-zhtw.md
P1-good-candidate,75,03-Industry-Segment,ja,(blank),multilingual-cluster,4,1,best-ai-design-agent-for-shopify-merchant,best-ai-design-agent-for-shopify-merchant,"【日本語】 ベスト AI デザイン Agent for Shopify Merchants — Product Photos, Banners & Email Visuals",03-Industry-Segment/best-ai-design-agent-for-shopify-merchant-ja.md
P1-good-candidate,75,03-Industry-Segment,zh-TW,(blank),multilingual-cluster,4,1,best-ai-design-agent-for-shopify-merchant,best-ai-design-agent-for-shopify-merchant,"【繁體】 最佳 AI 設計 Agent for Shopify Merchants — Product Photos, Banners & Email Visuals",03-Industry-Segment/best-ai-design-agent-for-shopify-merchant-zhtw.md
P1-good-candidate,75,03-Industry-Segment,ja,(blank),multilingual-cluster,4,1,best-ai-design-agent-for-side-hustler,best-ai-design-agent-for-side-hustler,"【日本語】 ベスト AI デザイン Agent for Side Hustlers — Weekend-Business ブランドing, Product Launch Visuals & Growth-Ready デザイン",03-Industry-Segment/best-ai-design-agent-for-side-hustler-ja.md
P1-good-candidate,75,03-Industry-Segment,zh-TW,(blank),multilingual-cluster,4,1,best-ai-design-agent-for-side-hustler,best-ai-design-agent-for-side-hustler,"【繁體】 最佳 AI 設計 Agent for Side Hustlers — Weekend-Business 品牌ing, Product Launch Visuals & Growth-Ready 設計",03-Industry-Segment/best-ai-design-agent-for-side-hustler-zhtw.md
P1-good-candidate,75,03-Industry-Segment,ja,(blank),multilingual-cluster,4,1,best-ai-design-agent-for-skin-clinic-owner,best-ai-design-agent-for-skin-clinic-owner,"【日本語】 ベスト AI デザイン Agent for Skin Clinic Owners — Treatment Menus, Skin Condition Education & Clinical-Luxe ブランドing",03-Industry-Segment/best-ai-design-agent-for-skin-clinic-owner-ja.md
P1-good-candidate,75,03-Industry-Segment,zh-TW,(blank),multilingual-cluster,4,1,best-ai-design-agent-for-skin-clinic-owner,best-ai-design-agent-for-skin-clinic-owner,"【繁體】 最佳 AI 設計 Agent for Skin Clinic Owners — Treatment Menus, Skin Condition Education & Clinical-Luxe 品牌ing",03-Industry-Segment/best-ai-design-agent-for-skin-clinic-owner-zhtw.md
P1-good-candidate,75,03-Industry-Segment,ja,(blank),multilingual-cluster,4,1,best-ai-design-agent-for-social-media-marketing-manager,best-ai-design-agent-for-social-media-marketing-manager,"【日本語】 ベスト AI デザイン Agent for Social Media マーケティング Managers — Client コンテンツ Batching, Multi-ブランド Management & クリエイティブ Scaling",03-Industry-Segment/best-ai-design-agent-for-social-media-marketing-manager-ja.md
P1-good-candidate,75,03-Industry-Segment,zh,(blank),multilingual-cluster,4,1,best-ai-design-agent-for-social-media-marketing-manager,best-ai-design-agent-for-social-media-marketing-manager,社交媒体营销经理的最佳AI设计助手——客户内容批量处理、多品牌管理与创意规模化,03-Industry-Segment/best-ai-design-agent-for-social-media-marketing-manager-zh.md
P1-good-candidate,75,03-Industry-Segment,zh-TW,(blank),multilingual-cluster,4,1,best-ai-design-agent-for-social-media-marketing-manager,best-ai-design-agent-for-social-media-marketing-manager,"【繁體】 最佳 AI 設計 Agent for Social Media 行銷 Managers — Client 內容 Batching, Multi-品牌 Management & 創意 Scaling",03-Industry-Segment/best-ai-design-agent-for-social-media-marketing-manager-zhtw.md
P1-good-candidate,75,03-Industry-Segment,ja,(blank),multilingual-cluster,4,1,best-ai-design-agent-for-solo-practitioner,best-ai-design-agent-for-solo-practitioner,"【日本語】 ベスト AI デザイン Agent for Solo Practitioners — Service Menus, One-Person-ブランド Identity & Client Education デザイン",03-Industry-Segment/best-ai-design-agent-for-solo-practitioner-ja.md
P1-good-candidate,75,03-Industry-Segment,zh-TW,(blank),multilingual-cluster,4,1,best-ai-design-agent-for-solo-practitioner,best-ai-design-agent-for-solo-practitioner,"【繁體】 最佳 AI 設計 Agent for Solo Practitioners — Service Menus, One-Person-品牌 Identity & Client Education 設計",03-Industry-Segment/best-ai-design-agent-for-solo-practitioner-zhtw.md
P1-good-candidate,75,03-Industry-Segment,ja,(blank),multilingual-cluster,4,1,best-ai-design-agent-for-solopreneur,best-ai-design-agent-for-solopreneur,"【日本語】 ベスト AI デザイン Agent for Solopreneurs — One-Person-Business ブランドing, Proposal デザイン & Client-Ready Visuals",03-Industry-Segment/best-ai-design-agent-for-solopreneur-ja.md
P1-good-candidate,75,03-Industry-Segment,zh-TW,(blank),multilingual-cluster,4,1,best-ai-design-agent-for-solopreneur,best-ai-design-agent-for-solopreneur,"【繁體】 最佳 AI 設計 Agent for Solopreneurs — One-Person-Business 品牌ing, Proposal 設計 & Client-Ready Visuals",03-Industry-Segment/best-ai-design-agent-for-solopreneur-zhtw.md
P1-good-candidate,75,03-Industry-Segment,ja,(blank),multilingual-cluster,4,1,best-ai-design-agent-for-streamer,best-ai-design-agent-for-streamer,"【日本語】 ベスト AI デザイン Agent for Streamers — Overlay デザイン, Alert Graphics & Stream ブランド Identity",03-Industry-Segment/best-ai-design-agent-for-streamer-ja.md
P1-good-candidate,75,03-Industry-Segment,zh-TW,(blank),multilingual-cluster,4,1,best-ai-design-agent-for-streamer,best-ai-design-agent-for-streamer,"【繁體】 最佳 AI 設計 Agent for Streamers — Overlay 設計, Alert Graphics & Stream 品牌 Identity",03-Industry-Segment/best-ai-design-agent-for-streamer-zhtw.md
P1-good-candidate,75,03-Industry-Segment,ja,(blank),multilingual-cluster,4,1,best-ai-design-agent-for-sushi-restaurant-owner,best-ai-design-agent-for-sushi-restaurant-owner,"【日本語】 ベスト AI デザイン Agent for Sushi Restaurant Owners: Omakase Menus, Nigiri ガイドs & Japanese Aesthetic Visuals by Lovart",03-Industry-Segment/best-ai-design-agent-for-sushi-restaurant-owner-ja.md
P1-good-candidate,75,03-Industry-Segment,zh,(blank),multilingual-cluster,4,1,best-ai-design-agent-for-sushi-restaurant-owner,best-ai-design-agent-for-sushi-restaurant-owner,寿司店老板的最佳AI设计助手：由Lovart打造的Omakase菜单、握寿司指南与日式美学视觉,03-Industry-Segment/best-ai-design-agent-for-sushi-restaurant-owner-zh.md
P1-good-candidate,75,03-Industry-Segment,zh-TW,(blank),multilingual-cluster,4,1,best-ai-design-agent-for-sushi-restaurant-owner,best-ai-design-agent-for-sushi-restaurant-owner,"【繁體】 最佳 AI 設計 Agent for Sushi Restaurant Owners: Omakase Menus, Nigiri 指南s & Japanese Aesthetic Visuals by Lovart",03-Industry-Segment/best-ai-design-agent-for-sushi-restaurant-owner-zhtw.md
P1-good-candidate,75,03-Industry-Segment,ja,(blank),multilingual-cluster,4,1,best-ai-design-agent-for-tattoo-artist,best-ai-design-agent-for-tattoo-artist,"【日本語】 ベスト AI デザイン Agent for Tattoo Artists: Flash Sheets, Portfolio デザイン & Tattoo Studio ブランドing by Lovart",03-Industry-Segment/best-ai-design-agent-for-tattoo-artist-ja.md
P1-good-candidate,75,03-Industry-Segment,zh,(blank),multilingual-cluster,4,1,best-ai-design-agent-for-tattoo-artist,best-ai-design-agent-for-tattoo-artist,最佳AI设计助手：纹身师的闪绘页、作品集设计与工作室品牌打造 — Lovart,03-Industry-Segment/best-ai-design-agent-for-tattoo-artist-zh.md
P1-good-candidate,75,03-Industry-Segment,zh-TW,(blank),multilingual-cluster,4,1,best-ai-design-agent-for-tattoo-artist,best-ai-design-agent-for-tattoo-artist,"【繁體】 最佳 AI 設計 Agent for Tattoo Artists: Flash Sheets, Portfolio 設計 & Tattoo Studio 品牌ing by Lovart",03-Industry-Segment/best-ai-design-agent-for-tattoo-artist-zhtw.md
P1-good-candidate,75,03-Industry-Segment,ja,(blank),multilingual-cluster,4,1,best-ai-design-agent-for-vegan-restaurant-owner,best-ai-design-agent-for-vegan-restaurant-owner,"【日本語】 ベスト AI デザイン Agent for Vegan Restaurant Owners: Plant-Based Menus, Sustainability Visuals & Ethical ブランド デザイン by Lovart",03-Industry-Segment/best-ai-design-agent-for-vegan-restaurant-owner-ja.md
P1-good-candidate,75,03-Industry-Segment,zh-TW,(blank),multilingual-cluster,4,1,best-ai-design-agent-for-vegan-restaurant-owner,best-ai-design-agent-for-vegan-restaurant-owner,"【繁體】 最佳 AI 設計 Agent for Vegan Restaurant Owners: Plant-Based Menus, Sustainability Visuals & Ethical 品牌 設計 by Lovart",03-Industry-Segment/best-ai-design-agent-for-vegan-restaurant-owner-zhtw.md
P1-good-candidate,75,03-Industry-Segment,ja,(blank),multilingual-cluster,4,1,best-ai-design-agent-for-vlogger,best-ai-design-agent-for-vlogger,"【日本語】 ベスト AI デザイン Agent for Vloggers — Thumbnail デザイン, Channel ブランドing & B-Roll Visuals at Scale",03-Industry-Segment/best-ai-design-agent-for-vlogger-ja.md
P1-good-candidate,75,03-Industry-Segment,zh-TW,(blank),multilingual-cluster,4,1,best-ai-design-agent-for-vlogger,best-ai-design-agent-for-vlogger,"【繁體】 最佳 AI 設計 Agent for Vloggers — Thumbnail 設計, Channel 品牌ing & B-Roll Visuals at Scale",03-Industry-Segment/best-ai-design-agent-for-vlogger-zhtw.md
P1-good-candidate,75,03-Industry-Segment,ja,(blank),multilingual-cluster,4,1,best-ai-design-agent-for-wellness-studio,best-ai-design-agent-for-wellness-studio,"【日本語】 ベスト AI デザイン Agent for Wellness Studios — Holistic ブランドing, Workshop Flyers & Mindful Visuals",03-Industry-Segment/best-ai-design-agent-for-wellness-studio-ja.md
P1-good-candidate,75,03-Industry-Segment,zh-TW,(blank),multilingual-cluster,4,1,best-ai-design-agent-for-wellness-studio,best-ai-design-agent-for-wellness-studio,"【繁體】 最佳 AI 設計 Agent for Wellness Studios — Holistic 品牌ing, Workshop Flyers & Mindful Visuals",03-Industry-Segment/best-ai-design-agent-for-wellness-studio-zhtw.md
P1-good-candidate,75,03-Industry-Segment,ja,(blank),multilingual-cluster,4,1,best-ai-design-agent-for-yoga-studio-owner,best-ai-design-agent-for-yoga-studio-owner,"【日本語】 ベスト AI デザイン Agent for Yoga Studio Owners: Class Schedules, Retreat Posters & Zen ブランドing by Lovart",03-Industry-Segment/best-ai-design-agent-for-yoga-studio-owner-ja.md
P1-good-candidate,75,03-Industry-Segment,zh,(blank),multilingual-cluster,4,1,best-ai-design-agent-for-yoga-studio-owner,best-ai-design-agent-for-yoga-studio-owner,瑜伽工作室老板的最佳AI设计助手：课程表、静修海报与禅意品牌设计（Lovart出品）,03-Industry-Segment/best-ai-design-agent-for-yoga-studio-owner-zh.md
P1-good-candidate,75,03-Industry-Segment,zh-TW,(blank),multilingual-cluster,4,1,best-ai-design-agent-for-yoga-studio-owner,best-ai-design-agent-for-yoga-studio-owner,"【繁體】 最佳 AI 設計 Agent for Yoga Studio Owners: Class Schedules, Retreat Posters & Zen 品牌ing by Lovart",03-Industry-Segment/best-ai-design-agent-for-yoga-studio-owner-zhtw.md
P1-good-candidate,75,04-Career,en,(blank),multilingual-cluster,2,1,03-ai-design-portfolio-interview-2026,03-ai-design-portfolio-interview-2026,AI Design Portfolio & Interview Guide — How to Land a Design Job in the AI Era,04-Career/03-ai-design-portfolio-interview-2026.md
P1-good-candidate,75,06-Case-Study,en,(blank),single,1,1,01-bofu-case-study-solo-designer,01-bofu-case-study-solo-designer,"How a Solo Designer Replaced Canva, Midjourney & Fiverr with Lovart — And Saved $4,800/Year",06-Case-Study/01-bofu-case-study-solo-designer.md
P1-good-candidate,75,09-Better-Design,ja,(blank),multilingual-cluster,4,1,5-best-text-art-ascii-typography-generators-2026-ja,5-best-text-art-ascii-typography-generators-2026,"5 Best Text Art, ASCII & Typography AI Generators in 2026: Playful Text-to-Image Visuals",09-Better-Design/5-best-text-art-ascii-typography-generators-2026-ja.md
P1-good-candidate,75,09-Better-Design,zh,(blank),multilingual-cluster,4,1,5-best-text-art-ascii-typography-generators-2026-zh,5-best-text-art-ascii-typography-generators-2026,2026年5大最佳文本艺术、ASCII与字体AI生成器：趣味文字转图像视觉,09-Better-Design/5-best-text-art-ascii-typography-generators-2026-zh.md
P1-good-candidate,75,09-Better-Design,zh-TW,(blank),multilingual-cluster,4,1,5-best-text-art-ascii-typography-generators-2026-zhtw,5-best-text-art-ascii-typography-generators-2026,"5 Best Text Art, ASCII & Typography AI Generators in 2026: Playful Text-to-Image Visuals",09-Better-Design/5-best-text-art-ascii-typography-generators-2026-zhtw.md
P1-good-candidate,75,09-Better-Design,ja,(blank),multilingual-cluster,4,1,complete-guide-text-art-ascii-typography-ai,complete-guide-text-art-ascii-typography-ai,"【日本語】 The 2026 完全 ガイド to AI Text Art, ASCII & Typography デザイン",09-Better-Design/complete-guide-text-art-ascii-typography-ai-ja.md
P1-good-candidate,75,09-Better-Design,zh,(blank),multilingual-cluster,4,1,complete-guide-text-art-ascii-typography-ai-zh,complete-guide-text-art-ascii-typography-ai,2026年AI文字艺术、ASCII与字体设计完全指南,09-Better-Design/complete-guide-text-art-ascii-typography-ai-zh.md
P1-good-candidate,75,09-Better-Design,zh-TW,(blank),multilingual-cluster,4,1,complete-guide-text-art-ascii-typography-ai,complete-guide-text-art-ascii-typography-ai,"【繁體】 The 2026 完整 指南 to AI Text Art, ASCII & Typography 設計",09-Better-Design/complete-guide-text-art-ascii-typography-ai-zhtw.md
P2-backlog,74,01-How-To,pt,draft,multilingual-cluster,6,1,04-cluster-best-ai-video-generators,04-cluster-best-ai-video-generators,Melhores geradores de vídeo com IA comparados: guia definitivo 2026,01-How-To/04-cluster-best-ai-video-generators-pt.md
P2-backlog,74,01-How-To,ru,draft,multilingual-cluster,6,1,04-cluster-best-ai-video-generators,04-cluster-best-ai-video-generators,Лучшие ИИ-генераторы видео: сравнение и гид на 2026 год,01-How-To/04-cluster-best-ai-video-generators-ru.md
P2-backlog,73,01-How-To,ja,(blank),multilingual-cluster,4,1,01-cluster-pinterest-pin-design-ja,01-cluster-pinterest-pin-design,Pinterest Pin Design: How to Create Scroll-Stopping Pins with AI,01-How-To/01-cluster-pinterest-pin-design-ja.md
P2-backlog,73,01-How-To,zh-TW,(blank),multilingual-cluster,4,1,01-cluster-pinterest-pin-design-zhtw,01-cluster-pinterest-pin-design,Pinterest Pin Design: How to Create Scroll-Stopping Pins with AI,01-How-To/01-cluster-pinterest-pin-design-zhtw.md
P2-backlog,73,01-How-To,ja,(blank),multilingual-cluster,4,1,01-industry-neighborhood-guide-design-ja,01-industry-neighborhood-guide-design,Neighborhood Guide Design for Real Estate: Turn Local Knowledge into Visual Content,01-How-To/01-industry-neighborhood-guide-design-ja.md
P2-backlog,73,01-How-To,zh,(blank),multilingual-cluster,4,1,01-industry-neighborhood-guide-design-zh,01-industry-neighborhood-guide-design,社区指南设计：将本地知识转化为视觉内容,01-How-To/01-industry-neighborhood-guide-design-zh.md
P2-backlog,73,01-How-To,zh-TW,(blank),multilingual-cluster,4,1,01-industry-neighborhood-guide-design-zhtw,01-industry-neighborhood-guide-design,Neighborhood Guide Design for Real Estate: Turn Local Knowledge into Visual Content,01-How-To/01-industry-neighborhood-guide-design-zhtw.md
P2-backlog,73,01-How-To,ja,(blank),multilingual-cluster,4,1,02-cluster-instagram-carousel-ja,02-cluster-instagram-carousel,Instagram Carousel Design: How to Create Swipe-Stopping Slide Decks with AI,01-How-To/02-cluster-instagram-carousel-ja.md
P2-backlog,73,01-How-To,zh-TW,(blank),multilingual-cluster,4,1,02-cluster-instagram-carousel-zhtw,02-cluster-instagram-carousel,Instagram Carousel Design: How to Create Swipe-Stopping Slide Decks with AI,01-How-To/02-cluster-instagram-carousel-zhtw.md
P2-backlog,73,01-How-To,ja,(blank),multilingual-cluster,4,1,02-cluster-product-videos-ai-ja,02-cluster-product-videos-ai,How to Create Product Videos with AI: A Step-by-Step Guide,01-How-To/02-cluster-product-videos-ai-ja.md
P2-backlog,73,01-How-To,zh-TW,(blank),multilingual-cluster,4,1,02-cluster-product-videos-ai-zhtw,02-cluster-product-videos-ai,How to Create Product Videos with AI: A Step-by-Step Guide,01-How-To/02-cluster-product-videos-ai-zhtw.md
P2-backlog,73,01-How-To,ja,(blank),multilingual-cluster,3,1,content-refresh-ecommerce-social-pillars-2027,content-refresh-ecommerce-social-pillars-2027,【日本語】 コンテンツ Refresh: Our E-Commerce and Social Media Pillar Pages Have Been Updated for 2027,01-How-To/02-content-refresh-pillar-3-4-ja.md
P2-backlog,73,01-How-To,zh-TW,(blank),multilingual-cluster,3,1,content-refresh-ecommerce-social-pillars-2027,content-refresh-ecommerce-social-pillars-2027,【繁體】 內容 Refresh: Our E-Commerce and Social Media Pillar Pages Have Been Updated for 2027,01-How-To/02-content-refresh-pillar-3-4-zhtw.md
P2-backlog,73,01-How-To,ja,(blank),multilingual-cluster,4,1,02-industry-school-branding-guide-ja,02-industry-school-branding-guide,"School Branding Guide: Mascot, Colors, and Visual Consistency Across Every Touchpoint",01-How-To/02-industry-school-branding-guide-ja.md
P2-backlog,73,01-How-To,zh,(blank),multilingual-cluster,4,1,02-industry-school-branding-guide-zh,02-industry-school-branding-guide,学校品牌指南：吉祥物、色彩及每个触点的视觉一致性,01-How-To/02-industry-school-branding-guide-zh.md
P2-backlog,73,01-How-To,zh-TW,(blank),multilingual-cluster,4,1,02-industry-school-branding-guide-zhtw,02-industry-school-branding-guide,"School Branding Guide: Mascot, Colors, and Visual Consistency Across Every Touchpoint",01-How-To/02-industry-school-branding-guide-zhtw.md
P2-backlog,73,01-How-To,ja,(blank),multilingual-cluster,4,1,02-pillar-social-media-design-ja,02-pillar-social-media-design,Social Media Design AI: The Complete Guide to Multi-Platform Visual Strategy,01-How-To/02-pillar-social-media-design-ja.md
P2-backlog,73,01-How-To,zh-TW,(blank),multilingual-cluster,4,1,02-pillar-social-media-design-zhtw,02-pillar-social-media-design,Social Media Design AI: The Complete Guide to Multi-Platform Visual Strategy,01-How-To/02-pillar-social-media-design-zhtw.md
P2-backlog,73,01-How-To,ja,(blank),multilingual-cluster,4,1,02-wiki-custom-skills-guide-ja,02-wiki-custom-skills-guide,Creating Custom Skills: Automate Your Design Workflows,01-How-To/02-wiki-custom-skills-guide-ja.md
P2-backlog,73,01-How-To,zh,(blank),multilingual-cluster,4,1,02-wiki-custom-skills-guide-zh,02-wiki-custom-skills-guide,创建自定义技能：自动化你的设计工作流,01-How-To/02-wiki-custom-skills-guide-zh.md
P2-backlog,73,01-How-To,zh-TW,(blank),multilingual-cluster,4,1,02-wiki-custom-skills-guide-zhtw,02-wiki-custom-skills-guide,Creating Custom Skills: Automate Your Design Workflows,01-How-To/02-wiki-custom-skills-guide-zhtw.md
P2-backlog,73,01-How-To,ja,(blank),multilingual-cluster,4,1,03-cluster-etsy-listing-images-ja,03-cluster-etsy-listing-images,Etsy Listing Images Guide: Stand Out with AI-Generated Product Photos,01-How-To/03-cluster-etsy-listing-images-ja.md
P2-backlog,73,01-How-To,zh-TW,(blank),multilingual-cluster,4,1,03-cluster-etsy-listing-images-zhtw,03-cluster-etsy-listing-images,Etsy Listing Images Guide: Stand Out with AI-Generated Product Photos,01-How-To/03-cluster-etsy-listing-images-zhtw.md
P2-backlog,73,01-How-To,ja,(blank),multilingual-cluster,4,1,03-cluster-linkedin-banner-design-ja,03-cluster-linkedin-banner-design,LinkedIn Banner Design: How to Create a Professional Header That Gets Noticed,01-How-To/03-cluster-linkedin-banner-design-ja.md
P2-backlog,73,01-How-To,zh-TW,(blank),multilingual-cluster,4,1,03-cluster-linkedin-banner-design-zhtw,03-cluster-linkedin-banner-design,LinkedIn Banner Design: How to Create a Professional Header That Gets Noticed,01-How-To/03-cluster-linkedin-banner-design-zhtw.md
P2-backlog,73,01-How-To,ja,(blank),multilingual-cluster,4,1,03-wiki-export-formats-guide-ja,03-wiki-export-formats-guide,Export Formats Complete Guide,01-How-To/03-wiki-export-formats-guide-ja.md
P2-backlog,73,01-How-To,zh,(blank),multilingual-cluster,4,1,03-wiki-export-formats-guide-zh,03-wiki-export-formats-guide,导出格式完全指南,01-How-To/03-wiki-export-formats-guide-zh.md
P2-backlog,73,01-How-To,zh-TW,(blank),multilingual-cluster,4,1,03-wiki-export-formats-guide-zhtw,03-wiki-export-formats-guide,Export Formats Complete Guide,01-How-To/03-wiki-export-formats-guide-zhtw.md
P2-backlog,73,01-How-To,ja,(blank),multilingual-cluster,4,1,04-cluster-ab-testing-ad-creatives-ja,04-cluster-ab-testing-ad-creatives,A/B Testing Ad Creatives with AI: A Complete Guide for E-Commerce,01-How-To/04-cluster-ab-testing-ad-creatives-ja.md
P2-backlog,73,01-How-To,zh-TW,(blank),multilingual-cluster,4,1,04-cluster-ab-testing-ad-creatives-zhtw,04-cluster-ab-testing-ad-creatives,A/B Testing Ad Creatives with AI: A Complete Guide for E-Commerce,01-How-To/04-cluster-ab-testing-ad-creatives-zhtw.md
P2-backlog,73,01-How-To,zh,(blank),multilingual-cluster,2,1,38-how-to-create-editable-designs-ai-no-photoshop-zh,38-how-to-create-editable-designs-ai-no-photoshop,如何用AI创建完全可编辑的设计——无需Photoshop许可证,01-How-To/38-how-to-create-editable-designs-ai-no-photoshop-zh.md
P2-backlog,73,01-How-To,ja,(blank),multilingual-cluster,4,1,A1-how-to-sharpen-enhance-photos-ai-ja,a1-how-to-sharpen-enhance-photos-ai,,01-How-To/A1-how-to-sharpen-enhance-photos-ai-ja.md
P2-backlog,73,01-How-To,zh,(blank),multilingual-cluster,4,1,A1-how-to-sharpen-enhance-photos-ai-zh,a1-how-to-sharpen-enhance-photos-ai,,01-How-To/A1-how-to-sharpen-enhance-photos-ai-zh.md
P2-backlog,73,01-How-To,zh-TW,(blank),multilingual-cluster,4,1,A1-how-to-sharpen-enhance-photos-ai-zhtw,a1-how-to-sharpen-enhance-photos-ai,,01-How-To/A1-how-to-sharpen-enhance-photos-ai-zhtw.md
P2-backlog,73,01-How-To,ja,(blank),multilingual-cluster,4,1,A2-how-to-upscale-images-4k-ai-ja,a2-how-to-upscale-images-4k-ai,,01-How-To/A2-how-to-upscale-images-4k-ai-ja.md
P2-backlog,73,01-How-To,zh,(blank),multilingual-cluster,4,1,A2-how-to-upscale-images-4k-ai-zh,a2-how-to-upscale-images-4k-ai,,01-How-To/A2-how-to-upscale-images-4k-ai-zh.md
P2-backlog,73,01-How-To,zh-TW,(blank),multilingual-cluster,4,1,A2-how-to-upscale-images-4k-ai-zhtw,a2-how-to-upscale-images-4k-ai,,01-How-To/A2-how-to-upscale-images-4k-ai-zhtw.md
P2-backlog,73,01-How-To,ja,(blank),multilingual-cluster,4,1,A3-how-to-expand-uncrop-photos-ai-ja,a3-how-to-expand-uncrop-photos-ai,,01-How-To/A3-how-to-expand-uncrop-photos-ai-ja.md
P2-backlog,73,01-How-To,zh,(blank),multilingual-cluster,4,1,A3-how-to-expand-uncrop-photos-ai-zh,a3-how-to-expand-uncrop-photos-ai,,01-How-To/A3-how-to-expand-uncrop-photos-ai-zh.md
P2-backlog,73,01-How-To,zh-TW,(blank),multilingual-cluster,4,1,A3-how-to-expand-uncrop-photos-ai-zhtw,a3-how-to-expand-uncrop-photos-ai,,01-How-To/A3-how-to-expand-uncrop-photos-ai-zhtw.md
P2-backlog,73,01-How-To,ja,(blank),multilingual-cluster,4,1,A4-how-to-remove-watermarks-objects-photos-ai-ja,a4-how-to-remove-watermarks-objects-photos-ai,,01-How-To/A4-how-to-remove-watermarks-objects-photos-ai-ja.md
P2-backlog,73,01-How-To,zh,(blank),multilingual-cluster,4,1,A4-how-to-remove-watermarks-objects-photos-ai-zh,a4-how-to-remove-watermarks-objects-photos-ai,,01-How-To/A4-how-to-remove-watermarks-objects-photos-ai-zh.md
P2-backlog,73,01-How-To,zh-TW,(blank),multilingual-cluster,4,1,A4-how-to-remove-watermarks-objects-photos-ai-zhtw,a4-how-to-remove-watermarks-objects-photos-ai,,01-How-To/A4-how-to-remove-watermarks-objects-photos-ai-zhtw.md
P2-backlog,73,01-How-To,zh,(blank),multilingual-cluster,4,1,ai-design-accessibility-inclusive-design-guide-zh,ai-design-accessibility-inclusive-design-guide,AI 设计与无障碍——如何创建适用于所有人的包容性视觉内容,01-How-To/ai-design-accessibility-inclusive-design-guide-zh.md
P2-backlog,73,01-How-To,zh,(blank),multilingual-cluster,4,1,ai-design-roi-calculator-how-to-measure,ai-design-roi-calculator-how-to-measure,AI 设计 ROI — 如何衡量 AI 设计实际为你的业务节省了多少成本,01-How-To/ai-design-roi-calculator-how-to-measure-zh.md
P2-backlog,73,01-How-To,ja,(blank),multilingual-cluster,4,1,B1-how-to-edit-videos-ai-complete-guide-ja,b1-how-to-edit-videos-ai-complete-guide,,01-How-To/B1-how-to-edit-videos-ai-complete-guide-ja.md
P2-backlog,73,01-How-To,zh,(blank),multilingual-cluster,4,1,B1-how-to-edit-videos-ai-complete-guide-zh,b1-how-to-edit-videos-ai-complete-guide,,01-How-To/B1-how-to-edit-videos-ai-complete-guide-zh.md
P2-backlog,73,01-How-To,zh-TW,(blank),multilingual-cluster,4,1,B1-how-to-edit-videos-ai-complete-guide-zhtw,b1-how-to-edit-videos-ai-complete-guide,,01-How-To/B1-how-to-edit-videos-ai-complete-guide-zhtw.md
P2-backlog,73,01-How-To,zh,(blank),multilingual-cluster,2,1,b15-how-to-create-designs-with-ai-bing-zh,b15-how-to-create-designs-with-ai-bing,,01-How-To/b15-how-to-create-designs-with-ai-bing-zh.md
P2-backlog,73,01-How-To,zh,(blank),multilingual-cluster,2,1,b16-how-to-generate-product-images-ai-bing-zh,b16-how-to-generate-product-images-ai-bing,,01-How-To/b16-how-to-generate-product-images-ai-bing-zh.md
P2-backlog,73,01-How-To,zh,(blank),multilingual-cluster,2,1,b19-how-to-remove-backgrounds-online-free-bing-zh,b19-how-to-remove-backgrounds-online-free-bing,,01-How-To/b19-how-to-remove-backgrounds-online-free-bing-zh.md
P2-backlog,73,01-How-To,ja,(blank),multilingual-cluster,4,1,B2-how-to-animate-photos-bring-to-life-ai-ja,b2-how-to-animate-photos-bring-to-life-ai,,01-How-To/B2-how-to-animate-photos-bring-to-life-ai-ja.md
P2-backlog,73,01-How-To,zh,(blank),multilingual-cluster,4,1,B2-how-to-animate-photos-bring-to-life-ai-zh,b2-how-to-animate-photos-bring-to-life-ai,,01-How-To/B2-how-to-animate-photos-bring-to-life-ai-zh.md
P2-backlog,73,01-How-To,zh-TW,(blank),multilingual-cluster,4,1,B2-how-to-animate-photos-bring-to-life-ai-zhtw,b2-how-to-animate-photos-bring-to-life-ai,,01-How-To/B2-how-to-animate-photos-bring-to-life-ai-zhtw.md
P2-backlog,73,01-How-To,zh,(blank),multilingual-cluster,2,1,b21-how-to-generate-consistent-characters-ai-bing-zh,b21-how-to-generate-consistent-characters-ai-bing,,01-How-To/b21-how-to-generate-consistent-characters-ai-bing-zh.md
P2-backlog,73,01-How-To,zh,(blank),multilingual-cluster,2,1,b22-how-to-convert-images-vector-free-bing-zh,b22-how-to-convert-images-vector-free-bing,,01-How-To/b22-how-to-convert-images-vector-free-bing-zh.md
P2-backlog,73,01-How-To,zh,(blank),multilingual-cluster,2,1,b23-how-to-batch-create-designs-ai-bing-zh,b23-how-to-batch-create-designs-ai-bing,,01-How-To/b23-how-to-batch-create-designs-ai-bing-zh.md
P2-backlog,73,01-How-To,zh,(blank),multilingual-cluster,2,1,b24-how-to-upscale-images-ai-bing-zh,b24-how-to-upscale-images-ai-bing,,01-How-To/b24-how-to-upscale-images-ai-bing-zh.md
P2-backlog,73,01-How-To,ja,(blank),multilingual-cluster,4,1,b25-how-to-design-business-cards-ai-bing-ja,b25-how-to-design-business-cards-ai-bing,,01-How-To/b25-how-to-design-business-cards-ai-bing-ja.md
P2-backlog,73,01-How-To,zh,(blank),multilingual-cluster,4,1,b25-how-to-design-business-cards-ai-bing-zh,b25-how-to-design-business-cards-ai-bing,,01-How-To/b25-how-to-design-business-cards-ai-bing-zh.md
P2-backlog,73,01-How-To,zh-TW,(blank),multilingual-cluster,4,1,b25-how-to-design-business-cards-ai-bing-zhtw,b25-how-to-design-business-cards-ai-bing,,01-How-To/b25-how-to-design-business-cards-ai-bing-zhtw.md
P2-backlog,73,01-How-To,ja,(blank),multilingual-cluster,4,1,b26-how-to-create-restaurant-menus-ai-bing-ja,b26-how-to-create-restaurant-menus-ai-bing,,01-How-To/b26-how-to-create-restaurant-menus-ai-bing-ja.md
P2-backlog,73,01-How-To,zh,(blank),multilingual-cluster,4,1,b26-how-to-create-restaurant-menus-ai-bing-zh,b26-how-to-create-restaurant-menus-ai-bing,,01-How-To/b26-how-to-create-restaurant-menus-ai-bing-zh.md
P2-backlog,73,01-How-To,zh-TW,(blank),multilingual-cluster,4,1,b26-how-to-create-restaurant-menus-ai-bing-zhtw,b26-how-to-create-restaurant-menus-ai-bing,,01-How-To/b26-how-to-create-restaurant-menus-ai-bing-zhtw.md
P2-backlog,73,01-How-To,ja,(blank),multilingual-cluster,4,1,b27-how-to-generate-ai-art-commercial-bing-ja,b27-how-to-generate-ai-art-commercial-bing,,01-How-To/b27-how-to-generate-ai-art-commercial-bing-ja.md
P2-backlog,73,01-How-To,zh,(blank),multilingual-cluster,4,1,b27-how-to-generate-ai-art-commercial-bing-zh,b27-how-to-generate-ai-art-commercial-bing,,01-How-To/b27-how-to-generate-ai-art-commercial-bing-zh.md
P2-backlog,73,01-How-To,zh-TW,(blank),multilingual-cluster,4,1,b27-how-to-generate-ai-art-commercial-bing-zhtw,b27-how-to-generate-ai-art-commercial-bing,,01-How-To/b27-how-to-generate-ai-art-commercial-bing-zhtw.md
P2-backlog,73,01-How-To,ja,(blank),multilingual-cluster,4,1,b28-how-to-create-digital-humans-ai-bing-ja,b28-how-to-create-digital-humans-ai-bing,,01-How-To/b28-how-to-create-digital-humans-ai-bing-ja.md
P2-backlog,73,01-How-To,zh,(blank),multilingual-cluster,4,1,b28-how-to-create-digital-humans-ai-bing-zh,b28-how-to-create-digital-humans-ai-bing,,01-How-To/b28-how-to-create-digital-humans-ai-bing-zh.md
P2-backlog,73,01-How-To,zh-TW,(blank),multilingual-cluster,4,1,b28-how-to-create-digital-humans-ai-bing-zhtw,b28-how-to-create-digital-humans-ai-bing,,01-How-To/b28-how-to-create-digital-humans-ai-bing-zhtw.md
P2-backlog,73,01-How-To,ja,(blank),multilingual-cluster,4,1,B3-how-to-create-music-video-ai-guide-ja,b3-how-to-create-music-video-ai-guide,,01-How-To/B3-how-to-create-music-video-ai-guide-ja.md
P2-backlog,73,01-How-To,zh,(blank),multilingual-cluster,4,1,B3-how-to-create-music-video-ai-guide-zh,b3-how-to-create-music-video-ai-guide,,01-How-To/B3-how-to-create-music-video-ai-guide-zh.md
P2-backlog,73,01-How-To,zh-TW,(blank),multilingual-cluster,4,1,B3-how-to-create-music-video-ai-guide-zhtw,b3-how-to-create-music-video-ai-guide,,01-How-To/B3-how-to-create-music-video-ai-guide-zhtw.md
P2-backlog,73,01-How-To,ja,(blank),multilingual-cluster,4,1,B4-how-to-create-loop-claymation-fantasy-video-ai-ja,b4-how-to-create-loop-claymation-fantasy-video-ai,,01-How-To/B4-how-to-create-loop-claymation-fantasy-video-ai-ja.md
P2-backlog,73,01-How-To,zh,(blank),multilingual-cluster,4,1,B4-how-to-create-loop-claymation-fantasy-video-ai-zh,b4-how-to-create-loop-claymation-fantasy-video-ai,,01-How-To/B4-how-to-create-loop-claymation-fantasy-video-ai-zh.md
P2-backlog,73,01-How-To,zh-TW,(blank),multilingual-cluster,4,1,B4-how-to-create-loop-claymation-fantasy-video-ai-zhtw,b4-how-to-create-loop-claymation-fantasy-video-ai,,01-How-To/B4-how-to-create-loop-claymation-fantasy-video-ai-zhtw.md
P2-backlog,73,01-How-To,ja,(blank),multilingual-cluster,4,1,b42-ai-design-pricing-guide-bing-ja,b42-ai-design-pricing-guide-bing,,01-How-To/b42-ai-design-pricing-guide-bing-ja.md
P2-backlog,73,01-How-To,zh,(blank),multilingual-cluster,4,1,b42-ai-design-pricing-guide-bing-zh,b42-ai-design-pricing-guide-bing,,01-How-To/b42-ai-design-pricing-guide-bing-zh.md
P2-backlog,73,01-How-To,zh-TW,(blank),multilingual-cluster,4,1,b42-ai-design-pricing-guide-bing-zhtw,b42-ai-design-pricing-guide-bing,,01-How-To/b42-ai-design-pricing-guide-bing-zhtw.md
P2-backlog,73,01-How-To,ja,(blank),multilingual-cluster,4,1,B5-how-to-create-video-from-text-image-ai-ja,b5-how-to-create-video-from-text-image-ai,,01-How-To/B5-how-to-create-video-from-text-image-ai-ja.md
P2-backlog,73,01-How-To,zh,(blank),multilingual-cluster,4,1,B5-how-to-create-video-from-text-image-ai-zh,b5-how-to-create-video-from-text-image-ai,,01-How-To/B5-how-to-create-video-from-text-image-ai-zh.md
P2-backlog,73,01-How-To,zh-TW,(blank),multilingual-cluster,4,1,B5-how-to-create-video-from-text-image-ai-zhtw,b5-how-to-create-video-from-text-image-ai,,01-How-To/B5-how-to-create-video-from-text-image-ai-zhtw.md
P2-backlog,73,01-How-To,zh,(blank),multilingual-cluster,4,1,china-market-ai-design-optimization-guide,china-market-ai-design-optimization-guide,中国市场AI设计优化——百度SEO与微信视觉策略,01-How-To/china-market-ai-design-optimization-guide-zh.md
P2-backlog,73,01-How-To,ja,(blank),multilingual-cluster,4,1,complete-guide-ai-design-for-every-business-niche,complete-guide-ai-design-for-every-business-niche,【日本語】 AI デザイン for Every Business Niche — The 完全 ガイド to Industry-Specific Visuals,01-How-To/complete-guide-ai-design-for-every-business-niche-ja.md
P2-backlog,73,01-How-To,zh,(blank),multilingual-cluster,4,1,complete-guide-ai-design-for-every-business-niche,complete-guide-ai-design-for-every-business-niche,面向每个商业领域的AI设计 — 行业专属视觉完整指南,01-How-To/complete-guide-ai-design-for-every-business-niche-zh.md
P2-backlog,73,01-How-To,zh-TW,(blank),multilingual-cluster,4,1,complete-guide-ai-design-for-every-business-niche,complete-guide-ai-design-for-every-business-niche,【繁體】 AI 設計 for Every Business Niche — The 完整 指南 to Industry-Specific Visuals,01-How-To/complete-guide-ai-design-for-every-business-niche-zhtw.md
P2-backlog,73,01-How-To,zh,(blank),multilingual-cluster,4,1,how-to-argue-with-ai-get-exactly-what-you-want,how-to-argue-with-ai-get-exactly-what-you-want,迭代循环：如何礼貌地与AI“争论”以获得你真正想要的结果,01-How-To/how-to-argue-with-ai-get-exactly-what-you-want-zh.md
P2-backlog,73,01-How-To,zh,(blank),multilingual-cluster,4,1,how-to-build-design-system-with-ai-zh,how-to-build-design-system-with-ai,如何利用AI构建设计系统——组件、设计令牌与一致性,01-How-To/how-to-build-design-system-with-ai-zh.md
P2-backlog,73,01-How-To,ja,(blank),multilingual-cluster,4,1,how-to-choose-ai-art-platform,how-to-choose-ai-art-platform,"【日本語】 方法 Choose an AI Art Platform — Leonardo, OpenArt & 代替案s Compared",01-How-To/how-to-choose-ai-art-platform-ja.md
P2-backlog,73,01-How-To,zh,(blank),multilingual-cluster,4,1,how-to-choose-ai-art-platform-zh,how-to-choose-ai-art-platform,,01-How-To/how-to-choose-ai-art-platform-zh.md
P2-backlog,73,01-How-To,zh-TW,(blank),multilingual-cluster,4,1,how-to-choose-ai-art-platform,how-to-choose-ai-art-platform,"【繁體】 如何 Choose an AI Art Platform — Leonardo, OpenArt & 替代方案s Compared",01-How-To/how-to-choose-ai-art-platform-zhtw.md
P2-backlog,73,01-How-To,ja,(blank),multilingual-cluster,6,1,how-to-choose-ai-video-model,how-to-choose-ai-video-model,"【日本語】 方法 Choose the Right AI Video Model — Sora, Kling, Veo & More Explained",01-How-To/how-to-choose-ai-video-model-ja.md
P2-backlog,73,01-How-To,zh,(blank),multilingual-cluster,6,1,how-to-choose-ai-video-model,how-to-choose-ai-video-model,如何选择合适的人工智能视频模型——Sora、Kling、Veo 等详解,01-How-To/how-to-choose-ai-video-model-zh.md
P2-backlog,73,01-How-To,zh-TW,(blank),multilingual-cluster,6,1,how-to-choose-ai-video-model,how-to-choose-ai-video-model,"【繁體】 如何 Choose the Right AI Video Model — Sora, Kling, Veo & More Explained",01-How-To/how-to-choose-ai-video-model-zhtw.md
P2-backlog,73,01-How-To,ja,(blank),multilingual-cluster,4,1,how-to-create-ai-avatar-profile-picture,how-to-create-ai-avatar-profile-picture,【日本語】 方法 Create an AI Avatar & Profile Picture — Your Digital Identity in Minutes,01-How-To/how-to-create-ai-avatar-profile-picture-ja.md
P2-backlog,73,01-How-To,zh,(blank),multilingual-cluster,4,1,how-to-create-ai-avatar-profile-picture,how-to-create-ai-avatar-profile-picture,如何创建AI头像与个人资料图片 — 几分钟打造你的数字身份,01-How-To/how-to-create-ai-avatar-profile-picture-zh.md
P2-backlog,73,01-How-To,zh-TW,(blank),multilingual-cluster,4,1,how-to-create-ai-avatar-profile-picture,how-to-create-ai-avatar-profile-picture,【繁體】 如何 Create an AI Avatar & Profile Picture — Your Digital Identity in Minutes,01-How-To/how-to-create-ai-avatar-profile-picture-zhtw.md
P2-backlog,73,01-How-To,zh,(blank),multilingual-cluster,4,1,how-to-create-ai-design-brief-that-works-zh,how-to-create-ai-design-brief-that-works,如何撰写一份真正有效的AI设计简报——模板与实例,01-How-To/how-to-create-ai-design-brief-that-works-zh.md
P2-backlog,73,01-How-To,zh,(blank),multilingual-cluster,4,1,how-to-create-ai-design-style-guide-zh,how-to-create-ai-design-style-guide,如何创建AI设计风格指南——确保每次输出的一致性,01-How-To/how-to-create-ai-design-style-guide-zh.md
P2-backlog,73,01-How-To,ja,(blank),multilingual-cluster,4,1,how-to-create-avatars-cartoons-characters-ai,how-to-create-avatars-cartoons-characters-ai,"【日本語】 方法 Create Avatars, Cartoon Characters & Anime Art with AI",01-How-To/how-to-create-avatars-cartoons-characters-ai-ja.md
P2-backlog,73,01-How-To,zh,(blank),multilingual-cluster,4,1,how-to-create-avatars-cartoons-characters-ai,how-to-create-avatars-cartoons-characters-ai,如何使用AI创建头像、卡通角色与动漫艺术,01-How-To/how-to-create-avatars-cartoons-characters-ai-zh.md
P2-backlog,73,01-How-To,zh-TW,(blank),multilingual-cluster,4,1,how-to-create-avatars-cartoons-characters-ai,how-to-create-avatars-cartoons-characters-ai,"【繁體】 如何 Create Avatars, Cartoon Characters & Anime Art with AI",01-How-To/how-to-create-avatars-cartoons-characters-ai-zhtw.md
P2-backlog,73,01-How-To,ja,(blank),multilingual-cluster,4,1,how-to-create-backgrounds-wallpapers-ai,how-to-create-backgrounds-wallpapers-ai,【日本語】 方法 Create Backgrounds & Wallpapers with AI — Aesthetic Patterns for Any Screen,01-How-To/how-to-create-backgrounds-wallpapers-ai-ja.md
P2-backlog,73,01-How-To,zh,(blank),multilingual-cluster,4,1,how-to-create-backgrounds-wallpapers-ai,how-to-create-backgrounds-wallpapers-ai,如何用AI创建背景与壁纸——适配任何屏幕的美学图案,01-How-To/how-to-create-backgrounds-wallpapers-ai-zh.md
P2-backlog,73,01-How-To,zh-TW,(blank),multilingual-cluster,4,1,how-to-create-backgrounds-wallpapers-ai,how-to-create-backgrounds-wallpapers-ai,【繁體】 如何 Create Backgrounds & Wallpapers with AI — Aesthetic Patterns for Any Screen,01-How-To/how-to-create-backgrounds-wallpapers-ai-zhtw.md
P2-backlog,73,01-How-To,ja,(blank),multilingual-cluster,4,1,how-to-create-banners-display-ads-ai,how-to-create-banners-display-ads-ai,"【日本語】 方法 Create Banners & Display Ads with AI — Every Size, Every Platform",01-How-To/how-to-create-banners-display-ads-ai-ja.md
P2-backlog,73,01-How-To,zh,(blank),multilingual-cluster,4,1,how-to-create-banners-display-ads-ai,how-to-create-banners-display-ads-ai,如何用AI创建横幅广告与展示广告——适配每种尺寸、每个平台,01-How-To/how-to-create-banners-display-ads-ai-zh.md
P2-backlog,73,01-How-To,zh-TW,(blank),multilingual-cluster,4,1,how-to-create-banners-display-ads-ai,how-to-create-banners-display-ads-ai,"【繁體】 如何 Create Banners & Display Ads with AI — Every Size, Every Platform",01-How-To/how-to-create-banners-display-ads-ai-zhtw.md
P2-backlog,73,01-How-To,ja,(blank),multilingual-cluster,4,1,how-to-create-clipart-vectors-ai,how-to-create-clipart-vectors-ai,【日本語】 方法 Create Clipart & Vector Illustrations with AI — No Drawing Skills Needed,01-How-To/how-to-create-clipart-vectors-ai-ja.md
P2-backlog,73,01-How-To,zh,(blank),multilingual-cluster,4,1,how-to-create-clipart-vectors-ai-zh,how-to-create-clipart-vectors-ai,如何用AI制作剪贴画与矢量插图——无需绘画技能,01-How-To/how-to-create-clipart-vectors-ai-zh.md
P2-backlog,73,01-How-To,zh-TW,(blank),multilingual-cluster,4,1,how-to-create-clipart-vectors-ai,how-to-create-clipart-vectors-ai,【繁體】 如何 Create Clipart & Vector Illustrations with AI — No Drawing Skills Needed,01-How-To/how-to-create-clipart-vectors-ai-zhtw.md
P2-backlog,73,01-How-To,ja,(blank),multilingual-cluster,4,1,how-to-create-consistent-ai-characters,how-to-create-consistent-ai-characters,【日本語】 方法 Create Consistent AI Characters — デザイン OCs & Mascots That Stay the Same,01-How-To/how-to-create-consistent-ai-characters-ja.md
P2-backlog,73,01-How-To,zh,(blank),multilingual-cluster,4,1,how-to-create-consistent-ai-characters-zh,how-to-create-consistent-ai-characters,如何创建一致的AI角色——设计始终如一的原创角色与吉祥物,01-How-To/how-to-create-consistent-ai-characters-zh.md
P2-backlog,73,01-How-To,zh-TW,(blank),multilingual-cluster,4,1,how-to-create-consistent-ai-characters,how-to-create-consistent-ai-characters,【繁體】 如何 Create Consistent AI Characters — 設計 OCs & Mascots That Stay the Same,01-How-To/how-to-create-consistent-ai-characters-zhtw.md
P2-backlog,73,01-How-To,ja,(blank),multilingual-cluster,4,1,how-to-create-floor-plans-architecture-ai,how-to-create-floor-plans-architecture-ai,【日本語】 方法 Create Floor Plans & Architectural デザインs with AI — From Sketch to Blueprint,01-How-To/how-to-create-floor-plans-architecture-ai-ja.md
P2-backlog,73,01-How-To,zh,(blank),multilingual-cluster,4,1,how-to-create-floor-plans-architecture-ai,how-to-create-floor-plans-architecture-ai,如何用AI创建平面图与建筑设计 — 从草图到蓝图,01-How-To/how-to-create-floor-plans-architecture-ai-zh.md
P2-backlog,73,01-How-To,zh-TW,(blank),multilingual-cluster,4,1,how-to-create-floor-plans-architecture-ai,how-to-create-floor-plans-architecture-ai,【繁體】 如何 Create Floor Plans & Architectural 設計s with AI — From Sketch to Blueprint,01-How-To/how-to-create-floor-plans-architecture-ai-zhtw.md
P2-backlog,73,01-How-To,ja,(blank),multilingual-cluster,4,1,how-to-create-music-videos-ai-beat-sync,how-to-create-music-videos-ai-beat-sync,【日本語】 方法 Create AI Music Videos & Beat-Synced Visuals — From Song to Screen,01-How-To/how-to-create-music-videos-ai-beat-sync-ja.md
P2-backlog,73,01-How-To,zh,(blank),multilingual-cluster,4,1,how-to-create-music-videos-ai-beat-sync,how-to-create-music-videos-ai-beat-sync,如何创作AI音乐视频与节拍同步视觉——从歌曲到屏幕,01-How-To/how-to-create-music-videos-ai-beat-sync-zh.md
P2-backlog,73,01-How-To,zh-TW,(blank),multilingual-cluster,4,1,how-to-create-music-videos-ai-beat-sync,how-to-create-music-videos-ai-beat-sync,【繁體】 如何 Create AI Music Videos & Beat-Synced Visuals — From Song to Screen,01-How-To/how-to-create-music-videos-ai-beat-sync-zhtw.md
P2-backlog,73,01-How-To,ja,(blank),multilingual-cluster,4,1,how-to-create-posters-banners-flyers-ai,how-to-create-posters-banners-flyers-ai,"【日本語】 方法 Create Posters, Banners & Flyers with AI — デザイン Like a Pro Without Skills",01-How-To/how-to-create-posters-banners-flyers-ai-ja.md
P2-backlog,73,01-How-To,zh,(blank),multilingual-cluster,4,1,how-to-create-posters-banners-flyers-ai-zh,how-to-create-posters-banners-flyers-ai,,01-How-To/how-to-create-posters-banners-flyers-ai-zh.md
P2-backlog,73,01-How-To,zh-TW,(blank),multilingual-cluster,4,1,how-to-create-posters-banners-flyers-ai,how-to-create-posters-banners-flyers-ai,"【繁體】 如何 Create Posters, Banners & Flyers with AI — 設計 Like a Pro Without Skills",01-How-To/how-to-create-posters-banners-flyers-ai-zhtw.md
P2-backlog,73,01-How-To,ja,(blank),multilingual-cluster,4,1,how-to-create-sketches-doodles-ai,how-to-create-sketches-doodles-ai,【日本語】 方法 Create Sketches & Doodles with AI — From Rough Idea to Finished Drawing,01-How-To/how-to-create-sketches-doodles-ai-ja.md
P2-backlog,73,01-How-To,zh,(blank),multilingual-cluster,4,1,how-to-create-sketches-doodles-ai-zh,how-to-create-sketches-doodles-ai,如何用AI创作素描与涂鸦——从粗略构思到完成画作,01-How-To/how-to-create-sketches-doodles-ai-zh.md
P2-backlog,73,01-How-To,zh-TW,(blank),multilingual-cluster,4,1,how-to-create-sketches-doodles-ai,how-to-create-sketches-doodles-ai,【繁體】 如何 Create Sketches & Doodles with AI — From Rough Idea to Finished Drawing,01-How-To/how-to-create-sketches-doodles-ai-zhtw.md
P2-backlog,73,01-How-To,ja,(blank),multilingual-cluster,4,1,how-to-design-floor-plans-architecture-ai-ja,how-to-design-floor-plans-architecture-ai,How to Design Floor Plans & Architectural Visuals with AI — From Blueprint to Beauty,01-How-To/how-to-design-floor-plans-architecture-ai-ja.md
P2-backlog,73,01-How-To,zh,(blank),multilingual-cluster,4,1,how-to-design-floor-plans-architecture-ai-zh,how-to-design-floor-plans-architecture-ai,如何用AI设计平面图与建筑可视化——从蓝图到美学,01-How-To/how-to-design-floor-plans-architecture-ai-zh.md
P2-backlog,73,01-How-To,zh-TW,(blank),multilingual-cluster,4,1,how-to-design-floor-plans-architecture-ai-zhtw,how-to-design-floor-plans-architecture-ai,How to Design Floor Plans & Architectural Visuals with AI — From Blueprint to Beauty,01-How-To/how-to-design-floor-plans-architecture-ai-zhtw.md
P2-backlog,73,01-How-To,ja,(blank),multilingual-cluster,4,1,how-to-design-flyers-business-cards-invitations-ai,how-to-design-flyers-business-cards-invitations-ai,"【日本語】 方法 デザイン Flyers, Business Cards & Invitations with AI — Print-Ready in Minutes",01-How-To/how-to-design-flyers-business-cards-invitations-ai-ja.md
P2-backlog,73,01-How-To,zh,(blank),multilingual-cluster,4,1,how-to-design-flyers-business-cards-invitations-ai-zh,how-to-design-flyers-business-cards-invitations-ai,,01-How-To/how-to-design-flyers-business-cards-invitations-ai-zh.md
P2-backlog,73,01-How-To,zh-TW,(blank),multilingual-cluster,4,1,how-to-design-flyers-business-cards-invitations-ai,how-to-design-flyers-business-cards-invitations-ai,"【繁體】 如何 設計 Flyers, Business Cards & Invitations with AI — Print-Ready in Minutes",01-How-To/how-to-design-flyers-business-cards-invitations-ai-zhtw.md
P2-backlog,73,01-How-To,ja,(blank),multilingual-cluster,4,1,how-to-design-interior-rooms-ai,how-to-design-interior-rooms-ai,【日本語】 方法 デザイン Interiors & Reデザイン Rooms with AI — Virtual Home Makeover,01-How-To/how-to-design-interior-rooms-ai-ja.md
P2-backlog,73,01-How-To,zh,(blank),multilingual-cluster,4,1,how-to-design-interior-rooms-ai,how-to-design-interior-rooms-ai,如何用AI设计室内与改造房间——虚拟家居大变身,01-How-To/how-to-design-interior-rooms-ai-zh.md
P2-backlog,73,01-How-To,zh-TW,(blank),multilingual-cluster,4,1,how-to-design-interior-rooms-ai,how-to-design-interior-rooms-ai,【繁體】 如何 設計 Interiors & Re設計 Rooms with AI — Virtual Home Makeover,01-How-To/how-to-design-interior-rooms-ai-zhtw.md
P2-backlog,73,01-How-To,ja,(blank),multilingual-cluster,4,1,how-to-design-posters-ai-guide,how-to-design-posters-ai-guide,【日本語】 方法 デザイン Posters with AI — Create Eye-Catching Prints Without a デザインer,01-How-To/how-to-design-posters-ai-guide-ja.md
P2-backlog,73,01-How-To,zh,(blank),multilingual-cluster,4,1,how-to-design-posters-ai-guide,how-to-design-posters-ai-guide,如何用AI设计海报——无需设计师，打造吸睛印刷品,01-How-To/how-to-design-posters-ai-guide-zh.md
P2-backlog,73,01-How-To,zh-TW,(blank),multilingual-cluster,4,1,how-to-design-posters-ai-guide,how-to-design-posters-ai-guide,【繁體】 如何 設計 Posters with AI — Create Eye-Catching Prints Without a 設計er,01-How-To/how-to-design-posters-ai-guide-zhtw.md
P2-backlog,73,01-How-To,zh,(blank),multilingual-cluster,4,1,how-to-detect-ai-generated-content-design,how-to-detect-ai-generated-content-design,如何检测AI生成的设计——以及为何这对你的品牌至关重要,01-How-To/how-to-detect-ai-generated-content-design-zh.md
P2-backlog,73,01-How-To,ja,(blank),multilingual-cluster,4,1,how-to-edit-faces-portraits-smile-ai-ja,how-to-edit-faces-portraits-smile-ai,"How to Edit Faces, Portraits & Smiles with AI — The Complete Face Retouch Guide",01-How-To/how-to-edit-faces-portraits-smile-ai-ja.md
P2-backlog,73,01-How-To,zh,(blank),multilingual-cluster,4,1,how-to-edit-faces-portraits-smile-ai-zh,how-to-edit-faces-portraits-smile-ai,如何用AI编辑人脸、肖像和笑容——完整的人像修图指南,01-How-To/how-to-edit-faces-portraits-smile-ai-zh.md
P2-backlog,73,01-How-To,zh-TW,(blank),multilingual-cluster,4,1,how-to-edit-faces-portraits-smile-ai-zhtw,how-to-edit-faces-portraits-smile-ai,"How to Edit Faces, Portraits & Smiles with AI — The Complete Face Retouch Guide",01-How-To/how-to-edit-faces-portraits-smile-ai-zhtw.md
P2-backlog,73,01-How-To,ja,(blank),multilingual-cluster,4,1,how-to-edit-faces-retouch-portraits-ai,how-to-edit-faces-retouch-portraits-ai,"【日本語】 方法 Edit Faces & Retouch Portraits with AI — Smile Fix, Skin Smooth & More",01-How-To/how-to-edit-faces-retouch-portraits-ai-ja.md
P2-backlog,73,01-How-To,zh,(blank),multilingual-cluster,4,1,how-to-edit-faces-retouch-portraits-ai-zh,how-to-edit-faces-retouch-portraits-ai,如何用AI编辑人脸与修饰肖像 — 微笑修复、皮肤平滑等,01-How-To/how-to-edit-faces-retouch-portraits-ai-zh.md
P2-backlog,73,01-How-To,zh-TW,(blank),multilingual-cluster,4,1,how-to-edit-faces-retouch-portraits-ai,how-to-edit-faces-retouch-portraits-ai,"【繁體】 如何 Edit Faces & Retouch Portraits with AI — Smile Fix, Skin Smooth & More",01-How-To/how-to-edit-faces-retouch-portraits-ai-zhtw.md
P2-backlog,73,01-How-To,ja,(blank),multilingual-cluster,4,1,how-to-enhance-sharpen-upscale-photos-ai,how-to-enhance-sharpen-upscale-photos-ai,"【日本語】 方法 Enhance, Sharpen & Upscale Photos with AI — The 完全 Image Quality ガイド",01-How-To/how-to-enhance-sharpen-upscale-photos-ai-ja.md
P2-backlog,73,01-How-To,zh,(blank),multilingual-cluster,4,1,how-to-enhance-sharpen-upscale-photos-ai-zh,how-to-enhance-sharpen-upscale-photos-ai,,01-How-To/how-to-enhance-sharpen-upscale-photos-ai-zh.md
P2-backlog,73,01-How-To,zh-TW,(blank),multilingual-cluster,4,1,how-to-enhance-sharpen-upscale-photos-ai,how-to-enhance-sharpen-upscale-photos-ai,"【繁體】 如何 Enhance, Sharpen & Upscale Photos with AI — The 完整 Image Quality 指南",01-How-To/how-to-enhance-sharpen-upscale-photos-ai-zhtw.md
P2-backlog,73,01-How-To,ja,(blank),multilingual-cluster,4,1,how-to-face-swap-ai-photos-videos,how-to-face-swap-ai-photos-videos,【日本語】 方法 Face Swap in Photos & Videos with AI — Put Any Face Anywhere,01-How-To/how-to-face-swap-ai-photos-videos-ja.md
P2-backlog,73,01-How-To,zh,(blank),multilingual-cluster,4,1,how-to-face-swap-ai-photos-videos-zh,how-to-face-swap-ai-photos-videos,如何在照片和视频中使用AI换脸——将任意人脸放到任何地方,01-How-To/how-to-face-swap-ai-photos-videos-zh.md
P2-backlog,73,01-How-To,zh-TW,(blank),multilingual-cluster,4,1,how-to-face-swap-ai-photos-videos,how-to-face-swap-ai-photos-videos,【繁體】 如何 Face Swap in Photos & Videos with AI — Put Any Face Anywhere,01-How-To/how-to-face-swap-ai-photos-videos-zhtw.md
P2-backlog,73,01-How-To,ja,(blank),multilingual-cluster,4,1,how-to-generate-ai-art-from-text,how-to-generate-ai-art-from-text,【日本語】 方法 Generate AI Art from Text — Turn Words into Stunning Visuals,01-How-To/how-to-generate-ai-art-from-text-ja.md
P2-backlog,73,01-How-To,zh,(blank),multilingual-cluster,4,1,how-to-generate-ai-art-from-text-zh,how-to-generate-ai-art-from-text,如何通过文字生成AI艺术——将语言转化为惊艳视觉作品,01-How-To/how-to-generate-ai-art-from-text-zh.md
P2-backlog,73,01-How-To,zh-TW,(blank),multilingual-cluster,4,1,how-to-generate-ai-art-from-text,how-to-generate-ai-art-from-text,【繁體】 如何 Generate AI Art from Text — Turn Words into Stunning Visuals,01-How-To/how-to-generate-ai-art-from-text-zhtw.md
P2-backlog,73,01-How-To,ja,(blank),multilingual-cluster,4,1,how-to-generate-ai-art-sketches-doodles-clipart,how-to-generate-ai-art-sketches-doodles-clipart,"【日本語】 方法 Generate AI Art, Sketches, Doodles & Clipart — Your Visual Toolkit",01-How-To/how-to-generate-ai-art-sketches-doodles-clipart-ja.md
P2-backlog,73,01-How-To,zh,(blank),multilingual-cluster,4,1,how-to-generate-ai-art-sketches-doodles-clipart-zh,how-to-generate-ai-art-sketches-doodles-clipart,,01-How-To/how-to-generate-ai-art-sketches-doodles-clipart-zh.md
P2-backlog,73,01-How-To,zh-TW,(blank),multilingual-cluster,4,1,how-to-generate-ai-art-sketches-doodles-clipart,how-to-generate-ai-art-sketches-doodles-clipart,"【繁體】 如何 Generate AI Art, Sketches, Doodles & Clipart — Your Visual Toolkit",01-How-To/how-to-generate-ai-art-sketches-doodles-clipart-zhtw.md
P2-backlog,73,01-How-To,ja,(blank),multilingual-cluster,4,1,how-to-generate-animals-pets-ai,how-to-generate-animals-pets-ai,【日本語】 方法 Generate Animals & Pet Portraits with AI — Fantasy Creatures to Realistic Dogs,01-How-To/how-to-generate-animals-pets-ai-ja.md
P2-backlog,73,01-How-To,zh,(blank),multilingual-cluster,4,1,how-to-generate-animals-pets-ai,how-to-generate-animals-pets-ai,如何用AI生成动物与宠物肖像——从奇幻生物到逼真狗狗,01-How-To/how-to-generate-animals-pets-ai-zh.md
P2-backlog,73,01-How-To,zh-TW,(blank),multilingual-cluster,4,1,how-to-generate-animals-pets-ai,how-to-generate-animals-pets-ai,【繁體】 如何 Generate Animals & Pet Portraits with AI — Fantasy Creatures to Realistic Dogs,01-How-To/how-to-generate-animals-pets-ai-zhtw.md
P2-backlog,73,01-How-To,ja,(blank),multilingual-cluster,4,1,how-to-generate-textures-materials-ai,how-to-generate-textures-materials-ai,【日本語】 方法 Generate Textures & Materials with AI — Seamless Patterns for 3D & デザイン,01-How-To/how-to-generate-textures-materials-ai-ja.md
P2-backlog,73,01-How-To,zh,(blank),multilingual-cluster,4,1,how-to-generate-textures-materials-ai-zh,how-to-generate-textures-materials-ai,如何用AI生成纹理与材质 — 3D与设计的无缝图案,01-How-To/how-to-generate-textures-materials-ai-zh.md
P2-backlog,73,01-How-To,zh-TW,(blank),multilingual-cluster,4,1,how-to-generate-textures-materials-ai,how-to-generate-textures-materials-ai,【繁體】 如何 Generate Textures & Materials with AI — Seamless Patterns for 3D & 設計,01-How-To/how-to-generate-textures-materials-ai-zhtw.md
P2-backlog,73,01-How-To,ja,(blank),multilingual-cluster,4,1,how-to-make-collages-moodboards-ai,how-to-make-collages-moodboards-ai,【日本語】 方法 Make Collages & Moodboards with AI — Visual Brainstorming Made Easy,01-How-To/how-to-make-collages-moodboards-ai-ja.md
P2-backlog,73,01-How-To,zh,(blank),multilingual-cluster,4,1,how-to-make-collages-moodboards-ai,how-to-make-collages-moodboards-ai,如何用AI制作拼贴画与情绪板——轻松实现视觉头脑风暴,01-How-To/how-to-make-collages-moodboards-ai-zh.md
P2-backlog,73,01-How-To,zh-TW,(blank),multilingual-cluster,4,1,how-to-make-collages-moodboards-ai,how-to-make-collages-moodboards-ai,【繁體】 如何 Make Collages & Moodboards with AI — Visual Brainstorming Made Easy,01-How-To/how-to-make-collages-moodboards-ai-zhtw.md
P2-backlog,73,01-How-To,ja,(blank),multilingual-cluster,4,1,how-to-make-movie-poster-ai,how-to-make-movie-poster-ai,【日本語】 方法 Make a Movie Poster with AI — Cinematic デザインs That Look Professional,01-How-To/how-to-make-movie-poster-ai-ja.md
P2-backlog,73,01-How-To,zh,(blank),multilingual-cluster,4,1,how-to-make-movie-poster-ai,how-to-make-movie-poster-ai,如何用AI制作电影海报——专业级电影感设计,01-How-To/how-to-make-movie-poster-ai-zh.md
P2-backlog,73,01-How-To,zh-TW,(blank),multilingual-cluster,4,1,how-to-make-movie-poster-ai,how-to-make-movie-poster-ai,【繁體】 如何 Make a Movie Poster with AI — Cinematic 設計s That Look Professional,01-How-To/how-to-make-movie-poster-ai-zhtw.md
P2-backlog,73,01-How-To,ja,(blank),multilingual-cluster,4,1,how-to-transform-age-body-ai-portraits,how-to-transform-age-body-ai-portraits,"【日本語】 方法 Transform Age, Appearance & Body in AI Portraits — Baby, Aging & More Effects",01-How-To/how-to-transform-age-body-ai-portraits-ja.md
P2-backlog,73,01-How-To,zh,(blank),multilingual-cluster,4,1,how-to-transform-age-body-ai-portraits-zh,how-to-transform-age-body-ai-portraits,如何在AI肖像中转换年龄、外貌与体型——婴儿、衰老及其他效果,01-How-To/how-to-transform-age-body-ai-portraits-zh.md
P2-backlog,73,01-How-To,zh-TW,(blank),multilingual-cluster,4,1,how-to-transform-age-body-ai-portraits,how-to-transform-age-body-ai-portraits,"【繁體】 如何 Transform Age, Appearance & Body in AI Portraits — Baby, Aging & More Effects",01-How-To/how-to-transform-age-body-ai-portraits-zhtw.md
P2-backlog,73,01-How-To,ja,(blank),multilingual-cluster,4,1,how-to-turn-photo-into-anime-cartoon-ai,how-to-turn-photo-into-anime-cartoon-ai,"【日本語】 方法 Turn Your Photo into Anime, Cartoon & Disney Style with AI",01-How-To/how-to-turn-photo-into-anime-cartoon-ai-ja.md
P2-backlog,73,01-How-To,zh,(blank),multilingual-cluster,4,1,how-to-turn-photo-into-anime-cartoon-ai-zh,how-to-turn-photo-into-anime-cartoon-ai,如何用AI将照片转换为动漫、卡通与迪士尼风格,01-How-To/how-to-turn-photo-into-anime-cartoon-ai-zh.md
P2-backlog,73,01-How-To,zh-TW,(blank),multilingual-cluster,4,1,how-to-turn-photo-into-anime-cartoon-ai,how-to-turn-photo-into-anime-cartoon-ai,"【繁體】 如何 Turn Your Photo into Anime, Cartoon & Disney Style with AI",01-How-To/how-to-turn-photo-into-anime-cartoon-ai-zhtw.md
P2-backlog,73,01-How-To,ja,(blank),multilingual-cluster,4,1,how-to-use-free-ai-design-tools,how-to-use-free-ai-design-tools,【日本語】 方法 Use Free AI デザイン ツール — Create Professional デザインs Without Spending a Dime,01-How-To/how-to-use-free-ai-design-tools-ja.md
P2-backlog,73,01-How-To,zh,(blank),multilingual-cluster,4,1,how-to-use-free-ai-design-tools,how-to-use-free-ai-design-tools,如何免费使用AI设计工具——零成本打造专业设计,01-How-To/how-to-use-free-ai-design-tools-zh.md
P2-backlog,73,01-How-To,zh-TW,(blank),multilingual-cluster,4,1,how-to-use-free-ai-design-tools,how-to-use-free-ai-design-tools,【繁體】 如何 Use Free AI 設計 工具 — Create Professional 設計s Without Spending a Dime,01-How-To/how-to-use-free-ai-design-tools-zhtw.md
P2-backlog,73,01-How-To,ja,(blank),multilingual-cluster,4,1,remix-culture-editable-ai-assets-new-stock-photography,remix-culture-editable-ai-assets-new-stock-photography,【日本語】 Remix Culture — Why Editable AI Assets Are the New Stock Photography,01-How-To/remix-culture-editable-ai-assets-new-stock-photography-ja.md
P2-backlog,73,01-How-To,zh-TW,(blank),multilingual-cluster,4,1,remix-culture-editable-ai-assets-new-stock-photography,remix-culture-editable-ai-assets-new-stock-photography,【繁體】 Remix Culture — Why Editable AI Assets Are the New Stock Photography,01-How-To/remix-culture-editable-ai-assets-new-stock-photography-zhtw.md
P2-backlog,73,01-How-To,zh,(blank),multilingual-cluster,4,1,S19-ai-design-enterprise-cto-guide-zh,s19-ai-design-enterprise-cto-guide,企业级AI设计：CTO的AI驱动创意团队完全指南,01-How-To/S19-ai-design-enterprise-cto-guide-zh.md
P2-backlog,73,01-How-To,ja,(blank),multilingual-cluster,4,1,S26 - how-to-create-ugc-content-ai-ja,s26 - how-to-create-ugc-content-ai,How to Create UGC-Style Content with AI: The Complete Guide,01-How-To/S26 - how-to-create-ugc-content-ai-ja.md
P2-backlog,73,01-How-To,zh,(blank),multilingual-cluster,4,1,S26 - how-to-create-ugc-content-ai-zh,s26 - how-to-create-ugc-content-ai,如何用AI创建UGC风格内容：完整指南,01-How-To/S26 - how-to-create-ugc-content-ai-zh.md
P2-backlog,73,01-How-To,zh-TW,(blank),multilingual-cluster,4,1,S26 - how-to-create-ugc-content-ai-zhtw,s26 - how-to-create-ugc-content-ai,How to Create UGC-Style Content with AI: The Complete Guide,01-How-To/S26 - how-to-create-ugc-content-ai-zhtw.md
P2-backlog,73,01-How-To,ja,(blank),multilingual-cluster,6,1,ultimate-guide-ai-design-agent-canvas-for-creators-business,ultimate-guide-ai-design-agent-canvas-for-creators-business,【日本語】 The 究極 ガイド to AI デザイン Agent Canvas — Co-Create Your ブランド from a Single Prompt,01-How-To/ultimate-guide-ai-design-agent-canvas-for-creators-business-ja.md
P2-backlog,73,01-How-To,zh,(blank),multilingual-cluster,6,1,ultimate-guide-ai-design-agent-canvas-for-creators-business-zh,ultimate-guide-ai-design-agent-canvas-for-creators-business,AI 设计代理画布终极指南 — 从一个提示词开始，共同打造你的品牌,01-How-To/ultimate-guide-ai-design-agent-canvas-for-creators-business-zh.md
P2-backlog,73,01-How-To,zh-TW,(blank),multilingual-cluster,6,1,ultimate-guide-ai-design-agent-canvas-for-creators-business,ultimate-guide-ai-design-agent-canvas-for-creators-business,【繁體】 The 終極 指南 to AI 設計 Agent Canvas — Co-Create Your 品牌 from a Single Prompt,01-How-To/ultimate-guide-ai-design-agent-canvas-for-creators-business-zhtw.md
P2-backlog,73,05-Insight-Trend,en,(blank),multilingual-cluster,4,1,01-insight-2026-year-review,01-insight-2026-year-review,2026 AI Design Year in Review: The Year AI Became Every Designer's Co-Pilot,05-Insight-Trend/01-insight-2026-year-review.md
P2-backlog,73,05-Insight-Trend,en,(blank),multilingual-cluster,4,1,ai-design-economic-impact-2026,ai-design-economic-impact-2026,The Economic Impact of AI Design — What Happens When Design Costs Drop 90%,05-Insight-Trend/ai-design-economic-impact-2026.md
P2-backlog,73,05-Insight-Trend,en,(blank),multilingual-cluster,4,1,ai-design-global-adoption-trends-2026,ai-design-global-adoption-trends-2026,"AI Design Global Adoption — Who's Using It, Where, and Why (2026 Data)",05-Insight-Trend/ai-design-global-adoption-trends-2026.md
P2-backlog,73,05-Insight-Trend,en,(blank),multilingual-cluster,4,1,S20-5-ai-design-trends-2026,s20-5-ai-design-trends-2026,5 AI Design Trends in 2026 That Are Changing Everything,05-Insight-Trend/S20-5-ai-design-trends-2026.md
P2-backlog,73,08-Best-Practice,en,(blank),multilingual-cluster,4,1,ai-video-creation-tricks-claymation-loop-animate-photos,ai-video-creation-tricks-claymation-loop-animate-photos,"AI Video Creation Tricks: Claymation, Loops, Photo Animation & More Creative Techniques",08-Best-Practice/ai-video-creation-tricks-claymation-loop-animate-photos.md
P2-backlog,73,08-Best-Practice,en,(blank),multilingual-cluster,4,1,edit-elements-layered-editing-ai-deep-dive,edit-elements-layered-editing-ai-deep-dive,Edit Elements Deep Dive — Layered AI Editing for Professional Designers,08-Best-Practice/edit-elements-layered-editing-ai-deep-dive.md
P2-backlog,73,08-Best-Practice,en,(blank),multilingual-cluster,4,1,eye-contact-touch-edit-character-look-at-camera,eye-contact-touch-edit-character-look-at-camera,,08-Best-Practice/eye-contact-touch-edit-character-look-at-camera.md
P2-backlog,73,08-Best-Practice,en,(blank),multilingual-cluster,4,1,isolating-objects-transparent-stickers-ai,isolating-objects-transparent-stickers-ai,,08-Best-Practice/isolating-objects-transparent-stickers-ai.md
P2-backlog,73,08-Best-Practice,en,(blank),multilingual-cluster,4,1,over-editing-when-to-stop-tweaking-design,over-editing-when-to-stop-tweaking-design,,08-Best-Practice/over-editing-when-to-stop-tweaking-design.md
P2-backlog,73,12-Digest,en,(blank),multilingual-cluster,4,1,lovart-digest-june-2026-week3,lovart-digest-june-2026-week3,"Lovart Digest — Mid-Year Design Review, Best Practices & What's Trending (June W3)",12-Digest/lovart-digest-june-2026-week3.md
P2-backlog,73,12-Digest,en,(blank),multilingual-cluster,4,1,lovart-digest-may-2026-week3,lovart-digest-may-2026-week3,"Lovart Digest — Best Design Tips, Tools & Templates This Week (May W3)",12-Digest/lovart-digest-may-2026-week3.md
P2-backlog,72,03-Industry-Segment,ja,ready,multilingual-cluster,3,1,ai-design-education-course-materials-certificates,ai-design-education-course-materials-certificates,"【日本語】 AI デザイン for Education: Course Materials, Certificates & Everything In Between",03-Industry-Segment/02-segment-education-design-ja.md
P2-backlog,72,03-Industry-Segment,zh,ready,multilingual-cluster,3,1,ai-design-education-course-materials-certificates,ai-design-education-course-materials-certificates,AI 赋能教育设计：课程材料、证书及更多内容,03-Industry-Segment/02-segment-education-design-zh.md
P2-backlog,72,03-Industry-Segment,zh-TW,ready,multilingual-cluster,3,1,ai-design-education-course-materials-certificates,ai-design-education-course-materials-certificates,"【繁體】 AI 設計 for Education: Course Materials, Certificates & Everything In Between",03-Industry-Segment/02-segment-education-design-zhtw.md
P2-backlog,72,04-Career,ja,ready,multilingual-cluster,4,1,case-study-designer-ai-image-model-workflow,case-study-designer-ai-image-model-workflow,【日本語】 How デザインer Lena Vogel Built an AI Model Workflow That Produces 4 Hours of デザイン in 19 Minutes,04-Career/case-study-designer-ai-image-model-workflow-ja.md
P2-backlog,72,04-Career,zh-TW,ready,multilingual-cluster,4,1,case-study-designer-ai-image-model-workflow,case-study-designer-ai-image-model-workflow,【繁體】 How 設計er Lena Vogel Built an AI Model Workflow That Produces 4 Hours of 設計 in 19 Minutes,04-Career/case-study-designer-ai-image-model-workflow-zhtw.md
P2-backlog,72,06-Case-Study,ja,ready,multilingual-cluster,4,1,case-study-agency-ai-banner-campaign,case-study-agency-ai-banner-campaign,【日本語】 How Agency クリエイティブ Director Omar Hassan Replaced Banner Ad Outsourcing — And Cut Client Costs by 82% Without Losing Quality,06-Case-Study/case-study-agency-ai-banner-campaign-ja.md
P2-backlog,72,06-Case-Study,zh-TW,ready,multilingual-cluster,4,1,case-study-agency-ai-banner-campaign,case-study-agency-ai-banner-campaign,【繁體】 How Agency 創意 Director Omar Hassan Replaced Banner Ad Outsourcing — And Cut Client Costs by 82% Without Losing Quality,06-Case-Study/case-study-agency-ai-banner-campaign-zhtw.md
P2-backlog,72,06-Case-Study,ja,ready,multilingual-cluster,4,1,case-study-app-developer-ai-wallpaper-backgrounds,case-study-app-developer-ai-wallpaper-backgrounds,"【日本語】 How App Developer Min-Jun Park Generated 1,800 Wallpapers in 10 Days — And His Meditation App Hit #1 in the App Store",06-Case-Study/case-study-app-developer-ai-wallpaper-backgrounds-ja.md
P2-backlog,72,06-Case-Study,zh,ready,multilingual-cluster,4,1,case-study-app-developer-ai-wallpaper-backgrounds,case-study-app-developer-ai-wallpaper-backgrounds,应用开发者朴敏俊如何在10天内生成1800张壁纸——他的冥想应用登顶App Store榜首,06-Case-Study/case-study-app-developer-ai-wallpaper-backgrounds-zh.md
P2-backlog,72,06-Case-Study,zh-TW,ready,multilingual-cluster,4,1,case-study-app-developer-ai-wallpaper-backgrounds,case-study-app-developer-ai-wallpaper-backgrounds,"【繁體】 How App Developer Min-Jun Park Generated 1,800 Wallpapers in 10 Days — And His Meditation App Hit #1 in the App Store",06-Case-Study/case-study-app-developer-ai-wallpaper-backgrounds-zhtw.md
P2-backlog,72,06-Case-Study,ja,ready,multilingual-cluster,4,1,case-study-architect-ai-floor-plan-client,case-study-architect-ai-floor-plan-client,【日本語】 How Architect Takeshi Yamamoto Created 18 Floor Plan Concepts in a Single Client Meeting — And Cut His Sales Cycle by 67%,06-Case-Study/case-study-architect-ai-floor-plan-client-ja.md
P2-backlog,72,06-Case-Study,zh,ready,multilingual-cluster,4,1,case-study-architect-ai-floor-plan-client,case-study-architect-ai-floor-plan-client,建筑师山本武如何在一次客户会议中创建18个户型方案——并将销售周期缩短67%,06-Case-Study/case-study-architect-ai-floor-plan-client-zh.md
P2-backlog,72,06-Case-Study,zh-TW,ready,multilingual-cluster,4,1,case-study-architect-ai-floor-plan-client,case-study-architect-ai-floor-plan-client,【繁體】 How Architect Takeshi Yamamoto Created 18 Floor Plan Concepts in a Single Client Meeting — And Cut His Sales Cycle by 67%,06-Case-Study/case-study-architect-ai-floor-plan-client-zhtw.md
P2-backlog,72,06-Case-Study,ja,ready,multilingual-cluster,4,1,case-study-architect-ai-sketches-concept,case-study-architect-ai-sketches-concept,【日本語】 How Architect Mateo Reyes Cut Concept デザイン from 12 Days to 4 Hours — And Won 3 Projects His Firm Expected to Lose,06-Case-Study/case-study-architect-ai-sketches-concept-ja.md
P2-backlog,72,06-Case-Study,zh-TW,ready,multilingual-cluster,4,1,case-study-architect-ai-sketches-concept,case-study-architect-ai-sketches-concept,【繁體】 How Architect Mateo Reyes Cut Concept 設計 from 12 Days to 4 Hours — And Won 3 Projects His Firm Expected to Lose,06-Case-Study/case-study-architect-ai-sketches-concept-zhtw.md
P2-backlog,72,06-Case-Study,ja,ready,multilingual-cluster,4,1,case-study-bakery-owner-ai-brand-small-business,case-study-bakery-owner-ai-brand-small-business,【日本語】 How Bakery Owner Rosa Alvarez Built a ブランド in 48 Hours — And Tripled Her Wholesale Accounts,06-Case-Study/case-study-bakery-owner-ai-brand-small-business-ja.md
P2-backlog,72,06-Case-Study,zh,ready,multilingual-cluster,4,1,case-study-bakery-owner-ai-brand-small-business,case-study-bakery-owner-ai-brand-small-business,面包店主罗莎·阿尔瓦雷斯如何在48小时内打造品牌——并让批发客户数量翻三倍,06-Case-Study/case-study-bakery-owner-ai-brand-small-business-zh.md
P2-backlog,72,06-Case-Study,zh-TW,ready,multilingual-cluster,4,1,case-study-bakery-owner-ai-brand-small-business,case-study-bakery-owner-ai-brand-small-business,【繁體】 How Bakery Owner Rosa Alvarez Built a 品牌 in 48 Hours — And Tripled Her Wholesale Accounts,06-Case-Study/case-study-bakery-owner-ai-brand-small-business-zhtw.md
P2-backlog,72,06-Case-Study,ja,ready,multilingual-cluster,4,1,case-study-bootstrapper-free-ai-tools-growth,case-study-bootstrapper-free-ai-tools-growth,【日本語】 How Bootstrapper Tunde Adebayo Built a 6-Figure DTC ブランド Using Only Free AI ツール — And Lovart Was the デザイン Engine,06-Case-Study/case-study-bootstrapper-free-ai-tools-growth-ja.md
P2-backlog,72,06-Case-Study,zh-TW,ready,multilingual-cluster,4,1,case-study-bootstrapper-free-ai-tools-growth,case-study-bootstrapper-free-ai-tools-growth,【繁體】 How Bootstrapper Tunde Adebayo Built a 6-Figure DTC 品牌 Using Only Free AI 工具 — And Lovart Was the 設計 Engine,06-Case-Study/case-study-bootstrapper-free-ai-tools-growth-zhtw.md
P2-backlog,72,06-Case-Study,ja,ready,multilingual-cluster,4,1,case-study-cafe-owner-ai-menu-brand-redesign,case-study-cafe-owner-ai-menu-brand-redesign,【日本語】 How Café Owner Leila Haddad Reデザインed Her Menu and ブランド in One Weekend — And Lines Formed Around the Block,06-Case-Study/case-study-cafe-owner-ai-menu-brand-redesign-ja.md
P2-backlog,72,06-Case-Study,zh,ready,multilingual-cluster,4,1,case-study-cafe-owner-ai-menu-brand-redesign,case-study-cafe-owner-ai-menu-brand-redesign,咖啡馆老板莱拉·哈达德如何在一个周末内重新设计菜单和品牌——结果门口排起了长队,06-Case-Study/case-study-cafe-owner-ai-menu-brand-redesign-zh.md
P2-backlog,72,06-Case-Study,zh-TW,ready,multilingual-cluster,4,1,case-study-cafe-owner-ai-menu-brand-redesign,case-study-cafe-owner-ai-menu-brand-redesign,【繁體】 How Café Owner Leila Haddad Re設計ed Her Menu and 品牌 in One Weekend — And Lines Formed Around the Block,06-Case-Study/case-study-cafe-owner-ai-menu-brand-redesign-zhtw.md
P2-backlog,72,06-Case-Study,ja,ready,multilingual-cluster,4,1,case-study-comic-artist-photo-to-anime-ai,case-study-comic-artist-photo-to-anime-ai,【日本語】 How Comic Artist Diego Herrera Turned His 300-Photo Street Archive into a Graphic Novel — Using AI Photo-to-Anime,06-Case-Study/case-study-comic-artist-photo-to-anime-ai-ja.md
P2-backlog,72,06-Case-Study,zh,ready,multilingual-cluster,4,1,case-study-comic-artist-photo-to-anime-ai,case-study-comic-artist-photo-to-anime-ai,漫画艺术家迭戈·埃雷拉如何用AI照片转动漫，将300张街头照片档案变成一部图像小说,06-Case-Study/case-study-comic-artist-photo-to-anime-ai-zh.md
P2-backlog,72,06-Case-Study,zh-TW,ready,multilingual-cluster,4,1,case-study-comic-artist-photo-to-anime-ai,case-study-comic-artist-photo-to-anime-ai,【繁體】 How Comic Artist Diego Herrera Turned His 300-Photo Street Archive into a Graphic Novel — Using AI Photo-to-Anime,06-Case-Study/case-study-comic-artist-photo-to-anime-ai-zhtw.md
P2-backlog,72,06-Case-Study,ja,ready,multilingual-cluster,4,1,case-study-dating-coach-ai-face-retouch,case-study-dating-coach-ai-face-retouch,【日本語】 How Dating Coach Kwame Asante Transformed 47 Client Profile Photos in One Weekend — And Their Match Rate Doubled,06-Case-Study/case-study-dating-coach-ai-face-retouch-ja.md
P2-backlog,72,06-Case-Study,zh,ready,multilingual-cluster,4,1,case-study-dating-coach-ai-face-retouch,case-study-dating-coach-ai-face-retouch,约会教练Kwame Asante如何在一个周末内改造47位客户的个人资料照片——他们的匹配率翻了一番,06-Case-Study/case-study-dating-coach-ai-face-retouch-zh.md
P2-backlog,72,06-Case-Study,zh-TW,ready,multilingual-cluster,4,1,case-study-dating-coach-ai-face-retouch,case-study-dating-coach-ai-face-retouch,【繁體】 How Dating Coach Kwame Asante Transformed 47 Client Profile Photos in One Weekend — And Their Match Rate Doubled,06-Case-Study/case-study-dating-coach-ai-face-retouch-zhtw.md
P2-backlog,72,06-Case-Study,zh,ready,multilingual-cluster,4,1,case-study-digital-artist-ai-platform-switch,case-study-digital-artist-ai-platform-switch,数字艺术家松本惠子三次切换AI平台——最终找到不设限的那一个,06-Case-Study/case-study-digital-artist-ai-platform-switch-zh.md
P2-backlog,72,06-Case-Study,ja,ready,multilingual-cluster,4,1,case-study-ecommerce-upscaled-product-images-ai,case-study-ecommerce-upscaled-product-images-ai,【日本語】 How Shopify Seller Dev Patel Upscaled 600 Product Images in One Afternoon — And Doubled His Conversion Rate,06-Case-Study/case-study-ecommerce-upscaled-product-images-ai-ja.md
P2-backlog,72,06-Case-Study,zh,ready,multilingual-cluster,4,1,case-study-ecommerce-upscaled-product-images-ai,case-study-ecommerce-upscaled-product-images-ai,Shopify卖家Dev Patel一个下午放大600张产品图片——转化率翻倍,06-Case-Study/case-study-ecommerce-upscaled-product-images-ai-zh.md
P2-backlog,72,06-Case-Study,zh-TW,ready,multilingual-cluster,4,1,case-study-ecommerce-upscaled-product-images-ai,case-study-ecommerce-upscaled-product-images-ai,【繁體】 How Shopify Seller Dev Patel Upscaled 600 Product Images in One Afternoon — And Doubled His Conversion Rate,06-Case-Study/case-study-ecommerce-upscaled-product-images-ai-zhtw.md
P2-backlog,72,06-Case-Study,ja,ready,multilingual-cluster,4,1,case-study-event-planner-ai-poster-design,case-study-event-planner-ai-poster-design,【日本語】 How Event Planner Chioma Eze デザインed 38 Posters in 3 Days — And Saved Her Client's Festival from Cancellation,06-Case-Study/case-study-event-planner-ai-poster-design-ja.md
P2-backlog,72,06-Case-Study,zh,ready,multilingual-cluster,4,1,case-study-event-planner-ai-poster-design,case-study-event-planner-ai-poster-design,活动策划人 Chioma Eze 如何在3天内设计38张海报——并挽救客户音乐节免于取消,06-Case-Study/case-study-event-planner-ai-poster-design-zh.md
P2-backlog,72,06-Case-Study,zh-TW,ready,multilingual-cluster,4,1,case-study-event-planner-ai-poster-design,case-study-event-planner-ai-poster-design,【繁體】 How Event Planner Chioma Eze 設計ed 38 Posters in 3 Days — And Saved Her Client's Festival from Cancellation,06-Case-Study/case-study-event-planner-ai-poster-design-zhtw.md
P2-backlog,72,06-Case-Study,ja,ready,multilingual-cluster,4,1,case-study-family-animated-old-photos-ai,case-study-family-animated-old-photos-ai,【日本語】 How Family Historian Grace Mbatha Brought 83 Ancestor Photos to Life — And Gave Her Grandmother the Reunion She Never Had,06-Case-Study/case-study-family-animated-old-photos-ai-ja.md
P2-backlog,72,06-Case-Study,zh-TW,ready,multilingual-cluster,4,1,case-study-family-animated-old-photos-ai,case-study-family-animated-old-photos-ai,【繁體】 How Family Historian Grace Mbatha Brought 83 Ancestor Photos to Life — And Gave Her Grandmother the Reunion She Never Had,06-Case-Study/case-study-family-animated-old-photos-ai-zhtw.md
P2-backlog,72,06-Case-Study,ja,ready,multilingual-cluster,4,1,case-study-filmmaker-ai-movie-poster,case-study-filmmaker-ai-movie-poster,【日本語】 How Filmmaker Nadia Karimi デザインed a Festival-Winning Movie Poster for $19 — And the Director Thought She'd Hired an Agency,06-Case-Study/case-study-filmmaker-ai-movie-poster-ja.md
P2-backlog,72,06-Case-Study,zh,ready,multilingual-cluster,4,1,case-study-filmmaker-ai-movie-poster,case-study-filmmaker-ai-movie-poster,电影制作人纳迪亚·卡里米如何用19美元设计出获奖电影节海报——导演还以为她雇了专业机构,06-Case-Study/case-study-filmmaker-ai-movie-poster-zh.md
P2-backlog,72,06-Case-Study,zh-TW,ready,multilingual-cluster,4,1,case-study-filmmaker-ai-movie-poster,case-study-filmmaker-ai-movie-poster,【繁體】 How Filmmaker Nadia Karimi 設計ed a Festival-Winning Movie Poster for $19 — And the Director Thought She'd Hired an Agency,06-Case-Study/case-study-filmmaker-ai-movie-poster-zhtw.md
P2-backlog,72,06-Case-Study,ja,ready,multilingual-cluster,4,1,case-study-fitness-coach-ai-body-transformation,case-study-fitness-coach-ai-body-transformation,【日本語】 How Fitness Coach Jordan Williams Created 300 Client Transformation Visualizations — And His Program Enrollment Tripled,06-Case-Study/case-study-fitness-coach-ai-body-transformation-ja.md
P2-backlog,72,06-Case-Study,zh-TW,ready,multilingual-cluster,4,1,case-study-fitness-coach-ai-body-transformation,case-study-fitness-coach-ai-body-transformation,【繁體】 How Fitness Coach Jordan Williams Created 300 Client Transformation Visualizations — And His Program Enrollment Tripled,06-Case-Study/case-study-fitness-coach-ai-body-transformation-zhtw.md
P2-backlog,72,06-Case-Study,ja,ready,multilingual-cluster,4,1,case-study-gallery-owner-ai-art-exhibition,case-study-gallery-owner-ai-art-exhibition,【日本語】 How Gallery Owner Camille Dubois Curated a 47-Artist AI Exhibition — And Sold Out Before Opening Night,06-Case-Study/case-study-gallery-owner-ai-art-exhibition-ja.md
P2-backlog,72,06-Case-Study,zh,ready,multilingual-cluster,4,1,case-study-gallery-owner-ai-art-exhibition,case-study-gallery-owner-ai-art-exhibition,画廊主卡米耶·杜布瓦如何策划一场47位艺术家的AI展览——并在开幕之夜前售罄,06-Case-Study/case-study-gallery-owner-ai-art-exhibition-zh.md
P2-backlog,72,06-Case-Study,zh-TW,ready,multilingual-cluster,4,1,case-study-gallery-owner-ai-art-exhibition,case-study-gallery-owner-ai-art-exhibition,【繁體】 How Gallery Owner Camille Dubois Curated a 47-Artist AI Exhibition — And Sold Out Before Opening Night,06-Case-Study/case-study-gallery-owner-ai-art-exhibition-zhtw.md
P2-backlog,72,06-Case-Study,ja,ready,multilingual-cluster,4,1,case-study-game-dev-ai-textures-materials,case-study-game-dev-ai-textures-materials,"【日本語】 How Game Developer Yuki Tanaka Generated 2,400 Textures in 6 Days — And Shipped His Indie Game 8 Months Early",06-Case-Study/case-study-game-dev-ai-textures-materials-ja.md
P2-backlog,72,06-Case-Study,zh,ready,multilingual-cluster,4,1,case-study-game-dev-ai-textures-materials,case-study-game-dev-ai-textures-materials,游戏开发者田中优纪如何在6天内生成2400种纹理——并将独立游戏提前8个月发布,06-Case-Study/case-study-game-dev-ai-textures-materials-zh.md
P2-backlog,72,06-Case-Study,zh-TW,ready,multilingual-cluster,4,1,case-study-game-dev-ai-textures-materials,case-study-game-dev-ai-textures-materials,"【繁體】 How Game Developer Yuki Tanaka Generated 2,400 Textures in 6 Days — And Shipped His Indie Game 8 Months Early",06-Case-Study/case-study-game-dev-ai-textures-materials-zhtw.md
P2-backlog,72,06-Case-Study,ja,ready,multilingual-cluster,4,1,case-study-indie-musician-ai-music-video,case-study-indie-musician-ai-music-video,【日本語】 How Indie Musician Zara Kone Created 5 Music Videos in One Month — With Zero Film Crew and a $19 Budget,06-Case-Study/case-study-indie-musician-ai-music-video-ja.md
P2-backlog,72,06-Case-Study,zh,ready,multilingual-cluster,4,1,case-study-indie-musician-ai-music-video,case-study-indie-musician-ai-music-video,独立音乐人 Zara Kone 如何在零剧组、仅花费 19 美元的情况下，一个月内创作出 5 支音乐视频,06-Case-Study/case-study-indie-musician-ai-music-video-zh.md
P2-backlog,72,06-Case-Study,zh-TW,ready,multilingual-cluster,4,1,case-study-indie-musician-ai-music-video,case-study-indie-musician-ai-music-video,【繁體】 How Indie Musician Zara Kone Created 5 Music Videos in One Month — With Zero Film Crew and a $19 Budget,06-Case-Study/case-study-indie-musician-ai-music-video-zhtw.md
P2-backlog,72,06-Case-Study,ja,ready,multilingual-cluster,4,1,case-study-marketing-team-text-to-video-ai,case-study-marketing-team-text-to-video-ai,"【日本語】 How マーケティング Director Aisha Diallo Replaced a $12,000/Month Video Agency with Text Prompts — And Doubled Campaign Output",06-Case-Study/case-study-marketing-team-text-to-video-ai-ja.md
P2-backlog,72,06-Case-Study,zh,ready,multilingual-cluster,4,1,case-study-marketing-team-text-to-video-ai,case-study-marketing-team-text-to-video-ai,营销总监Aisha Diallo如何用文本提示取代每月1.2万美元的视频制作公司——并将活动产出翻倍,06-Case-Study/case-study-marketing-team-text-to-video-ai-zh.md
P2-backlog,72,06-Case-Study,zh-TW,ready,multilingual-cluster,4,1,case-study-marketing-team-text-to-video-ai,case-study-marketing-team-text-to-video-ai,"【繁體】 How 行銷 Director Aisha Diallo Replaced a $12,000/Month Video Agency with Text Prompts — And Doubled Campaign Output",06-Case-Study/case-study-marketing-team-text-to-video-ai-zhtw.md
P2-backlog,72,06-Case-Study,ja,ready,multilingual-cluster,4,1,case-study-novelist-consistent-character-ai,case-study-novelist-consistent-character-ai,【日本語】 How Novelist Amara Obi Created 14 Consistent Characters Across a 300-Page Trilogy — Without Sketching Once,06-Case-Study/case-study-novelist-consistent-character-ai-ja.md
P2-backlog,72,06-Case-Study,zh,ready,multilingual-cluster,4,1,case-study-novelist-consistent-character-ai,case-study-novelist-consistent-character-ai,小说家阿马拉·奥比如何在300页三部曲中创造14个一致角色——无需一次素描,06-Case-Study/case-study-novelist-consistent-character-ai-zh.md
P2-backlog,72,06-Case-Study,zh-TW,ready,multilingual-cluster,4,1,case-study-novelist-consistent-character-ai,case-study-novelist-consistent-character-ai,【繁體】 How Novelist Amara Obi Created 14 Consistent Characters Across a 300-Page Trilogy — Without Sketching Once,06-Case-Study/case-study-novelist-consistent-character-ai-zhtw.md
P2-backlog,72,06-Case-Study,ja,ready,multilingual-cluster,4,1,case-study-photographer-fixed-blurry-photos-ai,case-study-photographer-fixed-blurry-photos-ai,【日本語】 How Wedding Photographer Elena Vasquez Fixed 47 'Ruined' Photos — With AI Sharpening That Paid for Itself in One Event,06-Case-Study/case-study-photographer-fixed-blurry-photos-ai-ja.md
P2-backlog,72,06-Case-Study,zh,ready,multilingual-cluster,4,1,case-study-photographer-fixed-blurry-photos-ai,case-study-photographer-fixed-blurry-photos-ai,婚礼摄影师 Elena Vasquez 如何用 AI 锐化修复 47 张“报废”照片——一次活动就收回成本,06-Case-Study/case-study-photographer-fixed-blurry-photos-ai-zh.md
P2-backlog,72,06-Case-Study,zh-TW,ready,multilingual-cluster,4,1,case-study-photographer-fixed-blurry-photos-ai,case-study-photographer-fixed-blurry-photos-ai,【繁體】 How Wedding Photographer Elena Vasquez Fixed 47 'Ruined' Photos — With AI Sharpening That Paid for Itself in One Event,06-Case-Study/case-study-photographer-fixed-blurry-photos-ai-zhtw.md
P2-backlog,72,06-Case-Study,ja,ready,multilingual-cluster,4,1,case-study-poet-ai-text-art-typography,case-study-poet-ai-text-art-typography,【日本語】 How Poet Amara Diallo Turned 83 Poems into Visual Art — And Built a Gallery Exhibition Without Touching a Paintbrush,06-Case-Study/case-study-poet-ai-text-art-typography-ja.md
P2-backlog,72,06-Case-Study,zh,ready,multilingual-cluster,4,1,case-study-poet-ai-text-art-typography,case-study-poet-ai-text-art-typography,诗人阿玛拉·迪亚洛如何将83首诗转化为视觉艺术——并打造一场无需画笔的画廊展览,06-Case-Study/case-study-poet-ai-text-art-typography-zh.md
P2-backlog,72,06-Case-Study,zh-TW,ready,multilingual-cluster,4,1,case-study-poet-ai-text-art-typography,case-study-poet-ai-text-art-typography,【繁體】 How Poet Amara Diallo Turned 83 Poems into Visual Art — And Built a Gallery Exhibition Without Touching a Paintbrush,06-Case-Study/case-study-poet-ai-text-art-typography-zhtw.md
P2-backlog,72,06-Case-Study,ja,ready,multilingual-cluster,4,1,case-study-prank-video-face-swap-ai,case-study-prank-video-face-swap-ai,【日本語】 How Comedy Creator Lucas Mendes Built a 200K-Follower Account with AI Face Swaps — Without Ever Showing His Real Face,06-Case-Study/case-study-prank-video-face-swap-ai-ja.md
P2-backlog,72,06-Case-Study,zh-TW,ready,multilingual-cluster,4,1,case-study-prank-video-face-swap-ai,case-study-prank-video-face-swap-ai,【繁體】 How Comedy Creator Lucas Mendes Built a 200K-Follower Account with AI Face Swaps — Without Ever Showing His Real Face,06-Case-Study/case-study-prank-video-face-swap-ai-zhtw.md
P2-backlog,72,06-Case-Study,ja,ready,multilingual-cluster,4,1,case-study-real-estate-agent-ai-marketing,case-study-real-estate-agent-ai-marketing,【日本語】 How Real Estate Agent Marcus Chen Generated 340 Property マーケティング Assets in One Weekend — And Sold 12 Homes in 30 Days,06-Case-Study/case-study-real-estate-agent-ai-marketing-ja.md
P2-backlog,72,06-Case-Study,zh,ready,multilingual-cluster,4,1,case-study-real-estate-agent-ai-marketing,case-study-real-estate-agent-ai-marketing,房地产经纪人Marcus Chen如何在周末生成340份房产营销素材——并在30天内售出12套房屋,06-Case-Study/case-study-real-estate-agent-ai-marketing-zh.md
P2-backlog,72,06-Case-Study,zh-TW,ready,multilingual-cluster,4,1,case-study-real-estate-agent-ai-marketing,case-study-real-estate-agent-ai-marketing,【繁體】 How Real Estate Agent Marcus Chen Generated 340 Property 行銷 Assets in One Weekend — And Sold 12 Homes in 30 Days,06-Case-Study/case-study-real-estate-agent-ai-marketing-zhtw.md
P2-backlog,72,06-Case-Study,ja,ready,multilingual-cluster,4,1,case-study-real-estate-ai-interior-staging,case-study-real-estate-ai-interior-staging,【日本語】 How Real Estate Agent Daniel Almeida Staged 34 Vacant Listings in 2 Days — And Sold Every One Above Asking,06-Case-Study/case-study-real-estate-ai-interior-staging-ja.md
P2-backlog,72,06-Case-Study,zh,ready,multilingual-cluster,4,1,case-study-real-estate-ai-interior-staging,case-study-real-estate-ai-interior-staging,房地产经纪人丹尼尔·阿尔梅达如何在2天内布置34套空置房源——且每套均以高于要价售出,06-Case-Study/case-study-real-estate-ai-interior-staging-zh.md
P2-backlog,72,06-Case-Study,zh-TW,ready,multilingual-cluster,4,1,case-study-real-estate-ai-interior-staging,case-study-real-estate-ai-interior-staging,【繁體】 How Real Estate Agent Daniel Almeida Staged 34 Vacant Listings in 2 Days — And Sold Every One Above Asking,06-Case-Study/case-study-real-estate-ai-interior-staging-zhtw.md
P2-backlog,72,06-Case-Study,ja,ready,multilingual-cluster,3,1,case-study-social-media-expanded-cropped-photos-ai,case-study-social-media-expanded-cropped-photos-ai,【日本語】 How Social Media Manager Priya Nair Expanded 200 Cropped Photos — And Sトップped Apologizing to Her Agency's Clients,06-Case-Study/case-study-social-media-expanded-cropped-photos-ja.md
P2-backlog,72,06-Case-Study,zh,ready,multilingual-cluster,3,1,case-study-social-media-expanded-cropped-photos-ai,case-study-social-media-expanded-cropped-photos-ai,社交媒体经理普里亚·奈尔如何扩展200张裁剪照片——并停止向机构客户道歉,06-Case-Study/case-study-social-media-expanded-cropped-photos-zh.md
P2-backlog,72,06-Case-Study,zh-TW,ready,multilingual-cluster,3,1,case-study-social-media-expanded-cropped-photos-ai,case-study-social-media-expanded-cropped-photos-ai,【繁體】 How Social Media Manager Priya Nair Expanded 200 Cropped Photos — And S頂級ped Apologizing to Her Agency's Clients,06-Case-Study/case-study-social-media-expanded-cropped-photos-zhtw.md
P2-backlog,72,06-Case-Study,ja,ready,multilingual-cluster,4,1,case-study-stock-photo-watermark-removal-ai,case-study-stock-photo-watermark-removal-ai,"【日本語】 How Travel Blogger Tomi Adeyemi Removed 1,200 Watermarks — And Built a Shutterstock-Free Blog That Ranks on Page One",06-Case-Study/case-study-stock-photo-watermark-removal-ai-ja.md
P2-backlog,72,06-Case-Study,zh-TW,ready,multilingual-cluster,4,1,case-study-stock-photo-watermark-removal-ai,case-study-stock-photo-watermark-removal-ai,"【繁體】 How Travel Blogger Tomi Adeyemi Removed 1,200 Watermarks — And Built a Shutterstock-Free Blog That Ranks on Page One",06-Case-Study/case-study-stock-photo-watermark-removal-ai-zhtw.md
P2-backlog,72,06-Case-Study,ja,ready,multilingual-cluster,4,1,case-study-teacher-ai-clipart-worksheets,case-study-teacher-ai-clipart-worksheets,【日本語】 How Teacher Fatima Okoro Created 340 Classroom Worksheets in One Weekend — Without Drawing a Single Image,06-Case-Study/case-study-teacher-ai-clipart-worksheets-ja.md
P2-backlog,72,06-Case-Study,zh,ready,multilingual-cluster,4,1,case-study-teacher-ai-clipart-worksheets,case-study-teacher-ai-clipart-worksheets,教师法蒂玛·奥科罗如何在周末创建340份课堂练习册——无需手绘任何图像,06-Case-Study/case-study-teacher-ai-clipart-worksheets-zh.md
P2-backlog,72,06-Case-Study,zh-TW,ready,multilingual-cluster,4,1,case-study-teacher-ai-clipart-worksheets,case-study-teacher-ai-clipart-worksheets,【繁體】 How Teacher Fatima Okoro Created 340 Classroom Worksheets in One Weekend — Without Drawing a Single Image,06-Case-Study/case-study-teacher-ai-clipart-worksheets-zhtw.md
P2-backlog,72,06-Case-Study,ja,ready,multilingual-cluster,4,1,case-study-tiktok-creator-loop-claymation-ai,case-study-tiktok-creator-loop-claymation-ai,【日本語】 How TikTok Creator Leo Fuentes Hit 1.2M Views with AI Loop Videos — And Built a Claymation Empire Without Touching Clay,06-Case-Study/case-study-tiktok-creator-loop-claymation-ai-ja.md
P2-backlog,72,06-Case-Study,zh,ready,multilingual-cluster,4,1,case-study-tiktok-creator-loop-claymation-ai,case-study-tiktok-creator-loop-claymation-ai,TikTok创作者Leo Fuentes如何用AI循环视频获得120万播放量——在不碰粘土的情况下建立了一个粘土动画帝国,06-Case-Study/case-study-tiktok-creator-loop-claymation-ai-zh.md
P2-backlog,72,06-Case-Study,zh-TW,ready,multilingual-cluster,4,1,case-study-tiktok-creator-loop-claymation-ai,case-study-tiktok-creator-loop-claymation-ai,【繁體】 How TikTok Creator Leo Fuentes Hit 1.2M Views with AI Loop Videos — And Built a Claymation Empire Without Touching Clay,06-Case-Study/case-study-tiktok-creator-loop-claymation-ai-zhtw.md
P2-backlog,72,06-Case-Study,ja,ready,multilingual-cluster,4,1,case-study-vet-clinic-ai-pet-portraits,case-study-vet-clinic-ai-pet-portraits,【日本語】 How Vet Clinic Owner Dr. Hanna Bergstrom Created 300 Pet Portraits — And Became the Most-Recommended Vet in Stockholm,06-Case-Study/case-study-vet-clinic-ai-pet-portraits-ja.md
P2-backlog,72,06-Case-Study,zh-TW,ready,multilingual-cluster,4,1,case-study-vet-clinic-ai-pet-portraits,case-study-vet-clinic-ai-pet-portraits,【繁體】 How Vet Clinic Owner Dr. Hanna Bergstrom Created 300 Pet Portraits — And Became the Most-Recommended Vet in Stockholm,06-Case-Study/case-study-vet-clinic-ai-pet-portraits-zhtw.md
P2-backlog,72,06-Case-Study,ja,ready,multilingual-cluster,4,1,case-study-wedding-planner-ai-invitations-flyers,case-study-wedding-planner-ai-invitations-flyers,【日本語】 How Wedding Planner Olivia Rousseau デザインed 62 Invitation Suites in 5 Days — And Booked Every Weekend for 8 Months,06-Case-Study/case-study-wedding-planner-ai-invitations-flyers-ja.md
P2-backlog,72,06-Case-Study,zh,ready,multilingual-cluster,4,1,case-study-wedding-planner-ai-invitations-flyers,case-study-wedding-planner-ai-invitations-flyers,婚礼策划师奥利维亚·卢梭如何在5天内设计62套邀请函——并预订了未来8个月的每个周末,06-Case-Study/case-study-wedding-planner-ai-invitations-flyers-zh.md
P2-backlog,72,06-Case-Study,zh-TW,ready,multilingual-cluster,4,1,case-study-wedding-planner-ai-invitations-flyers,case-study-wedding-planner-ai-invitations-flyers,【繁體】 How Wedding Planner Olivia Rousseau 設計ed 62 Invitation Suites in 5 Days — And Booked Every Weekend for 8 Months,06-Case-Study/case-study-wedding-planner-ai-invitations-flyers-zhtw.md
P2-backlog,72,06-Case-Study,ja,ready,multilingual-cluster,4,1,case-study-youtuber-edited-videos-ai,case-study-youtuber-edited-videos-ai,【日本語】 How YouTuber James Okonkwo Edited 47 Videos in 11 Days — Without Opening Premiere Pro Once,06-Case-Study/case-study-youtuber-edited-videos-ai-ja.md
P2-backlog,72,06-Case-Study,zh,ready,multilingual-cluster,4,1,case-study-youtuber-edited-videos-ai,case-study-youtuber-edited-videos-ai,YouTuber James Okonkwo 如何在 11 天内剪辑 47 个视频——一次也没打开 Premiere Pro,06-Case-Study/case-study-youtuber-edited-videos-ai-zh.md
P2-backlog,72,06-Case-Study,zh-TW,ready,multilingual-cluster,4,1,case-study-youtuber-edited-videos-ai,case-study-youtuber-edited-videos-ai,【繁體】 How YouTuber James Okonkwo Edited 47 Videos in 11 Days — Without Opening Premiere Pro Once,06-Case-Study/case-study-youtuber-edited-videos-ai-zhtw.md
P2-backlog,71,01-How-To,ja,(blank),multilingual-cluster,3,1,lovart-design-challenge-2-announcement-2027,lovart-design-challenge-2-announcement-2027,"【日本語】 Lovart デザイン Challenge #2: Announcing the Prompt, Prizes, and Judges for Summer 2027",01-How-To/01-community-design-challenge-2-ja.md
P2-backlog,71,01-How-To,zh,(blank),multilingual-cluster,3,1,lovart-design-challenge-2-announcement-2027,lovart-design-challenge-2-announcement-2027,Lovart 设计挑战赛 #2：公布 2027 年夏季赛题、奖项与评委,01-How-To/01-community-design-challenge-2-zh.md
P2-backlog,71,01-How-To,zh-TW,(blank),multilingual-cluster,3,1,lovart-design-challenge-2-announcement-2027,lovart-design-challenge-2-announcement-2027,"【繁體】 Lovart 設計 Challenge #2: Announcing the Prompt, Prizes, and Judges for Summer 2027",01-How-To/01-community-design-challenge-2-zhtw.md
P2-backlog,71,01-How-To,ja,(blank),multilingual-cluster,2,1,lovart-design-challenge-1-results-winners,lovart-design-challenge-1-results-winners,"【日本語】 Lovart デザイン Challenge #1: Results, Winners, and the クリエイティブ Process Behind 847 Submissions",01-How-To/01-community-design-challenge-results-ja.md
P2-backlog,71,01-How-To,zh,(blank),multilingual-cluster,2,1,01-community-design-challenge-results-zh,01-community-design-challenge-results,Lovart 设计挑战赛 #1：847 份投稿的结果、获奖者及创意过程,01-How-To/01-community-design-challenge-results-zh.md
P2-backlog,71,01-How-To,zh-TW,(blank),multilingual-cluster,2,1,lovart-design-challenge-1-results-winners,lovart-design-challenge-1-results-winners,"【繁體】 Lovart 設計 Challenge #1: Results, Winners, and the 創意 Process Behind 847 Submissions",01-How-To/01-community-design-challenge-results-zhtw.md
P2-backlog,71,01-How-To,ja,(blank),multilingual-cluster,3,1,scaling-design-agency-ai-5-to-50-clients-2027,scaling-design-agency-ai-5-to-50-clients-2027,【日本語】 Scaling Your デザイン Agency with AI: From 5 to 50 Clients Without Scaling Headcount,01-How-To/01-enterprise-scaling-agency-ai-ja.md
P2-backlog,71,01-How-To,zh-TW,(blank),multilingual-cluster,3,1,scaling-design-agency-ai-5-to-50-clients-2027,scaling-design-agency-ai-5-to-50-clients-2027,【繁體】 Scaling Your 設計 Agency with AI: From 5 to 50 Clients Without Scaling Headcount,01-How-To/01-enterprise-scaling-agency-ai-zhtw.md
P2-backlog,71,01-How-To,ja,(blank),multilingual-cluster,4,1,01-pillar-ai-brand-design-playbook-ja,01-pillar-ai-brand-design-playbook,AI Brand Design Playbook: From Logo to Complete Visual Identity,01-How-To/01-pillar-ai-brand-design-playbook-ja.md
P2-backlog,71,01-How-To,zh,(blank),multilingual-cluster,4,1,01-pillar-ai-brand-design-playbook-zh,01-pillar-ai-brand-design-playbook,AI 品牌设计手册：从 Logo 到完整视觉识别,01-How-To/01-pillar-ai-brand-design-playbook-zh.md
P2-backlog,71,01-How-To,zh-TW,(blank),multilingual-cluster,4,1,01-pillar-ai-brand-design-playbook-zhtw,01-pillar-ai-brand-design-playbook,AI Brand Design Playbook: From Logo to Complete Visual Identity,01-How-To/01-pillar-ai-brand-design-playbook-zhtw.md
P2-backlog,71,01-How-To,ja,(blank),multilingual-cluster,4,1,02-cluster-email-marketing-visuals-ja,02-cluster-email-marketing-visuals,Email Marketing Visual Design: Newsletter Graphics with AI,01-How-To/02-cluster-email-marketing-visuals-ja.md
P2-backlog,71,01-How-To,zh,(blank),multilingual-cluster,4,1,02-cluster-email-marketing-visuals-zh,02-cluster-email-marketing-visuals,电子邮件营销视觉设计：利用AI制作新闻通讯图形,01-How-To/02-cluster-email-marketing-visuals-zh.md
P2-backlog,71,01-How-To,zh-TW,(blank),multilingual-cluster,4,1,02-cluster-email-marketing-visuals-zhtw,02-cluster-email-marketing-visuals,Email Marketing Visual Design: Newsletter Graphics with AI,01-How-To/02-cluster-email-marketing-visuals-zhtw.md
P2-backlog,71,01-How-To,ja,(blank),multilingual-cluster,4,1,02-cluster-what-is-mcot-ja,02-cluster-what-is-mcot,What Is MCOT? How Lovart's Engine Thinks About Design Like a Human Designer,01-How-To/02-cluster-what-is-mcot-ja.md
P2-backlog,71,01-How-To,zh,(blank),multilingual-cluster,4,1,02-cluster-what-is-mcot-zh,02-cluster-what-is-mcot,什么是 MCOT？Lovart 引擎如何像人类设计师一样思考设计,01-How-To/02-cluster-what-is-mcot-zh.md
P2-backlog,71,01-How-To,zh-TW,(blank),multilingual-cluster,4,1,02-cluster-what-is-mcot-zhtw,02-cluster-what-is-mcot,What Is MCOT? How Lovart's Engine Thinks About Design Like a Human Designer,01-How-To/02-cluster-what-is-mcot-zhtw.md
P2-backlog,71,01-How-To,ja,(blank),multilingual-cluster,4,1,03-cluster-brand-storytelling-ja,03-cluster-brand-storytelling,Brand Storytelling Through Visual Design: The AI-Powered Approach,01-How-To/03-cluster-brand-storytelling-ja.md
P2-backlog,71,01-How-To,zh,(blank),multilingual-cluster,4,1,03-cluster-brand-storytelling-zh,03-cluster-brand-storytelling,通过视觉设计讲述品牌故事：AI驱动的方法,01-How-To/03-cluster-brand-storytelling-zh.md
P2-backlog,71,01-How-To,zh-TW,(blank),multilingual-cluster,4,1,03-cluster-brand-storytelling-zhtw,03-cluster-brand-storytelling,Brand Storytelling Through Visual Design: The AI-Powered Approach,01-How-To/03-cluster-brand-storytelling-zhtw.md
P2-backlog,71,01-How-To,ja,(blank),multilingual-cluster,4,1,03-cluster-character-consistency-ja,03-cluster-character-consistency,The Hardest Problem in AI Design: Character Consistency Across Generations,01-How-To/03-cluster-character-consistency-ja.md
P2-backlog,71,01-How-To,zh-TW,(blank),multilingual-cluster,4,1,03-cluster-character-consistency-zhtw,03-cluster-character-consistency,The Hardest Problem in AI Design: Character Consistency Across Generations,01-How-To/03-cluster-character-consistency-zhtw.md
P2-backlog,71,01-How-To,ja,(blank),multilingual-cluster,4,1,03-community-design-challenge-1-ja,03-community-design-challenge-1,Lovart Design Challenge #1: Redesign Your Local Coffee Shop's Menu,01-How-To/03-community-design-challenge-1-ja.md
P2-backlog,71,01-How-To,zh,(blank),multilingual-cluster,4,1,03-community-design-challenge-1-zh,03-community-design-challenge-1,Lovart 设计挑战 #1：重新设计你当地咖啡店的菜单,01-How-To/03-community-design-challenge-1-zh.md
P2-backlog,71,01-How-To,zh-TW,(blank),multilingual-cluster,4,1,03-community-design-challenge-1-zhtw,03-community-design-challenge-1,Lovart Design Challenge #1: Redesign Your Local Coffee Shop's Menu,01-How-To/03-community-design-challenge-1-zhtw.md
P2-backlog,71,01-How-To,zh,(blank),multilingual-cluster,2,1,03-enterprise-agency-playbook-zh,03-enterprise-agency-playbook,代理机构操作手册：在 Lovart 中管理 10 多个客户品牌而不手忙脚乱,01-How-To/03-enterprise-agency-playbook-zh.md
P2-backlog,71,01-How-To,ja,(blank),multilingual-cluster,3,1,design-governance-ai-brand-compliance-workflows-2027,design-governance-ai-brand-compliance-workflows-2027,【日本語】 デザイン Governance with AI: Setting Up ブランド Compliance Workflows for Enterprise Teams,01-How-To/03-enterprise-design-governance-ja.md
P2-backlog,71,01-How-To,zh,(blank),multilingual-cluster,3,1,design-governance-ai-brand-compliance-workflows-2027,design-governance-ai-brand-compliance-workflows-2027,AI 驱动的设计治理：为企业团队建立品牌合规工作流,01-How-To/03-enterprise-design-governance-zh.md
P2-backlog,71,01-How-To,zh-TW,(blank),multilingual-cluster,3,1,design-governance-ai-brand-compliance-workflows-2027,design-governance-ai-brand-compliance-workflows-2027,【繁體】 設計 Governance with AI: Setting Up 品牌 Compliance Workflows for Enterprise Teams,01-How-To/03-enterprise-design-governance-zhtw.md
P2-backlog,71,01-How-To,zh,(blank),multilingual-cluster,2,1,04-bofu-roi-calculator-spec-zh,04-bofu-roi-calculator-spec,Lovart ROI 计算器 — 功能规格与需求,01-How-To/04-bofu-roi-calculator-spec-zh.md
P2-backlog,71,01-How-To,ja,(blank),multilingual-cluster,4,1,05-enterprise-security-overview-ja,05-enterprise-security-overview,Lovart Security Overview: How We Protect Your Designs & Data,01-How-To/05-enterprise-security-overview-ja.md
P2-backlog,71,01-How-To,zh,(blank),multilingual-cluster,4,1,05-enterprise-security-overview-zh,05-enterprise-security-overview,Lovart 安全概览：我们如何保护您的设计与数据,01-How-To/05-enterprise-security-overview-zh.md
P2-backlog,71,01-How-To,zh-TW,(blank),multilingual-cluster,4,1,05-enterprise-security-overview-zhtw,05-enterprise-security-overview,Lovart Security Overview: How We Protect Your Designs & Data,01-How-To/05-enterprise-security-overview-zhtw.md
P2-backlog,71,01-How-To,ja,(blank),multilingual-cluster,2,1,from-name-to-launch-skincare-brand-identity-ai,from-name-to-launch-skincare-brand-identity-ai,【日本語】 From Name to Launch — Building a Skincare ブランド Identity from Scratch with AI,01-How-To/23-from-name-to-launch-skincare-brand-identity-ai-ja.md
P2-backlog,71,01-How-To,zh,(blank),multilingual-cluster,2,1,23-from-name-to-launch-skincare-brand-identity-ai-zh,23-from-name-to-launch-skincare-brand-identity-ai,从命名到发布 — 用AI从零打造护肤品牌形象,01-How-To/23-from-name-to-launch-skincare-brand-identity-ai-zh.md
P2-backlog,71,01-How-To,zh-TW,(blank),multilingual-cluster,2,1,from-name-to-launch-skincare-brand-identity-ai,from-name-to-launch-skincare-brand-identity-ai,【繁體】 From Name to Launch — Building a Skincare 品牌 Identity from Scratch with AI,01-How-To/23-from-name-to-launch-skincare-brand-identity-ai-zhtw.md
P2-backlog,71,01-How-To,zh,(blank),multilingual-cluster,3,1,brand-guidelines-101-ai-dos-and-donts,brand-guidelines-101-ai-dos-and-donts,品牌指南101 — 让AI为你撰写视觉上的“该做与不该做”,01-How-To/24-brand-guidelines-101-ai-dos-and-donts-zh.md
P2-backlog,71,01-How-To,ja,(blank),multilingual-cluster,2,1,meet-nano-bot-consistent-ai-mascot-blog,meet-nano-bot-consistent-ai-mascot-blog,【日本語】 Meet Nano-Bot — How We Created a Consistent AI Mascot for Our Blog,01-How-To/25-meet-nano-bot-consistent-ai-mascot-blog-ja.md
P2-backlog,71,01-How-To,zh-TW,(blank),multilingual-cluster,2,1,meet-nano-bot-consistent-ai-mascot-blog,meet-nano-bot-consistent-ai-mascot-blog,【繁體】 Meet Nano-Bot — How We Created a Consistent AI Mascot for Our Blog,01-How-To/25-meet-nano-bot-consistent-ai-mascot-blog-zhtw.md
P2-backlog,71,01-How-To,ja,(blank),multilingual-cluster,2,1,storyboarding-consistent-character-video-script-ai,storyboarding-consistent-character-video-script-ai,【日本語】 Storyboarding with AI — Using Your Consistent Character to Outline a Video,01-How-To/26-storyboarding-consistent-character-video-script-ai-ja.md
P2-backlog,71,01-How-To,zh-TW,(blank),multilingual-cluster,2,1,storyboarding-consistent-character-video-script-ai,storyboarding-consistent-character-video-script-ai,【繁體】 Storyboarding with AI — Using Your Consistent Character to Outline a Video,01-How-To/26-storyboarding-consistent-character-video-script-ai-zhtw.md
P2-backlog,71,01-How-To,ja,(blank),multilingual-cluster,3,1,virtual-influencers-brands-replacing-human-models-ai,virtual-influencers-brands-replacing-human-models-ai,【日本語】 Virtual Influencers — How ブランドs Are Replacing Human Models with AI Avatars,01-How-To/27-virtual-influencers-brands-replacing-human-models-ai-ja.md
P2-backlog,71,01-How-To,zh,(blank),multilingual-cluster,3,1,virtual-influencers-brands-replacing-human-models-ai,virtual-influencers-brands-replacing-human-models-ai,虚拟网红——品牌如何用AI虚拟形象取代真人模特,01-How-To/27-virtual-influencers-brands-replacing-human-models-ai-zh.md
P2-backlog,71,01-How-To,zh-TW,(blank),multilingual-cluster,3,1,virtual-influencers-brands-replacing-human-models-ai,virtual-influencers-brands-replacing-human-models-ai,【繁體】 Virtual Influencers — How 品牌s Are Replacing Human Models with AI Avatars,01-How-To/27-virtual-influencers-brands-replacing-human-models-ai-zhtw.md
P2-backlog,71,01-How-To,ja,(blank),multilingual-cluster,3,1,event-countdown-5-days-teaser-graphics-ai,event-countdown-5-days-teaser-graphics-ai,【日本語】 Event Countdown — Generating 5 Days of Teaser Graphics That Look Connected,01-How-To/28-event-countdown-5-days-teaser-graphics-ai-ja.md
P2-backlog,71,01-How-To,zh,(blank),multilingual-cluster,3,1,event-countdown-5-days-teaser-graphics-ai,event-countdown-5-days-teaser-graphics-ai,活动倒计时 — 生成5天连贯的预告图,01-How-To/28-event-countdown-5-days-teaser-graphics-ai-zh.md
P2-backlog,71,01-How-To,zh-TW,(blank),multilingual-cluster,3,1,event-countdown-5-days-teaser-graphics-ai,event-countdown-5-days-teaser-graphics-ai,【繁體】 Event Countdown — Generating 5 Days of Teaser Graphics That Look Connected,01-How-To/28-event-countdown-5-days-teaser-graphics-ai-zhtw.md
P2-backlog,71,01-How-To,ja,(blank),multilingual-cluster,3,1,amazon-requirements-ai-white-background-images,amazon-requirements-ai-white-background-images,【日本語】 Amazon Image Requirements — Generating AI Photos That Comply with White Background Rules,01-How-To/32-amazon-requirements-ai-white-background-images-ja.md
P2-backlog,71,01-How-To,zh,(blank),multilingual-cluster,3,1,amazon-requirements-ai-white-background-images,amazon-requirements-ai-white-background-images,亚马逊图片要求 — 生成符合白底规则的 AI 照片,01-How-To/32-amazon-requirements-ai-white-background-images-zh.md
P2-backlog,71,01-How-To,zh-TW,(blank),multilingual-cluster,3,1,amazon-requirements-ai-white-background-images,amazon-requirements-ai-white-background-images,【繁體】 Amazon Image Requirements — Generating AI Photos That Comply with White Background Rules,01-How-To/32-amazon-requirements-ai-white-background-images-zhtw.md
P2-backlog,71,01-How-To,ja,(blank),multilingual-cluster,2,1,merch-drop-print-ai-art-hoodies-no-white-box,merch-drop-print-ai-art-hoodies-no-white-box,【日本語】 Merch Drop — Printing AI Art on Hoodies Without the White Box Background,01-How-To/34-merch-drop-print-ai-art-hoodies-no-white-box-ja.md
P2-backlog,71,01-How-To,zh-TW,(blank),multilingual-cluster,2,1,merch-drop-print-ai-art-hoodies-no-white-box,merch-drop-print-ai-art-hoodies-no-white-box,【繁體】 Merch Drop — Printing AI Art on Hoodies Without the White Box Background,01-How-To/34-merch-drop-print-ai-art-hoodies-no-white-box-zhtw.md
P2-backlog,71,01-How-To,ja,(blank),multilingual-cluster,3,1,large-format-printing-billboard-from-tiny-prompt,large-format-printing-billboard-from-tiny-prompt,【日本語】 Large Format Printing — 方法 Make a Billboard from a Tiny AI Prompt,01-How-To/35-large-format-printing-billboard-from-tiny-prompt-ja.md
P2-backlog,71,01-How-To,zh,(blank),multilingual-cluster,3,1,large-format-printing-billboard-from-tiny-prompt,large-format-printing-billboard-from-tiny-prompt,大幅面印刷——如何用一条微小的AI提示制作广告牌,01-How-To/35-large-format-printing-billboard-from-tiny-prompt-zh.md
P2-backlog,71,01-How-To,zh-TW,(blank),multilingual-cluster,3,1,large-format-printing-billboard-from-tiny-prompt,large-format-printing-billboard-from-tiny-prompt,【繁體】 Large Format Printing — 如何 Make a Billboard from a Tiny AI Prompt,01-How-To/35-large-format-printing-billboard-from-tiny-prompt-zhtw.md
P2-backlog,71,01-How-To,ja,(blank),multilingual-cluster,3,1,storytelling-thumbnails-intrigue-not-just-subject,storytelling-thumbnails-intrigue-not-just-subject,【日本語】 Storytelling Thumbnails — Creating Intrigue Rather Than Just Showing the Subject,01-How-To/36-storytelling-thumbnails-intrigue-not-just-subject-ja.md
P2-backlog,71,01-How-To,zh,(blank),multilingual-cluster,3,1,storytelling-thumbnails-intrigue-not-just-subject,storytelling-thumbnails-intrigue-not-just-subject,叙事性缩略图——制造悬念，而非仅展示主体,01-How-To/36-storytelling-thumbnails-intrigue-not-just-subject-zh.md
P2-backlog,71,01-How-To,zh-TW,(blank),multilingual-cluster,3,1,storytelling-thumbnails-intrigue-not-just-subject,storytelling-thumbnails-intrigue-not-just-subject,【繁體】 Storytelling Thumbnails — Creating Intrigue Rather Than Just Showing the Subject,01-How-To/36-storytelling-thumbnails-intrigue-not-just-subject-zhtw.md
P2-backlog,71,01-How-To,ja,(blank),multilingual-cluster,3,1,ai-design-marketing-teams,ai-design-marketing-teams,【日本語】 AI デザイン for マーケティング Teams: The Economics of Throughput,01-How-To/b46-ai-design-marketing-teams-bing-ja.md
P2-backlog,71,01-How-To,zh,(blank),multilingual-cluster,3,1,ai-design-marketing-teams,ai-design-marketing-teams,面向营销团队的AI设计：吞吐量的经济学,01-How-To/b46-ai-design-marketing-teams-bing-zh.md
P2-backlog,71,01-How-To,zh-TW,(blank),multilingual-cluster,3,1,ai-design-marketing-teams,ai-design-marketing-teams,【繁體】 AI 設計 for 行銷 Teams: The Economics of Throughput,01-How-To/b46-ai-design-marketing-teams-bing-zhtw.md
P2-backlog,71,01-How-To,ja,(blank),multilingual-cluster,3,1,ai-design-ecommerce-stores,ai-design-ecommerce-stores,【日本語】 AI デザイン for E-Commerce: The Cost of Visual Production at SKU Scale,01-How-To/b47-ai-design-ecommerce-stores-bing-ja.md
P2-backlog,71,01-How-To,zh-TW,(blank),multilingual-cluster,3,1,ai-design-ecommerce-stores,ai-design-ecommerce-stores,【繁體】 AI 設計 for E-Commerce: The Cost of Visual Production at SKU Scale,01-How-To/b47-ai-design-ecommerce-stores-bing-zhtw.md
P2-backlog,71,01-How-To,ja,(blank),multilingual-cluster,3,1,ai-design-agencies,ai-design-agencies,【日本語】 AI デザイン for Agencies: Margin Recovery in a Compressing Market,01-How-To/b48-ai-design-agencies-bing-ja.md
P2-backlog,71,01-How-To,zh-TW,(blank),multilingual-cluster,3,1,ai-design-agencies,ai-design-agencies,【繁體】 AI 設計 for Agencies: Margin Recovery in a Compressing Market,01-How-To/b48-ai-design-agencies-bing-zhtw.md
P2-backlog,71,01-How-To,ja,(blank),multilingual-cluster,3,1,ai-design-real-estate,ai-design-real-estate,【日本語】 AI デザイン for Real Estate: What Happens When Listing マーケティング Goes Same-Day,01-How-To/b49-ai-design-real-estate-bing-ja.md
P2-backlog,71,01-How-To,zh-TW,(blank),multilingual-cluster,3,1,ai-design-real-estate,ai-design-real-estate,【繁體】 AI 設計 for Real Estate: What Happens When Listing 行銷 Goes Same-Day,01-How-To/b49-ai-design-real-estate-bing-zhtw.md
P2-backlog,71,01-How-To,ja,(blank),multilingual-cluster,3,1,ai-design-restaurants,ai-design-restaurants,【日本語】 AI デザイン for Restaurants: When Menu Updates Take 10 Days and Your Margins Are 5%,01-How-To/b50-ai-design-restaurants-bing-ja.md
P2-backlog,71,01-How-To,zh-TW,(blank),multilingual-cluster,3,1,ai-design-restaurants,ai-design-restaurants,【繁體】 AI 設計 for Restaurants: When Menu Updates Take 10 Days and Your Margins Are 5%,01-How-To/b50-ai-design-restaurants-bing-zhtw.md
P2-backlog,71,01-How-To,ja,(blank),multilingual-cluster,3,1,ai-design-education,ai-design-education,【日本語】 AI デザイン for Education: The 205 Hours Teachers Spend on デザイン Every Year,01-How-To/b51-ai-design-education-bing-ja.md
P2-backlog,71,01-How-To,zh-TW,(blank),multilingual-cluster,3,1,ai-design-education,ai-design-education,【繁體】 AI 設計 for Education: The 205 Hours Teachers Spend on 設計 Every Year,01-How-To/b51-ai-design-education-bing-zhtw.md
P2-backlog,71,01-How-To,ja,(blank),multilingual-cluster,3,1,ai-design-enterprise-teams,ai-design-enterprise-teams,"【日本語】 AI デザイン for Enterprise: When 12,000 Employees Need ブランド-Compliant クリエイティブ",01-How-To/b52-ai-design-enterprise-teams-bing-ja.md
P2-backlog,71,01-How-To,zh-TW,(blank),multilingual-cluster,3,1,ai-design-enterprise-teams,ai-design-enterprise-teams,"【繁體】 AI 設計 for Enterprise: When 12,000 Employees Need 品牌-Compliant 創意",01-How-To/b52-ai-design-enterprise-teams-bing-zhtw.md
P2-backlog,71,01-How-To,ja,(blank),multilingual-cluster,4,1,C8-ai-agent-platform-ja,c8-ai-agent-platform,Lovart AI Agent Platform — The World's First Design Agent,01-How-To/C8-ai-agent-platform-ja.md
P2-backlog,71,01-How-To,zh,(blank),multilingual-cluster,4,1,C8-ai-agent-platform-zh,c8-ai-agent-platform,Lovart AI Agent 平台 — 全球首个设计 Agent,01-How-To/C8-ai-agent-platform-zh.md
P2-backlog,71,01-How-To,zh-TW,(blank),multilingual-cluster,4,1,C8-ai-agent-platform-zhtw,c8-ai-agent-platform,Lovart AI Agent Platform — The World's First Design Agent,01-How-To/C8-ai-agent-platform-zhtw.md
P2-backlog,71,01-How-To,ja,(blank),multilingual-cluster,4,1,hyper-personalization-posters-niche-audiences-ai,hyper-personalization-posters-niche-audiences-ai,【日本語】 Hyper-Personalization — Creating Posters That Speak Directly to Niche Audiences,01-How-To/hyper-personalization-posters-niche-audiences-ai-ja.md
P2-backlog,71,01-How-To,zh-TW,(blank),multilingual-cluster,4,1,hyper-personalization-posters-niche-audiences-ai,hyper-personalization-posters-niche-audiences-ai,【繁體】 Hyper-Personalization — Creating Posters That Speak Directly to Niche Audiences,01-How-To/hyper-personalization-posters-niche-audiences-ai-zhtw.md
P2-backlog,71,01-How-To,ja,(blank),multilingual-cluster,4,1,S24 - first-ai-design-3-projects-ja,s24 - first-ai-design-3-projects,Your First AI Design: 3 Projects to Try Right Now (Zero Skills Needed),01-How-To/S24 - first-ai-design-3-projects-ja.md
P2-backlog,71,01-How-To,zh-TW,(blank),multilingual-cluster,4,1,S24 - first-ai-design-3-projects-zhtw,s24 - first-ai-design-3-projects,Your First AI Design: 3 Projects to Try Right Now (Zero Skills Needed),01-How-To/S24 - first-ai-design-3-projects-zhtw.md
P2-backlog,71,01-How-To,ja,(blank),multilingual-cluster,4,1,S25 - ai-design-templates-library-ja,s25 - ai-design-templates-library,AI Design Templates Library: 50+ Ready-to-Use Designs for Every Need,01-How-To/S25 - ai-design-templates-library-ja.md
P2-backlog,71,01-How-To,zh-TW,(blank),multilingual-cluster,4,1,S25 - ai-design-templates-library-zhtw,s25 - ai-design-templates-library,AI Design Templates Library: 50+ Ready-to-Use Designs for Every Need,01-How-To/S25 - ai-design-templates-library-zhtw.md
P2-backlog,71,01-How-To,zh,(blank),multilingual-cluster,4,1,S29 - how-lovart-ai-works-behind-scenes-zh,s29 - how-lovart-ai-works-behind-scenes,幕后揭秘：Lovart 的 AI 实际工作原理（非技术指南）,01-How-To/S29 - how-lovart-ai-works-behind-scenes-zh.md
P2-backlog,71,01-How-To,ja,(blank),multilingual-cluster,4,1,step-by-step-3d-character-without-photoshop,step-by-step-3d-character-without-photoshop,【日本語】 ステップバイステップ 3D Character Without Photoshop: デザイン Game-Ready Characters with Lovart,01-How-To/step-by-step-3d-character-without-photoshop-ja.md
P2-backlog,71,01-How-To,zh,(blank),multilingual-cluster,4,1,step-by-step-3d-character-without-photoshop,step-by-step-3d-character-without-photoshop,无需Photoshop的3D角色逐步指南：用Lovart设计游戏就绪角色,01-How-To/step-by-step-3d-character-without-photoshop-zh.md
P2-backlog,71,01-How-To,zh-TW,(blank),multilingual-cluster,4,1,step-by-step-3d-character-without-photoshop,step-by-step-3d-character-without-photoshop,【繁體】 逐步 3D Character Without Photoshop: 設計 Game-Ready Characters with Lovart,01-How-To/step-by-step-3d-character-without-photoshop-zhtw.md
P2-backlog,71,01-How-To,ja,(blank),multilingual-cluster,4,1,step-by-step-ai-effects-without-photoshop,step-by-step-ai-effects-without-photoshop,【日本語】 ステップバイステップ AI Effects Without Photoshop: Apply Visual Effects with Lovart in 5 Steps,01-How-To/step-by-step-ai-effects-without-photoshop-ja.md
P2-backlog,71,01-How-To,zh,(blank),multilingual-cluster,4,1,step-by-step-ai-effects-without-photoshop,step-by-step-ai-effects-without-photoshop,无需Photoshop的分步AI特效：5步用Lovart应用视觉效果,01-How-To/step-by-step-ai-effects-without-photoshop-zh.md
P2-backlog,71,01-How-To,zh-TW,(blank),multilingual-cluster,4,1,step-by-step-ai-effects-without-photoshop,step-by-step-ai-effects-without-photoshop,【繁體】 逐步 AI Effects Without Photoshop: Apply Visual Effects with Lovart in 5 Steps,01-How-To/step-by-step-ai-effects-without-photoshop-zhtw.md
P2-backlog,71,01-How-To,ja,(blank),multilingual-cluster,4,1,step-by-step-ai-short-videos-without-photoshop,step-by-step-ai-short-videos-without-photoshop,【日本語】 ステップバイステップ AI Short Videos Without Photoshop: Create Video コンテンツ with Lovart in 5 Steps,01-How-To/step-by-step-ai-short-videos-without-photoshop-ja.md
P2-backlog,71,01-How-To,zh,(blank),multilingual-cluster,4,1,step-by-step-ai-short-videos-without-photoshop,step-by-step-ai-short-videos-without-photoshop,无需Photoshop，一步步用AI制作短视频：5步用Lovart创建视频内容,01-How-To/step-by-step-ai-short-videos-without-photoshop-zh.md
P2-backlog,71,01-How-To,zh-TW,(blank),multilingual-cluster,4,1,step-by-step-ai-short-videos-without-photoshop,step-by-step-ai-short-videos-without-photoshop,【繁體】 逐步 AI Short Videos Without Photoshop: Create Video 內容 with Lovart in 5 Steps,01-How-To/step-by-step-ai-short-videos-without-photoshop-zhtw.md
P2-backlog,71,01-How-To,ja,(blank),multilingual-cluster,4,1,step-by-step-appointment-cards-without-photoshop,step-by-step-appointment-cards-without-photoshop,【日本語】 ステップバイステップ Appointment Cards Without Photoshop: デザイン Booking Reminders with Lovart,01-How-To/step-by-step-appointment-cards-without-photoshop-ja.md
P2-backlog,71,01-How-To,zh,(blank),multilingual-cluster,4,1,step-by-step-appointment-cards-without-photoshop,step-by-step-appointment-cards-without-photoshop,无需Photoshop的分步预约卡设计：用Lovart打造预约提醒卡,01-How-To/step-by-step-appointment-cards-without-photoshop-zh.md
P2-backlog,71,01-How-To,zh-TW,(blank),multilingual-cluster,4,1,step-by-step-appointment-cards-without-photoshop,step-by-step-appointment-cards-without-photoshop,【繁體】 逐步 Appointment Cards Without Photoshop: 設計 Booking Reminders with Lovart,01-How-To/step-by-step-appointment-cards-without-photoshop-zhtw.md
P2-backlog,71,01-How-To,ja,(blank),multilingual-cluster,4,1,step-by-step-brochure-without-photoshop,step-by-step-brochure-without-photoshop,【日本語】 A ステップバイステップ ガイド to Create a Brochure Without Photoshop — Print-Ready in 5 Steps,01-How-To/step-by-step-brochure-without-photoshop-ja.md
P2-backlog,71,01-How-To,zh-TW,(blank),multilingual-cluster,4,1,step-by-step-brochure-without-photoshop,step-by-step-brochure-without-photoshop,【繁體】 A 逐步 指南 to Create a Brochure Without Photoshop — Print-Ready in 5 Steps,01-How-To/step-by-step-brochure-without-photoshop-zhtw.md
P2-backlog,71,01-How-To,ja,(blank),multilingual-cluster,4,1,step-by-step-channel-art-without-photoshop,step-by-step-channel-art-without-photoshop,【日本語】 ステップバイステップ Channel Art Without Photoshop: デザイン YouTube and Twitch Banners with Lovart,01-How-To/step-by-step-channel-art-without-photoshop-ja.md
P2-backlog,71,01-How-To,zh,(blank),multilingual-cluster,4,1,step-by-step-channel-art-without-photoshop,step-by-step-channel-art-without-photoshop,无需Photoshop的频道艺术设计指南：用Lovart打造YouTube和Twitch横幅,01-How-To/step-by-step-channel-art-without-photoshop-zh.md
P2-backlog,71,01-How-To,zh-TW,(blank),multilingual-cluster,4,1,step-by-step-channel-art-without-photoshop,step-by-step-channel-art-without-photoshop,【繁體】 逐步 Channel Art Without Photoshop: 設計 YouTube and Twitch Banners with Lovart,01-How-To/step-by-step-channel-art-without-photoshop-zhtw.md
P2-backlog,71,01-How-To,ja,(blank),multilingual-cluster,4,1,step-by-step-fb-post-cover-without-photoshop,step-by-step-fb-post-cover-without-photoshop,【日本語】 ステップバイステップ FB Post Cover Without Photoshop: デザイン Scroll-Sトップping Facebook コンテンツ with Lovart,01-How-To/step-by-step-fb-post-cover-without-photoshop-ja.md
P2-backlog,71,01-How-To,zh-TW,(blank),multilingual-cluster,4,1,step-by-step-fb-post-cover-without-photoshop,step-by-step-fb-post-cover-without-photoshop,【繁體】 逐步 FB Post Cover Without Photoshop: 設計 Scroll-S頂級ping Facebook 內容 with Lovart,01-How-To/step-by-step-fb-post-cover-without-photoshop-zhtw.md
P2-backlog,71,01-How-To,ja,(blank),multilingual-cluster,4,1,step-by-step-illustration-without-photoshop,step-by-step-illustration-without-photoshop,【日本語】 ステップバイステップ Illustration Without Photoshop: Create Custom Artwork with Lovart in 5 Steps,01-How-To/step-by-step-illustration-without-photoshop-ja.md
P2-backlog,71,01-How-To,zh-TW,(blank),multilingual-cluster,4,1,step-by-step-illustration-without-photoshop,step-by-step-illustration-without-photoshop,【繁體】 逐步 Illustration Without Photoshop: Create Custom Artwork with Lovart in 5 Steps,01-How-To/step-by-step-illustration-without-photoshop-zhtw.md
P2-backlog,71,01-How-To,ja,(blank),multilingual-cluster,4,1,step-by-step-instagram-posts-without-photoshop,step-by-step-instagram-posts-without-photoshop,【日本語】 ステップバイステップ Instagram Posts Without Photoshop: デザイン with Lovart in 5 Steps,01-How-To/step-by-step-instagram-posts-without-photoshop-ja.md
P2-backlog,71,01-How-To,zh,(blank),multilingual-cluster,4,1,step-by-step-instagram-posts-without-photoshop,step-by-step-instagram-posts-without-photoshop,无需Photoshop，分步设计Instagram帖子：5步用Lovart完成,01-How-To/step-by-step-instagram-posts-without-photoshop-zh.md
P2-backlog,71,01-How-To,zh-TW,(blank),multilingual-cluster,4,1,step-by-step-instagram-posts-without-photoshop,step-by-step-instagram-posts-without-photoshop,【繁體】 逐步 Instagram Posts Without Photoshop: 設計 with Lovart in 5 Steps,01-How-To/step-by-step-instagram-posts-without-photoshop-zhtw.md
P2-backlog,71,01-How-To,ja,(blank),multilingual-cluster,4,1,step-by-step-menus-without-photoshop,step-by-step-menus-without-photoshop,【日本語】 ステップバイステップ Menus Without Photoshop: デザイン Restaurant Menus with Lovart in 5 Steps,01-How-To/step-by-step-menus-without-photoshop-ja.md
P2-backlog,71,01-How-To,zh-TW,(blank),multilingual-cluster,4,1,step-by-step-menus-without-photoshop,step-by-step-menus-without-photoshop,【繁體】 逐步 Menus Without Photoshop: 設計 Restaurant Menus with Lovart in 5 Steps,01-How-To/step-by-step-menus-without-photoshop-zhtw.md
P2-backlog,71,01-How-To,ja,(blank),multilingual-cluster,4,1,step-by-step-open-house-flyers-without-photoshop,step-by-step-open-house-flyers-without-photoshop,【日本語】 ステップバイステップ Open House Flyers Without Photoshop: デザイン Real Estate マーケティング with Lovart,01-How-To/step-by-step-open-house-flyers-without-photoshop-ja.md
P2-backlog,71,01-How-To,zh,(blank),multilingual-cluster,4,1,step-by-step-open-house-flyers-without-photoshop,step-by-step-open-house-flyers-without-photoshop,无需Photoshop，一步步制作开放日传单：用Lovart设计房地产营销物料,01-How-To/step-by-step-open-house-flyers-without-photoshop-zh.md
P2-backlog,71,01-How-To,zh-TW,(blank),multilingual-cluster,4,1,step-by-step-open-house-flyers-without-photoshop,step-by-step-open-house-flyers-without-photoshop,【繁體】 逐步 Open House Flyers Without Photoshop: 設計 Real Estate 行銷 with Lovart,01-How-To/step-by-step-open-house-flyers-without-photoshop-zhtw.md
P2-backlog,71,01-How-To,ja,(blank),multilingual-cluster,4,1,step-by-step-podcast-cover-art-without-photoshop,step-by-step-podcast-cover-art-without-photoshop,【日本語】 ステップバイステップ Podcast Cover Art Without Photoshop: デザイン Your Show's Visual Identity with Lovart,01-How-To/step-by-step-podcast-cover-art-without-photoshop-ja.md
P2-backlog,71,01-How-To,zh,(blank),multilingual-cluster,4,1,step-by-step-podcast-cover-art-without-photoshop,step-by-step-podcast-cover-art-without-photoshop,无需 Photoshop 的分步播客封面设计：用 Lovart 打造你的节目视觉形象,01-How-To/step-by-step-podcast-cover-art-without-photoshop-zh.md
P2-backlog,71,01-How-To,zh-TW,(blank),multilingual-cluster,4,1,step-by-step-podcast-cover-art-without-photoshop,step-by-step-podcast-cover-art-without-photoshop,【繁體】 逐步 Podcast Cover Art Without Photoshop: 設計 Your Show's Visual Identity with Lovart,01-How-To/step-by-step-podcast-cover-art-without-photoshop-zhtw.md
P2-backlog,71,01-How-To,ja,(blank),multilingual-cluster,4,1,step-by-step-price-lists-without-photoshop,step-by-step-price-lists-without-photoshop,【日本語】 ステップバイステップ Price Lists Without Photoshop: デザイン Professional Pricing Sheets with Lovart,01-How-To/step-by-step-price-lists-without-photoshop-ja.md
P2-backlog,71,01-How-To,zh,(blank),multilingual-cluster,4,1,step-by-step-price-lists-without-photoshop,step-by-step-price-lists-without-photoshop,无需 Photoshop 的分步价格表：使用 Lovart 设计专业定价表,01-How-To/step-by-step-price-lists-without-photoshop-zh.md
P2-backlog,71,01-How-To,zh-TW,(blank),multilingual-cluster,4,1,step-by-step-price-lists-without-photoshop,step-by-step-price-lists-without-photoshop,【繁體】 逐步 Price Lists Without Photoshop: 設計 Professional Pricing Sheets with Lovart,01-How-To/step-by-step-price-lists-without-photoshop-zhtw.md
P2-backlog,71,01-How-To,ja,(blank),multilingual-cluster,4,1,step-by-step-reels-cover-without-photoshop,step-by-step-reels-cover-without-photoshop,【日本語】 ステップバイステップ Reels Cover Without Photoshop: デザイン Scroll-Sトップping Covers in Lovart,01-How-To/step-by-step-reels-cover-without-photoshop-ja.md
P2-backlog,71,01-How-To,zh,(blank),multilingual-cluster,4,1,step-by-step-reels-cover-without-photoshop,step-by-step-reels-cover-without-photoshop,无需 Photoshop 的 Reels 封面制作指南：在 Lovart 中设计吸睛封面,01-How-To/step-by-step-reels-cover-without-photoshop-zh.md
P2-backlog,71,01-How-To,zh-TW,(blank),multilingual-cluster,4,1,step-by-step-reels-cover-without-photoshop,step-by-step-reels-cover-without-photoshop,【繁體】 逐步 Reels Cover Without Photoshop: 設計 Scroll-S頂級ping Covers in Lovart,01-How-To/step-by-step-reels-cover-without-photoshop-zhtw.md
P2-backlog,71,01-How-To,ja,(blank),multilingual-cluster,4,1,step-by-step-table-tents-without-photoshop,step-by-step-table-tents-without-photoshop,【日本語】 ステップバイステップ Table Tents Without Photoshop: デザイン Restaurant Table Cards with Lovart,01-How-To/step-by-step-table-tents-without-photoshop-ja.md
P2-backlog,71,01-How-To,zh-TW,(blank),multilingual-cluster,4,1,step-by-step-table-tents-without-photoshop,step-by-step-table-tents-without-photoshop,【繁體】 逐步 Table Tents Without Photoshop: 設計 Restaurant Table Cards with Lovart,01-How-To/step-by-step-table-tents-without-photoshop-zhtw.md
P2-backlog,71,01-How-To,ja,(blank),multilingual-cluster,4,1,step-by-step-ui-layout-without-photoshop,step-by-step-ui-layout-without-photoshop,【日本語】 ステップバイステップ UI Layout Without Photoshop: デザイン App Screens with Lovart in 5 Steps,01-How-To/step-by-step-ui-layout-without-photoshop-ja.md
P2-backlog,71,01-How-To,zh,(blank),multilingual-cluster,4,1,step-by-step-ui-layout-without-photoshop,step-by-step-ui-layout-without-photoshop,无需 Photoshop 的 UI 布局分步指南：5 步用 Lovart 设计应用界面,01-How-To/step-by-step-ui-layout-without-photoshop-zh.md
P2-backlog,71,01-How-To,zh-TW,(blank),multilingual-cluster,4,1,step-by-step-ui-layout-without-photoshop,step-by-step-ui-layout-without-photoshop,【繁體】 逐步 UI Layout Without Photoshop: 設計 App Screens with Lovart in 5 Steps,01-How-To/step-by-step-ui-layout-without-photoshop-zhtw.md
P2-backlog,71,01-How-To,ja,(blank),multilingual-cluster,4,1,step-by-step-youtube-thumbnails-without-photoshop,step-by-step-youtube-thumbnails-without-photoshop,【日本語】 ステップバイステップ YouTube Thumbnails Without Photoshop: A 完全 Lovart ガイド,01-How-To/step-by-step-youtube-thumbnails-without-photoshop-ja.md
P2-backlog,71,01-How-To,zh,(blank),multilingual-cluster,4,1,step-by-step-youtube-thumbnails-without-photoshop,step-by-step-youtube-thumbnails-without-photoshop,无需Photoshop的YouTube缩略图逐步指南：Lovart完整教程,01-How-To/step-by-step-youtube-thumbnails-without-photoshop-zh.md
P2-backlog,71,01-How-To,zh-TW,(blank),multilingual-cluster,4,1,step-by-step-youtube-thumbnails-without-photoshop,step-by-step-youtube-thumbnails-without-photoshop,【繁體】 逐步 YouTube Thumbnails Without Photoshop: A 完整 Lovart 指南,01-How-To/step-by-step-youtube-thumbnails-without-photoshop-zhtw.md
P2-backlog,71,01-How-To,ja,(blank),multilingual-cluster,4,1,sustainable-ai-design-green-design-practices,sustainable-ai-design-green-design-practices,【日本語】 Sustainable AI デザイン — Green Practices for Environmentally Conscious Creators,01-How-To/sustainable-ai-design-green-design-practices-ja.md
P2-backlog,71,01-How-To,zh-TW,(blank),multilingual-cluster,4,1,sustainable-ai-design-green-design-practices,sustainable-ai-design-green-design-practices,【繁體】 Sustainable AI 設計 — Green Practices for Environmentally Conscious Creators,01-How-To/sustainable-ai-design-green-design-practices-zhtw.md
P2-backlog,71,03-Industry-Segment,ja,(blank),multilingual-cluster,4,1,ai-design-for-authors-writers-2026,ai-design-for-authors-writers-2026,"【日本語】 AI デザイン for Authors & Writers — Book Covers, Social Media & Author ブランドing",03-Industry-Segment/ai-design-for-authors-writers-2026-ja.md
P2-backlog,71,03-Industry-Segment,zh-TW,(blank),multilingual-cluster,4,1,ai-design-for-authors-writers-2026,ai-design-for-authors-writers-2026,"【繁體】 AI 設計 for Authors & Writers — Book Covers, Social Media & Author 品牌ing",03-Industry-Segment/ai-design-for-authors-writers-2026-zhtw.md
P2-backlog,71,03-Industry-Segment,ja,(blank),multilingual-cluster,4,1,ai-design-for-legal-firms-attorneys-2026,ai-design-for-legal-firms-attorneys-2026,【日本語】 AI デザイン for Law Firms & Attorneys — Professional ブランドing Without Breaking Billable Hours,03-Industry-Segment/ai-design-for-legal-firms-attorneys-2026-ja.md
P2-backlog,71,03-Industry-Segment,zh-TW,(blank),multilingual-cluster,4,1,ai-design-for-legal-firms-attorneys-2026,ai-design-for-legal-firms-attorneys-2026,【繁體】 AI 設計 for Law Firms & Attorneys — Professional 品牌ing Without Breaking Billable Hours,03-Industry-Segment/ai-design-for-legal-firms-attorneys-2026-zhtw.md
P2-backlog,71,03-Industry-Segment,ja,(blank),multilingual-cluster,4,1,ai-design-for-musicians-bands-2026,ai-design-for-musicians-bands-2026,"【日本語】 AI デザイン for Musicians & Bands — Album Covers, Tour Posters & Merch",03-Industry-Segment/ai-design-for-musicians-bands-2026-ja.md
P2-backlog,71,03-Industry-Segment,zh-TW,(blank),multilingual-cluster,4,1,ai-design-for-musicians-bands-2026,ai-design-for-musicians-bands-2026,"【繁體】 AI 設計 for Musicians & Bands — Album Covers, Tour Posters & Merch",03-Industry-Segment/ai-design-for-musicians-bands-2026-zhtw.md
P2-backlog,71,03-Industry-Segment,ja,(blank),multilingual-cluster,4,1,ai-design-for-pet-businesses-2026,ai-design-for-pet-businesses-2026,"【日本語】 AI デザイン for Pet Businesses — Groomers, Trainers & Pet ブランドs Made Easy",03-Industry-Segment/ai-design-for-pet-businesses-2026-ja.md
P2-backlog,71,03-Industry-Segment,zh-TW,(blank),multilingual-cluster,4,1,ai-design-for-pet-businesses-2026,ai-design-for-pet-businesses-2026,"【繁體】 AI 設計 for Pet Businesses — Groomers, Trainers & Pet 品牌s Made Easy",03-Industry-Segment/ai-design-for-pet-businesses-2026-zhtw.md
P2-backlog,71,03-Industry-Segment,ja,(blank),multilingual-cluster,4,1,ai-design-for-wedding-industry-2026,ai-design-for-wedding-industry-2026,"【日本語】 AI デザイン for Wedding Professionals — Invitations, ブランド Kits & Social Media",03-Industry-Segment/ai-design-for-wedding-industry-2026-ja.md
P2-backlog,71,03-Industry-Segment,zh-TW,(blank),multilingual-cluster,4,1,ai-design-for-wedding-industry-2026,ai-design-for-wedding-industry-2026,"【繁體】 AI 設計 for Wedding Professionals — Invitations, 品牌 Kits & Social Media",03-Industry-Segment/ai-design-for-wedding-industry-2026-zhtw.md
P2-backlog,71,07-Seasonal,en,(blank),multilingual-cluster,2,1,02-seasonal-halloween-restaurant-guide,02-seasonal-halloween-restaurant-guide,Restaurant Halloween Marketing Guide 2027: How AI Design Transforms Your Seasonal Campaign,07-Seasonal/02-seasonal-halloween-restaurant-guide.md
P2-backlog,71,07-Seasonal,en,(blank),multilingual-cluster,4,1,07-summer-travel-industry-guide,07-summer-travel-industry-guide,Summer Travel Marketing: AI Design Guide for Tourism & Hospitality,07-Seasonal/07-summer-travel-industry-guide.md
P2-backlog,71,08-Best-Practice,ja,(blank),multilingual-cluster,4,1,02-wiki-batch-generation-best-practices-ja,02-wiki-batch-generation-best-practices,Batch Generation Best Practices,08-Best-Practice/02-wiki-batch-generation-best-practices-ja.md
P2-backlog,71,08-Best-Practice,zh,(blank),multilingual-cluster,4,1,02-wiki-batch-generation-best-practices-zh,02-wiki-batch-generation-best-practices,批量生成最佳实践,08-Best-Practice/02-wiki-batch-generation-best-practices-zh.md
P2-backlog,71,08-Best-Practice,zh-TW,(blank),multilingual-cluster,4,1,02-wiki-batch-generation-best-practices-zhtw,02-wiki-batch-generation-best-practices,Batch Generation Best Practices,08-Best-Practice/02-wiki-batch-generation-best-practices-zhtw.md
P2-backlog,71,08-Best-Practice,ja,(blank),multilingual-cluster,4,1,04-best-practice-touch-edit-ja,04-best-practice-touch-edit,Best Practice: Touch Edit — 3 Essential Gestures Every Designer Should Know,08-Best-Practice/04-best-practice-touch-edit-ja.md
P2-backlog,71,08-Best-Practice,zh,(blank),multilingual-cluster,4,1,04-best-practice-touch-edit-zh,04-best-practice-touch-edit,最佳实践：触控编辑 — 每位设计师必知的 3 个核心手势,08-Best-Practice/04-best-practice-touch-edit-zh.md
P2-backlog,71,08-Best-Practice,zh-TW,(blank),multilingual-cluster,4,1,04-best-practice-touch-edit-zhtw,04-best-practice-touch-edit,Best Practice: Touch Edit — 3 Essential Gestures Every Designer Should Know,08-Best-Practice/04-best-practice-touch-edit-zhtw.md
P2-backlog,71,08-Best-Practice,ja,(blank),multilingual-cluster,4,1,05-best-practice-model-selection-ja,05-best-practice-model-selection,Best Practice: Choosing the Right AI Model for Your Design Task,08-Best-Practice/05-best-practice-model-selection-ja.md
P2-backlog,71,08-Best-Practice,zh,(blank),multilingual-cluster,4,1,05-best-practice-model-selection-zh,05-best-practice-model-selection,最佳实践：为你的设计任务选择合适的AI模型,08-Best-Practice/05-best-practice-model-selection-zh.md
P2-backlog,71,08-Best-Practice,zh-TW,(blank),multilingual-cluster,4,1,05-best-practice-model-selection-zhtw,05-best-practice-model-selection,Best Practice: Choosing the Right AI Model for Your Design Task,08-Best-Practice/05-best-practice-model-selection-zhtw.md
P2-backlog,71,08-Best-Practice,zh,(blank),multilingual-cluster,2,1,39-remixing-elements-combining-best-of-three-generations-zh,39-remixing-elements-combining-best-of-three-generations,元素混音 — 融合三次不同AI生成的最佳部分,08-Best-Practice/39-remixing-elements-combining-best-of-three-generations-zh.md
P2-backlog,71,09-Better-Design,en,(blank),multilingual-cluster,4,1,02-better-design-typography-101,02-better-design-typography-101,Typography 101: Font Pairing Rules for Non-Designers,09-Better-Design/02-better-design-typography-101.md
P2-backlog,71,09-Better-Design,en,(blank),multilingual-cluster,4,1,05-better-design-composition-rules,05-better-design-composition-rules,"Composition Rules: The Rule of Thirds, Golden Ratio & More for Non-Designers",09-Better-Design/05-better-design-composition-rules.md
P2-backlog,71,09-Better-Design,en,(blank),multilingual-cluster,2,1,21-perfect-imperfection-add-grain-noise-natural-ai,21-perfect-imperfection-add-grain-noise-natural-ai,Perfect Imperfection — Adding Grain and Noise to Make AI Art Look More Natural,09-Better-Design/21-perfect-imperfection-add-grain-noise-natural-ai.md
P2-backlog,71,09-Better-Design,en,(blank),multilingual-cluster,2,1,29-visual-storytelling-carousel-post-images-flow-together,29-visual-storytelling-carousel-post-images-flow-together,Visual Storytelling — Creating a Carousel Post Where Images Seamlessly Flow Together,09-Better-Design/29-visual-storytelling-carousel-post-images-flow-together.md
P2-backlog,71,09-Better-Design,en,(blank),single,1,1,30-aesthetic-feeds-minimalist-retro-theme-ai,30-aesthetic-feeds-minimalist-retro-theme-ai,Aesthetic Feeds — How AI Helps You Maintain a Minimalist or Retro Theme,09-Better-Design/30-aesthetic-feeds-minimalist-retro-theme-ai.md
P2-backlog,71,09-Better-Design,en,(blank),multilingual-cluster,4,1,non-designers-dictionary-translating-vibes-visuals,non-designers-dictionary-translating-vibes-visuals,,09-Better-Design/non-designers-dictionary-translating-vibes-visuals.md
P2-backlog,71,09-Better-Design,en,(blank),multilingual-cluster,4,1,style-picker-borrow-professional-aesthetics-ai,style-picker-borrow-professional-aesthetics-ai,,09-Better-Design/style-picker-borrow-professional-aesthetics-ai.md
P2-backlog,71,11-Programmatic-SEO,en,(blank),multilingual-cluster,4,1,01-cluster-brand-kit-from-scratch,01-cluster-brand-kit-from-scratch,Building a Complete Brand Kit from Scratch with Lovart,11-Programmatic-SEO/01-cluster-brand-kit-from-scratch.md
P2-backlog,71,11-Programmatic-SEO,en,(blank),multilingual-cluster,4,1,brand-kit-acupuncturist-lovart,brand-kit-acupuncturist-lovart,,11-Programmatic-SEO/brand-kit-acupuncturist-lovart.md
P2-backlog,71,11-Programmatic-SEO,en,(blank),multilingual-cluster,4,1,brand-kit-bakery-lovart,brand-kit-bakery-lovart,,11-Programmatic-SEO/brand-kit-bakery-lovart.md
P2-backlog,71,11-Programmatic-SEO,en,(blank),multilingual-cluster,4,1,brand-kit-balloon-decorator-lovart,brand-kit-balloon-decorator-lovart,,11-Programmatic-SEO/brand-kit-balloon-decorator-lovart.md
P2-backlog,71,11-Programmatic-SEO,en,(blank),multilingual-cluster,4,1,brand-kit-bridal-shop-lovart,brand-kit-bridal-shop-lovart,,11-Programmatic-SEO/brand-kit-bridal-shop-lovart.md
P2-backlog,71,11-Programmatic-SEO,en,(blank),multilingual-cluster,4,1,brand-kit-bubble-tea-shop-lovart,brand-kit-bubble-tea-shop-lovart,,11-Programmatic-SEO/brand-kit-bubble-tea-shop-lovart.md
P2-backlog,71,11-Programmatic-SEO,en,(blank),multilingual-cluster,4,1,brand-kit-cat-cafe-lovart,brand-kit-cat-cafe-lovart,,11-Programmatic-SEO/brand-kit-cat-cafe-lovart.md
P2-backlog,71,11-Programmatic-SEO,en,(blank),multilingual-cluster,4,1,brand-kit-catering-business-lovart,brand-kit-catering-business-lovart,,11-Programmatic-SEO/brand-kit-catering-business-lovart.md
P2-backlog,71,11-Programmatic-SEO,en,(blank),multilingual-cluster,4,1,brand-kit-chiropractor-lovart,brand-kit-chiropractor-lovart,,11-Programmatic-SEO/brand-kit-chiropractor-lovart.md
P2-backlog,71,11-Programmatic-SEO,en,(blank),multilingual-cluster,4,1,brand-kit-coach-lovart,brand-kit-coach-lovart,,11-Programmatic-SEO/brand-kit-coach-lovart.md
P2-backlog,71,11-Programmatic-SEO,en,(blank),multilingual-cluster,4,1,brand-kit-cocktail-bar-lovart,brand-kit-cocktail-bar-lovart,,11-Programmatic-SEO/brand-kit-cocktail-bar-lovart.md
P2-backlog,71,11-Programmatic-SEO,en,(blank),multilingual-cluster,4,1,brand-kit-coffee-shop-lovart,brand-kit-coffee-shop-lovart,,11-Programmatic-SEO/brand-kit-coffee-shop-lovart.md
P2-backlog,71,11-Programmatic-SEO,en,(blank),multilingual-cluster,4,1,brand-kit-comic-book-shop-lovart,brand-kit-comic-book-shop-lovart,,11-Programmatic-SEO/brand-kit-comic-book-shop-lovart.md
P2-backlog,71,11-Programmatic-SEO,en,(blank),multilingual-cluster,4,1,brand-kit-consultant-lovart,brand-kit-consultant-lovart,,11-Programmatic-SEO/brand-kit-consultant-lovart.md
P2-backlog,71,11-Programmatic-SEO,en,(blank),multilingual-cluster,4,1,brand-kit-course-creator-lovart,brand-kit-course-creator-lovart,,11-Programmatic-SEO/brand-kit-course-creator-lovart.md
P2-backlog,71,11-Programmatic-SEO,en,(blank),multilingual-cluster,4,1,brand-kit-dermatologist-lovart,brand-kit-dermatologist-lovart,,11-Programmatic-SEO/brand-kit-dermatologist-lovart.md
P2-backlog,71,11-Programmatic-SEO,en,(blank),multilingual-cluster,3,1,brand-kit-digital-agency-lovart,brand-kit-digital-agency-lovart,,11-Programmatic-SEO/brand-kit-digital-agency-lovart.md
P2-backlog,71,11-Programmatic-SEO,en,(blank),multilingual-cluster,4,1,brand-kit-dog-trainer-lovart,brand-kit-dog-trainer-lovart,,11-Programmatic-SEO/brand-kit-dog-trainer-lovart.md
P2-backlog,71,11-Programmatic-SEO,en,(blank),multilingual-cluster,4,1,brand-kit-dog-walker-lovart,brand-kit-dog-walker-lovart,,11-Programmatic-SEO/brand-kit-dog-walker-lovart.md
P2-backlog,71,11-Programmatic-SEO,en,(blank),multilingual-cluster,4,1,brand-kit-dtc-brand-lovart,brand-kit-dtc-brand-lovart,,11-Programmatic-SEO/brand-kit-dtc-brand-lovart.md
P2-backlog,71,11-Programmatic-SEO,en,(blank),multilingual-cluster,4,1,brand-kit-ecommerce-lovart,brand-kit-ecommerce-lovart,,11-Programmatic-SEO/brand-kit-ecommerce-lovart.md
P2-backlog,71,11-Programmatic-SEO,en,(blank),multilingual-cluster,4,1,brand-kit-electrician-lovart,brand-kit-electrician-lovart,,11-Programmatic-SEO/brand-kit-electrician-lovart.md
P2-backlog,71,11-Programmatic-SEO,en,(blank),multilingual-cluster,4,1,brand-kit-event-rental-lovart,brand-kit-event-rental-lovart,,11-Programmatic-SEO/brand-kit-event-rental-lovart.md
P2-backlog,71,11-Programmatic-SEO,en,(blank),multilingual-cluster,4,1,brand-kit-florist-lovart,brand-kit-florist-lovart,,11-Programmatic-SEO/brand-kit-florist-lovart.md
P2-backlog,71,11-Programmatic-SEO,en,(blank),multilingual-cluster,4,1,brand-kit-food-stall-lovart,brand-kit-food-stall-lovart,,11-Programmatic-SEO/brand-kit-food-stall-lovart.md
P2-backlog,71,11-Programmatic-SEO,en,(blank),multilingual-cluster,4,1,brand-kit-food-truck-lovart,brand-kit-food-truck-lovart,,11-Programmatic-SEO/brand-kit-food-truck-lovart.md
P2-backlog,71,11-Programmatic-SEO,en,(blank),multilingual-cluster,4,1,brand-kit-gift-shop-lovart,brand-kit-gift-shop-lovart,,11-Programmatic-SEO/brand-kit-gift-shop-lovart.md
P2-backlog,71,11-Programmatic-SEO,en,(blank),multilingual-cluster,4,1,brand-kit-gym-lovart,brand-kit-gym-lovart,,11-Programmatic-SEO/brand-kit-gym-lovart.md
P2-backlog,71,11-Programmatic-SEO,en,(blank),multilingual-cluster,4,1,brand-kit-hair-salon-lovart,brand-kit-hair-salon-lovart,,11-Programmatic-SEO/brand-kit-hair-salon-lovart.md
P2-backlog,71,11-Programmatic-SEO,en,(blank),multilingual-cluster,4,1,brand-kit-handyman-lovart,brand-kit-handyman-lovart,,11-Programmatic-SEO/brand-kit-handyman-lovart.md
P2-backlog,71,11-Programmatic-SEO,en,(blank),multilingual-cluster,4,1,brand-kit-hvac-technician-lovart,brand-kit-hvac-technician-lovart,,11-Programmatic-SEO/brand-kit-hvac-technician-lovart.md
P2-backlog,71,11-Programmatic-SEO,en,(blank),multilingual-cluster,4,1,brand-kit-ice-cream-shop-lovart,brand-kit-ice-cream-shop-lovart,,11-Programmatic-SEO/brand-kit-ice-cream-shop-lovart.md
P2-backlog,71,11-Programmatic-SEO,en,(blank),multilingual-cluster,4,1,brand-kit-influencer-lovart,brand-kit-influencer-lovart,,11-Programmatic-SEO/brand-kit-influencer-lovart.md
P2-backlog,71,11-Programmatic-SEO,en,(blank),multilingual-cluster,4,1,brand-kit-juice-bar-lovart,brand-kit-juice-bar-lovart,,11-Programmatic-SEO/brand-kit-juice-bar-lovart.md
P2-backlog,71,11-Programmatic-SEO,en,(blank),multilingual-cluster,4,1,brand-kit-makeup-studio-lovart,brand-kit-makeup-studio-lovart,,11-Programmatic-SEO/brand-kit-makeup-studio-lovart.md
P2-backlog,71,11-Programmatic-SEO,en,(blank),multilingual-cluster,4,1,brand-kit-multi-brand-management-ai,brand-kit-multi-brand-management-ai,Brand Kit Multi-Brand Management — Handle 10+ Brands Without Losing Consistency,11-Programmatic-SEO/brand-kit-multi-brand-management-ai.md
P2-backlog,71,11-Programmatic-SEO,en,(blank),multilingual-cluster,4,1,brand-kit-nail-studio-lovart,brand-kit-nail-studio-lovart,,11-Programmatic-SEO/brand-kit-nail-studio-lovart.md
P2-backlog,71,11-Programmatic-SEO,en,(blank),multilingual-cluster,4,1,brand-kit-optometrist-lovart,brand-kit-optometrist-lovart,,11-Programmatic-SEO/brand-kit-optometrist-lovart.md
P2-backlog,71,11-Programmatic-SEO,en,(blank),multilingual-cluster,4,1,brand-kit-painter-decorator-lovart,brand-kit-painter-decorator-lovart,,11-Programmatic-SEO/brand-kit-painter-decorator-lovart.md
P2-backlog,71,11-Programmatic-SEO,en,(blank),multilingual-cluster,4,1,brand-kit-party-planner-lovart,brand-kit-party-planner-lovart,,11-Programmatic-SEO/brand-kit-party-planner-lovart.md
P2-backlog,71,11-Programmatic-SEO,en,(blank),multilingual-cluster,4,1,brand-kit-pediatric-dentist-lovart,brand-kit-pediatric-dentist-lovart,,11-Programmatic-SEO/brand-kit-pediatric-dentist-lovart.md
P2-backlog,71,11-Programmatic-SEO,en,(blank),multilingual-cluster,4,1,brand-kit-pediatrician-lovart,brand-kit-pediatrician-lovart,,11-Programmatic-SEO/brand-kit-pediatrician-lovart.md
P2-backlog,71,11-Programmatic-SEO,en,(blank),multilingual-cluster,4,1,brand-kit-pet-groomer-lovart,brand-kit-pet-groomer-lovart,,11-Programmatic-SEO/brand-kit-pet-groomer-lovart.md
P2-backlog,71,11-Programmatic-SEO,en,(blank),multilingual-cluster,4,1,brand-kit-pet-sitter-lovart,brand-kit-pet-sitter-lovart,,11-Programmatic-SEO/brand-kit-pet-sitter-lovart.md
P2-backlog,71,11-Programmatic-SEO,en,(blank),multilingual-cluster,4,1,brand-kit-pet-supply-store-lovart,brand-kit-pet-supply-store-lovart,,11-Programmatic-SEO/brand-kit-pet-supply-store-lovart.md
P2-backlog,71,11-Programmatic-SEO,en,(blank),multilingual-cluster,4,1,brand-kit-pharmacy-lovart,brand-kit-pharmacy-lovart,,11-Programmatic-SEO/brand-kit-pharmacy-lovart.md
P2-backlog,71,11-Programmatic-SEO,en,(blank),multilingual-cluster,4,1,brand-kit-pizzeria-lovart,brand-kit-pizzeria-lovart,,11-Programmatic-SEO/brand-kit-pizzeria-lovart.md
P2-backlog,71,11-Programmatic-SEO,en,(blank),multilingual-cluster,4,1,brand-kit-plant-shop-lovart,brand-kit-plant-shop-lovart,,11-Programmatic-SEO/brand-kit-plant-shop-lovart.md
P2-backlog,71,11-Programmatic-SEO,en,(blank),multilingual-cluster,4,1,brand-kit-plumber-lovart,brand-kit-plumber-lovart,,11-Programmatic-SEO/brand-kit-plumber-lovart.md
P2-backlog,71,11-Programmatic-SEO,en,(blank),multilingual-cluster,4,1,brand-kit-podcaster-lovart,brand-kit-podcaster-lovart,,11-Programmatic-SEO/brand-kit-podcaster-lovart.md
P2-backlog,71,11-Programmatic-SEO,en,(blank),multilingual-cluster,4,1,brand-kit-real-estate-lovart,brand-kit-real-estate-lovart,,11-Programmatic-SEO/brand-kit-real-estate-lovart.md
P2-backlog,71,11-Programmatic-SEO,en,(blank),multilingual-cluster,4,1,brand-kit-record-store-lovart,brand-kit-record-store-lovart,,11-Programmatic-SEO/brand-kit-record-store-lovart.md
P2-backlog,71,11-Programmatic-SEO,en,(blank),multilingual-cluster,4,1,brand-kit-restaurant-lovart,brand-kit-restaurant-lovart,,11-Programmatic-SEO/brand-kit-restaurant-lovart.md
P2-backlog,71,11-Programmatic-SEO,en,(blank),multilingual-cluster,4,1,brand-kit-roofer-lovart,brand-kit-roofer-lovart,,11-Programmatic-SEO/brand-kit-roofer-lovart.md
P2-backlog,71,11-Programmatic-SEO,en,(blank),multilingual-cluster,4,1,brand-kit-spa-lovart,brand-kit-spa-lovart,,11-Programmatic-SEO/brand-kit-spa-lovart.md
P2-backlog,71,11-Programmatic-SEO,en,(blank),multilingual-cluster,4,1,brand-kit-thrift-store-lovart,brand-kit-thrift-store-lovart,,11-Programmatic-SEO/brand-kit-thrift-store-lovart.md
P2-backlog,71,11-Programmatic-SEO,en,(blank),multilingual-cluster,4,1,brand-kit-urgent-care-lovart,brand-kit-urgent-care-lovart,,11-Programmatic-SEO/brand-kit-urgent-care-lovart.md
P2-backlog,71,11-Programmatic-SEO,en,(blank),multilingual-cluster,4,1,brand-kit-vegan-restaurant-lovart,brand-kit-vegan-restaurant-lovart,,11-Programmatic-SEO/brand-kit-vegan-restaurant-lovart.md
P2-backlog,71,11-Programmatic-SEO,en,(blank),multilingual-cluster,4,1,brand-kit-wedding-dj-lovart,brand-kit-wedding-dj-lovart,,11-Programmatic-SEO/brand-kit-wedding-dj-lovart.md
P2-backlog,71,11-Programmatic-SEO,en,(blank),multilingual-cluster,4,1,brand-kit-wedding-photographer-lovart,brand-kit-wedding-photographer-lovart,,11-Programmatic-SEO/brand-kit-wedding-photographer-lovart.md
P2-backlog,71,11-Programmatic-SEO,en,(blank),multilingual-cluster,4,1,brand-kit-wine-bar-lovart,brand-kit-wine-bar-lovart,,11-Programmatic-SEO/brand-kit-wine-bar-lovart.md
P2-backlog,71,11-Programmatic-SEO,en,(blank),multilingual-cluster,4,1,brand-kit-yoga-studio-lovart,brand-kit-yoga-studio-lovart,,11-Programmatic-SEO/brand-kit-yoga-studio-lovart.md
P2-backlog,71,11-Programmatic-SEO,en,(blank),multilingual-cluster,4,1,what-is-brand-kit-why-you-need-one,what-is-brand-kit-why-you-need-one,What Is a Brand Kit & Why Every Business Needs One — AI Makes It Easy,11-Programmatic-SEO/what-is-brand-kit-why-you-need-one.md
P2-backlog,71,14-Product-Update,en,(blank),multilingual-cluster,4,1,lovart-product-update-may-2026,lovart-product-update-may-2026,What's New in Lovart — May 2026 Product Updates,14-Product-Update/lovart-product-update-may-2026.md
P2-backlog,69,01-How-To,ja,(blank),multilingual-cluster,4,1,01-cluster-product-detail-page-ja,01-cluster-product-detail-page,Product Detail Page Design with AI: What Converts in 2026,01-How-To/01-cluster-product-detail-page-ja.md
P2-backlog,69,01-How-To,zh,(blank),multilingual-cluster,4,1,01-cluster-product-detail-page-zh,01-cluster-product-detail-page,利用AI进行产品详情页设计：2026年转化率提升之道,01-How-To/01-cluster-product-detail-page-zh.md
P2-backlog,69,01-How-To,zh-TW,(blank),multilingual-cluster,4,1,01-cluster-product-detail-page-zhtw,01-cluster-product-detail-page,Product Detail Page Design with AI: What Converts in 2026,01-How-To/01-cluster-product-detail-page-zhtw.md
P2-backlog,69,01-How-To,zh,(blank),multilingual-cluster,4,1,01-pillar-ai-design-technology-zh,01-pillar-ai-design-technology,从扩散模型到设计智能体：2026年驱动AI设计的技术栈,01-How-To/01-pillar-ai-design-technology-zh.md
P2-backlog,69,01-How-To,zh,(blank),multilingual-cluster,4,1,01-pillar-ai-ecommerce-visuals-zh,01-pillar-ai-ecommerce-visuals,AI 赋能电商：提升转化率的视觉内容（2026 指南）,01-How-To/01-pillar-ai-ecommerce-visuals-zh.md
P2-backlog,69,01-How-To,zh,(blank),multilingual-cluster,6,1,01-pillar-ai-video-generation-101-zh,01-pillar-ai-video-generation-101,AI 视频生成入门：2026 年 AI 视频创作完全指南,01-How-To/01-pillar-ai-video-generation-101-zh.md
P2-backlog,69,01-How-To,zh,(blank),multilingual-cluster,2,1,02-content-refresh-q4-reviews-zh,02-content-refresh-q4-reviews,2027年焕新：2026年第四季度文章更新了什么及其重要性,01-How-To/02-content-refresh-q4-reviews-zh.md
P2-backlog,69,01-How-To,zh,(blank),multilingual-cluster,3,1,content-refresh-ai-design-tool-reviews-2027,content-refresh-ai-design-tool-reviews-2027,内容更新说明：我们的 2026 年 AI 设计工具评测已更新至 2027 年,01-How-To/03-content-refresh-tool-reviews-zh.md
P2-backlog,69,01-How-To,zh,(blank),multilingual-cluster,4,1,ai-design-cost-complete-breakdown-2026-zh,ai-design-cost-complete-breakdown-2026,AI 设计成本是多少？2026 年完整解析,01-How-To/ai-design-cost-complete-breakdown-2026-zh.md
P2-backlog,69,01-How-To,zh,(blank),multilingual-cluster,4,1,ai-design-myths-debunked-2026-zh,ai-design-myths-debunked-2026,5个AI设计迷思被揭穿——当你真正尝试时会发生什么,01-How-To/ai-design-myths-debunked-2026-zh.md
P2-backlog,69,01-How-To,zh,(blank),multilingual-cluster,3,1,ai-design-small-business,ai-design-small-business,小企业主AI设计：2026年真正有效的方法,01-How-To/b45-ai-design-small-business-bing-zh.md
P2-backlog,69,01-How-To,zh,(blank),multilingual-cluster,4,1,easiest-ai-design-tools-non-designers-2026-zh,easiest-ai-design-tools-non-designers-2026,非设计师最易用的AI设计工具 — 2026年对比评测,01-How-To/easiest-ai-design-tools-non-designers-2026-zh.md
P2-backlog,69,01-How-To,zh,(blank),multilingual-cluster,4,1,free-ai-design-tools-online-no-signup-2026-zh,free-ai-design-tools-online-no-signup-2026,免费在线AI设计工具——不花钱你实际上能做什么（2026年）,01-How-To/free-ai-design-tools-online-no-signup-2026-zh.md
P2-backlog,69,01-How-To,zh,(blank),multilingual-cluster,4,1,how-much-does-ai-design-cost-complete-breakdown-zh,how-much-does-ai-design-cost-complete-breakdown,AI 设计成本是多少？——2026 年完整价格解析,01-How-To/how-much-does-ai-design-cost-complete-breakdown-zh.md
P2-backlog,69,01-How-To,zh,(blank),multilingual-cluster,4,1,S12-what-is-ai-design-explained-zh,s12-what-is-ai-design-explained,什么是AI设计？2026年你需要知道的一切,01-How-To/S12-what-is-ai-design-explained-zh.md
P2-backlog,69,01-How-To,zh,(blank),multilingual-cluster,4,1,S23 - ultimate-ai-design-stack-zh,s23 - ultimate-ai-design-stack,终极AI设计工具栈：2026年的10款工具、模型与工作流,01-How-To/S23 - ultimate-ai-design-stack-zh.md
P2-backlog,69,01-How-To,ja,(blank),multilingual-cluster,4,1,text-to-speech-elearning-course-creators-2026,text-to-speech-elearning-course-creators-2026,【日本語】 Text-to-Speech for E-Learning — Create Professional Course Audio with AI,01-How-To/text-to-speech-elearning-course-creators-2026-ja.md
P2-backlog,69,01-How-To,zh,(blank),multilingual-cluster,4,1,text-to-speech-elearning-course-creators-2026-zh,text-to-speech-elearning-course-creators-2026,AI语音合成赋能在线教育——用AI打造专业课程音频,01-How-To/text-to-speech-elearning-course-creators-2026-zh.md
P2-backlog,69,01-How-To,zh-TW,(blank),multilingual-cluster,4,1,text-to-speech-elearning-course-creators-2026,text-to-speech-elearning-course-creators-2026,【繁體】 Text-to-Speech for E-Learning — Create Professional Course Audio with AI,01-How-To/text-to-speech-elearning-course-creators-2026-zhtw.md
P2-backlog,69,03-Industry-Segment,en,(blank),multilingual-cluster,4,1,01-industry-before-after-design,01-industry-before-after-design,Before & After Design: Creating Compelling Transformation Visuals That Drive Action,03-Industry-Segment/01-industry-before-after-design.md
P2-backlog,69,03-Industry-Segment,en,(blank),multilingual-cluster,4,1,01-industry-education-infographic,01-industry-education-infographic,Education Infographic Design with AI: Transform Complex Ideas into Clear Visual Narratives,03-Industry-Segment/01-industry-education-infographic.md
P2-backlog,69,03-Industry-Segment,en,(blank),multilingual-cluster,4,1,01-industry-hair-salon-menu,01-industry-hair-salon-menu,"Hair Salon Menu Design: Services, Pricing, and Visual Style That Books Appointments",03-Industry-Segment/01-industry-hair-salon-menu.md
P2-backlog,69,03-Industry-Segment,en,(blank),single,1,1,01-industry-law-firm-branding,01-industry-law-firm-branding,"Law Firm Branding: Building Trust, Authority, and Professionalism Through Design",03-Industry-Segment/01-industry-law-firm-branding.md
P2-backlog,69,03-Industry-Segment,en,(blank),multilingual-cluster,4,1,01-industry-multi-platform-restaurant,01-industry-multi-platform-restaurant,Multi-Platform Restaurant Branding: From Menu to Instagram to Google to UberEats — One Cohesive Visual System,03-Industry-Segment/01-industry-multi-platform-restaurant.md
P2-backlog,69,03-Industry-Segment,en,(blank),multilingual-cluster,4,1,01-industry-saas-landing-page,01-industry-saas-landing-page,SaaS Landing Page Design: Hero Images and Feature Visuals That Convert with AI,03-Industry-Segment/01-industry-saas-landing-page.md
P2-backlog,69,03-Industry-Segment,en,(blank),single,1,1,01-industry-spa-wellness-branding,01-industry-spa-wellness-branding,Spa & Wellness Branding: A Calming Visual Strategy for 2027,03-Industry-Segment/01-industry-spa-wellness-branding.md
P2-backlog,69,03-Industry-Segment,en,(blank),multilingual-cluster,4,1,01-industry-virtual-staging-ai,01-industry-virtual-staging-ai,Real Estate Virtual Staging with AI: Transform Empty Rooms into Buyer Magnets,03-Industry-Segment/01-industry-virtual-staging-ai.md
P2-backlog,69,03-Industry-Segment,en,(blank),multilingual-cluster,4,1,02-industry-digital-menu-board,02-industry-digital-menu-board,Digital Menu Board Design with AI: From Static to Dynamic in Minutes,03-Industry-Segment/02-industry-digital-menu-board.md
P2-backlog,69,03-Industry-Segment,en,(blank),multilingual-cluster,4,1,02-industry-fitness-studio-content,02-industry-fitness-studio-content,Fitness Studio 30-Day Content Calendar: AI-Powered Social Media That Fills Classes,03-Industry-Segment/02-industry-fitness-studio-content.md
P2-backlog,69,03-Industry-Segment,en,(blank),single,1,1,02-industry-makeup-artist-portfolio,02-industry-makeup-artist-portfolio,Makeup Artist Portfolio Design: Showcasing Your Work with AI in 2027,03-Industry-Segment/02-industry-makeup-artist-portfolio.md
P2-backlog,69,03-Industry-Segment,en,(blank),multilingual-cluster,4,1,02-industry-online-course-visual-identity,02-industry-online-course-visual-identity,Online Course Visual Identity: From Logo to Thumbnails — Building a Cohesive Look That Sells,03-Industry-Segment/02-industry-online-course-visual-identity.md
P2-backlog,69,03-Industry-Segment,en,(blank),single,1,1,02-industry-patient-education-materials,02-industry-patient-education-materials,Patient Education Material Design with AI: From Complex Medical Concepts to Clear Visuals,03-Industry-Segment/02-industry-patient-education-materials.md
P2-backlog,69,03-Industry-Segment,en,(blank),multilingual-cluster,4,1,02-industry-property-listing-design,02-industry-property-listing-design,Property Listing Design: From Photos to Flyers in Minutes with AI,03-Industry-Segment/02-industry-property-listing-design.md
P2-backlog,69,03-Industry-Segment,en,(blank),single,1,1,03-content-refresh-segment-refresh,03-content-refresh-segment-refresh,Industry Segment Articles Refreshed for 2027: Keeping Vertical Content Current,03-Industry-Segment/03-content-refresh-segment-refresh.md
P2-backlog,69,03-Industry-Segment,en,(blank),multilingual-cluster,4,1,03-industry-beauty-salon-branding,03-industry-beauty-salon-branding,Beauty Salon Branding: From Logo to Instagram Aesthetic — A Complete Visual System,03-Industry-Segment/03-industry-beauty-salon-branding.md
P2-backlog,69,03-Industry-Segment,en,(blank),multilingual-cluster,4,1,03-industry-certificate-design-ai,03-industry-certificate-design-ai,Certificate Design with AI: Student and Achievement Credentials That Feel Worth Earning,03-Industry-Segment/03-industry-certificate-design-ai.md
P2-backlog,69,03-Industry-Segment,en,(blank),single,1,1,03-industry-dental-clinic-branding,03-industry-dental-clinic-branding,Dental Clinic Branding: Building Patient Trust Through Strategic Visual Design,03-Industry-Segment/03-industry-dental-clinic-branding.md
P2-backlog,69,03-Industry-Segment,en,(blank),multilingual-cluster,4,1,03-industry-real-estate-agent-branding,03-industry-real-estate-agent-branding,Real Estate Agent Personal Branding with AI: Stand Out in a Sea of Headshots,03-Industry-Segment/03-industry-real-estate-agent-branding.md
P2-backlog,69,03-Industry-Segment,en,(blank),multilingual-cluster,4,1,03-industry-tech-company-branding,03-industry-tech-company-branding,Tech Company Branding: Building Trust Through Visual Design with AI,03-Industry-Segment/03-industry-tech-company-branding.md
P2-backlog,69,03-Industry-Segment,en,(blank),multilingual-cluster,4,1,creating-negative-space-ai-leave-room-for-text,creating-negative-space-ai-leave-room-for-text,,03-Industry-Segment/creating-negative-space-ai-leave-room-for-text.md
P2-backlog,69,03-Industry-Segment,en,(blank),multilingual-cluster,4,1,prompting-for-repairs-words-to-fix-ai-mistakes,prompting-for-repairs-words-to-fix-ai-mistakes,,03-Industry-Segment/prompting-for-repairs-words-to-fix-ai-mistakes.md
P2-backlog,69,04-Career,en,(blank),multilingual-cluster,4,1,brand-kit-jewelry-designer-lovart,brand-kit-jewelry-designer-lovart,How to Create a Brand Kit for Your Jewelry Designer Brand,04-Career/brand-kit-jewelry-designer-lovart.md
P2-backlog,69,06-Case-Study,en,(blank),multilingual-cluster,4,1,case-study-bakery-owner-ai-brand-small-business,case-study-bakery-owner-ai-brand-small-business,How Bakery Owner Rosa Alvarez Built a Brand in 48 Hours — And Tripled Her Wholesale Accounts,06-Case-Study/case-study-bakery-owner-ai-brand-small-business.md
P2-backlog,69,06-Case-Study,en,(blank),multilingual-cluster,4,1,case-study-bootstrapper-free-ai-tools-growth,case-study-bootstrapper-free-ai-tools-growth,How Bootstrapper Tunde Adebayo Built a 6-Figure DTC Brand Using Only Free AI Tools — And Lovart Was the Design Engine,06-Case-Study/case-study-bootstrapper-free-ai-tools-growth.md
P2-backlog,69,06-Case-Study,en,(blank),multilingual-cluster,4,1,case-study-cafe-owner-ai-menu-brand-redesign,case-study-cafe-owner-ai-menu-brand-redesign,How Café Owner Leila Haddad Redesigned Her Menu and Brand in One Weekend — And Lines Formed Around the Block,06-Case-Study/case-study-cafe-owner-ai-menu-brand-redesign.md
P2-backlog,69,06-Case-Study,en,(blank),multilingual-cluster,4,1,case-study-marketing-team-text-to-video-ai,case-study-marketing-team-text-to-video-ai,"How Marketing Director Aisha Diallo Replaced a $12,000/Month Video Agency with Text Prompts — And Doubled Campaign Output",06-Case-Study/case-study-marketing-team-text-to-video-ai.md
P2-backlog,69,06-Case-Study,en,(blank),multilingual-cluster,4,1,case-study-real-estate-agent-ai-marketing,case-study-real-estate-agent-ai-marketing,How Real Estate Agent Marcus Chen Generated 340 Property Marketing Assets in One Weekend — And Sold 12 Homes in 30 Days,06-Case-Study/case-study-real-estate-agent-ai-marketing.md
P2-backlog,69,06-Case-Study,en,(blank),multilingual-cluster,4,1,lovart-behind-the-scenes-team-story,lovart-behind-the-scenes-team-story,Building Lovart — The Story Behind the World's First AI Design Agent,06-Case-Study/lovart-behind-the-scenes-team-story.md
P2-backlog,69,06-Case-Study,en,(blank),multilingual-cluster,4,1,S21 - lovart-customer-success-story,s21 - lovart-customer-success-story,Lovart Customer Success: How a DTC Brand Transformed Their Visual Marketing,06-Case-Study/S21 - lovart-customer-success-story.md
P2-backlog,69,06-Case-Study,en,(blank),multilingual-cluster,6,1,seedance-video-production-workflow-case-study,seedance-video-production-workflow-case-study,Seedance Video Production Workflow — A Real 30-Video Campaign Case Study,06-Case-Study/seedance-video-production-workflow-case-study.md
P2-backlog,69,08-Best-Practice,ja,(blank),multilingual-cluster,4,1,5-minute-workflow-busy-founders-ai-design,5-minute-workflow-busy-founders-ai-design,【日本語】 From Idea to Posted — A 5-Minute AI デザイン Workflow for Busy Founders,08-Best-Practice/5-minute-workflow-busy-founders-ai-design-ja.md
P2-backlog,69,08-Best-Practice,zh,(blank),multilingual-cluster,4,1,5-minute-workflow-busy-founders-ai-design,5-minute-workflow-busy-founders-ai-design,从灵感到发布——忙碌创始人的5分钟AI设计工作流,08-Best-Practice/5-minute-workflow-busy-founders-ai-design-zh.md
P2-backlog,69,08-Best-Practice,zh-TW,(blank),multilingual-cluster,4,1,5-minute-workflow-busy-founders-ai-design,5-minute-workflow-busy-founders-ai-design,【繁體】 From Idea to Posted — A 5-Minute AI 設計 Workflow for Busy Founders,08-Best-Practice/5-minute-workflow-busy-founders-ai-design-zhtw.md
P2-backlog,69,08-Best-Practice,ja,(blank),multilingual-cluster,6,1,auto-resize-multi-platform-workflow-ai,auto-resize-multi-platform-workflow-ai,"【日本語】 Auto-Resize Multi-Platform Workflow — One デザイン, Every Social Platform",08-Best-Practice/auto-resize-multi-platform-workflow-ai-ja.md
P2-backlog,69,08-Best-Practice,zh,(blank),multilingual-cluster,6,1,auto-resize-multi-platform-workflow-ai,auto-resize-multi-platform-workflow-ai,自动调整多平台工作流 — 一次设计，适配所有社交平台,08-Best-Practice/auto-resize-multi-platform-workflow-ai-zh.md
P2-backlog,69,08-Best-Practice,zh-TW,(blank),multilingual-cluster,6,1,auto-resize-multi-platform-workflow-ai,auto-resize-multi-platform-workflow-ai,"【繁體】 Auto-Resize Multi-Platform Workflow — One 設計, Every Social Platform",08-Best-Practice/auto-resize-multi-platform-workflow-ai-zhtw.md
P2-backlog,69,08-Best-Practice,ja,(blank),multilingual-cluster,4,1,bing-seo-optimization-checklist-ja,bing-seo-optimization-checklist,Bing SEO Optimization Checklist — Lovart Internal Playbook,08-Best-Practice/bing-seo-optimization-checklist-ja.md
P2-backlog,69,08-Best-Practice,zh,(blank),multilingual-cluster,4,1,bing-seo-optimization-checklist-zh,bing-seo-optimization-checklist,Bing SEO 优化清单 — Lovart 内部手册,08-Best-Practice/bing-seo-optimization-checklist-zh.md
P2-backlog,69,08-Best-Practice,zh-TW,(blank),multilingual-cluster,4,1,bing-seo-optimization-checklist-zhtw,bing-seo-optimization-checklist,Bing SEO Optimization Checklist — Lovart Internal Playbook,08-Best-Practice/bing-seo-optimization-checklist-zhtw.md
P2-backlog,69,08-Best-Practice,zh,(blank),multilingual-cluster,4,1,pricing-page-meta-optimization-zh,pricing-page-meta-optimization,定价页面元数据优化记录 — Lovart,08-Best-Practice/pricing-page-meta-optimization-zh.md
P2-backlog,69,09-Better-Design,zh,(blank),multilingual-cluster,4,1,ai-design-mistakes-10-common-errors-how-to-fix-zh,ai-design-mistakes-10-common-errors-how-to-fix,10 个常见 AI 设计错误及其修复方法,09-Better-Design/ai-design-mistakes-10-common-errors-how-to-fix-zh.md
P2-backlog,69,09-Better-Design,ja,(blank),multilingual-cluster,4,1,how-to-create-text-art-ascii-typography-ai,how-to-create-text-art-ascii-typography-ai,"【日本語】 方法 Create Text Art, ASCII Art & Typography デザインs with AI",09-Better-Design/how-to-create-text-art-ascii-typography-ai-ja.md
P2-backlog,69,09-Better-Design,zh,(blank),multilingual-cluster,4,1,how-to-create-text-art-ascii-typography-ai,how-to-create-text-art-ascii-typography-ai,如何用AI创作文字艺术、ASCII艺术与字体设计,09-Better-Design/how-to-create-text-art-ascii-typography-ai-zh.md
P2-backlog,69,09-Better-Design,zh-TW,(blank),multilingual-cluster,4,1,how-to-create-text-art-ascii-typography-ai,how-to-create-text-art-ascii-typography-ai,"【繁體】 如何 Create Text Art, ASCII Art & Typography 設計s with AI",09-Better-Design/how-to-create-text-art-ascii-typography-ai-zhtw.md
P2-backlog,69,11-Programmatic-SEO,ja,(blank),multilingual-cluster,4,1,what-is-brand-kit-why-you-need-one,what-is-brand-kit-why-you-need-one,【日本語】 What Is a ブランド Kit & Why Every Business Needs One — AI Makes It Easy,11-Programmatic-SEO/what-is-brand-kit-why-you-need-one-ja.md
P2-backlog,69,11-Programmatic-SEO,zh-TW,(blank),multilingual-cluster,4,1,what-is-brand-kit-why-you-need-one,what-is-brand-kit-why-you-need-one,【繁體】 What Is a 品牌 Kit & Why Every Business Needs One — AI Makes It Easy,11-Programmatic-SEO/what-is-brand-kit-why-you-need-one-zhtw.md
P2-backlog,67,03-Industry-Segment,ja,(blank),multilingual-cluster,4,1,best-ai-design-agent-for-acupuncturist,best-ai-design-agent-for-acupuncturist,"【日本語】 ベスト AI デザイン Agent for Acupuncturists — Ancient Practice, Modern ブランドing",03-Industry-Segment/best-ai-design-agent-for-acupuncturist-ja.md
P2-backlog,67,03-Industry-Segment,zh,(blank),multilingual-cluster,4,1,best-ai-design-agent-for-acupuncturist,best-ai-design-agent-for-acupuncturist,针灸师最佳AI设计助手——古老技艺，现代品牌,03-Industry-Segment/best-ai-design-agent-for-acupuncturist-zh.md
P2-backlog,67,03-Industry-Segment,zh-TW,(blank),multilingual-cluster,4,1,best-ai-design-agent-for-acupuncturist,best-ai-design-agent-for-acupuncturist,"【繁體】 最佳 AI 設計 Agent for Acupuncturists — Ancient Practice, Modern 品牌ing",03-Industry-Segment/best-ai-design-agent-for-acupuncturist-zhtw.md
P2-backlog,67,03-Industry-Segment,zh,(blank),multilingual-cluster,4,1,best-ai-design-agent-for-aesthetics-studio,best-ai-design-agent-for-aesthetics-studio,最佳医美工作室AI设计助手 — 治疗菜单、前后对比框架与临床奢华品牌塑造,03-Industry-Segment/best-ai-design-agent-for-aesthetics-studio-zh.md
P2-backlog,67,03-Industry-Segment,zh,(blank),multilingual-cluster,4,1,best-ai-design-agent-for-artisan-bakery-owner-zh,best-ai-design-agent-for-artisan-bakery-owner,最佳AI设计助手：为手工面包店主打造面包菜单、酸面团故事与质朴品牌,03-Industry-Segment/best-ai-design-agent-for-artisan-bakery-owner-zh.md
P2-backlog,67,03-Industry-Segment,zh,(blank),multilingual-cluster,4,1,best-ai-design-agent-for-bakery-owner-zh,best-ai-design-agent-for-bakery-owner,,03-Industry-Segment/best-ai-design-agent-for-bakery-owner-zh.md
P2-backlog,67,03-Industry-Segment,zh,(blank),multilingual-cluster,4,1,best-ai-design-agent-for-beauty-bar,best-ai-design-agent-for-beauty-bar,美容吧最佳AI设计助手——服务菜单、睫毛与眉毛促销及魅力社交内容,03-Industry-Segment/best-ai-design-agent-for-beauty-bar-zh.md
P2-backlog,67,03-Industry-Segment,zh,(blank),multilingual-cluster,4,1,best-ai-design-agent-for-beauty-salon-owner,best-ai-design-agent-for-beauty-salon-owner,美容院老板的最佳AI设计助手——从价目表到Instagram主页,03-Industry-Segment/best-ai-design-agent-for-beauty-salon-owner-zh.md
P2-backlog,67,03-Industry-Segment,zh,(blank),multilingual-cluster,4,1,best-ai-design-agent-for-blogger-zh,best-ai-design-agent-for-blogger,博主最佳AI设计助手——精选图片、引流磁石与内容升级视觉,03-Industry-Segment/best-ai-design-agent-for-blogger-zh.md
P2-backlog,67,03-Industry-Segment,zh,(blank),multilingual-cluster,4,1,best-ai-design-agent-for-bookstore-owner,best-ai-design-agent-for-bookstore-owner,最佳书店主AI设计助手——活动传单、阅读指南与文学风格品牌塑造,03-Industry-Segment/best-ai-design-agent-for-bookstore-owner-zh.md
P2-backlog,67,03-Industry-Segment,zh,(blank),multilingual-cluster,4,1,best-ai-design-agent-for-boutique-fitness-studio,best-ai-design-agent-for-boutique-fitness-studio,精品健身工作室的最佳AI设计助手——课程包、挑战赛图形与汗味社交素材,03-Industry-Segment/best-ai-design-agent-for-boutique-fitness-studio-zh.md
P2-backlog,67,03-Industry-Segment,zh,(blank),multilingual-cluster,4,1,best-ai-design-agent-for-boutique-owner-zh,best-ai-design-agent-for-boutique-owner,精品店主最佳AI设计助手——Lookbook设计、新品发布推广与店铺品牌塑造,03-Industry-Segment/best-ai-design-agent-for-boutique-owner-zh.md
P2-backlog,67,03-Industry-Segment,zh,(blank),multilingual-cluster,4,1,best-ai-design-agent-for-brick-and-mortar,best-ai-design-agent-for-brick-and-mortar,实体店最佳AI设计助手——客流营销、店面品牌与本地视觉形象,03-Industry-Segment/best-ai-design-agent-for-brick-and-mortar-zh.md
P2-backlog,67,03-Industry-Segment,zh,(blank),multilingual-cluster,4,1,best-ai-design-agent-for-brow-artist-zh,best-ai-design-agent-for-brow-artist,,03-Industry-Segment/best-ai-design-agent-for-brow-artist-zh.md
P2-backlog,67,03-Industry-Segment,ja,(blank),multilingual-cluster,4,1,best-ai-design-agent-for-bubble-tea-shop-owner,best-ai-design-agent-for-bubble-tea-shop-owner,【日本語】 ベスト AI デザイン Agent for Bubble Tea Shop Owners — Boba ブランドing That Pops,03-Industry-Segment/best-ai-design-agent-for-bubble-tea-shop-owner-ja.md
P2-backlog,67,03-Industry-Segment,zh,(blank),multilingual-cluster,4,1,best-ai-design-agent-for-bubble-tea-shop-owner-zh,best-ai-design-agent-for-bubble-tea-shop-owner,珍珠奶茶店老板的最佳AI设计助手：让波霸品牌脱颖而出,03-Industry-Segment/best-ai-design-agent-for-bubble-tea-shop-owner-zh.md
P2-backlog,67,03-Industry-Segment,zh-TW,(blank),multilingual-cluster,4,1,best-ai-design-agent-for-bubble-tea-shop-owner,best-ai-design-agent-for-bubble-tea-shop-owner,【繁體】 最佳 AI 設計 Agent for Bubble Tea Shop Owners — Boba 品牌ing That Pops,03-Industry-Segment/best-ai-design-agent-for-bubble-tea-shop-owner-zhtw.md
P2-backlog,67,03-Industry-Segment,zh,(blank),multilingual-cluster,4,1,best-ai-design-agent-for-cafe-owner,best-ai-design-agent-for-cafe-owner,最佳咖啡店主AI设计助手 — 一站式设计菜单、社交媒体与品牌形象,03-Industry-Segment/best-ai-design-agent-for-cafe-owner-zh.md
P2-backlog,67,03-Industry-Segment,zh,(blank),multilingual-cluster,4,1,best-ai-design-agent-for-cake-shop-owner,best-ai-design-agent-for-cake-shop-owner,最佳蛋糕店主AI设计助手——定制订单表格、蛋糕作品集画廊及庆典级视觉内容,03-Industry-Segment/best-ai-design-agent-for-cake-shop-owner-zh.md
P2-backlog,67,03-Industry-Segment,zh,(blank),multilingual-cluster,4,1,best-ai-design-agent-for-chef-zh,best-ai-design-agent-for-chef,,03-Industry-Segment/best-ai-design-agent-for-chef-zh.md
P2-backlog,67,03-Industry-Segment,ja,(blank),multilingual-cluster,4,1,best-ai-design-agent-for-chiropractor,best-ai-design-agent-for-chiropractor,【日本語】 ベスト AI デザイン Agent for Chiropractors — Align Your ブランド Before You Align Their Spine,03-Industry-Segment/best-ai-design-agent-for-chiropractor-ja.md
P2-backlog,67,03-Industry-Segment,zh,(blank),multilingual-cluster,4,1,best-ai-design-agent-for-chiropractor-zh,best-ai-design-agent-for-chiropractor,最佳AI设计助手：整脊医生品牌先行，再为患者正骨,03-Industry-Segment/best-ai-design-agent-for-chiropractor-zh.md
P2-backlog,67,03-Industry-Segment,zh-TW,(blank),multilingual-cluster,4,1,best-ai-design-agent-for-chiropractor,best-ai-design-agent-for-chiropractor,【繁體】 最佳 AI 設計 Agent for Chiropractors — Align Your 品牌 Before You Align Their Spine,03-Industry-Segment/best-ai-design-agent-for-chiropractor-zhtw.md
P2-backlog,67,03-Industry-Segment,ja,(blank),multilingual-cluster,4,1,best-ai-design-agent-for-cocktail-bar-owner,best-ai-design-agent-for-cocktail-bar-owner,【日本語】 ベスト AI デザイン Agent for Cocktail Bar Owners — Shake Up Speakeasy-Quality ブランドing Without the Agency Tab,03-Industry-Segment/best-ai-design-agent-for-cocktail-bar-owner-ja.md
P2-backlog,67,03-Industry-Segment,zh,(blank),multilingual-cluster,4,1,best-ai-design-agent-for-cocktail-bar-owner-zh,best-ai-design-agent-for-cocktail-bar-owner,最佳AI设计助手：鸡尾酒吧老板的专属品牌利器——无需代理费，轻松打造地下酒吧级品牌形象,03-Industry-Segment/best-ai-design-agent-for-cocktail-bar-owner-zh.md
P2-backlog,67,03-Industry-Segment,zh-TW,(blank),multilingual-cluster,4,1,best-ai-design-agent-for-cocktail-bar-owner,best-ai-design-agent-for-cocktail-bar-owner,【繁體】 最佳 AI 設計 Agent for Cocktail Bar Owners — Shake Up Speakeasy-Quality 品牌ing Without the Agency Tab,03-Industry-Segment/best-ai-design-agent-for-cocktail-bar-owner-zhtw.md
P2-backlog,67,03-Industry-Segment,zh,(blank),multilingual-cluster,4,1,best-ai-design-agent-for-consultant-zh,best-ai-design-agent-for-consultant,,03-Industry-Segment/best-ai-design-agent-for-consultant-zh.md
P2-backlog,67,03-Industry-Segment,zh,(blank),multilingual-cluster,4,1,best-ai-design-agent-for-content-creator,best-ai-design-agent-for-content-creator,面向内容创作者的最佳AI设计助手——几分钟搞定缩略图、横幅和周边商品,03-Industry-Segment/best-ai-design-agent-for-content-creator-zh.md
P2-backlog,67,03-Industry-Segment,zh,(blank),multilingual-cluster,4,1,best-ai-design-agent-for-corporate-trainer,best-ai-design-agent-for-corporate-trainer,企业培训师的最佳AI设计助手——工作坊幻灯片、培训手册与学习体验品牌塑造,03-Industry-Segment/best-ai-design-agent-for-corporate-trainer-zh.md
P2-backlog,67,03-Industry-Segment,zh,(blank),multilingual-cluster,4,1,best-ai-design-agent-for-day-spa-owner-zh,best-ai-design-agent-for-day-spa-owner,最佳日间水疗中心AI设计助手——护理菜单、社交证明与宁静品牌塑造,03-Industry-Segment/best-ai-design-agent-for-day-spa-owner-zh.md
P2-backlog,67,03-Industry-Segment,ja,(blank),multilingual-cluster,4,1,best-ai-design-agent-for-dentist,best-ai-design-agent-for-dentist,【日本語】 ベスト AI デザイン Agent for Dentists — Smile-Confident ブランドing Without Agency Overhead,03-Industry-Segment/best-ai-design-agent-for-dentist-ja.md
P2-backlog,67,03-Industry-Segment,zh,(blank),multilingual-cluster,4,1,best-ai-design-agent-for-dentist-zh,best-ai-design-agent-for-dentist,牙医最佳AI设计助手：无需代理费，打造自信微笑品牌,03-Industry-Segment/best-ai-design-agent-for-dentist-zh.md
P2-backlog,67,03-Industry-Segment,zh-TW,(blank),multilingual-cluster,4,1,best-ai-design-agent-for-dentist,best-ai-design-agent-for-dentist,【繁體】 最佳 AI 設計 Agent for Dentists — Smile-Confident 品牌ing Without Agency Overhead,03-Industry-Segment/best-ai-design-agent-for-dentist-zhtw.md
P2-backlog,67,03-Industry-Segment,zh,(blank),multilingual-cluster,4,1,best-ai-design-agent-for-dessert-shop-owner-zh,best-ai-design-agent-for-dessert-shop-owner,最佳甜品店主AI设计助手——摆盘视觉、季节系列与诱人社交内容,03-Industry-Segment/best-ai-design-agent-for-dessert-shop-owner-zh.md
P2-backlog,67,03-Industry-Segment,zh,(blank),multilingual-cluster,4,1,best-ai-design-agent-for-dropshipper,best-ai-design-agent-for-dropshipper,最佳AI设计助手——为代发卖家打造规模化产品列表、广告创意变体与店铺品牌形象,03-Industry-Segment/best-ai-design-agent-for-dropshipper-zh.md
P2-backlog,67,03-Industry-Segment,zh,(blank),multilingual-cluster,4,1,best-ai-design-agent-for-dtc-founder-zh,best-ai-design-agent-for-dtc-founder,,03-Industry-Segment/best-ai-design-agent-for-dtc-founder-zh.md
P2-backlog,67,03-Industry-Segment,zh,(blank),multilingual-cluster,4,1,best-ai-design-agent-for-e-book-author-zh,best-ai-design-agent-for-e-book-author,电子书作者的最佳AI设计助手——封面设计、引流磁石布局与图书发布视觉品牌塑造,03-Industry-Segment/best-ai-design-agent-for-e-book-author-zh.md
P2-backlog,67,03-Industry-Segment,zh,(blank),multilingual-cluster,4,1,best-ai-design-agent-for-financial-advisor-zh,best-ai-design-agent-for-financial-advisor,最佳金融顾问AI设计助手——客户教育信息图、市场动态视觉与建立信任的品牌设计,03-Industry-Segment/best-ai-design-agent-for-financial-advisor-zh.md
P2-backlog,67,03-Industry-Segment,zh,(blank),multilingual-cluster,4,1,best-ai-design-agent-for-florist,best-ai-design-agent-for-florist,最佳花艺师AI设计助手——插花作品集、婚礼提案与季节性系列品牌打造,03-Industry-Segment/best-ai-design-agent-for-florist-zh.md
P2-backlog,67,03-Industry-Segment,ja,(blank),multilingual-cluster,4,1,best-ai-design-agent-for-food-stall-owner,best-ai-design-agent-for-food-stall-owner,【日本語】 ベスト AI デザイン Agent for Food Stall Owners — Street Food ブランドing That Sells Before They Smell It,03-Industry-Segment/best-ai-design-agent-for-food-stall-owner-ja.md
P2-backlog,67,03-Industry-Segment,zh,(blank),multilingual-cluster,4,1,best-ai-design-agent-for-food-stall-owner-zh,best-ai-design-agent-for-food-stall-owner,最佳AI设计助手——小贩摊位老板：让街头美食品牌在香气飘散前就吸引顾客,03-Industry-Segment/best-ai-design-agent-for-food-stall-owner-zh.md
P2-backlog,67,03-Industry-Segment,zh-TW,(blank),multilingual-cluster,4,1,best-ai-design-agent-for-food-stall-owner,best-ai-design-agent-for-food-stall-owner,【繁體】 最佳 AI 設計 Agent for Food Stall Owners — Street Food 品牌ing That Sells Before They Smell It,03-Industry-Segment/best-ai-design-agent-for-food-stall-owner-zhtw.md
P2-backlog,67,03-Industry-Segment,zh,(blank),multilingual-cluster,4,1,best-ai-design-agent-for-freelancer-zh,best-ai-design-agent-for-freelancer,,03-Industry-Segment/best-ai-design-agent-for-freelancer-zh.md
P2-backlog,67,03-Industry-Segment,zh,(blank),multilingual-cluster,4,1,best-ai-design-agent-for-handmade-seller,best-ai-design-agent-for-handmade-seller,手工卖家最佳 AI 设计助手——产品摄影、Etsy 列表优化与创作者品牌故事,03-Industry-Segment/best-ai-design-agent-for-handmade-seller-zh.md
P2-backlog,67,03-Industry-Segment,zh,(blank),multilingual-cluster,4,1,best-ai-design-agent-for-independent-cafe-owner,best-ai-design-agent-for-independent-cafe-owner,独立咖啡馆老板的最佳AI设计助手——季节性菜单、拉花艺术内容与社区品牌塑造,03-Industry-Segment/best-ai-design-agent-for-independent-cafe-owner-zh.md
P2-backlog,67,03-Industry-Segment,zh,(blank),multilingual-cluster,4,1,best-ai-design-agent-for-influencer-zh,best-ai-design-agent-for-influencer,,03-Industry-Segment/best-ai-design-agent-for-influencer-zh.md
P2-backlog,67,03-Industry-Segment,zh,(blank),multilingual-cluster,4,1,best-ai-design-agent-for-insurance-agent-zh,best-ai-design-agent-for-insurance-agent,保险代理人最佳AI设计助手——保单解释信息图、建立信任的视觉素材与客户教育设计,03-Industry-Segment/best-ai-design-agent-for-insurance-agent-zh.md
P2-backlog,67,03-Industry-Segment,ja,(blank),multilingual-cluster,4,1,best-ai-design-agent-for-juice-bar-owner,best-ai-design-agent-for-juice-bar-owner,【日本語】 ベスト AI デザイン Agent for Juice Bar Owners — ブランド Your Cold-Pressed Empire Without a デザインer,03-Industry-Segment/best-ai-design-agent-for-juice-bar-owner-ja.md
P2-backlog,67,03-Industry-Segment,zh,(blank),multilingual-cluster,4,1,best-ai-design-agent-for-juice-bar-owner-zh,best-ai-design-agent-for-juice-bar-owner,果汁吧老板的最佳AI设计助手：无需设计师，打造你的冷压帝国品牌,03-Industry-Segment/best-ai-design-agent-for-juice-bar-owner-zh.md
P2-backlog,67,03-Industry-Segment,zh-TW,(blank),multilingual-cluster,4,1,best-ai-design-agent-for-juice-bar-owner,best-ai-design-agent-for-juice-bar-owner,【繁體】 最佳 AI 設計 Agent for Juice Bar Owners — 品牌 Your Cold-Pressed Empire Without a 設計er,03-Industry-Segment/best-ai-design-agent-for-juice-bar-owner-zhtw.md
P2-backlog,67,03-Industry-Segment,zh,(blank),multilingual-cluster,4,1,best-ai-design-agent-for-koc-zh,best-ai-design-agent-for-koc,最佳关键意见消费者（KOC）AI 设计助手 — 真实评测视觉、UGC 风格内容与微网红品牌塑造,03-Industry-Segment/best-ai-design-agent-for-koc-zh.md
P2-backlog,67,03-Industry-Segment,zh,(blank),multilingual-cluster,4,1,best-ai-design-agent-for-kol,best-ai-design-agent-for-kol,面向关键意见领袖（KOL）的最佳AI设计助手——赞助内容设计、媒体资料包创建与网红品牌体系,03-Industry-Segment/best-ai-design-agent-for-kol-zh.md
P2-backlog,67,03-Industry-Segment,zh,(blank),multilingual-cluster,4,1,best-ai-design-agent-for-law-firm-zh,best-ai-design-agent-for-law-firm,最佳律所AI设计助手——业务领域视觉、客户教育信息图与专业品牌体系,03-Industry-Segment/best-ai-design-agent-for-law-firm-zh.md
P2-backlog,67,03-Industry-Segment,zh,(blank),multilingual-cluster,4,1,best-ai-design-agent-for-life-coach,best-ai-design-agent-for-life-coach,最佳人生教练AI设计助手——课程发布视觉、客户转变故事与教练品牌形象,03-Industry-Segment/best-ai-design-agent-for-life-coach-zh.md
P2-backlog,67,03-Industry-Segment,zh,(blank),multilingual-cluster,4,1,best-ai-design-agent-for-lifestyle-studio,best-ai-design-agent-for-lifestyle-studio,生活方式工作室的最佳AI设计助手——策展式品牌、多课程推广与理想化社交内容,03-Industry-Segment/best-ai-design-agent-for-lifestyle-studio-zh.md
P2-backlog,67,03-Industry-Segment,zh,(blank),multilingual-cluster,4,1,best-ai-design-agent-for-local-services-zh,best-ai-design-agent-for-local-services,面向本地服务商的最佳AI设计助手——建立信任的视觉内容、前后对比图集与社区品牌塑造,03-Industry-Segment/best-ai-design-agent-for-local-services-zh.md
P2-backlog,67,03-Industry-Segment,zh,(blank),multilingual-cluster,4,1,best-ai-design-agent-for-nutritionist-zh,best-ai-design-agent-for-nutritionist,,03-Industry-Segment/best-ai-design-agent-for-nutritionist-zh.md
P2-backlog,67,03-Industry-Segment,zh,(blank),multilingual-cluster,4,1,best-ai-design-agent-for-online-seller,best-ai-design-agent-for-online-seller,面向在线卖家的最佳AI设计助手——多平台商品视觉、促销图形与转化导向的店铺设计,03-Industry-Segment/best-ai-design-agent-for-online-seller-zh.md
P2-backlog,67,03-Industry-Segment,zh,(blank),multilingual-cluster,4,1,best-ai-design-agent-for-patisserie-owner-zh,best-ai-design-agent-for-patisserie-owner,最佳AI设计助手——为法式甜点店主打造的：多層蛋糕图库、巧克力礼盒系列与法式灵感品牌设计,03-Industry-Segment/best-ai-design-agent-for-patisserie-owner-zh.md
P2-backlog,67,03-Industry-Segment,zh,(blank),multilingual-cluster,4,1,best-ai-design-agent-for-personal-trainer-zh,best-ai-design-agent-for-personal-trainer,,03-Industry-Segment/best-ai-design-agent-for-personal-trainer-zh.md
P2-backlog,67,03-Industry-Segment,ja,(blank),multilingual-cluster,4,1,best-ai-design-agent-for-physical-therapist,best-ai-design-agent-for-physical-therapist,【日本語】 ベスト AI デザイン Agent for Physical Therapists — Rehab ブランドing That Moves Patients to Action,03-Industry-Segment/best-ai-design-agent-for-physical-therapist-ja.md
P2-backlog,67,03-Industry-Segment,zh,(blank),multilingual-cluster,4,1,best-ai-design-agent-for-physical-therapist,best-ai-design-agent-for-physical-therapist,物理治疗师最佳AI设计助手——推动患者行动的康复品牌设计,03-Industry-Segment/best-ai-design-agent-for-physical-therapist-zh.md
P2-backlog,67,03-Industry-Segment,zh-TW,(blank),multilingual-cluster,4,1,best-ai-design-agent-for-physical-therapist,best-ai-design-agent-for-physical-therapist,【繁體】 最佳 AI 設計 Agent for Physical Therapists — Rehab 品牌ing That Moves Patients to Action,03-Industry-Segment/best-ai-design-agent-for-physical-therapist-zhtw.md
P2-backlog,67,03-Industry-Segment,zh,(blank),multilingual-cluster,4,1,best-ai-design-agent-for-pilates-studio-owner,best-ai-design-agent-for-pilates-studio-owner,普拉提工作室老板的最佳AI设计助手——课程表、核心床促销与极简美学品牌,03-Industry-Segment/best-ai-design-agent-for-pilates-studio-owner-zh.md
P2-backlog,67,03-Industry-Segment,zh,(blank),multilingual-cluster,4,1,best-ai-design-agent-for-podcaster-zh,best-ai-design-agent-for-podcaster,,03-Industry-Segment/best-ai-design-agent-for-podcaster-zh.md
P2-backlog,67,03-Industry-Segment,zh,(blank),multilingual-cluster,4,1,best-ai-design-agent-for-private-practitioner-zh,best-ai-design-agent-for-private-practitioner,面向私人执业者的最佳AI设计助手——患者教育、接诊表设计与临床共情品牌塑造,03-Industry-Segment/best-ai-design-agent-for-private-practitioner-zh.md
P2-backlog,67,03-Industry-Segment,zh,(blank),multilingual-cluster,4,1,best-ai-design-agent-for-real-estate-agent-zh,best-ai-design-agent-for-real-estate-agent,最佳房地产经纪人AI设计助手 — 房源宣传页、传单与开放日标牌,03-Industry-Segment/best-ai-design-agent-for-real-estate-agent-zh.md
P2-backlog,67,03-Industry-Segment,zh,(blank),multilingual-cluster,4,1,best-ai-design-agent-for-realtor-zh,best-ai-design-agent-for-realtor,,03-Industry-Segment/best-ai-design-agent-for-realtor-zh.md
P2-backlog,67,03-Industry-Segment,zh,(blank),multilingual-cluster,4,1,best-ai-design-agent-for-restaurant-owner-zh,best-ai-design-agent-for-restaurant-owner,,03-Industry-Segment/best-ai-design-agent-for-restaurant-owner-zh.md
P2-backlog,67,03-Industry-Segment,zh,(blank),multilingual-cluster,4,1,best-ai-design-agent-for-ria-advisor,best-ai-design-agent-for-ria-advisor,RIA 顾问的最佳 AI 设计代理 — 受托人教育、客户入职设计与独立品牌建设,03-Industry-Segment/best-ai-design-agent-for-ria-advisor-zh.md
P2-backlog,67,03-Industry-Segment,zh,(blank),multilingual-cluster,4,1,best-ai-design-agent-for-shopify-merchant,best-ai-design-agent-for-shopify-merchant,最佳 Shopify 商家 AI 设计助手——产品照片、横幅与邮件视觉素材,03-Industry-Segment/best-ai-design-agent-for-shopify-merchant-zh.md
P2-backlog,67,03-Industry-Segment,zh,(blank),multilingual-cluster,4,1,best-ai-design-agent-for-side-hustler-zh,best-ai-design-agent-for-side-hustler,最佳副业AI设计助手——周末创业品牌打造、产品发布视觉与增长型设计,03-Industry-Segment/best-ai-design-agent-for-side-hustler-zh.md
P2-backlog,67,03-Industry-Segment,zh,(blank),multilingual-cluster,4,1,best-ai-design-agent-for-skin-clinic-owner,best-ai-design-agent-for-skin-clinic-owner,皮肤科诊所老板的最佳AI设计助手——治疗方案菜单、皮肤状况科普与临床奢华品牌塑造,03-Industry-Segment/best-ai-design-agent-for-skin-clinic-owner-zh.md
P2-backlog,67,03-Industry-Segment,zh,(blank),multilingual-cluster,4,1,best-ai-design-agent-for-solo-practitioner,best-ai-design-agent-for-solo-practitioner,最佳AI设计助手——独立执业者服务菜单、个人品牌形象与客户教育设计,03-Industry-Segment/best-ai-design-agent-for-solo-practitioner-zh.md
P2-backlog,67,03-Industry-Segment,zh,(blank),multilingual-cluster,4,1,best-ai-design-agent-for-solopreneur,best-ai-design-agent-for-solopreneur,最佳独立创业者AI设计助手——一人企业品牌塑造、方案设计与客户就绪视觉,03-Industry-Segment/best-ai-design-agent-for-solopreneur-zh.md
P2-backlog,67,03-Industry-Segment,zh,(blank),multilingual-cluster,4,1,best-ai-design-agent-for-streamer,best-ai-design-agent-for-streamer,最佳主播AI设计助手 — 直播界面设计、提醒图形与频道品牌形象,03-Industry-Segment/best-ai-design-agent-for-streamer-zh.md
P2-backlog,67,03-Industry-Segment,zh,(blank),multilingual-cluster,4,1,best-ai-design-agent-for-vegan-restaurant-owner-zh,best-ai-design-agent-for-vegan-restaurant-owner,,03-Industry-Segment/best-ai-design-agent-for-vegan-restaurant-owner-zh.md
P2-backlog,67,03-Industry-Segment,zh,(blank),multilingual-cluster,4,1,best-ai-design-agent-for-vlogger-zh,best-ai-design-agent-for-vlogger,最适合Vloggers的AI设计助手——批量生成缩略图、频道品牌与B-Roll视觉素材,03-Industry-Segment/best-ai-design-agent-for-vlogger-zh.md
P2-backlog,67,03-Industry-Segment,zh,(blank),multilingual-cluster,4,1,best-ai-design-agent-for-wellness-studio-zh,best-ai-design-agent-for-wellness-studio,最佳AI设计助手：健康工作室的全方位品牌打造、工作坊海报与正念视觉,03-Industry-Segment/best-ai-design-agent-for-wellness-studio-zh.md
P2-backlog,67,03-Industry-Segment,ja,(blank),multilingual-cluster,4,1,best-ai-design-agent-for-wine-bar-owner,best-ai-design-agent-for-wine-bar-owner,【日本語】 ベスト AI デザイン Agent for Wine Bar Owners — Uncork Sophisticated ブランドing on a Bottle Budget,03-Industry-Segment/best-ai-design-agent-for-wine-bar-owner-ja.md
P2-backlog,67,03-Industry-Segment,zh,(blank),multilingual-cluster,4,1,best-ai-design-agent-for-wine-bar-owner-zh,best-ai-design-agent-for-wine-bar-owner,最佳AI设计助手：为酒吧老板打造高性价比的精致品牌形象,03-Industry-Segment/best-ai-design-agent-for-wine-bar-owner-zh.md
P2-backlog,67,03-Industry-Segment,zh-TW,(blank),multilingual-cluster,4,1,best-ai-design-agent-for-wine-bar-owner,best-ai-design-agent-for-wine-bar-owner,【繁體】 最佳 AI 設計 Agent for Wine Bar Owners — Uncork Sophisticated 品牌ing on a Bottle Budget,03-Industry-Segment/best-ai-design-agent-for-wine-bar-owner-zhtw.md
P2-backlog,67,04-Career,en,(blank),multilingual-cluster,4,1,03-career-chatcanvas-client-review,03-career-chatcanvas-client-review,Presenting Designs: How to Use ChatCanvas for Client Reviews That Get Approved Faster,04-Career/03-career-chatcanvas-client-review.md
P2-backlog,67,05-Insight-Trend,en,(blank),multilingual-cluster,2,1,01-insight-2027-ai-design-year-review,01-insight-2027-ai-design-year-review,2027 AI Design Year in Review: The Year Design Went Agentic,05-Insight-Trend/01-insight-2027-ai-design-year-review.md
P2-backlog,67,05-Insight-Trend,en,(blank),multilingual-cluster,2,1,01-insight-2027-content-year-summary,01-insight-2027-content-year-summary,Lovart 2027: A Year in Content & Community — The Full Recap,05-Insight-Trend/01-insight-2027-content-year-summary.md
P2-backlog,67,05-Insight-Trend,en,(blank),single,1,1,01-insight-ai-design-2028-predictions,01-insight-ai-design-2028-predictions,AI Design 2028: 5 Predictions from the Lovart Team,05-Insight-Trend/01-insight-ai-design-2028-predictions.md
P2-backlog,67,05-Insight-Trend,en,(blank),single,1,1,02-insight-ai-design-2028-predictions,02-insight-ai-design-2028-predictions,AI Design 2028: Predictions from the Lovart Team,05-Insight-Trend/02-insight-ai-design-2028-predictions.md
P2-backlog,67,05-Insight-Trend,en,(blank),multilingual-cluster,4,1,ai-design-competitor-landscape-2027,ai-design-competitor-landscape-2027,AI Design Competitor Landscape 2027 — Who's Winning and Why,05-Insight-Trend/ai-design-competitor-landscape-2027.md
P2-backlog,67,05-Insight-Trend,en,(blank),multilingual-cluster,4,1,brand-kit-farmer-market-lovart,brand-kit-farmer-market-lovart,,05-Insight-Trend/brand-kit-farmer-market-lovart.md
P2-backlog,67,05-Insight-Trend,en,(blank),multilingual-cluster,4,1,brand-kit-food-market-lovart,brand-kit-food-market-lovart,,05-Insight-Trend/brand-kit-food-market-lovart.md
P2-backlog,67,05-Insight-Trend,en,(blank),multilingual-cluster,4,1,japan-market-ai-design-localization-lessons,japan-market-ai-design-localization-lessons,Japan Market AI Design — Localization Lessons from 20% CTR Growth,05-Insight-Trend/japan-market-ai-design-localization-lessons.md
P2-backlog,67,07-Seasonal,en,(blank),multilingual-cluster,4,1,back-to-school-student-ai-toolkit-2026,back-to-school-student-ai-toolkit-2026,"Back-to-School AI Design Toolkit — Posters, Presentations & Projects for Students",07-Seasonal/back-to-school-student-ai-toolkit-2026.md
P2-backlog,67,09-Better-Design,ja,(blank),multilingual-cluster,4,1,02-cluster-color-theory-ai-ja,02-cluster-color-theory-ai,Color Theory Meets AI: How Lovart Builds Palettes That Actually Work,09-Better-Design/02-cluster-color-theory-ai-ja.md
P2-backlog,67,09-Better-Design,zh,(blank),multilingual-cluster,4,1,02-cluster-color-theory-ai-zh,02-cluster-color-theory-ai,色彩理论与AI的融合：Lovart如何构建真正有效的调色板,09-Better-Design/02-cluster-color-theory-ai-zh.md
P2-backlog,67,09-Better-Design,zh-TW,(blank),multilingual-cluster,4,1,02-cluster-color-theory-ai-zhtw,02-cluster-color-theory-ai,Color Theory Meets AI: How Lovart Builds Palettes That Actually Work,09-Better-Design/02-cluster-color-theory-ai-zhtw.md
P2-backlog,67,09-Better-Design,ja,(blank),multilingual-cluster,4,1,03-cluster-color-psychology-ai-design-ja,03-cluster-color-psychology-ai-design,Color Psychology in AI Design: Choosing the Right Palette for Your Brand,09-Better-Design/03-cluster-color-psychology-ai-design-ja.md
P2-backlog,67,09-Better-Design,zh-TW,(blank),multilingual-cluster,4,1,03-cluster-color-psychology-ai-design-zhtw,03-cluster-color-psychology-ai-design,Color Psychology in AI Design: Choosing the Right Palette for Your Brand,09-Better-Design/03-cluster-color-psychology-ai-design-zhtw.md
P2-backlog,67,09-Better-Design,ja,(blank),multilingual-cluster,2,1,perfect-imperfection-add-grain-noise-natural-ai,perfect-imperfection-add-grain-noise-natural-ai,【日本語】 Perfect Imperfection — Adding Grain and Noise to Make AI Art Look More Natural,09-Better-Design/21-perfect-imperfection-add-grain-noise-natural-ai-ja.md
P2-backlog,67,09-Better-Design,zh-TW,(blank),multilingual-cluster,2,1,perfect-imperfection-add-grain-noise-natural-ai,perfect-imperfection-add-grain-noise-natural-ai,【繁體】 Perfect Imperfection — Adding Grain and Noise to Make AI Art Look More Natural,09-Better-Design/21-perfect-imperfection-add-grain-noise-natural-ai-zhtw.md
P2-backlog,67,09-Better-Design,ja,(blank),multilingual-cluster,2,1,visual-storytelling-carousel-post-images-flow-together,visual-storytelling-carousel-post-images-flow-together,【日本語】 Visual Storytelling — Creating a Carousel Post Where Images Seamlessly Flow Together,09-Better-Design/29-visual-storytelling-carousel-post-images-flow-together-ja.md
P2-backlog,67,09-Better-Design,zh-TW,(blank),multilingual-cluster,2,1,visual-storytelling-carousel-post-images-flow-together,visual-storytelling-carousel-post-images-flow-together,【繁體】 Visual Storytelling — Creating a Carousel Post Where Images Seamlessly Flow Together,09-Better-Design/29-visual-storytelling-carousel-post-images-flow-together-zhtw.md
P2-backlog,67,09-Better-Design,ja,(blank),multilingual-cluster,3,1,aesthetic-feeds-minimalist-retro-theme-ai,aesthetic-feeds-minimalist-retro-theme-ai,【日本語】 Aesthetic Feeds — How AI Helps You Maintain a Minimalist or Retro Theme,09-Better-Design/30-aesthetic-feeds-minimalist-retro-theme-ai-ja.md
P2-backlog,67,09-Better-Design,zh,(blank),multilingual-cluster,3,1,aesthetic-feeds-minimalist-retro-theme-ai,aesthetic-feeds-minimalist-retro-theme-ai,审美信息流 — AI如何助你维持极简或复古主题,09-Better-Design/30-aesthetic-feeds-minimalist-retro-theme-ai-zh.md
P2-backlog,67,09-Better-Design,zh-TW,(blank),multilingual-cluster,3,1,aesthetic-feeds-minimalist-retro-theme-ai,aesthetic-feeds-minimalist-retro-theme-ai,【繁體】 Aesthetic Feeds — How AI Helps You Maintain a Minimalist or Retro Theme,09-Better-Design/30-aesthetic-feeds-minimalist-retro-theme-ai-zhtw.md
P2-backlog,67,09-Better-Design,ja,(blank),multilingual-cluster,2,1,in-situ-marketing-product-in-use-ai-photos,in-situ-marketing-product-in-use-ai-photos,【日本語】 In-Situ マーケティング — Why Customers Need to See Your Product in Use (and How AI Makes It Easy),09-Better-Design/33-in-situ-marketing-product-in-use-ai-photos-ja.md
P2-backlog,67,09-Better-Design,zh,(blank),multilingual-cluster,2,1,33-in-situ-marketing-product-in-use-ai-photos-zh,33-in-situ-marketing-product-in-use-ai-photos,场景化营销——为何顾客需要看到产品被使用（以及AI如何轻松实现）,09-Better-Design/33-in-situ-marketing-product-in-use-ai-photos-zh.md
P2-backlog,67,09-Better-Design,zh-TW,(blank),multilingual-cluster,2,1,in-situ-marketing-product-in-use-ai-photos,in-situ-marketing-product-in-use-ai-photos,【繁體】 In-Situ 行銷 — Why Customers Need to See Your Product in Use (and How AI Makes It Easy),09-Better-Design/33-in-situ-marketing-product-in-use-ai-photos-zhtw.md
P2-backlog,67,09-Better-Design,ja,(blank),multilingual-cluster,4,1,psychology-of-ai-design-why-some-images-convert,psychology-of-ai-design-why-some-images-convert,【日本語】 The Psychology of AI デザイン — Why Some Images Convert and Others Don't,09-Better-Design/psychology-of-ai-design-why-some-images-convert-ja.md
P2-backlog,67,09-Better-Design,zh-TW,(blank),multilingual-cluster,4,1,psychology-of-ai-design-why-some-images-convert,psychology-of-ai-design-why-some-images-convert,【繁體】 The Psychology of AI 設計 — Why Some Images Convert and Others Don't,09-Better-Design/psychology-of-ai-design-why-some-images-convert-zhtw.md
P2-backlog,67,09-Better-Design,ja,(blank),multilingual-cluster,4,1,style-picker-borrow-professional-aesthetics-ai,style-picker-borrow-professional-aesthetics-ai,【日本語】 The Style Picker — 方法 Borrow Professional Aesthetics Without Knowing デザイン Theory,09-Better-Design/style-picker-borrow-professional-aesthetics-ai-ja.md
P2-backlog,67,09-Better-Design,zh-TW,(blank),multilingual-cluster,4,1,style-picker-borrow-professional-aesthetics-ai,style-picker-borrow-professional-aesthetics-ai,【繁體】 The Style Picker — 如何 Borrow Professional Aesthetics Without Knowing 設計 Theory,09-Better-Design/style-picker-borrow-professional-aesthetics-ai-zhtw.md
P2-backlog,65,03-Industry-Segment,ja,(blank),multilingual-cluster,3,1,healthcare-marketing-design-hipaa-aware-visuals-2027,healthcare-marketing-design-hipaa-aware-visuals-2027,【日本語】 Healthcare マーケティング デザイン: Creating HIPAA-Aware Visuals That Build Patient Trust,03-Industry-Segment/01-industry-healthcare-hipaa-marketing-ja.md
P2-backlog,65,03-Industry-Segment,zh,(blank),multilingual-cluster,3,1,healthcare-marketing-design-hipaa-aware-visuals-2027,healthcare-marketing-design-hipaa-aware-visuals-2027,医疗营销设计：打造符合HIPAA规范、建立患者信任的视觉内容,03-Industry-Segment/01-industry-healthcare-hipaa-marketing-zh.md
P2-backlog,65,03-Industry-Segment,zh-TW,(blank),multilingual-cluster,3,1,healthcare-marketing-design-hipaa-aware-visuals-2027,healthcare-marketing-design-hipaa-aware-visuals-2027,【繁體】 Healthcare 行銷 設計: Creating HIPAA-Aware Visuals That Build Patient Trust,03-Industry-Segment/01-industry-healthcare-hipaa-marketing-zhtw.md
P2-backlog,65,03-Industry-Segment,ja,(blank),multilingual-cluster,3,1,law-firm-branding-trust-authority-design-2027,law-firm-branding-trust-authority-design-2027,"【日本語】 Law Firm ブランドing: Building Trust, Authority, and Professionalism Through デザイン",03-Industry-Segment/01-industry-law-firm-branding-ja.md
P2-backlog,65,03-Industry-Segment,zh-TW,(blank),multilingual-cluster,3,1,law-firm-branding-trust-authority-design-2027,law-firm-branding-trust-authority-design-2027,"【繁體】 Law Firm 品牌ing: Building Trust, Authority, and Professionalism Through 設計",03-Industry-Segment/01-industry-law-firm-branding-zhtw.md
P2-backlog,65,03-Industry-Segment,ja,(blank),multilingual-cluster,3,1,spa-wellness-branding-calming-visual-strategy-2027,spa-wellness-branding-calming-visual-strategy-2027,【日本語】 Spa & Wellness ブランドing: A Calming Visual 戦略 for 2027,03-Industry-Segment/01-industry-spa-wellness-branding-ja.md
P2-backlog,65,03-Industry-Segment,zh-TW,(blank),multilingual-cluster,3,1,spa-wellness-branding-calming-visual-strategy-2027,spa-wellness-branding-calming-visual-strategy-2027,【繁體】 Spa & Wellness 品牌ing: A Calming Visual 策略 for 2027,03-Industry-Segment/01-industry-spa-wellness-branding-zhtw.md
P2-backlog,65,03-Industry-Segment,ja,(blank),multilingual-cluster,3,1,legal-marketing-design-ethical-visuals-2027,legal-marketing-design-ethical-visuals-2027,【日本語】 Legal マーケティング デザイン: Ethical Visual Strategies for Attorneys in 2027,03-Industry-Segment/02-industry-legal-marketing-design-ja.md
P2-backlog,65,03-Industry-Segment,zh,(blank),multilingual-cluster,3,1,legal-marketing-design-ethical-visuals-2027,legal-marketing-design-ethical-visuals-2027,法律营销设计：2027年律师的伦理视觉策略,03-Industry-Segment/02-industry-legal-marketing-design-zh.md
P2-backlog,65,03-Industry-Segment,zh-TW,(blank),multilingual-cluster,3,1,legal-marketing-design-ethical-visuals-2027,legal-marketing-design-ethical-visuals-2027,【繁體】 Legal 行銷 設計: Ethical Visual Strategies for Attorneys in 2027,03-Industry-Segment/02-industry-legal-marketing-design-zhtw.md
P2-backlog,65,03-Industry-Segment,ja,(blank),multilingual-cluster,4,1,02-industry-open-house-marketing-ja,02-industry-open-house-marketing,Open House Marketing Kit with AI: Everything You Need to Pack the House,03-Industry-Segment/02-industry-open-house-marketing-ja.md
P2-backlog,65,03-Industry-Segment,zh,(blank),multilingual-cluster,4,1,02-industry-open-house-marketing-zh,02-industry-open-house-marketing,AI驱动的开放日营销工具包：吸引人潮所需的一切,03-Industry-Segment/02-industry-open-house-marketing-zh.md
P2-backlog,65,03-Industry-Segment,zh-TW,(blank),multilingual-cluster,4,1,02-industry-open-house-marketing-zhtw,02-industry-open-house-marketing,Open House Marketing Kit with AI: Everything You Need to Pack the House,03-Industry-Segment/02-industry-open-house-marketing-zhtw.md
P2-backlog,65,03-Industry-Segment,ja,(blank),multilingual-cluster,4,1,02-industry-product-screenshot-beautification-ja,02-industry-product-screenshot-beautification,Product Screenshot Beautification: Making Your UI Shine in App Stores and Marketing,03-Industry-Segment/02-industry-product-screenshot-beautification-ja.md
P2-backlog,65,03-Industry-Segment,zh-TW,(blank),multilingual-cluster,4,1,02-industry-product-screenshot-beautification-zhtw,02-industry-product-screenshot-beautification,Product Screenshot Beautification: Making Your UI Shine in App Stores and Marketing,03-Industry-Segment/02-industry-product-screenshot-beautification-zhtw.md
P2-backlog,65,03-Industry-Segment,ja,(blank),multilingual-cluster,3,1,dental-clinic-branding-trust-design-2027,dental-clinic-branding-trust-design-2027,【日本語】 Dental Clinic ブランドing: Building Patient Trust Through Strategic Visual デザイン,03-Industry-Segment/03-industry-dental-clinic-branding-ja.md
P2-backlog,65,03-Industry-Segment,zh-TW,(blank),multilingual-cluster,3,1,dental-clinic-branding-trust-design-2027,dental-clinic-branding-trust-design-2027,【繁體】 Dental Clinic 品牌ing: Building Patient Trust Through Strategic Visual 設計,03-Industry-Segment/03-industry-dental-clinic-branding-zhtw.md
P2-backlog,65,03-Industry-Segment,ja,(blank),multilingual-cluster,4,1,ai-design-for-comedians-entertainers,ai-design-for-comedians-entertainers,"【日本語】 AI デザイン for Comedians & Entertainers — Show Posters, Clips & Personal ブランド",03-Industry-Segment/ai-design-for-comedians-entertainers-ja.md
P2-backlog,65,03-Industry-Segment,zh-TW,(blank),multilingual-cluster,4,1,ai-design-for-comedians-entertainers,ai-design-for-comedians-entertainers,"【繁體】 AI 設計 for Comedians & Entertainers — Show Posters, Clips & Personal 品牌",03-Industry-Segment/ai-design-for-comedians-entertainers-zhtw.md
P2-backlog,65,03-Industry-Segment,ja,(blank),multilingual-cluster,4,1,ai-design-for-linkedin-personal-branding,ai-design-for-linkedin-personal-branding,【日本語】 AI デザイン for LinkedIn Personal ブランドing — Stand Out in the Feed,03-Industry-Segment/ai-design-for-linkedin-personal-branding-ja.md
P2-backlog,65,03-Industry-Segment,zh-TW,(blank),multilingual-cluster,4,1,ai-design-for-linkedin-personal-branding,ai-design-for-linkedin-personal-branding,【繁體】 AI 設計 for LinkedIn Personal 品牌ing — Stand Out in the Feed,03-Industry-Segment/ai-design-for-linkedin-personal-branding-zhtw.md
P2-backlog,65,03-Industry-Segment,ja,(blank),multilingual-cluster,4,1,ai-design-for-newsletters-email-marketing,ai-design-for-newsletters-email-marketing,"【日本語】 AI デザイン for Newsletters & Email マーケティング — Headers, GIFs & Templates",03-Industry-Segment/ai-design-for-newsletters-email-marketing-ja.md
P2-backlog,65,03-Industry-Segment,zh,(blank),multilingual-cluster,4,1,ai-design-for-newsletters-email-marketing-zh,ai-design-for-newsletters-email-marketing,AI 助力新闻通讯与邮件营销设计——页眉、GIF 与模板,03-Industry-Segment/ai-design-for-newsletters-email-marketing-zh.md
P2-backlog,65,03-Industry-Segment,zh-TW,(blank),multilingual-cluster,4,1,ai-design-for-newsletters-email-marketing,ai-design-for-newsletters-email-marketing,"【繁體】 AI 設計 for Newsletters & Email 行銷 — Headers, GIFs & Templates",03-Industry-Segment/ai-design-for-newsletters-email-marketing-zhtw.md
P2-backlog,65,03-Industry-Segment,ja,(blank),multilingual-cluster,4,1,ai-design-for-podcasters-complete-visual-kit,ai-design-for-podcasters-complete-visual-kit,【日本語】 AI デザイン for Podcasters — 完全 Visual Kit from Cover Art to Social,03-Industry-Segment/ai-design-for-podcasters-complete-visual-kit-ja.md
P2-backlog,65,03-Industry-Segment,zh-TW,(blank),multilingual-cluster,4,1,ai-design-for-podcasters-complete-visual-kit,ai-design-for-podcasters-complete-visual-kit,【繁體】 AI 設計 for Podcasters — 完整 Visual Kit from Cover Art to Social,03-Industry-Segment/ai-design-for-podcasters-complete-visual-kit-zhtw.md
P2-backlog,65,03-Industry-Segment,ja,(blank),multilingual-cluster,4,1,ai-design-for-restaurant-chains-multi-location,ai-design-for-restaurant-chains-multi-location,【日本語】 AI デザイン for Restaurant Chains — Multi-Location ブランド Consistency,03-Industry-Segment/ai-design-for-restaurant-chains-multi-location-ja.md
P2-backlog,65,03-Industry-Segment,zh-TW,(blank),multilingual-cluster,4,1,ai-design-for-restaurant-chains-multi-location,ai-design-for-restaurant-chains-multi-location,【繁體】 AI 設計 for Restaurant Chains — Multi-Location 品牌 Consistency,03-Industry-Segment/ai-design-for-restaurant-chains-multi-location-zhtw.md
P2-backlog,65,03-Industry-Segment,ja,(blank),multilingual-cluster,4,1,ai-design-for-social-media-managers-daily-workflow,ai-design-for-social-media-managers-daily-workflow,【日本語】 AI デザイン for Social Media Managers — A 完全 Daily Workflow,03-Industry-Segment/ai-design-for-social-media-managers-daily-workflow-ja.md
P2-backlog,65,03-Industry-Segment,zh,(blank),multilingual-cluster,4,1,ai-design-for-social-media-managers-daily-workflow-zh,ai-design-for-social-media-managers-daily-workflow,社交媒体经理的AI设计——完整的每日工作流程,03-Industry-Segment/ai-design-for-social-media-managers-daily-workflow-zh.md
P2-backlog,65,03-Industry-Segment,zh-TW,(blank),multilingual-cluster,4,1,ai-design-for-social-media-managers-daily-workflow,ai-design-for-social-media-managers-daily-workflow,【繁體】 AI 設計 for Social Media Managers — A 完整 Daily Workflow,03-Industry-Segment/ai-design-for-social-media-managers-daily-workflow-zhtw.md
P2-backlog,65,03-Industry-Segment,ja,(blank),multilingual-cluster,4,1,ai-design-for-tattoo-artists-studios,ai-design-for-tattoo-artists-studios,"【日本語】 AI デザイン for Tattoo Artists — Flash Sheets, Stencils & Studio ブランドing",03-Industry-Segment/ai-design-for-tattoo-artists-studios-ja.md
P2-backlog,65,03-Industry-Segment,zh-TW,(blank),multilingual-cluster,4,1,ai-design-for-tattoo-artists-studios,ai-design-for-tattoo-artists-studios,"【繁體】 AI 設計 for Tattoo Artists — Flash Sheets, Stencils & Studio 品牌ing",03-Industry-Segment/ai-design-for-tattoo-artists-studios-zhtw.md
P2-backlog,65,03-Industry-Segment,ja,(blank),multilingual-cluster,4,1,ai-design-for-tiktok-creators-viral-visuals,ai-design-for-tiktok-creators-viral-visuals,【日本語】 AI デザイン for TikTok Creators — Viral Visuals That Sトップ the Scroll,03-Industry-Segment/ai-design-for-tiktok-creators-viral-visuals-ja.md
P2-backlog,65,03-Industry-Segment,zh-TW,(blank),multilingual-cluster,4,1,ai-design-for-tiktok-creators-viral-visuals,ai-design-for-tiktok-creators-viral-visuals,【繁體】 AI 設計 for TikTok Creators — Viral Visuals That S頂級 the Scroll,03-Industry-Segment/ai-design-for-tiktok-creators-viral-visuals-zhtw.md
P2-backlog,65,03-Industry-Segment,ja,(blank),multilingual-cluster,4,1,prompting-for-repairs-words-to-fix-ai-mistakes,prompting-for-repairs-words-to-fix-ai-mistakes,【日本語】 Prompting for Repairs — What Words Actually Work When Asking AI to Fix a Mistake,03-Industry-Segment/prompting-for-repairs-words-to-fix-ai-mistakes-ja.md
P2-backlog,65,03-Industry-Segment,zh-TW,(blank),multilingual-cluster,4,1,prompting-for-repairs-words-to-fix-ai-mistakes,prompting-for-repairs-words-to-fix-ai-mistakes,【繁體】 Prompting for Repairs — What Words Actually Work When Asking AI to Fix a Mistake,03-Industry-Segment/prompting-for-repairs-words-to-fix-ai-mistakes-zhtw.md
P2-backlog,65,04-Career,en,(blank),multilingual-cluster,4,1,ai-design-certification-education-programs-2026,ai-design-certification-education-programs-2026,AI Design Certification & Education — What Programs Actually Matter in 2026,04-Career/ai-design-certification-education-programs-2026.md
P2-backlog,65,04-Career,en,(blank),multilingual-cluster,4,1,ai-designer-salary-report-2026,ai-designer-salary-report-2026,AI Designer Salary Report 2026 — How Much Do AI Design Skills Pay?,04-Career/ai-designer-salary-report-2026.md
P2-backlog,64,01-How-To,pt,draft,multilingual-cluster,6,1,01-pillar-ai-video-generation-101,01-pillar-ai-video-generation-101,Geração de Vídeo por IA 101: Guia Completo para Criar Vídeos com IA (2026),01-How-To/01-pillar-ai-video-generation-101-pt.md
P2-backlog,64,01-How-To,ru,draft,multilingual-cluster,6,1,01-pillar-ai-video-generation-101,01-pillar-ai-video-generation-101,Генерация видео с ИИ 101: полное руководство по созданию видео с помощью ИИ (2026),01-How-To/01-pillar-ai-video-generation-101-ru.md
P2-backlog,63,01-How-To,ja,(blank),multilingual-cluster,4,1,01-cluster-image-to-video-ja,01-cluster-image-to-video,Image to Video Tutorial: Transform Static Photos into Cinematic Motion,01-How-To/01-cluster-image-to-video-ja.md
P2-backlog,63,01-How-To,zh,(blank),multilingual-cluster,4,1,01-cluster-image-to-video-zh,01-cluster-image-to-video,图像转视频教程：将静态照片转化为电影级动态,01-How-To/01-cluster-image-to-video-zh.md
P2-backlog,63,01-How-To,zh-TW,(blank),multilingual-cluster,4,1,01-cluster-image-to-video-zhtw,01-cluster-image-to-video,Image to Video Tutorial: Transform Static Photos into Cinematic Motion,01-How-To/01-cluster-image-to-video-zhtw.md
P2-backlog,63,01-How-To,zh,(blank),multilingual-cluster,4,1,01-cluster-pinterest-pin-design-zh,01-cluster-pinterest-pin-design,Pinterest Pin 设计：如何用 AI 打造令人驻足的神图,01-How-To/01-cluster-pinterest-pin-design-zh.md
P2-backlog,63,01-How-To,zh,(blank),multilingual-cluster,2,1,01-cluster-twitter-image-design-zh,01-cluster-twitter-image-design,Twitter 图片设计完全指南：尺寸、技巧与 AI 捷径,01-How-To/01-cluster-twitter-image-design-zh.md
P2-backlog,63,01-How-To,zh,(blank),multilingual-cluster,2,1,01-content-refresh-pillar-1-2-zh,01-content-refresh-pillar-1-2,内容更新：我们的 AI 视频与品牌支柱页面已更新至 2027 版,01-How-To/01-content-refresh-pillar-1-2-zh.md
P2-backlog,63,01-How-To,zh,(blank),multilingual-cluster,3,1,scaling-design-agency-ai-5-to-50-clients-2027,scaling-design-agency-ai-5-to-50-clients-2027,用AI扩展你的设计机构：从5个客户到50个客户，无需增加人手,01-How-To/01-enterprise-scaling-agency-ai-zh.md
P2-backlog,63,01-How-To,ja,(blank),multilingual-cluster,4,1,02-cluster-ai-shorts-generator-ja,02-cluster-ai-shorts-generator,AI Shorts Generator: Create Viral Short-Form Videos in Minutes,01-How-To/02-cluster-ai-shorts-generator-ja.md
P2-backlog,63,01-How-To,zh,(blank),multilingual-cluster,4,1,02-cluster-ai-shorts-generator-zh,02-cluster-ai-shorts-generator,AI短视频生成器：几分钟内打造病毒式短视频,01-How-To/02-cluster-ai-shorts-generator-zh.md
P2-backlog,63,01-How-To,zh-TW,(blank),multilingual-cluster,4,1,02-cluster-ai-shorts-generator-zhtw,02-cluster-ai-shorts-generator,AI Shorts Generator: Create Viral Short-Form Videos in Minutes,01-How-To/02-cluster-ai-shorts-generator-zhtw.md
P2-backlog,63,01-How-To,zh,(blank),multilingual-cluster,2,1,02-cluster-discord-community-design-zh,02-cluster-discord-community-design,Discord 社区设计：打造高参与度的横幅、图标与视觉元素,01-How-To/02-cluster-discord-community-design-zh.md
P2-backlog,63,01-How-To,zh,(blank),multilingual-cluster,4,1,02-cluster-instagram-carousel-zh,02-cluster-instagram-carousel,Instagram轮播图设计：如何利用AI创建让人停下滑动的幻灯片组,01-How-To/02-cluster-instagram-carousel-zh.md
P2-backlog,63,01-How-To,zh,(blank),multilingual-cluster,4,1,02-cluster-product-videos-ai-zh,02-cluster-product-videos-ai,如何使用AI创建产品视频：分步指南,01-How-To/02-cluster-product-videos-ai-zh.md
P2-backlog,63,01-How-To,zh,(blank),multilingual-cluster,3,1,content-refresh-ecommerce-social-pillars-2027,content-refresh-ecommerce-social-pillars-2027,内容更新：我们的电商与社交媒体支柱页面已更新至2027版,01-How-To/02-content-refresh-pillar-3-4-zh.md
P2-backlog,63,01-How-To,zh,(blank),multilingual-cluster,4,1,02-pillar-social-media-design-zh,02-pillar-social-media-design,社交媒体设计AI：多平台视觉策略完全指南,01-How-To/02-pillar-social-media-design-zh.md
P2-backlog,63,01-How-To,ja,(blank),multilingual-cluster,4,1,03-cluster-ai-lip-sync-ja,03-cluster-ai-lip-sync,AI Lip Sync Tutorial: Make Any Character Speak Naturally,01-How-To/03-cluster-ai-lip-sync-ja.md
P2-backlog,63,01-How-To,zh,(blank),multilingual-cluster,4,1,03-cluster-ai-lip-sync-zh,03-cluster-ai-lip-sync,AI 唇形同步教程：让任何角色自然说话,01-How-To/03-cluster-ai-lip-sync-zh.md
P2-backlog,63,01-How-To,zh-TW,(blank),multilingual-cluster,4,1,03-cluster-ai-lip-sync-zhtw,03-cluster-ai-lip-sync,AI Lip Sync Tutorial: Make Any Character Speak Naturally,01-How-To/03-cluster-ai-lip-sync-zhtw.md
P2-backlog,63,01-How-To,zh,(blank),multilingual-cluster,4,1,03-cluster-character-consistency-zh,03-cluster-character-consistency,AI 设计中最难的问题：跨代角色一致性,01-How-To/03-cluster-character-consistency-zh.md
P2-backlog,63,01-How-To,ja,(blank),multilingual-cluster,4,1,03-cluster-cinematic-camera-control-ja,03-cluster-cinematic-camera-control,Cinematic Camera Control: Direct AI Video Like a Filmmaker,01-How-To/03-cluster-cinematic-camera-control-ja.md
P2-backlog,63,01-How-To,zh,(blank),multilingual-cluster,4,1,03-cluster-cinematic-camera-control-zh,03-cluster-cinematic-camera-control,电影级镜头控制：像导演一样指挥AI视频,01-How-To/03-cluster-cinematic-camera-control-zh.md
P2-backlog,63,01-How-To,zh-TW,(blank),multilingual-cluster,4,1,03-cluster-cinematic-camera-control-zhtw,03-cluster-cinematic-camera-control,Cinematic Camera Control: Direct AI Video Like a Filmmaker,01-How-To/03-cluster-cinematic-camera-control-zhtw.md
P2-backlog,63,01-How-To,zh,(blank),multilingual-cluster,4,1,03-cluster-etsy-listing-images-zh,03-cluster-etsy-listing-images,Etsy商品图片指南：用AI生成的产品照片脱颖而出,01-How-To/03-cluster-etsy-listing-images-zh.md
P2-backlog,63,01-How-To,zh,(blank),multilingual-cluster,4,1,03-cluster-linkedin-banner-design-zh,03-cluster-linkedin-banner-design,LinkedIn 横幅设计：如何创建引人注目的专业个人资料封面,01-How-To/03-cluster-linkedin-banner-design-zh.md
P2-backlog,63,01-How-To,zh,(blank),multilingual-cluster,4,1,04-cluster-ab-testing-ad-creatives-zh,04-cluster-ab-testing-ad-creatives,AI驱动的广告素材A/B测试：电商完整指南,01-How-To/04-cluster-ab-testing-ad-creatives-zh.md
P2-backlog,63,01-How-To,zh,(blank),multilingual-cluster,4,1,06-pillar-design-templates-category-zh,06-pillar-design-templates-category,AI 设计模板：满足所有设计需求的完整分类指南,01-How-To/06-pillar-design-templates-category-zh.md
P2-backlog,63,01-How-To,zh,(blank),multilingual-cluster,4,1,10-ai-design-prompts-that-actually-work-zh,10-ai-design-prompts-that-actually-work,10 个真正有效的 AI 设计提示词——无需“杰作”或“4K”,01-How-To/10-ai-design-prompts-that-actually-work-zh.md
P2-backlog,63,01-How-To,zh,(blank),multilingual-cluster,2,1,25-meet-nano-bot-consistent-ai-mascot-blog-zh,25-meet-nano-bot-consistent-ai-mascot-blog,认识Nano-Bot——我们如何为博客打造一个一致的AI吉祥物,01-How-To/25-meet-nano-bot-consistent-ai-mascot-blog-zh.md
P2-backlog,63,01-How-To,zh,(blank),multilingual-cluster,2,1,26-storyboarding-consistent-character-video-script-ai-zh,26-storyboarding-consistent-character-video-script-ai,用AI制作分镜脚本——利用一致角色勾勒视频大纲,01-How-To/26-storyboarding-consistent-character-video-script-ai-zh.md
P2-backlog,63,01-How-To,zh,(blank),multilingual-cluster,2,1,34-merch-drop-print-ai-art-hoodies-no-white-box-zh,34-merch-drop-print-ai-art-hoodies-no-white-box,商品发布 — 在卫衣上打印AI艺术，告别白色背景框,01-How-To/34-merch-drop-print-ai-art-hoodies-no-white-box-zh.md
P2-backlog,63,01-How-To,ja,(blank),multilingual-cluster,4,1,ab-testing-designs-generating-variations-ai,ab-testing-designs-generating-variations-ai,【日本語】 A/B Testing デザインs — Generating 4 Variations of One Ad to See Which Wins,01-How-To/ab-testing-designs-generating-variations-ai-ja.md
P2-backlog,63,01-How-To,zh,(blank),multilingual-cluster,4,1,ab-testing-designs-generating-variations-ai-zh,ab-testing-designs-generating-variations-ai,,01-How-To/ab-testing-designs-generating-variations-ai-zh.md
P2-backlog,63,01-How-To,zh-TW,(blank),multilingual-cluster,4,1,ab-testing-designs-generating-variations-ai,ab-testing-designs-generating-variations-ai,【繁體】 A/B Testing 設計s — Generating 4 Variations of One Ad to See Which Wins,01-How-To/ab-testing-designs-generating-variations-ai-zhtw.md
P2-backlog,63,01-How-To,ja,(blank),multilingual-cluster,4,1,b39-ai-design-tools-faq-bing-ja,b39-ai-design-tools-faq-bing,,01-How-To/b39-ai-design-tools-faq-bing-ja.md
P2-backlog,63,01-How-To,zh,(blank),multilingual-cluster,4,1,b39-ai-design-tools-faq-bing-zh,b39-ai-design-tools-faq-bing,,01-How-To/b39-ai-design-tools-faq-bing-zh.md
P2-backlog,63,01-How-To,zh-TW,(blank),multilingual-cluster,4,1,b39-ai-design-tools-faq-bing-zhtw,b39-ai-design-tools-faq-bing,,01-How-To/b39-ai-design-tools-faq-bing-zhtw.md
P2-backlog,63,01-How-To,ja,(blank),multilingual-cluster,4,1,b40-ai-video-generation-faq-bing-ja,b40-ai-video-generation-faq-bing,,01-How-To/b40-ai-video-generation-faq-bing-ja.md
P2-backlog,63,01-How-To,zh,(blank),multilingual-cluster,4,1,b40-ai-video-generation-faq-bing-zh,b40-ai-video-generation-faq-bing,,01-How-To/b40-ai-video-generation-faq-bing-zh.md
P2-backlog,63,01-How-To,zh-TW,(blank),multilingual-cluster,4,1,b40-ai-video-generation-faq-bing-zhtw,b40-ai-video-generation-faq-bing,,01-How-To/b40-ai-video-generation-faq-bing-zhtw.md
P2-backlog,63,01-How-To,ja,(blank),multilingual-cluster,4,1,b41-ai-image-generation-faq-bing-ja,b41-ai-image-generation-faq-bing,,01-How-To/b41-ai-image-generation-faq-bing-ja.md
P2-backlog,63,01-How-To,zh,(blank),multilingual-cluster,4,1,b41-ai-image-generation-faq-bing-zh,b41-ai-image-generation-faq-bing,,01-How-To/b41-ai-image-generation-faq-bing-zh.md
P2-backlog,63,01-How-To,zh-TW,(blank),multilingual-cluster,4,1,b41-ai-image-generation-faq-bing-zhtw,b41-ai-image-generation-faq-bing,,01-How-To/b41-ai-image-generation-faq-bing-zhtw.md
P2-backlog,63,01-How-To,ja,(blank),multilingual-cluster,4,1,b44-ai-design-business-faq-bing-ja,b44-ai-design-business-faq-bing,,01-How-To/b44-ai-design-business-faq-bing-ja.md
P2-backlog,63,01-How-To,zh,(blank),multilingual-cluster,4,1,b44-ai-design-business-faq-bing-zh,b44-ai-design-business-faq-bing,,01-How-To/b44-ai-design-business-faq-bing-zh.md
P2-backlog,63,01-How-To,zh-TW,(blank),multilingual-cluster,4,1,b44-ai-design-business-faq-bing-zhtw,b44-ai-design-business-faq-bing,,01-How-To/b44-ai-design-business-faq-bing-zhtw.md
P2-backlog,63,01-How-To,zh,(blank),multilingual-cluster,3,1,ai-design-ecommerce-stores,ai-design-ecommerce-stores,电商AI设计：SKU规模下视觉生产的成本真相,01-How-To/b47-ai-design-ecommerce-stores-bing-zh.md
P2-backlog,63,01-How-To,zh,(blank),multilingual-cluster,3,1,ai-design-agencies,ai-design-agencies,面向代理机构的AI设计：在压缩市场中实现利润复苏,01-How-To/b48-ai-design-agencies-bing-zh.md
P2-backlog,63,01-How-To,zh,(blank),multilingual-cluster,3,1,ai-design-real-estate,ai-design-real-estate,房地产AI设计：当房源营销实现当日完成时会发生什么,01-How-To/b49-ai-design-real-estate-bing-zh.md
P2-backlog,63,01-How-To,zh,(blank),multilingual-cluster,3,1,ai-design-restaurants,ai-design-restaurants,餐厅AI设计：当菜单更新需要10天而利润率只有5%,01-How-To/b50-ai-design-restaurants-bing-zh.md
P2-backlog,63,01-How-To,zh,(blank),multilingual-cluster,3,1,ai-design-education,ai-design-education,AI设计赋能教育：教师每年花在设计上的205小时,01-How-To/b51-ai-design-education-bing-zh.md
P2-backlog,63,01-How-To,zh,(blank),multilingual-cluster,3,1,ai-design-enterprise-teams,ai-design-enterprise-teams,"企业级AI设计：当12,000名员工需要符合品牌规范的创意",01-How-To/b52-ai-design-enterprise-teams-bing-zh.md
P2-backlog,63,01-How-To,ja,(blank),multilingual-cluster,4,1,content-health-score-framework-ai-design-blogs,content-health-score-framework-ai-design-blogs,【日本語】 コンテンツ Health Score Framework — 方法 Audit Your AI デザイン Blog's SEO Performance,01-How-To/content-health-score-framework-ai-design-blogs-ja.md
P2-backlog,63,01-How-To,zh,(blank),multilingual-cluster,4,1,content-health-score-framework-ai-design-blogs-zh,content-health-score-framework-ai-design-blogs,内容健康度评分框架——如何审计你的AI设计博客SEO表现,01-How-To/content-health-score-framework-ai-design-blogs-zh.md
P2-backlog,63,01-How-To,zh-TW,(blank),multilingual-cluster,4,1,content-health-score-framework-ai-design-blogs,content-health-score-framework-ai-design-blogs,【繁體】 內容 Health Score Framework — 如何 Audit Your AI 設計 Blog's SEO Performance,01-How-To/content-health-score-framework-ai-design-blogs-zhtw.md
P2-backlog,63,01-How-To,ja,(blank),multilingual-cluster,4,1,global-expansion-translate-campaign-poster-ai,global-expansion-translate-campaign-poster-ai,【日本語】 Global Expansion — Translating a Campaign Poster into 5 Languages in Seconds,01-How-To/global-expansion-translate-campaign-poster-ai-ja.md
P2-backlog,63,01-How-To,zh,(blank),multilingual-cluster,4,1,global-expansion-translate-campaign-poster-ai,global-expansion-translate-campaign-poster-ai,全球扩张——几秒内将活动海报翻译成5种语言,01-How-To/global-expansion-translate-campaign-poster-ai-zh.md
P2-backlog,63,01-How-To,zh-TW,(blank),multilingual-cluster,4,1,global-expansion-translate-campaign-poster-ai,global-expansion-translate-campaign-poster-ai,【繁體】 Global Expansion — Translating a Campaign Poster into 5 Languages in Seconds,01-How-To/global-expansion-translate-campaign-poster-ai-zhtw.md
P2-backlog,63,01-How-To,zh,(blank),multilingual-cluster,4,1,hyper-personalization-posters-niche-audiences-ai,hyper-personalization-posters-niche-audiences-ai,超个性化——打造直击小众受众内心的海报,01-How-To/hyper-personalization-posters-niche-audiences-ai-zh.md
P2-backlog,63,01-How-To,ja,(blank),multilingual-cluster,4,1,multi-language-roi-framework-ai-design-content,multi-language-roi-framework-ai-design-content,【日本語】 Multi-Language ROI Framework — 方法 Calculate the Value of AI デザイン Translation,01-How-To/multi-language-roi-framework-ai-design-content-ja.md
P2-backlog,63,01-How-To,zh,(blank),multilingual-cluster,4,1,multi-language-roi-framework-ai-design-content-zh,multi-language-roi-framework-ai-design-content,多语言ROI框架——如何计算AI设计翻译的价值,01-How-To/multi-language-roi-framework-ai-design-content-zh.md
P2-backlog,63,01-How-To,zh-TW,(blank),multilingual-cluster,4,1,multi-language-roi-framework-ai-design-content,multi-language-roi-framework-ai-design-content,【繁體】 Multi-Language ROI Framework — 如何 Calculate the Value of AI 設計 Translation,01-How-To/multi-language-roi-framework-ai-design-content-zhtw.md
P2-backlog,63,01-How-To,zh,(blank),multilingual-cluster,4,1,remix-culture-editable-ai-assets-new-stock-photography,remix-culture-editable-ai-assets-new-stock-photography,混搭文化——为何可编辑AI资产成为新型图库摄影,01-How-To/remix-culture-editable-ai-assets-new-stock-photography-zh.md
P2-backlog,63,01-How-To,ja,(blank),multilingual-cluster,4,1,rise-of-generalist-creator-ai-design,rise-of-generalist-creator-ai-design,【日本語】 The Rise of the Generalist Creator — Why You No Longer Need a Specialist for Every Graphic,01-How-To/rise-of-generalist-creator-ai-design-ja.md
P2-backlog,63,01-How-To,zh,(blank),multilingual-cluster,4,1,rise-of-generalist-creator-ai-design,rise-of-generalist-creator-ai-design,全能创作者的崛起——为何你不再需要为每张图形请专家,01-How-To/rise-of-generalist-creator-ai-design-zh.md
P2-backlog,63,01-How-To,zh-TW,(blank),multilingual-cluster,4,1,rise-of-generalist-creator-ai-design,rise-of-generalist-creator-ai-design,【繁體】 The Rise of the Generalist Creator — Why You No Longer Need a Specialist for Every Graphic,01-How-To/rise-of-generalist-creator-ai-design-zhtw.md
P2-backlog,63,01-How-To,ja,(blank),multilingual-cluster,4,1,S13-why-your-designs-look-amateur-ja,s13-why-your-designs-look-amateur,Why Your Designs Look Amateur (and How AI Fixes These 7 Mistakes),01-How-To/S13-why-your-designs-look-amateur-ja.md
P2-backlog,63,01-How-To,zh,(blank),multilingual-cluster,4,1,S13-why-your-designs-look-amateur-zh,s13-why-your-designs-look-amateur,为什么你的设计看起来业余（以及AI如何修复这7个错误）,01-How-To/S13-why-your-designs-look-amateur-zh.md
P2-backlog,63,01-How-To,zh-TW,(blank),multilingual-cluster,4,1,S13-why-your-designs-look-amateur-zhtw,s13-why-your-designs-look-amateur,Why Your Designs Look Amateur (and How AI Fixes These 7 Mistakes),01-How-To/S13-why-your-designs-look-amateur-zhtw.md
P2-backlog,63,01-How-To,zh,(blank),multilingual-cluster,4,1,S24 - first-ai-design-3-projects-zh,s24 - first-ai-design-3-projects,你的首个AI设计：立即尝试的3个项目（零技能要求）,01-How-To/S24 - first-ai-design-3-projects-zh.md
P2-backlog,63,01-How-To,zh,(blank),multilingual-cluster,4,1,S25 - ai-design-templates-library-zh,s25 - ai-design-templates-library,AI 设计模板库：50 多种即用型设计，满足各种需求,01-How-To/S25 - ai-design-templates-library-zh.md
P2-backlog,63,01-How-To,ja,(blank),multilingual-cluster,4,1,step-by-step-ad-creatives-without-photoshop,step-by-step-ad-creatives-without-photoshop,【日本語】 A ステップバイステップ ガイド to Create Ad クリエイティブs Without Photoshop,01-How-To/step-by-step-ad-creatives-without-photoshop-ja.md
P2-backlog,63,01-How-To,zh,(blank),multilingual-cluster,4,1,step-by-step-ad-creatives-without-photoshop,step-by-step-ad-creatives-without-photoshop,无需Photoshop创建广告创意的分步指南,01-How-To/step-by-step-ad-creatives-without-photoshop-zh.md
P2-backlog,63,01-How-To,zh-TW,(blank),multilingual-cluster,4,1,step-by-step-ad-creatives-without-photoshop,step-by-step-ad-creatives-without-photoshop,【繁體】 A 逐步 指南 to Create Ad 創意s Without Photoshop,01-How-To/step-by-step-ad-creatives-without-photoshop-zhtw.md
P2-backlog,63,01-How-To,ja,(blank),multilingual-cluster,4,1,step-by-step-ai-design-replace-photoshop-25-types,step-by-step-ai-design-replace-photoshop-25-types,【日本語】 ステップバイステップ AI デザイン — Replace Photoshop for 25+ デザイン Types (Zero Experience Required),01-How-To/step-by-step-ai-design-replace-photoshop-25-types-ja.md
P2-backlog,63,01-How-To,zh,(blank),multilingual-cluster,4,1,step-by-step-ai-design-replace-photoshop-25-types,step-by-step-ai-design-replace-photoshop-25-types,分步 AI 设计 — 替代 Photoshop 完成 25+ 种设计类型（零经验要求）,01-How-To/step-by-step-ai-design-replace-photoshop-25-types-zh.md
P2-backlog,63,01-How-To,zh-TW,(blank),multilingual-cluster,4,1,step-by-step-ai-design-replace-photoshop-25-types,step-by-step-ai-design-replace-photoshop-25-types,【繁體】 逐步 AI 設計 — Replace Photoshop for 25+ 設計 Types (Zero Experience Required),01-How-To/step-by-step-ai-design-replace-photoshop-25-types-zhtw.md
P2-backlog,63,01-How-To,zh,(blank),multilingual-cluster,4,1,step-by-step-brochure-without-photoshop-zh,step-by-step-brochure-without-photoshop,无需 Photoshop 的折页手册制作指南 — 5 步搞定印刷就绪,01-How-To/step-by-step-brochure-without-photoshop-zh.md
P2-backlog,63,01-How-To,ja,(blank),multilingual-cluster,4,1,step-by-step-business-card-without-photoshop,step-by-step-business-card-without-photoshop,【日本語】 A ステップバイステップ ガイド to Create Business Cards Without Photoshop — Print-Ready,01-How-To/step-by-step-business-card-without-photoshop-ja.md
P2-backlog,63,01-How-To,zh,(blank),multilingual-cluster,4,1,step-by-step-business-card-without-photoshop,step-by-step-business-card-without-photoshop,无需Photoshop制作名片的分步指南——印刷就绪,01-How-To/step-by-step-business-card-without-photoshop-zh.md
P2-backlog,63,01-How-To,zh-TW,(blank),multilingual-cluster,4,1,step-by-step-business-card-without-photoshop,step-by-step-business-card-without-photoshop,【繁體】 A 逐步 指南 to Create Business Cards Without Photoshop — Print-Ready,01-How-To/step-by-step-business-card-without-photoshop-zhtw.md
P2-backlog,63,01-How-To,ja,(blank),multilingual-cluster,4,1,step-by-step-event-flyer-without-photoshop,step-by-step-event-flyer-without-photoshop,【日本語】 A ステップバイステップ ガイド to Create an Event Flyer Without Photoshop — From Idea to Print,01-How-To/step-by-step-event-flyer-without-photoshop-ja.md
P2-backlog,63,01-How-To,zh,(blank),multilingual-cluster,4,1,step-by-step-event-flyer-without-photoshop,step-by-step-event-flyer-without-photoshop,无需 Photoshop 创建活动传单的分步指南 — 从创意到印刷,01-How-To/step-by-step-event-flyer-without-photoshop-zh.md
P2-backlog,63,01-How-To,zh-TW,(blank),multilingual-cluster,4,1,step-by-step-event-flyer-without-photoshop,step-by-step-event-flyer-without-photoshop,【繁體】 A 逐步 指南 to Create an Event Flyer Without Photoshop — From Idea to Print,01-How-To/step-by-step-event-flyer-without-photoshop-zhtw.md
P2-backlog,63,01-How-To,ja,(blank),multilingual-cluster,4,1,step-by-step-facebook-google-ad-creatives-no-photoshop,step-by-step-facebook-google-ad-creatives-no-photoshop,【日本語】 A ステップバイステップ ガイド to Create Ad クリエイティブs Without Photoshop — Facebook & Google Ads,01-How-To/step-by-step-facebook-google-ad-creatives-no-photoshop-ja.md
P2-backlog,63,01-How-To,zh,(blank),multilingual-cluster,4,1,step-by-step-facebook-google-ad-creatives-no-photoshop,step-by-step-facebook-google-ad-creatives-no-photoshop,无需 Photoshop 的广告创意制作指南——Facebook 与 Google 广告,01-How-To/step-by-step-facebook-google-ad-creatives-no-photoshop-zh.md
P2-backlog,63,01-How-To,zh-TW,(blank),multilingual-cluster,4,1,step-by-step-facebook-google-ad-creatives-no-photoshop,step-by-step-facebook-google-ad-creatives-no-photoshop,【繁體】 A 逐步 指南 to Create Ad 創意s Without Photoshop — Facebook & Google Ads,01-How-To/step-by-step-facebook-google-ad-creatives-no-photoshop-zhtw.md
P2-backlog,63,01-How-To,ja,(blank),multilingual-cluster,4,1,step-by-step-fb-ads-without-photoshop,step-by-step-fb-ads-without-photoshop,【日本語】 ステップバイステップ Facebook Ads Without Photoshop: デザイン High-Converting クリエイティブ in 5 Steps,01-How-To/step-by-step-fb-ads-without-photoshop-ja.md
P2-backlog,63,01-How-To,zh,(blank),multilingual-cluster,4,1,step-by-step-fb-ads-without-photoshop,step-by-step-fb-ads-without-photoshop,无需 Photoshop 的 Facebook 广告分步指南：5 步设计高转化创意,01-How-To/step-by-step-fb-ads-without-photoshop-zh.md
P2-backlog,63,01-How-To,zh-TW,(blank),multilingual-cluster,4,1,step-by-step-fb-ads-without-photoshop,step-by-step-fb-ads-without-photoshop,【繁體】 逐步 Facebook Ads Without Photoshop: 設計 High-Converting 創意 in 5 Steps,01-How-To/step-by-step-fb-ads-without-photoshop-zhtw.md
P2-backlog,63,01-How-To,zh,(blank),multilingual-cluster,4,1,step-by-step-fb-post-cover-without-photoshop-zh,step-by-step-fb-post-cover-without-photoshop,,01-How-To/step-by-step-fb-post-cover-without-photoshop-zh.md
P2-backlog,63,01-How-To,ja,(blank),multilingual-cluster,4,1,step-by-step-google-ads-without-photoshop,step-by-step-google-ads-without-photoshop,【日本語】 ステップバイステップ Google Ads Without Photoshop: デザイン Display and Discovery Ad クリエイティブ,01-How-To/step-by-step-google-ads-without-photoshop-ja.md
P2-backlog,63,01-How-To,zh,(blank),multilingual-cluster,4,1,step-by-step-google-ads-without-photoshop-zh,step-by-step-google-ads-without-photoshop,,01-How-To/step-by-step-google-ads-without-photoshop-zh.md
P2-backlog,63,01-How-To,zh-TW,(blank),multilingual-cluster,4,1,step-by-step-google-ads-without-photoshop,step-by-step-google-ads-without-photoshop,【繁體】 逐步 Google Ads Without Photoshop: 設計 Display and Discovery Ad 創意,01-How-To/step-by-step-google-ads-without-photoshop-zhtw.md
P2-backlog,63,01-How-To,zh,(blank),multilingual-cluster,4,1,step-by-step-illustration-without-photoshop-zh,step-by-step-illustration-without-photoshop,,01-How-To/step-by-step-illustration-without-photoshop-zh.md
P2-backlog,63,01-How-To,ja,(blank),multilingual-cluster,4,1,step-by-step-linkedin-banner-without-photoshop,step-by-step-linkedin-banner-without-photoshop,【日本語】 ステップバイステップ LinkedIn Banner Without Photoshop: デザイン a Professional Header in 5 Steps,01-How-To/step-by-step-linkedin-banner-without-photoshop-ja.md
P2-backlog,63,01-How-To,zh,(blank),multilingual-cluster,4,1,step-by-step-linkedin-banner-without-photoshop,step-by-step-linkedin-banner-without-photoshop,无需Photoshop，一步步设计LinkedIn横幅：5步打造专业个人主页头图,01-How-To/step-by-step-linkedin-banner-without-photoshop-zh.md
P2-backlog,63,01-How-To,zh-TW,(blank),multilingual-cluster,4,1,step-by-step-linkedin-banner-without-photoshop,step-by-step-linkedin-banner-without-photoshop,【繁體】 逐步 LinkedIn Banner Without Photoshop: 設計 a Professional Header in 5 Steps,01-How-To/step-by-step-linkedin-banner-without-photoshop-zhtw.md
P2-backlog,63,01-How-To,zh,(blank),multilingual-cluster,4,1,step-by-step-menus-without-photoshop-zh,step-by-step-menus-without-photoshop,,01-How-To/step-by-step-menus-without-photoshop-zh.md
P2-backlog,63,01-How-To,ja,(blank),multilingual-cluster,4,1,step-by-step-product-mockup-without-photoshop,step-by-step-product-mockup-without-photoshop,【日本語】 A ステップバイステップ ガイド to Create a Product Mockup Without Photoshop — Realistic Displays,01-How-To/step-by-step-product-mockup-without-photoshop-ja.md
P2-backlog,63,01-How-To,zh,(blank),multilingual-cluster,4,1,step-by-step-product-mockup-without-photoshop-zh,step-by-step-product-mockup-without-photoshop,无需Photoshop的产品样机创建完全指南——逼真展示效果,01-How-To/step-by-step-product-mockup-without-photoshop-zh.md
P2-backlog,63,01-How-To,zh-TW,(blank),multilingual-cluster,4,1,step-by-step-product-mockup-without-photoshop,step-by-step-product-mockup-without-photoshop,【繁體】 A 逐步 指南 to Create a Product Mockup Without Photoshop — Realistic Displays,01-How-To/step-by-step-product-mockup-without-photoshop-zhtw.md
P2-backlog,63,01-How-To,zh,(blank),multilingual-cluster,4,1,step-by-step-table-tents-without-photoshop-zh,step-by-step-table-tents-without-photoshop,,01-How-To/step-by-step-table-tents-without-photoshop-zh.md
P2-backlog,63,01-How-To,ja,(blank),multilingual-cluster,4,1,step-by-step-tiktok-ads-without-photoshop,step-by-step-tiktok-ads-without-photoshop,【日本語】 ステップバイステップ TikTok Ads Without Photoshop: Create Viral-Ready クリエイティブ in 5 Steps,01-How-To/step-by-step-tiktok-ads-without-photoshop-ja.md
P2-backlog,63,01-How-To,zh,(blank),multilingual-cluster,4,1,step-by-step-tiktok-ads-without-photoshop,step-by-step-tiktok-ads-without-photoshop,一步步创建TikTok广告：无需Photoshop，5步打造爆款创意,01-How-To/step-by-step-tiktok-ads-without-photoshop-zh.md
P2-backlog,63,01-How-To,zh-TW,(blank),multilingual-cluster,4,1,step-by-step-tiktok-ads-without-photoshop,step-by-step-tiktok-ads-without-photoshop,【繁體】 逐步 TikTok Ads Without Photoshop: Create Viral-Ready 創意 in 5 Steps,01-How-To/step-by-step-tiktok-ads-without-photoshop-zhtw.md
P2-backlog,63,01-How-To,zh,(blank),multilingual-cluster,4,1,sustainable-ai-design-green-design-practices,sustainable-ai-design-green-design-practices,可持续AI设计——环保创作者绿色实践指南,01-How-To/sustainable-ai-design-green-design-practices-zh.md
P2-backlog,63,03-Industry-Segment,ja,(blank),multilingual-cluster,4,1,ai-design-for-architecture-firms-2026,ai-design-for-architecture-firms-2026,"【日本語】 AI デザイン for Architecture Firms — Renderings, Proposals & Client Presentations",03-Industry-Segment/ai-design-for-architecture-firms-2026-ja.md
P2-backlog,63,03-Industry-Segment,zh,(blank),multilingual-cluster,4,1,ai-design-for-architecture-firms-2026-zh,ai-design-for-architecture-firms-2026,建筑事务所的AI设计——效果图、方案与客户演示,03-Industry-Segment/ai-design-for-architecture-firms-2026-zh.md
P2-backlog,63,03-Industry-Segment,zh-TW,(blank),multilingual-cluster,4,1,ai-design-for-architecture-firms-2026,ai-design-for-architecture-firms-2026,"【繁體】 AI 設計 for Architecture Firms — Renderings, Proposals & Client Presentations",03-Industry-Segment/ai-design-for-architecture-firms-2026-zhtw.md
P2-backlog,63,03-Industry-Segment,zh,(blank),multilingual-cluster,4,1,ai-design-for-authors-writers-2026-zh,ai-design-for-authors-writers-2026,面向作家与作者的AI设计——书籍封面、社交媒体与作者品牌塑造,03-Industry-Segment/ai-design-for-authors-writers-2026-zh.md
P2-backlog,63,03-Industry-Segment,ja,(blank),multilingual-cluster,4,1,ai-design-for-healthcare-patient-materials-2026,ai-design-for-healthcare-patient-materials-2026,【日本語】 AI デザイン for Healthcare — Patient Brochures & Medical Practice ブランドing,03-Industry-Segment/ai-design-for-healthcare-patient-materials-2026-ja.md
P2-backlog,63,03-Industry-Segment,zh,(blank),multilingual-cluster,4,1,ai-design-for-healthcare-patient-materials-2026-zh,ai-design-for-healthcare-patient-materials-2026,AI 医疗设计——患者手册与医疗实践品牌建设,03-Industry-Segment/ai-design-for-healthcare-patient-materials-2026-zh.md
P2-backlog,63,03-Industry-Segment,zh-TW,(blank),multilingual-cluster,4,1,ai-design-for-healthcare-patient-materials-2026,ai-design-for-healthcare-patient-materials-2026,【繁體】 AI 設計 for Healthcare — Patient Brochures & Medical Practice 品牌ing,03-Industry-Segment/ai-design-for-healthcare-patient-materials-2026-zhtw.md
P2-backlog,63,03-Industry-Segment,zh,(blank),multilingual-cluster,4,1,ai-design-for-legal-firms-attorneys-2026,ai-design-for-legal-firms-attorneys-2026,律师事务所与律师的AI设计——不占用计费工时的专业品牌建设,03-Industry-Segment/ai-design-for-legal-firms-attorneys-2026-zh.md
P2-backlog,63,03-Industry-Segment,zh,(blank),multilingual-cluster,4,1,ai-design-for-musicians-bands-2026-zh,ai-design-for-musicians-bands-2026,音乐人与乐队的AI设计——专辑封面、巡演海报与周边产品,03-Industry-Segment/ai-design-for-musicians-bands-2026-zh.md
P2-backlog,63,03-Industry-Segment,ja,(blank),multilingual-cluster,4,1,ai-design-for-nonprofit-fundraising-campaigns-2026,ai-design-for-nonprofit-fundraising-campaigns-2026,【日本語】 AI デザイン for Nonprofit Fundraising — Campaigns That Move People to Give,03-Industry-Segment/ai-design-for-nonprofit-fundraising-campaigns-2026-ja.md
P2-backlog,63,03-Industry-Segment,zh,(blank),multilingual-cluster,4,1,ai-design-for-nonprofit-fundraising-campaigns-2026,ai-design-for-nonprofit-fundraising-campaigns-2026,AI 助力非营利组织筹款设计——触动捐赠者的营销活动,03-Industry-Segment/ai-design-for-nonprofit-fundraising-campaigns-2026-zh.md
P2-backlog,63,03-Industry-Segment,zh-TW,(blank),multilingual-cluster,4,1,ai-design-for-nonprofit-fundraising-campaigns-2026,ai-design-for-nonprofit-fundraising-campaigns-2026,【繁體】 AI 設計 for Nonprofit Fundraising — Campaigns That Move People to Give,03-Industry-Segment/ai-design-for-nonprofit-fundraising-campaigns-2026-zhtw.md
P2-backlog,63,03-Industry-Segment,zh,(blank),multilingual-cluster,4,1,ai-design-for-pet-businesses-2026,ai-design-for-pet-businesses-2026,宠物行业AI设计——美容师、训练师与宠物品牌轻松上手,03-Industry-Segment/ai-design-for-pet-businesses-2026-zh.md
P2-backlog,63,03-Industry-Segment,zh,(blank),multilingual-cluster,4,1,ai-design-for-photographers-2026,ai-design-for-photographers-2026,摄影师AI设计——定价指南、作品集与客户工作流,03-Industry-Segment/ai-design-for-photographers-2026-zh.md
P2-backlog,63,03-Industry-Segment,ja,(blank),multilingual-cluster,4,1,ai-design-for-saas-pricing-pages-2026,ai-design-for-saas-pricing-pages-2026,【日本語】 AI デザイン for SaaS Pricing Pages — Convert More Visitors with Better Visuals,03-Industry-Segment/ai-design-for-saas-pricing-pages-2026-ja.md
P2-backlog,63,03-Industry-Segment,zh,(blank),multilingual-cluster,4,1,ai-design-for-saas-pricing-pages-2026,ai-design-for-saas-pricing-pages-2026,SaaS定价页面的AI设计——用更优视觉转化更多访客,03-Industry-Segment/ai-design-for-saas-pricing-pages-2026-zh.md
P2-backlog,63,03-Industry-Segment,zh-TW,(blank),multilingual-cluster,4,1,ai-design-for-saas-pricing-pages-2026,ai-design-for-saas-pricing-pages-2026,【繁體】 AI 設計 for SaaS Pricing Pages — Convert More Visitors with Better Visuals,03-Industry-Segment/ai-design-for-saas-pricing-pages-2026-zhtw.md
P2-backlog,63,03-Industry-Segment,ja,(blank),multilingual-cluster,4,1,ai-design-for-travel-tourism-2026,ai-design-for-travel-tourism-2026,"【日本語】 AI デザイン for Travel & Tourism — Brochures, Social Media & Booking Visuals",03-Industry-Segment/ai-design-for-travel-tourism-2026-ja.md
P2-backlog,63,03-Industry-Segment,zh,(blank),multilingual-cluster,4,1,ai-design-for-travel-tourism-2026,ai-design-for-travel-tourism-2026,AI 设计助力旅游与酒店业——宣传册、社交媒体与预订视觉素材,03-Industry-Segment/ai-design-for-travel-tourism-2026-zh.md
P2-backlog,63,03-Industry-Segment,zh-TW,(blank),multilingual-cluster,4,1,ai-design-for-travel-tourism-2026,ai-design-for-travel-tourism-2026,"【繁體】 AI 設計 for Travel & Tourism — Brochures, Social Media & Booking Visuals",03-Industry-Segment/ai-design-for-travel-tourism-2026-zhtw.md
P2-backlog,63,03-Industry-Segment,zh,(blank),multilingual-cluster,4,1,ai-design-for-wedding-industry-2026-zh,ai-design-for-wedding-industry-2026,婚礼专业人士的AI设计——邀请函、品牌套件与社交媒体,03-Industry-Segment/ai-design-for-wedding-industry-2026-zh.md
P2-backlog,63,03-Industry-Segment,ja,(blank),multilingual-cluster,4,1,ai-for-teachers-classroom-education-2026,ai-for-teachers-classroom-education-2026,"【日本語】 AI デザイン for Teachers & Classrooms — Worksheets, Certificates & Visual Learning",03-Industry-Segment/ai-for-teachers-classroom-education-2026-ja.md
P2-backlog,63,03-Industry-Segment,zh,(blank),multilingual-cluster,4,1,ai-for-teachers-classroom-education-2026-zh,ai-for-teachers-classroom-education-2026,面向教师与课堂的AI设计——工作表、证书与视觉学习,03-Industry-Segment/ai-for-teachers-classroom-education-2026-zh.md
P2-backlog,63,03-Industry-Segment,zh-TW,(blank),multilingual-cluster,4,1,ai-for-teachers-classroom-education-2026,ai-for-teachers-classroom-education-2026,"【繁體】 AI 設計 for Teachers & Classrooms — Worksheets, Certificates & Visual Learning",03-Industry-Segment/ai-for-teachers-classroom-education-2026-zhtw.md
P2-backlog,63,07-Seasonal,en,(blank),multilingual-cluster,2,1,01-seasonal-fall-collection-guide,01-seasonal-fall-collection-guide,Fall Collection Launch: Product Photography & Visual Strategy Guide for Autumn 2027,07-Seasonal/01-seasonal-fall-collection-guide.md
P2-backlog,63,07-Seasonal,en,(blank),multilingual-cluster,2,1,02-seasonal-bfcm-ecommerce-guide,02-seasonal-bfcm-ecommerce-guide,BFCM E-commerce Visual Strategy: The Ultimate Guide to Converting Shoppers with AI-Powered Design,07-Seasonal/02-seasonal-bfcm-ecommerce-guide.md
P2-backlog,63,07-Seasonal,en,(blank),single,1,1,02-seasonal-ecommerce-back-to-school,02-seasonal-ecommerce-back-to-school,E-commerce Back-to-School Visual Guide: How to Design Product Images That Convert This School Season,07-Seasonal/02-seasonal-ecommerce-back-to-school.md
P2-backlog,63,07-Seasonal,en,(blank),multilingual-cluster,4,1,05-mid-year-sale-ecommerce-guide,05-mid-year-sale-ecommerce-guide,Mid-Year Sale Design Guide: Conversion-Focused E-Commerce Visuals,07-Seasonal/05-mid-year-sale-ecommerce-guide.md
P2-risk-review,63,10-Ethics-Legal,en,(blank),single,1,1,02-ethics-ai-design-bias,02-ethics-ai-design-bias,AI Design Bias: How to Ensure Inclusive Visual Output in 2027,10-Ethics-Legal/02-ethics-ai-design-bias.md
P2-backlog,63,12-Digest,en,(blank),multilingual-cluster,4,1,lovart-digest-july-2026-week1,lovart-digest-july-2026-week1,"Lovart Digest — July 4th Special, Mid-Year Sale Design & New Templates (July W1)",12-Digest/lovart-digest-july-2026-week1.md
P2-backlog,63,12-Digest,en,(blank),multilingual-cluster,4,1,lovart-digest-july-2026-week2,lovart-digest-july-2026-week2,"Lovart Digest — AI Video Deep Dive, E-commerce Visuals & Creator Tips (July W2)",12-Digest/lovart-digest-july-2026-week2.md
P2-backlog,63,12-Digest,en,(blank),multilingual-cluster,4,1,lovart-digest-june-2026-week1,lovart-digest-june-2026-week1,"Lovart Digest — Summer Design Trends, Tutorial Roundup & Community Picks (June W1)",12-Digest/lovart-digest-june-2026-week1.md
P2-backlog,63,12-Digest,en,(blank),multilingual-cluster,4,1,lovart-digest-june-2026-week2,lovart-digest-june-2026-week2,"Lovart Digest — AI Design Tactics, Tool Shootouts & Creator Wins (June W2)",12-Digest/lovart-digest-june-2026-week2.md
P2-backlog,63,12-Digest,en,(blank),multilingual-cluster,4,1,lovart-digest-june-2026-week4,lovart-digest-june-2026-week4,"Lovart Digest — Q2 Highlights, Summer Design Kit & Community Spotlight (June W4)",12-Digest/lovart-digest-june-2026-week4.md
P2-backlog,63,12-Digest,en,(blank),multilingual-cluster,4,1,lovart-digest-may-2026-week4,lovart-digest-may-2026-week4,"Lovart Digest — AI Design Insights, Creator Spotlight & New Features (May W4)",12-Digest/lovart-digest-may-2026-week4.md
P2-backlog,63,13-Onboarding,en,(blank),multilingual-cluster,4,1,S22 - 7-day-ai-design-challenge,s22 - 7-day-ai-design-challenge,7-Day AI Design Challenge: Transform Your Brand Without Hiring a Designer,13-Onboarding/S22 - 7-day-ai-design-challenge.md
P2-backlog,62,04-Career,zh,ready,multilingual-cluster,4,1,case-study-designer-ai-image-model-workflow,case-study-designer-ai-image-model-workflow,设计师Lena Vogel如何构建一个19分钟完成4小时设计工作的AI模型工作流,04-Career/case-study-designer-ai-image-model-workflow-zh.md
P2-backlog,62,04-Career,ja,ready,multilingual-cluster,4,1,case-study-fashion-designer-ai-moodboard-collage,case-study-fashion-designer-ai-moodboard-collage,【日本語】 How Fashion デザインer Isabelle Fontaine Built 47 Moodboards in 2 Days — And Won the Collection That Made Her Career,04-Career/case-study-fashion-designer-ai-moodboard-collage-ja.md
P2-backlog,62,04-Career,zh,ready,multilingual-cluster,4,1,case-study-fashion-designer-ai-moodboard-collage,case-study-fashion-designer-ai-moodboard-collage,时装设计师伊莎贝尔·方丹如何在2天内构建47个情绪板——并赢得成就她职业生涯的系列,04-Career/case-study-fashion-designer-ai-moodboard-collage-zh.md
P2-backlog,62,04-Career,zh-TW,ready,multilingual-cluster,4,1,case-study-fashion-designer-ai-moodboard-collage,case-study-fashion-designer-ai-moodboard-collage,【繁體】 How Fashion 設計er Isabelle Fontaine Built 47 Moodboards in 2 Days — And Won the Collection That Made Her Career,04-Career/case-study-fashion-designer-ai-moodboard-collage-zhtw.md
P2-backlog,62,04-Career,ja,ready,multilingual-cluster,4,1,case-study-freelancer-ai-avatar-branding,case-study-freelancer-ai-avatar-branding,【日本語】 How Freelancer Sofia Andersson Built a Personal ブランド in 72 Hours — With AI Avatars That Landed Her 6 Retainer Clients,04-Career/case-study-freelancer-ai-avatar-branding-ja.md
P2-backlog,62,04-Career,zh-TW,ready,multilingual-cluster,4,1,case-study-freelancer-ai-avatar-branding,case-study-freelancer-ai-avatar-branding,【繁體】 How Freelancer Sofia Andersson Built a Personal 品牌 in 72 Hours — With AI Avatars That Landed Her 6 Retainer Clients,04-Career/case-study-freelancer-ai-avatar-branding-zhtw.md
P2-backlog,61,04-Career,en,(blank),multilingual-cluster,4,1,02-career-design-brief-template,02-career-design-brief-template,How to Create a Design Brief Template That Clients Actually Fill Out,04-Career/02-career-design-brief-template.md
P2-backlog,61,04-Career,en,(blank),single,1,1,02-career-podcast-cover-art,02-career-podcast-cover-art,Podcast Cover Art and Episode Visuals with AI: A Complete Guide for 2027,04-Career/02-career-podcast-cover-art.md
P2-backlog,61,04-Career,en,(blank),single,1,1,02-career-user-persona-design,02-career-user-persona-design,Creating User Personas and Journey Maps with AI: A Designer's Guide for 2027,04-Career/02-career-user-persona-design.md
P2-backlog,61,04-Career,en,(blank),multilingual-cluster,4,1,03-career-multi-platform-sizing,03-career-multi-platform-sizing,"Multi-Platform Sizing: One Design, Every Platform — The Definitive Dimension Guide",04-Career/03-career-multi-platform-sizing.md
P2-backlog,61,04-Career,en,(blank),multilingual-cluster,2,1,04-traditional-designer-to-ai-designer-transition,04-traditional-designer-to-ai-designer-transition,From Photoshop to AI Agent — A Traditional Designer's Transition Guide,04-Career/04-traditional-designer-to-ai-designer-transition.md
P2-backlog,61,05-Insight-Trend,ja,(blank),multilingual-cluster,4,1,01-insight-2026-year-review-ja,01-insight-2026-year-review,2026 AI Design Year in Review: The Year AI Became Every Designer's Co-Pilot,05-Insight-Trend/01-insight-2026-year-review-ja.md
P2-backlog,61,05-Insight-Trend,zh-TW,(blank),multilingual-cluster,4,1,01-insight-2026-year-review-zhtw,01-insight-2026-year-review,2026 AI Design Year in Review: The Year AI Became Every Designer's Co-Pilot,05-Insight-Trend/01-insight-2026-year-review-zhtw.md
P2-backlog,61,05-Insight-Trend,ja,(blank),multilingual-cluster,4,1,ai-design-economic-impact-2026,ai-design-economic-impact-2026,【日本語】 The Economic Impact of AI デザイン — What Happens When デザイン Costs Drop 90%,05-Insight-Trend/ai-design-economic-impact-2026-ja.md
P2-backlog,61,05-Insight-Trend,zh-TW,(blank),multilingual-cluster,4,1,ai-design-economic-impact-2026,ai-design-economic-impact-2026,【繁體】 The Economic Impact of AI 設計 — What Happens When 設計 Costs Drop 90%,05-Insight-Trend/ai-design-economic-impact-2026-zhtw.md
P2-backlog,61,05-Insight-Trend,ja,(blank),multilingual-cluster,4,1,ai-design-global-adoption-trends-2026,ai-design-global-adoption-trends-2026,"【日本語】 AI デザイン Global Adoption — Who's Using It, Where, and Why (2026 Data)",05-Insight-Trend/ai-design-global-adoption-trends-2026-ja.md
P2-backlog,61,05-Insight-Trend,zh-TW,(blank),multilingual-cluster,4,1,ai-design-global-adoption-trends-2026,ai-design-global-adoption-trends-2026,"【繁體】 AI 設計 Global Adoption — Who's Using It, Where, and Why (2026 Data)",05-Insight-Trend/ai-design-global-adoption-trends-2026-zhtw.md
P2-backlog,61,05-Insight-Trend,ja,(blank),multilingual-cluster,4,1,S20-5-ai-design-trends-2026-ja,s20-5-ai-design-trends-2026,5 AI Design Trends in 2026 That Are Changing Everything,05-Insight-Trend/S20-5-ai-design-trends-2026-ja.md
P2-backlog,61,05-Insight-Trend,zh-TW,(blank),multilingual-cluster,4,1,S20-5-ai-design-trends-2026-zhtw,s20-5-ai-design-trends-2026,5 AI Design Trends in 2026 That Are Changing Everything,05-Insight-Trend/S20-5-ai-design-trends-2026-zhtw.md
P2-backlog,61,06-Case-Study,en,(blank),single,1,1,31-etsy-success-ai-photos-increased-ctr-200-percent,31-etsy-success-ai-photos-increased-ctr-200-percent,Etsy Success — How AI Product Photos Increased Our Click-Through Rate by 200%,06-Case-Study/31-etsy-success-ai-photos-increased-ctr-200-percent.md
P2-backlog,61,06-Case-Study,en,(blank),multilingual-cluster,4,1,case-study-agency-ai-banner-campaign,case-study-agency-ai-banner-campaign,How Agency Creative Director Omar Hassan Replaced Banner Ad Outsourcing — And Cut Client Costs by 82% Without Losing Quality,06-Case-Study/case-study-agency-ai-banner-campaign.md
P2-backlog,61,06-Case-Study,en,(blank),multilingual-cluster,4,1,case-study-app-developer-ai-wallpaper-backgrounds,case-study-app-developer-ai-wallpaper-backgrounds,"How App Developer Min-Jun Park Generated 1,800 Wallpapers in 10 Days — And His Meditation App Hit #1 in the App Store",06-Case-Study/case-study-app-developer-ai-wallpaper-backgrounds.md
P2-backlog,61,06-Case-Study,en,(blank),multilingual-cluster,4,1,case-study-architect-ai-floor-plan-client,case-study-architect-ai-floor-plan-client,How Architect Takeshi Yamamoto Created 18 Floor Plan Concepts in a Single Client Meeting — And Cut His Sales Cycle by 67%,06-Case-Study/case-study-architect-ai-floor-plan-client.md
P2-backlog,61,06-Case-Study,en,(blank),multilingual-cluster,4,1,case-study-architect-ai-sketches-concept,case-study-architect-ai-sketches-concept,How Architect Mateo Reyes Cut Concept Design from 12 Days to 4 Hours — And Won 3 Projects His Firm Expected to Lose,06-Case-Study/case-study-architect-ai-sketches-concept.md
P2-backlog,61,06-Case-Study,en,(blank),multilingual-cluster,4,1,case-study-comic-artist-photo-to-anime-ai,case-study-comic-artist-photo-to-anime-ai,How Comic Artist Diego Herrera Turned His 300-Photo Street Archive into a Graphic Novel — Using AI Photo-to-Anime,06-Case-Study/case-study-comic-artist-photo-to-anime-ai.md
P2-backlog,61,06-Case-Study,en,(blank),multilingual-cluster,4,1,case-study-dating-coach-ai-face-retouch,case-study-dating-coach-ai-face-retouch,How Dating Coach Kwame Asante Transformed 47 Client Profile Photos in One Weekend — And Their Match Rate Doubled,06-Case-Study/case-study-dating-coach-ai-face-retouch.md
P2-backlog,61,06-Case-Study,en,(blank),multilingual-cluster,4,1,case-study-digital-artist-ai-platform-switch,case-study-digital-artist-ai-platform-switch,How Digital Artist Keiko Matsumoto Switched AI Platforms 3 Times — And Finally Found the One That Didn't Limit Her,06-Case-Study/case-study-digital-artist-ai-platform-switch.md
P2-backlog,61,06-Case-Study,en,(blank),multilingual-cluster,4,1,case-study-ecommerce-upscaled-product-images-ai,case-study-ecommerce-upscaled-product-images-ai,How Shopify Seller Dev Patel Upscaled 600 Product Images in One Afternoon — And Doubled His Conversion Rate,06-Case-Study/case-study-ecommerce-upscaled-product-images-ai.md
P2-backlog,61,06-Case-Study,en,(blank),multilingual-cluster,4,1,case-study-event-planner-ai-poster-design,case-study-event-planner-ai-poster-design,How Event Planner Chioma Eze Designed 38 Posters in 3 Days — And Saved Her Client's Festival from Cancellation,06-Case-Study/case-study-event-planner-ai-poster-design.md
P2-backlog,61,06-Case-Study,en,(blank),multilingual-cluster,4,1,case-study-family-animated-old-photos-ai,case-study-family-animated-old-photos-ai,How Family Historian Grace Mbatha Brought 83 Ancestor Photos to Life — And Gave Her Grandmother the Reunion She Never Had,06-Case-Study/case-study-family-animated-old-photos-ai.md
P2-backlog,61,06-Case-Study,en,(blank),multilingual-cluster,4,1,case-study-filmmaker-ai-movie-poster,case-study-filmmaker-ai-movie-poster,How Filmmaker Nadia Karimi Designed a Festival-Winning Movie Poster for $19 — And the Director Thought She'd Hired an Agency,06-Case-Study/case-study-filmmaker-ai-movie-poster.md
P2-backlog,61,06-Case-Study,en,(blank),multilingual-cluster,4,1,case-study-fitness-coach-ai-body-transformation,case-study-fitness-coach-ai-body-transformation,How Fitness Coach Jordan Williams Created 300 Client Transformation Visualizations — And His Program Enrollment Tripled,06-Case-Study/case-study-fitness-coach-ai-body-transformation.md
P2-backlog,61,06-Case-Study,en,(blank),multilingual-cluster,4,1,case-study-gallery-owner-ai-art-exhibition,case-study-gallery-owner-ai-art-exhibition,How Gallery Owner Camille Dubois Curated a 47-Artist AI Exhibition — And Sold Out Before Opening Night,06-Case-Study/case-study-gallery-owner-ai-art-exhibition.md
P2-backlog,61,06-Case-Study,en,(blank),multilingual-cluster,4,1,case-study-game-dev-ai-textures-materials,case-study-game-dev-ai-textures-materials,"How Game Developer Yuki Tanaka Generated 2,400 Textures in 6 Days — And Shipped His Indie Game 8 Months Early",06-Case-Study/case-study-game-dev-ai-textures-materials.md
P2-backlog,61,06-Case-Study,en,(blank),multilingual-cluster,4,1,case-study-indie-musician-ai-music-video,case-study-indie-musician-ai-music-video,How Indie Musician Zara Kone Created 5 Music Videos in One Month — With Zero Film Crew and a $19 Budget,06-Case-Study/case-study-indie-musician-ai-music-video.md
P2-backlog,61,06-Case-Study,en,(blank),multilingual-cluster,4,1,case-study-novelist-consistent-character-ai,case-study-novelist-consistent-character-ai,How Novelist Amara Obi Created 14 Consistent Characters Across a 300-Page Trilogy — Without Sketching Once,06-Case-Study/case-study-novelist-consistent-character-ai.md
P2-backlog,61,06-Case-Study,en,(blank),multilingual-cluster,4,1,case-study-photographer-fixed-blurry-photos-ai,case-study-photographer-fixed-blurry-photos-ai,How Wedding Photographer Elena Vasquez Fixed 47 'Ruined' Photos — With AI Sharpening That Paid for Itself in One Event,06-Case-Study/case-study-photographer-fixed-blurry-photos-ai.md
P2-backlog,61,06-Case-Study,en,(blank),multilingual-cluster,4,1,case-study-poet-ai-text-art-typography,case-study-poet-ai-text-art-typography,How Poet Amara Diallo Turned 83 Poems into Visual Art — And Built a Gallery Exhibition Without Touching a Paintbrush,06-Case-Study/case-study-poet-ai-text-art-typography.md
P2-backlog,61,06-Case-Study,en,(blank),multilingual-cluster,4,1,case-study-prank-video-face-swap-ai,case-study-prank-video-face-swap-ai,How Comedy Creator Lucas Mendes Built a 200K-Follower Account with AI Face Swaps — Without Ever Showing His Real Face,06-Case-Study/case-study-prank-video-face-swap-ai.md
P2-backlog,61,06-Case-Study,en,(blank),multilingual-cluster,4,1,case-study-real-estate-ai-interior-staging,case-study-real-estate-ai-interior-staging,How Real Estate Agent Daniel Almeida Staged 34 Vacant Listings in 2 Days — And Sold Every One Above Asking,06-Case-Study/case-study-real-estate-ai-interior-staging.md
P2-backlog,61,06-Case-Study,en,(blank),single,1,1,case-study-social-media-expanded-cropped-photos,case-study-social-media-expanded-cropped-photos,How Social Media Manager Priya Nair Expanded 200 Cropped Photos — And Stopped Apologizing to Her Agency's Clients,06-Case-Study/case-study-social-media-expanded-cropped-photos.md
P2-backlog,61,06-Case-Study,en,(blank),multilingual-cluster,4,1,case-study-stock-photo-watermark-removal-ai,case-study-stock-photo-watermark-removal-ai,"How Travel Blogger Tomi Adeyemi Removed 1,200 Watermarks — And Built a Shutterstock-Free Blog That Ranks on Page One",06-Case-Study/case-study-stock-photo-watermark-removal-ai.md
P2-backlog,61,06-Case-Study,en,(blank),multilingual-cluster,4,1,case-study-teacher-ai-clipart-worksheets,case-study-teacher-ai-clipart-worksheets,How Teacher Fatima Okoro Created 340 Classroom Worksheets in One Weekend — Without Drawing a Single Image,06-Case-Study/case-study-teacher-ai-clipart-worksheets.md
P2-backlog,61,06-Case-Study,en,(blank),multilingual-cluster,4,1,case-study-tiktok-creator-loop-claymation-ai,case-study-tiktok-creator-loop-claymation-ai,How TikTok Creator Leo Fuentes Hit 1.2M Views with AI Loop Videos — And Built a Claymation Empire Without Touching Clay,06-Case-Study/case-study-tiktok-creator-loop-claymation-ai.md
P2-backlog,61,06-Case-Study,en,(blank),multilingual-cluster,4,1,case-study-vet-clinic-ai-pet-portraits,case-study-vet-clinic-ai-pet-portraits,How Vet Clinic Owner Dr. Hanna Bergstrom Created 300 Pet Portraits — And Became the Most-Recommended Vet in Stockholm,06-Case-Study/case-study-vet-clinic-ai-pet-portraits.md
P2-backlog,61,06-Case-Study,en,(blank),multilingual-cluster,4,1,case-study-video-producer-ai-model-selection,case-study-video-producer-ai-model-selection,How Video Producer Ravi Krishnan Tested 7 AI Models in One Afternoon — And Found the One That Cut His Render Time by 94%,06-Case-Study/case-study-video-producer-ai-model-selection.md
P2-backlog,61,06-Case-Study,en,(blank),multilingual-cluster,4,1,case-study-wedding-planner-ai-invitations-flyers,case-study-wedding-planner-ai-invitations-flyers,How Wedding Planner Olivia Rousseau Designed 62 Invitation Suites in 5 Days — And Booked Every Weekend for 8 Months,06-Case-Study/case-study-wedding-planner-ai-invitations-flyers.md
P2-backlog,61,06-Case-Study,en,(blank),multilingual-cluster,4,1,case-study-youtuber-edited-videos-ai,case-study-youtuber-edited-videos-ai,How YouTuber James Okonkwo Edited 47 Videos in 11 Days — Without Opening Premiere Pro Once,06-Case-Study/case-study-youtuber-edited-videos-ai.md
P2-backlog,61,06-Case-Study,en,(blank),multilingual-cluster,4,1,real-estate-rescue-remove-objects-listing-photos-ai,real-estate-rescue-remove-objects-listing-photos-ai,,06-Case-Study/real-estate-rescue-remove-objects-listing-photos-ai.md
P2-backlog,61,06-Case-Study,en,(blank),multilingual-cluster,4,1,saving-the-shoot-fix-missing-prop-product-photo-ai,saving-the-shoot-fix-missing-prop-product-photo-ai,,06-Case-Study/saving-the-shoot-fix-missing-prop-product-photo-ai.md
P2-backlog,61,06-Case-Study,en,(blank),multilingual-cluster,4,1,ugly-to-lovely-ms-paint-to-ai-makeover,ugly-to-lovely-ms-paint-to-ai-makeover,,06-Case-Study/ugly-to-lovely-ms-paint-to-ai-makeover.md
P2-backlog,61,07-Seasonal,en,(blank),single,1,1,02-seasonal-tax-season-marketing,02-seasonal-tax-season-marketing,Tax Season Marketing for Financial Advisors: AI-Powered Visual Strategies That Convert,07-Seasonal/02-seasonal-tax-season-marketing.md
P2-backlog,61,07-Seasonal,en,(blank),multilingual-cluster,4,1,seasonal-marketing-prompts-christmas-black-friday-valentines,seasonal-marketing-prompts-christmas-black-friday-valentines,,07-Seasonal/seasonal-marketing-prompts-christmas-black-friday-valentines.md
P2-backlog,61,08-Best-Practice,ja,(blank),multilingual-cluster,4,1,ai-video-creation-tricks-claymation-loop-animate-photos-ja,ai-video-creation-tricks-claymation-loop-animate-photos,"AI Video Creation Tricks: Claymation, Loops, Photo Animation & More Creative Techniques",08-Best-Practice/ai-video-creation-tricks-claymation-loop-animate-photos-ja.md
P2-backlog,61,08-Best-Practice,zh,(blank),multilingual-cluster,4,1,ai-video-creation-tricks-claymation-loop-animate-photos-zh,ai-video-creation-tricks-claymation-loop-animate-photos,AI视频创作技巧：黏土动画、循环视频、照片动画及更多创意技法,08-Best-Practice/ai-video-creation-tricks-claymation-loop-animate-photos-zh.md
P2-backlog,61,08-Best-Practice,zh-TW,(blank),multilingual-cluster,4,1,ai-video-creation-tricks-claymation-loop-animate-photos-zhtw,ai-video-creation-tricks-claymation-loop-animate-photos,"AI Video Creation Tricks: Claymation, Loops, Photo Animation & More Creative Techniques",08-Best-Practice/ai-video-creation-tricks-claymation-loop-animate-photos-zhtw.md
P2-backlog,61,08-Best-Practice,ja,(blank),multilingual-cluster,4,1,edit-elements-layered-editing-ai-deep-dive,edit-elements-layered-editing-ai-deep-dive,【日本語】 Edit Elements Deep Dive — Layered AI Editing for Professional デザインers,08-Best-Practice/edit-elements-layered-editing-ai-deep-dive-ja.md
P2-backlog,61,08-Best-Practice,zh,(blank),multilingual-cluster,4,1,edit-elements-layered-editing-ai-deep-dive-zh,edit-elements-layered-editing-ai-deep-dive,元素编辑深度解析 — 面向专业设计师的分层AI编辑,08-Best-Practice/edit-elements-layered-editing-ai-deep-dive-zh.md
P2-backlog,61,08-Best-Practice,zh-TW,(blank),multilingual-cluster,4,1,edit-elements-layered-editing-ai-deep-dive,edit-elements-layered-editing-ai-deep-dive,【繁體】 Edit Elements Deep Dive — Layered AI Editing for Professional 設計ers,08-Best-Practice/edit-elements-layered-editing-ai-deep-dive-zhtw.md
P2-backlog,61,08-Best-Practice,ja,(blank),multilingual-cluster,4,1,eye-contact-touch-edit-character-look-at-camera,eye-contact-touch-edit-character-look-at-camera,【日本語】 Eye Contact — 方法 Use Touch Edit to Make a Character Look at the Camera,08-Best-Practice/eye-contact-touch-edit-character-look-at-camera-ja.md
P2-backlog,61,08-Best-Practice,zh,(blank),multilingual-cluster,4,1,eye-contact-touch-edit-character-look-at-camera,eye-contact-touch-edit-character-look-at-camera,眼神接触 — 如何使用 Touch Edit 让角色看向镜头,08-Best-Practice/eye-contact-touch-edit-character-look-at-camera-zh.md
P2-backlog,61,08-Best-Practice,zh-TW,(blank),multilingual-cluster,4,1,eye-contact-touch-edit-character-look-at-camera,eye-contact-touch-edit-character-look-at-camera,【繁體】 Eye Contact — 如何 Use Touch Edit to Make a Character Look at the Camera,08-Best-Practice/eye-contact-touch-edit-character-look-at-camera-zhtw.md
P2-backlog,61,08-Best-Practice,ja,(blank),multilingual-cluster,4,1,isolating-objects-transparent-stickers-ai,isolating-objects-transparent-stickers-ai,【日本語】 Isolating Objects — 方法 Turn AI-Generated Items into Transparent Stickers,08-Best-Practice/isolating-objects-transparent-stickers-ai-ja.md
P2-backlog,61,08-Best-Practice,zh,(blank),multilingual-cluster,4,1,isolating-objects-transparent-stickers-ai,isolating-objects-transparent-stickers-ai,物体隔离——如何将AI生成物品转化为透明贴纸,08-Best-Practice/isolating-objects-transparent-stickers-ai-zh.md
P2-backlog,61,08-Best-Practice,zh-TW,(blank),multilingual-cluster,4,1,isolating-objects-transparent-stickers-ai,isolating-objects-transparent-stickers-ai,【繁體】 Isolating Objects — 如何 Turn AI-Generated Items into Transparent Stickers,08-Best-Practice/isolating-objects-transparent-stickers-ai-zhtw.md
P2-backlog,61,08-Best-Practice,ja,(blank),multilingual-cluster,4,1,over-editing-when-to-stop-tweaking-design,over-editing-when-to-stop-tweaking-design,【日本語】 Over-Editing — 方法 Know When to Sトップ Tweaking and Export,08-Best-Practice/over-editing-when-to-stop-tweaking-design-ja.md
P2-backlog,61,08-Best-Practice,zh,(blank),multilingual-cluster,4,1,over-editing-when-to-stop-tweaking-design,over-editing-when-to-stop-tweaking-design,过度编辑——如何知道何时停止微调并导出,08-Best-Practice/over-editing-when-to-stop-tweaking-design-zh.md
P2-backlog,61,08-Best-Practice,zh-TW,(blank),multilingual-cluster,4,1,over-editing-when-to-stop-tweaking-design,over-editing-when-to-stop-tweaking-design,【繁體】 Over-Editing — 如何 Know When to S頂級 Tweaking and Export,08-Best-Practice/over-editing-when-to-stop-tweaking-design-zhtw.md
P2-backlog,61,12-Digest,ja,(blank),multilingual-cluster,4,1,lovart-digest-june-2026-week3-ja,lovart-digest-june-2026-week3,"Lovart Digest — Mid-Year Design Review, Best Practices & What's Trending (June W3)",12-Digest/lovart-digest-june-2026-week3-ja.md
P2-backlog,61,12-Digest,zh-TW,(blank),multilingual-cluster,4,1,lovart-digest-june-2026-week3-zhtw,lovart-digest-june-2026-week3,"Lovart Digest — Mid-Year Design Review, Best Practices & What's Trending (June W3)",12-Digest/lovart-digest-june-2026-week3-zhtw.md
P2-backlog,59,04-Career,en,(blank),multilingual-cluster,2,1,01-career-freelance-designer-workflow,01-career-freelance-designer-workflow,The Freelance Designer's Complete Workflow with Lovart,04-Career/01-career-freelance-designer-workflow.md
P2-backlog,59,04-Career,en,(blank),multilingual-cluster,2,1,01-career-marketing-director-playbook,01-career-marketing-director-playbook,The Marketing Director's AI Design Playbook: Scaling Creative Output Without Scaling Headcount,04-Career/01-career-marketing-director-playbook.md
P2-backlog,59,04-Career,en,(blank),single,1,1,02-career-content-creator-toolkit,02-career-content-creator-toolkit,The Content Creator's All-in-One Visual Toolkit: How Lovart Replaces 7 Design Tools,04-Career/02-career-content-creator-toolkit.md
P2-backlog,59,04-Career,en,(blank),single,1,1,02-career-full-funnel-creative,02-career-full-funnel-creative,Full-Funnel Creative Assets: From Awareness to Conversion with One AI Design Tool,04-Career/02-career-full-funnel-creative.md
P2-backlog,59,04-Career,en,(blank),multilingual-cluster,4,1,02-career-social-media-batch-content,02-career-social-media-batch-content,Batch Generate 30 Days of Social Media Content: The Complete AI Workflow,04-Career/02-career-social-media-batch-content.md
P2-backlog,59,04-Career,en,(blank),single,1,1,03-career-brand-consistency-scale,03-career-brand-consistency-scale,Brand Consistency at Scale: Managing 10+ Campaigns with AI Design Tools,04-Career/03-career-brand-consistency-scale.md
P2-backlog,59,04-Career,en,(blank),multilingual-cluster,4,1,agency-adapting-to-ai-design-workflow,agency-adapting-to-ai-design-workflow,"How Design Agencies Are Adapting to AI — Workflows, Pricing & Client Relations",04-Career/agency-adapting-to-ai-design-workflow.md
P2-backlog,59,04-Career,en,(blank),multilingual-cluster,4,1,brand-kit-freelancer-lovart,brand-kit-freelancer-lovart,,04-Career/brand-kit-freelancer-lovart.md
P2-backlog,59,04-Career,en,(blank),multilingual-cluster,4,1,case-study-designer-ai-image-model-workflow,case-study-designer-ai-image-model-workflow,How Designer Lena Vogel Built an AI Model Workflow That Produces 4 Hours of Design in 19 Minutes,04-Career/case-study-designer-ai-image-model-workflow.md
P2-backlog,59,04-Career,en,(blank),multilingual-cluster,4,1,case-study-freelancer-ai-avatar-branding,case-study-freelancer-ai-avatar-branding,How Freelancer Sofia Andersson Built a Personal Brand in 72 Hours — With AI Avatars That Landed Her 6 Retainer Clients,04-Career/case-study-freelancer-ai-avatar-branding.md
P2-backlog,59,05-Insight-Trend,en,(blank),multilingual-cluster,2,1,01-insight-2027-design-trends,01-insight-2027-design-trends,2027 Design Trend Predictions: What's Coming Next in Visual Culture,05-Insight-Trend/01-insight-2027-design-trends.md
P2-backlog,59,05-Insight-Trend,en,(blank),single,1,1,01-insight-2028-design-trends,01-insight-2028-design-trends,2028 Design Trend Predictions: What Comes After the Agent Era,05-Insight-Trend/01-insight-2028-design-trends.md
P2-backlog,59,05-Insight-Trend,en,(blank),single,1,1,02-resource-2027-design-trend-report,02-resource-2027-design-trend-report,2027 Design Trend Report: The Visual Language of the Agentic Era,05-Insight-Trend/02-resource-2027-design-trend-report.md
P2-backlog,59,05-Insight-Trend,en,(blank),multilingual-cluster,4,1,typography-trends-retro-serif-cyberpunk-fonts-ai,typography-trends-retro-serif-cyberpunk-fonts-ai,,05-Insight-Trend/typography-trends-retro-serif-cyberpunk-fonts-ai.md
P2-backlog,59,07-Seasonal,en,(blank),multilingual-cluster,2,1,02-year-in-review-templates,02-year-in-review-templates,Year-in-Review Design Templates: Turn Your 2026 Data Into Stunning Visual Stories,07-Seasonal/02-year-in-review-templates.md
P2-backlog,59,07-Seasonal,ja,(blank),multilingual-cluster,4,1,07-summer-travel-industry-guide-ja,07-summer-travel-industry-guide,Summer Travel Marketing: AI Design Guide for Tourism & Hospitality,07-Seasonal/07-summer-travel-industry-guide-ja.md
P2-backlog,59,07-Seasonal,zh-TW,(blank),multilingual-cluster,4,1,07-summer-travel-industry-guide-zhtw,07-summer-travel-industry-guide,Summer Travel Marketing: AI Design Guide for Tourism & Hospitality,07-Seasonal/07-summer-travel-industry-guide-zhtw.md
P2-backlog,59,09-Better-Design,ja,(blank),multilingual-cluster,4,1,02-better-design-typography-101-ja,02-better-design-typography-101,Typography 101: Font Pairing Rules for Non-Designers,09-Better-Design/02-better-design-typography-101-ja.md
P2-backlog,59,09-Better-Design,zh,(blank),multilingual-cluster,4,1,02-better-design-typography-101-zh,02-better-design-typography-101,排版入门：非设计师的字体搭配法则,09-Better-Design/02-better-design-typography-101-zh.md
P2-backlog,59,09-Better-Design,zh-TW,(blank),multilingual-cluster,4,1,02-better-design-typography-101-zhtw,02-better-design-typography-101,Typography 101: Font Pairing Rules for Non-Designers,09-Better-Design/02-better-design-typography-101-zhtw.md
P2-backlog,59,09-Better-Design,zh,(blank),multilingual-cluster,4,1,03-cluster-color-psychology-ai-design-zh,03-cluster-color-psychology-ai-design,AI 设计中的色彩心理学：为你的品牌选择合适的调色板,09-Better-Design/03-cluster-color-psychology-ai-design-zh.md
P2-backlog,59,09-Better-Design,ja,(blank),multilingual-cluster,4,1,05-better-design-composition-rules-ja,05-better-design-composition-rules,"Composition Rules: The Rule of Thirds, Golden Ratio & More for Non-Designers",09-Better-Design/05-better-design-composition-rules-ja.md
P2-backlog,59,09-Better-Design,zh,(blank),multilingual-cluster,4,1,05-better-design-composition-rules-zh,05-better-design-composition-rules,构图法则：非设计师也能用的三分法、黄金比例与更多技巧,09-Better-Design/05-better-design-composition-rules-zh.md
P2-backlog,59,09-Better-Design,zh-TW,(blank),multilingual-cluster,4,1,05-better-design-composition-rules-zhtw,05-better-design-composition-rules,"Composition Rules: The Rule of Thirds, Golden Ratio & More for Non-Designers",09-Better-Design/05-better-design-composition-rules-zhtw.md
P2-backlog,59,09-Better-Design,zh,(blank),multilingual-cluster,2,1,21-perfect-imperfection-add-grain-noise-natural-ai-zh,21-perfect-imperfection-add-grain-noise-natural-ai,完美的不完美——添加颗粒和噪点，让AI艺术更显自然,09-Better-Design/21-perfect-imperfection-add-grain-noise-natural-ai-zh.md
P2-backlog,59,09-Better-Design,zh,(blank),multilingual-cluster,2,1,29-visual-storytelling-carousel-post-images-flow-together-zh,29-visual-storytelling-carousel-post-images-flow-together,视觉叙事——打造图片无缝衔接的轮播帖子,09-Better-Design/29-visual-storytelling-carousel-post-images-flow-together-zh.md
P2-backlog,59,09-Better-Design,ja,(blank),multilingual-cluster,4,1,non-designers-dictionary-translating-vibes-visuals,non-designers-dictionary-translating-vibes-visuals,【日本語】 The Non-デザインer's Dictionary — Translating Vibes into Visuals with AI,09-Better-Design/non-designers-dictionary-translating-vibes-visuals-ja.md
P2-backlog,59,09-Better-Design,zh,(blank),multilingual-cluster,4,1,non-designers-dictionary-translating-vibes-visuals,non-designers-dictionary-translating-vibes-visuals,非设计师词典——用AI将氛围转化为视觉,09-Better-Design/non-designers-dictionary-translating-vibes-visuals-zh.md
P2-backlog,59,09-Better-Design,zh-TW,(blank),multilingual-cluster,4,1,non-designers-dictionary-translating-vibes-visuals,non-designers-dictionary-translating-vibes-visuals,【繁體】 The Non-設計er's Dictionary — Translating Vibes into Visuals with AI,09-Better-Design/non-designers-dictionary-translating-vibes-visuals-zhtw.md
P2-backlog,59,09-Better-Design,zh,(blank),multilingual-cluster,4,1,psychology-of-ai-design-why-some-images-convert-zh,psychology-of-ai-design-why-some-images-convert,AI 设计的心理学——为何有些图片能转化，而有些却不能,09-Better-Design/psychology-of-ai-design-why-some-images-convert-zh.md
P2-backlog,59,09-Better-Design,zh,(blank),multilingual-cluster,4,1,style-picker-borrow-professional-aesthetics-ai,style-picker-borrow-professional-aesthetics-ai,风格选择器——无需设计理论，借专业美学之力,09-Better-Design/style-picker-borrow-professional-aesthetics-ai-zh.md
P2-backlog,59,11-Programmatic-SEO,ja,(blank),multilingual-cluster,4,1,01-cluster-brand-kit-from-scratch-ja,01-cluster-brand-kit-from-scratch,Building a Complete Brand Kit from Scratch with Lovart,11-Programmatic-SEO/01-cluster-brand-kit-from-scratch-ja.md
P2-backlog,59,11-Programmatic-SEO,zh,(blank),multilingual-cluster,4,1,01-cluster-brand-kit-from-scratch-zh,01-cluster-brand-kit-from-scratch,使用 Lovart 从零开始构建完整品牌套件,11-Programmatic-SEO/01-cluster-brand-kit-from-scratch-zh.md
P2-backlog,59,11-Programmatic-SEO,zh-TW,(blank),multilingual-cluster,4,1,01-cluster-brand-kit-from-scratch-zhtw,01-cluster-brand-kit-from-scratch,Building a Complete Brand Kit from Scratch with Lovart,11-Programmatic-SEO/01-cluster-brand-kit-from-scratch-zhtw.md
P2-backlog,59,11-Programmatic-SEO,ja,(blank),multilingual-cluster,4,1,brand-kit-accountant-lovart,brand-kit-accountant-lovart,【日本語】 方法 Create a ブランド Kit for an Accountant,11-Programmatic-SEO/brand-kit-accountant-lovart-ja.md
P2-backlog,59,11-Programmatic-SEO,zh,(blank),multilingual-cluster,4,1,brand-kit-accountant-lovart,brand-kit-accountant-lovart,如何为会计师创建品牌套件,11-Programmatic-SEO/brand-kit-accountant-lovart-zh.md
P2-backlog,59,11-Programmatic-SEO,zh-TW,(blank),multilingual-cluster,4,1,brand-kit-accountant-lovart,brand-kit-accountant-lovart,【繁體】 如何 Create a 品牌 Kit for an Accountant,11-Programmatic-SEO/brand-kit-accountant-lovart-zhtw.md
P2-backlog,59,11-Programmatic-SEO,ja,(blank),multilingual-cluster,4,1,brand-kit-acupuncturist-lovart,brand-kit-acupuncturist-lovart,【日本語】 方法 Create a ブランド Kit for an Acupuncturist,11-Programmatic-SEO/brand-kit-acupuncturist-lovart-ja.md
P2-backlog,59,11-Programmatic-SEO,zh-TW,(blank),multilingual-cluster,4,1,brand-kit-acupuncturist-lovart,brand-kit-acupuncturist-lovart,【繁體】 如何 Create a 品牌 Kit for an Acupuncturist,11-Programmatic-SEO/brand-kit-acupuncturist-lovart-zhtw.md
P2-backlog,59,11-Programmatic-SEO,ja,(blank),multilingual-cluster,4,1,brand-kit-architect-lovart,brand-kit-architect-lovart,【日本語】 方法 Create a ブランド Kit for an Architect,11-Programmatic-SEO/brand-kit-architect-lovart-ja.md
P2-backlog,59,11-Programmatic-SEO,zh,(blank),multilingual-cluster,4,1,brand-kit-architect-lovart,brand-kit-architect-lovart,如何为建筑师创建品牌套件,11-Programmatic-SEO/brand-kit-architect-lovart-zh.md
P2-backlog,59,11-Programmatic-SEO,zh-TW,(blank),multilingual-cluster,4,1,brand-kit-architect-lovart,brand-kit-architect-lovart,【繁體】 如何 Create a 品牌 Kit for an Architect,11-Programmatic-SEO/brand-kit-architect-lovart-zhtw.md
P2-backlog,59,11-Programmatic-SEO,ja,(blank),multilingual-cluster,4,1,brand-kit-attorney-lovart,brand-kit-attorney-lovart,【日本語】 方法 Create a ブランド Kit for an Attorney,11-Programmatic-SEO/brand-kit-attorney-lovart-ja.md
P2-backlog,59,11-Programmatic-SEO,zh,(blank),multilingual-cluster,4,1,brand-kit-attorney-lovart,brand-kit-attorney-lovart,如何为律师打造品牌工具包,11-Programmatic-SEO/brand-kit-attorney-lovart-zh.md
P2-backlog,59,11-Programmatic-SEO,zh-TW,(blank),multilingual-cluster,4,1,brand-kit-attorney-lovart,brand-kit-attorney-lovart,【繁體】 如何 Create a 品牌 Kit for an Attorney,11-Programmatic-SEO/brand-kit-attorney-lovart-zhtw.md
P2-backlog,59,11-Programmatic-SEO,ja,(blank),multilingual-cluster,4,1,brand-kit-bakery-artisan-lovart,brand-kit-bakery-artisan-lovart,【日本語】 方法 Create a ブランド Kit for an Artisan Bakery,11-Programmatic-SEO/brand-kit-bakery-artisan-lovart-ja.md
P2-backlog,59,11-Programmatic-SEO,zh,(blank),multilingual-cluster,4,1,brand-kit-bakery-artisan-lovart,brand-kit-bakery-artisan-lovart,如何为手工面包坊打造品牌套件,11-Programmatic-SEO/brand-kit-bakery-artisan-lovart-zh.md
P2-backlog,59,11-Programmatic-SEO,zh-TW,(blank),multilingual-cluster,4,1,brand-kit-bakery-artisan-lovart,brand-kit-bakery-artisan-lovart,【繁體】 如何 Create a 品牌 Kit for an Artisan Bakery,11-Programmatic-SEO/brand-kit-bakery-artisan-lovart-zhtw.md
P2-backlog,59,11-Programmatic-SEO,ja,(blank),multilingual-cluster,4,1,brand-kit-bakery-lovart,brand-kit-bakery-lovart,【日本語】 ブランド Kit for Bakeries: 完全 Visual Identity ガイド with Lovart's AI デザイン Agent,11-Programmatic-SEO/brand-kit-bakery-lovart-ja.md
P2-backlog,59,11-Programmatic-SEO,zh,(blank),multilingual-cluster,4,1,brand-kit-bakery-lovart,brand-kit-bakery-lovart,烘焙坊品牌套件：使用Lovart AI设计代理的完整视觉形象指南,11-Programmatic-SEO/brand-kit-bakery-lovart-zh.md
P2-backlog,59,11-Programmatic-SEO,zh-TW,(blank),multilingual-cluster,4,1,brand-kit-bakery-lovart,brand-kit-bakery-lovart,【繁體】 品牌 Kit for Bakeries: 完整 Visual Identity 指南 with Lovart's AI 設計 Agent,11-Programmatic-SEO/brand-kit-bakery-lovart-zhtw.md
P2-backlog,59,11-Programmatic-SEO,ja,(blank),multilingual-cluster,4,1,brand-kit-balloon-decorator-lovart,brand-kit-balloon-decorator-lovart,【日本語】 Balloon Decorator ブランド Kit: Float-Ready Visual Identity That Inflates Your Booking Rate,11-Programmatic-SEO/brand-kit-balloon-decorator-lovart-ja.md
P2-backlog,59,11-Programmatic-SEO,zh,(blank),multilingual-cluster,4,1,brand-kit-balloon-decorator-lovart-zh,brand-kit-balloon-decorator-lovart,,11-Programmatic-SEO/brand-kit-balloon-decorator-lovart-zh.md
P2-backlog,59,11-Programmatic-SEO,zh-TW,(blank),multilingual-cluster,4,1,brand-kit-balloon-decorator-lovart,brand-kit-balloon-decorator-lovart,【繁體】 Balloon Decorator 品牌 Kit: Float-Ready Visual Identity That Inflates Your Booking Rate,11-Programmatic-SEO/brand-kit-balloon-decorator-lovart-zhtw.md
P2-backlog,59,11-Programmatic-SEO,ja,(blank),multilingual-cluster,4,1,brand-kit-barber-shop-lovart,brand-kit-barber-shop-lovart,【日本語】 方法 Create a ブランド Kit for a Barber Shop,11-Programmatic-SEO/brand-kit-barber-shop-lovart-ja.md
P2-backlog,59,11-Programmatic-SEO,zh,(blank),multilingual-cluster,4,1,brand-kit-barber-shop-lovart,brand-kit-barber-shop-lovart,如何为理发店创建品牌套件,11-Programmatic-SEO/brand-kit-barber-shop-lovart-zh.md
P2-backlog,59,11-Programmatic-SEO,zh-TW,(blank),multilingual-cluster,4,1,brand-kit-barber-shop-lovart,brand-kit-barber-shop-lovart,【繁體】 如何 Create a 品牌 Kit for a Barber Shop,11-Programmatic-SEO/brand-kit-barber-shop-lovart-zhtw.md
P2-backlog,59,11-Programmatic-SEO,ja,(blank),multilingual-cluster,4,1,brand-kit-barre-studio-lovart,brand-kit-barre-studio-lovart,【日本語】 方法 Create a ブランド Kit for a Barre Studio,11-Programmatic-SEO/brand-kit-barre-studio-lovart-ja.md
P2-backlog,59,11-Programmatic-SEO,zh,(blank),multilingual-cluster,4,1,brand-kit-barre-studio-lovart,brand-kit-barre-studio-lovart,如何为芭蕾塑形工作室创建品牌套件,11-Programmatic-SEO/brand-kit-barre-studio-lovart-zh.md
P2-backlog,59,11-Programmatic-SEO,zh-TW,(blank),multilingual-cluster,4,1,brand-kit-barre-studio-lovart,brand-kit-barre-studio-lovart,【繁體】 如何 Create a 品牌 Kit for a Barre Studio,11-Programmatic-SEO/brand-kit-barre-studio-lovart-zhtw.md
P2-backlog,59,11-Programmatic-SEO,ja,(blank),multilingual-cluster,4,1,brand-kit-beauty-salon-spa-lovart,brand-kit-beauty-salon-spa-lovart,【日本語】 方法 Create a ブランド Kit for Your Beauty Salon or Spa — Elegant Visual Identity,11-Programmatic-SEO/brand-kit-beauty-salon-spa-lovart-ja.md
P2-backlog,59,11-Programmatic-SEO,zh,(blank),multilingual-cluster,4,1,brand-kit-beauty-salon-spa-lovart,brand-kit-beauty-salon-spa-lovart,如何为你的美容院或水疗中心创建品牌套件 — 优雅视觉识别,11-Programmatic-SEO/brand-kit-beauty-salon-spa-lovart-zh.md
P2-backlog,59,11-Programmatic-SEO,zh-TW,(blank),multilingual-cluster,4,1,brand-kit-beauty-salon-spa-lovart,brand-kit-beauty-salon-spa-lovart,【繁體】 如何 Create a 品牌 Kit for Your Beauty Salon or Spa — Elegant Visual Identity,11-Programmatic-SEO/brand-kit-beauty-salon-spa-lovart-zhtw.md
P2-backlog,59,11-Programmatic-SEO,ja,(blank),multilingual-cluster,4,1,brand-kit-bridal-shop-lovart,brand-kit-bridal-shop-lovart,【日本語】 Bridal Shop ブランド Kit: Visual Identity That Says 'Yes to the Dress' at First Glance,11-Programmatic-SEO/brand-kit-bridal-shop-lovart-ja.md
P2-backlog,59,11-Programmatic-SEO,zh,(blank),multilingual-cluster,4,1,brand-kit-bridal-shop-lovart,brand-kit-bridal-shop-lovart,婚纱店品牌套件：第一眼就让人心动的视觉标识,11-Programmatic-SEO/brand-kit-bridal-shop-lovart-zh.md
P2-backlog,59,11-Programmatic-SEO,zh-TW,(blank),multilingual-cluster,4,1,brand-kit-bridal-shop-lovart,brand-kit-bridal-shop-lovart,【繁體】 Bridal Shop 品牌 Kit: Visual Identity That Says 'Yes to the Dress' at First Glance,11-Programmatic-SEO/brand-kit-bridal-shop-lovart-zhtw.md
P2-backlog,59,11-Programmatic-SEO,ja,(blank),multilingual-cluster,4,1,brand-kit-brow-studio-lovart,brand-kit-brow-studio-lovart,【日本語】 方法 Create a ブランド Kit for a Brow Studio,11-Programmatic-SEO/brand-kit-brow-studio-lovart-ja.md
P2-backlog,59,11-Programmatic-SEO,zh,(blank),multilingual-cluster,4,1,brand-kit-brow-studio-lovart-zh,brand-kit-brow-studio-lovart,如何为你的眉部工作室打造品牌套件,11-Programmatic-SEO/brand-kit-brow-studio-lovart-zh.md
P2-backlog,59,11-Programmatic-SEO,zh-TW,(blank),multilingual-cluster,4,1,brand-kit-brow-studio-lovart,brand-kit-brow-studio-lovart,【繁體】 如何 Create a 品牌 Kit for a Brow Studio,11-Programmatic-SEO/brand-kit-brow-studio-lovart-zhtw.md
P2-backlog,59,11-Programmatic-SEO,ja,(blank),multilingual-cluster,4,1,brand-kit-bubble-tea-shop-lovart,brand-kit-bubble-tea-shop-lovart,【日本語】 Bubble Tea Shop ブランド Kit: Instagram-Ready Visual Identity for Boba ブランドs,11-Programmatic-SEO/brand-kit-bubble-tea-shop-lovart-ja.md
P2-backlog,59,11-Programmatic-SEO,zh,(blank),multilingual-cluster,4,1,brand-kit-bubble-tea-shop-lovart-zh,brand-kit-bubble-tea-shop-lovart,,11-Programmatic-SEO/brand-kit-bubble-tea-shop-lovart-zh.md
P2-backlog,59,11-Programmatic-SEO,zh-TW,(blank),multilingual-cluster,4,1,brand-kit-bubble-tea-shop-lovart,brand-kit-bubble-tea-shop-lovart,【繁體】 Bubble Tea Shop 品牌 Kit: Instagram-Ready Visual Identity for Boba 品牌s,11-Programmatic-SEO/brand-kit-bubble-tea-shop-lovart-zhtw.md
P2-backlog,59,11-Programmatic-SEO,ja,(blank),multilingual-cluster,4,1,brand-kit-candle-maker-lovart,brand-kit-candle-maker-lovart,【日本語】 方法 Create a ブランド Kit for a Candle Maker,11-Programmatic-SEO/brand-kit-candle-maker-lovart-ja.md
P2-backlog,59,11-Programmatic-SEO,zh,(blank),multilingual-cluster,4,1,brand-kit-candle-maker-lovart,brand-kit-candle-maker-lovart,如何为蜡烛制造商创建品牌套件,11-Programmatic-SEO/brand-kit-candle-maker-lovart-zh.md
P2-backlog,59,11-Programmatic-SEO,zh-TW,(blank),multilingual-cluster,4,1,brand-kit-candle-maker-lovart,brand-kit-candle-maker-lovart,【繁體】 如何 Create a 品牌 Kit for a Candle Maker,11-Programmatic-SEO/brand-kit-candle-maker-lovart-zhtw.md
P2-backlog,59,11-Programmatic-SEO,ja,(blank),multilingual-cluster,4,1,brand-kit-cat-cafe-lovart,brand-kit-cat-cafe-lovart,【日本語】 Cat Cafe ブランド Kit: Purrfect Visual Identity That Turns Cat Lovers into Regulars,11-Programmatic-SEO/brand-kit-cat-cafe-lovart-ja.md
P2-backlog,59,11-Programmatic-SEO,zh,(blank),multilingual-cluster,4,1,brand-kit-cat-cafe-lovart-zh,brand-kit-cat-cafe-lovart,,11-Programmatic-SEO/brand-kit-cat-cafe-lovart-zh.md
P2-backlog,59,11-Programmatic-SEO,zh-TW,(blank),multilingual-cluster,4,1,brand-kit-cat-cafe-lovart,brand-kit-cat-cafe-lovart,【繁體】 Cat Cafe 品牌 Kit: Purrfect Visual Identity That Turns Cat Lovers into Regulars,11-Programmatic-SEO/brand-kit-cat-cafe-lovart-zhtw.md
P2-backlog,59,11-Programmatic-SEO,ja,(blank),multilingual-cluster,4,1,brand-kit-catering-business-lovart,brand-kit-catering-business-lovart,【日本語】 方法 Create a ブランド Kit for a Catering Business,11-Programmatic-SEO/brand-kit-catering-business-lovart-ja.md
P2-backlog,59,11-Programmatic-SEO,zh,(blank),multilingual-cluster,4,1,brand-kit-catering-business-lovart-zh,brand-kit-catering-business-lovart,,11-Programmatic-SEO/brand-kit-catering-business-lovart-zh.md
P2-backlog,59,11-Programmatic-SEO,zh-TW,(blank),multilingual-cluster,4,1,brand-kit-catering-business-lovart,brand-kit-catering-business-lovart,【繁體】 如何 Create a 品牌 Kit for a Catering Business,11-Programmatic-SEO/brand-kit-catering-business-lovart-zhtw.md
P2-backlog,59,11-Programmatic-SEO,ja,(blank),multilingual-cluster,4,1,brand-kit-catering-lovart,brand-kit-catering-lovart,【日本語】 方法 Create a ブランド Kit for a Catering Business,11-Programmatic-SEO/brand-kit-catering-lovart-ja.md
P2-backlog,59,11-Programmatic-SEO,zh,(blank),multilingual-cluster,4,1,brand-kit-catering-lovart-zh,brand-kit-catering-lovart,如何为你的餐饮业务打造品牌套件,11-Programmatic-SEO/brand-kit-catering-lovart-zh.md
P2-backlog,59,11-Programmatic-SEO,zh-TW,(blank),multilingual-cluster,4,1,brand-kit-catering-lovart,brand-kit-catering-lovart,【繁體】 如何 Create a 品牌 Kit for a Catering Business,11-Programmatic-SEO/brand-kit-catering-lovart-zhtw.md
P2-backlog,59,11-Programmatic-SEO,ja,(blank),multilingual-cluster,4,1,brand-kit-chiropractor-lovart,brand-kit-chiropractor-lovart,【日本語】 方法 Create a ブランド Kit for a Chiropractor,11-Programmatic-SEO/brand-kit-chiropractor-lovart-ja.md
P2-backlog,59,11-Programmatic-SEO,zh-TW,(blank),multilingual-cluster,4,1,brand-kit-chiropractor-lovart,brand-kit-chiropractor-lovart,【繁體】 如何 Create a 品牌 Kit for a Chiropractor,11-Programmatic-SEO/brand-kit-chiropractor-lovart-zhtw.md
P2-backlog,59,11-Programmatic-SEO,ja,(blank),multilingual-cluster,4,1,brand-kit-clothing-boutique-lovart,brand-kit-clothing-boutique-lovart,【日本語】 方法 Create a ブランド Kit for a Clothing Boutique,11-Programmatic-SEO/brand-kit-clothing-boutique-lovart-ja.md
P2-backlog,59,11-Programmatic-SEO,zh,(blank),multilingual-cluster,4,1,brand-kit-clothing-boutique-lovart,brand-kit-clothing-boutique-lovart,如何为服装精品店打造品牌工具包,11-Programmatic-SEO/brand-kit-clothing-boutique-lovart-zh.md
P2-backlog,59,11-Programmatic-SEO,zh-TW,(blank),multilingual-cluster,4,1,brand-kit-clothing-boutique-lovart,brand-kit-clothing-boutique-lovart,【繁體】 如何 Create a 品牌 Kit for a Clothing Boutique,11-Programmatic-SEO/brand-kit-clothing-boutique-lovart-zhtw.md
P2-backlog,59,11-Programmatic-SEO,ja,(blank),multilingual-cluster,4,1,brand-kit-coach-lovart,brand-kit-coach-lovart,【日本語】 ブランド Kit for Coaches: 完全 Visual Identity ガイド with Lovart's AI デザイン Agent,11-Programmatic-SEO/brand-kit-coach-lovart-ja.md
P2-backlog,59,11-Programmatic-SEO,zh,(blank),multilingual-cluster,4,1,brand-kit-coach-lovart,brand-kit-coach-lovart,教练品牌工具包：Lovart AI 设计助手打造完整视觉形象指南,11-Programmatic-SEO/brand-kit-coach-lovart-zh.md
P2-backlog,59,11-Programmatic-SEO,zh-TW,(blank),multilingual-cluster,4,1,brand-kit-coach-lovart,brand-kit-coach-lovart,【繁體】 品牌 Kit for Coaches: 完整 Visual Identity 指南 with Lovart's AI 設計 Agent,11-Programmatic-SEO/brand-kit-coach-lovart-zhtw.md
P2-backlog,59,11-Programmatic-SEO,ja,(blank),multilingual-cluster,4,1,brand-kit-cocktail-bar-lovart,brand-kit-cocktail-bar-lovart,【日本語】 Cocktail Bar ブランド Kit: After-Dark Visual Identity That Makes Your Bar the Destination,11-Programmatic-SEO/brand-kit-cocktail-bar-lovart-ja.md
P2-backlog,59,11-Programmatic-SEO,zh,(blank),multilingual-cluster,4,1,brand-kit-cocktail-bar-lovart-zh,brand-kit-cocktail-bar-lovart,,11-Programmatic-SEO/brand-kit-cocktail-bar-lovart-zh.md
P2-backlog,59,11-Programmatic-SEO,zh-TW,(blank),multilingual-cluster,4,1,brand-kit-cocktail-bar-lovart,brand-kit-cocktail-bar-lovart,【繁體】 Cocktail Bar 品牌 Kit: After-Dark Visual Identity That Makes Your Bar the Destination,11-Programmatic-SEO/brand-kit-cocktail-bar-lovart-zhtw.md
P2-backlog,59,11-Programmatic-SEO,ja,(blank),multilingual-cluster,4,1,brand-kit-coffee-shop-lovart,brand-kit-coffee-shop-lovart,【日本語】 ブランド Kit for Coffee Shops: 完全 Visual Identity ガイド with Lovart's AI デザイン Agent,11-Programmatic-SEO/brand-kit-coffee-shop-lovart-ja.md
P2-backlog,59,11-Programmatic-SEO,zh,(blank),multilingual-cluster,4,1,brand-kit-coffee-shop-lovart,brand-kit-coffee-shop-lovart,咖啡店品牌套件：Lovart AI 设计助手打造完整视觉识别指南,11-Programmatic-SEO/brand-kit-coffee-shop-lovart-zh.md
P2-backlog,59,11-Programmatic-SEO,zh-TW,(blank),multilingual-cluster,4,1,brand-kit-coffee-shop-lovart,brand-kit-coffee-shop-lovart,【繁體】 品牌 Kit for Coffee Shops: 完整 Visual Identity 指南 with Lovart's AI 設計 Agent,11-Programmatic-SEO/brand-kit-coffee-shop-lovart-zhtw.md
P2-backlog,59,11-Programmatic-SEO,ja,(blank),multilingual-cluster,4,1,brand-kit-comic-book-shop-lovart,brand-kit-comic-book-shop-lovart,【日本語】 Comic Book Shop ブランド Kit: Heroic Visual Identity That Turns Wednesday Warriors into Lifelong Fans,11-Programmatic-SEO/brand-kit-comic-book-shop-lovart-ja.md
P2-backlog,59,11-Programmatic-SEO,zh,(blank),multilingual-cluster,4,1,brand-kit-comic-book-shop-lovart-zh,brand-kit-comic-book-shop-lovart,,11-Programmatic-SEO/brand-kit-comic-book-shop-lovart-zh.md
P2-backlog,59,11-Programmatic-SEO,zh-TW,(blank),multilingual-cluster,4,1,brand-kit-comic-book-shop-lovart,brand-kit-comic-book-shop-lovart,【繁體】 Comic Book Shop 品牌 Kit: Heroic Visual Identity That Turns Wednesday Warriors into Lifelong Fans,11-Programmatic-SEO/brand-kit-comic-book-shop-lovart-zhtw.md
P2-backlog,59,11-Programmatic-SEO,ja,(blank),multilingual-cluster,4,1,brand-kit-consultant-lovart,brand-kit-consultant-lovart,【日本語】 ブランド Kit for Consultants: 完全 Visual Identity ガイド with Lovart's AI デザイン Agent,11-Programmatic-SEO/brand-kit-consultant-lovart-ja.md
P2-backlog,59,11-Programmatic-SEO,zh,(blank),multilingual-cluster,4,1,brand-kit-consultant-lovart,brand-kit-consultant-lovart,顾问品牌工具包：Lovart AI 设计代理助您打造完整视觉形象指南,11-Programmatic-SEO/brand-kit-consultant-lovart-zh.md
P2-backlog,59,11-Programmatic-SEO,zh-TW,(blank),multilingual-cluster,4,1,brand-kit-consultant-lovart,brand-kit-consultant-lovart,【繁體】 品牌 Kit for Consultants: 完整 Visual Identity 指南 with Lovart's AI 設計 Agent,11-Programmatic-SEO/brand-kit-consultant-lovart-zhtw.md
P2-backlog,59,11-Programmatic-SEO,ja,(blank),multilingual-cluster,4,1,brand-kit-course-creator-lovart,brand-kit-course-creator-lovart,【日本語】 ブランド Kit for Course Creators: 完全 Visual Identity ガイド with Lovart's AI デザイン Agent,11-Programmatic-SEO/brand-kit-course-creator-lovart-ja.md
P2-backlog,59,11-Programmatic-SEO,zh,(blank),multilingual-cluster,4,1,brand-kit-course-creator-lovart,brand-kit-course-creator-lovart,课程创作者品牌工具包：Lovart AI 设计助手完整视觉识别指南,11-Programmatic-SEO/brand-kit-course-creator-lovart-zh.md
P2-backlog,59,11-Programmatic-SEO,zh-TW,(blank),multilingual-cluster,4,1,brand-kit-course-creator-lovart,brand-kit-course-creator-lovart,【繁體】 品牌 Kit for Course Creators: 完整 Visual Identity 指南 with Lovart's AI 設計 Agent,11-Programmatic-SEO/brand-kit-course-creator-lovart-zhtw.md
P2-backlog,59,11-Programmatic-SEO,ja,(blank),multilingual-cluster,4,1,brand-kit-crossfit-box-lovart,brand-kit-crossfit-box-lovart,【日本語】 方法 Create a ブランド Kit for a CrossFit Box,11-Programmatic-SEO/brand-kit-crossfit-box-lovart-ja.md
P2-backlog,59,11-Programmatic-SEO,zh,(blank),multilingual-cluster,4,1,brand-kit-crossfit-box-lovart,brand-kit-crossfit-box-lovart,如何为你的CrossFit健身房打造品牌套件,11-Programmatic-SEO/brand-kit-crossfit-box-lovart-zh.md
P2-backlog,59,11-Programmatic-SEO,zh-TW,(blank),multilingual-cluster,4,1,brand-kit-crossfit-box-lovart,brand-kit-crossfit-box-lovart,【繁體】 如何 Create a 品牌 Kit for a CrossFit Box,11-Programmatic-SEO/brand-kit-crossfit-box-lovart-zhtw.md
P2-backlog,59,11-Programmatic-SEO,ja,(blank),multilingual-cluster,4,1,brand-kit-cycling-studio-lovart,brand-kit-cycling-studio-lovart,【日本語】 方法 Create a ブランド Kit for a Cycling Studio,11-Programmatic-SEO/brand-kit-cycling-studio-lovart-ja.md
P2-backlog,59,11-Programmatic-SEO,zh,(blank),multilingual-cluster,4,1,brand-kit-cycling-studio-lovart,brand-kit-cycling-studio-lovart,如何为动感单车工作室创建品牌套件,11-Programmatic-SEO/brand-kit-cycling-studio-lovart-zh.md
P2-backlog,59,11-Programmatic-SEO,zh-TW,(blank),multilingual-cluster,4,1,brand-kit-cycling-studio-lovart,brand-kit-cycling-studio-lovart,【繁體】 如何 Create a 品牌 Kit for a Cycling Studio,11-Programmatic-SEO/brand-kit-cycling-studio-lovart-zhtw.md
P2-backlog,59,11-Programmatic-SEO,ja,(blank),multilingual-cluster,4,1,brand-kit-dance-studio-lovart,brand-kit-dance-studio-lovart,【日本語】 方法 Create a ブランド Kit for a Dance Studio,11-Programmatic-SEO/brand-kit-dance-studio-lovart-ja.md
P2-backlog,59,11-Programmatic-SEO,zh,(blank),multilingual-cluster,4,1,brand-kit-dance-studio-lovart,brand-kit-dance-studio-lovart,如何为舞蹈工作室创建品牌套件,11-Programmatic-SEO/brand-kit-dance-studio-lovart-zh.md
P2-backlog,59,11-Programmatic-SEO,zh-TW,(blank),multilingual-cluster,4,1,brand-kit-dance-studio-lovart,brand-kit-dance-studio-lovart,【繁體】 如何 Create a 品牌 Kit for a Dance Studio,11-Programmatic-SEO/brand-kit-dance-studio-lovart-zhtw.md
P2-backlog,59,11-Programmatic-SEO,ja,(blank),multilingual-cluster,4,1,brand-kit-dentist-lovart,brand-kit-dentist-lovart,【日本語】 方法 Create a ブランド Kit for a Dentist,11-Programmatic-SEO/brand-kit-dentist-lovart-ja.md
P2-backlog,59,11-Programmatic-SEO,zh,(blank),multilingual-cluster,4,1,brand-kit-dentist-lovart,brand-kit-dentist-lovart,如何为牙医打造品牌套件,11-Programmatic-SEO/brand-kit-dentist-lovart-zh.md
P2-backlog,59,11-Programmatic-SEO,zh-TW,(blank),multilingual-cluster,4,1,brand-kit-dentist-lovart,brand-kit-dentist-lovart,【繁體】 如何 Create a 品牌 Kit for a Dentist,11-Programmatic-SEO/brand-kit-dentist-lovart-zhtw.md
P2-backlog,59,11-Programmatic-SEO,ja,(blank),multilingual-cluster,4,1,brand-kit-dermatologist-lovart,brand-kit-dermatologist-lovart,【日本語】 Dermatologist ブランド Kit: Skin-Deep ブランドing That Converts Consultation Inquiries,11-Programmatic-SEO/brand-kit-dermatologist-lovart-ja.md
P2-backlog,59,11-Programmatic-SEO,zh,(blank),multilingual-cluster,4,1,brand-kit-dermatologist-lovart-zh,brand-kit-dermatologist-lovart,,11-Programmatic-SEO/brand-kit-dermatologist-lovart-zh.md
P2-backlog,59,11-Programmatic-SEO,zh-TW,(blank),multilingual-cluster,4,1,brand-kit-dermatologist-lovart,brand-kit-dermatologist-lovart,【繁體】 Dermatologist 品牌 Kit: Skin-Deep 品牌ing That Converts Consultation Inquiries,11-Programmatic-SEO/brand-kit-dermatologist-lovart-zhtw.md
P2-backlog,59,11-Programmatic-SEO,ja,(blank),multilingual-cluster,4,1,brand-kit-doctor-lovart,brand-kit-doctor-lovart,【日本語】 方法 Create a ブランド Kit for a Medical Doctor,11-Programmatic-SEO/brand-kit-doctor-lovart-ja.md
P2-backlog,59,11-Programmatic-SEO,zh,(blank),multilingual-cluster,4,1,brand-kit-doctor-lovart,brand-kit-doctor-lovart,如何为医生打造品牌工具包,11-Programmatic-SEO/brand-kit-doctor-lovart-zh.md
P2-backlog,59,11-Programmatic-SEO,zh-TW,(blank),multilingual-cluster,4,1,brand-kit-doctor-lovart,brand-kit-doctor-lovart,【繁體】 如何 Create a 品牌 Kit for a Medical Doctor,11-Programmatic-SEO/brand-kit-doctor-lovart-zhtw.md
P2-backlog,59,11-Programmatic-SEO,ja,(blank),multilingual-cluster,4,1,brand-kit-dog-trainer-lovart,brand-kit-dog-trainer-lovart,【日本語】 Dog Trainer ブランド Kit: Commanding Visual Identity That Has Owners Clicking 'Book a Session,11-Programmatic-SEO/brand-kit-dog-trainer-lovart-ja.md
P2-backlog,59,11-Programmatic-SEO,zh,(blank),multilingual-cluster,4,1,brand-kit-dog-trainer-lovart-zh,brand-kit-dog-trainer-lovart,,11-Programmatic-SEO/brand-kit-dog-trainer-lovart-zh.md
P2-backlog,59,11-Programmatic-SEO,zh-TW,(blank),multilingual-cluster,4,1,brand-kit-dog-trainer-lovart,brand-kit-dog-trainer-lovart,【繁體】 Dog Trainer 品牌 Kit: Commanding Visual Identity That Has Owners Clicking 'Book a Session,11-Programmatic-SEO/brand-kit-dog-trainer-lovart-zhtw.md
P2-backlog,59,11-Programmatic-SEO,ja,(blank),multilingual-cluster,4,1,brand-kit-dog-walker-lovart,brand-kit-dog-walker-lovart,【日本語】 Dog Walker ブランド Kit: Leash-Ready Visual Identity That Walks You Into a Fully-Booked Schedule,11-Programmatic-SEO/brand-kit-dog-walker-lovart-ja.md
P2-backlog,59,11-Programmatic-SEO,zh,(blank),multilingual-cluster,4,1,brand-kit-dog-walker-lovart-zh,brand-kit-dog-walker-lovart,,11-Programmatic-SEO/brand-kit-dog-walker-lovart-zh.md
P2-backlog,59,11-Programmatic-SEO,zh-TW,(blank),multilingual-cluster,4,1,brand-kit-dog-walker-lovart,brand-kit-dog-walker-lovart,【繁體】 Dog Walker 品牌 Kit: Leash-Ready Visual Identity That Walks You Into a Fully-Booked Schedule,11-Programmatic-SEO/brand-kit-dog-walker-lovart-zhtw.md
P2-backlog,59,11-Programmatic-SEO,ja,(blank),multilingual-cluster,4,1,brand-kit-dtc-brand-lovart,brand-kit-dtc-brand-lovart,【日本語】 ブランド Kit for DTC ブランドs: 完全 Visual Identity ガイド with Lovart's AI デザイン Agent,11-Programmatic-SEO/brand-kit-dtc-brand-lovart-ja.md
P2-backlog,59,11-Programmatic-SEO,zh,(blank),multilingual-cluster,4,1,brand-kit-dtc-brand-lovart,brand-kit-dtc-brand-lovart,DTC品牌视觉识别指南：借助Lovart AI设计助手打造完整品牌套件,11-Programmatic-SEO/brand-kit-dtc-brand-lovart-zh.md
P2-backlog,59,11-Programmatic-SEO,zh-TW,(blank),multilingual-cluster,4,1,brand-kit-dtc-brand-lovart,brand-kit-dtc-brand-lovart,【繁體】 品牌 Kit for DTC 品牌s: 完整 Visual Identity 指南 with Lovart's AI 設計 Agent,11-Programmatic-SEO/brand-kit-dtc-brand-lovart-zhtw.md
P2-backlog,59,11-Programmatic-SEO,ja,(blank),multilingual-cluster,4,1,brand-kit-ecommerce-lovart,brand-kit-ecommerce-lovart,【日本語】 ブランド Kit for Ecommerce: 完全 Visual Identity ガイド with Lovart's AI デザイン Agent,11-Programmatic-SEO/brand-kit-ecommerce-lovart-ja.md
P2-backlog,59,11-Programmatic-SEO,zh,(blank),multilingual-cluster,4,1,brand-kit-ecommerce-lovart,brand-kit-ecommerce-lovart,电商品牌套件：Lovart AI 设计代理的完整视觉识别指南,11-Programmatic-SEO/brand-kit-ecommerce-lovart-zh.md
P2-backlog,59,11-Programmatic-SEO,zh-TW,(blank),multilingual-cluster,4,1,brand-kit-ecommerce-lovart,brand-kit-ecommerce-lovart,【繁體】 品牌 Kit for Ecommerce: 完整 Visual Identity 指南 with Lovart's AI 設計 Agent,11-Programmatic-SEO/brand-kit-ecommerce-lovart-zhtw.md
P2-backlog,59,11-Programmatic-SEO,ja,(blank),multilingual-cluster,4,1,brand-kit-ecommerce-store-lovart,brand-kit-ecommerce-store-lovart,【日本語】 方法 Create a ブランド Kit for Your E-commerce Store — Consistent Product ブランドing,11-Programmatic-SEO/brand-kit-ecommerce-store-lovart-ja.md
P2-backlog,59,11-Programmatic-SEO,zh,(blank),multilingual-cluster,4,1,brand-kit-ecommerce-store-lovart-zh,brand-kit-ecommerce-store-lovart,如何为你的电商商店创建品牌工具包 — 实现一致的产品品牌形象,11-Programmatic-SEO/brand-kit-ecommerce-store-lovart-zh.md
P2-backlog,59,11-Programmatic-SEO,zh-TW,(blank),multilingual-cluster,4,1,brand-kit-ecommerce-store-lovart,brand-kit-ecommerce-store-lovart,【繁體】 如何 Create a 品牌 Kit for Your E-commerce Store — Consistent Product 品牌ing,11-Programmatic-SEO/brand-kit-ecommerce-store-lovart-zhtw.md
P2-backlog,59,11-Programmatic-SEO,ja,(blank),multilingual-cluster,4,1,brand-kit-electrician-lovart,brand-kit-electrician-lovart,【日本語】 Electrician ブランド Kit: High-Wattage Visual Identity That Lights Up Your Lead Pipeline,11-Programmatic-SEO/brand-kit-electrician-lovart-ja.md
P2-backlog,59,11-Programmatic-SEO,zh,(blank),multilingual-cluster,4,1,brand-kit-electrician-lovart-zh,brand-kit-electrician-lovart,,11-Programmatic-SEO/brand-kit-electrician-lovart-zh.md
P2-backlog,59,11-Programmatic-SEO,zh-TW,(blank),multilingual-cluster,4,1,brand-kit-electrician-lovart,brand-kit-electrician-lovart,【繁體】 Electrician 品牌 Kit: High-Wattage Visual Identity That Lights Up Your Lead Pipeline,11-Programmatic-SEO/brand-kit-electrician-lovart-zhtw.md
P2-backlog,59,11-Programmatic-SEO,ja,(blank),multilingual-cluster,4,1,brand-kit-event-rental-lovart,brand-kit-event-rental-lovart,【日本語】 Event Rental ブランド Kit: Visual Identity That Makes Tablescapes Sell Themselves,11-Programmatic-SEO/brand-kit-event-rental-lovart-ja.md
P2-backlog,59,11-Programmatic-SEO,zh,(blank),multilingual-cluster,4,1,brand-kit-event-rental-lovart-zh,brand-kit-event-rental-lovart,,11-Programmatic-SEO/brand-kit-event-rental-lovart-zh.md
P2-backlog,59,11-Programmatic-SEO,zh-TW,(blank),multilingual-cluster,4,1,brand-kit-event-rental-lovart,brand-kit-event-rental-lovart,【繁體】 Event Rental 品牌 Kit: Visual Identity That Makes Tablescapes Sell Themselves,11-Programmatic-SEO/brand-kit-event-rental-lovart-zhtw.md
P2-backlog,59,11-Programmatic-SEO,ja,(blank),multilingual-cluster,4,1,brand-kit-fitness-gym-lovart,brand-kit-fitness-gym-lovart,【日本語】 方法 Create a ブランド Kit for Your Fitness Studio or Gym — Energetic Visual Identity,11-Programmatic-SEO/brand-kit-fitness-gym-lovart-ja.md
P2-backlog,59,11-Programmatic-SEO,zh,(blank),multilingual-cluster,4,1,brand-kit-fitness-gym-lovart,brand-kit-fitness-gym-lovart,如何为你的健身工作室或健身房打造品牌工具包——充满活力的视觉形象,11-Programmatic-SEO/brand-kit-fitness-gym-lovart-zh.md
P2-backlog,59,11-Programmatic-SEO,zh-TW,(blank),multilingual-cluster,4,1,brand-kit-fitness-gym-lovart,brand-kit-fitness-gym-lovart,【繁體】 如何 Create a 品牌 Kit for Your Fitness Studio or Gym — Energetic Visual Identity,11-Programmatic-SEO/brand-kit-fitness-gym-lovart-zhtw.md
P2-backlog,59,11-Programmatic-SEO,ja,(blank),multilingual-cluster,4,1,brand-kit-florist-lovart,brand-kit-florist-lovart,【日本語】 ブランド Kit for Florists: 完全 Visual Identity ガイド with Lovart's AI デザイン Agent,11-Programmatic-SEO/brand-kit-florist-lovart-ja.md
P2-backlog,59,11-Programmatic-SEO,zh,(blank),multilingual-cluster,4,1,brand-kit-florist-lovart,brand-kit-florist-lovart,花店品牌工具包：Lovart AI 设计助手打造完整视觉形象指南,11-Programmatic-SEO/brand-kit-florist-lovart-zh.md
P2-backlog,59,11-Programmatic-SEO,zh-TW,(blank),multilingual-cluster,4,1,brand-kit-florist-lovart,brand-kit-florist-lovart,【繁體】 品牌 Kit for Florists: 完整 Visual Identity 指南 with Lovart's AI 設計 Agent,11-Programmatic-SEO/brand-kit-florist-lovart-zhtw.md
P2-backlog,59,11-Programmatic-SEO,ja,(blank),multilingual-cluster,4,1,brand-kit-food-stall-lovart,brand-kit-food-stall-lovart,【日本語】 Food Stall ブランド Kit: Compact Visual Identity That Turns Foot Traffic into Regulars,11-Programmatic-SEO/brand-kit-food-stall-lovart-ja.md
P2-backlog,59,11-Programmatic-SEO,zh,(blank),multilingual-cluster,4,1,brand-kit-food-stall-lovart-zh,brand-kit-food-stall-lovart,,11-Programmatic-SEO/brand-kit-food-stall-lovart-zh.md
P2-backlog,59,11-Programmatic-SEO,zh-TW,(blank),multilingual-cluster,4,1,brand-kit-food-stall-lovart,brand-kit-food-stall-lovart,【繁體】 Food Stall 品牌 Kit: Compact Visual Identity That Turns Foot Traffic into Regulars,11-Programmatic-SEO/brand-kit-food-stall-lovart-zhtw.md
P2-backlog,59,11-Programmatic-SEO,ja,(blank),multilingual-cluster,4,1,brand-kit-food-truck-lovart,brand-kit-food-truck-lovart,【日本語】 方法 Create a ブランド Kit for a Food Truck,11-Programmatic-SEO/brand-kit-food-truck-lovart-ja.md
P2-backlog,59,11-Programmatic-SEO,zh,(blank),multilingual-cluster,4,1,brand-kit-food-truck-lovart-zh,brand-kit-food-truck-lovart,,11-Programmatic-SEO/brand-kit-food-truck-lovart-zh.md
P2-backlog,59,11-Programmatic-SEO,zh-TW,(blank),multilingual-cluster,4,1,brand-kit-food-truck-lovart,brand-kit-food-truck-lovart,【繁體】 如何 Create a 品牌 Kit for a Food Truck,11-Programmatic-SEO/brand-kit-food-truck-lovart-zhtw.md
P2-backlog,59,11-Programmatic-SEO,ja,(blank),multilingual-cluster,4,1,brand-kit-furniture-maker-lovart,brand-kit-furniture-maker-lovart,【日本語】 方法 Create a ブランド Kit for a Furniture Maker,11-Programmatic-SEO/brand-kit-furniture-maker-lovart-ja.md
P2-backlog,59,11-Programmatic-SEO,zh,(blank),multilingual-cluster,4,1,brand-kit-furniture-maker-lovart-zh,brand-kit-furniture-maker-lovart,如何为你的家具制造业务创建品牌工具包,11-Programmatic-SEO/brand-kit-furniture-maker-lovart-zh.md
P2-backlog,59,11-Programmatic-SEO,zh-TW,(blank),multilingual-cluster,4,1,brand-kit-furniture-maker-lovart,brand-kit-furniture-maker-lovart,【繁體】 如何 Create a 品牌 Kit for a Furniture Maker,11-Programmatic-SEO/brand-kit-furniture-maker-lovart-zhtw.md
P2-backlog,59,11-Programmatic-SEO,ja,(blank),multilingual-cluster,4,1,brand-kit-gift-shop-lovart,brand-kit-gift-shop-lovart,【日本語】 Gift Shop ブランド Kit: Thoughtful Visual Identity That Makes Every Purchase Feel Like a Present,11-Programmatic-SEO/brand-kit-gift-shop-lovart-ja.md
P2-backlog,59,11-Programmatic-SEO,zh,(blank),multilingual-cluster,4,1,brand-kit-gift-shop-lovart-zh,brand-kit-gift-shop-lovart,,11-Programmatic-SEO/brand-kit-gift-shop-lovart-zh.md
P2-backlog,59,11-Programmatic-SEO,zh-TW,(blank),multilingual-cluster,4,1,brand-kit-gift-shop-lovart,brand-kit-gift-shop-lovart,【繁體】 Gift Shop 品牌 Kit: Thoughtful Visual Identity That Makes Every Purchase Feel Like a Present,11-Programmatic-SEO/brand-kit-gift-shop-lovart-zhtw.md
P2-backlog,59,11-Programmatic-SEO,ja,(blank),multilingual-cluster,4,1,brand-kit-gym-lovart,brand-kit-gym-lovart,【日本語】 ブランド Kit for Gyms: 完全 Visual Identity ガイド with Lovart's AI デザイン Agent,11-Programmatic-SEO/brand-kit-gym-lovart-ja.md
P2-backlog,59,11-Programmatic-SEO,zh,(blank),multilingual-cluster,4,1,brand-kit-gym-lovart,brand-kit-gym-lovart,健身房品牌套件：Lovart AI 设计助手打造完整视觉形象指南,11-Programmatic-SEO/brand-kit-gym-lovart-zh.md
P2-backlog,59,11-Programmatic-SEO,zh-TW,(blank),multilingual-cluster,4,1,brand-kit-gym-lovart,brand-kit-gym-lovart,【繁體】 品牌 Kit for Gyms: 完整 Visual Identity 指南 with Lovart's AI 設計 Agent,11-Programmatic-SEO/brand-kit-gym-lovart-zhtw.md
P2-backlog,59,11-Programmatic-SEO,ja,(blank),multilingual-cluster,4,1,brand-kit-hair-salon-lovart,brand-kit-hair-salon-lovart,【日本語】 ブランド Kit for Hair Salons: 完全 Visual Identity ガイド with Lovart's AI デザイン Agent,11-Programmatic-SEO/brand-kit-hair-salon-lovart-ja.md
P2-backlog,59,11-Programmatic-SEO,zh,(blank),multilingual-cluster,4,1,brand-kit-hair-salon-lovart,brand-kit-hair-salon-lovart,美发沙龙品牌套件：Lovart AI 设计助手打造完整视觉识别指南,11-Programmatic-SEO/brand-kit-hair-salon-lovart-zh.md
P2-backlog,59,11-Programmatic-SEO,zh-TW,(blank),multilingual-cluster,4,1,brand-kit-hair-salon-lovart,brand-kit-hair-salon-lovart,【繁體】 品牌 Kit for Hair Salons: 完整 Visual Identity 指南 with Lovart's AI 設計 Agent,11-Programmatic-SEO/brand-kit-hair-salon-lovart-zhtw.md
P2-backlog,59,11-Programmatic-SEO,ja,(blank),multilingual-cluster,4,1,brand-kit-handyman-lovart,brand-kit-handyman-lovart,【日本語】 Handyman ブランド Kit: Multi-Service Visual Identity That Makes You the Neighborhood's Go-To Fixer,11-Programmatic-SEO/brand-kit-handyman-lovart-ja.md
P2-backlog,59,11-Programmatic-SEO,zh,(blank),multilingual-cluster,4,1,brand-kit-handyman-lovart-zh,brand-kit-handyman-lovart,,11-Programmatic-SEO/brand-kit-handyman-lovart-zh.md
P2-backlog,59,11-Programmatic-SEO,zh-TW,(blank),multilingual-cluster,4,1,brand-kit-handyman-lovart,brand-kit-handyman-lovart,【繁體】 Handyman 品牌 Kit: Multi-Service Visual Identity That Makes You the Neighborhood's Go-To Fixer,11-Programmatic-SEO/brand-kit-handyman-lovart-zhtw.md
P2-backlog,59,11-Programmatic-SEO,ja,(blank),multilingual-cluster,4,1,brand-kit-hvac-technician-lovart,brand-kit-hvac-technician-lovart,【日本語】 HVAC Technician ブランド Kit: Climate-Control Visual Identity That Keeps Your Pipeline Hot (and Cool),11-Programmatic-SEO/brand-kit-hvac-technician-lovart-ja.md
P2-backlog,59,11-Programmatic-SEO,zh,(blank),multilingual-cluster,4,1,brand-kit-hvac-technician-lovart-zh,brand-kit-hvac-technician-lovart,,11-Programmatic-SEO/brand-kit-hvac-technician-lovart-zh.md
P2-backlog,59,11-Programmatic-SEO,zh-TW,(blank),multilingual-cluster,4,1,brand-kit-hvac-technician-lovart,brand-kit-hvac-technician-lovart,【繁體】 HVAC Technician 品牌 Kit: Climate-Control Visual Identity That Keeps Your Pipeline Hot (and Cool),11-Programmatic-SEO/brand-kit-hvac-technician-lovart-zhtw.md
P2-backlog,59,11-Programmatic-SEO,ja,(blank),multilingual-cluster,4,1,brand-kit-ice-cream-shop-lovart,brand-kit-ice-cream-shop-lovart,【日本語】 方法 Create a ブランド Kit for an Ice Cream Shop,11-Programmatic-SEO/brand-kit-ice-cream-shop-lovart-ja.md
P2-backlog,59,11-Programmatic-SEO,zh,(blank),multilingual-cluster,4,1,brand-kit-ice-cream-shop-lovart-zh,brand-kit-ice-cream-shop-lovart,,11-Programmatic-SEO/brand-kit-ice-cream-shop-lovart-zh.md
P2-backlog,59,11-Programmatic-SEO,zh-TW,(blank),multilingual-cluster,4,1,brand-kit-ice-cream-shop-lovart,brand-kit-ice-cream-shop-lovart,【繁體】 如何 Create a 品牌 Kit for an Ice Cream Shop,11-Programmatic-SEO/brand-kit-ice-cream-shop-lovart-zhtw.md
P2-backlog,59,11-Programmatic-SEO,ja,(blank),multilingual-cluster,4,1,brand-kit-influencer-lovart,brand-kit-influencer-lovart,【日本語】 ブランド Kit for Influencers: 完全 Visual Identity ガイド with Lovart's AI デザイン Agent,11-Programmatic-SEO/brand-kit-influencer-lovart-ja.md
P2-backlog,59,11-Programmatic-SEO,zh,(blank),multilingual-cluster,4,1,brand-kit-influencer-lovart,brand-kit-influencer-lovart,网红品牌工具包：Lovart AI 设计助手打造完整视觉形象指南,11-Programmatic-SEO/brand-kit-influencer-lovart-zh.md
P2-backlog,59,11-Programmatic-SEO,zh-TW,(blank),multilingual-cluster,4,1,brand-kit-influencer-lovart,brand-kit-influencer-lovart,【繁體】 品牌 Kit for Influencers: 完整 Visual Identity 指南 with Lovart's AI 設計 Agent,11-Programmatic-SEO/brand-kit-influencer-lovart-zhtw.md
P2-backlog,59,11-Programmatic-SEO,ja,(blank),multilingual-cluster,4,1,brand-kit-juice-bar-lovart,brand-kit-juice-bar-lovart,【日本語】 Juice Bar ブランド Kit: Fresh-Squeezed Visual Identity That Sells Health in a Sip,11-Programmatic-SEO/brand-kit-juice-bar-lovart-ja.md
P2-backlog,59,11-Programmatic-SEO,zh,(blank),multilingual-cluster,4,1,brand-kit-juice-bar-lovart-zh,brand-kit-juice-bar-lovart,,11-Programmatic-SEO/brand-kit-juice-bar-lovart-zh.md
P2-backlog,59,11-Programmatic-SEO,zh-TW,(blank),multilingual-cluster,4,1,brand-kit-juice-bar-lovart,brand-kit-juice-bar-lovart,【繁體】 Juice Bar 品牌 Kit: Fresh-Squeezed Visual Identity That Sells Health in a Sip,11-Programmatic-SEO/brand-kit-juice-bar-lovart-zhtw.md
P2-backlog,59,11-Programmatic-SEO,ja,(blank),multilingual-cluster,4,1,brand-kit-lash-studio-lovart,brand-kit-lash-studio-lovart,【日本語】 方法 Create a ブランド Kit for a Lash Studio,11-Programmatic-SEO/brand-kit-lash-studio-lovart-ja.md
P2-backlog,59,11-Programmatic-SEO,zh,(blank),multilingual-cluster,4,1,brand-kit-lash-studio-lovart,brand-kit-lash-studio-lovart,如何为睫毛工作室打造品牌套件,11-Programmatic-SEO/brand-kit-lash-studio-lovart-zh.md
P2-backlog,59,11-Programmatic-SEO,zh-TW,(blank),multilingual-cluster,4,1,brand-kit-lash-studio-lovart,brand-kit-lash-studio-lovart,【繁體】 如何 Create a 品牌 Kit for a Lash Studio,11-Programmatic-SEO/brand-kit-lash-studio-lovart-zhtw.md
P2-backlog,59,11-Programmatic-SEO,ja,(blank),multilingual-cluster,4,1,brand-kit-makeup-studio-lovart,brand-kit-makeup-studio-lovart,【日本語】 ブランド Kit for Makeup Studios: 完全 Visual Identity ガイド with Lovart's AI デザイン Agent,11-Programmatic-SEO/brand-kit-makeup-studio-lovart-ja.md
P2-backlog,59,11-Programmatic-SEO,zh,(blank),multilingual-cluster,4,1,brand-kit-makeup-studio-lovart,brand-kit-makeup-studio-lovart,化妆工作室品牌套件：Lovart AI 设计助手打造完整视觉形象指南,11-Programmatic-SEO/brand-kit-makeup-studio-lovart-zh.md
P2-backlog,59,11-Programmatic-SEO,zh-TW,(blank),multilingual-cluster,4,1,brand-kit-makeup-studio-lovart,brand-kit-makeup-studio-lovart,【繁體】 品牌 Kit for Makeup Studios: 完整 Visual Identity 指南 with Lovart's AI 設計 Agent,11-Programmatic-SEO/brand-kit-makeup-studio-lovart-zhtw.md
P2-backlog,59,11-Programmatic-SEO,ja,(blank),multilingual-cluster,4,1,brand-kit-martial-arts-lovart,brand-kit-martial-arts-lovart,【日本語】 方法 Create a ブランド Kit for a Martial Arts School,11-Programmatic-SEO/brand-kit-martial-arts-lovart-ja.md
P2-backlog,59,11-Programmatic-SEO,zh,(blank),multilingual-cluster,4,1,brand-kit-martial-arts-lovart,brand-kit-martial-arts-lovart,如何为武术学校创建品牌套件,11-Programmatic-SEO/brand-kit-martial-arts-lovart-zh.md
P2-backlog,59,11-Programmatic-SEO,zh-TW,(blank),multilingual-cluster,4,1,brand-kit-martial-arts-lovart,brand-kit-martial-arts-lovart,【繁體】 如何 Create a 品牌 Kit for a Martial Arts School,11-Programmatic-SEO/brand-kit-martial-arts-lovart-zhtw.md
P2-backlog,59,11-Programmatic-SEO,ja,(blank),multilingual-cluster,4,1,brand-kit-massage-therapy-lovart,brand-kit-massage-therapy-lovart,【日本語】 方法 Create a ブランド Kit for a Massage Therapy Practice,11-Programmatic-SEO/brand-kit-massage-therapy-lovart-ja.md
P2-backlog,59,11-Programmatic-SEO,zh,(blank),multilingual-cluster,4,1,brand-kit-massage-therapy-lovart-zh,brand-kit-massage-therapy-lovart,如何为你的按摩疗法诊所创建品牌套件,11-Programmatic-SEO/brand-kit-massage-therapy-lovart-zh.md
P2-backlog,59,11-Programmatic-SEO,zh-TW,(blank),multilingual-cluster,4,1,brand-kit-massage-therapy-lovart,brand-kit-massage-therapy-lovart,【繁體】 如何 Create a 品牌 Kit for a Massage Therapy Practice,11-Programmatic-SEO/brand-kit-massage-therapy-lovart-zhtw.md
P2-backlog,59,11-Programmatic-SEO,ja,(blank),multilingual-cluster,4,1,brand-kit-multi-brand-management-ai,brand-kit-multi-brand-management-ai,【日本語】 ブランド Kit Multi-ブランド Management — Handle 10+ ブランドs Without Losing Consistency,11-Programmatic-SEO/brand-kit-multi-brand-management-ai-ja.md
P2-backlog,59,11-Programmatic-SEO,zh,(blank),multilingual-cluster,4,1,brand-kit-multi-brand-management-ai-zh,brand-kit-multi-brand-management-ai,品牌套件多品牌管理 — 在不失一致性的前提下处理10+品牌,11-Programmatic-SEO/brand-kit-multi-brand-management-ai-zh.md
P2-backlog,59,11-Programmatic-SEO,zh-TW,(blank),multilingual-cluster,4,1,brand-kit-multi-brand-management-ai,brand-kit-multi-brand-management-ai,【繁體】 品牌 Kit Multi-品牌 Management — Handle 10+ 品牌s Without Losing Consistency,11-Programmatic-SEO/brand-kit-multi-brand-management-ai-zhtw.md
P2-backlog,59,11-Programmatic-SEO,ja,(blank),multilingual-cluster,4,1,brand-kit-nail-studio-lovart,brand-kit-nail-studio-lovart,【日本語】 ブランド Kit for Nail Studios: 完全 Visual Identity ガイド with Lovart's AI デザイン Agent,11-Programmatic-SEO/brand-kit-nail-studio-lovart-ja.md
P2-backlog,59,11-Programmatic-SEO,zh,(blank),multilingual-cluster,4,1,brand-kit-nail-studio-lovart,brand-kit-nail-studio-lovart,美甲工作室品牌套件：Lovart AI 设计助手打造完整视觉形象指南,11-Programmatic-SEO/brand-kit-nail-studio-lovart-zh.md
P2-backlog,59,11-Programmatic-SEO,zh-TW,(blank),multilingual-cluster,4,1,brand-kit-nail-studio-lovart,brand-kit-nail-studio-lovart,【繁體】 品牌 Kit for Nail Studios: 完整 Visual Identity 指南 with Lovart's AI 設計 Agent,11-Programmatic-SEO/brand-kit-nail-studio-lovart-zhtw.md
P2-backlog,59,11-Programmatic-SEO,ja,(blank),multilingual-cluster,4,1,brand-kit-optometrist-lovart,brand-kit-optometrist-lovart,【日本語】 Optometrist ブランド Kit: AI-Powered Visual Identity That Builds Trust at First Glance,11-Programmatic-SEO/brand-kit-optometrist-lovart-ja.md
P2-backlog,59,11-Programmatic-SEO,zh,(blank),multilingual-cluster,4,1,brand-kit-optometrist-lovart-zh,brand-kit-optometrist-lovart,,11-Programmatic-SEO/brand-kit-optometrist-lovart-zh.md
P2-backlog,59,11-Programmatic-SEO,zh-TW,(blank),multilingual-cluster,4,1,brand-kit-optometrist-lovart,brand-kit-optometrist-lovart,【繁體】 Optometrist 品牌 Kit: AI-Powered Visual Identity That Builds Trust at First Glance,11-Programmatic-SEO/brand-kit-optometrist-lovart-zhtw.md
P2-backlog,59,11-Programmatic-SEO,ja,(blank),multilingual-cluster,4,1,brand-kit-painter-decorator-lovart,brand-kit-painter-decorator-lovart,【日本語】 Painter & Decorator ブランド Kit: Color-Forward Visual Identity That Proves Your Eye Is Worth the Price,11-Programmatic-SEO/brand-kit-painter-decorator-lovart-ja.md
P2-backlog,59,11-Programmatic-SEO,zh,(blank),multilingual-cluster,4,1,brand-kit-painter-decorator-lovart-zh,brand-kit-painter-decorator-lovart,,11-Programmatic-SEO/brand-kit-painter-decorator-lovart-zh.md
P2-backlog,59,11-Programmatic-SEO,zh-TW,(blank),multilingual-cluster,4,1,brand-kit-painter-decorator-lovart,brand-kit-painter-decorator-lovart,【繁體】 Painter & Decorator 品牌 Kit: Color-Forward Visual Identity That Proves Your Eye Is Worth the Price,11-Programmatic-SEO/brand-kit-painter-decorator-lovart-zhtw.md
P2-backlog,59,11-Programmatic-SEO,ja,(blank),multilingual-cluster,4,1,brand-kit-party-planner-lovart,brand-kit-party-planner-lovart,【日本語】 Party Planner ブランド Kit: Celebration-Ready Visual Identity That Books Events Year-Round,11-Programmatic-SEO/brand-kit-party-planner-lovart-ja.md
P2-backlog,59,11-Programmatic-SEO,zh,(blank),multilingual-cluster,4,1,brand-kit-party-planner-lovart-zh,brand-kit-party-planner-lovart,,11-Programmatic-SEO/brand-kit-party-planner-lovart-zh.md
P2-backlog,59,11-Programmatic-SEO,zh-TW,(blank),multilingual-cluster,4,1,brand-kit-party-planner-lovart,brand-kit-party-planner-lovart,【繁體】 Party Planner 品牌 Kit: Celebration-Ready Visual Identity That Books Events Year-Round,11-Programmatic-SEO/brand-kit-party-planner-lovart-zhtw.md
P2-backlog,59,11-Programmatic-SEO,ja,(blank),multilingual-cluster,4,1,brand-kit-patisserie-lovart,brand-kit-patisserie-lovart,【日本語】 方法 Create a ブランド Kit for a Patisserie,11-Programmatic-SEO/brand-kit-patisserie-lovart-ja.md
P2-backlog,59,11-Programmatic-SEO,zh,(blank),multilingual-cluster,4,1,brand-kit-patisserie-lovart-zh,brand-kit-patisserie-lovart,如何为你的法式甜品店打造品牌套件,11-Programmatic-SEO/brand-kit-patisserie-lovart-zh.md
P2-backlog,59,11-Programmatic-SEO,zh-TW,(blank),multilingual-cluster,4,1,brand-kit-patisserie-lovart,brand-kit-patisserie-lovart,【繁體】 如何 Create a 品牌 Kit for a Patisserie,11-Programmatic-SEO/brand-kit-patisserie-lovart-zhtw.md
P2-backlog,59,11-Programmatic-SEO,ja,(blank),multilingual-cluster,4,1,brand-kit-pediatric-dentist-lovart,brand-kit-pediatric-dentist-lovart,【日本語】 Pediatric Dentist ブランド Kit: Cavity-Free Visual Identity That Kids (and Parents) Love,11-Programmatic-SEO/brand-kit-pediatric-dentist-lovart-ja.md
P2-backlog,59,11-Programmatic-SEO,zh,(blank),multilingual-cluster,4,1,brand-kit-pediatric-dentist-lovart-zh,brand-kit-pediatric-dentist-lovart,,11-Programmatic-SEO/brand-kit-pediatric-dentist-lovart-zh.md
P2-backlog,59,11-Programmatic-SEO,zh-TW,(blank),multilingual-cluster,4,1,brand-kit-pediatric-dentist-lovart,brand-kit-pediatric-dentist-lovart,【繁體】 Pediatric Dentist 品牌 Kit: Cavity-Free Visual Identity That Kids (and Parents) Love,11-Programmatic-SEO/brand-kit-pediatric-dentist-lovart-zhtw.md
P2-backlog,59,11-Programmatic-SEO,ja,(blank),multilingual-cluster,4,1,brand-kit-pediatrician-lovart,brand-kit-pediatrician-lovart,【日本語】 Pediatrician ブランド Kit: Playful Yet Professional Visual Identity for Kids' Health Practices,11-Programmatic-SEO/brand-kit-pediatrician-lovart-ja.md
P2-backlog,59,11-Programmatic-SEO,zh,(blank),multilingual-cluster,4,1,brand-kit-pediatrician-lovart-zh,brand-kit-pediatrician-lovart,,11-Programmatic-SEO/brand-kit-pediatrician-lovart-zh.md
P2-backlog,59,11-Programmatic-SEO,zh-TW,(blank),multilingual-cluster,4,1,brand-kit-pediatrician-lovart,brand-kit-pediatrician-lovart,【繁體】 Pediatrician 品牌 Kit: Playful Yet Professional Visual Identity for Kids' Health Practices,11-Programmatic-SEO/brand-kit-pediatrician-lovart-zhtw.md
P2-backlog,59,11-Programmatic-SEO,ja,(blank),multilingual-cluster,4,1,brand-kit-permanent-makeup-lovart,brand-kit-permanent-makeup-lovart,【日本語】 方法 Create a ブランド Kit for a Permanent Makeup Studio,11-Programmatic-SEO/brand-kit-permanent-makeup-lovart-ja.md
P2-backlog,59,11-Programmatic-SEO,zh,(blank),multilingual-cluster,4,1,brand-kit-permanent-makeup-lovart,brand-kit-permanent-makeup-lovart,如何为半永久化妆工作室创建品牌套件,11-Programmatic-SEO/brand-kit-permanent-makeup-lovart-zh.md
P2-backlog,59,11-Programmatic-SEO,zh-TW,(blank),multilingual-cluster,4,1,brand-kit-permanent-makeup-lovart,brand-kit-permanent-makeup-lovart,【繁體】 如何 Create a 品牌 Kit for a Permanent Makeup Studio,11-Programmatic-SEO/brand-kit-permanent-makeup-lovart-zhtw.md
P2-backlog,59,11-Programmatic-SEO,ja,(blank),multilingual-cluster,4,1,brand-kit-pet-groomer-lovart,brand-kit-pet-groomer-lovart,【日本語】 Pet Groomer ブランド Kit: Fluff-Ready Visual Identity That Has Pet Parents Booking Repeat Appointments,11-Programmatic-SEO/brand-kit-pet-groomer-lovart-ja.md
P2-backlog,59,11-Programmatic-SEO,zh,(blank),multilingual-cluster,4,1,brand-kit-pet-groomer-lovart-zh,brand-kit-pet-groomer-lovart,,11-Programmatic-SEO/brand-kit-pet-groomer-lovart-zh.md
P2-backlog,59,11-Programmatic-SEO,zh-TW,(blank),multilingual-cluster,4,1,brand-kit-pet-groomer-lovart,brand-kit-pet-groomer-lovart,【繁體】 Pet Groomer 品牌 Kit: Fluff-Ready Visual Identity That Has Pet Parents Booking Repeat Appointments,11-Programmatic-SEO/brand-kit-pet-groomer-lovart-zhtw.md
P2-backlog,59,11-Programmatic-SEO,ja,(blank),multilingual-cluster,4,1,brand-kit-pet-sitter-lovart,brand-kit-pet-sitter-lovart,【日本語】 Pet Sitter ブランド Kit: Trust-First Visual Identity That Has Owners Packing Their Bags Worry-Free,11-Programmatic-SEO/brand-kit-pet-sitter-lovart-ja.md
P2-backlog,59,11-Programmatic-SEO,zh,(blank),multilingual-cluster,4,1,brand-kit-pet-sitter-lovart-zh,brand-kit-pet-sitter-lovart,,11-Programmatic-SEO/brand-kit-pet-sitter-lovart-zh.md
P2-backlog,59,11-Programmatic-SEO,zh-TW,(blank),multilingual-cluster,4,1,brand-kit-pet-sitter-lovart,brand-kit-pet-sitter-lovart,【繁體】 Pet Sitter 品牌 Kit: Trust-First Visual Identity That Has Owners Packing Their Bags Worry-Free,11-Programmatic-SEO/brand-kit-pet-sitter-lovart-zhtw.md
P2-backlog,59,11-Programmatic-SEO,ja,(blank),multilingual-cluster,4,1,brand-kit-pet-supply-store-lovart,brand-kit-pet-supply-store-lovart,【日本語】 Pet Supply Store ブランド Kit: Tail-Wagging Visual Identity for Independent Pet Retailers,11-Programmatic-SEO/brand-kit-pet-supply-store-lovart-ja.md
P2-backlog,59,11-Programmatic-SEO,zh,(blank),multilingual-cluster,4,1,brand-kit-pet-supply-store-lovart,brand-kit-pet-supply-store-lovart,宠物用品店品牌套件：为独立宠物零售商打造的摇尾视觉形象,11-Programmatic-SEO/brand-kit-pet-supply-store-lovart-zh.md
P2-backlog,59,11-Programmatic-SEO,zh-TW,(blank),multilingual-cluster,4,1,brand-kit-pet-supply-store-lovart,brand-kit-pet-supply-store-lovart,【繁體】 Pet Supply Store 品牌 Kit: Tail-Wagging Visual Identity for Independent Pet Retailers,11-Programmatic-SEO/brand-kit-pet-supply-store-lovart-zhtw.md
P2-backlog,59,11-Programmatic-SEO,ja,(blank),multilingual-cluster,4,1,brand-kit-pharmacy-lovart,brand-kit-pharmacy-lovart,【日本語】 Pharmacy ブランド Kit: Prescription-Strength Visual Identity for Independent Pharmacies,11-Programmatic-SEO/brand-kit-pharmacy-lovart-ja.md
P2-backlog,59,11-Programmatic-SEO,zh,(blank),multilingual-cluster,4,1,brand-kit-pharmacy-lovart-zh,brand-kit-pharmacy-lovart,,11-Programmatic-SEO/brand-kit-pharmacy-lovart-zh.md
P2-backlog,59,11-Programmatic-SEO,zh-TW,(blank),multilingual-cluster,4,1,brand-kit-pharmacy-lovart,brand-kit-pharmacy-lovart,【繁體】 Pharmacy 品牌 Kit: Prescription-Strength Visual Identity for Independent Pharmacies,11-Programmatic-SEO/brand-kit-pharmacy-lovart-zhtw.md
P2-backlog,59,11-Programmatic-SEO,ja,(blank),multilingual-cluster,4,1,brand-kit-piercing-studio-lovart,brand-kit-piercing-studio-lovart,【日本語】 方法 Create a ブランド Kit for a Piercing Studio,11-Programmatic-SEO/brand-kit-piercing-studio-lovart-ja.md
P2-backlog,59,11-Programmatic-SEO,zh,(blank),multilingual-cluster,4,1,brand-kit-piercing-studio-lovart-zh,brand-kit-piercing-studio-lovart,如何为你的穿刺工作室创建品牌套件,11-Programmatic-SEO/brand-kit-piercing-studio-lovart-zh.md
P2-backlog,59,11-Programmatic-SEO,zh-TW,(blank),multilingual-cluster,4,1,brand-kit-piercing-studio-lovart,brand-kit-piercing-studio-lovart,【繁體】 如何 Create a 品牌 Kit for a Piercing Studio,11-Programmatic-SEO/brand-kit-piercing-studio-lovart-zhtw.md
P2-backlog,59,11-Programmatic-SEO,ja,(blank),multilingual-cluster,4,1,brand-kit-pizzeria-lovart,brand-kit-pizzeria-lovart,【日本語】 方法 Create a ブランド Kit for a Pizzeria,11-Programmatic-SEO/brand-kit-pizzeria-lovart-ja.md
P2-backlog,59,11-Programmatic-SEO,zh,(blank),multilingual-cluster,4,1,brand-kit-pizzeria-lovart-zh,brand-kit-pizzeria-lovart,,11-Programmatic-SEO/brand-kit-pizzeria-lovart-zh.md
P2-backlog,59,11-Programmatic-SEO,zh-TW,(blank),multilingual-cluster,4,1,brand-kit-pizzeria-lovart,brand-kit-pizzeria-lovart,【繁體】 如何 Create a 品牌 Kit for a Pizzeria,11-Programmatic-SEO/brand-kit-pizzeria-lovart-zhtw.md
P2-backlog,59,11-Programmatic-SEO,ja,(blank),multilingual-cluster,4,1,brand-kit-plant-shop-lovart,brand-kit-plant-shop-lovart,【日本語】 Plant Shop ブランド Kit: Leafy Visual Identity That Helps Your Business Grow Organically,11-Programmatic-SEO/brand-kit-plant-shop-lovart-ja.md
P2-backlog,59,11-Programmatic-SEO,zh,(blank),multilingual-cluster,4,1,brand-kit-plant-shop-lovart-zh,brand-kit-plant-shop-lovart,,11-Programmatic-SEO/brand-kit-plant-shop-lovart-zh.md
P2-backlog,59,11-Programmatic-SEO,zh-TW,(blank),multilingual-cluster,4,1,brand-kit-plant-shop-lovart,brand-kit-plant-shop-lovart,【繁體】 Plant Shop 品牌 Kit: Leafy Visual Identity That Helps Your Business Grow Organically,11-Programmatic-SEO/brand-kit-plant-shop-lovart-zhtw.md
P2-backlog,59,11-Programmatic-SEO,ja,(blank),multilingual-cluster,4,1,brand-kit-plumber-lovart,brand-kit-plumber-lovart,【日本語】 Plumber ブランド Kit: Trust-Building Visual Identity for the Trades Professional Homeowners Call First,11-Programmatic-SEO/brand-kit-plumber-lovart-ja.md
P2-backlog,59,11-Programmatic-SEO,zh,(blank),multilingual-cluster,4,1,brand-kit-plumber-lovart,brand-kit-plumber-lovart,水管工品牌套件：为专业人士建立信任的视觉标识，让房主第一时间致电,11-Programmatic-SEO/brand-kit-plumber-lovart-zh.md
P2-backlog,59,11-Programmatic-SEO,zh-TW,(blank),multilingual-cluster,4,1,brand-kit-plumber-lovart,brand-kit-plumber-lovart,【繁體】 Plumber 品牌 Kit: Trust-Building Visual Identity for the Trades Professional Homeowners Call First,11-Programmatic-SEO/brand-kit-plumber-lovart-zhtw.md
P2-backlog,59,11-Programmatic-SEO,ja,(blank),multilingual-cluster,4,1,brand-kit-podcaster-lovart,brand-kit-podcaster-lovart,【日本語】 ブランド Kit for Podcasters: 完全 Visual Identity ガイド with Lovart's AI デザイン Agent,11-Programmatic-SEO/brand-kit-podcaster-lovart-ja.md
P2-backlog,59,11-Programmatic-SEO,zh,(blank),multilingual-cluster,4,1,brand-kit-podcaster-lovart,brand-kit-podcaster-lovart,播客品牌工具包：借助 Lovart AI 设计助手打造完整视觉形象指南,11-Programmatic-SEO/brand-kit-podcaster-lovart-zh.md
P2-backlog,59,11-Programmatic-SEO,zh-TW,(blank),multilingual-cluster,4,1,brand-kit-podcaster-lovart,brand-kit-podcaster-lovart,【繁體】 品牌 Kit for Podcasters: 完整 Visual Identity 指南 with Lovart's AI 設計 Agent,11-Programmatic-SEO/brand-kit-podcaster-lovart-zhtw.md
P2-backlog,59,11-Programmatic-SEO,ja,(blank),multilingual-cluster,4,1,brand-kit-pottery-studio-lovart,brand-kit-pottery-studio-lovart,【日本語】 方法 Create a ブランド Kit for a Pottery Studio,11-Programmatic-SEO/brand-kit-pottery-studio-lovart-ja.md
P2-backlog,59,11-Programmatic-SEO,zh,(blank),multilingual-cluster,4,1,brand-kit-pottery-studio-lovart,brand-kit-pottery-studio-lovart,如何为陶艺工作室创建品牌套件,11-Programmatic-SEO/brand-kit-pottery-studio-lovart-zh.md
P2-backlog,59,11-Programmatic-SEO,zh-TW,(blank),multilingual-cluster,4,1,brand-kit-pottery-studio-lovart,brand-kit-pottery-studio-lovart,【繁體】 如何 Create a 品牌 Kit for a Pottery Studio,11-Programmatic-SEO/brand-kit-pottery-studio-lovart-zhtw.md
P2-backlog,59,11-Programmatic-SEO,ja,(blank),multilingual-cluster,4,1,brand-kit-real-estate-agent-lovart,brand-kit-real-estate-agent-lovart,【日本語】 方法 Create a ブランド Kit for Real Estate Agents — Professional Trust-Building Visuals,11-Programmatic-SEO/brand-kit-real-estate-agent-lovart-ja.md
P2-backlog,59,11-Programmatic-SEO,zh,(blank),multilingual-cluster,4,1,brand-kit-real-estate-agent-lovart,brand-kit-real-estate-agent-lovart,如何为房地产经纪人创建品牌工具包 — 建立专业信任的视觉形象,11-Programmatic-SEO/brand-kit-real-estate-agent-lovart-zh.md
P2-backlog,59,11-Programmatic-SEO,zh-TW,(blank),multilingual-cluster,4,1,brand-kit-real-estate-agent-lovart,brand-kit-real-estate-agent-lovart,【繁體】 如何 Create a 品牌 Kit for Real Estate Agents — Professional Trust-Building Visuals,11-Programmatic-SEO/brand-kit-real-estate-agent-lovart-zhtw.md
P2-backlog,59,11-Programmatic-SEO,ja,(blank),multilingual-cluster,4,1,brand-kit-real-estate-lovart,brand-kit-real-estate-lovart,【日本語】 ブランド Kit for Real Estate: 完全 Visual Identity ガイド with Lovart's AI デザイン Agent,11-Programmatic-SEO/brand-kit-real-estate-lovart-ja.md
P2-backlog,59,11-Programmatic-SEO,zh,(blank),multilingual-cluster,4,1,brand-kit-real-estate-lovart,brand-kit-real-estate-lovart,房地产品牌工具包：使用Lovart AI设计助手打造完整视觉形象指南,11-Programmatic-SEO/brand-kit-real-estate-lovart-zh.md
P2-backlog,59,11-Programmatic-SEO,zh-TW,(blank),multilingual-cluster,4,1,brand-kit-real-estate-lovart,brand-kit-real-estate-lovart,【繁體】 品牌 Kit for Real Estate: 完整 Visual Identity 指南 with Lovart's AI 設計 Agent,11-Programmatic-SEO/brand-kit-real-estate-lovart-zhtw.md
P2-backlog,59,11-Programmatic-SEO,ja,(blank),multilingual-cluster,4,1,brand-kit-record-store-lovart,brand-kit-record-store-lovart,【日本語】 Record Store ブランド Kit: Analog Visual Identity That Spins Browsers into Collectors,11-Programmatic-SEO/brand-kit-record-store-lovart-ja.md
P2-backlog,59,11-Programmatic-SEO,zh,(blank),multilingual-cluster,4,1,brand-kit-record-store-lovart,brand-kit-record-store-lovart,唱片店品牌套件：将浏览者转化为收藏家的模拟视觉身份,11-Programmatic-SEO/brand-kit-record-store-lovart-zh.md
P2-backlog,59,11-Programmatic-SEO,zh-TW,(blank),multilingual-cluster,4,1,brand-kit-record-store-lovart,brand-kit-record-store-lovart,【繁體】 Record Store 品牌 Kit: Analog Visual Identity That Spins Browsers into Collectors,11-Programmatic-SEO/brand-kit-record-store-lovart-zhtw.md
P2-backlog,59,11-Programmatic-SEO,ja,(blank),multilingual-cluster,4,1,brand-kit-restaurant-cafe-lovart,brand-kit-restaurant-cafe-lovart,"【日本語】 方法 Create a ブランド Kit for Your Restaurant or Cafe — Colors, Fonts & Templates",11-Programmatic-SEO/brand-kit-restaurant-cafe-lovart-ja.md
P2-backlog,59,11-Programmatic-SEO,zh,(blank),multilingual-cluster,4,1,brand-kit-restaurant-cafe-lovart,brand-kit-restaurant-cafe-lovart,如何为餐厅或咖啡馆创建品牌套件 — 色彩、字体与模板,11-Programmatic-SEO/brand-kit-restaurant-cafe-lovart-zh.md
P2-backlog,59,11-Programmatic-SEO,zh-TW,(blank),multilingual-cluster,4,1,brand-kit-restaurant-cafe-lovart,brand-kit-restaurant-cafe-lovart,"【繁體】 如何 Create a 品牌 Kit for Your Restaurant or Cafe — Colors, Fonts & Templates",11-Programmatic-SEO/brand-kit-restaurant-cafe-lovart-zhtw.md
P2-backlog,59,11-Programmatic-SEO,ja,(blank),multilingual-cluster,4,1,brand-kit-restaurant-lovart,brand-kit-restaurant-lovart,【日本語】 ブランド Kit for Restaurants: 完全 Visual Identity ガイド with Lovart's AI デザイン Agent,11-Programmatic-SEO/brand-kit-restaurant-lovart-ja.md
P2-backlog,59,11-Programmatic-SEO,zh,(blank),multilingual-cluster,4,1,brand-kit-restaurant-lovart,brand-kit-restaurant-lovart,餐厅品牌套件：Lovart AI 设计助手打造完整视觉识别指南,11-Programmatic-SEO/brand-kit-restaurant-lovart-zh.md
P2-backlog,59,11-Programmatic-SEO,zh-TW,(blank),multilingual-cluster,4,1,brand-kit-restaurant-lovart,brand-kit-restaurant-lovart,【繁體】 品牌 Kit for Restaurants: 完整 Visual Identity 指南 with Lovart's AI 設計 Agent,11-Programmatic-SEO/brand-kit-restaurant-lovart-zhtw.md
P2-backlog,59,11-Programmatic-SEO,ja,(blank),multilingual-cluster,4,1,brand-kit-roofer-lovart,brand-kit-roofer-lovart,【日本語】 Roofer ブランド Kit: Solid Visual Identity That Covers Your マーケティング From the トップ Down,11-Programmatic-SEO/brand-kit-roofer-lovart-ja.md
P2-backlog,59,11-Programmatic-SEO,zh,(blank),multilingual-cluster,4,1,brand-kit-roofer-lovart,brand-kit-roofer-lovart,屋顶承包商品牌套件：稳固视觉标识，全面覆盖你的营销,11-Programmatic-SEO/brand-kit-roofer-lovart-zh.md
P2-backlog,59,11-Programmatic-SEO,zh-TW,(blank),multilingual-cluster,4,1,brand-kit-roofer-lovart,brand-kit-roofer-lovart,【繁體】 Roofer 品牌 Kit: Solid Visual Identity That Covers Your 行銷 From the 頂級 Down,11-Programmatic-SEO/brand-kit-roofer-lovart-zhtw.md
P2-backlog,59,11-Programmatic-SEO,ja,(blank),multilingual-cluster,4,1,brand-kit-sneaker-reseller-lovart,brand-kit-sneaker-reseller-lovart,【日本語】 方法 Create a ブランド Kit for a Sneaker Reseller,11-Programmatic-SEO/brand-kit-sneaker-reseller-lovart-ja.md
P2-backlog,59,11-Programmatic-SEO,zh,(blank),multilingual-cluster,4,1,brand-kit-sneaker-reseller-lovart,brand-kit-sneaker-reseller-lovart,如何为球鞋转售商创建品牌套件,11-Programmatic-SEO/brand-kit-sneaker-reseller-lovart-zh.md
P2-backlog,59,11-Programmatic-SEO,zh-TW,(blank),multilingual-cluster,4,1,brand-kit-sneaker-reseller-lovart,brand-kit-sneaker-reseller-lovart,【繁體】 如何 Create a 品牌 Kit for a Sneaker Reseller,11-Programmatic-SEO/brand-kit-sneaker-reseller-lovart-zhtw.md
P2-backlog,59,11-Programmatic-SEO,ja,(blank),multilingual-cluster,4,1,brand-kit-soap-maker-lovart,brand-kit-soap-maker-lovart,【日本語】 方法 Create a ブランド Kit for a Soap Maker,11-Programmatic-SEO/brand-kit-soap-maker-lovart-ja.md
P2-backlog,59,11-Programmatic-SEO,zh,(blank),multilingual-cluster,4,1,brand-kit-soap-maker-lovart,brand-kit-soap-maker-lovart,如何为手工皂品牌创建品牌套件,11-Programmatic-SEO/brand-kit-soap-maker-lovart-zh.md
P2-backlog,59,11-Programmatic-SEO,zh-TW,(blank),multilingual-cluster,4,1,brand-kit-soap-maker-lovart,brand-kit-soap-maker-lovart,【繁體】 如何 Create a 品牌 Kit for a Soap Maker,11-Programmatic-SEO/brand-kit-soap-maker-lovart-zhtw.md
P2-backlog,59,11-Programmatic-SEO,ja,(blank),multilingual-cluster,4,1,brand-kit-spa-lovart,brand-kit-spa-lovart,【日本語】 ブランド Kit for Spas: 完全 Visual Identity ガイド with Lovart's AI デザイン Agent,11-Programmatic-SEO/brand-kit-spa-lovart-ja.md
P2-backlog,59,11-Programmatic-SEO,zh,(blank),multilingual-cluster,4,1,brand-kit-spa-lovart,brand-kit-spa-lovart,水疗中心品牌套件：Lovart AI 设计代理打造完整视觉形象指南,11-Programmatic-SEO/brand-kit-spa-lovart-zh.md
P2-backlog,59,11-Programmatic-SEO,zh-TW,(blank),multilingual-cluster,4,1,brand-kit-spa-lovart,brand-kit-spa-lovart,【繁體】 品牌 Kit for Spas: 完整 Visual Identity 指南 with Lovart's AI 設計 Agent,11-Programmatic-SEO/brand-kit-spa-lovart-zhtw.md
P2-backlog,59,11-Programmatic-SEO,ja,(blank),multilingual-cluster,4,1,brand-kit-sushi-restaurant-lovart,brand-kit-sushi-restaurant-lovart,【日本語】 方法 Create a ブランド Kit for a Sushi Restaurant,11-Programmatic-SEO/brand-kit-sushi-restaurant-lovart-ja.md
P2-backlog,59,11-Programmatic-SEO,zh,(blank),multilingual-cluster,4,1,brand-kit-sushi-restaurant-lovart,brand-kit-sushi-restaurant-lovart,如何为寿司餐厅创建品牌套件,11-Programmatic-SEO/brand-kit-sushi-restaurant-lovart-zh.md
P2-backlog,59,11-Programmatic-SEO,zh-TW,(blank),multilingual-cluster,4,1,brand-kit-sushi-restaurant-lovart,brand-kit-sushi-restaurant-lovart,【繁體】 如何 Create a 品牌 Kit for a Sushi Restaurant,11-Programmatic-SEO/brand-kit-sushi-restaurant-lovart-zhtw.md
P2-backlog,59,11-Programmatic-SEO,ja,(blank),multilingual-cluster,4,1,brand-kit-swim-school-lovart,brand-kit-swim-school-lovart,【日本語】 方法 Create a ブランド Kit for a Swim School,11-Programmatic-SEO/brand-kit-swim-school-lovart-ja.md
P2-backlog,59,11-Programmatic-SEO,zh,(blank),multilingual-cluster,4,1,brand-kit-swim-school-lovart,brand-kit-swim-school-lovart,如何为游泳学校创建品牌套件,11-Programmatic-SEO/brand-kit-swim-school-lovart-zh.md
P2-backlog,59,11-Programmatic-SEO,zh-TW,(blank),multilingual-cluster,4,1,brand-kit-swim-school-lovart,brand-kit-swim-school-lovart,【繁體】 如何 Create a 品牌 Kit for a Swim School,11-Programmatic-SEO/brand-kit-swim-school-lovart-zhtw.md
P2-backlog,59,11-Programmatic-SEO,ja,(blank),multilingual-cluster,4,1,brand-kit-tattoo-studio-lovart,brand-kit-tattoo-studio-lovart,【日本語】 方法 Create a ブランド Kit for a Tattoo Studio,11-Programmatic-SEO/brand-kit-tattoo-studio-lovart-ja.md
P2-backlog,59,11-Programmatic-SEO,zh,(blank),multilingual-cluster,4,1,brand-kit-tattoo-studio-lovart-zh,brand-kit-tattoo-studio-lovart,如何为你的纹身工作室打造品牌套件,11-Programmatic-SEO/brand-kit-tattoo-studio-lovart-zh.md
P2-backlog,59,11-Programmatic-SEO,zh-TW,(blank),multilingual-cluster,4,1,brand-kit-tattoo-studio-lovart,brand-kit-tattoo-studio-lovart,【繁體】 如何 Create a 品牌 Kit for a Tattoo Studio,11-Programmatic-SEO/brand-kit-tattoo-studio-lovart-zhtw.md
P2-backlog,59,11-Programmatic-SEO,ja,(blank),multilingual-cluster,4,1,brand-kit-thrift-store-lovart,brand-kit-thrift-store-lovart,【日本語】 Thrift Store ブランド Kit: Secondhand Visual Identity That Makes Pre-Loved Feel Premium,11-Programmatic-SEO/brand-kit-thrift-store-lovart-ja.md
P2-backlog,59,11-Programmatic-SEO,zh,(blank),multilingual-cluster,4,1,brand-kit-thrift-store-lovart-zh,brand-kit-thrift-store-lovart,,11-Programmatic-SEO/brand-kit-thrift-store-lovart-zh.md
P2-backlog,59,11-Programmatic-SEO,zh-TW,(blank),multilingual-cluster,4,1,brand-kit-thrift-store-lovart,brand-kit-thrift-store-lovart,【繁體】 Thrift Store 品牌 Kit: Secondhand Visual Identity That Makes Pre-Loved Feel Premium,11-Programmatic-SEO/brand-kit-thrift-store-lovart-zhtw.md
P2-backlog,59,11-Programmatic-SEO,ja,(blank),multilingual-cluster,4,1,brand-kit-urgent-care-lovart,brand-kit-urgent-care-lovart,【日本語】 Urgent Care ブランド Kit: High-Visibility Visual Identity for Walk-In Medical Clinics,11-Programmatic-SEO/brand-kit-urgent-care-lovart-ja.md
P2-backlog,59,11-Programmatic-SEO,zh,(blank),multilingual-cluster,4,1,brand-kit-urgent-care-lovart,brand-kit-urgent-care-lovart,紧急护理品牌套件：为免预约诊所打造的高可见度视觉识别系统,11-Programmatic-SEO/brand-kit-urgent-care-lovart-zh.md
P2-backlog,59,11-Programmatic-SEO,zh-TW,(blank),multilingual-cluster,4,1,brand-kit-urgent-care-lovart,brand-kit-urgent-care-lovart,【繁體】 Urgent Care 品牌 Kit: High-Visibility Visual Identity for Walk-In Medical Clinics,11-Programmatic-SEO/brand-kit-urgent-care-lovart-zhtw.md
P2-backlog,59,11-Programmatic-SEO,ja,(blank),multilingual-cluster,4,1,brand-kit-vegan-restaurant-lovart,brand-kit-vegan-restaurant-lovart,【日本語】 方法 Create a ブランド Kit for a Vegan Restaurant,11-Programmatic-SEO/brand-kit-vegan-restaurant-lovart-ja.md
P2-backlog,59,11-Programmatic-SEO,zh,(blank),multilingual-cluster,4,1,brand-kit-vegan-restaurant-lovart,brand-kit-vegan-restaurant-lovart,如何为素食餐厅打造品牌工具包,11-Programmatic-SEO/brand-kit-vegan-restaurant-lovart-zh.md
P2-backlog,59,11-Programmatic-SEO,zh-TW,(blank),multilingual-cluster,4,1,brand-kit-vegan-restaurant-lovart,brand-kit-vegan-restaurant-lovart,【繁體】 如何 Create a 品牌 Kit for a Vegan Restaurant,11-Programmatic-SEO/brand-kit-vegan-restaurant-lovart-zhtw.md
P2-backlog,59,11-Programmatic-SEO,ja,(blank),multilingual-cluster,4,1,brand-kit-veterinarian-lovart,brand-kit-veterinarian-lovart,【日本語】 方法 Create a ブランド Kit for a Veterinarian,11-Programmatic-SEO/brand-kit-veterinarian-lovart-ja.md
P2-backlog,59,11-Programmatic-SEO,zh,(blank),multilingual-cluster,4,1,brand-kit-veterinarian-lovart,brand-kit-veterinarian-lovart,如何为兽医诊所创建品牌套件,11-Programmatic-SEO/brand-kit-veterinarian-lovart-zh.md
P2-backlog,59,11-Programmatic-SEO,zh-TW,(blank),multilingual-cluster,4,1,brand-kit-veterinarian-lovart,brand-kit-veterinarian-lovart,【繁體】 如何 Create a 品牌 Kit for a Veterinarian,11-Programmatic-SEO/brand-kit-veterinarian-lovart-zhtw.md
P2-backlog,59,11-Programmatic-SEO,ja,(blank),multilingual-cluster,4,1,brand-kit-vintage-shop-lovart,brand-kit-vintage-shop-lovart,【日本語】 方法 Create a ブランド Kit for a Vintage Shop,11-Programmatic-SEO/brand-kit-vintage-shop-lovart-ja.md
P2-backlog,59,11-Programmatic-SEO,zh,(blank),multilingual-cluster,4,1,brand-kit-vintage-shop-lovart,brand-kit-vintage-shop-lovart,如何为复古商店创建品牌套件,11-Programmatic-SEO/brand-kit-vintage-shop-lovart-zh.md
P2-backlog,59,11-Programmatic-SEO,zh-TW,(blank),multilingual-cluster,4,1,brand-kit-vintage-shop-lovart,brand-kit-vintage-shop-lovart,【繁體】 如何 Create a 品牌 Kit for a Vintage Shop,11-Programmatic-SEO/brand-kit-vintage-shop-lovart-zhtw.md
P2-backlog,59,11-Programmatic-SEO,ja,(blank),multilingual-cluster,4,1,brand-kit-waxing-studio-lovart,brand-kit-waxing-studio-lovart,【日本語】 方法 Create a ブランド Kit for a Waxing Studio,11-Programmatic-SEO/brand-kit-waxing-studio-lovart-ja.md
P2-backlog,59,11-Programmatic-SEO,zh,(blank),multilingual-cluster,4,1,brand-kit-waxing-studio-lovart,brand-kit-waxing-studio-lovart,如何为脱毛工作室创建品牌套件,11-Programmatic-SEO/brand-kit-waxing-studio-lovart-zh.md
P2-backlog,59,11-Programmatic-SEO,zh-TW,(blank),multilingual-cluster,4,1,brand-kit-waxing-studio-lovart,brand-kit-waxing-studio-lovart,【繁體】 如何 Create a 品牌 Kit for a Waxing Studio,11-Programmatic-SEO/brand-kit-waxing-studio-lovart-zhtw.md
P2-backlog,59,11-Programmatic-SEO,ja,(blank),multilingual-cluster,4,1,brand-kit-wedding-dj-lovart,brand-kit-wedding-dj-lovart,【日本語】 Wedding DJ ブランド Kit: High-Energy Visual Identity That Gets Couples on the Dance Floor—and in Your Inbox,11-Programmatic-SEO/brand-kit-wedding-dj-lovart-ja.md
P2-backlog,59,11-Programmatic-SEO,zh,(blank),multilingual-cluster,4,1,brand-kit-wedding-dj-lovart-zh,brand-kit-wedding-dj-lovart,,11-Programmatic-SEO/brand-kit-wedding-dj-lovart-zh.md
P2-backlog,59,11-Programmatic-SEO,zh-TW,(blank),multilingual-cluster,4,1,brand-kit-wedding-dj-lovart,brand-kit-wedding-dj-lovart,【繁體】 Wedding DJ 品牌 Kit: High-Energy Visual Identity That Gets Couples on the Dance Floor—and in Your Inbox,11-Programmatic-SEO/brand-kit-wedding-dj-lovart-zhtw.md
P2-backlog,59,11-Programmatic-SEO,ja,(blank),multilingual-cluster,4,1,brand-kit-wedding-photographer-lovart,brand-kit-wedding-photographer-lovart,【日本語】 Wedding Photographer ブランド Kit: Visual Identity That Books Couples Before They Even Inquire,11-Programmatic-SEO/brand-kit-wedding-photographer-lovart-ja.md
P2-backlog,59,11-Programmatic-SEO,zh,(blank),multilingual-cluster,4,1,brand-kit-wedding-photographer-lovart,brand-kit-wedding-photographer-lovart,婚礼摄影师品牌套件：在客户咨询前就锁定他们的视觉识别系统,11-Programmatic-SEO/brand-kit-wedding-photographer-lovart-zh.md
P2-backlog,59,11-Programmatic-SEO,zh-TW,(blank),multilingual-cluster,4,1,brand-kit-wedding-photographer-lovart,brand-kit-wedding-photographer-lovart,【繁體】 Wedding Photographer 品牌 Kit: Visual Identity That Books Couples Before They Even Inquire,11-Programmatic-SEO/brand-kit-wedding-photographer-lovart-zhtw.md
P2-backlog,59,11-Programmatic-SEO,ja,(blank),multilingual-cluster,4,1,brand-kit-wine-bar-lovart,brand-kit-wine-bar-lovart,【日本語】 Wine Bar ブランド Kit: Sophisticated Visual Identity That Pours Atmosphere Before the First Glass,11-Programmatic-SEO/brand-kit-wine-bar-lovart-ja.md
P2-backlog,59,11-Programmatic-SEO,zh,(blank),multilingual-cluster,4,1,brand-kit-wine-bar-lovart-zh,brand-kit-wine-bar-lovart,,11-Programmatic-SEO/brand-kit-wine-bar-lovart-zh.md
P2-backlog,59,11-Programmatic-SEO,zh-TW,(blank),multilingual-cluster,4,1,brand-kit-wine-bar-lovart,brand-kit-wine-bar-lovart,【繁體】 Wine Bar 品牌 Kit: Sophisticated Visual Identity That Pours Atmosphere Before the First Glass,11-Programmatic-SEO/brand-kit-wine-bar-lovart-zhtw.md
P2-backlog,59,11-Programmatic-SEO,ja,(blank),multilingual-cluster,4,1,brand-kit-yoga-studio-lovart,brand-kit-yoga-studio-lovart,【日本語】 ブランド Kit for Yoga Studios: 完全 Visual Identity ガイド with Lovart's AI デザイン Agent,11-Programmatic-SEO/brand-kit-yoga-studio-lovart-ja.md
P2-backlog,59,11-Programmatic-SEO,zh,(blank),multilingual-cluster,4,1,brand-kit-yoga-studio-lovart,brand-kit-yoga-studio-lovart,瑜伽工作室品牌套件：Lovart AI 设计代理的完整视觉形象指南,11-Programmatic-SEO/brand-kit-yoga-studio-lovart-zh.md
P2-backlog,59,11-Programmatic-SEO,zh-TW,(blank),multilingual-cluster,4,1,brand-kit-yoga-studio-lovart,brand-kit-yoga-studio-lovart,【繁體】 品牌 Kit for Yoga Studios: 完整 Visual Identity 指南 with Lovart's AI 設計 Agent,11-Programmatic-SEO/brand-kit-yoga-studio-lovart-zhtw.md
P2-backlog,59,11-Programmatic-SEO,zh,(blank),multilingual-cluster,4,1,what-is-brand-kit-why-you-need-one-zh,what-is-brand-kit-why-you-need-one,什么是品牌工具包？为何每家企业都需要它——AI 让一切变得简单,11-Programmatic-SEO/what-is-brand-kit-why-you-need-one-zh.md
P2-backlog,59,14-Product-Update,ja,(blank),multilingual-cluster,4,1,lovart-product-update-may-2026,lovart-product-update-may-2026,【日本語】 What's New in Lovart — May 2026 Product Updates,14-Product-Update/lovart-product-update-may-2026-ja.md
P2-backlog,59,14-Product-Update,zh,(blank),multilingual-cluster,4,1,lovart-product-update-may-2026-zh,lovart-product-update-may-2026,Lovart 新动态 — 2026年5月产品更新,14-Product-Update/lovart-product-update-may-2026-zh.md
P2-backlog,59,14-Product-Update,zh-TW,(blank),multilingual-cluster,4,1,lovart-product-update-may-2026,lovart-product-update-may-2026,【繁體】 What's New in Lovart — May 2026 Product Updates,14-Product-Update/lovart-product-update-may-2026-zhtw.md
P2-backlog,57,03-Industry-Segment,ja,(blank),multilingual-cluster,4,1,01-industry-before-after-design-ja,01-industry-before-after-design,Before & After Design: Creating Compelling Transformation Visuals That Drive Action,03-Industry-Segment/01-industry-before-after-design-ja.md
P2-backlog,57,03-Industry-Segment,zh,(blank),multilingual-cluster,4,1,01-industry-before-after-design-zh,01-industry-before-after-design,前后对比设计：打造驱动行动的引人入胜的转变视觉,03-Industry-Segment/01-industry-before-after-design-zh.md
P2-backlog,57,03-Industry-Segment,zh-TW,(blank),multilingual-cluster,4,1,01-industry-before-after-design-zhtw,01-industry-before-after-design,Before & After Design: Creating Compelling Transformation Visuals That Drive Action,03-Industry-Segment/01-industry-before-after-design-zhtw.md
P2-backlog,57,03-Industry-Segment,ja,(blank),multilingual-cluster,4,1,01-industry-education-infographic-ja,01-industry-education-infographic,Education Infographic Design with AI: Transform Complex Ideas into Clear Visual Narratives,03-Industry-Segment/01-industry-education-infographic-ja.md
P2-backlog,57,03-Industry-Segment,zh,(blank),multilingual-cluster,4,1,01-industry-education-infographic-zh,01-industry-education-infographic,用AI设计教育信息图：将复杂思想转化为清晰的视觉叙事,03-Industry-Segment/01-industry-education-infographic-zh.md
P2-backlog,57,03-Industry-Segment,zh-TW,(blank),multilingual-cluster,4,1,01-industry-education-infographic-zhtw,01-industry-education-infographic,Education Infographic Design with AI: Transform Complex Ideas into Clear Visual Narratives,03-Industry-Segment/01-industry-education-infographic-zhtw.md
P2-backlog,57,03-Industry-Segment,ja,(blank),multilingual-cluster,4,1,01-industry-hair-salon-menu-ja,01-industry-hair-salon-menu,"Hair Salon Menu Design: Services, Pricing, and Visual Style That Books Appointments",03-Industry-Segment/01-industry-hair-salon-menu-ja.md
P2-backlog,57,03-Industry-Segment,zh,(blank),multilingual-cluster,4,1,01-industry-hair-salon-menu-zh,01-industry-hair-salon-menu,美发沙龙菜单设计：能促成预约的服务、定价与视觉风格,03-Industry-Segment/01-industry-hair-salon-menu-zh.md
P2-backlog,57,03-Industry-Segment,zh-TW,(blank),multilingual-cluster,4,1,01-industry-hair-salon-menu-zhtw,01-industry-hair-salon-menu,"Hair Salon Menu Design: Services, Pricing, and Visual Style That Books Appointments",03-Industry-Segment/01-industry-hair-salon-menu-zhtw.md
P2-backlog,57,03-Industry-Segment,zh,(blank),multilingual-cluster,3,1,law-firm-branding-trust-authority-design-2027,law-firm-branding-trust-authority-design-2027,律师事务所品牌建设：通过设计建立信任、权威与专业形象,03-Industry-Segment/01-industry-law-firm-branding-zh.md
P2-backlog,57,03-Industry-Segment,ja,(blank),multilingual-cluster,4,1,01-industry-multi-platform-restaurant-ja,01-industry-multi-platform-restaurant,Multi-Platform Restaurant Branding: From Menu to Instagram to Google to UberEats — One Cohesive Visual System,03-Industry-Segment/01-industry-multi-platform-restaurant-ja.md
P2-backlog,57,03-Industry-Segment,zh,(blank),multilingual-cluster,4,1,01-industry-multi-platform-restaurant-zh,01-industry-multi-platform-restaurant,多平台餐厅品牌塑造：从菜单到Instagram、Google、UberEats——一个统一的视觉系统,03-Industry-Segment/01-industry-multi-platform-restaurant-zh.md
P2-backlog,57,03-Industry-Segment,zh-TW,(blank),multilingual-cluster,4,1,01-industry-multi-platform-restaurant-zhtw,01-industry-multi-platform-restaurant,Multi-Platform Restaurant Branding: From Menu to Instagram to Google to UberEats — One Cohesive Visual System,03-Industry-Segment/01-industry-multi-platform-restaurant-zhtw.md
P2-backlog,57,03-Industry-Segment,ja,(blank),multilingual-cluster,4,1,01-industry-saas-landing-page-ja,01-industry-saas-landing-page,SaaS Landing Page Design: Hero Images and Feature Visuals That Convert with AI,03-Industry-Segment/01-industry-saas-landing-page-ja.md
P2-backlog,57,03-Industry-Segment,zh,(blank),multilingual-cluster,4,1,01-industry-saas-landing-page-zh,01-industry-saas-landing-page,SaaS 着陆页设计：利用 AI 打造高转化率的英雄图像与功能视觉,03-Industry-Segment/01-industry-saas-landing-page-zh.md
P2-backlog,57,03-Industry-Segment,zh-TW,(blank),multilingual-cluster,4,1,01-industry-saas-landing-page-zhtw,01-industry-saas-landing-page,SaaS Landing Page Design: Hero Images and Feature Visuals That Convert with AI,03-Industry-Segment/01-industry-saas-landing-page-zhtw.md
P2-backlog,57,03-Industry-Segment,zh,(blank),multilingual-cluster,3,1,spa-wellness-branding-calming-visual-strategy-2027,spa-wellness-branding-calming-visual-strategy-2027,水疗与健康品牌塑造：2027年宁静视觉策略,03-Industry-Segment/01-industry-spa-wellness-branding-zh.md
P2-backlog,57,03-Industry-Segment,ja,(blank),multilingual-cluster,4,1,01-industry-virtual-staging-ai-ja,01-industry-virtual-staging-ai,Real Estate Virtual Staging with AI: Transform Empty Rooms into Buyer Magnets,03-Industry-Segment/01-industry-virtual-staging-ai-ja.md
P2-backlog,57,03-Industry-Segment,zh,(blank),multilingual-cluster,4,1,01-industry-virtual-staging-ai-zh,01-industry-virtual-staging-ai,AI 赋能房地产虚拟布置：将空置房间转变为买家磁石,03-Industry-Segment/01-industry-virtual-staging-ai-zh.md
P2-backlog,57,03-Industry-Segment,zh-TW,(blank),multilingual-cluster,4,1,01-industry-virtual-staging-ai-zhtw,01-industry-virtual-staging-ai,Real Estate Virtual Staging with AI: Transform Empty Rooms into Buyer Magnets,03-Industry-Segment/01-industry-virtual-staging-ai-zhtw.md
P2-backlog,57,03-Industry-Segment,ja,(blank),multilingual-cluster,4,1,02-industry-digital-menu-board-ja,02-industry-digital-menu-board,Digital Menu Board Design with AI: From Static to Dynamic in Minutes,03-Industry-Segment/02-industry-digital-menu-board-ja.md
P2-backlog,57,03-Industry-Segment,zh,(blank),multilingual-cluster,4,1,02-industry-digital-menu-board-zh,02-industry-digital-menu-board,用AI设计数字菜单板：几分钟内从静态到动态,03-Industry-Segment/02-industry-digital-menu-board-zh.md
P2-backlog,57,03-Industry-Segment,zh-TW,(blank),multilingual-cluster,4,1,02-industry-digital-menu-board-zhtw,02-industry-digital-menu-board,Digital Menu Board Design with AI: From Static to Dynamic in Minutes,03-Industry-Segment/02-industry-digital-menu-board-zhtw.md
P2-backlog,57,03-Industry-Segment,ja,(blank),multilingual-cluster,4,1,02-industry-fitness-studio-content-ja,02-industry-fitness-studio-content,Fitness Studio 30-Day Content Calendar: AI-Powered Social Media That Fills Classes,03-Industry-Segment/02-industry-fitness-studio-content-ja.md
P2-backlog,57,03-Industry-Segment,zh,(blank),multilingual-cluster,4,1,02-industry-fitness-studio-content-zh,02-industry-fitness-studio-content,健身工作室30天内容日历：AI驱动的社交媒体，让课程爆满,03-Industry-Segment/02-industry-fitness-studio-content-zh.md
P2-backlog,57,03-Industry-Segment,zh-TW,(blank),multilingual-cluster,4,1,02-industry-fitness-studio-content-zhtw,02-industry-fitness-studio-content,Fitness Studio 30-Day Content Calendar: AI-Powered Social Media That Fills Classes,03-Industry-Segment/02-industry-fitness-studio-content-zhtw.md
P2-backlog,57,03-Industry-Segment,ja,(blank),multilingual-cluster,3,1,makeup-artist-portfolio-design-ai-2027,makeup-artist-portfolio-design-ai-2027,【日本語】 Makeup Artist Portfolio デザイン: Showcasing Your Work with AI in 2027,03-Industry-Segment/02-industry-makeup-artist-portfolio-ja.md
P2-backlog,57,03-Industry-Segment,zh,(blank),multilingual-cluster,3,1,makeup-artist-portfolio-design-ai-2027,makeup-artist-portfolio-design-ai-2027,化妆师作品集设计：在2027年用AI展示你的作品,03-Industry-Segment/02-industry-makeup-artist-portfolio-zh.md
P2-backlog,57,03-Industry-Segment,zh-TW,(blank),multilingual-cluster,3,1,makeup-artist-portfolio-design-ai-2027,makeup-artist-portfolio-design-ai-2027,【繁體】 Makeup Artist Portfolio 設計: Showcasing Your Work with AI in 2027,03-Industry-Segment/02-industry-makeup-artist-portfolio-zhtw.md
P2-backlog,57,03-Industry-Segment,ja,(blank),multilingual-cluster,4,1,02-industry-online-course-visual-identity-ja,02-industry-online-course-visual-identity,Online Course Visual Identity: From Logo to Thumbnails — Building a Cohesive Look That Sells,03-Industry-Segment/02-industry-online-course-visual-identity-ja.md
P2-backlog,57,03-Industry-Segment,zh,(blank),multilingual-cluster,4,1,02-industry-online-course-visual-identity-zh,02-industry-online-course-visual-identity,在线课程视觉形象：从Logo到缩略图——打造有凝聚力的卖座外观,03-Industry-Segment/02-industry-online-course-visual-identity-zh.md
P2-backlog,57,03-Industry-Segment,zh-TW,(blank),multilingual-cluster,4,1,02-industry-online-course-visual-identity-zhtw,02-industry-online-course-visual-identity,Online Course Visual Identity: From Logo to Thumbnails — Building a Cohesive Look That Sells,03-Industry-Segment/02-industry-online-course-visual-identity-zhtw.md
P2-backlog,57,03-Industry-Segment,ja,(blank),multilingual-cluster,3,1,patient-education-material-design-ai-2027,patient-education-material-design-ai-2027,【日本語】 Patient Education Material デザイン with AI: From Complex Medical Concepts to Clear Visuals,03-Industry-Segment/02-industry-patient-education-materials-ja.md
P2-backlog,57,03-Industry-Segment,zh,(blank),multilingual-cluster,3,1,patient-education-material-design-ai-2027,patient-education-material-design-ai-2027,利用AI设计患者教育材料：从复杂医学概念到清晰视觉呈现,03-Industry-Segment/02-industry-patient-education-materials-zh.md
P2-backlog,57,03-Industry-Segment,zh-TW,(blank),multilingual-cluster,3,1,patient-education-material-design-ai-2027,patient-education-material-design-ai-2027,【繁體】 Patient Education Material 設計 with AI: From Complex Medical Concepts to Clear Visuals,03-Industry-Segment/02-industry-patient-education-materials-zhtw.md
P2-backlog,57,03-Industry-Segment,zh,(blank),multilingual-cluster,4,1,02-industry-product-screenshot-beautification-zh,02-industry-product-screenshot-beautification,产品截图美化：让你的UI在应用商店和营销中大放异彩,03-Industry-Segment/02-industry-product-screenshot-beautification-zh.md
P2-backlog,57,03-Industry-Segment,ja,(blank),multilingual-cluster,4,1,02-industry-property-listing-design-ja,02-industry-property-listing-design,Property Listing Design: From Photos to Flyers in Minutes with AI,03-Industry-Segment/02-industry-property-listing-design-ja.md
P2-backlog,57,03-Industry-Segment,zh,(blank),multilingual-cluster,4,1,02-industry-property-listing-design-zh,02-industry-property-listing-design,房源设计：借助AI，从照片到传单仅需数分钟,03-Industry-Segment/02-industry-property-listing-design-zh.md
P2-backlog,57,03-Industry-Segment,zh-TW,(blank),multilingual-cluster,4,1,02-industry-property-listing-design-zhtw,02-industry-property-listing-design,Property Listing Design: From Photos to Flyers in Minutes with AI,03-Industry-Segment/02-industry-property-listing-design-zhtw.md
P2-backlog,57,03-Industry-Segment,zh,(blank),multilingual-cluster,2,1,02-segment-nonprofit-design-zh,02-segment-nonprofit-design,面向非营利组织的AI设计：以有限预算实现最大影响力,03-Industry-Segment/02-segment-nonprofit-design-zh.md
P2-backlog,57,03-Industry-Segment,ja,(blank),multilingual-cluster,4,1,03-industry-beauty-salon-branding-ja,03-industry-beauty-salon-branding,Beauty Salon Branding: From Logo to Instagram Aesthetic — A Complete Visual System,03-Industry-Segment/03-industry-beauty-salon-branding-ja.md
P2-backlog,57,03-Industry-Segment,zh,(blank),multilingual-cluster,4,1,03-industry-beauty-salon-branding-zh,03-industry-beauty-salon-branding,美容院品牌塑造：从Logo到Instagram美学——完整视觉系统,03-Industry-Segment/03-industry-beauty-salon-branding-zh.md
P2-backlog,57,03-Industry-Segment,zh-TW,(blank),multilingual-cluster,4,1,03-industry-beauty-salon-branding-zhtw,03-industry-beauty-salon-branding,Beauty Salon Branding: From Logo to Instagram Aesthetic — A Complete Visual System,03-Industry-Segment/03-industry-beauty-salon-branding-zhtw.md
P2-backlog,57,03-Industry-Segment,ja,(blank),multilingual-cluster,4,1,03-industry-certificate-design-ai-ja,03-industry-certificate-design-ai,Certificate Design with AI: Student and Achievement Credentials That Feel Worth Earning,03-Industry-Segment/03-industry-certificate-design-ai-ja.md
P2-backlog,57,03-Industry-Segment,zh,(blank),multilingual-cluster,4,1,03-industry-certificate-design-ai-zh,03-industry-certificate-design-ai,AI 驱动的证书设计：打造值得拥有的学生与成就凭证,03-Industry-Segment/03-industry-certificate-design-ai-zh.md
P2-backlog,57,03-Industry-Segment,zh-TW,(blank),multilingual-cluster,4,1,03-industry-certificate-design-ai-zhtw,03-industry-certificate-design-ai,Certificate Design with AI: Student and Achievement Credentials That Feel Worth Earning,03-Industry-Segment/03-industry-certificate-design-ai-zhtw.md
P2-backlog,57,03-Industry-Segment,zh,(blank),multilingual-cluster,3,1,dental-clinic-branding-trust-design-2027,dental-clinic-branding-trust-design-2027,牙科诊所品牌建设：通过战略性视觉设计建立患者信任,03-Industry-Segment/03-industry-dental-clinic-branding-zh.md
P2-backlog,57,03-Industry-Segment,ja,(blank),multilingual-cluster,4,1,03-industry-real-estate-agent-branding-ja,03-industry-real-estate-agent-branding,Real Estate Agent Personal Branding with AI: Stand Out in a Sea of Headshots,03-Industry-Segment/03-industry-real-estate-agent-branding-ja.md
P2-backlog,57,03-Industry-Segment,zh,(blank),multilingual-cluster,4,1,03-industry-real-estate-agent-branding-zh,03-industry-real-estate-agent-branding,利用AI打造房地产经纪人个人品牌：在千篇一律的头像中脱颖而出,03-Industry-Segment/03-industry-real-estate-agent-branding-zh.md
P2-backlog,57,03-Industry-Segment,zh-TW,(blank),multilingual-cluster,4,1,03-industry-real-estate-agent-branding-zhtw,03-industry-real-estate-agent-branding,Real Estate Agent Personal Branding with AI: Stand Out in a Sea of Headshots,03-Industry-Segment/03-industry-real-estate-agent-branding-zhtw.md
P2-backlog,57,03-Industry-Segment,ja,(blank),multilingual-cluster,4,1,03-industry-tech-company-branding-ja,03-industry-tech-company-branding,Tech Company Branding: Building Trust Through Visual Design with AI,03-Industry-Segment/03-industry-tech-company-branding-ja.md
P2-backlog,57,03-Industry-Segment,zh,(blank),multilingual-cluster,4,1,03-industry-tech-company-branding-zh,03-industry-tech-company-branding,科技公司品牌建设：通过AI视觉设计建立信任,03-Industry-Segment/03-industry-tech-company-branding-zh.md
P2-backlog,57,03-Industry-Segment,zh-TW,(blank),multilingual-cluster,4,1,03-industry-tech-company-branding-zhtw,03-industry-tech-company-branding,Tech Company Branding: Building Trust Through Visual Design with AI,03-Industry-Segment/03-industry-tech-company-branding-zhtw.md
P2-backlog,57,03-Industry-Segment,zh,(blank),multilingual-cluster,4,1,04-segment-real-estate-agents-zh,04-segment-real-estate-agents,最佳房地产经纪人AI设计助手：革新房产营销,03-Industry-Segment/04-segment-real-estate-agents-zh.md
P2-backlog,57,03-Industry-Segment,zh,(blank),multilingual-cluster,4,1,ai-design-for-comedians-entertainers,ai-design-for-comedians-entertainers,喜剧演员与艺人的AI设计——演出海报、视频片段与个人品牌,03-Industry-Segment/ai-design-for-comedians-entertainers-zh.md
P2-backlog,57,03-Industry-Segment,zh,(blank),multilingual-cluster,4,1,ai-design-for-linkedin-personal-branding,ai-design-for-linkedin-personal-branding,AI 设计助力 LinkedIn 个人品牌打造 — 在信息流中脱颖而出,03-Industry-Segment/ai-design-for-linkedin-personal-branding-zh.md
P2-backlog,57,03-Industry-Segment,zh,(blank),multilingual-cluster,4,1,ai-design-for-podcasters-complete-visual-kit-zh,ai-design-for-podcasters-complete-visual-kit,播客制作者的AI设计指南——从封面到社交媒体的完整视觉工具包,03-Industry-Segment/ai-design-for-podcasters-complete-visual-kit-zh.md
P2-backlog,57,03-Industry-Segment,zh,(blank),multilingual-cluster,4,1,ai-design-for-restaurant-chains-multi-location-zh,ai-design-for-restaurant-chains-multi-location,AI 设计助力连锁餐厅——多门店品牌一致性,03-Industry-Segment/ai-design-for-restaurant-chains-multi-location-zh.md
P2-backlog,57,03-Industry-Segment,zh,(blank),multilingual-cluster,4,1,ai-design-for-tattoo-artists-studios,ai-design-for-tattoo-artists-studios,纹身师的AI设计——闪绘页、模板与工作室品牌打造,03-Industry-Segment/ai-design-for-tattoo-artists-studios-zh.md
P2-backlog,57,03-Industry-Segment,zh,(blank),multilingual-cluster,4,1,ai-design-for-tiktok-creators-viral-visuals-zh,ai-design-for-tiktok-creators-viral-visuals,TikTok创作者的AI设计——让用户停下滑动的爆款视觉,03-Industry-Segment/ai-design-for-tiktok-creators-viral-visuals-zh.md
P2-backlog,57,03-Industry-Segment,ja,(blank),multilingual-cluster,4,1,creating-negative-space-ai-leave-room-for-text,creating-negative-space-ai-leave-room-for-text,【日本語】 Creating Negative Space — 方法 Tell AI to Leave Room for Your Text,03-Industry-Segment/creating-negative-space-ai-leave-room-for-text-ja.md
P2-backlog,57,03-Industry-Segment,zh,(blank),multilingual-cluster,4,1,creating-negative-space-ai-leave-room-for-text,creating-negative-space-ai-leave-room-for-text,创造负空间——如何告诉AI为你的文字留出空间,03-Industry-Segment/creating-negative-space-ai-leave-room-for-text-zh.md
P2-backlog,57,03-Industry-Segment,zh-TW,(blank),multilingual-cluster,4,1,creating-negative-space-ai-leave-room-for-text,creating-negative-space-ai-leave-room-for-text,【繁體】 Creating Negative Space — 如何 Tell AI to Leave Room for Your Text,03-Industry-Segment/creating-negative-space-ai-leave-room-for-text-zhtw.md
P2-backlog,57,03-Industry-Segment,zh,(blank),multilingual-cluster,4,1,prompting-for-repairs-words-to-fix-ai-mistakes,prompting-for-repairs-words-to-fix-ai-mistakes,修复提示——哪些词语能真正让AI修正错误,03-Industry-Segment/prompting-for-repairs-words-to-fix-ai-mistakes-zh.md
P2-backlog,57,04-Career,en,(blank),multilingual-cluster,4,1,ai-designer-skill-upgrade-path-2026,ai-designer-skill-upgrade-path-2026,AI Designer Skill Upgrade Path — What to Learn in 2026 to Stay Relevant,04-Career/ai-designer-skill-upgrade-path-2026.md
P2-backlog,57,04-Career,en,(blank),multilingual-cluster,4,1,top-10-ai-photo-enhancement-tools-2026,top-10-ai-photo-enhancement-tools-2026,Top 10 AI Photo Enhancement Tools in 2026: From Blurry to Brilliant — Which Actually Delivers?,04-Career/top-10-ai-photo-enhancement-tools-2026.md
P2-backlog,57,06-Case-Study,ja,(blank),multilingual-cluster,3,1,etsy-success-ai-photos-increased-ctr-200-percent,etsy-success-ai-photos-increased-ctr-200-percent,【日本語】 Etsy Success — How AI Product Photos Increased Our Click-Through Rate by 200%,06-Case-Study/31-etsy-success-ai-photos-increased-ctr-200-percent-ja.md
P2-backlog,57,06-Case-Study,zh,(blank),multilingual-cluster,3,1,etsy-success-ai-photos-increased-ctr-200-percent,etsy-success-ai-photos-increased-ctr-200-percent,Etsy成功之道——AI产品图如何让点击率飙升200%,06-Case-Study/31-etsy-success-ai-photos-increased-ctr-200-percent-zh.md
P2-backlog,57,06-Case-Study,zh-TW,(blank),multilingual-cluster,3,1,etsy-success-ai-photos-increased-ctr-200-percent,etsy-success-ai-photos-increased-ctr-200-percent,【繁體】 Etsy Success — How AI Product Photos Increased Our Click-Through Rate by 200%,06-Case-Study/31-etsy-success-ai-photos-increased-ctr-200-percent-zhtw.md
P2-backlog,57,06-Case-Study,zh,(blank),multilingual-cluster,4,1,case-study-bootstrapper-free-ai-tools-growth-zh,case-study-bootstrapper-free-ai-tools-growth,白手起家者 Tunde Adebayo 如何仅用免费 AI 工具打造六位数 DTC 品牌——Lovart 是设计引擎,06-Case-Study/case-study-bootstrapper-free-ai-tools-growth-zh.md
P2-backlog,57,06-Case-Study,ja,(blank),multilingual-cluster,4,1,lovart-behind-the-scenes-team-story,lovart-behind-the-scenes-team-story,【日本語】 Building Lovart — The Story Behind the World's First AI デザイン Agent,06-Case-Study/lovart-behind-the-scenes-team-story-ja.md
P2-backlog,57,06-Case-Study,zh,(blank),multilingual-cluster,4,1,lovart-behind-the-scenes-team-story-zh,lovart-behind-the-scenes-team-story,构建 Lovart——全球首个AI设计Agent背后的故事,06-Case-Study/lovart-behind-the-scenes-team-story-zh.md
P2-backlog,57,06-Case-Study,zh-TW,(blank),multilingual-cluster,4,1,lovart-behind-the-scenes-team-story,lovart-behind-the-scenes-team-story,【繁體】 Building Lovart — The Story Behind the World's First AI 設計 Agent,06-Case-Study/lovart-behind-the-scenes-team-story-zhtw.md
P2-backlog,57,06-Case-Study,ja,(blank),multilingual-cluster,4,1,S21 - lovart-customer-success-story-ja,s21 - lovart-customer-success-story,Lovart Customer Success: How a DTC Brand Transformed Their Visual Marketing,06-Case-Study/S21 - lovart-customer-success-story-ja.md
P2-backlog,57,06-Case-Study,zh,(blank),multilingual-cluster,4,1,S21 - lovart-customer-success-story-zh,s21 - lovart-customer-success-story,Lovart 客户成功案例：一家 DTC 品牌如何重塑视觉营销,06-Case-Study/S21 - lovart-customer-success-story-zh.md
P2-backlog,57,06-Case-Study,zh-TW,(blank),multilingual-cluster,4,1,S21 - lovart-customer-success-story-zhtw,s21 - lovart-customer-success-story,Lovart Customer Success: How a DTC Brand Transformed Their Visual Marketing,06-Case-Study/S21 - lovart-customer-success-story-zhtw.md
P2-backlog,57,06-Case-Study,ja,(blank),multilingual-cluster,6,1,seedance-video-production-workflow-case-study,seedance-video-production-workflow-case-study,【日本語】 Seedance Video Production Workflow — A Real 30-Video Campaign Case Study,06-Case-Study/seedance-video-production-workflow-case-study-ja.md
P2-backlog,57,06-Case-Study,zh,(blank),multilingual-cluster,6,1,seedance-video-production-workflow-case-study,seedance-video-production-workflow-case-study,Seedance 视频制作工作流 — 一个真实 30 视频营销活动案例研究,06-Case-Study/seedance-video-production-workflow-case-study-zh.md
P2-backlog,57,06-Case-Study,zh-TW,(blank),multilingual-cluster,6,1,seedance-video-production-workflow-case-study,seedance-video-production-workflow-case-study,【繁體】 Seedance Video Production Workflow — A Real 30-Video Campaign Case Study,06-Case-Study/seedance-video-production-workflow-case-study-zhtw.md
P2-backlog,57,06-Case-Study,ja,(blank),multilingual-cluster,4,1,ugly-to-lovely-ms-paint-to-ai-makeover,ugly-to-lovely-ms-paint-to-ai-makeover,【日本語】 Ugly to Lovely — We Took a Bad MS Paint Drawing and Let AI Fix It,06-Case-Study/ugly-to-lovely-ms-paint-to-ai-makeover-ja.md
P2-backlog,57,06-Case-Study,zh-TW,(blank),multilingual-cluster,4,1,ugly-to-lovely-ms-paint-to-ai-makeover,ugly-to-lovely-ms-paint-to-ai-makeover,【繁體】 Ugly to Lovely — We Took a Bad MS Paint Drawing and Let AI Fix It,06-Case-Study/ugly-to-lovely-ms-paint-to-ai-makeover-zhtw.md
P2-backlog,57,13-Onboarding,ja,(blank),multilingual-cluster,6,1,05-pillar-getting-started-lovart-ja,05-pillar-getting-started-lovart,Getting Started with Lovart: Your AI Design Journey (2026),13-Onboarding/05-pillar-getting-started-lovart-ja.md
P2-backlog,57,13-Onboarding,zh-TW,(blank),multilingual-cluster,6,1,05-pillar-getting-started-lovart-zhtw,05-pillar-getting-started-lovart,Getting Started with Lovart: Your AI Design Journey (2026),13-Onboarding/05-pillar-getting-started-lovart-zhtw.md
P2-backlog,55,04-Career,ja,(blank),multilingual-cluster,4,1,03-career-chatcanvas-client-review-ja,03-career-chatcanvas-client-review,Presenting Designs: How to Use ChatCanvas for Client Reviews That Get Approved Faster,04-Career/03-career-chatcanvas-client-review-ja.md
P2-backlog,55,04-Career,zh-TW,(blank),multilingual-cluster,4,1,03-career-chatcanvas-client-review-zhtw,03-career-chatcanvas-client-review,Presenting Designs: How to Use ChatCanvas for Client Reviews That Get Approved Faster,04-Career/03-career-chatcanvas-client-review-zhtw.md
P2-backlog,55,05-Insight-Trend,zh,(blank),multilingual-cluster,2,1,01-insight-2027-content-year-summary-zh,01-insight-2027-content-year-summary,Lovart 2027：内容与社区年度回顾——完整总结,05-Insight-Trend/01-insight-2027-content-year-summary-zh.md
P2-backlog,55,05-Insight-Trend,ja,(blank),multilingual-cluster,3,1,ai-design-2028-5-predictions-lovart-team,ai-design-2028-5-predictions-lovart-team,【日本語】 AI デザイン 2028: 5 Predictions from the Lovart Team,05-Insight-Trend/01-insight-ai-design-2028-predictions-ja.md
P2-backlog,55,05-Insight-Trend,zh,(blank),multilingual-cluster,3,1,ai-design-2028-5-predictions-lovart-team,ai-design-2028-5-predictions-lovart-team,AI设计2028：Lovart团队的5大预测,05-Insight-Trend/01-insight-ai-design-2028-predictions-zh.md
P2-backlog,55,05-Insight-Trend,zh-TW,(blank),multilingual-cluster,3,1,ai-design-2028-5-predictions-lovart-team,ai-design-2028-5-predictions-lovart-team,【繁體】 AI 設計 2028: 5 Predictions from the Lovart Team,05-Insight-Trend/01-insight-ai-design-2028-predictions-zhtw.md
P2-backlog,55,05-Insight-Trend,ja,(blank),multilingual-cluster,3,1,ai-design-2028-predictions,ai-design-2028-predictions,【日本語】 AI デザイン 2028: Predictions from the Lovart Team,05-Insight-Trend/02-insight-ai-design-2028-predictions-ja.md
P2-backlog,55,05-Insight-Trend,zh,(blank),multilingual-cluster,3,1,ai-design-2028-predictions,ai-design-2028-predictions,AI 设计 2028：Lovart 团队的预测,05-Insight-Trend/02-insight-ai-design-2028-predictions-zh.md
P2-backlog,55,05-Insight-Trend,zh-TW,(blank),multilingual-cluster,3,1,ai-design-2028-predictions,ai-design-2028-predictions,【繁體】 AI 設計 2028: Predictions from the Lovart Team,05-Insight-Trend/02-insight-ai-design-2028-predictions-zhtw.md
P2-backlog,55,05-Insight-Trend,ja,(blank),multilingual-cluster,4,1,brand-kit-farmer-market-lovart,brand-kit-farmer-market-lovart,【日本語】 Farmers Market ブランド Kit: Fresh-Picked Visual Identity That Grows Your Vendor Community,05-Insight-Trend/brand-kit-farmer-market-lovart-ja.md
P2-backlog,55,05-Insight-Trend,zh,(blank),multilingual-cluster,4,1,brand-kit-farmer-market-lovart-zh,brand-kit-farmer-market-lovart,,05-Insight-Trend/brand-kit-farmer-market-lovart-zh.md
P2-backlog,55,05-Insight-Trend,zh-TW,(blank),multilingual-cluster,4,1,brand-kit-farmer-market-lovart,brand-kit-farmer-market-lovart,【繁體】 Farmers Market 品牌 Kit: Fresh-Picked Visual Identity That Grows Your Vendor Community,05-Insight-Trend/brand-kit-farmer-market-lovart-zhtw.md
P2-backlog,55,05-Insight-Trend,ja,(blank),multilingual-cluster,4,1,brand-kit-food-market-lovart,brand-kit-food-market-lovart,【日本語】 Food Market ブランド Kit: Artisanal Visual Identity for Multi-Vendor Culinary Destinations,05-Insight-Trend/brand-kit-food-market-lovart-ja.md
P2-backlog,55,05-Insight-Trend,zh,(blank),multilingual-cluster,4,1,brand-kit-food-market-lovart,brand-kit-food-market-lovart,美食市场品牌套件：多供应商烹饪目的地的工艺视觉识别,05-Insight-Trend/brand-kit-food-market-lovart-zh.md
P2-backlog,55,05-Insight-Trend,zh-TW,(blank),multilingual-cluster,4,1,brand-kit-food-market-lovart,brand-kit-food-market-lovart,【繁體】 Food Market 品牌 Kit: Artisanal Visual Identity for Multi-Vendor Culinary Destinations,05-Insight-Trend/brand-kit-food-market-lovart-zhtw.md
P2-backlog,55,05-Insight-Trend,ja,(blank),multilingual-cluster,4,1,japan-market-ai-design-localization-lessons,japan-market-ai-design-localization-lessons,【日本語】 Japan Market AI デザイン — Localization Lessons from 20% CTR Growth,05-Insight-Trend/japan-market-ai-design-localization-lessons-ja.md
P2-backlog,55,05-Insight-Trend,zh-TW,(blank),multilingual-cluster,4,1,japan-market-ai-design-localization-lessons,japan-market-ai-design-localization-lessons,【繁體】 Japan Market AI 設計 — Localization Lessons from 20% CTR Growth,05-Insight-Trend/japan-market-ai-design-localization-lessons-zhtw.md
P2-backlog,55,07-Seasonal,ja,(blank),multilingual-cluster,4,1,back-to-school-student-ai-toolkit-2026,back-to-school-student-ai-toolkit-2026,"【日本語】 Back-to-School AI デザイン Toolkit — Posters, Presentations & Projects for Students",07-Seasonal/back-to-school-student-ai-toolkit-2026-ja.md
P2-backlog,55,07-Seasonal,zh-TW,(blank),multilingual-cluster,4,1,back-to-school-student-ai-toolkit-2026,back-to-school-student-ai-toolkit-2026,"【繁體】 Back-to-School AI 設計 Toolkit — Posters, Presentations & Projects for Students",07-Seasonal/back-to-school-student-ai-toolkit-2026-zhtw.md
P2-risk-review,55,10-Ethics-Legal,en,(blank),single,1,1,02-ethics-who-owns-ai-designs,02-ethics-who-owns-ai-designs,Who Owns AI-Generated Designs? A Creator's Guide to Intellectual Property in 2027,10-Ethics-Legal/02-ethics-who-owns-ai-designs.md
P2-backlog,55,13-Onboarding,en,(blank),multilingual-cluster,4,1,S30 - generate-10-designs-10-minutes,s30 - generate-10-designs-10-minutes,Quick Start: Generate Your First 10 Designs in Under 10 Minutes,13-Onboarding/S30 - generate-10-designs-10-minutes.md
P2-backlog,54,11-Programmatic-SEO,"zh | **#2d6a4f (翡翠绿)** — 深沉、扎根，在东西方传统中普遍与疗愈和更新相关联。用作主要标志颜色和诊所标牌。 | **#e8d5b7 (暖沙色)** — 竹席和天然亚麻的颜色。作为背景色至关重要：它温暖了临床空间，并在治疗室照片中呈现美丽效果。 | **#3d405b (静谧靛蓝)** — 一种精致的近海军蓝，锚定整个调色板。用于文本元素、网站标题和预约卡背景。 | **#e07a5f (陶土触感)** — 一种温暖、人性化的强调色，用于行动号召按钮、""立即预约""元素和季节性健康推广。 | **#f4f1de (宣纸白)** — 名片、登记表和网站页面的主要背景色。比纯白色更温暖、更有意图。 | **#81b29a (鼠尾草浅绿)** — 一种柔和的辅助绿色，用于次要元素、插图背景和治疗室墙面颜色。",(blank),multilingual-cluster,4,1,brand-kit-acupuncturist-lovart,brand-kit-acupuncturist-lovart,如何为针灸师打造品牌工具包,11-Programmatic-SEO/brand-kit-acupuncturist-lovart-zh.md
P2-backlog,54,11-Programmatic-SEO,zh | **#1d3557（结构海军蓝）** — 自信、临床且普遍受信任。用作主标志色、网站背景和诊所标牌。它传达权威感，而不显得冷漠。 | **#457b9d（活力蓝）** — 一种中调蓝色，在临床严肃性和亲和力之间架起桥梁。非常适合调整床单、员工制服和社交媒体模板。 | **#f1faee（洁净亚麻色）** — 一种温暖、非无菌的白色，用于墙壁、登记表和网站背景。避免 #ffffff 带来的“医院荧光”感。 | **#e63946（恢复红）** — 用于 cta 按钮、“新患者特惠”促销和预约确认高亮的大胆强调色。使用量不超过品牌总面积的 10%。 | **#2a9d8f（治愈蓝绿色）** — 适用于提供补充疗法（按摩、康复锻炼）的诊所。一种与海军蓝搭配良好的舒缓辅助色。 | **#f4a261（温暖琥珀色）** — 以色彩形式体现人文温暖。用于患者成功案例高亮部分、推荐卡和办公室装饰点缀。,(blank),multilingual-cluster,4,1,brand-kit-chiropractor-lovart,brand-kit-chiropractor-lovart,如何为脊椎按摩师创建品牌工具包,11-Programmatic-SEO/brand-kit-chiropractor-lovart-zh.md
P2-backlog,53,05-Insight-Trend,zh,(blank),multilingual-cluster,4,1,01-insight-2026-year-review-zh,01-insight-2026-year-review,2026 AI 设计年度回顾：AI 成为每位设计师的副驾驶之年,05-Insight-Trend/01-insight-2026-year-review-zh.md
P2-backlog,53,05-Insight-Trend,zh,(blank),multilingual-cluster,4,1,ai-design-economic-impact-2026-zh,ai-design-economic-impact-2026,AI设计的經濟影響——当设计成本下降90%时会发生什么,05-Insight-Trend/ai-design-economic-impact-2026-zh.md
P2-backlog,53,05-Insight-Trend,zh,(blank),multilingual-cluster,4,1,ai-design-global-adoption-trends-2026,ai-design-global-adoption-trends-2026,AI 设计全球采用趋势——谁在用、在哪里用、为什么用（2026 年数据）,05-Insight-Trend/ai-design-global-adoption-trends-2026-zh.md
P2-backlog,53,05-Insight-Trend,zh,(blank),multilingual-cluster,4,1,S20-5-ai-design-trends-2026-zh,s20-5-ai-design-trends-2026,2026年改变一切的5大AI设计趋势,05-Insight-Trend/S20-5-ai-design-trends-2026-zh.md
P2-backlog,53,05-Insight-Trend,ja,(blank),multilingual-cluster,4,1,typography-trends-retro-serif-cyberpunk-fonts-ai,typography-trends-retro-serif-cyberpunk-fonts-ai,"【日本語】 Typography Trends — 方法 Prompt AI for Retro, Serif & Cyberpunk Fonts",05-Insight-Trend/typography-trends-retro-serif-cyberpunk-fonts-ai-ja.md
P2-backlog,53,05-Insight-Trend,zh-TW,(blank),multilingual-cluster,4,1,typography-trends-retro-serif-cyberpunk-fonts-ai,typography-trends-retro-serif-cyberpunk-fonts-ai,"【繁體】 Typography Trends — 如何 Prompt AI for Retro, Serif & Cyberpunk Fonts",05-Insight-Trend/typography-trends-retro-serif-cyberpunk-fonts-ai-zhtw.md
P2-backlog,53,07-Seasonal,en,(blank),multilingual-cluster,2,1,02-year-in-review-templates-2027,02-year-in-review-templates-2027,Year-in-Review Design Templates 2027: Turn Your Annual Story Into Stunning Visuals,07-Seasonal/02-year-in-review-templates-2027.md
P2-risk-review,53,10-Ethics-Legal,en,(blank),multilingual-cluster,2,1,01-ethics-responsible-ai-design,01-ethics-responsible-ai-design,Responsible AI Design: Lovart's Approach to Ethical AI and What It Means for Your Brand,10-Ethics-Legal/01-ethics-responsible-ai-design.md
P2-risk-review,53,10-Ethics-Legal,en,(blank),multilingual-cluster,2,1,02-enterprise-gdpr-compliance,02-enterprise-gdpr-compliance,GDPR & AI Design: How Lovart Keeps Your Creative Workflow Compliant,10-Ethics-Legal/02-enterprise-gdpr-compliance.md
P2-risk-review,53,10-Ethics-Legal,en,(blank),multilingual-cluster,2,1,02-ethics-ai-design-contracts,02-ethics-ai-design-contracts,AI Design Contracts: What Freelancers & Agencies Should Include,10-Ethics-Legal/02-ethics-ai-design-contracts.md
P2-risk-review,53,10-Ethics-Legal,en,(blank),single,1,1,03-ethics-ai-design-disclosure,03-ethics-ai-design-disclosure,AI Design Disclosure: Should You Tell Clients You Used AI?,10-Ethics-Legal/03-ethics-ai-design-disclosure.md
P2-risk-review,53,10-Ethics-Legal,en,(blank),multilingual-cluster,4,1,ai-design-ethics-responsibility-framework,ai-design-ethics-responsibility-framework,AI Design Ethics — A Practical Responsibility Framework for Creators & Brands,10-Ethics-Legal/ai-design-ethics-responsibility-framework.md
P2-backlog,51,04-Career,en,(blank),multilingual-cluster,4,1,01-career-ai-product-photography,01-career-ai-product-photography,AI Product Photography: From Phone Photos to Professional Listings Without a Studio,04-Career/01-career-ai-product-photography.md
P2-backlog,51,04-Career,en,(blank),single,1,1,01-career-social-media-manager,01-career-social-media-manager,The Social Media Manager's Weekly Design System: From Chaos to Consistency with AI,04-Career/01-career-social-media-manager.md
P2-backlog,51,04-Career,en,(blank),single,1,1,01-career-youtube-thumbnail-design,01-career-youtube-thumbnail-design,YouTube Thumbnail Design: The Science of Click-Worthy Covers in 2027,04-Career/01-career-youtube-thumbnail-design.md
P2-backlog,51,04-Career,en,(blank),multilingual-cluster,4,1,case-study-fashion-designer-ai-moodboard-collage,case-study-fashion-designer-ai-moodboard-collage,How Fashion Designer Isabelle Fontaine Built 47 Moodboards in 2 Days — And Won the Collection That Made Her Career,04-Career/case-study-fashion-designer-ai-moodboard-collage.md
P2-backlog,51,07-Seasonal,zh,(blank),multilingual-cluster,2,1,01-seasonal-fall-collection-guide-zh,01-seasonal-fall-collection-guide,秋季系列发布：2027年秋季产品摄影与视觉策略指南,07-Seasonal/01-seasonal-fall-collection-guide-zh.md
P2-backlog,51,07-Seasonal,zh,(blank),multilingual-cluster,2,1,02-seasonal-bfcm-ecommerce-guide-zh,02-seasonal-bfcm-ecommerce-guide,BFCM 电商视觉策略：利用 AI 设计转化购物者的终极指南,07-Seasonal/02-seasonal-bfcm-ecommerce-guide-zh.md
P2-backlog,51,07-Seasonal,ja,(blank),multilingual-cluster,3,1,ecommerce-back-to-school-visual-guide-2027,ecommerce-back-to-school-visual-guide-2027,【日本語】 E-commerce Back-to-School Visual ガイド: 方法 デザイン Product Images That Convert This School Season,07-Seasonal/02-seasonal-ecommerce-back-to-school-ja.md
P2-backlog,51,07-Seasonal,zh,(blank),multilingual-cluster,3,1,ecommerce-back-to-school-visual-guide-2027,ecommerce-back-to-school-visual-guide-2027,电商返校季视觉指南：如何设计本学年高转化产品图,07-Seasonal/02-seasonal-ecommerce-back-to-school-zh.md
P2-backlog,51,07-Seasonal,zh-TW,(blank),multilingual-cluster,3,1,ecommerce-back-to-school-visual-guide-2027,ecommerce-back-to-school-visual-guide-2027,【繁體】 E-commerce Back-to-School Visual 指南: 如何 設計 Product Images That Convert This School Season,07-Seasonal/02-seasonal-ecommerce-back-to-school-zhtw.md
P2-backlog,51,07-Seasonal,zh,(blank),multilingual-cluster,2,1,02-seasonal-halloween-restaurant-guide-zh,02-seasonal-halloween-restaurant-guide,2027年餐厅万圣节营销指南：AI设计如何重塑你的季节性活动,07-Seasonal/02-seasonal-halloween-restaurant-guide-zh.md
P2-backlog,51,07-Seasonal,ja,(blank),multilingual-cluster,4,1,05-mid-year-sale-ecommerce-guide-ja,05-mid-year-sale-ecommerce-guide,Mid-Year Sale Design Guide: Conversion-Focused E-Commerce Visuals,07-Seasonal/05-mid-year-sale-ecommerce-guide-ja.md
P2-backlog,51,07-Seasonal,zh,(blank),multilingual-cluster,4,1,05-mid-year-sale-ecommerce-guide-zh,05-mid-year-sale-ecommerce-guide,年中促销设计指南：以转化为核心的电商视觉,07-Seasonal/05-mid-year-sale-ecommerce-guide-zh.md
P2-backlog,51,07-Seasonal,zh-TW,(blank),multilingual-cluster,4,1,05-mid-year-sale-ecommerce-guide-zhtw,05-mid-year-sale-ecommerce-guide,Mid-Year Sale Design Guide: Conversion-Focused E-Commerce Visuals,07-Seasonal/05-mid-year-sale-ecommerce-guide-zhtw.md
P2-backlog,51,07-Seasonal,zh,(blank),multilingual-cluster,4,1,07-summer-travel-industry-guide-zh,07-summer-travel-industry-guide,夏季旅游营销：旅游与酒店业AI设计指南,07-Seasonal/07-summer-travel-industry-guide-zh.md
P2-risk-review,51,10-Ethics-Legal,en,(blank),multilingual-cluster,4,1,01-ethics-trademark-ai-logo,01-ethics-trademark-ai-logo,Can You Trademark an AI-Generated Logo? The Legal Landscape in 2026,10-Ethics-Legal/01-ethics-trademark-ai-logo.md
P2-risk-review,51,10-Ethics-Legal,ja,(blank),multilingual-cluster,3,1,who-owns-ai-designs-intellectual-property-guide-2027,who-owns-ai-designs-intellectual-property-guide-2027,【日本語】 Who Owns AI-Generated デザインs? A Creator's ガイド to Intellectual Property in 2027,10-Ethics-Legal/02-ethics-who-owns-ai-designs-ja.md
P2-risk-review,51,10-Ethics-Legal,zh-TW,(blank),multilingual-cluster,3,1,who-owns-ai-designs-intellectual-property-guide-2027,who-owns-ai-designs-intellectual-property-guide-2027,【繁體】 Who Owns AI-Generated 設計s? A Creator's 指南 to Intellectual Property in 2027,10-Ethics-Legal/02-ethics-who-owns-ai-designs-zhtw.md
P2-backlog,51,12-Digest,ja,(blank),multilingual-cluster,4,1,lovart-digest-july-2026-week1-ja,lovart-digest-july-2026-week1,"Lovart Digest — July 4th Special, Mid-Year Sale Design & New Templates (July W1)",12-Digest/lovart-digest-july-2026-week1-ja.md
P2-backlog,51,12-Digest,zh,(blank),multilingual-cluster,4,1,lovart-digest-july-2026-week1-zh,lovart-digest-july-2026-week1,Lovart 文摘 — 七月四日特辑、年中促销设计与新模板（七月第一周）,12-Digest/lovart-digest-july-2026-week1-zh.md
P2-backlog,51,12-Digest,zh-TW,(blank),multilingual-cluster,4,1,lovart-digest-july-2026-week1-zhtw,lovart-digest-july-2026-week1,"Lovart Digest — July 4th Special, Mid-Year Sale Design & New Templates (July W1)",12-Digest/lovart-digest-july-2026-week1-zhtw.md
P2-backlog,51,12-Digest,ja,(blank),multilingual-cluster,4,1,lovart-digest-july-2026-week2-ja,lovart-digest-july-2026-week2,"Lovart Digest — AI Video Deep Dive, E-commerce Visuals & Creator Tips (July W2)",12-Digest/lovart-digest-july-2026-week2-ja.md
P2-backlog,51,12-Digest,zh,(blank),multilingual-cluster,4,1,lovart-digest-july-2026-week2-zh,lovart-digest-july-2026-week2,Lovart 文摘 — AI 视频深度解析、电商视觉与创作者技巧（7月第二周）,12-Digest/lovart-digest-july-2026-week2-zh.md
P2-backlog,51,12-Digest,zh-TW,(blank),multilingual-cluster,4,1,lovart-digest-july-2026-week2-zhtw,lovart-digest-july-2026-week2,"Lovart Digest — AI Video Deep Dive, E-commerce Visuals & Creator Tips (July W2)",12-Digest/lovart-digest-july-2026-week2-zhtw.md
P2-backlog,51,12-Digest,ja,(blank),multilingual-cluster,4,1,lovart-digest-june-2026-week1,lovart-digest-june-2026-week1,"【日本語】 Lovart Digest — Summer デザイン Trends, チュートリアル Roundup & Community Picks (June W1)",12-Digest/lovart-digest-june-2026-week1-ja.md
P2-backlog,51,12-Digest,zh,(blank),multilingual-cluster,4,1,lovart-digest-june-2026-week1,lovart-digest-june-2026-week1,Lovart 文摘 — 夏季设计趋势、教程精选与社区推荐（6月第一周）,12-Digest/lovart-digest-june-2026-week1-zh.md
P2-backlog,51,12-Digest,zh-TW,(blank),multilingual-cluster,4,1,lovart-digest-june-2026-week1,lovart-digest-june-2026-week1,"【繁體】 Lovart Digest — Summer 設計 Trends, 教學 Roundup & Community Picks (June W1)",12-Digest/lovart-digest-june-2026-week1-zhtw.md
P2-backlog,51,12-Digest,ja,(blank),multilingual-cluster,4,1,lovart-digest-june-2026-week2-ja,lovart-digest-june-2026-week2,"Lovart Digest — AI Design Tactics, Tool Shootouts & Creator Wins (June W2)",12-Digest/lovart-digest-june-2026-week2-ja.md
P2-backlog,51,12-Digest,zh,(blank),multilingual-cluster,4,1,lovart-digest-june-2026-week2-zh,lovart-digest-june-2026-week2,Lovart 文摘 — AI 设计策略、工具对决与创作者成功案例（6月第二周）,12-Digest/lovart-digest-june-2026-week2-zh.md
P2-backlog,51,12-Digest,zh-TW,(blank),multilingual-cluster,4,1,lovart-digest-june-2026-week2-zhtw,lovart-digest-june-2026-week2,"Lovart Digest — AI Design Tactics, Tool Shootouts & Creator Wins (June W2)",12-Digest/lovart-digest-june-2026-week2-zhtw.md
P2-backlog,51,12-Digest,zh,(blank),multilingual-cluster,4,1,lovart-digest-june-2026-week3-zh,lovart-digest-june-2026-week3,Lovart Digest — 年中设计回顾、最佳实践与趋势风向（6月第3周）,12-Digest/lovart-digest-june-2026-week3-zh.md
P2-backlog,51,12-Digest,ja,(blank),multilingual-cluster,4,1,lovart-digest-june-2026-week4-ja,lovart-digest-june-2026-week4,"Lovart Digest — Q2 Highlights, Summer Design Kit & Community Spotlight (June W4)",12-Digest/lovart-digest-june-2026-week4-ja.md
P2-backlog,51,12-Digest,zh,(blank),multilingual-cluster,4,1,lovart-digest-june-2026-week4-zh,lovart-digest-june-2026-week4,Lovart 文摘 — Q2 亮点、夏季设计套件与社区聚焦（6月第4周）,12-Digest/lovart-digest-june-2026-week4-zh.md
P2-backlog,51,12-Digest,zh-TW,(blank),multilingual-cluster,4,1,lovart-digest-june-2026-week4-zhtw,lovart-digest-june-2026-week4,"Lovart Digest — Q2 Highlights, Summer Design Kit & Community Spotlight (June W4)",12-Digest/lovart-digest-june-2026-week4-zhtw.md
P2-backlog,51,12-Digest,ja,(blank),multilingual-cluster,4,1,lovart-digest-may-2026-week3,lovart-digest-may-2026-week3,"【日本語】 Lovart Digest — ベスト デザイン ヒント, ツール & Templates This Week (May W3)",12-Digest/lovart-digest-may-2026-week3-ja.md
P2-backlog,51,12-Digest,zh,(blank),multilingual-cluster,4,1,lovart-digest-may-2026-week3-zh,lovart-digest-may-2026-week3,Lovart 文摘 — 本周最佳设计技巧、工具与模板（5月第3周）,12-Digest/lovart-digest-may-2026-week3-zh.md
P2-backlog,51,12-Digest,zh-TW,(blank),multilingual-cluster,4,1,lovart-digest-may-2026-week3,lovart-digest-may-2026-week3,"【繁體】 Lovart Digest — 最佳 設計 技巧, 工具 & Templates This Week (May W3)",12-Digest/lovart-digest-may-2026-week3-zhtw.md
P2-backlog,51,12-Digest,ja,(blank),multilingual-cluster,4,1,lovart-digest-may-2026-week4,lovart-digest-may-2026-week4,"【日本語】 Lovart Digest — AI デザイン Insights, Creator Spotlight & New Features (May W4)",12-Digest/lovart-digest-may-2026-week4-ja.md
P2-backlog,51,12-Digest,zh,(blank),multilingual-cluster,4,1,lovart-digest-may-2026-week4-zh,lovart-digest-may-2026-week4,Lovart Digest — AI 设计洞察、创作者聚焦与新功能（5月第4周）,12-Digest/lovart-digest-may-2026-week4-zh.md
P2-backlog,51,12-Digest,zh-TW,(blank),multilingual-cluster,4,1,lovart-digest-may-2026-week4,lovart-digest-may-2026-week4,"【繁體】 Lovart Digest — AI 設計 Insights, Creator Spotlight & New Features (May W4)",12-Digest/lovart-digest-may-2026-week4-zhtw.md
P2-backlog,51,13-Onboarding,ja,(blank),multilingual-cluster,4,1,S22 - 7-day-ai-design-challenge-ja,s22 - 7-day-ai-design-challenge,7-Day AI Design Challenge: Transform Your Brand Without Hiring a Designer,13-Onboarding/S22 - 7-day-ai-design-challenge-ja.md
P2-backlog,51,13-Onboarding,zh-TW,(blank),multilingual-cluster,4,1,S22 - 7-day-ai-design-challenge-zhtw,s22 - 7-day-ai-design-challenge,7-Day AI Design Challenge: Transform Your Brand Without Hiring a Designer,13-Onboarding/S22 - 7-day-ai-design-challenge-zhtw.md
P2-backlog,49,04-Career,ja,(blank),multilingual-cluster,4,1,02-career-design-brief-template-ja,02-career-design-brief-template,How to Create a Design Brief Template That Clients Actually Fill Out,04-Career/02-career-design-brief-template-ja.md
P2-backlog,49,04-Career,zh-TW,(blank),multilingual-cluster,4,1,02-career-design-brief-template-zhtw,02-career-design-brief-template,How to Create a Design Brief Template That Clients Actually Fill Out,04-Career/02-career-design-brief-template-zhtw.md
P2-backlog,49,04-Career,ja,(blank),multilingual-cluster,4,1,03-career-multi-platform-sizing-ja,03-career-multi-platform-sizing,"Multi-Platform Sizing: One Design, Every Platform — The Definitive Dimension Guide",04-Career/03-career-multi-platform-sizing-ja.md
P2-backlog,49,04-Career,zh-TW,(blank),multilingual-cluster,4,1,03-career-multi-platform-sizing-zhtw,03-career-multi-platform-sizing,"Multi-Platform Sizing: One Design, Every Platform — The Definitive Dimension Guide",04-Career/03-career-multi-platform-sizing-zhtw.md
P2-backlog,49,06-Case-Study,zh,(blank),multilingual-cluster,4,1,case-study-agency-ai-banner-campaign-zh,case-study-agency-ai-banner-campaign,代理机构创意总监 Omar Hassan 如何用 AI 取代横幅广告外包——在不牺牲质量的前提下为客户削减 82% 成本,06-Case-Study/case-study-agency-ai-banner-campaign-zh.md
P2-backlog,49,06-Case-Study,zh,(blank),multilingual-cluster,4,1,case-study-architect-ai-sketches-concept-zh,case-study-architect-ai-sketches-concept,建筑师马特奥·雷耶斯如何将概念设计从12天缩短至4小时——并赢得公司原本预计会输掉的3个项目,06-Case-Study/case-study-architect-ai-sketches-concept-zh.md
P2-backlog,49,06-Case-Study,zh,(blank),multilingual-cluster,4,1,case-study-family-animated-old-photos-ai-zh,case-study-family-animated-old-photos-ai,家族历史学家格蕾丝·姆巴塔如何让83张祖先照片重获新生——并给了祖母一场她从未有过的重逢,06-Case-Study/case-study-family-animated-old-photos-ai-zh.md
P2-backlog,49,06-Case-Study,zh,(blank),multilingual-cluster,4,1,case-study-fitness-coach-ai-body-transformation-zh,case-study-fitness-coach-ai-body-transformation,健身教练乔丹·威廉姆斯如何创建300个客户转变可视化图像——他的课程报名人数翻了三倍,06-Case-Study/case-study-fitness-coach-ai-body-transformation-zh.md
P2-backlog,49,06-Case-Study,zh,(blank),multilingual-cluster,4,1,case-study-prank-video-face-swap-ai-zh,case-study-prank-video-face-swap-ai,喜剧创作者卢卡斯·门德斯如何借助AI换脸打造20万粉丝账号——且从未露过真容,06-Case-Study/case-study-prank-video-face-swap-ai-zh.md
P2-backlog,49,06-Case-Study,zh,(blank),multilingual-cluster,4,1,case-study-stock-photo-watermark-removal-ai-zh,case-study-stock-photo-watermark-removal-ai,"旅行博主Tomi Adeyemi如何移除1,200个水印——打造无Shutterstock博客，稳居搜索结果首页",06-Case-Study/case-study-stock-photo-watermark-removal-ai-zh.md
P2-backlog,49,06-Case-Study,zh,(blank),multilingual-cluster,4,1,case-study-vet-clinic-ai-pet-portraits-zh,case-study-vet-clinic-ai-pet-portraits,兽医诊所老板汉娜·贝里斯特伦博士如何创作300幅宠物肖像——并成为斯德哥尔摩最受推荐的兽医,06-Case-Study/case-study-vet-clinic-ai-pet-portraits-zh.md
P2-backlog,49,06-Case-Study,zh,(blank),multilingual-cluster,4,1,case-study-video-producer-ai-model-selection-zh,case-study-video-producer-ai-model-selection,视频制作人 Ravi Krishnan 一个下午测试了 7 个 AI 模型——并找到了将渲染时间缩短 94% 的那一个,06-Case-Study/case-study-video-producer-ai-model-selection-zh.md
P2-backlog,49,06-Case-Study,ja,(blank),multilingual-cluster,4,1,real-estate-rescue-remove-objects-listing-photos-ai,real-estate-rescue-remove-objects-listing-photos-ai,【日本語】 The Real Estate Rescue — Removing a Garbage Can from a Generated House Listing,06-Case-Study/real-estate-rescue-remove-objects-listing-photos-ai-ja.md
P2-backlog,49,06-Case-Study,zh,(blank),multilingual-cluster,4,1,real-estate-rescue-remove-objects-listing-photos-ai-zh,real-estate-rescue-remove-objects-listing-photos-ai,,06-Case-Study/real-estate-rescue-remove-objects-listing-photos-ai-zh.md
P2-backlog,49,06-Case-Study,zh-TW,(blank),multilingual-cluster,4,1,real-estate-rescue-remove-objects-listing-photos-ai,real-estate-rescue-remove-objects-listing-photos-ai,【繁體】 The Real Estate Rescue — Removing a Garbage Can from a Generated House Listing,06-Case-Study/real-estate-rescue-remove-objects-listing-photos-ai-zhtw.md
P2-backlog,49,06-Case-Study,ja,(blank),multilingual-cluster,4,1,saving-the-shoot-fix-missing-prop-product-photo-ai,saving-the-shoot-fix-missing-prop-product-photo-ai,【日本語】 Saving the Shoot — How We Fixed a Missing Prop in a Product Photo Without Reshooting,06-Case-Study/saving-the-shoot-fix-missing-prop-product-photo-ai-ja.md
P2-backlog,49,06-Case-Study,zh,(blank),multilingual-cluster,4,1,saving-the-shoot-fix-missing-prop-product-photo-ai,saving-the-shoot-fix-missing-prop-product-photo-ai,拯救拍摄——如何在不重拍的情况下修复产品照片中缺失的道具,06-Case-Study/saving-the-shoot-fix-missing-prop-product-photo-ai-zh.md
P2-backlog,49,06-Case-Study,zh-TW,(blank),multilingual-cluster,4,1,saving-the-shoot-fix-missing-prop-product-photo-ai,saving-the-shoot-fix-missing-prop-product-photo-ai,【繁體】 Saving the Shoot — How We Fixed a Missing Prop in a Product Photo Without Reshooting,06-Case-Study/saving-the-shoot-fix-missing-prop-product-photo-ai-zhtw.md
P2-backlog,49,06-Case-Study,zh,(blank),multilingual-cluster,4,1,ugly-to-lovely-ms-paint-to-ai-makeover,ugly-to-lovely-ms-paint-to-ai-makeover,从丑到美——我们用糟糕的MS Paint涂鸦，让AI来修复它,06-Case-Study/ugly-to-lovely-ms-paint-to-ai-makeover-zh.md
P2-backlog,49,07-Seasonal,ja,(blank),multilingual-cluster,3,1,tax-season-marketing-financial-advisors-2027,tax-season-marketing-financial-advisors-2027,【日本語】 Tax Season マーケティング for Financial Advisors: AI-Powered Visual Strategies That Convert,07-Seasonal/02-seasonal-tax-season-marketing-ja.md
P2-backlog,49,07-Seasonal,zh,(blank),multilingual-cluster,3,1,tax-season-marketing-financial-advisors-2027,tax-season-marketing-financial-advisors-2027,税务季营销：财务顾问的AI驱动视觉转化策略,07-Seasonal/02-seasonal-tax-season-marketing-zh.md
P2-backlog,49,07-Seasonal,zh-TW,(blank),multilingual-cluster,3,1,tax-season-marketing-financial-advisors-2027,tax-season-marketing-financial-advisors-2027,【繁體】 Tax Season 行銷 for Financial Advisors: AI-Powered Visual Strategies That Convert,07-Seasonal/02-seasonal-tax-season-marketing-zhtw.md
P2-backlog,49,07-Seasonal,ja,(blank),multilingual-cluster,4,1,seasonal-marketing-prompts-christmas-black-friday-valentines,seasonal-marketing-prompts-christmas-black-friday-valentines,"【日本語】 Seasonal マーケティング — 10 AI Prompts for Christmas, Black Friday & Valentine's Ads",07-Seasonal/seasonal-marketing-prompts-christmas-black-friday-valentines-ja.md
P2-backlog,49,07-Seasonal,zh,(blank),multilingual-cluster,4,1,seasonal-marketing-prompts-christmas-black-friday-valentines,seasonal-marketing-prompts-christmas-black-friday-valentines,季节性营销 — 10个适用于圣诞节、黑五和情人节的AI提示词,07-Seasonal/seasonal-marketing-prompts-christmas-black-friday-valentines-zh.md
P2-backlog,49,07-Seasonal,zh-TW,(blank),multilingual-cluster,4,1,seasonal-marketing-prompts-christmas-black-friday-valentines,seasonal-marketing-prompts-christmas-black-friday-valentines,"【繁體】 Seasonal 行銷 — 10 AI Prompts for Christmas, Black Friday & Valentine's Ads",07-Seasonal/seasonal-marketing-prompts-christmas-black-friday-valentines-zhtw.md
P2-backlog,47,04-Career,zh,(blank),multilingual-cluster,2,1,01-career-freelance-designer-workflow-zh,01-career-freelance-designer-workflow,自由设计师使用 Lovart 的完整工作流程,04-Career/01-career-freelance-designer-workflow-zh.md
P2-backlog,47,04-Career,ja,(blank),multilingual-cluster,2,1,marketing-director-ai-design,marketing-director-ai-design,【日本語】 The マーケティング Director's AI デザイン Playbook: Scaling クリエイティブ Output Without Scaling Headcount,04-Career/01-career-marketing-director-playbook-ja.md
P2-backlog,47,04-Career,zh,(blank),multilingual-cluster,2,1,01-career-marketing-director-playbook-zh,01-career-marketing-director-playbook,营销总监的AI设计手册：在不增加人手的情况下扩大创意产出,04-Career/01-career-marketing-director-playbook-zh.md
P2-backlog,47,04-Career,zh-TW,(blank),multilingual-cluster,2,1,marketing-director-ai-design,marketing-director-ai-design,【繁體】 The 行銷 Director's AI 設計 Playbook: Scaling 創意 Output Without Scaling Headcount,04-Career/01-career-marketing-director-playbook-zhtw.md
P2-backlog,47,04-Career,ja,(blank),multilingual-cluster,3,1,content-creator-design-tools,content-creator-design-tools,【日本語】 The コンテンツ Creator's All-in-One Visual Toolkit: How Lovart Replaces 7 デザイン ツール,04-Career/02-career-content-creator-toolkit-ja.md
P2-backlog,47,04-Career,zh,(blank),multilingual-cluster,3,1,content-creator-design-tools,content-creator-design-tools,内容创作者的一站式视觉工具包：Lovart 如何取代 7 款设计工具,04-Career/02-career-content-creator-toolkit-zh.md
P2-backlog,47,04-Career,zh-TW,(blank),multilingual-cluster,3,1,content-creator-design-tools,content-creator-design-tools,【繁體】 The 內容 Creator's All-in-One Visual Toolkit: How Lovart Replaces 7 設計 工具,04-Career/02-career-content-creator-toolkit-zhtw.md
P2-backlog,47,04-Career,ja,(blank),multilingual-cluster,3,1,full-funnel-creative-assets-ai-design-2027,full-funnel-creative-assets-ai-design-2027,【日本語】 Full-Funnel クリエイティブ Assets: From Awareness to Conversion with One AI デザイン Tool,04-Career/02-career-full-funnel-creative-ja.md
P2-backlog,47,04-Career,zh-TW,(blank),multilingual-cluster,3,1,full-funnel-creative-assets-ai-design-2027,full-funnel-creative-assets-ai-design-2027,【繁體】 Full-Funnel 創意 Assets: From Awareness to Conversion with One AI 設計 Tool,04-Career/02-career-full-funnel-creative-zhtw.md
P2-backlog,47,04-Career,ja,(blank),multilingual-cluster,4,1,02-career-social-media-batch-content-ja,02-career-social-media-batch-content,Batch Generate 30 Days of Social Media Content: The Complete AI Workflow,04-Career/02-career-social-media-batch-content-ja.md
P2-backlog,47,04-Career,zh-TW,(blank),multilingual-cluster,4,1,02-career-social-media-batch-content-zhtw,02-career-social-media-batch-content,Batch Generate 30 Days of Social Media Content: The Complete AI Workflow,04-Career/02-career-social-media-batch-content-zhtw.md
P2-backlog,47,04-Career,ja,(blank),multilingual-cluster,3,1,brand-consistency-at-scale-ai-campaigns-2027,brand-consistency-at-scale-ai-campaigns-2027,【日本語】 ブランド Consistency at Scale: Managing 10+ Campaigns with AI デザイン ツール,04-Career/03-career-brand-consistency-scale-ja.md
P2-backlog,47,04-Career,zh,(blank),multilingual-cluster,3,1,brand-consistency-at-scale-ai-campaigns-2027,brand-consistency-at-scale-ai-campaigns-2027,规模化品牌一致性：用AI设计工具管理10+营销活动,04-Career/03-career-brand-consistency-scale-zh.md
P2-backlog,47,04-Career,zh-TW,(blank),multilingual-cluster,3,1,brand-consistency-at-scale-ai-campaigns-2027,brand-consistency-at-scale-ai-campaigns-2027,【繁體】 品牌 Consistency at Scale: Managing 10+ Campaigns with AI 設計 工具,04-Career/03-career-brand-consistency-scale-zhtw.md
P2-backlog,47,04-Career,ja,(blank),multilingual-cluster,4,1,agency-adapting-to-ai-design-workflow,agency-adapting-to-ai-design-workflow,"【日本語】 How デザイン Agencies Are Adapting to AI — Workflows, Pricing & Client Relations",04-Career/agency-adapting-to-ai-design-workflow-ja.md
P2-backlog,47,04-Career,zh,(blank),multilingual-cluster,4,1,agency-adapting-to-ai-design-workflow,agency-adapting-to-ai-design-workflow,设计机构如何适应AI——工作流程、定价与客户关系,04-Career/agency-adapting-to-ai-design-workflow-zh.md
P2-backlog,47,04-Career,zh-TW,(blank),multilingual-cluster,4,1,agency-adapting-to-ai-design-workflow,agency-adapting-to-ai-design-workflow,"【繁體】 How 設計 Agencies Are Adapting to AI — Workflows, Pricing & Client Relations",04-Career/agency-adapting-to-ai-design-workflow-zhtw.md
P2-backlog,47,04-Career,ja,(blank),multilingual-cluster,4,1,brand-kit-freelancer-lovart,brand-kit-freelancer-lovart,【日本語】 ブランド Kit for Freelancers: 完全 Visual Identity ガイド with Lovart's AI デザイン Agent,04-Career/brand-kit-freelancer-lovart-ja.md
P2-backlog,47,04-Career,zh,(blank),multilingual-cluster,4,1,brand-kit-freelancer-lovart-zh,brand-kit-freelancer-lovart,,04-Career/brand-kit-freelancer-lovart-zh.md
P2-backlog,47,04-Career,zh-TW,(blank),multilingual-cluster,4,1,brand-kit-freelancer-lovart,brand-kit-freelancer-lovart,【繁體】 品牌 Kit for Freelancers: 完整 Visual Identity 指南 with Lovart's AI 設計 Agent,04-Career/brand-kit-freelancer-lovart-zhtw.md
P2-backlog,47,04-Career,ja,(blank),multilingual-cluster,4,1,brand-kit-jewelry-designer-lovart,brand-kit-jewelry-designer-lovart,【日本語】 方法 Create a ブランド Kit for a Jewelry デザインer,04-Career/brand-kit-jewelry-designer-lovart-ja.md
P2-backlog,47,04-Career,zh,(blank),multilingual-cluster,4,1,brand-kit-jewelry-designer-lovart,brand-kit-jewelry-designer-lovart,如何为珠宝设计师创建品牌套件,04-Career/brand-kit-jewelry-designer-lovart-zh.md
P2-backlog,47,04-Career,zh-TW,(blank),multilingual-cluster,4,1,brand-kit-jewelry-designer-lovart,brand-kit-jewelry-designer-lovart,【繁體】 如何 Create a 品牌 Kit for a Jewelry 設計er,04-Career/brand-kit-jewelry-designer-lovart-zhtw.md
P2-backlog,47,05-Insight-Trend,zh,(blank),multilingual-cluster,2,1,01-insight-2027-ai-design-year-review-zh,01-insight-2027-ai-design-year-review,2027 年 AI 设计年度回顾：设计走向智能体化的一年,05-Insight-Trend/01-insight-2027-ai-design-year-review-zh.md
P2-backlog,47,05-Insight-Trend,ja,(blank),multilingual-cluster,2,1,design-trends-2027,design-trends-2027,【日本語】 2027 デザイン Trend Predictions: What's Coming Next in Visual Culture,05-Insight-Trend/01-insight-2027-design-trends-ja.md
P2-backlog,47,05-Insight-Trend,zh,(blank),multilingual-cluster,2,1,01-insight-2027-design-trends-zh,01-insight-2027-design-trends,2027年设计趋势预测：视觉文化的下一个风向标,05-Insight-Trend/01-insight-2027-design-trends-zh.md
P2-backlog,47,05-Insight-Trend,zh-TW,(blank),multilingual-cluster,2,1,design-trends-2027,design-trends-2027,【繁體】 2027 設計 Trend Predictions: What's Coming Next in Visual Culture,05-Insight-Trend/01-insight-2027-design-trends-zhtw.md
P2-backlog,47,05-Insight-Trend,ja,(blank),multilingual-cluster,4,1,ai-design-competitor-landscape-2027,ai-design-competitor-landscape-2027,【日本語】 AI デザイン Competitor Landscape 2027 — Who's Winning and Why,05-Insight-Trend/ai-design-competitor-landscape-2027-ja.md
P2-backlog,47,05-Insight-Trend,zh,(blank),multilingual-cluster,4,1,ai-design-competitor-landscape-2027,ai-design-competitor-landscape-2027,2027年AI设计竞争格局——谁在胜出及其原因,05-Insight-Trend/ai-design-competitor-landscape-2027-zh.md
P2-backlog,47,05-Insight-Trend,zh-TW,(blank),multilingual-cluster,4,1,ai-design-competitor-landscape-2027,ai-design-competitor-landscape-2027,【繁體】 AI 設計 Competitor Landscape 2027 — Who's Winning and Why,05-Insight-Trend/ai-design-competitor-landscape-2027-zhtw.md
P2-backlog,47,05-Insight-Trend,zh,(blank),multilingual-cluster,4,1,japan-market-ai-design-localization-lessons,japan-market-ai-design-localization-lessons,日本市场AI设计——从20%点击率增长中汲取的本土化经验,05-Insight-Trend/japan-market-ai-design-localization-lessons-zh.md
P2-backlog,47,05-Insight-Trend,zh,(blank),multilingual-cluster,4,1,typography-trends-retro-serif-cyberpunk-fonts-ai-zh,typography-trends-retro-serif-cyberpunk-fonts-ai,,05-Insight-Trend/typography-trends-retro-serif-cyberpunk-fonts-ai-zh.md
P2-backlog,47,07-Seasonal,ja,(blank),multilingual-cluster,2,1,year-in-review-design-templates,year-in-review-design-templates,【日本語】 Year-in-レビュー デザイン Templates: Turn Your 2026 Data Into Stunning Visual Stories,07-Seasonal/02-year-in-review-templates-ja.md
P2-backlog,47,07-Seasonal,zh,(blank),multilingual-cluster,2,1,02-year-in-review-templates-zh,02-year-in-review-templates,年度回顾设计模板：将你的2026数据转化为惊艳视觉故事,07-Seasonal/02-year-in-review-templates-zh.md
P2-backlog,47,07-Seasonal,zh-TW,(blank),multilingual-cluster,2,1,year-in-review-design-templates,year-in-review-design-templates,【繁體】 Year-in-評測 設計 Templates: Turn Your 2026 Data Into Stunning Visual Stories,07-Seasonal/02-year-in-review-templates-zhtw.md
P2-backlog,47,07-Seasonal,zh,(blank),multilingual-cluster,4,1,back-to-school-student-ai-toolkit-2026,back-to-school-student-ai-toolkit-2026,返校季AI设计工具包——学生海报、演示文稿与项目设计指南,07-Seasonal/back-to-school-student-ai-toolkit-2026-zh.md
P2-backlog,45,04-Career,zh,(blank),multilingual-cluster,2,1,03-ai-design-portfolio-interview-2026-zh,03-ai-design-portfolio-interview-2026,AI 时代设计作品集与面试指南 — 如何在 AI 时代拿下设计工作,04-Career/03-ai-design-portfolio-interview-2026-zh.md
P2-backlog,45,04-Career,zh,(blank),multilingual-cluster,4,1,03-career-chatcanvas-client-review-zh,03-career-chatcanvas-client-review,呈现设计：如何使用 ChatCanvas 进行客户评审，更快获得批准,04-Career/03-career-chatcanvas-client-review-zh.md
P2-backlog,45,04-Career,ja,(blank),multilingual-cluster,4,1,ai-design-certification-education-programs-2026,ai-design-certification-education-programs-2026,【日本語】 AI デザイン Certification & Education — What Programs Actually Matter in 2026,04-Career/ai-design-certification-education-programs-2026-ja.md
P2-backlog,45,04-Career,zh,(blank),multilingual-cluster,4,1,ai-design-certification-education-programs-2026,ai-design-certification-education-programs-2026,AI 设计认证与教育 — 2026 年哪些项目真正重要,04-Career/ai-design-certification-education-programs-2026-zh.md
P2-backlog,45,04-Career,zh-TW,(blank),multilingual-cluster,4,1,ai-design-certification-education-programs-2026,ai-design-certification-education-programs-2026,【繁體】 AI 設計 Certification & Education — What Programs Actually Matter in 2026,04-Career/ai-design-certification-education-programs-2026-zhtw.md
P2-backlog,45,04-Career,ja,(blank),multilingual-cluster,4,1,ai-designer-salary-report-2026,ai-designer-salary-report-2026,【日本語】 AI デザインer Salary Report 2026 — How Much Do AI デザイン Skills Pay?,04-Career/ai-designer-salary-report-2026-ja.md
P2-backlog,45,04-Career,zh,(blank),multilingual-cluster,4,1,ai-designer-salary-report-2026,ai-designer-salary-report-2026,AI设计师薪资报告2026——AI设计技能价值几何？,04-Career/ai-designer-salary-report-2026-zh.md
P2-backlog,45,04-Career,zh-TW,(blank),multilingual-cluster,4,1,ai-designer-salary-report-2026,ai-designer-salary-report-2026,【繁體】 AI 設計er Salary Report 2026 — How Much Do AI 設計 Skills Pay?,04-Career/ai-designer-salary-report-2026-zhtw.md
P2-backlog,45,04-Career,ja,(blank),multilingual-cluster,4,1,ai-designer-skill-upgrade-path-2026,ai-designer-skill-upgrade-path-2026,【日本語】 AI デザインer Skill Upgrade Path — What to Learn in 2026 to Stay Relevant,04-Career/ai-designer-skill-upgrade-path-2026-ja.md
P2-backlog,45,04-Career,zh,(blank),multilingual-cluster,4,1,ai-designer-skill-upgrade-path-2026,ai-designer-skill-upgrade-path-2026,AI 设计师技能升级路径 — 2026 年该学什么才能保持竞争力,04-Career/ai-designer-skill-upgrade-path-2026-zh.md
P2-backlog,45,04-Career,zh-TW,(blank),multilingual-cluster,4,1,ai-designer-skill-upgrade-path-2026,ai-designer-skill-upgrade-path-2026,【繁體】 AI 設計er Skill Upgrade Path — What to Learn in 2026 to Stay Relevant,04-Career/ai-designer-skill-upgrade-path-2026-zhtw.md
P2-backlog,45,04-Career,ja,(blank),multilingual-cluster,4,1,top-10-ai-photo-enhancement-tools-2026-ja,top-10-ai-photo-enhancement-tools-2026,Top 10 AI Photo Enhancement Tools in 2026: From Blurry to Brilliant — Which Actually Delivers?,04-Career/top-10-ai-photo-enhancement-tools-2026-ja.md
P2-backlog,45,04-Career,zh,(blank),multilingual-cluster,4,1,top-10-ai-photo-enhancement-tools-2026-zh,top-10-ai-photo-enhancement-tools-2026,2026年十大AI照片增强工具：从模糊到惊艳——哪些真正有效？,04-Career/top-10-ai-photo-enhancement-tools-2026-zh.md
P2-backlog,45,04-Career,zh-TW,(blank),multilingual-cluster,4,1,top-10-ai-photo-enhancement-tools-2026-zhtw,top-10-ai-photo-enhancement-tools-2026,Top 10 AI Photo Enhancement Tools in 2026: From Blurry to Brilliant — Which Actually Delivers?,04-Career/top-10-ai-photo-enhancement-tools-2026-zhtw.md
P2-risk-review,45,10-Ethics-Legal,en,(blank),multilingual-cluster,2,1,02-ethics-fair-use-ai-art,02-ethics-fair-use-ai-art,Fair Use and AI Art: When Can You Use AI Images Commercially?,10-Ethics-Legal/02-ethics-fair-use-ai-art.md
P2-risk-review,45,10-Ethics-Legal,en,(blank),multilingual-cluster,4,1,b43-ai-design-copyright-faq-bing,b43-ai-design-copyright-faq-bing,,10-Ethics-Legal/b43-ai-design-copyright-faq-bing.md
P2-risk-review,43,10-Ethics-Legal,zh,(blank),multilingual-cluster,3,1,who-owns-ai-designs-intellectual-property-guide-2027,who-owns-ai-designs-intellectual-property-guide-2027,谁拥有AI生成的设计？2027年创作者知识产权指南,10-Ethics-Legal/02-ethics-who-owns-ai-designs-zh.md
P2-backlog,43,13-Onboarding,zh,(blank),multilingual-cluster,4,1,S22 - 7-day-ai-design-challenge-zh,s22 - 7-day-ai-design-challenge,7天AI设计挑战：无需雇佣设计师，重塑你的品牌,13-Onboarding/S22 - 7-day-ai-design-challenge-zh.md
P2-backlog,43,13-Onboarding,ja,(blank),multilingual-cluster,4,1,S30 - generate-10-designs-10-minutes-ja,s30 - generate-10-designs-10-minutes,Quick Start: Generate Your First 10 Designs in Under 10 Minutes,13-Onboarding/S30 - generate-10-designs-10-minutes-ja.md
P2-backlog,43,13-Onboarding,zh,(blank),multilingual-cluster,4,1,S30 - generate-10-designs-10-minutes-zh,s30 - generate-10-designs-10-minutes,快速入门：10分钟内生成你的首批10个设计,13-Onboarding/S30 - generate-10-designs-10-minutes-zh.md
P2-backlog,43,13-Onboarding,zh-TW,(blank),multilingual-cluster,4,1,S30 - generate-10-designs-10-minutes-zhtw,s30 - generate-10-designs-10-minutes,Quick Start: Generate Your First 10 Designs in Under 10 Minutes,13-Onboarding/S30 - generate-10-designs-10-minutes-zhtw.md
P2-backlog,41,07-Seasonal,ja,(blank),multilingual-cluster,2,1,fall-collection-visual-strategy-2027,fall-collection-visual-strategy-2027,【日本語】 Fall Collection Launch: Product Photography & Visual 戦略 ガイド for Autumn 2027,07-Seasonal/01-seasonal-fall-collection-guide-ja.md
P2-backlog,41,07-Seasonal,zh-TW,(blank),multilingual-cluster,2,1,fall-collection-visual-strategy-2027,fall-collection-visual-strategy-2027,【繁體】 Fall Collection Launch: Product Photography & Visual 策略 指南 for Autumn 2027,07-Seasonal/01-seasonal-fall-collection-guide-zhtw.md
P2-backlog,41,07-Seasonal,zh,(blank),multilingual-cluster,2,1,02-year-in-review-templates-2027-zh,02-year-in-review-templates-2027,2027年度回顾设计模板：将你的年度故事转化为惊艳视觉,07-Seasonal/02-year-in-review-templates-2027-zh.md
P2-risk-review,41,10-Ethics-Legal,ja,(blank),multilingual-cluster,2,1,responsible-ai-design-lovart,responsible-ai-design-lovart,【日本語】 Responsible AI デザイン: Lovart's Approach to Ethical AI and What It Means for Your ブランド,10-Ethics-Legal/01-ethics-responsible-ai-design-ja.md
P2-risk-review,41,10-Ethics-Legal,zh,(blank),multilingual-cluster,2,1,01-ethics-responsible-ai-design-zh,01-ethics-responsible-ai-design,负责任AI设计：Lovart 的伦理AI方法及其对您品牌的意义,10-Ethics-Legal/01-ethics-responsible-ai-design-zh.md
P2-risk-review,41,10-Ethics-Legal,zh-TW,(blank),multilingual-cluster,2,1,responsible-ai-design-lovart,responsible-ai-design-lovart,【繁體】 Responsible AI 設計: Lovart's Approach to Ethical AI and What It Means for Your 品牌,10-Ethics-Legal/01-ethics-responsible-ai-design-zhtw.md
P2-risk-review,41,10-Ethics-Legal,zh,(blank),multilingual-cluster,2,1,02-enterprise-gdpr-compliance-zh,02-enterprise-gdpr-compliance,GDPR 与 AI 设计：Lovart 如何确保你的创意工作流合规,10-Ethics-Legal/02-enterprise-gdpr-compliance-zh.md
P2-risk-review,41,10-Ethics-Legal,ja,(blank),multilingual-cluster,3,1,ai-design-bias-inclusive-visual-output-2027,ai-design-bias-inclusive-visual-output-2027,【日本語】 AI デザイン Bias: 方法 Ensure Inclusive Visual Output in 2027,10-Ethics-Legal/02-ethics-ai-design-bias-ja.md
P2-risk-review,41,10-Ethics-Legal,zh-TW,(blank),multilingual-cluster,3,1,ai-design-bias-inclusive-visual-output-2027,ai-design-bias-inclusive-visual-output-2027,【繁體】 AI 設計 Bias: 如何 Ensure Inclusive Visual Output in 2027,10-Ethics-Legal/02-ethics-ai-design-bias-zhtw.md
P2-risk-review,41,10-Ethics-Legal,ja,(blank),multilingual-cluster,2,1,ai-design-contracts-freelancers-agencies-should-include,ai-design-contracts-freelancers-agencies-should-include,【日本語】 AI デザイン Contracts: What Freelancers & Agencies Should Include,10-Ethics-Legal/02-ethics-ai-design-contracts-ja.md
P2-risk-review,41,10-Ethics-Legal,zh-TW,(blank),multilingual-cluster,2,1,ai-design-contracts-freelancers-agencies-should-include,ai-design-contracts-freelancers-agencies-should-include,【繁體】 AI 設計 Contracts: What Freelancers & Agencies Should Include,10-Ethics-Legal/02-ethics-ai-design-contracts-zhtw.md
P2-risk-review,41,10-Ethics-Legal,ja,(blank),multilingual-cluster,4,1,ai-design-ethics-responsibility-framework,ai-design-ethics-responsibility-framework,【日本語】 AI デザイン Ethics — A Practical Responsibility Framework for Creators & ブランドs,10-Ethics-Legal/ai-design-ethics-responsibility-framework-ja.md
P2-risk-review,41,10-Ethics-Legal,zh-TW,(blank),multilingual-cluster,4,1,ai-design-ethics-responsibility-framework,ai-design-ethics-responsibility-framework,【繁體】 AI 設計 Ethics — A Practical Responsibility Framework for Creators & 品牌s,10-Ethics-Legal/ai-design-ethics-responsibility-framework-zhtw.md
P3-published-reference,39,02-Comparison,en,published,multilingual-cluster,4,1,figma-vs-ai-design-agents,figma-vs-ai-design-agents,Figma vs AI Design Agents: Which Workflow Wins in 2026?,02-Comparison/02-cluster-figma-vs-ai-agents.md
P3-published-reference,39,02-Comparison,en,published,multilingual-cluster,3,1,sora2-vs-lovart-comparison,sora2-vs-lovart-comparison,Sora 2 vs Lovart: Which AI Video Tool Wins in 2026?,02-Comparison/05-sora2-vs-lovart-comparison.md
P3-published-reference,39,02-Comparison,en,published,multilingual-cluster,6,1,10-best-text-to-video-ai-tools-2026,10-best-text-to-video-ai-tools-2026,10 Best Text-to-Video AI Tools in 2026: Sora vs Veo vs Runway vs Kling vs Lovart,02-Comparison/10-best-text-to-video-ai-tools-2026.md
P2-backlog,39,04-Career,ja,(blank),multilingual-cluster,4,1,01-career-ai-product-photography-ja,01-career-ai-product-photography,AI Product Photography: From Phone Photos to Professional Listings Without a Studio,04-Career/01-career-ai-product-photography-ja.md
P2-backlog,39,04-Career,zh,(blank),multilingual-cluster,4,1,01-career-ai-product-photography-zh,01-career-ai-product-photography,AI 产品摄影：无需影棚，从手机照片到专业商品图,04-Career/01-career-ai-product-photography-zh.md
P2-backlog,39,04-Career,zh-TW,(blank),multilingual-cluster,4,1,01-career-ai-product-photography-zhtw,01-career-ai-product-photography,AI Product Photography: From Phone Photos to Professional Listings Without a Studio,04-Career/01-career-ai-product-photography-zhtw.md
P2-backlog,39,04-Career,ja,(blank),multilingual-cluster,3,1,social-media-design-system,social-media-design-system,【日本語】 The Social Media Manager's Weekly デザイン System: From Chaos to Consistency with AI,04-Career/01-career-social-media-manager-ja.md
P2-backlog,39,04-Career,zh,(blank),multilingual-cluster,3,1,social-media-design-system,social-media-design-system,社交媒体经理的每周设计系统：借助AI从混乱走向一致,04-Career/01-career-social-media-manager-zh.md
P2-backlog,39,04-Career,zh-TW,(blank),multilingual-cluster,3,1,social-media-design-system,social-media-design-system,【繁體】 The Social Media Manager's Weekly 設計 System: From Chaos to Consistency with AI,04-Career/01-career-social-media-manager-zhtw.md
P2-backlog,39,04-Career,ja,(blank),multilingual-cluster,3,1,youtube-thumbnail-design-science-2027,youtube-thumbnail-design-science-2027,【日本語】 YouTube Thumbnail デザイン: The Science of Click-Worthy Covers in 2027,04-Career/01-career-youtube-thumbnail-design-ja.md
P2-backlog,39,04-Career,zh,(blank),multilingual-cluster,3,1,youtube-thumbnail-design-science-2027,youtube-thumbnail-design-science-2027,YouTube缩略图设计：2027年点击率封面的科学,04-Career/01-career-youtube-thumbnail-design-zh.md
P2-backlog,39,04-Career,zh-TW,(blank),multilingual-cluster,3,1,youtube-thumbnail-design-science-2027,youtube-thumbnail-design-science-2027,【繁體】 YouTube Thumbnail 設計: The Science of Click-Worthy Covers in 2027,04-Career/01-career-youtube-thumbnail-design-zhtw.md
P2-backlog,39,04-Career,zh,(blank),multilingual-cluster,4,1,02-career-design-brief-template-zh,02-career-design-brief-template,如何创建客户真正会填写的设计简报模板,04-Career/02-career-design-brief-template-zh.md
P2-backlog,39,04-Career,zh,(blank),multilingual-cluster,3,1,full-funnel-creative-assets-ai-design-2027,full-funnel-creative-assets-ai-design-2027,全漏斗创意资产：用一个AI设计工具实现从认知到转化,04-Career/02-career-full-funnel-creative-zh.md
P2-backlog,39,04-Career,ja,(blank),multilingual-cluster,3,1,podcast-cover-art-episode-visuals-ai-2027,podcast-cover-art-episode-visuals-ai-2027,【日本語】 Podcast Cover Art and Episode Visuals with AI: A 完全 ガイド for 2027,04-Career/02-career-podcast-cover-art-ja.md
P2-backlog,39,04-Career,zh,(blank),multilingual-cluster,3,1,podcast-cover-art-episode-visuals-ai-2027,podcast-cover-art-episode-visuals-ai-2027,播客封面艺术与单集视觉设计：2027年完全指南,04-Career/02-career-podcast-cover-art-zh.md
P2-backlog,39,04-Career,zh-TW,(blank),multilingual-cluster,3,1,podcast-cover-art-episode-visuals-ai-2027,podcast-cover-art-episode-visuals-ai-2027,【繁體】 Podcast Cover Art and Episode Visuals with AI: A 完整 指南 for 2027,04-Career/02-career-podcast-cover-art-zhtw.md
P2-backlog,39,04-Career,zh,(blank),multilingual-cluster,4,1,02-career-social-media-batch-content-zh,02-career-social-media-batch-content,批量生成30天社交媒体内容：完整AI工作流,04-Career/02-career-social-media-batch-content-zh.md
P2-backlog,39,04-Career,ja,(blank),multilingual-cluster,3,1,user-persona-journey-maps-ai-design-2027,user-persona-journey-maps-ai-design-2027,【日本語】 Creating User Personas and Journey Maps with AI: A デザインer's ガイド for 2027,04-Career/02-career-user-persona-design-ja.md
P2-backlog,39,04-Career,zh,(blank),multilingual-cluster,3,1,user-persona-journey-maps-ai-design-2027,user-persona-journey-maps-ai-design-2027,使用AI创建用户画像和旅程地图：2027年设计师指南,04-Career/02-career-user-persona-design-zh.md
P2-backlog,39,04-Career,zh-TW,(blank),multilingual-cluster,3,1,user-persona-journey-maps-ai-design-2027,user-persona-journey-maps-ai-design-2027,【繁體】 Creating User Personas and Journey Maps with AI: A 設計er's 指南 for 2027,04-Career/02-career-user-persona-design-zhtw.md
P2-backlog,39,04-Career,zh,(blank),multilingual-cluster,4,1,03-career-multi-platform-sizing-zh,03-career-multi-platform-sizing,多平台尺寸适配：一次设计，覆盖全平台——终极尺寸指南,04-Career/03-career-multi-platform-sizing-zh.md
P2-backlog,39,04-Career,zh,(blank),multilingual-cluster,2,1,04-traditional-designer-to-ai-designer-transition-zh,04-traditional-designer-to-ai-designer-transition,从 Photoshop 到 AI Agent — 传统设计师转型指南,04-Career/04-traditional-designer-to-ai-designer-transition-zh.md
P2-backlog,39,04-Career,zh,(blank),multilingual-cluster,4,1,case-study-freelancer-ai-avatar-branding-zh,case-study-freelancer-ai-avatar-branding,自由职业者索菲亚·安德森如何在72小时内打造个人品牌——凭借AI头像赢得6个固定客户,04-Career/case-study-freelancer-ai-avatar-branding-zh.md
P2-risk-review,39,10-Ethics-Legal,ja,(blank),multilingual-cluster,4,1,01-ethics-trademark-ai-logo-ja,01-ethics-trademark-ai-logo,Can You Trademark an AI-Generated Logo? The Legal Landscape in 2026,10-Ethics-Legal/01-ethics-trademark-ai-logo-ja.md
P2-risk-review,39,10-Ethics-Legal,zh,(blank),multilingual-cluster,4,1,01-ethics-trademark-ai-logo-zh,01-ethics-trademark-ai-logo,AI 生成的 Logo 能注册商标吗？2026 年的法律格局,10-Ethics-Legal/01-ethics-trademark-ai-logo-zh.md
P2-risk-review,39,10-Ethics-Legal,zh-TW,(blank),multilingual-cluster,4,1,01-ethics-trademark-ai-logo-zhtw,01-ethics-trademark-ai-logo,Can You Trademark an AI-Generated Logo? The Legal Landscape in 2026,10-Ethics-Legal/01-ethics-trademark-ai-logo-zhtw.md
P3-published-reference,34,01-How-To,en,published,multilingual-cluster,4,1,adobe-firefly-vs-ai-design-agents,adobe-firefly-vs-ai-design-agents,Adobe Firefly vs AI Design Agents: Which Platform Delivers Better Creative Output?,01-How-To/01-cluster-adobe-firefly-vs.md
P3-published-reference,34,01-How-To,en,published,multilingual-cluster,6,1,nano-banana-2-blind-test-50-designers,nano-banana-2-blind-test-50-designers,Nano Banana 2 Blind Test — 50 Designers Compared It to Midjourney & DALL-E (Here's What Happened),01-How-To/01-nano-banana-2-blind-test-50-designers.md
P3-published-reference,34,01-How-To,en,published,multilingual-cluster,6,1,best-ai-design-tools-2026,best-ai-design-tools-2026,Best AI Design Tools 2026: The Complete Comparison Guide for Creators,01-How-To/01-pillar-best-ai-design-tools.md
P3-published-reference,34,01-How-To,en,published,multilingual-cluster,4,1,free-ai-design-tools-2026,free-ai-design-tools-2026,Free AI Design Tools 2026: Professional Results Without the Price Tag,01-How-To/02-cluster-free-ai-design-tools.md
P3-published-reference,34,01-How-To,en,published,multilingual-cluster,6,1,10-best-ai-art-generators-2026,10-best-ai-art-generators-2026,10 Best AI Art Generators in 2026: Midjourney vs DALL-E 3 vs Stable Diffusion vs Lovart,01-How-To/10-best-ai-art-generators-2026.md
P3-published-reference,33,02-Comparison,en,published,multilingual-cluster,6,1,03-dalle-vs-lovart,03-dalle-vs-lovart,DALL-E vs Lovart: OpenAI's Image Generator vs an AI Design Agent,02-Comparison/03-dalle-vs-lovart.md
P3-published-reference,33,02-Comparison,en,published,single,1,1,flora-ai-vs-lovart,flora-ai-vs-lovart,Flora AI vs Lovart: Infinite Canvas or Production Design Agent?,02-Comparison/flora-ai-vs-lovart.md
P3-published-reference,33,02-Comparison,en,published,multilingual-cluster,2,1,freepik-ai-image-generator-vs-lovart,freepik-ai-image-generator-vs-lovart,Freepik AI Image Generator vs Lovart: Stock Library or AI Design Agent — Which Ships Faster?,02-Comparison/freepik-ai-vs-lovart.md
P3-published-reference,33,02-Comparison,en,published,multilingual-cluster,2,1,openart-ai-vs-lovart,openart-ai-vs-lovart,OpenArt AI vs Lovart: AI Art Platform or Production Design Agent?,02-Comparison/openart-ai-vs-lovart.md
P2-risk-review,33,10-Ethics-Legal,zh,(blank),multilingual-cluster,3,1,ai-design-bias-inclusive-visual-output-2027,ai-design-bias-inclusive-visual-output-2027,AI设计偏见：如何在2027年确保包容性视觉输出,10-Ethics-Legal/02-ethics-ai-design-bias-zh.md
P2-risk-review,33,10-Ethics-Legal,zh,(blank),multilingual-cluster,2,1,02-ethics-ai-design-contracts-zh,02-ethics-ai-design-contracts,AI 设计合同：自由职业者与设计机构应包含的条款,10-Ethics-Legal/02-ethics-ai-design-contracts-zh.md
P2-risk-review,33,10-Ethics-Legal,ja,(blank),multilingual-cluster,2,1,fair-use-ai-art-commercial,fair-use-ai-art-commercial,【日本語】 Fair Use and AI Art: When Can You Use AI Images Commercially?,10-Ethics-Legal/02-ethics-fair-use-ai-art-ja.md
P2-risk-review,33,10-Ethics-Legal,zh,(blank),multilingual-cluster,2,1,02-ethics-fair-use-ai-art-zh,02-ethics-fair-use-ai-art,合理使用与AI艺术：何时可以商业使用AI图像？,10-Ethics-Legal/02-ethics-fair-use-ai-art-zh.md
P2-risk-review,33,10-Ethics-Legal,zh-TW,(blank),multilingual-cluster,2,1,fair-use-ai-art-commercial,fair-use-ai-art-commercial,【繁體】 Fair Use and AI Art: When Can You Use AI Images Commercially?,10-Ethics-Legal/02-ethics-fair-use-ai-art-zhtw.md
P2-risk-review,33,10-Ethics-Legal,zh,(blank),multilingual-cluster,4,1,ai-design-ethics-responsibility-framework,ai-design-ethics-responsibility-framework,AI 设计伦理——面向创作者与品牌的实用责任框架,10-Ethics-Legal/ai-design-ethics-responsibility-framework-zh.md
P2-risk-review,33,10-Ethics-Legal,ja,(blank),multilingual-cluster,4,1,b43-ai-design-copyright-faq-bing-ja,b43-ai-design-copyright-faq-bing,,10-Ethics-Legal/b43-ai-design-copyright-faq-bing-ja.md
P2-risk-review,33,10-Ethics-Legal,zh,(blank),multilingual-cluster,4,1,b43-ai-design-copyright-faq-bing-zh,b43-ai-design-copyright-faq-bing,,10-Ethics-Legal/b43-ai-design-copyright-faq-bing-zh.md
P2-risk-review,33,10-Ethics-Legal,zh-TW,(blank),multilingual-cluster,4,1,b43-ai-design-copyright-faq-bing-zhtw,b43-ai-design-copyright-faq-bing,,10-Ethics-Legal/b43-ai-design-copyright-faq-bing-zhtw.md
P2-backlog,29,08-Best-Practice,ja,internal,multilingual-cluster,4,1,pricing-page-meta-optimization,pricing-page-meta-optimization,【日本語】 Pricing Page Meta Optimization Record — Lovart (Internal SEO Document),08-Best-Practice/pricing-page-meta-optimization-ja.md
P2-backlog,29,08-Best-Practice,zh-TW,internal,multilingual-cluster,4,1,pricing-page-meta-optimization,pricing-page-meta-optimization,【繁體】 Pricing Page Meta Optimization Record — Lovart (Internal SEO Document),08-Best-Practice/pricing-page-meta-optimization-zhtw.md
P3-published-reference,27,02-Comparison,ja,published,multilingual-cluster,5,1,enterprise-lovart-vs-agency-cost-2026,enterprise-lovart-vs-agency-cost-2026,【日本語】 Lovart vs デザイン Agency: Enterprise Cost 比較 2026,02-Comparison/01-enterprise-lovart-vs-agency-cost-ja.md
P3-published-reference,27,02-Comparison,zh,published,multilingual-cluster,5,1,enterprise-lovart-vs-agency-cost-2026,enterprise-lovart-vs-agency-cost-2026,Lovart vs 设计机构：2026年企业成本对比,02-Comparison/01-enterprise-lovart-vs-agency-cost-zh.md
P3-published-reference,27,02-Comparison,zh-TW,published,multilingual-cluster,5,1,enterprise-lovart-vs-agency-cost-2026,enterprise-lovart-vs-agency-cost-2026,【繁體】 Lovart vs 設計 Agency: Enterprise Cost 對比 2026,02-Comparison/01-enterprise-lovart-vs-agency-cost-zhtw.md
P3-published-reference,27,02-Comparison,ja,published,multilingual-cluster,4,1,figma-vs-ai-design-agents,figma-vs-ai-design-agents,【日本語】 Figma vs AI デザイン Agents: Which Workflow Wins in 2026?,02-Comparison/02-cluster-figma-vs-ai-agents-ja.md
P3-published-reference,27,02-Comparison,zh,published,multilingual-cluster,4,1,figma-vs-ai-design-agents,figma-vs-ai-design-agents,Figma vs AI 设计代理：2026 年哪种工作流胜出？,02-Comparison/02-cluster-figma-vs-ai-agents-zh.md
P3-published-reference,27,02-Comparison,zh-TW,published,multilingual-cluster,4,1,figma-vs-ai-design-agents,figma-vs-ai-design-agents,【繁體】 Figma vs AI 設計 Agents: Which Workflow Wins in 2026?,02-Comparison/02-cluster-figma-vs-ai-agents-zhtw.md
P3-published-reference,27,02-Comparison,zh,已发布,multilingual-cluster,6,1,10-best-text-to-video-ai-tools-2026,10-best-text-to-video-ai-tools-2026,2026年十大最佳文本转视频AI工具：Sora vs Veo vs Runway vs Kling vs Lovart,02-Comparison/10-best-text-to-video-ai-tools-2026-zh.md
P3-published-reference,22,01-How-To,ja,published,multilingual-cluster,4,1,adobe-firefly-vs-ai-design-agents,adobe-firefly-vs-ai-design-agents,【日本語】 Adobe Firefly vs AI デザイン Agents: Which Platform Delivers Better クリエイティブ Output?,01-How-To/01-cluster-adobe-firefly-vs-ja.md
P3-published-reference,22,01-How-To,zh,published,multilingual-cluster,4,1,adobe-firefly-vs-ai-design-agents,adobe-firefly-vs-ai-design-agents,Adobe Firefly vs AI 设计代理：哪个平台能带来更出色的创意输出？,01-How-To/01-cluster-adobe-firefly-vs-zh.md
P3-published-reference,22,01-How-To,zh-TW,published,multilingual-cluster,4,1,adobe-firefly-vs-ai-design-agents,adobe-firefly-vs-ai-design-agents,【繁體】 Adobe Firefly vs AI 設計 Agents: Which Platform Delivers Better 創意 Output?,01-How-To/01-cluster-adobe-firefly-vs-zhtw.md
P3-published-reference,22,01-How-To,ja,published,multilingual-cluster,6,1,best-ai-design-tools-2026,best-ai-design-tools-2026,【日本語】 ベスト AI デザイン ツール 2026: The 完全 比較 ガイド for Creators,01-How-To/01-pillar-best-ai-design-tools-ja.md
P3-published-reference,22,01-How-To,zh-TW,published,multilingual-cluster,6,1,best-ai-design-tools-2026,best-ai-design-tools-2026,【繁體】 最佳 AI 設計 工具 2026: The 完整 對比 指南 for Creators,01-How-To/01-pillar-best-ai-design-tools-zhtw.md
P3-published-reference,22,01-How-To,ja,published,multilingual-cluster,4,1,free-ai-design-tools-2026,free-ai-design-tools-2026,【日本語】 Free AI デザイン ツール 2026: Professional Results Without the Price Tag,01-How-To/02-cluster-free-ai-design-tools-ja.md
P3-published-reference,22,01-How-To,zh-TW,published,multilingual-cluster,4,1,free-ai-design-tools-2026,free-ai-design-tools-2026,【繁體】 Free AI 設計 工具 2026: Professional Results Without the Price Tag,01-How-To/02-cluster-free-ai-design-tools-zhtw.md
P3-published-reference,22,01-How-To,zh,published,multilingual-cluster,6,1,10-best-ai-art-generators-2026,10-best-ai-art-generators-2026,2026年十大最佳AI艺术生成器：Midjourney vs DALL-E 3 vs Stable Diffusion vs Lovart,01-How-To/10-best-ai-art-generators-2026-zh.md
P3-published-reference,22,02-Comparison,pt,published,multilingual-cluster,5,1,enterprise-lovart-vs-agency-cost-2026,enterprise-lovart-vs-agency-cost-2026,Lovart vs agência de design: comparativo de custos enterprise 2026,02-Comparison/01-enterprise-lovart-vs-agency-cost-pt.md
P3-published-reference,22,02-Comparison,ru,published,multilingual-cluster,5,1,enterprise-lovart-vs-agency-cost-2026,enterprise-lovart-vs-agency-cost-2026,Lovart vs дизайн-агентство: enterprise-сравнение стоимости в 2026,02-Comparison/01-enterprise-lovart-vs-agency-cost-ru.md
P3-published-reference,22,02-Comparison,pt,published,multilingual-cluster,6,1,02-flux-vs-nano-banana,02-flux-vs-nano-banana,FLUX vs Nano Banana: qual modelo de imagem com IA entrega resultados melhores?,02-Comparison/02-flux-vs-nano-banana-pt.md
P3-published-reference,22,02-Comparison,ru,published,multilingual-cluster,6,1,02-flux-vs-nano-banana,02-flux-vs-nano-banana,FLUX против Nano Banana: какая ИИ-модель для изображений выдаёт лучший результат?,02-Comparison/02-flux-vs-nano-banana-ru.md
P3-published-reference,22,02-Comparison,pt,published,multilingual-cluster,3,1,sora2-vs-lovart-comparison,sora2-vs-lovart-comparison,Sora 2 vs Lovart: qual ferramenta de vídeo com IA ganha em 2026?,02-Comparison/05-sora2-vs-lovart-comparison-pt.md
P3-published-reference,22,02-Comparison,ru,published,multilingual-cluster,3,1,sora2-vs-lovart-comparison,sora2-vs-lovart-comparison,Sora 2 против Lovart: какой ИИ-инструмент для видео побеждает в 2026 году?,02-Comparison/05-sora2-vs-lovart-comparison-ru.md
P3-published-reference,22,02-Comparison,pt,published,multilingual-cluster,6,1,ai-art-generator-tools-compared,ai-art-generator-tools-compared,Geradores de arte com IA: Midjourney vs DALL-E vs Lovart — artistas reais opinam,02-Comparison/ai-art-generator-tools-compared-pt.md
P3-published-reference,22,02-Comparison,ru,published,multilingual-cluster,6,1,ai-art-generator-tools-compared,ai-art-generator-tools-compared,ИИ-генераторы арта: Midjourney vs DALL-E vs Lovart — реальные художники высказываются,02-Comparison/ai-art-generator-tools-compared-ru.md
P3-published-reference,22,02-Comparison,pt,published,multilingual-cluster,6,1,ai-art-platforms-compared-2026,ai-art-platforms-compared-2026,Leonardo AI vs OpenArt vs Civitai vs Lovart — melhor plataforma de arte IA (2026),02-Comparison/ai-art-platforms-compared-2026-pt.md
P3-published-reference,22,02-Comparison,ru,published,multilingual-cluster,6,1,ai-art-platforms-compared-2026,ai-art-platforms-compared-2026,Leonardo AI vs OpenArt vs Civitai vs Lovart — лучшая AI-art платформа (2026),02-Comparison/ai-art-platforms-compared-2026-ru.md
P3-published-reference,22,02-Comparison,pt,published,multilingual-cluster,6,1,ai-poster-tools-compared,ai-poster-tools-compared,Geradores de pôster com IA: Canva vs PosterMyWall vs Lovart,02-Comparison/ai-poster-tools-compared-pt.md
P3-published-reference,22,02-Comparison,ru,published,multilingual-cluster,6,1,ai-poster-tools-compared,ai-poster-tools-compared,ИИ-генераторы постеров: Canva vs PosterMyWall vs Lovart,02-Comparison/ai-poster-tools-compared-ru.md
P3-published-reference,22,02-Comparison,pt,published,multilingual-cluster,6,1,ai-print-materials-tools-compared,ai-print-materials-tools-compared,Geradores de material gráfico com IA: Canva Print vs Moo vs Lovart,02-Comparison/ai-print-materials-tools-compared-pt.md
P3-published-reference,22,02-Comparison,ru,published,multilingual-cluster,6,1,ai-print-materials-tools-compared,ai-print-materials-tools-compared,ИИ-генераторы печатных материалов: Canva Print vs Moo vs Lovart,02-Comparison/ai-print-materials-tools-compared-ru.md
P3-published-reference,22,02-Comparison,pt,published,multilingual-cluster,6,1,ai-video-models-compared-2026,ai-video-models-compared-2026,Sora vs Kling vs Veo vs Runway vs Lovart — duelo de modelos de vídeo IA 2026,02-Comparison/ai-video-models-compared-2026-pt.md
P3-published-reference,22,02-Comparison,ru,published,multilingual-cluster,6,1,ai-video-models-compared-2026,ai-video-models-compared-2026,Sora vs Kling vs Veo vs Runway vs Lovart — сравнение AI-видео 2026,02-Comparison/ai-video-models-compared-2026-ru.md
P3-published-reference,22,02-Comparison,pt,published,multilingual-cluster,6,1,free-vs-paid-ai-tools-compared,free-vs-paid-ai-tools-compared,Free vs paid em design IA — o que US$ 0 realmente entrega em 10 plataformas,02-Comparison/free-vs-paid-ai-tools-compared-pt.md
P3-published-reference,22,02-Comparison,ru,published,multilingual-cluster,6,1,free-vs-paid-ai-tools-compared,free-vs-paid-ai-tools-compared,Free vs paid в ИИ-дизайне — что реально даёт $0 на 10 платформах,02-Comparison/free-vs-paid-ai-tools-compared-ru.md
P3-published-reference,22,02-Comparison,pt,published,multilingual-cluster,6,1,real-estate-design-tools-compared,real-estate-design-tools-compared,Tools de marketing imobiliário comparadas: Canva vs AgentPrint vs Lovart,02-Comparison/real-estate-design-tools-compared-pt.md
P3-published-reference,22,02-Comparison,ru,published,multilingual-cluster,6,1,real-estate-design-tools-compared,real-estate-design-tools-compared,Инструменты маркетинга недвижимости: Canva vs AgentPrint vs Lovart,02-Comparison/real-estate-design-tools-compared-ru.md
P3-published-reference,22,02-Comparison,pt,published,multilingual-cluster,6,1,restaurant-design-tools-compared,restaurant-design-tools-compared,Tools de design pra restaurante: MustHaveMenus vs Canva vs Lovart,02-Comparison/restaurant-design-tools-compared-pt.md
P3-published-reference,22,02-Comparison,ru,published,multilingual-cluster,6,1,restaurant-design-tools-compared,restaurant-design-tools-compared,Дизайн-инструменты для ресторанов: MustHaveMenus vs Canva vs Lovart,02-Comparison/restaurant-design-tools-compared-ru.md
P3-published-reference,22,02-Comparison,pt,published,multilingual-cluster,6,1,small-business-design-tools-compared,small-business-design-tools-compared,Tools de design pra pequeno negócio: Canva vs VistaCreate vs Lovart,02-Comparison/small-business-design-tools-compared-pt.md
P3-published-reference,22,02-Comparison,ru,published,multilingual-cluster,6,1,small-business-design-tools-compared,small-business-design-tools-compared,Дизайн-инструменты для малого бизнеса: Canva vs VistaCreate vs Lovart,02-Comparison/small-business-design-tools-compared-ru.md
P3-published-reference,22,02-Comparison,pt,published,multilingual-cluster,6,1,text-to-video-tools-compared,text-to-video-tools-compared,Text-to-video comparado: Sora vs Veo vs Lovart — a batalha de geração 2026,02-Comparison/text-to-video-tools-compared-pt.md
P3-published-reference,22,02-Comparison,ru,published,multilingual-cluster,6,1,text-to-video-tools-compared,text-to-video-tools-compared,Text-to-video сравнены: Sora vs Veo vs Lovart — битва генерации видео 2026,02-Comparison/text-to-video-tools-compared-ru.md
P3-published-reference,21,02-Comparison,zh,published,multilingual-cluster,6,1,03-dalle-vs-lovart,03-dalle-vs-lovart,DALL-E vs Lovart：OpenAI 图像生成器 vs AI 设计代理,02-Comparison/03-dalle-vs-lovart-zh.md
P3-published-reference,21,02-Comparison,zh,published,multilingual-cluster,2,1,freepik-ai-image-generator-vs-lovart,freepik-ai-image-generator-vs-lovart,Freepik AI 图像生成器 vs Lovart：素材库还是 AI 设计——哪个更快交付？,02-Comparison/freepik-ai-vs-lovart-zh.md
P3-published-reference,21,02-Comparison,zh,published,multilingual-cluster,2,1,openart-ai-vs-lovart,openart-ai-vs-lovart,OpenArt AI vs Lovart：AI 艺术平台还是 AI 设计伙伴——真正的区别是什么？,02-Comparison/openart-ai-vs-lovart-zh.md
P3-published-reference,20,01-How-To,en,published,multilingual-cluster,4,1,design-fundamentals-non-designers,design-fundamentals-non-designers,Design Fundamentals for Non-Designers: The AI-Assisted Guide to Visual Mastery,01-How-To/01-pillar-design-fundamentals.md
P3-published-reference,17,01-How-To,pt,published,multilingual-cluster,6,1,10-best-ai-art-generators-2026,10-best-ai-art-generators-2026,10 melhores geradores de arte com IA em 2026: Midjourney vs DALL-E 3 vs Stable Diffusion vs Lovart,01-How-To/10-best-ai-art-generators-2026-pt.md
P3-published-reference,17,01-How-To,ru,published,multilingual-cluster,6,1,10-best-ai-art-generators-2026,10-best-ai-art-generators-2026,10 лучших AI‑генераторов арта в 2026: Midjourney vs DALL‑E 3 vs Stable Diffusion vs Lovart,01-How-To/10-best-ai-art-generators-2026-ru.md
P3-published-reference,16,02-Comparison,pt,published,multilingual-cluster,6,1,03-best-practice-psd-vs-png,03-best-practice-psd-vs-png,Boas práticas: exportar PSD ou PNG — quando usar cada formato,02-Comparison/03-best-practice-psd-vs-png-pt.md
P3-published-reference,16,02-Comparison,ru,published,multilingual-cluster,6,1,03-best-practice-psd-vs-png,03-best-practice-psd-vs-png,Лучшие практики: экспорт PSD или PNG — когда что использовать,02-Comparison/03-best-practice-psd-vs-png-ru.md
P3-published-reference,16,02-Comparison,pt,published,multilingual-cluster,6,1,03-dalle-vs-lovart,03-dalle-vs-lovart,DALL-E vs Lovart: gerador de imagens da OpenAI vs agente de design com IA,02-Comparison/03-dalle-vs-lovart-pt.md
P3-published-reference,16,02-Comparison,ru,published,multilingual-cluster,6,1,03-dalle-vs-lovart,03-dalle-vs-lovart,DALL-E против Lovart: генератор картинок OpenAI и AI‑агент дизайна,02-Comparison/03-dalle-vs-lovart-ru.md
P3-published-reference,16,02-Comparison,pt,published,multilingual-cluster,6,1,ai-animal-pet-generators-compared,ai-animal-pet-generators-compared,Geradores de retrato de animais e pets com IA: PetPic vs FurryAI vs Lovart,02-Comparison/ai-animal-pet-generators-compared-pt.md
P3-published-reference,16,02-Comparison,ru,published,multilingual-cluster,6,1,ai-animal-pet-generators-compared,ai-animal-pet-generators-compared,ИИ-генераторы портретов животных и питомцев: PetPic vs FurryAI vs Lovart,02-Comparison/ai-animal-pet-generators-compared-ru.md
P3-published-reference,16,02-Comparison,pt,published,multilingual-cluster,6,1,ai-avatar-tools-compared,ai-avatar-tools-compared,Geradores de avatar com IA: Lensa vs Picsart vs Lovart — melhor criador de identidade digital,02-Comparison/ai-avatar-tools-compared-pt.md
P3-published-reference,16,02-Comparison,ru,published,multilingual-cluster,6,1,ai-avatar-tools-compared,ai-avatar-tools-compared,ИИ-генераторы аватаров: Lensa vs Picsart vs Lovart — лучший создатель цифровой идентичности,02-Comparison/ai-avatar-tools-compared-ru.md
P3-published-reference,16,02-Comparison,pt,published,multilingual-cluster,6,1,ai-background-wallpaper-tools-compared,ai-background-wallpaper-tools-compared,Geradores de plano de fundo e wallpaper com IA: Wallpaper Engine vs Backdrop vs Lovart,02-Comparison/ai-background-wallpaper-tools-compared-pt.md
P3-published-reference,16,02-Comparison,ru,published,multilingual-cluster,6,1,ai-background-wallpaper-tools-compared,ai-background-wallpaper-tools-compared,ИИ-генераторы фонов и обоев: Wallpaper Engine vs Backdrop vs Lovart,02-Comparison/ai-background-wallpaper-tools-compared-ru.md
P3-published-reference,16,02-Comparison,pt,published,multilingual-cluster,6,1,ai-banner-tools-compared,ai-banner-tools-compared,Geradores de banner com IA: Creatopy vs BannerBoo vs Lovart,02-Comparison/ai-banner-tools-compared-pt.md
P3-published-reference,16,02-Comparison,ru,published,multilingual-cluster,6,1,ai-banner-tools-compared,ai-banner-tools-compared,ИИ-генераторы баннеров: Creatopy vs BannerBoo vs Lovart,02-Comparison/ai-banner-tools-compared-ru.md
P3-published-reference,16,02-Comparison,pt,published,multilingual-cluster,6,1,ai-body-editor-tools-compared,ai-body-editor-tools-compared,Editores de corpo e idade com IA: FaceApp vs EPIK vs Lovart,02-Comparison/ai-body-editor-tools-compared-pt.md
P3-published-reference,16,02-Comparison,ru,published,multilingual-cluster,6,1,ai-body-editor-tools-compared,ai-body-editor-tools-compared,ИИ-редакторы тела и возраста: FaceApp vs EPIK vs Lovart,02-Comparison/ai-body-editor-tools-compared-ru.md
P3-published-reference,16,02-Comparison,pt,published,multilingual-cluster,6,1,ai-character-consistency-tools-compared,ai-character-consistency-tools-compared,Consistência de personagem IA: Leonardo vs Artbreeder vs Lovart,02-Comparison/ai-character-consistency-tools-compared-pt.md
P3-published-reference,16,02-Comparison,ru,published,multilingual-cluster,6,1,ai-character-consistency-tools-compared,ai-character-consistency-tools-compared,Консистентность ИИ-персонажа: Leonardo vs Artbreeder vs Lovart,02-Comparison/ai-character-consistency-tools-compared-ru.md
P3-published-reference,16,02-Comparison,pt,published,multilingual-cluster,6,1,ai-clipart-tools-compared,ai-clipart-tools-compared,Geradores de clipart e vetor IA: Recraft vs Illustroke vs Lovart,02-Comparison/ai-clipart-tools-compared-pt.md
P3-published-reference,16,02-Comparison,ru,published,multilingual-cluster,6,1,ai-clipart-tools-compared,ai-clipart-tools-compared,ИИ-генераторы клипарта и векторов: Recraft vs Illustroke vs Lovart,02-Comparison/ai-clipart-tools-compared-ru.md
P3-published-reference,16,02-Comparison,pt,published,multilingual-cluster,6,1,ai-collage-moodboard-tools-compared,ai-collage-moodboard-tools-compared,Geradores de colagem e moodboard com IA: Milanote vs Moodzer vs Lovart,02-Comparison/ai-collage-moodboard-tools-compared-pt.md
P3-published-reference,16,02-Comparison,ru,published,multilingual-cluster,6,1,ai-collage-moodboard-tools-compared,ai-collage-moodboard-tools-compared,ИИ-генераторы коллажей и муд-бордов: Milanote vs Moodzer vs Lovart,02-Comparison/ai-collage-moodboard-tools-compared-ru.md
P3-published-reference,16,02-Comparison,pt,published,multilingual-cluster,6,1,ai-face-retouch-tools-compared,ai-face-retouch-tools-compared,Face retouch IA: Facetune vs Remini vs Lovart,02-Comparison/ai-face-retouch-tools-compared-pt.md
P3-published-reference,16,02-Comparison,ru,published,multilingual-cluster,6,1,ai-face-retouch-tools-compared,ai-face-retouch-tools-compared,ИИ face retouch: Facetune vs Remini vs Lovart,02-Comparison/ai-face-retouch-tools-compared-ru.md
P3-published-reference,16,02-Comparison,pt,published,multilingual-cluster,6,1,ai-face-swap-tools-compared,ai-face-swap-tools-compared,Face swap IA: Reface vs DeepSwap vs Lovart,02-Comparison/ai-face-swap-tools-compared-pt.md
P3-published-reference,16,02-Comparison,ru,published,multilingual-cluster,6,1,ai-face-swap-tools-compared,ai-face-swap-tools-compared,ИИ face swap инструменты: Reface vs DeepSwap vs Lovart,02-Comparison/ai-face-swap-tools-compared-ru.md
P3-published-reference,16,02-Comparison,pt,published,multilingual-cluster,6,1,ai-floor-plan-tools-compared,ai-floor-plan-tools-compared,Ferramentas de planta baixa com IA: RoomSketcher vs Planner5D vs Lovart,02-Comparison/ai-floor-plan-tools-compared-pt.md
P3-published-reference,16,02-Comparison,ru,published,multilingual-cluster,6,1,ai-floor-plan-tools-compared,ai-floor-plan-tools-compared,ИИ-инструменты планов помещений: RoomSketcher vs Planner5D vs Lovart,02-Comparison/ai-floor-plan-tools-compared-ru.md
P3-published-reference,16,02-Comparison,pt,published,multilingual-cluster,6,1,ai-image-expander-tools-compared,ai-image-expander-tools-compared,Expanders de imagem com IA: Photoshop Generative Expand vs Runway vs Lovart,02-Comparison/ai-image-expander-tools-compared-pt.md
P3-published-reference,16,02-Comparison,ru,published,multilingual-cluster,6,1,ai-image-expander-tools-compared,ai-image-expander-tools-compared,ИИ-инструменты расширения изображений: Photoshop Generative Expand vs Runway vs Lovart,02-Comparison/ai-image-expander-tools-compared-ru.md
P3-published-reference,16,02-Comparison,pt,published,multilingual-cluster,6,1,ai-image-upscaler-tools-compared,ai-image-upscaler-tools-compared,Upscalers de imagem com IA: Gigapixel vs Upscale.media vs Lovart — 4K real?,02-Comparison/ai-image-upscaler-tools-compared-pt.md
P3-published-reference,16,02-Comparison,ru,published,multilingual-cluster,6,1,ai-image-upscaler-tools-compared,ai-image-upscaler-tools-compared,ИИ-апскейлеры изображений: Gigapixel vs Upscale.media vs Lovart — реальный 4K?,02-Comparison/ai-image-upscaler-tools-compared-ru.md
P3-published-reference,16,02-Comparison,pt,published,multilingual-cluster,6,1,ai-interior-design-tools-compared,ai-interior-design-tools-compared,Ferramentas de design de interiores com IA: Houzz vs DecorMatters vs Lovart,02-Comparison/ai-interior-design-tools-compared-pt.md
P3-published-reference,16,02-Comparison,ru,published,multilingual-cluster,6,1,ai-interior-design-tools-compared,ai-interior-design-tools-compared,ИИ-инструменты дизайна интерьера: Houzz vs DecorMatters vs Lovart,02-Comparison/ai-interior-design-tools-compared-ru.md
P3-published-reference,16,02-Comparison,pt,published,multilingual-cluster,6,1,ai-movie-poster-tools-compared,ai-movie-poster-tools-compared,Geradores de pôster de filme com IA: Film Poster AI vs CinePoster vs Lovart,02-Comparison/ai-movie-poster-tools-compared-pt.md
P3-published-reference,16,02-Comparison,ru,published,multilingual-cluster,6,1,ai-movie-poster-tools-compared,ai-movie-poster-tools-compared,ИИ-генераторы киноплакатов: Film Poster AI vs CinePoster vs Lovart,02-Comparison/ai-movie-poster-tools-compared-ru.md
P3-published-reference,16,02-Comparison,pt,published,multilingual-cluster,6,1,ai-music-video-tools-compared,ai-music-video-tools-compared,Tools de music video com IA: Kaiber vs Neural Frames vs Lovart — visuais sincronizados ao beat,02-Comparison/ai-music-video-tools-compared-pt.md
P3-published-reference,16,02-Comparison,ru,published,multilingual-cluster,6,1,ai-music-video-tools-compared,ai-music-video-tools-compared,ИИ для музыкальных клипов: Kaiber vs Neural Frames vs Lovart — beat-sync визуал,02-Comparison/ai-music-video-tools-compared-ru.md
P3-published-reference,16,02-Comparison,pt,published,multilingual-cluster,6,1,ai-object-remover-tools-compared,ai-object-remover-tools-compared,Removedores de objeto com IA: Cleanup.pictures vs Magic Eraser vs Lovart,02-Comparison/ai-object-remover-tools-compared-pt.md
P3-published-reference,16,02-Comparison,ru,published,multilingual-cluster,6,1,ai-object-remover-tools-compared,ai-object-remover-tools-compared,ИИ-удаление объектов: Cleanup.pictures vs Magic Eraser vs Lovart,02-Comparison/ai-object-remover-tools-compared-ru.md
P3-published-reference,16,02-Comparison,pt,published,multilingual-cluster,6,1,ai-photo-sharpener-tools-compared,ai-photo-sharpener-tools-compared,Sharpeners de foto com IA: Topaz vs Remini vs Lovart — qual realmente conserta foto borrada?,02-Comparison/ai-photo-sharpener-tools-compared-pt.md
P3-published-reference,16,02-Comparison,ru,published,multilingual-cluster,6,1,ai-photo-sharpener-tools-compared,ai-photo-sharpener-tools-compared,ИИ-инструменты резкости фото: Topaz vs Remini vs Lovart — кто реально чинит размытое?,02-Comparison/ai-photo-sharpener-tools-compared-ru.md
P3-published-reference,16,02-Comparison,pt,published,multilingual-cluster,6,1,ai-sketch-tools-compared,ai-sketch-tools-compared,Geradores de esboço com IA: SketchAI vs DrawThings vs Lovart,02-Comparison/ai-sketch-tools-compared-pt.md
P3-published-reference,16,02-Comparison,ru,published,multilingual-cluster,6,1,ai-sketch-tools-compared,ai-sketch-tools-compared,ИИ-генераторы скетчей: SketchAI vs DrawThings vs Lovart,02-Comparison/ai-sketch-tools-compared-ru.md
P3-published-reference,16,02-Comparison,pt,published,multilingual-cluster,6,1,ai-texture-generator-tools-compared,ai-texture-generator-tools-compared,Geradores de textura IA: Polycam vs WithPoly vs Lovart — resultados sem costura?,02-Comparison/ai-texture-generator-tools-compared-pt.md
P3-published-reference,16,02-Comparison,ru,published,multilingual-cluster,6,1,ai-texture-generator-tools-compared,ai-texture-generator-tools-compared,ИИ-генераторы текстур: Polycam vs WithPoly vs Lovart — бесшовные результаты?,02-Comparison/ai-texture-generator-tools-compared-ru.md
P3-published-reference,16,02-Comparison,pt,published,multilingual-cluster,6,1,ai-video-editor-tools-compared,ai-video-editor-tools-compared,Editores de vídeo com IA: CapCut vs Runway vs Lovart — qual aguenta projeto real?,02-Comparison/ai-video-editor-tools-compared-pt.md
P3-published-reference,16,02-Comparison,ru,published,multilingual-cluster,6,1,ai-video-editor-tools-compared,ai-video-editor-tools-compared,ИИ-видеоредакторы: CapCut vs Runway vs Lovart — кто справляется с реальными проектами?,02-Comparison/ai-video-editor-tools-compared-ru.md
P3-published-reference,16,02-Comparison,pt,published,multilingual-cluster,6,1,photo-animation-tools-compared,photo-animation-tools-compared,Animação de fotos comparada: MyHeritage vs Deep Nostalgia vs Lovart,02-Comparison/photo-animation-tools-compared-pt.md
P3-published-reference,16,02-Comparison,ru,published,multilingual-cluster,6,1,photo-animation-tools-compared,photo-animation-tools-compared,Анимация фото сравнена: MyHeritage vs Deep Nostalgia vs Lovart,02-Comparison/photo-animation-tools-compared-ru.md
P3-published-reference,16,02-Comparison,pt,published,multilingual-cluster,6,1,photo-to-anime-tools-compared,photo-to-anime-tools-compared,Photo-to-anime comparado: ToonMe vs AnimeGAN vs Lovart — melhor transformação cartoon,02-Comparison/photo-to-anime-tools-compared-pt.md
P3-published-reference,16,02-Comparison,ru,published,multilingual-cluster,6,1,photo-to-anime-tools-compared,photo-to-anime-tools-compared,Photo-to-anime сравнены: ToonMe vs AnimeGAN vs Lovart — лучшая cartoon-трансформация,02-Comparison/photo-to-anime-tools-compared-ru.md
P3-published-reference,16,02-Comparison,pt,published,multilingual-cluster,6,1,text-art-ascii-tools-compared,text-art-ascii-tools-compared,Text art e ASCII comparados: Patorjk vs TextFancy vs Lovart,02-Comparison/text-art-ascii-tools-compared-pt.md
P3-published-reference,16,02-Comparison,ru,published,multilingual-cluster,6,1,text-art-ascii-tools-compared,text-art-ascii-tools-compared,Text art и ASCII генераторы: Patorjk vs TextFancy vs Lovart,02-Comparison/text-art-ascii-tools-compared-ru.md
P3-published-reference,14,01-How-To,zh,published,multilingual-cluster,6,1,nano-banana-2-blind-test-50-designers,nano-banana-2-blind-test-50-designers,Nano Banana 2 盲测——50 位设计师将其与 Midjourney 和 DALL-E 对比（结果揭晓）,01-How-To/01-nano-banana-2-blind-test-50-designers-zh.md
P3-published-reference,14,01-How-To,zh,published,multilingual-cluster,6,1,best-ai-design-tools-2026,best-ai-design-tools-2026,2026年最佳AI设计工具：创作者完整对比指南,01-How-To/01-pillar-best-ai-design-tools-zh.md
P3-published-reference,14,01-How-To,ja,published,multilingual-cluster,3,1,ai-design-freelance-pricing-guide-2026,ai-design-freelance-pricing-guide-2026,【日本語】 AI デザイン Freelance Pricing ガイド — 方法 Charge When You're 10x Faster,01-How-To/05-ai-design-freelance-pricing-guide-2026-ja.md
P3-published-reference,14,01-How-To,zh,已发布,multilingual-cluster,3,1,ai-design-freelance-pricing-guide-2026,ai-design-freelance-pricing-guide-2026,AI设计自由职业定价指南——效率提升10倍时该如何收费,01-How-To/05-ai-design-freelance-pricing-guide-2026-zh.md
P3-published-reference,14,01-How-To,zh-TW,published,multilingual-cluster,3,1,ai-design-freelance-pricing-guide-2026,ai-design-freelance-pricing-guide-2026,【繁體】 AI 設計 Freelance Pricing 指南 — 如何 Charge When You're 10x Faster,01-How-To/05-ai-design-freelance-pricing-guide-2026-zhtw.md
P3-published-reference,14,01-How-To,ja,published,multilingual-cluster,3,1,ai-music-generator-complete-guide-2026,ai-music-generator-complete-guide-2026,【日本語】 AI Music ジェネレーター 完全 ガイド — Create Royalty-Free Music for Your Projects,01-How-To/06-ai-music-generator-complete-guide-2026-ja.md
P3-published-reference,14,01-How-To,zh,published,multilingual-cluster,3,1,ai-music-generator-complete-guide-2026,ai-music-generator-complete-guide-2026,AI音乐生成器完全指南 — 为你的项目创作免版税音乐,01-How-To/06-ai-music-generator-complete-guide-2026-zh.md
P3-published-reference,14,01-How-To,zh-TW,published,multilingual-cluster,3,1,ai-music-generator-complete-guide-2026,ai-music-generator-complete-guide-2026,【繁體】 AI Music 生成器 完整 指南 — Create Royalty-Free Music for Your Projects,01-How-To/06-ai-music-generator-complete-guide-2026-zhtw.md
P3-published-reference,14,01-How-To,ja,published,multilingual-cluster,2,1,ai-voice-text-to-speech-guide-2026,ai-voice-text-to-speech-guide-2026,【日本語】 AI Voice & Text-to-Speech ガイド — Generate Professional Voiceovers Without a Studio,01-How-To/07-ai-voice-text-to-speech-guide-2026-ja.md
P3-published-reference,14,01-How-To,zh-TW,published,multilingual-cluster,2,1,ai-voice-text-to-speech-guide-2026,ai-voice-text-to-speech-guide-2026,【繁體】 AI Voice & Text-to-Speech 指南 — Generate Professional Voiceovers Without a Studio,01-How-To/07-ai-voice-text-to-speech-guide-2026-zhtw.md
P3-published-reference,14,02-Comparison,pt,published,multilingual-cluster,6,1,10-best-text-to-video-ai-tools-2026,10-best-text-to-video-ai-tools-2026,10 melhores ferramentas text-to-video IA em 2026,02-Comparison/10-best-text-to-video-ai-tools-2026-pt.md
P3-published-reference,14,02-Comparison,ru,published,multilingual-cluster,6,1,10-best-text-to-video-ai-tools-2026,10-best-text-to-video-ai-tools-2026,10 лучших text-to-video AI-инструментов в 2026,02-Comparison/10-best-text-to-video-ai-tools-2026-ru.md
P3-published-reference,14,02-Comparison,pt,published,multilingual-cluster,6,1,ai-design-vs-diy-canva-time-comparison,ai-design-vs-diy-canva-time-comparison,Design com IA vs DIY no Canva — qual economiza mais tempo? Cronometramos os dois,02-Comparison/ai-design-vs-diy-canva-time-comparison-pt.md
P3-published-reference,14,02-Comparison,ru,published,multilingual-cluster,6,1,ai-design-vs-diy-canva-time-comparison,ai-design-vs-diy-canva-time-comparison,Дизайн с ИИ vs DIY в Canva — что экономит больше времени? Засекли по секундомеру,02-Comparison/ai-design-vs-diy-canva-time-comparison-ru.md
P3-published-reference,14,13-Onboarding,en,published,multilingual-cluster,6,1,05-pillar-getting-started-lovart,05-pillar-getting-started-lovart,Getting Started with Lovart: Your AI Design Journey (2026),13-Onboarding/05-pillar-getting-started-lovart.md
P3-published-reference,13,02-Comparison,ja,published,multilingual-cluster,2,1,mcot-vs-prompt-engineering-experiment,mcot-vs-prompt-engineering-experiment,【日本語】 MCoT vs Prompt Engineering — We Ran 100 Tests to See Which AI デザイン Approach Wins,02-Comparison/02-mcot-vs-prompt-engineering-experiment-ja.md
P3-published-reference,13,02-Comparison,zh-TW,published,multilingual-cluster,2,1,mcot-vs-prompt-engineering-experiment,mcot-vs-prompt-engineering-experiment,【繁體】 MCoT vs Prompt Engineering — We Ran 100 Tests to See Which AI 設計 Approach Wins,02-Comparison/02-mcot-vs-prompt-engineering-experiment-zhtw.md
P3-published-reference,11,01-How-To,pt,published,multilingual-cluster,6,1,how-to-chat-generate-any-design-type-lovart-agent,how-to-chat-generate-any-design-type-lovart-agent,Como gerar qualquer tipo de design no chat com Lovart — Guia completo de prompts para o Agent,01-How-To/how-to-chat-generate-any-design-type-lovart-agent-pt.md
P3-published-reference,11,01-How-To,ru,published,multilingual-cluster,6,1,how-to-chat-generate-any-design-type-lovart-agent,how-to-chat-generate-any-design-type-lovart-agent,Как в чате сгенерировать любой тип дизайна в Lovart — полное руководство по промптам для Agent,01-How-To/how-to-chat-generate-any-design-type-lovart-agent-ru.md
P3-published-reference,11,01-How-To,ru,published,multilingual-cluster,6,1,ultimate-guide-ai-design-agent-canvas-for-creators-business,ultimate-guide-ai-design-agent-canvas-for-creators-business,Полное руководство по AI Design Agent Canvas — создайте бренд с одного промпта,01-How-To/ultimate-guide-ai-design-agent-canvas-for-creators-business-ru.md
P3-published-reference,9,01-How-To,pt,published,multilingual-cluster,6,1,nano-banana-2-blind-test-50-designers,nano-banana-2-blind-test-50-designers,Teste às cegas do Nano Banana 2 — 50 designers compararam com Midjourney e DALL-E (e eis o que aconteceu),01-How-To/01-nano-banana-2-blind-test-50-designers-pt.md
P3-published-reference,9,01-How-To,ru,published,multilingual-cluster,6,1,nano-banana-2-blind-test-50-designers,nano-banana-2-blind-test-50-designers,Слепой тест Nano Banana 2 — 50 дизайнеров сравнили с Midjourney и DALL-E (что из этого вышло),01-How-To/01-nano-banana-2-blind-test-50-designers-ru.md
P3-published-reference,9,01-How-To,pt,published,multilingual-cluster,6,1,best-ai-design-tools-2026,best-ai-design-tools-2026,Melhores ferramentas de design com IA em 2026: guia completo de comparativo para criadores,01-How-To/01-pillar-best-ai-design-tools-pt.md
P3-published-reference,9,01-How-To,ru,published,multilingual-cluster,6,1,best-ai-design-tools-2026,best-ai-design-tools-2026,Лучшие ИИ-инструменты для дизайна 2026: полное сравнение для авторов контента,01-How-To/01-pillar-best-ai-design-tools-ru.md
P3-published-reference,9,01-How-To,pt,published,multilingual-cluster,6,1,complete-guide-text-to-video-image-to-video-ai,complete-guide-text-to-video-image-to-video-ai,Guia completo 2026: text-to-video e image-to-video com IA,01-How-To/complete-guide-text-to-video-image-to-video-ai-pt.md
P3-published-reference,9,01-How-To,ru,published,multilingual-cluster,6,1,complete-guide-text-to-video-image-to-video-ai,complete-guide-text-to-video-image-to-video-ai,Полный гайд 2026: text-to-video и image-to-video,01-How-To/complete-guide-text-to-video-image-to-video-ai-ru.md
P3-published-reference,8,01-How-To,ja,published,multilingual-cluster,4,1,design-fundamentals-non-designers,design-fundamentals-non-designers,【日本語】 デザイン Fundamentals for Non-デザインers: The AI-Assisted ガイド to Visual Mastery,01-How-To/01-pillar-design-fundamentals-ja.md
P3-published-reference,8,01-How-To,zh-TW,published,multilingual-cluster,4,1,design-fundamentals-non-designers,design-fundamentals-non-designers,【繁體】 設計 Fundamentals for Non-設計ers: The AI-Assisted 指南 to Visual Mastery,01-How-To/01-pillar-design-fundamentals-zhtw.md
P3-published-reference,8,02-Comparison,pt,published,multilingual-cluster,6,1,ai-creative-video-tools-compared,ai-creative-video-tools-compared,Tools de vídeo criativo IA: claymation vs loop vs fantasy,02-Comparison/ai-creative-video-tools-compared-pt.md
P3-published-reference,8,02-Comparison,ru,published,multilingual-cluster,6,1,ai-creative-video-tools-compared,ai-creative-video-tools-compared,Креативные ИИ-видео инструменты: claymation vs loop vs fantasy,02-Comparison/ai-creative-video-tools-compared-ru.md
P3-published-reference,8,02-Comparison,pt,published,multilingual-cluster,6,1,ai-templates-vs-ai-generation-comparison,ai-templates-vs-ai-generation-comparison,Templates de design com IA vs geração com IA — qual é melhor?,02-Comparison/ai-templates-vs-ai-generation-comparison-pt.md
P3-published-reference,8,02-Comparison,ru,published,multilingual-cluster,6,1,ai-templates-vs-ai-generation-comparison,ai-templates-vs-ai-generation-comparison,ИИ-шаблоны vs ИИ-генерация в дизайне — что лучше?,02-Comparison/ai-templates-vs-ai-generation-comparison-ru.md
P3-published-reference,6,01-How-To,ja,published,multilingual-cluster,3,1,community-year-end-showcase-2027,community-year-end-showcase-2027,【日本語】 Lovart Community Year-End Showcase: The デザインs That Defined Our 2027,01-How-To/02-community-year-end-showcase-ja.md
P3-published-reference,6,01-How-To,zh,published,multilingual-cluster,3,1,community-year-end-showcase-2027,community-year-end-showcase-2027,Lovart 社区年终展示：定义我们 2027 年的设计,01-How-To/02-community-year-end-showcase-zh.md
P3-published-reference,6,01-How-To,zh-TW,published,multilingual-cluster,3,1,community-year-end-showcase-2027,community-year-end-showcase-2027,【繁體】 Lovart Community Year-End Showcase: The 設計s That Defined Our 2027,01-How-To/02-community-year-end-showcase-zhtw.md
P3-published-reference,6,01-How-To,ja,published,multilingual-cluster,2,1,enterprise-agency-playbook-lovart,enterprise-agency-playbook-lovart,【日本語】 Agency Playbook: Managing 10+ Client ブランドs in Lovart Without Losing Your Mind,01-How-To/03-enterprise-agency-playbook-ja.md
P3-published-reference,6,01-How-To,zh-TW,published,multilingual-cluster,2,1,enterprise-agency-playbook-lovart,enterprise-agency-playbook-lovart,【繁體】 Agency Playbook: Managing 10+ Client 品牌s in Lovart Without Losing Your Mind,01-How-To/03-enterprise-agency-playbook-zhtw.md
P3-published-reference,4,01-How-To,ja,published,multilingual-cluster,6,1,nano-banana-2-blind-test-50-designers,nano-banana-2-blind-test-50-designers,【日本語】 Nano Banana 2 Blind Test — 50 デザインers Compared It to Midjourney & DALL-E (Here's What Happened),01-How-To/01-nano-banana-2-blind-test-50-designers-ja.md
P3-published-reference,4,01-How-To,zh-TW,published,multilingual-cluster,6,1,nano-banana-2-blind-test-50-designers,nano-banana-2-blind-test-50-designers,【繁體】 Nano Banana 2 Blind Test — 50 設計ers Compared It to Midjourney & DALL-E (Here's What Happened),01-How-To/01-nano-banana-2-blind-test-50-designers-zhtw.md
P3-published-reference,4,01-How-To,zh,published,multilingual-cluster,4,1,free-ai-design-tools-2026,free-ai-design-tools-2026,2026年免费AI设计工具：零成本打造专业级作品,01-How-To/02-cluster-free-ai-design-tools-zh.md
P3-published-reference,4,01-How-To,ja,published,multilingual-cluster,2,1,content-refresh-q4-2026-to-2027,content-refresh-q4-2026-to-2027,【日本語】 Q4 2026 Articles Refreshed for 2027: What Changed and Why It Matters,01-How-To/02-content-refresh-q4-reviews-ja.md
P3-published-reference,4,01-How-To,zh-TW,published,multilingual-cluster,2,1,content-refresh-q4-2026-to-2027,content-refresh-q4-2026-to-2027,【繁體】 Q4 2026 Articles Refreshed for 2027: What Changed and Why It Matters,01-How-To/02-content-refresh-q4-reviews-zhtw.md
P3-published-reference,4,10-Ethics-Legal,en,published,multilingual-cluster,4,1,ai-art-copyright-2026,ai-art-copyright-2026,AI Art Copyright 2026: The Complete Legal Guide for Creators and Brands,10-Ethics-Legal/02-ethics-ai-art-copyright.md
P3-published-reference,3,01-How-To,pt,published,multilingual-cluster,6,1,how-to-choose-ai-video-model,how-to-choose-ai-video-model,"Como escolher o modelo de vídeo com IA certo — Sora, Kling, Veo e mais",01-How-To/how-to-choose-ai-video-model-pt.md
P3-published-reference,3,01-How-To,ru,published,multilingual-cluster,6,1,how-to-choose-ai-video-model,how-to-choose-ai-video-model,"Как выбрать AI-модель для видео — Sora, Kling, Veo и другие",01-How-To/how-to-choose-ai-video-model-ru.md
P3-published-reference,3,01-How-To,pt,published,multilingual-cluster,6,1,ultimate-guide-ai-design-agent-canvas-for-creators-business,ultimate-guide-ai-design-agent-canvas-for-creators-business,Guia Definitivo do Canvas do Agente de Design com IA — Cocrie sua Marca com um Único Prompt,01-How-To/ultimate-guide-ai-design-agent-canvas-for-creators-business-pt.md
P3-published-reference,-1,08-Best-Practice,pt,published,multilingual-cluster,6,1,auto-resize-multi-platform-workflow-ai,auto-resize-multi-platform-workflow-ai,"Workflow Auto-Resize multiplataforma — um design, todas as redes",08-Best-Practice/auto-resize-multi-platform-workflow-ai-pt.md
P3-published-reference,-1,08-Best-Practice,ru,published,multilingual-cluster,6,1,auto-resize-multi-platform-workflow-ai,auto-resize-multi-platform-workflow-ai,"Auto-Resize для всех платформ — один макет, все соцсети",08-Best-Practice/auto-resize-multi-platform-workflow-ai-ru.md
P3-published-reference,-2,01-How-To,zh,published,multilingual-cluster,4,1,design-fundamentals-non-designers,design-fundamentals-non-designers,非设计师的设计基础：AI 辅助的视觉精通指南,01-How-To/01-pillar-design-fundamentals-zh.md
P3-published-reference,-2,01-How-To,ja,published,multilingual-cluster,3,1,bing-seo-underestimated-growth-channel,bing-seo-underestimated-growth-channel,【日本語】 Bing SEO Is the Most Underestimated Growth Channel for AI デザイン ツール,01-How-To/08-bing-seo-underestimated-growth-channel-ja.md
P3-published-reference,-2,01-How-To,zh,published,multilingual-cluster,3,1,bing-seo-underestimated-growth-channel,bing-seo-underestimated-growth-channel,Bing SEO 是 AI 设计工具最被低估的增长渠道,01-How-To/08-bing-seo-underestimated-growth-channel-zh.md
P3-published-reference,-2,01-How-To,zh-TW,published,multilingual-cluster,3,1,bing-seo-underestimated-growth-channel,bing-seo-underestimated-growth-channel,【繁體】 Bing SEO Is the Most Underestimated Growth Channel for AI 設計 工具,01-How-To/08-bing-seo-underestimated-growth-channel-zhtw.md
P3-published-reference,-6,07-Seasonal,ja,published,multilingual-cluster,2,1,halloween-restaurant-marketing-guide-2027,halloween-restaurant-marketing-guide-2027,【日本語】 Restaurant Halloween マーケティング ガイド 2027: How AI デザイン Transforms Your Seasonal Campaign,07-Seasonal/02-seasonal-halloween-restaurant-guide-ja.md
P3-published-reference,-6,07-Seasonal,zh-TW,published,multilingual-cluster,2,1,halloween-restaurant-marketing-guide-2027,halloween-restaurant-marketing-guide-2027,【繁體】 Restaurant Halloween 行銷 指南 2027: How AI 設計 Transforms Your Seasonal Campaign,07-Seasonal/02-seasonal-halloween-restaurant-guide-zhtw.md
P3-published-reference,-8,03-Industry-Segment,ja,published,multilingual-cluster,2,1,ai-design-for-nonprofits,ai-design-for-nonprofits,【日本語】 AI デザイン for Nonprofits: Maximize Impact on a Budget,03-Industry-Segment/02-segment-nonprofit-design-ja.md
P3-published-reference,-8,03-Industry-Segment,zh-TW,published,multilingual-cluster,2,1,ai-design-for-nonprofits,ai-design-for-nonprofits,【繁體】 AI 設計 for Nonprofits: Maximize Impact on a Budget,03-Industry-Segment/02-segment-nonprofit-design-zhtw.md
P3-published-reference,-8,03-Industry-Segment,ja,published,multilingual-cluster,3,1,content-refresh-industry-segments-2027,content-refresh-industry-segments-2027,【日本語】 Industry Segment Articles Refreshed for 2027: Keeping Vertical コンテンツ Current,03-Industry-Segment/03-content-refresh-segment-refresh-ja.md
P3-published-reference,-8,03-Industry-Segment,zh,published,multilingual-cluster,3,1,content-refresh-industry-segments-2027,content-refresh-industry-segments-2027,2027年行业细分文章更新：保持垂直内容与时俱进,03-Industry-Segment/03-content-refresh-segment-refresh-zh.md
P3-published-reference,-8,03-Industry-Segment,zh-TW,published,multilingual-cluster,3,1,content-refresh-industry-segments-2027,content-refresh-industry-segments-2027,【繁體】 Industry Segment Articles Refreshed for 2027: Keeping Vertical 內容 Current,03-Industry-Segment/03-content-refresh-segment-refresh-zhtw.md
P3-published-reference,-8,10-Ethics-Legal,ja,published,multilingual-cluster,4,1,ai-art-copyright-2026,ai-art-copyright-2026,【日本語】 AI Art Copyright 2026: The 完全 Legal ガイド for Creators and ブランドs,10-Ethics-Legal/02-ethics-ai-art-copyright-ja.md
P3-published-reference,-8,10-Ethics-Legal,zh-TW,published,multilingual-cluster,4,1,ai-art-copyright-2026,ai-art-copyright-2026,【繁體】 AI Art Copyright 2026: The 完整 Legal 指南 for Creators and 品牌s,10-Ethics-Legal/02-ethics-ai-art-copyright-zhtw.md
P3-published-reference,-8,13-Onboarding,zh,published,multilingual-cluster,6,1,05-pillar-getting-started-lovart,05-pillar-getting-started-lovart,Lovart 入门指南：你的 AI 设计之旅 (2026),13-Onboarding/05-pillar-getting-started-lovart-zh.md
P3-published-reference,-10,05-Insight-Trend,ja,published,multilingual-cluster,2,1,insight-2027-content-year-summary,insight-2027-content-year-summary,【日本語】 Lovart 2027: A Year in コンテンツ & Community — The Full Recap,05-Insight-Trend/01-insight-2027-content-year-summary-ja.md
P3-published-reference,-10,05-Insight-Trend,zh-TW,published,multilingual-cluster,2,1,insight-2027-content-year-summary,insight-2027-content-year-summary,【繁體】 Lovart 2027: A Year in 內容 & Community — The Full Recap,05-Insight-Trend/01-insight-2027-content-year-summary-zhtw.md
P3-published-reference,-11,11-Programmatic-SEO,pt,published,multilingual-cluster,3,1,brand-kit-digital-agency-lovart,brand-kit-digital-agency-lovart,Brand Kit para agências digitais: guia de identidade visual com o agente de design Lovart,11-Programmatic-SEO/brand-kit-digital-agency-lovart-pt.md
P3-published-reference,-11,11-Programmatic-SEO,ru,published,multilingual-cluster,3,1,brand-kit-digital-agency-lovart,brand-kit-digital-agency-lovart,Brand Kit для digital-агентства: гайд по визуальной идентичности с AI-агентом Lovart,11-Programmatic-SEO/brand-kit-digital-agency-lovart-ru.md
P3-published-reference,-13,06-Case-Study,pt,published,multilingual-cluster,6,1,seedance-video-production-workflow-case-study,seedance-video-production-workflow-case-study,Workflow Seedance — estudo de caso: 30 vídeos em 8 dias,06-Case-Study/seedance-video-production-workflow-case-study-pt.md
P3-published-reference,-13,06-Case-Study,ru,published,multilingual-cluster,6,1,seedance-video-production-workflow-case-study,seedance-video-production-workflow-case-study,Seedance workflow — кейс: 30 видео за 8 дней,06-Case-Study/seedance-video-production-workflow-case-study-ru.md
P3-published-reference,-13,13-Onboarding,pt,published,multilingual-cluster,6,1,05-pillar-getting-started-lovart,05-pillar-getting-started-lovart,Primeiros passos com Lovart: sua jornada de design com IA (2026),13-Onboarding/05-pillar-getting-started-lovart-pt.md
P3-published-reference,-13,13-Onboarding,ru,published,multilingual-cluster,6,1,05-pillar-getting-started-lovart,05-pillar-getting-started-lovart,С чего начать в Lovart: ваш путь в AI-дизайне (2026),13-Onboarding/05-pillar-getting-started-lovart-ru.md
P3-published-reference,-18,04-Career,ja,published,multilingual-cluster,2,1,freelance-designer-complete-workflow-lovart,freelance-designer-complete-workflow-lovart,【日本語】 The Freelance デザインer's 完全 Workflow with Lovart,04-Career/01-career-freelance-designer-workflow-ja.md
P3-published-reference,-18,04-Career,zh-TW,published,multilingual-cluster,2,1,freelance-designer-complete-workflow-lovart,freelance-designer-complete-workflow-lovart,【繁體】 The Freelance 設計er's 完整 Workflow with Lovart,04-Career/01-career-freelance-designer-workflow-zhtw.md
P3-published-reference,-18,05-Insight-Trend,ja,published,multilingual-cluster,2,1,insight-2027-ai-design-year-review,insight-2027-ai-design-year-review,【日本語】 2027 AI デザイン Year in レビュー: The Year デザイン Went Agentic,05-Insight-Trend/01-insight-2027-ai-design-year-review-ja.md
P3-published-reference,-18,05-Insight-Trend,zh-TW,published,multilingual-cluster,2,1,insight-2027-ai-design-year-review,insight-2027-ai-design-year-review,【繁體】 2027 AI 設計 Year in 評測: The Year 設計 Went Agentic,05-Insight-Trend/01-insight-2027-ai-design-year-review-zhtw.md
P3-published-reference,-18,05-Insight-Trend,ja,published,multilingual-cluster,3,1,insight-2028-design-trends,insight-2028-design-trends,【日本語】 2028 デザイン Trend Predictions: What Comes After the Agent Era,05-Insight-Trend/01-insight-2028-design-trends-ja.md
P3-published-reference,-18,05-Insight-Trend,zh,已发布,multilingual-cluster,3,1,insight-2028-design-trends,insight-2028-design-trends,2028年设计趋势预测：智能体时代之后是什么？,05-Insight-Trend/01-insight-2028-design-trends-zh.md
P3-published-reference,-18,05-Insight-Trend,zh-TW,published,multilingual-cluster,3,1,insight-2028-design-trends,insight-2028-design-trends,【繁體】 2028 設計 Trend Predictions: What Comes After the Agent Era,05-Insight-Trend/01-insight-2028-design-trends-zhtw.md
P3-published-reference,-18,05-Insight-Trend,ja,published,multilingual-cluster,3,1,resource-2027-design-trend-report,resource-2027-design-trend-report,【日本語】 2027 デザイン Trend Report: The Visual Language of the Agentic Era,05-Insight-Trend/02-resource-2027-design-trend-report-ja.md
P3-published-reference,-18,05-Insight-Trend,zh,published,multilingual-cluster,3,1,resource-2027-design-trend-report,resource-2027-design-trend-report,2027 设计趋势报告：智能体时代的视觉语言,05-Insight-Trend/02-resource-2027-design-trend-report-zh.md
P3-published-reference,-18,05-Insight-Trend,zh-TW,published,multilingual-cluster,3,1,resource-2027-design-trend-report,resource-2027-design-trend-report,【繁體】 2027 設計 Trend Report: The Visual Language of the Agentic Era,05-Insight-Trend/02-resource-2027-design-trend-report-zhtw.md
P3-published-reference,-20,04-Career,ja,published,multilingual-cluster,2,1,ai-design-portfolio-interview-2026,ai-design-portfolio-interview-2026,【日本語】 AI デザイン Portfolio & Interview ガイド — 方法 Land a デザイン Job in the AI Era,04-Career/03-ai-design-portfolio-interview-2026-ja.md
P3-published-reference,-20,04-Career,zh-TW,published,multilingual-cluster,2,1,ai-design-portfolio-interview-2026,ai-design-portfolio-interview-2026,【繁體】 AI 設計 Portfolio & Interview 指南 — 如何 Land a 設計 Job in the AI Era,04-Career/03-ai-design-portfolio-interview-2026-zhtw.md
P3-published-reference,-21,07-Seasonal,pt,published,multilingual-cluster,4,1,bfcm-ecommerce-visual-strategy-2027,bfcm-ecommerce-visual-strategy-2027,Estratégia visual BFCM para e-commerce: guia com design por IA (2027),07-Seasonal/02-seasonal-bfcm-ecommerce-guide-pt.md
P3-published-reference,-21,07-Seasonal,ru,published,multilingual-cluster,4,1,bfcm-ecommerce-visual-strategy-2027,bfcm-ecommerce-visual-strategy-2027,Визуальная стратегия BFCM для e-commerce: гайд с AI-дизайном (2027),07-Seasonal/02-seasonal-bfcm-ecommerce-guide-ru.md
P3-published-reference,-24,07-Seasonal,ja,published,multilingual-cluster,4,1,bfcm-ecommerce-visual-strategy-2027,bfcm-ecommerce-visual-strategy-2027,【日本語】 BFCM E-commerce Visual 戦略: The 究極 ガイド to Converting Shoppers with AI-Powered デザイン,07-Seasonal/02-seasonal-bfcm-ecommerce-guide-ja.md
P3-published-reference,-24,07-Seasonal,zh-TW,published,multilingual-cluster,4,1,bfcm-ecommerce-visual-strategy-2027,bfcm-ecommerce-visual-strategy-2027,【繁體】 BFCM E-commerce Visual 策略: The 終極 指南 to Converting Shoppers with AI-Powered 設計,07-Seasonal/02-seasonal-bfcm-ecommerce-guide-zhtw.md
P3-published-reference,-24,07-Seasonal,ja,published,multilingual-cluster,2,1,year-in-review-templates-2027,year-in-review-templates-2027,【日本語】 Year-in-レビュー デザイン Templates 2027: Turn Your Annual Story Into Stunning Visuals,07-Seasonal/02-year-in-review-templates-2027-ja.md
P3-published-reference,-24,07-Seasonal,zh-TW,published,multilingual-cluster,2,1,year-in-review-templates-2027,year-in-review-templates-2027,【繁體】 Year-in-評測 設計 Templates 2027: Turn Your Annual Story Into Stunning Visuals,07-Seasonal/02-year-in-review-templates-2027-zhtw.md
P3-published-reference,-24,10-Ethics-Legal,ja,published,multilingual-cluster,2,1,enterprise-gdpr-compliance-lovart,enterprise-gdpr-compliance-lovart,【日本語】 GDPR & AI デザイン: How Lovart Keeps Your クリエイティブ Workflow Compliant,10-Ethics-Legal/02-enterprise-gdpr-compliance-ja.md
P3-published-reference,-24,10-Ethics-Legal,zh-TW,published,multilingual-cluster,2,1,enterprise-gdpr-compliance-lovart,enterprise-gdpr-compliance-lovart,【繁體】 GDPR & AI 設計: How Lovart Keeps Your 創意 Workflow Compliant,10-Ethics-Legal/02-enterprise-gdpr-compliance-zhtw.md
P3-published-reference,-26,04-Career,ja,published,multilingual-cluster,2,1,traditional-designer-to-ai-designer-transition,traditional-designer-to-ai-designer-transition,【日本語】 From Photoshop to AI Agent — A Traditional デザインer's Transition ガイド,04-Career/04-traditional-designer-to-ai-designer-transition-ja.md
P3-published-reference,-26,04-Career,zh-TW,published,multilingual-cluster,2,1,traditional-designer-to-ai-designer-transition,traditional-designer-to-ai-designer-transition,【繁體】 From Photoshop to AI Agent — A Traditional 設計er's Transition 指南,04-Career/04-traditional-designer-to-ai-designer-transition-zhtw.md
P3-published-reference,-26,10-Ethics-Legal,zh,published,multilingual-cluster,4,1,ai-art-copyright-2026,ai-art-copyright-2026,AI 艺术版权 2026：创作者与品牌的完整法律指南,10-Ethics-Legal/02-ethics-ai-art-copyright-zh.md
P3-published-reference,-32,10-Ethics-Legal,ja,published,multilingual-cluster,3,1,ai-design-disclosure-ethics,ai-design-disclosure-ethics,【日本語】 AI デザイン Disclosure: Should You Tell Clients You Used AI?,10-Ethics-Legal/03-ethics-ai-design-disclosure-ja.md
P3-published-reference,-32,10-Ethics-Legal,zh,published,multilingual-cluster,3,1,ai-design-disclosure-ethics,ai-design-disclosure-ethics,AI 设计披露：你应该告诉客户你使用了 AI 吗？,10-Ethics-Legal/03-ethics-ai-design-disclosure-zh.md
P3-published-reference,-32,10-Ethics-Legal,zh-TW,published,multilingual-cluster,3,1,ai-design-disclosure-ethics,ai-design-disclosure-ethics,【繁體】 AI 設計 Disclosure: Should You Tell Clients You Used AI?,10-Ethics-Legal/03-ethics-ai-design-disclosure-zhtw.md
